time,V(in),V(out),I(Vac)
0.000000000e+00,0.000000000e+00,0.000000000e+00,-0.000000000e+00
2.000000000e-05,3.141571983e-02,1.570707448e-06,-3.141414912e-04
4.000000000e-05,6.283019942e-02,3.141352887e-06,-6.282705807e-04
6.000000000e-05,9.424219858e-02,4.711874312e-06,-9.423748671e-04
8.000000000e-05,1.256504772e-01,6.282209719e-06,-1.256441950e-03
1.000000000e-04,1.570537954e-01,7.852297115e-06,-1.570459431e-03
1.200000000e-04,1.884509133e-01,9.422074517e-06,-1.884414913e-03
1.400000000e-04,2.198405916e-01,1.099147995e-05,-2.198296001e-03
1.600000000e-04,2.512215909e-01,1.256045146e-05,-2.512090305e-03
1.800000000e-04,2.825926724e-01,1.412892710e-05,-2.825785435e-03
2.000000000e-04,3.139525976e-01,1.569684496e-05,-3.139369008e-03
2.200000000e-04,3.453001286e-01,1.726414314e-05,-3.452828645e-03
2.400000000e-04,3.766340276e-01,1.883075975e-05,-3.766151969e-03
2.600000000e-04,4.079530578e-01,2.039663296e-05,-4.079326612e-03
2.800000000e-04,4.392559828e-01,2.196170094e-05,-4.392340211e-03
3.000000000e-04,4.705415666e-01,2.352590192e-05,-4.705180407e-03
3.200000000e-04,5.018085743e-01,2.508917413e-05,-5.017834851e-03
3.400000000e-04,5.330557714e-01,2.665145586e-05,-5.330291200e-03
3.600000000e-04,5.642819244e-01,2.821268544e-05,-5.642537117e-03
3.800000000e-04,5.954858005e-01,2.977280123e-05,-5.954560277e-03
4.000000000e-04,6.266661678e-01,3.133174165e-05,-6.266348361e-03
4.200000000e-04,6.578217955e-01,3.288944514e-05,-6.577889061e-03
4.400000000e-04,6.889514534e-01,3.444585021e-05,-6.889170076e-03
4.600000000e-04,7.200539128e-01,3.600089541e-05,-7.200179119e-03
4.800000000e-04,7.511279456e-01,3.755451937e-05,-7.510903912e-03
5.000000000e-04,7.821723252e-01,3.910666073e-05,-7.821332186e-03
5.200000000e-04,8.131858260e-01,4.065725823e-05,-8.131451688e-03
5.400000000e-04,8.441672236e-01,4.220625065e-05,-8.441250174e-03
5.600000000e-04,8.751152949e-01,4.375357685e-05,-8.750715414e-03
5.800000000e-04,9.060288181e-01,4.529917572e-05,-9.059835191e-03
6.000000000e-04,9.369065729e-01,4.684298626e-05,-9.368597300e-03
6.200000000e-04,9.677473403e-01,4.838494752e-05,-9.676989554e-03
6.400000000e-04,9.985499026e-01,4.992499863e-05,-9.984999777e-03
6.600000000e-04,1.029313044e+00,5.146307878e-05,-1.029261581e-02
6.800000000e-04,1.060035550e+00,5.299912726e-05,-1.059982551e-02
7.000000000e-04,1.090716207e+00,5.453308342e-05,-1.090661674e-02
7.200000000e-04,1.121353805e+00,5.606488671e-05,-1.121297740e-02
7.400000000e-04,1.151947133e+00,5.759447666e-05,-1.151889539e-02
7.600000000e-04,1.182494985e+00,5.912179287e-05,-1.182435863e-02
7.800000000e-04,1.212996154e+00,6.064677506e-05,-1.212935507e-02
8.000000000e-04,1.243449436e+00,6.216936301e-05,-1.243387267e-02
8.200000000e-04,1.273853628e+00,6.368949663e-05,-1.273789939e-02
8.400000000e-04,1.304207531e+00,6.520711589e-05,-1.304142324e-02
8.600000000e-04,1.334509947e+00,6.672216089e-05,-1.334443225e-02
8.800000000e-04,1.364759678e+00,6.823457181e-05,-1.364691443e-02
9.000000000e-04,1.394955530e+00,6.974428895e-05,-1.394885786e-02
9.200000000e-04,1.425096312e+00,7.125125270e-05,-1.425025061e-02
9.400000000e-04,1.455180834e+00,7.275540357e-05,-1.455108079e-02
9.600000000e-04,1.485207908e+00,7.425668219e-05,-1.485133651e-02
9.800000000e-04,1.515176348e+00,7.575502928e-05,-1.515100593e-02
1.000000000e-03,1.545084972e+00,7.725038569e-05,-1.545007722e-02
1.020000000e-03,1.574932598e+00,7.874269239e-05,-1.574853856e-02
1.040000000e-03,1.604718049e+00,8.023189046e-05,-1.604637817e-02
1.060000000e-03,1.634440148e+00,8.171792111e-05,-1.634358431e-02
1.080000000e-03,1.664097723e+00,8.320072568e-05,-1.664014522e-02
1.100000000e-03,1.693689601e+00,8.468024563e-05,-1.693604921e-02
1.120000000e-03,1.723214616e+00,8.615642254e-05,-1.723128460e-02
1.140000000e-03,1.752671601e+00,8.762919815e-05,-1.752583972e-02
1.160000000e-03,1.782059394e+00,8.909851431e-05,-1.781970295e-02
1.180000000e-03,1.811376834e+00,9.056431301e-05,-1.811286269e-02
1.200000000e-03,1.840622763e+00,9.202653638e-05,-1.840530737e-02
1.220000000e-03,1.869796029e+00,9.348512671e-05,-1.869702544e-02
1.240000000e-03,1.898895478e+00,9.494002640e-05,-1.898800538e-02
1.260000000e-03,1.927919961e+00,9.639117803e-05,-1.927823570e-02
1.280000000e-03,1.956868334e+00,9.783852429e-05,-1.956770496e-02
1.300000000e-03,1.985739453e+00,9.928200806e-05,-1.985640171e-02
1.320000000e-03,2.014532179e+00,1.007215723e-04,-2.014431457e-02
1.340000000e-03,2.043245374e+00,1.021571603e-04,-2.043143217e-02
1.360000000e-03,2.071877905e+00,1.035887153e-04,-2.071774316e-02
1.380000000e-03,2.100428642e+00,1.050161808e-04,-2.100323626e-02
1.400000000e-03,2.128896458e+00,1.064395004e-04,-2.128790019e-02
1.420000000e-03,2.157280228e+00,1.078586180e-04,-2.157172370e-02
1.440000000e-03,2.185578833e+00,1.092734774e-04,-2.185469560e-02
1.460000000e-03,2.213791155e+00,1.106840230e-04,-2.213680471e-02
1.480000000e-03,2.241916080e+00,1.120901990e-04,-2.241803990e-02
1.500000000e-03,2.269952499e+00,1.134919498e-04,-2.269839007e-02
1.520000000e-03,2.297899303e+00,1.148892201e-04,-2.297784414e-02
1.540000000e-03,2.325755390e+00,1.162819548e-04,-2.325639109e-02
1.560000000e-03,2.353519661e+00,1.176700989e-04,-2.353401991e-02
1.580000000e-03,2.381191018e+00,1.190535976e-04,-2.381071965e-02
1.600000000e-03,2.408768371e+00,1.204323963e-04,-2.408647938e-02
1.620000000e-03,2.436250629e+00,1.218064405e-04,-2.436128822e-02
1.640000000e-03,2.463636708e+00,1.231756760e-04,-2.463513532e-02
1.660000000e-03,2.490925527e+00,1.245400487e-04,-2.490800987e-02
1.680000000e-03,2.518116008e+00,1.258995048e-04,-2.517990109e-02
1.700000000e-03,2.545207079e+00,1.272539906e-04,-2.545079825e-02
1.720000000e-03,2.572197669e+00,1.286034526e-04,-2.572069066e-02
1.740000000e-03,2.599086713e+00,1.299478376e-04,-2.598956766e-02
1.760000000e-03,2.625873150e+00,1.312870925e-04,-2.625741863e-02
1.780000000e-03,2.652555922e+00,1.326211644e-04,-2.652423301e-02
1.800000000e-03,2.679133975e+00,1.339500006e-04,-2.679000025e-02
1.820000000e-03,2.705606261e+00,1.352735487e-04,-2.705470987e-02
1.840000000e-03,2.731971734e+00,1.365917564e-04,-2.731835142e-02
1.860000000e-03,2.758229353e+00,1.379045717e-04,-2.758091449e-02
1.880000000e-03,2.784378082e+00,1.392119428e-04,-2.784238871e-02
1.900000000e-03,2.810416889e+00,1.405138181e-04,-2.810276376e-02
1.920000000e-03,2.836344746e+00,1.418101461e-04,-2.836202936e-02
1.940000000e-03,2.862160628e+00,1.431008756e-04,-2.862017527e-02
1.960000000e-03,2.887863517e+00,1.443859558e-04,-2.887719131e-02
1.980000000e-03,2.913452398e+00,1.456653359e-04,-2.913306733e-02
2.000000000e-03,2.938926261e+00,1.469389654e-04,-2.938779323e-02
2.020000000e-03,2.964284101e+00,1.482067940e-04,-2.964135894e-02
2.040000000e-03,2.989524915e+00,1.494687716e-04,-2.989375447e-02
2.060000000e-03,3.014647708e+00,1.507248484e-04,-3.014496984e-02
2.080000000e-03,3.039651488e+00,1.519749749e-04,-3.039499514e-02
2.100000000e-03,3.064535268e+00,1.532191017e-04,-3.064382049e-02
2.120000000e-03,3.089298065e+00,1.544571796e-04,-3.089143609e-02
2.140000000e-03,3.113938902e+00,1.556891599e-04,-3.113783214e-02
2.160000000e-03,3.138456806e+00,1.569149938e-04,-3.138299892e-02
2.180000000e-03,3.162850810e+00,1.581346330e-04,-3.162692675e-02
2.200000000e-03,3.187119949e+00,1.593480292e-04,-3.186960601e-02
2.220000000e-03,3.211263266e+00,1.605551347e-04,-3.211102711e-02
2.240000000e-03,3.235279808e+00,1.617559018e-04,-3.235118052e-02
2.260000000e-03,3.259168627e+00,1.629502830e-04,-3.259005677e-02
2.280000000e-03,3.282928779e+00,1.641382312e-04,-3.282764641e-02
2.300000000e-03,3.306559327e+00,1.653196995e-04,-3.306394007e-02
2.320000000e-03,3.330059337e+00,1.664946413e-04,-3.329892843e-02
2.340000000e-03,3.353427883e+00,1.676630101e-04,-3.353260220e-02
2.360000000e-03,3.376664041e+00,1.688247599e-04,-3.376495216e-02
2.380000000e-03,3.399766894e+00,1.699798448e-04,-3.399596914e-02
2.400000000e-03,3.422735530e+00,1.711282192e-04,-3.422564402e-02
2.420000000e-03,3.445569042e+00,1.722698377e-04,-3.445396772e-02
2.440000000e-03,3.468266529e+00,1.734046554e-04,-3.468093125e-02
2.460000000e-03,3.490827095e+00,1.745326272e-04,-3.490652563e-02
2.480000000e-03,3.513249849e+00,1.756537089e-04,-3.513074196e-02
2.500000000e-03,3.535533906e+00,1.767678560e-04,-3.535357138e-02
2.520000000e-03,3.557678386e+00,1.778750247e-04,-3.557500511e-02
2.540000000e-03,3.579682415e+00,1.789751711e-04,-3.579503440e-02
2.560000000e-03,3.601545124e+00,1.800682519e-04,-3.601365057e-02
2.580000000e-03,3.623265651e+00,1.811542239e-04,-3.623084497e-02
2.600000000e-03,3.644843137e+00,1.822330443e-04,-3.644660904e-02
2.620000000e-03,3.666276731e+00,1.833046704e-04,-3.666093427e-02
2.640000000e-03,3.687565587e+00,1.843690600e-04,-3.687381218e-02
2.660000000e-03,3.708708864e+00,1.854261709e-04,-3.708523438e-02
2.680000000e-03,3.729705727e+00,1.864759616e-04,-3.729519252e-02
2.700000000e-03,3.750555348e+00,1.875183906e-04,-3.750367830e-02
2.720000000e-03,3.771256904e+00,1.885534166e-04,-3.771068351e-02
2.740000000e-03,3.791809576e+00,1.895809988e-04,-3.791619996e-02
2.760000000e-03,3.812212555e+00,1.906010967e-04,-3.812021954e-02
2.780000000e-03,3.832465034e+00,1.916136701e-04,-3.832273421e-02
2.800000000e-03,3.852566214e+00,1.926186788e-04,-3.852373596e-02
2.820000000e-03,3.872515301e+00,1.936160833e-04,-3.872321685e-02
2.840000000e-03,3.892311508e+00,1.946058441e-04,-3.892116902e-02
2.860000000e-03,3.911954053e+00,1.955879223e-04,-3.911758465e-02
2.880000000e-03,3.931442161e+00,1.965622789e-04,-3.931245599e-02
2.900000000e-03,3.950775062e+00,1.975288757e-04,-3.950577533e-02
2.920000000e-03,3.969951993e+00,1.984876743e-04,-3.969753506e-02
2.940000000e-03,3.988972198e+00,1.994386370e-04,-3.988772759e-02
2.960000000e-03,4.007834924e+00,2.003817261e-04,-4.007634543e-02
2.980000000e-03,4.026539429e+00,2.013169046e-04,-4.026338112e-02
3.000000000e-03,4.045084972e+00,2.022441354e-04,-4.044882728e-02
3.020000000e-03,4.063470822e+00,2.031633819e-04,-4.063267659e-02
3.040000000e-03,4.081696254e+00,2.040746079e-04,-4.081492179e-02
3.060000000e-03,4.099760547e+00,2.049777774e-04,-4.099555569e-02
3.080000000e-03,4.117662988e+00,2.058728547e-04,-4.117457116e-02
3.100000000e-03,4.135402871e+00,2.067598045e-04,-4.135196112e-02
3.120000000e-03,4.152979496e+00,2.076385918e-04,-4.152771858e-02
3.140000000e-03,4.170392168e+00,2.085091819e-04,-4.170183659e-02
3.160000000e-03,4.187640200e+00,2.093715404e-04,-4.187430829e-02
3.180000000e-03,4.204722911e+00,2.102256332e-04,-4.204512686e-02
3.200000000e-03,4.221639628e+00,2.110714267e-04,-4.221428557e-02
3.220000000e-03,4.238389680e+00,2.119088875e-04,-4.238177772e-02
3.240000000e-03,4.254972409e+00,2.127379825e-04,-4.254759671e-02
3.260000000e-03,4.271387158e+00,2.135586789e-04,-4.271173600e-02
3.280000000e-03,4.287633281e+00,2.143709444e-04,-4.287418910e-02
3.300000000e-03,4.303710135e+00,2.151747469e-04,-4.303494961e-02
3.320000000e-03,4.319617086e+00,2.159700547e-04,-4.319401116e-02
3.340000000e-03,4.335353506e+00,2.167568364e-04,-4.335136749e-02
3.360000000e-03,4.350918773e+00,2.175350608e-04,-4.350701239e-02
3.380000000e-03,4.366312274e+00,2.183046974e-04,-4.366093970e-02
3.400000000e-03,4.381533400e+00,2.190657156e-04,-4.381314335e-02
3.420000000e-03,4.396581551e+00,2.198180855e-04,-4.396361733e-02
3.440000000e-03,4.411456132e+00,2.205617774e-04,-4.411235571e-02
3.460000000e-03,4.426156557e+00,2.212967619e-04,-4.425935260e-02
3.480000000e-03,4.440682244e+00,2.220230099e-04,-4.440460222e-02
3.500000000e-03,4.455032621e+00,2.227404929e-04,-4.454809881e-02
3.520000000e-03,4.469207121e+00,2.234491825e-04,-4.468983672e-02
3.540000000e-03,4.483205184e+00,2.241490506e-04,-4.482981035e-02
3.560000000e-03,4.497026258e+00,2.248400698e-04,-4.496801418e-02
3.580000000e-03,4.510669797e+00,2.255222126e-04,-4.510444275e-02
3.600000000e-03,4.524135262e+00,2.261954522e-04,-4.523909067e-02
3.620000000e-03,4.537422123e+00,2.268597620e-04,-4.537195263e-02
3.640000000e-03,4.550529853e+00,2.275151158e-04,-4.550302339e-02
3.660000000e-03,4.563457937e+00,2.281614876e-04,-4.563229776e-02
3.680000000e-03,4.576205863e+00,2.287988521e-04,-4.575977065e-02
3.700000000e-03,4.588773128e+00,2.294271839e-04,-4.588543702e-02
3.720000000e-03,4.601159237e+00,2.300464584e-04,-4.600929191e-02
3.740000000e-03,4.613363699e+00,2.306566510e-04,-4.613133043e-02
3.760000000e-03,4.625386034e+00,2.312577377e-04,-4.625154777e-02
3.780000000e-03,4.637225767e+00,2.318496947e-04,-4.636993917e-02
3.800000000e-03,4.648882429e+00,2.324324987e-04,-4.648649997e-02
3.820000000e-03,4.660355562e+00,2.330061266e-04,-4.660122557e-02
3.840000000e-03,4.671644712e+00,2.335705559e-04,-4.671411142e-02
3.860000000e-03,4.682749434e+00,2.341257642e-04,-4.682515308e-02
3.880000000e-03,4.693669288e+00,2.346717297e-04,-4.693434617e-02
3.900000000e-03,4.704403845e+00,2.352084306e-04,-4.704168637e-02
3.920000000e-03,4.714952679e+00,2.357358460e-04,-4.714716944e-02
3.940000000e-03,4.725315376e+00,2.362539549e-04,-4.725079122e-02
3.960000000e-03,4.735491525e+00,2.367627369e-04,-4.735254763e-02
3.980000000e-03,4.745480725e+00,2.372621720e-04,-4.745243463e-02
4.000000000e-03,4.755282581e+00,2.377522403e-04,-4.755044830e-02
4.020000000e-03,4.764896708e+00,2.382329225e-04,-4.764658475e-02
4.040000000e-03,4.774322724e+00,2.387041998e-04,-4.774084020e-02
4.060000000e-03,4.783560258e+00,2.391660534e-04,-4.783321092e-02
4.080000000e-03,4.792608945e+00,2.396184651e-04,-4.792369327e-02
4.100000000e-03,4.801468428e+00,2.400614171e-04,-4.801228367e-02
4.120000000e-03,4.810138358e+00,2.404948919e-04,-4.809897864e-02
4.140000000e-03,4.818618391e+00,2.409188724e-04,-4.818377473e-02
4.160000000e-03,4.826908194e+00,2.413333418e-04,-4.826666861e-02
4.180000000e-03,4.835007439e+00,2.417382838e-04,-4.834765701e-02
4.200000000e-03,4.842915806e+00,2.421336824e-04,-4.842673672e-02
4.220000000e-03,4.850632982e+00,2.425195219e-04,-4.850390463e-02
4.240000000e-03,4.858158665e+00,2.428957872e-04,-4.857915769e-02
4.260000000e-03,4.865492555e+00,2.432624634e-04,-4.865249293e-02
4.280000000e-03,4.872634364e+00,2.436195360e-04,-4.872390745e-02
4.300000000e-03,4.879583810e+00,2.439669909e-04,-4.879339843e-02
4.320000000e-03,4.886340618e+00,2.443048144e-04,-4.886096314e-02
4.340000000e-03,4.892904522e+00,2.446329932e-04,-4.892659889e-02
4.360000000e-03,4.899275262e+00,2.449515143e-04,-4.899030311e-02
4.380000000e-03,4.905452587e+00,2.452603651e-04,-4.905207327e-02
4.400000000e-03,4.911436254e+00,2.455595335e-04,-4.911190695e-02
4.420000000e-03,4.917226025e+00,2.458490076e-04,-4.916980176e-02
4.440000000e-03,4.922821673e+00,2.461287760e-04,-4.922575544e-02
4.460000000e-03,4.928222976e+00,2.463988276e-04,-4.927976577e-02
4.480000000e-03,4.933429721e+00,2.466591519e-04,-4.933183062e-02
4.500000000e-03,4.938441703e+00,2.469097384e-04,-4.938194794e-02
4.520000000e-03,4.943258724e+00,2.471505774e-04,-4.943011574e-02
4.540000000e-03,4.947880593e+00,2.473816593e-04,-4.947633212e-02
4.560000000e-03,4.952307128e+00,2.476029750e-04,-4.952059526e-02
4.580000000e-03,4.956538155e+00,2.478145158e-04,-4.956290341e-02
4.600000000e-03,4.960573507e+00,2.480162733e-04,-4.960325491e-02
4.620000000e-03,4.964413023e+00,2.482082395e-04,-4.964164815e-02
4.640000000e-03,4.968056553e+00,2.483904069e-04,-4.967808163e-02
4.660000000e-03,4.971503952e+00,2.485627682e-04,-4.971255390e-02
4.680000000e-03,4.974755085e+00,2.487253167e-04,-4.974506360e-02
4.700000000e-03,4.977809823e+00,2.488780460e-04,-4.977560945e-02
4.720000000e-03,4.980668046e+00,2.490209500e-04,-4.980419025e-02
4.740000000e-03,4.983329640e+00,2.491540231e-04,-4.983080487e-02
4.760000000e-03,4.985794501e+00,2.492772600e-04,-4.985545225e-02
4.780000000e-03,4.988062532e+00,2.493906558e-04,-4.987813142e-02
4.800000000e-03,4.990133642e+00,2.494942061e-04,-4.989884148e-02
4.820000000e-03,4.992007751e+00,2.495879069e-04,-4.991758163e-02
4.840000000e-03,4.993684783e+00,2.496717543e-04,-4.993435112e-02
4.860000000e-03,4.995164673e+00,2.497457451e-04,-4.994914928e-02
4.880000000e-03,4.996447363e+00,2.498098764e-04,-4.996197554e-02
4.900000000e-03,4.997532802e+00,2.498641456e-04,-4.997282938e-02
4.920000000e-03,4.998420946e+00,2.499085506e-04,-4.998171038e-02
4.940000000e-03,4.999111762e+00,2.499430897e-04,-4.998861819e-02
4.960000000e-03,4.999605221e+00,2.499677614e-04,-4.999355254e-02
4.980000000e-03,4.999901304e+00,2.499825648e-04,-4.999651322e-02
5.000000000e-03,5.000000000e+00,2.499874994e-04,-4.999750013e-02
5.020000000e-03,4.999901304e+00,2.499825648e-04,-4.999651322e-02
5.040000000e-03,4.999605221e+00,2.499677614e-04,-4.999355254e-02
5.060000000e-03,4.999111762e+00,2.499430897e-04,-4.998861819e-02
5.080000000e-03,4.998420946e+00,2.499085506e-04,-4.998171038e-02
5.100000000e-03,4.997532802e+00,2.498641456e-04,-4.997282938e-02
5.120000000e-03,4.996447363e+00,2.498098764e-04,-4.996197554e-02
5.140000000e-03,4.995164673e+00,2.497457451e-04,-4.994914928e-02
5.160000000e-03,4.993684783e+00,2.496717543e-04,-4.993435112e-02
5.180000000e-03,4.992007751e+00,2.495879069e-04,-4.991758163e-02
5.200000000e-03,4.990133642e+00,2.494942061e-04,-4.989884148e-02
5.220000000e-03,4.988062532e+00,2.493906558e-04,-4.987813142e-02
5.240000000e-03,4.985794501e+00,2.492772600e-04,-4.985545225e-02
5.260000000e-03,4.983329640e+00,2.491540231e-04,-4.983080487e-02
5.280000000e-03,4.980668046e+00,2.490209500e-04,-4.980419025e-02
5.300000000e-03,4.977809823e+00,2.488780460e-04,-4.977560945e-02
5.320000000e-03,4.974755085e+00,2.487253167e-04,-4.974506360e-02
5.340000000e-03,4.971503952e+00,2.485627682e-04,-4.971255390e-02
5.360000000e-03,4.968056553e+00,2.483904069e-04,-4.967808163e-02
5.380000000e-03,4.964413023e+00,2.482082395e-04,-4.964164815e-02
5.400000000e-03,4.960573507e+00,2.480162733e-04,-4.960325491e-02
5.420000000e-03,4.956538155e+00,2.478145158e-04,-4.956290341e-02
5.440000000e-03,4.952307128e+00,2.476029750e-04,-4.952059526e-02
5.460000000e-03,4.947880593e+00,2.473816593e-04,-4.947633212e-02
5.480000000e-03,4.943258724e+00,2.471505774e-04,-4.943011574e-02
5.500000000e-03,4.938441703e+00,2.469097384e-04,-4.938194794e-02
5.520000000e-03,4.933429721e+00,2.466591519e-04,-4.933183062e-02
5.540000000e-03,4.928222976e+00,2.463988276e-04,-4.927976577e-02
5.560000000e-03,4.922821673e+00,2.461287760e-04,-4.922575544e-02
5.580000000e-03,4.917226025e+00,2.458490076e-04,-4.916980176e-02
5.600000000e-03,4.911436254e+00,2.455595335e-04,-4.911190695e-02
5.620000000e-03,4.905452587e+00,2.452603651e-04,-4.905207327e-02
5.640000000e-03,4.899275262e+00,2.449515143e-04,-4.899030311e-02
5.660000000e-03,4.892904522e+00,2.446329932e-04,-4.892659889e-02
5.680000000e-03,4.886340618e+00,2.443048144e-04,-4.886096314e-02
5.700000000e-03,4.879583810e+00,2.439669909e-04,-4.879339843e-02
5.720000000e-03,4.872634364e+00,2.436195360e-04,-4.872390745e-02
5.740000000e-03,4.865492555e+00,2.432624634e-04,-4.865249293e-02
5.760000000e-03,4.858158665e+00,2.428957872e-04,-4.857915769e-02
5.780000000e-03,4.850632982e+00,2.425195219e-04,-4.850390463e-02
5.800000000e-03,4.842915806e+00,2.421336824e-04,-4.842673672e-02
5.820000000e-03,4.835007439e+00,2.417382838e-04,-4.834765701e-02
5.840000000e-03,4.826908194e+00,2.413333418e-04,-4.826666861e-02
5.860000000e-03,4.818618391e+00,2.409188724e-04,-4.818377473e-02
5.880000000e-03,4.810138358e+00,2.404948919e-04,-4.809897864e-02
5.900000000e-03,4.801468428e+00,2.400614171e-04,-4.801228367e-02
5.920000000e-03,4.792608945e+00,2.396184651e-04,-4.792369327e-02
5.940000000e-03,4.783560258e+00,2.391660534e-04,-4.783321092e-02
5.960000000e-03,4.774322724e+00,2.387041998e-04,-4.774084020e-02
5.980000000e-03,4.764896708e+00,2.382329225e-04,-4.764658475e-02
6.000000000e-03,4.755282581e+00,2.377522403e-04,-4.755044830e-02
6.020000000e-03,4.745480725e+00,2.372621720e-04,-4.745243463e-02
6.040000000e-03,4.735491525e+00,2.367627369e-04,-4.735254763e-02
6.060000000e-03,4.725315376e+00,2.362539549e-04,-4.725079122e-02
6.080000000e-03,4.714952679e+00,2.357358460e-04,-4.714716944e-02
6.100000000e-03,4.704403845e+00,2.352084306e-04,-4.704168637e-02
6.120000000e-03,4.693669288e+00,2.346717297e-04,-4.693434617e-02
6.140000000e-03,4.682749434e+00,2.341257642e-04,-4.682515308e-02
6.160000000e-03,4.671644712e+00,2.335705559e-04,-4.671411142e-02
6.180000000e-03,4.660355562e+00,2.330061266e-04,-4.660122557e-02
6.200000000e-03,4.648882429e+00,2.324324987e-04,-4.648649997e-02
6.220000000e-03,4.637225767e+00,2.318496947e-04,-4.636993917e-02
6.240000000e-03,4.625386034e+00,2.312577377e-04,-4.625154777e-02
6.260000000e-03,4.613363699e+00,2.306566510e-04,-4.613133043e-02
6.280000000e-03,4.601159237e+00,2.300464584e-04,-4.600929191e-02
6.300000000e-03,4.588773128e+00,2.294271839e-04,-4.588543702e-02
6.320000000e-03,4.576205863e+00,2.287988521e-04,-4.575977065e-02
6.340000000e-03,4.563457937e+00,2.281614876e-04,-4.563229776e-02
6.360000000e-03,4.550529853e+00,2.275151158e-04,-4.550302339e-02
6.380000000e-03,4.537422123e+00,2.268597620e-04,-4.537195263e-02
6.400000000e-03,4.524135262e+00,2.261954522e-04,-4.523909067e-02
6.420000000e-03,4.510669797e+00,2.255222126e-04,-4.510444275e-02
6.440000000e-03,4.497026258e+00,2.248400698e-04,-4.496801418e-02
6.460000000e-03,4.483205184e+00,2.241490506e-04,-4.482981035e-02
6.480000000e-03,4.469207121e+00,2.234491825e-04,-4.468983672e-02
6.500000000e-03,4.455032621e+00,2.227404929e-04,-4.454809881e-02
6.520000000e-03,4.440682244e+00,2.220230099e-04,-4.440460222e-02
6.540000000e-03,4.426156557e+00,2.212967619e-04,-4.425935260e-02
6.560000000e-03,4.411456132e+00,2.205617774e-04,-4.411235571e-02
6.580000000e-03,4.396581551e+00,2.198180855e-04,-4.396361733e-02
6.600000000e-03,4.381533400e+00,2.190657156e-04,-4.381314335e-02
6.620000000e-03,4.366312274e+00,2.183046974e-04,-4.366093970e-02
6.640000000e-03,4.350918773e+00,2.175350608e-04,-4.350701239e-02
6.660000000e-03,4.335353506e+00,2.167568364e-04,-4.335136749e-02
6.680000000e-03,4.319617086e+00,2.159700547e-04,-4.319401116e-02
6.700000000e-03,4.303710135e+00,2.151747469e-04,-4.303494961e-02
6.720000000e-03,4.287633281e+00,2.143709444e-04,-4.287418910e-02
6.740000000e-03,4.271387158e+00,2.135586789e-04,-4.271173600e-02
6.760000000e-03,4.254972409e+00,2.127379825e-04,-4.254759671e-02
6.780000000e-03,4.238389680e+00,2.119088875e-04,-4.238177772e-02
6.800000000e-03,4.221639628e+00,2.110714267e-04,-4.221428557e-02
6.820000000e-03,4.204722911e+00,2.102256332e-04,-4.204512686e-02
6.840000000e-03,4.187640200e+00,2.093715404e-04,-4.187430829e-02
6.860000000e-03,4.170392168e+00,2.085091819e-04,-4.170183659e-02
6.880000000e-03,4.152979496e+00,2.076385918e-04,-4.152771858e-02
6.900000000e-03,4.135402871e+00,2.067598045e-04,-4.135196112e-02
6.920000000e-03,4.117662988e+00,2.058728547e-04,-4.117457116e-02
6.940000000e-03,4.099760547e+00,2.049777774e-04,-4.099555569e-02
6.960000000e-03,4.081696254e+00,2.040746079e-04,-4.081492179e-02
6.980000000e-03,4.063470822e+00,2.031633819e-04,-4.063267659e-02
7.000000000e-03,4.045084972e+00,2.022441354e-04,-4.044882728e-02
7.020000000e-03,4.026539429e+00,2.013169046e-04,-4.026338112e-02
7.040000000e-03,4.007834924e+00,2.003817261e-04,-4.007634543e-02
7.060000000e-03,3.988972198e+00,1.994386370e-04,-3.988772759e-02
7.080000000e-03,3.969951993e+00,1.984876743e-04,-3.969753506e-02
7.100000000e-03,3.950775062e+00,1.975288757e-04,-3.950577533e-02
7.120000000e-03,3.931442161e+00,1.965622789e-04,-3.931245599e-02
7.140000000e-03,3.911954053e+00,1.955879223e-04,-3.911758465e-02
7.160000000e-03,3.892311508e+00,1.946058441e-04,-3.892116902e-02
7.180000000e-03,3.872515301e+00,1.936160833e-04,-3.872321685e-02
7.200000000e-03,3.852566214e+00,1.926186788e-04,-3.852373596e-02
7.220000000e-03,3.832465034e+00,1.916136701e-04,-3.832273421e-02
7.240000000e-03,3.812212555e+00,1.906010967e-04,-3.812021954e-02
7.260000000e-03,3.791809576e+00,1.895809988e-04,-3.791619996e-02
7.280000000e-03,3.771256904e+00,1.885534166e-04,-3.771068351e-02
7.300000000e-03,3.750555348e+00,1.875183906e-04,-3.750367830e-02
7.320000000e-03,3.729705727e+00,1.864759616e-04,-3.729519252e-02
7.340000000e-03,3.708708864e+00,1.854261709e-04,-3.708523438e-02
7.360000000e-03,3.687565587e+00,1.843690600e-04,-3.687381218e-02
7.380000000e-03,3.666276731e+00,1.833046704e-04,-3.666093427e-02
7.400000000e-03,3.644843137e+00,1.822330443e-04,-3.644660904e-02
7.420000000e-03,3.623265651e+00,1.811542239e-04,-3.623084497e-02
7.440000000e-03,3.601545124e+00,1.800682519e-04,-3.601365057e-02
7.460000000e-03,3.579682415e+00,1.789751711e-04,-3.579503440e-02
7.480000000e-03,3.557678386e+00,1.778750247e-04,-3.557500511e-02
7.500000000e-03,3.535533906e+00,1.767678560e-04,-3.535357138e-02
7.520000000e-03,3.513249849e+00,1.756537089e-04,-3.513074196e-02
7.540000000e-03,3.490827095e+00,1.745326272e-04,-3.490652563e-02
7.560000000e-03,3.468266529e+00,1.734046554e-04,-3.468093125e-02
7.580000000e-03,3.445569042e+00,1.722698377e-04,-3.445396772e-02
7.600000000e-03,3.422735530e+00,1.711282192e-04,-3.422564402e-02
7.620000000e-03,3.399766894e+00,1.699798448e-04,-3.399596914e-02
7.640000000e-03,3.376664041e+00,1.688247599e-04,-3.376495216e-02
7.660000000e-03,3.353427883e+00,1.676630101e-04,-3.353260220e-02
7.680000000e-03,3.330059337e+00,1.664946413e-04,-3.329892843e-02
7.700000000e-03,3.306559327e+00,1.653196995e-04,-3.306394007e-02
7.720000000e-03,3.282928779e+00,1.641382312e-04,-3.282764641e-02
7.740000000e-03,3.259168627e+00,1.629502830e-04,-3.259005677e-02
7.760000000e-03,3.235279808e+00,1.617559018e-04,-3.235118052e-02
7.780000000e-03,3.211263266e+00,1.605551347e-04,-3.211102711e-02
7.800000000e-03,3.187119949e+00,1.593480292e-04,-3.186960601e-02
7.820000000e-03,3.162850810e+00,1.581346330e-04,-3.162692675e-02
7.840000000e-03,3.138456806e+00,1.569149938e-04,-3.138299892e-02
7.860000000e-03,3.113938902e+00,1.556891599e-04,-3.113783214e-02
7.880000000e-03,3.089298065e+00,1.544571796e-04,-3.089143609e-02
7.900000000e-03,3.064535268e+00,1.532191017e-04,-3.064382049e-02
7.920000000e-03,3.039651488e+00,1.519749749e-04,-3.039499514e-02
7.940000000e-03,3.014647708e+00,1.507248484e-04,-3.014496984e-02
7.960000000e-03,2.989524915e+00,1.494687716e-04,-2.989375447e-02
7.980000000e-03,2.964284101e+00,1.482067940e-04,-2.964135894e-02
8.000000000e-03,2.938926261e+00,1.469389654e-04,-2.938779323e-02
8.020000000e-03,2.913452398e+00,1.456653359e-04,-2.913306733e-02
8.040000000e-03,2.887863517e+00,1.443859558e-04,-2.887719131e-02
8.060000000e-03,2.862160628e+00,1.431008756e-04,-2.862017527e-02
8.080000000e-03,2.836344746e+00,1.418101461e-04,-2.836202936e-02
8.100000000e-03,2.810416889e+00,1.405138181e-04,-2.810276376e-02
8.120000000e-03,2.784378082e+00,1.392119428e-04,-2.784238871e-02
8.140000000e-03,2.758229353e+00,1.379045717e-04,-2.758091449e-02
8.160000000e-03,2.731971734e+00,1.365917564e-04,-2.731835142e-02
8.180000000e-03,2.705606261e+00,1.352735487e-04,-2.705470987e-02
8.200000000e-03,2.679133975e+00,1.339500006e-04,-2.679000025e-02
8.220000000e-03,2.652555922e+00,1.326211644e-04,-2.652423301e-02
8.240000000e-03,2.625873150e+00,1.312870925e-04,-2.625741863e-02
8.260000000e-03,2.599086713e+00,1.299478376e-04,-2.598956766e-02
8.280000000e-03,2.572197669e+00,1.286034526e-04,-2.572069066e-02
8.300000000e-03,2.545207079e+00,1.272539906e-04,-2.545079825e-02
8.320000000e-03,2.518116008e+00,1.258995048e-04,-2.517990109e-02
8.340000000e-03,2.490925527e+00,1.245400487e-04,-2.490800987e-02
8.360000000e-03,2.463636708e+00,1.231756760e-04,-2.463513532e-02
8.380000000e-03,2.436250629e+00,1.218064405e-04,-2.436128822e-02
8.400000000e-03,2.408768371e+00,1.204323963e-04,-2.408647938e-02
8.420000000e-03,2.381191018e+00,1.190535976e-04,-2.381071965e-02
8.440000000e-03,2.353519661e+00,1.176700989e-04,-2.353401991e-02
8.460000000e-03,2.325755390e+00,1.162819548e-04,-2.325639109e-02
8.480000000e-03,2.297899303e+00,1.148892201e-04,-2.297784414e-02
8.500000000e-03,2.269952499e+00,1.134919498e-04,-2.269839007e-02
8.520000000e-03,2.241916080e+00,1.120901990e-04,-2.241803990e-02
8.540000000e-03,2.213791155e+00,1.106840230e-04,-2.213680471e-02
8.560000000e-03,2.185578833e+00,1.092734774e-04,-2.185469560e-02
8.580000000e-03,2.157280228e+00,1.078586180e-04,-2.157172370e-02
8.600000000e-03,2.128896458e+00,1.064395004e-04,-2.128790019e-02
8.620000000e-03,2.100428642e+00,1.050161808e-04,-2.100323626e-02
8.640000000e-03,2.071877905e+00,1.035887153e-04,-2.071774316e-02
8.660000000e-03,2.043245374e+00,1.021571603e-04,-2.043143217e-02
8.680000000e-03,2.014532179e+00,1.007215723e-04,-2.014431457e-02
8.700000000e-03,1.985739453e+00,9.928200806e-05,-1.985640171e-02
8.720000000e-03,1.956868334e+00,9.783852429e-05,-1.956770496e-02
8.740000000e-03,1.927919961e+00,9.639117803e-05,-1.927823570e-02
8.760000000e-03,1.898895478e+00,9.494002640e-05,-1.898800538e-02
8.780000000e-03,1.869796029e+00,9.348512671e-05,-1.869702544e-02
8.800000000e-03,1.840622763e+00,9.202653638e-05,-1.840530737e-02
8.820000000e-03,1.811376834e+00,9.056431301e-05,-1.811286269e-02
8.840000000e-03,1.782059394e+00,8.909851431e-05,-1.781970295e-02
8.860000000e-03,1.752671601e+00,8.762919815e-05,-1.752583972e-02
8.880000000e-03,1.723214616e+00,8.615642254e-05,-1.723128460e-02
8.900000000e-03,1.693689601e+00,8.468024563e-05,-1.693604921e-02
8.920000000e-03,1.664097723e+00,8.320072568e-05,-1.664014522e-02
8.940000000e-03,1.634440148e+00,8.171792111e-05,-1.634358431e-02
8.960000000e-03,1.604718049e+00,8.023189046e-05,-1.604637817e-02
8.980000000e-03,1.574932598e+00,7.874269239e-05,-1.574853856e-02
9.000000000e-03,1.545084972e+00,7.725038569e-05,-1.545007722e-02
9.020000000e-03,1.515176348e+00,7.575502928e-05,-1.515100593e-02
9.040000000e-03,1.485207908e+00,7.425668219e-05,-1.485133651e-02
9.060000000e-03,1.455180834e+00,7.275540357e-05,-1.455108079e-02
9.080000000e-03,1.425096312e+00,7.125125270e-05,-1.425025061e-02
9.100000000e-03,1.394955530e+00,6.974428895e-05,-1.394885786e-02
9.120000000e-03,1.364759678e+00,6.823457181e-05,-1.364691443e-02
9.140000000e-03,1.334509947e+00,6.672216089e-05,-1.334443225e-02
9.160000000e-03,1.304207531e+00,6.520711589e-05,-1.304142324e-02
9.180000000e-03,1.273853628e+00,6.368949663e-05,-1.273789939e-02
9.200000000e-03,1.243449436e+00,6.216936301e-05,-1.243387267e-02
9.220000000e-03,1.212996154e+00,6.064677506e-05,-1.212935507e-02
9.240000000e-03,1.182494985e+00,5.912179287e-05,-1.182435863e-02
9.260000000e-03,1.151947133e+00,5.759447666e-05,-1.151889539e-02
9.280000000e-03,1.121353805e+00,5.606488671e-05,-1.121297740e-02
9.300000000e-03,1.090716207e+00,5.453308342e-05,-1.090661674e-02
9.320000000e-03,1.060035550e+00,5.299912726e-05,-1.059982551e-02
9.340000000e-03,1.029313044e+00,5.146307878e-05,-1.029261581e-02
9.360000000e-03,9.985499026e-01,4.992499863e-05,-9.984999777e-03
9.380000000e-03,9.677473403e-01,4.838494752e-05,-9.676989554e-03
9.400000000e-03,9.369065729e-01,4.684298626e-05,-9.368597300e-03
9.420000000e-03,9.060288181e-01,4.529917572e-05,-9.059835191e-03
9.440000000e-03,8.751152949e-01,4.375357685e-05,-8.750715414e-03
9.460000000e-03,8.441672236e-01,4.220625065e-05,-8.441250174e-03
9.480000000e-03,8.131858260e-01,4.065725823e-05,-8.131451688e-03
9.500000000e-03,7.821723252e-01,3.910666073e-05,-7.821332186e-03
9.520000000e-03,7.511279456e-01,3.755451937e-05,-7.510903912e-03
9.540000000e-03,7.200539128e-01,3.600089541e-05,-7.200179119e-03
9.560000000e-03,6.889514534e-01,3.444585021e-05,-6.889170076e-03
9.580000000e-03,6.578217955e-01,3.288944514e-05,-6.577889061e-03
9.600000000e-03,6.266661678e-01,3.133174165e-05,-6.266348361e-03
9.620000000e-03,5.954858005e-01,2.977280123e-05,-5.954560277e-03
9.640000000e-03,5.642819244e-01,2.821268544e-05,-5.642537117e-03
9.660000000e-03,5.330557714e-01,2.665145586e-05,-5.330291200e-03
9.680000000e-03,5.018085743e-01,2.508917413e-05,-5.017834851e-03
9.700000000e-03,4.705415666e-01,2.352590192e-05,-4.705180407e-03
9.720000000e-03,4.392559828e-01,2.196170094e-05,-4.392340211e-03
9.740000000e-03,4.079530578e-01,2.039663296e-05,-4.079326612e-03
9.760000000e-03,3.766340276e-01,1.883075975e-05,-3.766151969e-03
9.780000000e-03,3.453001286e-01,1.726414314e-05,-3.452828645e-03
9.800000000e-03,3.139525976e-01,1.569684496e-05,-3.139369008e-03
9.820000000e-03,2.825926724e-01,1.412892710e-05,-2.825785435e-03
9.840000000e-03,2.512215909e-01,1.256045146e-05,-2.512090305e-03
9.860000000e-03,2.198405916e-01,1.099147995e-05,-2.198296001e-03
9.880000000e-03,1.884509133e-01,9.422074517e-06,-1.884414913e-03
9.900000000e-03,1.570537954e-01,7.852297115e-06,-1.570459431e-03
9.920000000e-03,1.256504772e-01,6.282209719e-06,-1.256441950e-03
9.940000000e-03,9.424219858e-02,4.711874312e-06,-9.423748671e-04
9.960000000e-03,6.283019942e-02,3.141352887e-06,-6.282705807e-04
9.980000000e-03,3.141571983e-02,1.570707448e-06,-3.141414912e-04
1.000000000e-02,1.116346259e-13,5.581460466e-18,-1.116290444e-15
1.002000000e-02,-3.141571983e-02,-1.570707448e-06,3.141414912e-04
1.004000000e-02,-6.283019942e-02,-3.141352887e-06,6.282705807e-04
1.006000000e-02,-9.424219858e-02,-4.711874312e-06,9.423748671e-04
1.008000000e-02,-1.256504772e-01,-6.282209719e-06,1.256441950e-03
1.010000000e-02,-1.570537954e-01,-7.852297115e-06,1.570459431e-03
1.012000000e-02,-1.884509133e-01,-9.422074517e-06,1.884414913e-03
1.014000000e-02,-2.198405916e-01,-1.099147995e-05,2.198296001e-03
1.016000000e-02,-2.512215909e-01,-1.256045146e-05,2.512090305e-03
1.018000000e-02,-2.825926724e-01,-1.412892710e-05,2.825785435e-03
1.020000000e-02,-3.139525976e-01,-1.569684496e-05,3.139369008e-03
1.022000000e-02,-3.453001286e-01,-1.726414314e-05,3.452828645e-03
1.024000000e-02,-3.766340276e-01,-1.883075975e-05,3.766151969e-03
1.026000000e-02,-4.079530578e-01,-2.039663296e-05,4.079326612e-03
1.028000000e-02,-4.392559828e-01,-2.196170094e-05,4.392340211e-03
1.030000000e-02,-4.705415666e-01,-2.352590192e-05,4.705180407e-03
1.032000000e-02,-5.018085743e-01,-2.508917413e-05,5.017834851e-03
1.034000000e-02,-5.330557714e-01,-2.665145586e-05,5.330291200e-03
1.036000000e-02,-5.642819244e-01,-2.821268544e-05,5.642537117e-03
1.038000000e-02,-5.954858005e-01,-2.977280123e-05,5.954560277e-03
1.040000000e-02,-6.266661678e-01,-3.133174165e-05,6.266348361e-03
1.042000000e-02,-6.578217955e-01,-3.288944514e-05,6.577889061e-03
1.044000000e-02,-6.889514534e-01,-3.444585021e-05,6.889170076e-03
1.046000000e-02,-7.200539128e-01,-3.600089541e-05,7.200179119e-03
1.048000000e-02,-7.511279456e-01,-3.755451937e-05,7.510903912e-03
1.050000000e-02,-7.821723252e-01,-3.910666073e-05,7.821332186e-03
1.052000000e-02,-8.131858260e-01,-4.065725823e-05,8.131451688e-03
1.054000000e-02,-8.441672236e-01,-4.220625065e-05,8.441250174e-03
1.056000000e-02,-8.751152949e-01,-4.375357685e-05,8.750715414e-03
1.058000000e-02,-9.060288181e-01,-4.529917572e-05,9.059835191e-03
1.060000000e-02,-9.369065729e-01,-4.684298626e-05,9.368597300e-03
1.062000000e-02,-9.677473403e-01,-4.838494752e-05,9.676989554e-03
1.064000000e-02,-9.985499026e-01,-4.992499863e-05,9.984999777e-03
1.066000000e-02,-1.029313044e+00,-5.146307878e-05,1.029261581e-02
1.068000000e-02,-1.060035550e+00,-5.299912726e-05,1.059982551e-02
1.070000000e-02,-1.090716207e+00,-5.453308342e-05,1.090661674e-02
1.072000000e-02,-1.121353805e+00,-5.606488671e-05,1.121297740e-02
1.074000000e-02,-1.151947133e+00,-5.759447666e-05,1.151889539e-02
1.076000000e-02,-1.182494985e+00,-5.912179287e-05,1.182435863e-02
1.078000000e-02,-1.212996154e+00,-6.064677506e-05,1.212935507e-02
1.080000000e-02,-1.243449436e+00,-6.216936301e-05,1.243387267e-02
1.082000000e-02,-1.273853628e+00,-6.368949663e-05,1.273789939e-02
1.084000000e-02,-1.304207531e+00,-6.520711589e-05,1.304142324e-02
1.086000000e-02,-1.334509947e+00,-6.672216089e-05,1.334443225e-02
1.088000000e-02,-1.364759678e+00,-6.823457181e-05,1.364691443e-02
1.090000000e-02,-1.394955530e+00,-6.974428895e-05,1.394885786e-02
1.092000000e-02,-1.425096312e+00,-7.125125270e-05,1.425025061e-02
1.094000000e-02,-1.455180834e+00,-7.275540357e-05,1.455108079e-02
1.096000000e-02,-1.485207908e+00,-7.425668219e-05,1.485133651e-02
1.098000000e-02,-1.515176348e+00,-7.575502928e-05,1.515100593e-02
1.100000000e-02,-1.545084972e+00,-7.725038569e-05,1.545007722e-02
1.102000000e-02,-1.574932598e+00,-7.874269239e-05,1.574853856e-02
1.104000000e-02,-1.604718049e+00,-8.023189046e-05,1.604637817e-02
1.106000000e-02,-1.634440148e+00,-8.171792111e-05,1.634358431e-02
1.108000000e-02,-1.664097723e+00,-8.320072568e-05,1.664014522e-02
1.110000000e-02,-1.693689601e+00,-8.468024563e-05,1.693604921e-02
1.112000000e-02,-1.723214616e+00,-8.615642254e-05,1.723128460e-02
1.114000000e-02,-1.752671601e+00,-8.762919815e-05,1.752583972e-02
1.116000000e-02,-1.782059394e+00,-8.909851431e-05,1.781970295e-02
1.118000000e-02,-1.811376834e+00,-9.056431301e-05,1.811286269e-02
1.120000000e-02,-1.840622763e+00,-9.202653638e-05,1.840530737e-02
1.122000000e-02,-1.869796029e+00,-9.348512671e-05,1.869702544e-02
1.124000000e-02,-1.898895478e+00,-9.494002640e-05,1.898800538e-02
1.126000000e-02,-1.927919961e+00,-9.639117803e-05,1.927823570e-02
1.128000000e-02,-1.956868334e+00,-9.783852429e-05,1.956770496e-02
1.130000000e-02,-1.985739453e+00,-9.928200806e-05,1.985640171e-02
1.132000000e-02,-2.014532179e+00,-1.007215723e-04,2.014431457e-02
1.134000000e-02,-2.043245374e+00,-1.021571603e-04,2.043143217e-02
1.136000000e-02,-2.071877905e+00,-1.035887153e-04,2.071774316e-02
1.138000000e-02,-2.100428642e+00,-1.050161808e-04,2.100323626e-02
1.140000000e-02,-2.128896458e+00,-1.064395004e-04,2.128790019e-02
1.142000000e-02,-2.157280228e+00,-1.078586180e-04,2.157172370e-02
1.144000000e-02,-2.185578833e+00,-1.092734774e-04,2.185469560e-02
1.146000000e-02,-2.213791155e+00,-1.106840230e-04,2.213680471e-02
1.148000000e-02,-2.241916080e+00,-1.120901990e-04,2.241803990e-02
1.150000000e-02,-2.269952499e+00,-1.134919498e-04,2.269839007e-02
1.152000000e-02,-2.297899303e+00,-1.148892201e-04,2.297784414e-02
1.154000000e-02,-2.325755390e+00,-1.162819548e-04,2.325639109e-02
1.156000000e-02,-2.353519661e+00,-1.176700989e-04,2.353401991e-02
1.158000000e-02,-2.381191018e+00,-1.190535976e-04,2.381071965e-02
1.160000000e-02,-2.408768371e+00,-1.204323963e-04,2.408647938e-02
1.162000000e-02,-2.436250629e+00,-1.218064405e-04,2.436128822e-02
1.164000000e-02,-2.463636708e+00,-1.231756760e-04,2.463513532e-02
1.166000000e-02,-2.490925527e+00,-1.245400487e-04,2.490800987e-02
1.168000000e-02,-2.518116008e+00,-1.258995048e-04,2.517990109e-02
1.170000000e-02,-2.545207079e+00,-1.272539906e-04,2.545079825e-02
1.172000000e-02,-2.572197669e+00,-1.286034526e-04,2.572069066e-02
1.174000000e-02,-2.599086713e+00,-1.299478376e-04,2.598956766e-02
1.176000000e-02,-2.625873150e+00,-1.312870925e-04,2.625741863e-02
1.178000000e-02,-2.652555922e+00,-1.326211644e-04,2.652423301e-02
1.180000000e-02,-2.679133975e+00,-1.339500006e-04,2.679000025e-02
1.182000000e-02,-2.705606261e+00,-1.352735487e-04,2.705470987e-02
1.184000000e-02,-2.731971734e+00,-1.365917564e-04,2.731835142e-02
1.186000000e-02,-2.758229353e+00,-1.379045717e-04,2.758091449e-02
1.188000000e-02,-2.784378082e+00,-1.392119428e-04,2.784238871e-02
1.190000000e-02,-2.810416889e+00,-1.405138181e-04,2.810276376e-02
1.192000000e-02,-2.836344746e+00,-1.418101461e-04,2.836202936e-02
1.194000000e-02,-2.862160628e+00,-1.431008756e-04,2.862017527e-02
1.196000000e-02,-2.887863517e+00,-1.443859558e-04,2.887719131e-02
1.198000000e-02,-2.913452398e+00,-1.456653359e-04,2.913306733e-02
1.200000000e-02,-2.938926261e+00,-1.469389654e-04,2.938779323e-02
1.202000000e-02,-2.964284101e+00,-1.482067940e-04,2.964135894e-02
1.204000000e-02,-2.989524915e+00,-1.494687716e-04,2.989375447e-02
1.206000000e-02,-3.014647708e+00,-1.507248484e-04,3.014496984e-02
1.208000000e-02,-3.039651488e+00,-1.519749749e-04,3.039499514e-02
1.210000000e-02,-3.064535268e+00,-1.532191017e-04,3.064382049e-02
1.212000000e-02,-3.089298065e+00,-1.544571796e-04,3.089143609e-02
1.214000000e-02,-3.113938902e+00,-1.556891599e-04,3.113783214e-02
1.216000000e-02,-3.138456806e+00,-1.569149938e-04,3.138299892e-02
1.218000000e-02,-3.162850810e+00,-1.581346330e-04,3.162692675e-02
1.220000000e-02,-3.187119949e+00,-1.593480292e-04,3.186960601e-02
1.222000000e-02,-3.211263266e+00,-1.605551347e-04,3.211102711e-02
1.224000000e-02,-3.235279808e+00,-1.617559018e-04,3.235118052e-02
1.226000000e-02,-3.259168627e+00,-1.629502830e-04,3.259005677e-02
1.228000000e-02,-3.282928779e+00,-1.641382312e-04,3.282764641e-02
1.230000000e-02,-3.306559327e+00,-1.653196995e-04,3.306394007e-02
1.232000000e-02,-3.330059337e+00,-1.664946413e-04,3.329892843e-02
1.234000000e-02,-3.353427883e+00,-1.676630101e-04,3.353260220e-02
1.236000000e-02,-3.376664041e+00,-1.688247599e-04,3.376495216e-02
1.238000000e-02,-3.399766894e+00,-1.699798448e-04,3.399596914e-02
1.240000000e-02,-3.422735530e+00,-1.711282192e-04,3.422564402e-02
1.242000000e-02,-3.445569042e+00,-1.722698377e-04,3.445396772e-02
1.244000000e-02,-3.468266529e+00,-1.734046554e-04,3.468093125e-02
1.246000000e-02,-3.490827095e+00,-1.745326272e-04,3.490652563e-02
1.248000000e-02,-3.513249849e+00,-1.756537089e-04,3.513074196e-02
1.250000000e-02,-3.535533906e+00,-1.767678560e-04,3.535357138e-02
1.252000000e-02,-3.557678386e+00,-1.778750247e-04,3.557500511e-02
1.254000000e-02,-3.579682415e+00,-1.789751711e-04,3.579503440e-02
1.256000000e-02,-3.601545124e+00,-1.800682519e-04,3.601365057e-02
1.258000000e-02,-3.623265651e+00,-1.811542239e-04,3.623084497e-02
1.260000000e-02,-3.644843137e+00,-1.822330443e-04,3.644660904e-02
1.262000000e-02,-3.666276731e+00,-1.833046704e-04,3.666093427e-02
1.264000000e-02,-3.687565587e+00,-1.843690600e-04,3.687381218e-02
1.266000000e-02,-3.708708864e+00,-1.854261709e-04,3.708523438e-02
1.268000000e-02,-3.729705727e+00,-1.864759616e-04,3.729519252e-02
1.270000000e-02,-3.750555348e+00,-1.875183906e-04,3.750367830e-02
1.272000000e-02,-3.771256904e+00,-1.885534166e-04,3.771068351e-02
1.274000000e-02,-3.791809576e+00,-1.895809988e-04,3.791619996e-02
1.276000000e-02,-3.812212555e+00,-1.906010967e-04,3.812021954e-02
1.278000000e-02,-3.832465034e+00,-1.916136701e-04,3.832273421e-02
1.280000000e-02,-3.852566214e+00,-1.926186788e-04,3.852373596e-02
1.282000000e-02,-3.872515301e+00,-1.936160833e-04,3.872321685e-02
1.284000000e-02,-3.892311508e+00,-1.946058441e-04,3.892116902e-02
1.286000000e-02,-3.911954053e+00,-1.955879223e-04,3.911758465e-02
1.288000000e-02,-3.931442161e+00,-1.965622789e-04,3.931245599e-02
1.290000000e-02,-3.950775062e+00,-1.975288757e-04,3.950577533e-02
1.292000000e-02,-3.969951993e+00,-1.984876743e-04,3.969753506e-02
1.294000000e-02,-3.988972198e+00,-1.994386370e-04,3.988772759e-02
1.296000000e-02,-4.007834924e+00,-2.003817261e-04,4.007634543e-02
1.298000000e-02,-4.026539429e+00,-2.013169046e-04,4.026338112e-02
1.300000000e-02,-4.045084972e+00,-2.022441354e-04,4.044882728e-02
1.302000000e-02,-4.063470822e+00,-2.031633819e-04,4.063267659e-02
1.304000000e-02,-4.081696254e+00,-2.040746079e-04,4.081492179e-02
1.306000000e-02,-4.099760547e+00,-2.049777774e-04,4.099555569e-02
1.308000000e-02,-4.117662988e+00,-2.058728547e-04,4.117457116e-02
1.310000000e-02,-4.135402871e+00,-2.067598045e-04,4.135196112e-02
1.312000000e-02,-4.152979496e+00,-2.076385918e-04,4.152771858e-02
1.314000000e-02,-4.170392168e+00,-2.085091819e-04,4.170183659e-02
1.316000000e-02,-4.187640200e+00,-2.093715404e-04,4.187430829e-02
1.318000000e-02,-4.204722911e+00,-2.102256332e-04,4.204512686e-02
1.320000000e-02,-4.221639628e+00,-2.110714267e-04,4.221428557e-02
1.322000000e-02,-4.238389680e+00,-2.119088875e-04,4.238177772e-02
1.324000000e-02,-4.254972409e+00,-2.127379825e-04,4.254759671e-02
1.326000000e-02,-4.271387158e+00,-2.135586789e-04,4.271173600e-02
1.328000000e-02,-4.287633281e+00,-2.143709444e-04,4.287418910e-02
1.330000000e-02,-4.303710135e+00,-2.151747469e-04,4.303494961e-02
1.332000000e-02,-4.319617086e+00,-2.159700547e-04,4.319401116e-02
1.334000000e-02,-4.335353506e+00,-2.167568364e-04,4.335136749e-02
1.336000000e-02,-4.350918773e+00,-2.175350608e-04,4.350701239e-02
1.338000000e-02,-4.366312274e+00,-2.183046974e-04,4.366093970e-02
1.340000000e-02,-4.381533400e+00,-2.190657156e-04,4.381314335e-02
1.342000000e-02,-4.396581551e+00,-2.198180855e-04,4.396361733e-02
1.344000000e-02,-4.411456132e+00,-2.205617774e-04,4.411235571e-02
1.346000000e-02,-4.426156557e+00,-2.212967619e-04,4.425935260e-02
1.348000000e-02,-4.440682244e+00,-2.220230099e-04,4.440460222e-02
1.350000000e-02,-4.455032621e+00,-2.227404929e-04,4.454809881e-02
1.352000000e-02,-4.469207121e+00,-2.234491825e-04,4.468983672e-02
1.354000000e-02,-4.483205184e+00,-2.241490506e-04,4.482981035e-02
1.356000000e-02,-4.497026258e+00,-2.248400698e-04,4.496801418e-02
1.358000000e-02,-4.510669797e+00,-2.255222126e-04,4.510444275e-02
1.360000000e-02,-4.524135262e+00,-2.261954522e-04,4.523909067e-02
1.362000000e-02,-4.537422123e+00,-2.268597620e-04,4.537195263e-02
1.364000000e-02,-4.550529853e+00,-2.275151158e-04,4.550302339e-02
1.366000000e-02,-4.563457937e+00,-2.281614876e-04,4.563229776e-02
1.368000000e-02,-4.576205863e+00,-2.287988521e-04,4.575977065e-02
1.370000000e-02,-4.588773128e+00,-2.294271839e-04,4.588543702e-02
1.372000000e-02,-4.601159237e+00,-2.300464584e-04,4.600929191e-02
1.374000000e-02,-4.613363699e+00,-2.306566510e-04,4.613133043e-02
1.376000000e-02,-4.625386034e+00,-2.312577377e-04,4.625154777e-02
1.378000000e-02,-4.637225767e+00,-2.318496947e-04,4.636993917e-02
1.380000000e-02,-4.648882429e+00,-2.324324987e-04,4.648649997e-02
1.382000000e-02,-4.660355562e+00,-2.330061266e-04,4.660122557e-02
1.384000000e-02,-4.671644712e+00,-2.335705559e-04,4.671411142e-02
1.386000000e-02,-4.682749434e+00,-2.341257642e-04,4.682515308e-02
1.388000000e-02,-4.693669288e+00,-2.346717297e-04,4.693434617e-02
1.390000000e-02,-4.704403845e+00,-2.352084306e-04,4.704168637e-02
1.392000000e-02,-4.714952679e+00,-2.357358460e-04,4.714716944e-02
1.394000000e-02,-4.725315376e+00,-2.362539549e-04,4.725079122e-02
1.396000000e-02,-4.735491525e+00,-2.367627369e-04,4.735254763e-02
1.398000000e-02,-4.745480725e+00,-2.372621720e-04,4.745243463e-02
1.400000000e-02,-4.755282581e+00,-2.377522403e-04,4.755044830e-02
1.402000000e-02,-4.764896708e+00,-2.382329225e-04,4.764658475e-02
1.404000000e-02,-4.774322724e+00,-2.387041998e-04,4.774084020e-02
1.406000000e-02,-4.783560258e+00,-2.391660534e-04,4.783321092e-02
1.408000000e-02,-4.792608945e+00,-2.396184651e-04,4.792369327e-02
1.410000000e-02,-4.801468428e+00,-2.400614171e-04,4.801228367e-02
1.412000000e-02,-4.810138358e+00,-2.404948919e-04,4.809897864e-02
1.414000000e-02,-4.818618391e+00,-2.409188724e-04,4.818377473e-02
1.416000000e-02,-4.826908194e+00,-2.413333418e-04,4.826666861e-02
1.418000000e-02,-4.835007439e+00,-2.417382838e-04,4.834765701e-02
1.420000000e-02,-4.842915806e+00,-2.421336824e-04,4.842673672e-02
1.422000000e-02,-4.850632982e+00,-2.425195219e-04,4.850390463e-02
1.424000000e-02,-4.858158665e+00,-2.428957872e-04,4.857915769e-02
1.426000000e-02,-4.865492555e+00,-2.432624634e-04,4.865249293e-02
1.428000000e-02,-4.872634364e+00,-2.436195360e-04,4.872390745e-02
1.430000000e-02,-4.879583810e+00,-2.439669909e-04,4.879339843e-02
1.432000000e-02,-4.886340618e+00,-2.443048144e-04,4.886096314e-02
1.434000000e-02,-4.892904522e+00,-2.446329932e-04,4.892659889e-02
1.436000000e-02,-4.899275262e+00,-2.449515143e-04,4.899030311e-02
1.438000000e-02,-4.905452587e+00,-2.452603651e-04,4.905207327e-02
1.440000000e-02,-4.911436254e+00,-2.455595335e-04,4.911190695e-02
1.442000000e-02,-4.917226025e+00,-2.458490076e-04,4.916980176e-02
1.444000000e-02,-4.922821673e+00,-2.461287760e-04,4.922575544e-02
1.446000000e-02,-4.928222976e+00,-2.463988276e-04,4.927976577e-02
1.448000000e-02,-4.933429721e+00,-2.466591519e-04,4.933183062e-02
1.450000000e-02,-4.938441703e+00,-2.469097384e-04,4.938194794e-02
1.452000000e-02,-4.943258724e+00,-2.471505774e-04,4.943011574e-02
1.454000000e-02,-4.947880593e+00,-2.473816593e-04,4.947633212e-02
1.456000000e-02,-4.952307128e+00,-2.476029750e-04,4.952059526e-02
1.458000000e-02,-4.956538155e+00,-2.478145158e-04,4.956290341e-02
1.460000000e-02,-4.960573507e+00,-2.480162733e-04,4.960325491e-02
1.462000000e-02,-4.964413023e+00,-2.482082395e-04,4.964164815e-02
1.464000000e-02,-4.968056553e+00,-2.483904069e-04,4.967808163e-02
1.466000000e-02,-4.971503952e+00,-2.485627682e-04,4.971255390e-02
1.468000000e-02,-4.974755085e+00,-2.487253167e-04,4.974506360e-02
1.470000000e-02,-4.977809823e+00,-2.488780460e-04,4.977560945e-02
1.472000000e-02,-4.980668046e+00,-2.490209500e-04,4.980419025e-02
1.474000000e-02,-4.983329640e+00,-2.491540231e-04,4.983080487e-02
1.476000000e-02,-4.985794501e+00,-2.492772600e-04,4.985545225e-02
1.478000000e-02,-4.988062532e+00,-2.493906558e-04,4.987813142e-02
1.480000000e-02,-4.990133642e+00,-2.494942061e-04,4.989884148e-02
1.482000000e-02,-4.992007751e+00,-2.495879069e-04,4.991758163e-02
1.484000000e-02,-4.993684783e+00,-2.496717543e-04,4.993435112e-02
1.486000000e-02,-4.995164673e+00,-2.497457451e-04,4.994914928e-02
1.488000000e-02,-4.996447363e+00,-2.498098764e-04,4.996197554e-02
1.490000000e-02,-4.997532802e+00,-2.498641456e-04,4.997282938e-02
1.492000000e-02,-4.998420946e+00,-2.499085506e-04,4.998171038e-02
1.494000000e-02,-4.999111762e+00,-2.499430897e-04,4.998861819e-02
1.496000000e-02,-4.999605221e+00,-2.499677614e-04,4.999355254e-02
1.498000000e-02,-4.999901304e+00,-2.499825648e-04,4.999651322e-02
1.500000000e-02,-5.000000000e+00,-2.499874994e-04,4.999750013e-02
1.502000000e-02,-4.999901304e+00,-2.499825648e-04,4.999651322e-02
1.504000000e-02,-4.999605221e+00,-2.499677614e-04,4.999355254e-02
1.506000000e-02,-4.999111762e+00,-2.499430897e-04,4.998861819e-02
1.508000000e-02,-4.998420946e+00,-2.499085506e-04,4.998171038e-02
1.510000000e-02,-4.997532802e+00,-2.498641456e-04,4.997282938e-02
1.512000000e-02,-4.996447363e+00,-2.498098764e-04,4.996197554e-02
1.514000000e-02,-4.995164673e+00,-2.497457451e-04,4.994914928e-02
1.516000000e-02,-4.993684783e+00,-2.496717543e-04,4.993435112e-02
1.518000000e-02,-4.992007751e+00,-2.495879069e-04,4.991758163e-02
1.520000000e-02,-4.990133642e+00,-2.494942061e-04,4.989884148e-02
1.522000000e-02,-4.988062532e+00,-2.493906558e-04,4.987813142e-02
1.524000000e-02,-4.985794501e+00,-2.492772600e-04,4.985545225e-02
1.526000000e-02,-4.983329640e+00,-2.491540231e-04,4.983080487e-02
1.528000000e-02,-4.980668046e+00,-2.490209500e-04,4.980419025e-02
1.530000000e-02,-4.977809823e+00,-2.488780460e-04,4.977560945e-02
1.532000000e-02,-4.974755085e+00,-2.487253167e-04,4.974506360e-02
1.534000000e-02,-4.971503952e+00,-2.485627682e-04,4.971255390e-02
1.536000000e-02,-4.968056553e+00,-2.483904069e-04,4.967808163e-02
1.538000000e-02,-4.964413023e+00,-2.482082395e-04,4.964164815e-02
1.540000000e-02,-4.960573507e+00,-2.480162733e-04,4.960325491e-02
1.542000000e-02,-4.956538155e+00,-2.478145158e-04,4.956290341e-02
1.544000000e-02,-4.952307128e+00,-2.476029750e-04,4.952059526e-02
1.546000000e-02,-4.947880593e+00,-2.473816593e-04,4.947633212e-02
1.548000000e-02,-4.943258724e+00,-2.471505774e-04,4.943011574e-02
1.550000000e-02,-4.938441703e+00,-2.469097384e-04,4.938194794e-02
1.552000000e-02,-4.933429721e+00,-2.466591519e-04,4.933183062e-02
1.554000000e-02,-4.928222976e+00,-2.463988276e-04,4.927976577e-02
1.556000000e-02,-4.922821673e+00,-2.461287760e-04,4.922575544e-02
1.558000000e-02,-4.917226025e+00,-2.458490076e-04,4.916980176e-02
1.560000000e-02,-4.911436254e+00,-2.455595335e-04,4.911190695e-02
1.562000000e-02,-4.905452587e+00,-2.452603651e-04,4.905207327e-02
1.564000000e-02,-4.899275262e+00,-2.449515143e-04,4.899030311e-02
1.566000000e-02,-4.892904522e+00,-2.446329932e-04,4.892659889e-02
1.568000000e-02,-4.886340618e+00,-2.443048144e-04,4.886096314e-02
1.570000000e-02,-4.879583810e+00,-2.439669909e-04,4.879339843e-02
1.572000000e-02,-4.872634364e+00,-2.436195360e-04,4.872390745e-02
1.574000000e-02,-4.865492555e+00,-2.432624634e-04,4.865249293e-02
1.576000000e-02,-4.858158665e+00,-2.428957872e-04,4.857915769e-02
1.578000000e-02,-4.850632982e+00,-2.425195219e-04,4.850390463e-02
1.580000000e-02,-4.842915806e+00,-2.421336824e-04,4.842673672e-02
1.582000000e-02,-4.835007439e+00,-2.417382838e-04,4.834765701e-02
1.584000000e-02,-4.826908194e+00,-2.413333418e-04,4.826666861e-02
1.586000000e-02,-4.818618391e+00,-2.409188724e-04,4.818377473e-02
1.588000000e-02,-4.810138358e+00,-2.404948919e-04,4.809897864e-02
1.590000000e-02,-4.801468428e+00,-2.400614171e-04,4.801228367e-02
1.592000000e-02,-4.792608945e+00,-2.396184651e-04,4.792369327e-02
1.594000000e-02,-4.783560258e+00,-2.391660534e-04,4.783321092e-02
1.596000000e-02,-4.774322724e+00,-2.387041998e-04,4.774084020e-02
1.598000000e-02,-4.764896708e+00,-2.382329225e-04,4.764658475e-02
1.600000000e-02,-4.755282581e+00,-2.377522403e-04,4.755044830e-02
1.602000000e-02,-4.745480725e+00,-2.372621720e-04,4.745243463e-02
1.604000000e-02,-4.735491525e+00,-2.367627369e-04,4.735254763e-02
1.606000000e-02,-4.725315376e+00,-2.362539549e-04,4.725079122e-02
1.608000000e-02,-4.714952679e+00,-2.357358460e-04,4.714716944e-02
1.610000000e-02,-4.704403845e+00,-2.352084306e-04,4.704168637e-02
1.612000000e-02,-4.693669288e+00,-2.346717297e-04,4.693434617e-02
1.614000000e-02,-4.682749434e+00,-2.341257642e-04,4.682515308e-02
1.616000000e-02,-4.671644712e+00,-2.335705559e-04,4.671411142e-02
1.618000000e-02,-4.660355562e+00,-2.330061266e-04,4.660122557e-02
1.620000000e-02,-4.648882429e+00,-2.324324987e-04,4.648649997e-02
1.622000000e-02,-4.637225767e+00,-2.318496947e-04,4.636993917e-02
1.624000000e-02,-4.625386034e+00,-2.312577377e-04,4.625154777e-02
1.626000000e-02,-4.613363699e+00,-2.306566510e-04,4.613133043e-02
1.628000000e-02,-4.601159237e+00,-2.300464584e-04,4.600929191e-02
1.630000000e-02,-4.588773128e+00,-2.294271839e-04,4.588543702e-02
1.632000000e-02,-4.576205863e+00,-2.287988521e-04,4.575977065e-02
1.634000000e-02,-4.563457937e+00,-2.281614876e-04,4.563229776e-02
1.636000000e-02,-4.550529853e+00,-2.275151158e-04,4.550302339e-02
1.638000000e-02,-4.537422123e+00,-2.268597620e-04,4.537195263e-02
1.640000000e-02,-4.524135262e+00,-2.261954522e-04,4.523909067e-02
1.642000000e-02,-4.510669797e+00,-2.255222126e-04,4.510444275e-02
1.644000000e-02,-4.497026258e+00,-2.248400698e-04,4.496801418e-02
1.646000000e-02,-4.483205184e+00,-2.241490506e-04,4.482981035e-02
1.648000000e-02,-4.469207121e+00,-2.234491825e-04,4.468983672e-02
1.650000000e-02,-4.455032621e+00,-2.227404929e-04,4.454809881e-02
1.652000000e-02,-4.440682244e+00,-2.220230099e-04,4.440460222e-02
1.654000000e-02,-4.426156557e+00,-2.212967619e-04,4.425935260e-02
1.656000000e-02,-4.411456132e+00,-2.205617774e-04,4.411235571e-02
1.658000000e-02,-4.396581551e+00,-2.198180855e-04,4.396361733e-02
1.660000000e-02,-4.381533400e+00,-2.190657156e-04,4.381314335e-02
1.662000000e-02,-4.366312274e+00,-2.183046974e-04,4.366093970e-02
1.664000000e-02,-4.350918773e+00,-2.175350608e-04,4.350701239e-02
1.666000000e-02,-4.335353506e+00,-2.167568364e-04,4.335136749e-02
1.668000000e-02,-4.319617086e+00,-2.159700547e-04,4.319401116e-02
1.670000000e-02,-4.303710135e+00,-2.151747469e-04,4.303494961e-02
1.672000000e-02,-4.287633281e+00,-2.143709444e-04,4.287418910e-02
1.674000000e-02,-4.271387158e+00,-2.135586789e-04,4.271173600e-02
1.676000000e-02,-4.254972409e+00,-2.127379825e-04,4.254759671e-02
1.678000000e-02,-4.238389680e+00,-2.119088875e-04,4.238177772e-02
1.680000000e-02,-4.221639628e+00,-2.110714267e-04,4.221428557e-02
1.682000000e-02,-4.204722911e+00,-2.102256332e-04,4.204512686e-02
1.684000000e-02,-4.187640200e+00,-2.093715404e-04,4.187430829e-02
1.686000000e-02,-4.170392168e+00,-2.085091819e-04,4.170183659e-02
1.688000000e-02,-4.152979496e+00,-2.076385918e-04,4.152771858e-02
1.690000000e-02,-4.135402871e+00,-2.067598045e-04,4.135196112e-02
1.692000000e-02,-4.117662988e+00,-2.058728547e-04,4.117457116e-02
1.694000000e-02,-4.099760547e+00,-2.049777774e-04,4.099555569e-02
1.696000000e-02,-4.081696254e+00,-2.040746079e-04,4.081492179e-02
1.698000000e-02,-4.063470822e+00,-2.031633819e-04,4.063267659e-02
1.700000000e-02,-4.045084972e+00,-2.022441354e-04,4.044882728e-02
1.702000000e-02,-4.026539429e+00,-2.013169046e-04,4.026338112e-02
1.704000000e-02,-4.007834924e+00,-2.003817261e-04,4.007634543e-02
1.706000000e-02,-3.988972198e+00,-1.994386370e-04,3.988772759e-02
1.708000000e-02,-3.969951993e+00,-1.984876743e-04,3.969753506e-02
1.710000000e-02,-3.950775062e+00,-1.975288757e-04,3.950577533e-02
1.712000000e-02,-3.931442161e+00,-1.965622789e-04,3.931245599e-02
1.714000000e-02,-3.911954053e+00,-1.955879223e-04,3.911758465e-02
1.716000000e-02,-3.892311508e+00,-1.946058441e-04,3.892116902e-02
1.718000000e-02,-3.872515301e+00,-1.936160833e-04,3.872321685e-02
1.720000000e-02,-3.852566214e+00,-1.926186788e-04,3.852373596e-02
1.722000000e-02,-3.832465034e+00,-1.916136701e-04,3.832273421e-02
1.724000000e-02,-3.812212555e+00,-1.906010967e-04,3.812021954e-02
1.726000000e-02,-3.791809576e+00,-1.895809988e-04,3.791619996e-02
1.728000000e-02,-3.771256904e+00,-1.885534166e-04,3.771068351e-02
1.730000000e-02,-3.750555348e+00,-1.875183906e-04,3.750367830e-02
1.732000000e-02,-3.729705727e+00,-1.864759616e-04,3.729519252e-02
1.734000000e-02,-3.708708864e+00,-1.854261709e-04,3.708523438e-02
1.736000000e-02,-3.687565587e+00,-1.843690600e-04,3.687381218e-02
1.738000000e-02,-3.666276731e+00,-1.833046704e-04,3.666093427e-02
1.740000000e-02,-3.644843137e+00,-1.822330443e-04,3.644660904e-02
1.742000000e-02,-3.623265651e+00,-1.811542239e-04,3.623084497e-02
1.744000000e-02,-3.601545124e+00,-1.800682519e-04,3.601365057e-02
1.746000000e-02,-3.579682415e+00,-1.789751711e-04,3.579503440e-02
1.748000000e-02,-3.557678386e+00,-1.778750247e-04,3.557500511e-02
1.750000000e-02,-3.535533906e+00,-1.767678560e-04,3.535357138e-02
1.752000000e-02,-3.513249849e+00,-1.756537089e-04,3.513074196e-02
1.754000000e-02,-3.490827095e+00,-1.745326272e-04,3.490652563e-02
1.756000000e-02,-3.468266529e+00,-1.734046554e-04,3.468093125e-02
1.758000000e-02,-3.445569042e+00,-1.722698377e-04,3.445396772e-02
1.760000000e-02,-3.422735530e+00,-1.711282192e-04,3.422564402e-02
1.762000000e-02,-3.399766894e+00,-1.699798448e-04,3.399596914e-02
1.764000000e-02,-3.376664041e+00,-1.688247599e-04,3.376495216e-02
1.766000000e-02,-3.353427883e+00,-1.676630101e-04,3.353260220e-02
1.768000000e-02,-3.330059337e+00,-1.664946413e-04,3.329892843e-02
1.770000000e-02,-3.306559327e+00,-1.653196995e-04,3.306394007e-02
1.772000000e-02,-3.282928779e+00,-1.641382312e-04,3.282764641e-02
1.774000000e-02,-3.259168627e+00,-1.629502830e-04,3.259005677e-02
1.776000000e-02,-3.235279808e+00,-1.617559018e-04,3.235118052e-02
1.778000000e-02,-3.211263266e+00,-1.605551347e-04,3.211102711e-02
1.780000000e-02,-3.187119949e+00,-1.593480292e-04,3.186960601e-02
1.782000000e-02,-3.162850810e+00,-1.581346330e-04,3.162692675e-02
1.784000000e-02,-3.138456806e+00,-1.569149938e-04,3.138299892e-02
1.786000000e-02,-3.113938902e+00,-1.556891599e-04,3.113783214e-02
1.788000000e-02,-3.089298065e+00,-1.544571796e-04,3.089143609e-02
1.790000000e-02,-3.064535268e+00,-1.532191017e-04,3.064382049e-02
1.792000000e-02,-3.039651488e+00,-1.519749749e-04,3.039499514e-02
1.794000000e-02,-3.014647708e+00,-1.507248484e-04,3.014496984e-02
1.796000000e-02,-2.989524915e+00,-1.494687716e-04,2.989375447e-02
1.798000000e-02,-2.964284101e+00,-1.482067940e-04,2.964135894e-02
1.800000000e-02,-2.938926261e+00,-1.469389654e-04,2.938779323e-02
1.802000000e-02,-2.913452398e+00,-1.456653359e-04,2.913306733e-02
1.804000000e-02,-2.887863517e+00,-1.443859558e-04,2.887719131e-02
1.806000000e-02,-2.862160628e+00,-1.431008756e-04,2.862017527e-02
1.808000000e-02,-2.836344746e+00,-1.418101461e-04,2.836202936e-02
1.810000000e-02,-2.810416889e+00,-1.405138181e-04,2.810276376e-02
1.812000000e-02,-2.784378082e+00,-1.392119428e-04,2.784238871e-02
1.814000000e-02,-2.758229353e+00,-1.379045717e-04,2.758091449e-02
1.816000000e-02,-2.731971734e+00,-1.365917564e-04,2.731835142e-02
1.818000000e-02,-2.705606261e+00,-1.352735487e-04,2.705470987e-02
1.820000000e-02,-2.679133975e+00,-1.339500006e-04,2.679000025e-02
1.822000000e-02,-2.652555922e+00,-1.326211644e-04,2.652423301e-02
1.824000000e-02,-2.625873150e+00,-1.312870925e-04,2.625741863e-02
1.826000000e-02,-2.599086713e+00,-1.299478376e-04,2.598956766e-02
1.828000000e-02,-2.572197669e+00,-1.286034526e-04,2.572069066e-02
1.830000000e-02,-2.545207079e+00,-1.272539906e-04,2.545079825e-02
1.832000000e-02,-2.518116008e+00,-1.258995048e-04,2.517990109e-02
1.834000000e-02,-2.490925527e+00,-1.245400487e-04,2.490800987e-02
1.836000000e-02,-2.463636708e+00,-1.231756760e-04,2.463513532e-02
1.838000000e-02,-2.436250629e+00,-1.218064405e-04,2.436128822e-02
1.840000000e-02,-2.408768371e+00,-1.204323963e-04,2.408647938e-02
1.842000000e-02,-2.381191018e+00,-1.190535976e-04,2.381071965e-02
1.844000000e-02,-2.353519661e+00,-1.176700989e-04,2.353401991e-02
1.846000000e-02,-2.325755390e+00,-1.162819548e-04,2.325639109e-02
1.848000000e-02,-2.297899303e+00,-1.148892201e-04,2.297784414e-02
1.850000000e-02,-2.269952499e+00,-1.134919498e-04,2.269839007e-02
1.852000000e-02,-2.241916080e+00,-1.120901990e-04,2.241803990e-02
1.854000000e-02,-2.213791155e+00,-1.106840230e-04,2.213680471e-02
1.856000000e-02,-2.185578833e+00,-1.092734774e-04,2.185469560e-02
1.858000000e-02,-2.157280228e+00,-1.078586180e-04,2.157172370e-02
1.860000000e-02,-2.128896458e+00,-1.064395004e-04,2.128790019e-02
1.862000000e-02,-2.100428642e+00,-1.050161808e-04,2.100323626e-02
1.864000000e-02,-2.071877905e+00,-1.035887153e-04,2.071774316e-02
1.866000000e-02,-2.043245374e+00,-1.021571603e-04,2.043143217e-02
1.868000000e-02,-2.014532179e+00,-1.007215723e-04,2.014431457e-02
1.870000000e-02,-1.985739453e+00,-9.928200806e-05,1.985640171e-02
1.872000000e-02,-1.956868334e+00,-9.783852429e-05,1.956770496e-02
1.874000000e-02,-1.927919961e+00,-9.639117803e-05,1.927823570e-02
1.876000000e-02,-1.898895478e+00,-9.494002640e-05,1.898800538e-02
1.878000000e-02,-1.869796029e+00,-9.348512671e-05,1.869702544e-02
1.880000000e-02,-1.840622763e+00,-9.202653638e-05,1.840530737e-02
1.882000000e-02,-1.811376834e+00,-9.056431301e-05,1.811286269e-02
1.884000000e-02,-1.782059394e+00,-8.909851431e-05,1.781970295e-02
1.886000000e-02,-1.752671601e+00,-8.762919815e-05,1.752583972e-02
1.888000000e-02,-1.723214616e+00,-8.615642254e-05,1.723128460e-02
1.890000000e-02,-1.693689601e+00,-8.468024563e-05,1.693604921e-02
1.892000000e-02,-1.664097723e+00,-8.320072568e-05,1.664014522e-02
1.894000000e-02,-1.634440148e+00,-8.171792111e-05,1.634358431e-02
1.896000000e-02,-1.604718049e+00,-8.023189046e-05,1.604637817e-02
1.898000000e-02,-1.574932598e+00,-7.874269239e-05,1.574853856e-02
1.900000000e-02,-1.545084972e+00,-7.725038569e-05,1.545007722e-02
1.902000000e-02,-1.515176348e+00,-7.575502928e-05,1.515100593e-02
1.904000000e-02,-1.485207908e+00,-7.425668219e-05,1.485133651e-02
1.906000000e-02,-1.455180834e+00,-7.275540357e-05,1.455108079e-02
1.908000000e-02,-1.425096312e+00,-7.125125270e-05,1.425025061e-02
1.910000000e-02,-1.394955530e+00,-6.974428895e-05,1.394885786e-02
1.912000000e-02,-1.364759678e+00,-6.823457181e-05,1.364691443e-02
1.914000000e-02,-1.334509947e+00,-6.672216089e-05,1.334443225e-02
1.916000000e-02,-1.304207531e+00,-6.520711589e-05,1.304142324e-02
1.918000000e-02,-1.273853628e+00,-6.368949663e-05,1.273789939e-02
1.920000000e-02,-1.243449436e+00,-6.216936301e-05,1.243387267e-02
1.922000000e-02,-1.212996154e+00,-6.064677506e-05,1.212935507e-02
1.924000000e-02,-1.182494985e+00,-5.912179287e-05,1.182435863e-02
1.926000000e-02,-1.151947133e+00,-5.759447666e-05,1.151889539e-02
1.928000000e-02,-1.121353805e+00,-5.606488671e-05,1.121297740e-02
1.930000000e-02,-1.090716207e+00,-5.453308342e-05,1.090661674e-02
1.932000000e-02,-1.060035550e+00,-5.299912726e-05,1.059982551e-02
1.934000000e-02,-1.029313044e+00,-5.146307878e-05,1.029261581e-02
1.936000000e-02,-9.985499026e-01,-4.992499863e-05,9.984999777e-03
1.938000000e-02,-9.677473403e-01,-4.838494752e-05,9.676989554e-03
1.940000000e-02,-9.369065729e-01,-4.684298626e-05,9.368597300e-03
1.942000000e-02,-9.060288181e-01,-4.529917572e-05,9.059835191e-03
1.944000000e-02,-8.751152949e-01,-4.375357685e-05,8.750715414e-03
1.946000000e-02,-8.441672236e-01,-4.220625065e-05,8.441250174e-03
1.948000000e-02,-8.131858260e-01,-4.065725823e-05,8.131451688e-03
1.950000000e-02,-7.821723252e-01,-3.910666073e-05,7.821332186e-03
1.952000000e-02,-7.511279456e-01,-3.755451937e-05,7.510903912e-03
1.954000000e-02,-7.200539128e-01,-3.600089541e-05,7.200179119e-03
1.956000000e-02,-6.889514534e-01,-3.444585021e-05,6.889170076e-03
1.958000000e-02,-6.578217955e-01,-3.288944514e-05,6.577889061e-03
1.960000000e-02,-6.266661678e-01,-3.133174165e-05,6.266348361e-03
1.962000000e-02,-5.954858005e-01,-2.977280123e-05,5.954560277e-03
1.964000000e-02,-5.642819244e-01,-2.821268544e-05,5.642537117e-03
1.966000000e-02,-5.330557714e-01,-2.665145586e-05,5.330291200e-03
1.968000000e-02,-5.018085743e-01,-2.508917413e-05,5.017834851e-03
1.970000000e-02,-4.705415666e-01,-2.352590192e-05,4.705180407e-03
1.972000000e-02,-4.392559828e-01,-2.196170094e-05,4.392340211e-03
1.974000000e-02,-4.079530578e-01,-2.039663296e-05,4.079326612e-03
1.976000000e-02,-3.766340276e-01,-1.883075975e-05,3.766151969e-03
1.978000000e-02,-3.453001286e-01,-1.726414314e-05,3.452828645e-03
1.980000000e-02,-3.139525976e-01,-1.569684496e-05,3.139369008e-03
1.982000000e-02,-2.825926724e-01,-1.412892710e-05,2.825785435e-03
1.984000000e-02,-2.512215909e-01,-1.256045146e-05,2.512090305e-03
1.986000000e-02,-2.198405916e-01,-1.099147995e-05,2.198296001e-03
1.988000000e-02,-1.884509134e-01,-9.422074517e-06,1.884414913e-03
1.990000000e-02,-1.570537954e-01,-7.852297115e-06,1.570459431e-03
1.992000000e-02,-1.256504772e-01,-6.282209719e-06,1.256441950e-03
1.994000000e-02,-9.424219858e-02,-4.711874312e-06,9.423748671e-04
1.996000000e-02,-6.283019942e-02,-3.141352888e-06,6.282705807e-04
1.998000000e-02,-3.141571983e-02,-1.570707448e-06,3.141414912e-04
2.000000000e-02,-7.517354114e-13,-3.758489114e-17,7.516978266e-15
2.002000000e-02,3.141571983e-02,1.570707448e-06,-3.141414912e-04
2.004000000e-02,6.283019942e-02,3.141352887e-06,-6.282705807e-04
2.006000000e-02,9.424219858e-02,4.711874312e-06,-9.423748671e-04
2.008000000e-02,1.256504772e-01,6.282209719e-06,-1.256441950e-03
2.010000000e-02,1.570537954e-01,7.852297115e-06,-1.570459431e-03
2.012000000e-02,1.884509133e-01,9.422074517e-06,-1.884414913e-03
2.014000000e-02,2.198405916e-01,1.099147995e-05,-2.198296001e-03
2.016000000e-02,2.512215909e-01,1.256045146e-05,-2.512090305e-03
2.018000000e-02,2.825926724e-01,1.412892710e-05,-2.825785435e-03
2.020000000e-02,3.139525976e-01,1.569684496e-05,-3.139369008e-03
2.022000000e-02,3.453001286e-01,1.726414314e-05,-3.452828645e-03
2.024000000e-02,3.766340276e-01,1.883075975e-05,-3.766151969e-03
2.026000000e-02,4.079530578e-01,2.039663296e-05,-4.079326612e-03
2.028000000e-02,4.392559828e-01,2.196170094e-05,-4.392340211e-03
2.030000000e-02,4.705415666e-01,2.352590192e-05,-4.705180407e-03
2.032000000e-02,5.018085743e-01,2.508917413e-05,-5.017834851e-03
2.034000000e-02,5.330557714e-01,2.665145586e-05,-5.330291200e-03
2.036000000e-02,5.642819244e-01,2.821268544e-05,-5.642537117e-03
2.038000000e-02,5.954858005e-01,2.977280123e-05,-5.954560277e-03
2.040000000e-02,6.266661678e-01,3.133174165e-05,-6.266348361e-03
2.042000000e-02,6.578217955e-01,3.288944514e-05,-6.577889061e-03
2.044000000e-02,6.889514534e-01,3.444585021e-05,-6.889170076e-03
2.046000000e-02,7.200539128e-01,3.600089541e-05,-7.200179119e-03
2.048000000e-02,7.511279456e-01,3.755451937e-05,-7.510903912e-03
2.050000000e-02,7.821723252e-01,3.910666073e-05,-7.821332186e-03
2.052000000e-02,8.131858260e-01,4.065725823e-05,-8.131451688e-03
2.054000000e-02,8.441672236e-01,4.220625065e-05,-8.441250174e-03
2.056000000e-02,8.751152949e-01,4.375357685e-05,-8.750715414e-03
2.058000000e-02,9.060288181e-01,4.529917572e-05,-9.059835190e-03
2.060000000e-02,9.369065729e-01,4.684298626e-05,-9.368597300e-03
2.062000000e-02,9.677473403e-01,4.838494752e-05,-9.676989554e-03
2.064000000e-02,9.985499026e-01,4.992499863e-05,-9.984999777e-03
2.066000000e-02,1.029313044e+00,5.146307878e-05,-1.029261581e-02
2.068000000e-02,1.060035550e+00,5.299912726e-05,-1.059982551e-02
2.070000000e-02,1.090716207e+00,5.453308342e-05,-1.090661674e-02
2.072000000e-02,1.121353805e+00,5.606488671e-05,-1.121297740e-02
2.074000000e-02,1.151947133e+00,5.759447666e-05,-1.151889539e-02
2.076000000e-02,1.182494985e+00,5.912179287e-05,-1.182435863e-02
2.078000000e-02,1.212996154e+00,6.064677506e-05,-1.212935507e-02
2.080000000e-02,1.243449436e+00,6.216936301e-05,-1.243387267e-02
2.082000000e-02,1.273853628e+00,6.368949663e-05,-1.273789939e-02
2.084000000e-02,1.304207531e+00,6.520711589e-05,-1.304142324e-02
2.086000000e-02,1.334509947e+00,6.672216089e-05,-1.334443225e-02
2.088000000e-02,1.364759678e+00,6.823457181e-05,-1.364691443e-02
2.090000000e-02,1.394955530e+00,6.974428895e-05,-1.394885786e-02
2.092000000e-02,1.425096312e+00,7.125125270e-05,-1.425025061e-02
2.094000000e-02,1.455180834e+00,7.275540357e-05,-1.455108079e-02
2.096000000e-02,1.485207908e+00,7.425668219e-05,-1.485133651e-02
2.098000000e-02,1.515176348e+00,7.575502928e-05,-1.515100593e-02
2.100000000e-02,1.545084972e+00,7.725038569e-05,-1.545007722e-02
2.102000000e-02,1.574932598e+00,7.874269239e-05,-1.574853856e-02
2.104000000e-02,1.604718049e+00,8.023189046e-05,-1.604637817e-02
2.106000000e-02,1.634440148e+00,8.171792111e-05,-1.634358431e-02
2.108000000e-02,1.664097723e+00,8.320072568e-05,-1.664014522e-02
2.110000000e-02,1.693689601e+00,8.468024563e-05,-1.693604921e-02
2.112000000e-02,1.723214616e+00,8.615642254e-05,-1.723128460e-02
2.114000000e-02,1.752671601e+00,8.762919815e-05,-1.752583972e-02
2.116000000e-02,1.782059394e+00,8.909851431e-05,-1.781970295e-02
2.118000000e-02,1.811376834e+00,9.056431301e-05,-1.811286269e-02
2.120000000e-02,1.840622763e+00,9.202653638e-05,-1.840530737e-02
2.122000000e-02,1.869796029e+00,9.348512671e-05,-1.869702544e-02
2.124000000e-02,1.898895478e+00,9.494002640e-05,-1.898800538e-02
2.126000000e-02,1.927919961e+00,9.639117803e-05,-1.927823570e-02
2.128000000e-02,1.956868334e+00,9.783852429e-05,-1.956770496e-02
2.130000000e-02,1.985739453e+00,9.928200806e-05,-1.985640171e-02
2.132000000e-02,2.014532179e+00,1.007215723e-04,-2.014431457e-02
2.134000000e-02,2.043245374e+00,1.021571603e-04,-2.043143217e-02
2.136000000e-02,2.071877905e+00,1.035887153e-04,-2.071774316e-02
2.138000000e-02,2.100428642e+00,1.050161808e-04,-2.100323626e-02
2.140000000e-02,2.128896458e+00,1.064395004e-04,-2.128790019e-02
2.142000000e-02,2.157280228e+00,1.078586180e-04,-2.157172370e-02
2.144000000e-02,2.185578833e+00,1.092734774e-04,-2.185469560e-02
2.146000000e-02,2.213791155e+00,1.106840230e-04,-2.213680471e-02
2.148000000e-02,2.241916080e+00,1.120901990e-04,-2.241803990e-02
2.150000000e-02,2.269952499e+00,1.134919498e-04,-2.269839007e-02
2.152000000e-02,2.297899303e+00,1.148892201e-04,-2.297784414e-02
2.154000000e-02,2.325755390e+00,1.162819548e-04,-2.325639109e-02
2.156000000e-02,2.353519661e+00,1.176700989e-04,-2.353401991e-02
2.158000000e-02,2.381191018e+00,1.190535976e-04,-2.381071965e-02
2.160000000e-02,2.408768371e+00,1.204323963e-04,-2.408647938e-02
2.162000000e-02,2.436250629e+00,1.218064405e-04,-2.436128822e-02
2.164000000e-02,2.463636708e+00,1.231756760e-04,-2.463513532e-02
2.166000000e-02,2.490925527e+00,1.245400487e-04,-2.490800987e-02
2.168000000e-02,2.518116008e+00,1.258995048e-04,-2.517990109e-02
2.170000000e-02,2.545207079e+00,1.272539906e-04,-2.545079825e-02
2.172000000e-02,2.572197669e+00,1.286034526e-04,-2.572069066e-02
2.174000000e-02,2.599086713e+00,1.299478376e-04,-2.598956766e-02
2.176000000e-02,2.625873150e+00,1.312870925e-04,-2.625741863e-02
2.178000000e-02,2.652555922e+00,1.326211644e-04,-2.652423301e-02
2.180000000e-02,2.679133975e+00,1.339500006e-04,-2.679000025e-02
2.182000000e-02,2.705606261e+00,1.352735487e-04,-2.705470987e-02
2.184000000e-02,2.731971734e+00,1.365917564e-04,-2.731835142e-02
2.186000000e-02,2.758229353e+00,1.379045717e-04,-2.758091449e-02
2.188000000e-02,2.784378082e+00,1.392119428e-04,-2.784238871e-02
2.190000000e-02,2.810416889e+00,1.405138181e-04,-2.810276376e-02
2.192000000e-02,2.836344746e+00,1.418101461e-04,-2.836202936e-02
2.194000000e-02,2.862160628e+00,1.431008756e-04,-2.862017527e-02
2.196000000e-02,2.887863517e+00,1.443859558e-04,-2.887719131e-02
2.198000000e-02,2.913452398e+00,1.456653359e-04,-2.913306733e-02
2.200000000e-02,2.938926261e+00,1.469389654e-04,-2.938779323e-02
2.202000000e-02,2.964284101e+00,1.482067940e-04,-2.964135894e-02
2.204000000e-02,2.989524915e+00,1.494687716e-04,-2.989375447e-02
2.206000000e-02,3.014647708e+00,1.507248484e-04,-3.014496984e-02
2.208000000e-02,3.039651488e+00,1.519749749e-04,-3.039499514e-02
2.210000000e-02,3.064535268e+00,1.532191017e-04,-3.064382049e-02
2.212000000e-02,3.089298065e+00,1.544571796e-04,-3.089143609e-02
2.214000000e-02,3.113938902e+00,1.556891599e-04,-3.113783214e-02
2.216000000e-02,3.138456806e+00,1.569149938e-04,-3.138299892e-02
2.218000000e-02,3.162850810e+00,1.581346330e-04,-3.162692675e-02
2.220000000e-02,3.187119949e+00,1.593480292e-04,-3.186960601e-02
2.222000000e-02,3.211263266e+00,1.605551347e-04,-3.211102711e-02
2.224000000e-02,3.235279808e+00,1.617559018e-04,-3.235118052e-02
2.226000000e-02,3.259168627e+00,1.629502830e-04,-3.259005677e-02
2.228000000e-02,3.282928779e+00,1.641382312e-04,-3.282764641e-02
2.230000000e-02,3.306559327e+00,1.653196995e-04,-3.306394007e-02
2.232000000e-02,3.330059337e+00,1.664946413e-04,-3.329892843e-02
2.234000000e-02,3.353427883e+00,1.676630101e-04,-3.353260220e-02
2.236000000e-02,3.376664041e+00,1.688247599e-04,-3.376495216e-02
2.238000000e-02,3.399766894e+00,1.699798448e-04,-3.399596914e-02
2.240000000e-02,3.422735530e+00,1.711282192e-04,-3.422564402e-02
2.242000000e-02,3.445569042e+00,1.722698377e-04,-3.445396772e-02
2.244000000e-02,3.468266529e+00,1.734046554e-04,-3.468093125e-02
2.246000000e-02,3.490827095e+00,1.745326272e-04,-3.490652563e-02
2.248000000e-02,3.513249849e+00,1.756537089e-04,-3.513074196e-02
2.250000000e-02,3.535533906e+00,1.767678560e-04,-3.535357138e-02
2.252000000e-02,3.557678386e+00,1.778750247e-04,-3.557500511e-02
2.254000000e-02,3.579682415e+00,1.789751711e-04,-3.579503440e-02
2.256000000e-02,3.601545124e+00,1.800682519e-04,-3.601365057e-02
2.258000000e-02,3.623265651e+00,1.811542239e-04,-3.623084497e-02
2.260000000e-02,3.644843137e+00,1.822330443e-04,-3.644660904e-02
2.262000000e-02,3.666276731e+00,1.833046704e-04,-3.666093427e-02
2.264000000e-02,3.687565587e+00,1.843690600e-04,-3.687381218e-02
2.266000000e-02,3.708708864e+00,1.854261709e-04,-3.708523438e-02
2.268000000e-02,3.729705727e+00,1.864759616e-04,-3.729519252e-02
2.270000000e-02,3.750555348e+00,1.875183906e-04,-3.750367830e-02
2.272000000e-02,3.771256904e+00,1.885534166e-04,-3.771068351e-02
2.274000000e-02,3.791809576e+00,1.895809988e-04,-3.791619996e-02
2.276000000e-02,3.812212555e+00,1.906010967e-04,-3.812021954e-02
2.278000000e-02,3.832465034e+00,1.916136701e-04,-3.832273421e-02
2.280000000e-02,3.852566214e+00,1.926186788e-04,-3.852373596e-02
2.282000000e-02,3.872515301e+00,1.936160833e-04,-3.872321685e-02
2.284000000e-02,3.892311508e+00,1.946058441e-04,-3.892116902e-02
2.286000000e-02,3.911954053e+00,1.955879223e-04,-3.911758465e-02
2.288000000e-02,3.931442161e+00,1.965622789e-04,-3.931245599e-02
2.290000000e-02,3.950775062e+00,1.975288757e-04,-3.950577533e-02
2.292000000e-02,3.969951993e+00,1.984876743e-04,-3.969753506e-02
2.294000000e-02,3.988972198e+00,1.994386370e-04,-3.988772759e-02
2.296000000e-02,4.007834924e+00,2.003817261e-04,-4.007634543e-02
2.298000000e-02,4.026539429e+00,2.013169046e-04,-4.026338112e-02
2.300000000e-02,4.045084972e+00,2.022441354e-04,-4.044882728e-02
2.302000000e-02,4.063470822e+00,2.031633819e-04,-4.063267659e-02
2.304000000e-02,4.081696254e+00,2.040746079e-04,-4.081492179e-02
2.306000000e-02,4.099760547e+00,2.049777774e-04,-4.099555569e-02
2.308000000e-02,4.117662988e+00,2.058728547e-04,-4.117457116e-02
2.310000000e-02,4.135402871e+00,2.067598045e-04,-4.135196112e-02
2.312000000e-02,4.152979496e+00,2.076385918e-04,-4.152771858e-02
2.314000000e-02,4.170392168e+00,2.085091819e-04,-4.170183659e-02
2.316000000e-02,4.187640200e+00,2.093715404e-04,-4.187430829e-02
2.318000000e-02,4.204722911e+00,2.102256332e-04,-4.204512686e-02
2.320000000e-02,4.221639628e+00,2.110714267e-04,-4.221428557e-02
2.322000000e-02,4.238389680e+00,2.119088875e-04,-4.238177772e-02
2.324000000e-02,4.254972409e+00,2.127379825e-04,-4.254759671e-02
2.326000000e-02,4.271387158e+00,2.135586789e-04,-4.271173600e-02
2.328000000e-02,4.287633281e+00,2.143709444e-04,-4.287418910e-02
2.330000000e-02,4.303710135e+00,2.151747469e-04,-4.303494961e-02
2.332000000e-02,4.319617086e+00,2.159700547e-04,-4.319401116e-02
2.334000000e-02,4.335353506e+00,2.167568364e-04,-4.335136749e-02
2.336000000e-02,4.350918773e+00,2.175350608e-04,-4.350701239e-02
2.338000000e-02,4.366312274e+00,2.183046974e-04,-4.366093970e-02
2.340000000e-02,4.381533400e+00,2.190657156e-04,-4.381314335e-02
2.342000000e-02,4.396581551e+00,2.198180855e-04,-4.396361733e-02
2.344000000e-02,4.411456132e+00,2.205617774e-04,-4.411235571e-02
2.346000000e-02,4.426156557e+00,2.212967619e-04,-4.425935260e-02
2.348000000e-02,4.440682244e+00,2.220230099e-04,-4.440460222e-02
2.350000000e-02,4.455032621e+00,2.227404929e-04,-4.454809881e-02
2.352000000e-02,4.469207121e+00,2.234491825e-04,-4.468983672e-02
2.354000000e-02,4.483205184e+00,2.241490506e-04,-4.482981035e-02
2.356000000e-02,4.497026258e+00,2.248400698e-04,-4.496801418e-02
2.358000000e-02,4.510669797e+00,2.255222126e-04,-4.510444275e-02
2.360000000e-02,4.524135262e+00,2.261954522e-04,-4.523909067e-02
2.362000000e-02,4.537422123e+00,2.268597620e-04,-4.537195263e-02
2.364000000e-02,4.550529853e+00,2.275151158e-04,-4.550302339e-02
2.366000000e-02,4.563457937e+00,2.281614876e-04,-4.563229776e-02
2.368000000e-02,4.576205863e+00,2.287988521e-04,-4.575977065e-02
2.370000000e-02,4.588773128e+00,2.294271839e-04,-4.588543702e-02
2.372000000e-02,4.601159237e+00,2.300464584e-04,-4.600929191e-02
2.374000000e-02,4.613363699e+00,2.306566510e-04,-4.613133043e-02
2.376000000e-02,4.625386034e+00,2.312577377e-04,-4.625154777e-02
2.378000000e-02,4.637225767e+00,2.318496947e-04,-4.636993917e-02
2.380000000e-02,4.648882429e+00,2.324324987e-04,-4.648649997e-02
2.382000000e-02,4.660355562e+00,2.330061266e-04,-4.660122557e-02
2.384000000e-02,4.671644712e+00,2.335705559e-04,-4.671411142e-02
2.386000000e-02,4.682749434e+00,2.341257642e-04,-4.682515308e-02
2.388000000e-02,4.693669288e+00,2.346717297e-04,-4.693434617e-02
2.390000000e-02,4.704403845e+00,2.352084306e-04,-4.704168637e-02
2.392000000e-02,4.714952679e+00,2.357358460e-04,-4.714716944e-02
2.394000000e-02,4.725315376e+00,2.362539549e-04,-4.725079122e-02
2.396000000e-02,4.735491525e+00,2.367627369e-04,-4.735254763e-02
2.398000000e-02,4.745480725e+00,2.372621720e-04,-4.745243463e-02
2.400000000e-02,4.755282581e+00,2.377522403e-04,-4.755044830e-02
2.402000000e-02,4.764896708e+00,2.382329225e-04,-4.764658475e-02
2.404000000e-02,4.774322724e+00,2.387041998e-04,-4.774084020e-02
2.406000000e-02,4.783560258e+00,2.391660534e-04,-4.783321092e-02
2.408000000e-02,4.792608945e+00,2.396184651e-04,-4.792369327e-02
2.410000000e-02,4.801468428e+00,2.400614171e-04,-4.801228367e-02
2.412000000e-02,4.810138358e+00,2.404948919e-04,-4.809897864e-02
2.414000000e-02,4.818618391e+00,2.409188724e-04,-4.818377473e-02
2.416000000e-02,4.826908194e+00,2.413333418e-04,-4.826666861e-02
2.418000000e-02,4.835007439e+00,2.417382838e-04,-4.834765701e-02
2.420000000e-02,4.842915806e+00,2.421336824e-04,-4.842673672e-02
2.422000000e-02,4.850632982e+00,2.425195219e-04,-4.850390463e-02
2.424000000e-02,4.858158665e+00,2.428957872e-04,-4.857915769e-02
2.426000000e-02,4.865492555e+00,2.432624634e-04,-4.865249293e-02
2.428000000e-02,4.872634364e+00,2.436195360e-04,-4.872390745e-02
2.430000000e-02,4.879583810e+00,2.439669909e-04,-4.879339843e-02
2.432000000e-02,4.886340618e+00,2.443048144e-04,-4.886096314e-02
2.434000000e-02,4.892904522e+00,2.446329932e-04,-4.892659889e-02
2.436000000e-02,4.899275262e+00,2.449515143e-04,-4.899030311e-02
2.438000000e-02,4.905452587e+00,2.452603651e-04,-4.905207327e-02
2.440000000e-02,4.911436254e+00,2.455595335e-04,-4.911190695e-02
2.442000000e-02,4.917226025e+00,2.458490076e-04,-4.916980176e-02
2.444000000e-02,4.922821673e+00,2.461287760e-04,-4.922575544e-02
2.446000000e-02,4.928222976e+00,2.463988276e-04,-4.927976577e-02
2.448000000e-02,4.933429721e+00,2.466591519e-04,-4.933183062e-02
2.450000000e-02,4.938441703e+00,2.469097384e-04,-4.938194794e-02
2.452000000e-02,4.943258724e+00,2.471505774e-04,-4.943011574e-02
2.454000000e-02,4.947880593e+00,2.473816593e-04,-4.947633212e-02
2.456000000e-02,4.952307128e+00,2.476029750e-04,-4.952059526e-02
2.458000000e-02,4.956538155e+00,2.478145158e-04,-4.956290341e-02
2.460000000e-02,4.960573507e+00,2.480162733e-04,-4.960325491e-02
2.462000000e-02,4.964413023e+00,2.482082395e-04,-4.964164815e-02
2.464000000e-02,4.968056553e+00,2.483904069e-04,-4.967808163e-02
2.466000000e-02,4.971503952e+00,2.485627682e-04,-4.971255390e-02
2.468000000e-02,4.974755085e+00,2.487253167e-04,-4.974506360e-02
2.470000000e-02,4.977809823e+00,2.488780460e-04,-4.977560945e-02
2.472000000e-02,4.980668046e+00,2.490209500e-04,-4.980419025e-02
2.474000000e-02,4.983329640e+00,2.491540231e-04,-4.983080487e-02
2.476000000e-02,4.985794501e+00,2.492772600e-04,-4.985545225e-02
2.478000000e-02,4.988062532e+00,2.493906558e-04,-4.987813142e-02
2.480000000e-02,4.990133642e+00,2.494942061e-04,-4.989884148e-02
2.482000000e-02,4.992007751e+00,2.495879069e-04,-4.991758163e-02
2.484000000e-02,4.993684783e+00,2.496717543e-04,-4.993435112e-02
2.486000000e-02,4.995164673e+00,2.497457451e-04,-4.994914928e-02
2.488000000e-02,4.996447363e+00,2.498098764e-04,-4.996197554e-02
2.490000000e-02,4.997532802e+00,2.498641456e-04,-4.997282938e-02
2.492000000e-02,4.998420946e+00,2.499085506e-04,-4.998171038e-02
2.494000000e-02,4.999111762e+00,2.499430897e-04,-4.998861819e-02
2.496000000e-02,4.999605221e+00,2.499677614e-04,-4.999355254e-02
2.498000000e-02,4.999901304e+00,2.499825648e-04,-4.999651322e-02
2.500000000e-02,5.000000000e+00,2.499874994e-04,-4.999750013e-02
2.502000000e-02,4.999901304e+00,2.499825648e-04,-4.999651322e-02
2.504000000e-02,4.999605221e+00,2.499677614e-04,-4.999355254e-02
2.506000000e-02,4.999111762e+00,2.499430897e-04,-4.998861819e-02
2.508000000e-02,4.998420946e+00,2.499085506e-04,-4.998171038e-02
2.510000000e-02,4.997532802e+00,2.498641456e-04,-4.997282938e-02
2.512000000e-02,4.996447363e+00,2.498098764e-04,-4.996197554e-02
2.514000000e-02,4.995164673e+00,2.497457451e-04,-4.994914928e-02
2.516000000e-02,4.993684783e+00,2.496717543e-04,-4.993435112e-02
2.518000000e-02,4.992007751e+00,2.495879069e-04,-4.991758163e-02
2.520000000e-02,4.990133642e+00,2.494942061e-04,-4.989884148e-02
2.522000000e-02,4.988062532e+00,2.493906558e-04,-4.987813142e-02
2.524000000e-02,4.985794501e+00,2.492772600e-04,-4.985545225e-02
2.526000000e-02,4.983329640e+00,2.491540231e-04,-4.983080487e-02
2.528000000e-02,4.980668046e+00,2.490209500e-04,-4.980419025e-02
2.530000000e-02,4.977809823e+00,2.488780460e-04,-4.977560945e-02
2.532000000e-02,4.974755085e+00,2.487253167e-04,-4.974506360e-02
2.534000000e-02,4.971503952e+00,2.485627682e-04,-4.971255390e-02
2.536000000e-02,4.968056553e+00,2.483904069e-04,-4.967808163e-02
2.538000000e-02,4.964413023e+00,2.482082395e-04,-4.964164815e-02
2.540000000e-02,4.960573507e+00,2.480162733e-04,-4.960325491e-02
2.542000000e-02,4.956538155e+00,2.478145158e-04,-4.956290341e-02
2.544000000e-02,4.952307128e+00,2.476029750e-04,-4.952059526e-02
2.546000000e-02,4.947880593e+00,2.473816593e-04,-4.947633212e-02
2.548000000e-02,4.943258724e+00,2.471505774e-04,-4.943011574e-02
2.550000000e-02,4.938441703e+00,2.469097384e-04,-4.938194794e-02
2.552000000e-02,4.933429721e+00,2.466591519e-04,-4.933183062e-02
2.554000000e-02,4.928222976e+00,2.463988276e-04,-4.927976577e-02
2.556000000e-02,4.922821673e+00,2.461287760e-04,-4.922575544e-02
2.558000000e-02,4.917226025e+00,2.458490076e-04,-4.916980176e-02
2.560000000e-02,4.911436254e+00,2.455595335e-04,-4.911190695e-02
2.562000000e-02,4.905452587e+00,2.452603651e-04,-4.905207327e-02
2.564000000e-02,4.899275262e+00,2.449515143e-04,-4.899030311e-02
2.566000000e-02,4.892904522e+00,2.446329932e-04,-4.892659889e-02
2.568000000e-02,4.886340618e+00,2.443048144e-04,-4.886096314e-02
2.570000000e-02,4.879583810e+00,2.439669909e-04,-4.879339843e-02
2.572000000e-02,4.872634364e+00,2.436195360e-04,-4.872390745e-02
2.574000000e-02,4.865492555e+00,2.432624634e-04,-4.865249293e-02
2.576000000e-02,4.858158665e+00,2.428957872e-04,-4.857915769e-02
2.578000000e-02,4.850632982e+00,2.425195219e-04,-4.850390463e-02
2.580000000e-02,4.842915806e+00,2.421336824e-04,-4.842673672e-02
2.582000000e-02,4.835007439e+00,2.417382838e-04,-4.834765701e-02
2.584000000e-02,4.826908194e+00,2.413333418e-04,-4.826666861e-02
2.586000000e-02,4.818618391e+00,2.409188724e-04,-4.818377473e-02
2.588000000e-02,4.810138358e+00,2.404948919e-04,-4.809897864e-02
2.590000000e-02,4.801468428e+00,2.400614171e-04,-4.801228367e-02
2.592000000e-02,4.792608945e+00,2.396184651e-04,-4.792369327e-02
2.594000000e-02,4.783560258e+00,2.391660534e-04,-4.783321092e-02
2.596000000e-02,4.774322724e+00,2.387041998e-04,-4.774084020e-02
2.598000000e-02,4.764896708e+00,2.382329225e-04,-4.764658475e-02
2.600000000e-02,4.755282581e+00,2.377522403e-04,-4.755044830e-02
2.602000000e-02,4.745480725e+00,2.372621720e-04,-4.745243463e-02
2.604000000e-02,4.735491525e+00,2.367627369e-04,-4.735254763e-02
2.606000000e-02,4.725315376e+00,2.362539549e-04,-4.725079122e-02
2.608000000e-02,4.714952679e+00,2.357358460e-04,-4.714716944e-02
2.610000000e-02,4.704403845e+00,2.352084306e-04,-4.704168637e-02
2.612000000e-02,4.693669288e+00,2.346717297e-04,-4.693434617e-02
2.614000000e-02,4.682749434e+00,2.341257642e-04,-4.682515308e-02
2.616000000e-02,4.671644712e+00,2.335705559e-04,-4.671411142e-02
2.618000000e-02,4.660355562e+00,2.330061266e-04,-4.660122557e-02
2.620000000e-02,4.648882429e+00,2.324324987e-04,-4.648649997e-02
2.622000000e-02,4.637225767e+00,2.318496947e-04,-4.636993917e-02
2.624000000e-02,4.625386034e+00,2.312577377e-04,-4.625154777e-02
2.626000000e-02,4.613363699e+00,2.306566510e-04,-4.613133043e-02
2.628000000e-02,4.601159237e+00,2.300464584e-04,-4.600929191e-02
2.630000000e-02,4.588773128e+00,2.294271839e-04,-4.588543702e-02
2.632000000e-02,4.576205863e+00,2.287988521e-04,-4.575977065e-02
2.634000000e-02,4.563457937e+00,2.281614876e-04,-4.563229776e-02
2.636000000e-02,4.550529853e+00,2.275151158e-04,-4.550302339e-02
2.638000000e-02,4.537422123e+00,2.268597620e-04,-4.537195263e-02
2.640000000e-02,4.524135262e+00,2.261954522e-04,-4.523909067e-02
2.642000000e-02,4.510669797e+00,2.255222126e-04,-4.510444275e-02
2.644000000e-02,4.497026258e+00,2.248400698e-04,-4.496801418e-02
2.646000000e-02,4.483205184e+00,2.241490506e-04,-4.482981035e-02
2.648000000e-02,4.469207121e+00,2.234491825e-04,-4.468983672e-02
2.650000000e-02,4.455032621e+00,2.227404929e-04,-4.454809881e-02
2.652000000e-02,4.440682244e+00,2.220230099e-04,-4.440460222e-02
2.654000000e-02,4.426156557e+00,2.212967619e-04,-4.425935260e-02
2.656000000e-02,4.411456132e+00,2.205617774e-04,-4.411235571e-02
2.658000000e-02,4.396581551e+00,2.198180855e-04,-4.396361733e-02
2.660000000e-02,4.381533400e+00,2.190657156e-04,-4.381314335e-02
2.662000000e-02,4.366312274e+00,2.183046974e-04,-4.366093970e-02
2.664000000e-02,4.350918773e+00,2.175350608e-04,-4.350701239e-02
2.666000000e-02,4.335353506e+00,2.167568364e-04,-4.335136749e-02
2.668000000e-02,4.319617086e+00,2.159700547e-04,-4.319401116e-02
2.670000000e-02,4.303710135e+00,2.151747469e-04,-4.303494961e-02
2.672000000e-02,4.287633281e+00,2.143709444e-04,-4.287418910e-02
2.674000000e-02,4.271387158e+00,2.135586789e-04,-4.271173600e-02
2.676000000e-02,4.254972409e+00,2.127379825e-04,-4.254759671e-02
2.678000000e-02,4.238389680e+00,2.119088875e-04,-4.238177772e-02
2.680000000e-02,4.221639628e+00,2.110714267e-04,-4.221428557e-02
2.682000000e-02,4.204722911e+00,2.102256332e-04,-4.204512686e-02
2.684000000e-02,4.187640200e+00,2.093715404e-04,-4.187430829e-02
2.686000000e-02,4.170392168e+00,2.085091819e-04,-4.170183659e-02
2.688000000e-02,4.152979496e+00,2.076385918e-04,-4.152771858e-02
2.690000000e-02,4.135402871e+00,2.067598045e-04,-4.135196112e-02
2.692000000e-02,4.117662988e+00,2.058728547e-04,-4.117457116e-02
2.694000000e-02,4.099760547e+00,2.049777774e-04,-4.099555569e-02
2.696000000e-02,4.081696254e+00,2.040746079e-04,-4.081492179e-02
2.698000000e-02,4.063470822e+00,2.031633819e-04,-4.063267659e-02
2.700000000e-02,4.045084972e+00,2.022441354e-04,-4.044882728e-02
2.702000000e-02,4.026539429e+00,2.013169046e-04,-4.026338112e-02
2.704000000e-02,4.007834924e+00,2.003817261e-04,-4.007634543e-02
2.706000000e-02,3.988972198e+00,1.994386370e-04,-3.988772759e-02
2.708000000e-02,3.969951993e+00,1.984876743e-04,-3.969753506e-02
2.710000000e-02,3.950775062e+00,1.975288757e-04,-3.950577533e-02
2.712000000e-02,3.931442161e+00,1.965622789e-04,-3.931245599e-02
2.714000000e-02,3.911954053e+00,1.955879223e-04,-3.911758465e-02
2.716000000e-02,3.892311508e+00,1.946058441e-04,-3.892116902e-02
2.718000000e-02,3.872515301e+00,1.936160833e-04,-3.872321685e-02
2.720000000e-02,3.852566214e+00,1.926186788e-04,-3.852373596e-02
2.722000000e-02,3.832465034e+00,1.916136701e-04,-3.832273421e-02
2.724000000e-02,3.812212555e+00,1.906010967e-04,-3.812021954e-02
2.726000000e-02,3.791809576e+00,1.895809988e-04,-3.791619996e-02
2.728000000e-02,3.771256904e+00,1.885534166e-04,-3.771068351e-02
2.730000000e-02,3.750555348e+00,1.875183906e-04,-3.750367830e-02
2.732000000e-02,3.729705727e+00,1.864759616e-04,-3.729519252e-02
2.734000000e-02,3.708708864e+00,1.854261709e-04,-3.708523438e-02
2.736000000e-02,3.687565587e+00,1.843690600e-04,-3.687381218e-02
2.738000000e-02,3.666276731e+00,1.833046704e-04,-3.666093427e-02
2.740000000e-02,3.644843137e+00,1.822330443e-04,-3.644660904e-02
2.742000000e-02,3.623265651e+00,1.811542239e-04,-3.623084497e-02
2.744000000e-02,3.601545124e+00,1.800682519e-04,-3.601365057e-02
2.746000000e-02,3.579682415e+00,1.789751711e-04,-3.579503440e-02
2.748000000e-02,3.557678386e+00,1.778750247e-04,-3.557500511e-02
2.750000000e-02,3.535533906e+00,1.767678560e-04,-3.535357138e-02
2.752000000e-02,3.513249849e+00,1.756537089e-04,-3.513074196e-02
2.754000000e-02,3.490827095e+00,1.745326272e-04,-3.490652563e-02
2.756000000e-02,3.468266529e+00,1.734046554e-04,-3.468093125e-02
2.758000000e-02,3.445569042e+00,1.722698377e-04,-3.445396772e-02
2.760000000e-02,3.422735530e+00,1.711282192e-04,-3.422564402e-02
2.762000000e-02,3.399766894e+00,1.699798448e-04,-3.399596914e-02
2.764000000e-02,3.376664041e+00,1.688247599e-04,-3.376495216e-02
2.766000000e-02,3.353427883e+00,1.676630101e-04,-3.353260220e-02
2.768000000e-02,3.330059337e+00,1.664946413e-04,-3.329892843e-02
2.770000000e-02,3.306559327e+00,1.653196995e-04,-3.306394007e-02
2.772000000e-02,3.282928779e+00,1.641382312e-04,-3.282764641e-02
2.774000000e-02,3.259168627e+00,1.629502830e-04,-3.259005677e-02
2.776000000e-02,3.235279808e+00,1.617559018e-04,-3.235118052e-02
2.778000000e-02,3.211263266e+00,1.605551347e-04,-3.211102711e-02
2.780000000e-02,3.187119949e+00,1.593480292e-04,-3.186960601e-02
2.782000000e-02,3.162850810e+00,1.581346330e-04,-3.162692675e-02
2.784000000e-02,3.138456806e+00,1.569149938e-04,-3.138299892e-02
2.786000000e-02,3.113938902e+00,1.556891599e-04,-3.113783214e-02
2.788000000e-02,3.089298065e+00,1.544571796e-04,-3.089143609e-02
2.790000000e-02,3.064535268e+00,1.532191017e-04,-3.064382049e-02
2.792000000e-02,3.039651488e+00,1.519749749e-04,-3.039499514e-02
2.794000000e-02,3.014647708e+00,1.507248484e-04,-3.014496984e-02
2.796000000e-02,2.989524915e+00,1.494687716e-04,-2.989375447e-02
2.798000000e-02,2.964284101e+00,1.482067940e-04,-2.964135894e-02
2.800000000e-02,2.938926261e+00,1.469389654e-04,-2.938779323e-02
2.802000000e-02,2.913452398e+00,1.456653359e-04,-2.913306733e-02
2.804000000e-02,2.887863517e+00,1.443859558e-04,-2.887719131e-02
2.806000000e-02,2.862160628e+00,1.431008756e-04,-2.862017527e-02
2.808000000e-02,2.836344746e+00,1.418101461e-04,-2.836202936e-02
2.810000000e-02,2.810416889e+00,1.405138181e-04,-2.810276376e-02
2.812000000e-02,2.784378082e+00,1.392119428e-04,-2.784238871e-02
2.814000000e-02,2.758229353e+00,1.379045717e-04,-2.758091449e-02
2.816000000e-02,2.731971734e+00,1.365917564e-04,-2.731835142e-02
2.818000000e-02,2.705606261e+00,1.352735487e-04,-2.705470987e-02
2.820000000e-02,2.679133975e+00,1.339500006e-04,-2.679000025e-02
2.822000000e-02,2.652555922e+00,1.326211644e-04,-2.652423301e-02
2.824000000e-02,2.625873150e+00,1.312870925e-04,-2.625741863e-02
2.826000000e-02,2.599086713e+00,1.299478376e-04,-2.598956766e-02
2.828000000e-02,2.572197669e+00,1.286034526e-04,-2.572069066e-02
2.830000000e-02,2.545207079e+00,1.272539906e-04,-2.545079825e-02
2.832000000e-02,2.518116008e+00,1.258995048e-04,-2.517990109e-02
2.834000000e-02,2.490925527e+00,1.245400487e-04,-2.490800987e-02
2.836000000e-02,2.463636708e+00,1.231756760e-04,-2.463513532e-02
2.838000000e-02,2.436250629e+00,1.218064405e-04,-2.436128822e-02
2.840000000e-02,2.408768371e+00,1.204323963e-04,-2.408647938e-02
2.842000000e-02,2.381191018e+00,1.190535976e-04,-2.381071965e-02
2.844000000e-02,2.353519661e+00,1.176700989e-04,-2.353401991e-02
2.846000000e-02,2.325755390e+00,1.162819548e-04,-2.325639109e-02
2.848000000e-02,2.297899303e+00,1.148892201e-04,-2.297784414e-02
2.850000000e-02,2.269952499e+00,1.134919498e-04,-2.269839007e-02
2.852000000e-02,2.241916080e+00,1.120901990e-04,-2.241803990e-02
2.854000000e-02,2.213791155e+00,1.106840230e-04,-2.213680471e-02
2.856000000e-02,2.185578833e+00,1.092734774e-04,-2.185469560e-02
2.858000000e-02,2.157280228e+00,1.078586180e-04,-2.157172370e-02
2.860000000e-02,2.128896458e+00,1.064395004e-04,-2.128790019e-02
2.862000000e-02,2.100428642e+00,1.050161808e-04,-2.100323626e-02
2.864000000e-02,2.071877905e+00,1.035887153e-04,-2.071774316e-02
2.866000000e-02,2.043245374e+00,1.021571603e-04,-2.043143217e-02
2.868000000e-02,2.014532179e+00,1.007215723e-04,-2.014431457e-02
2.870000000e-02,1.985739453e+00,9.928200806e-05,-1.985640171e-02
2.872000000e-02,1.956868334e+00,9.783852429e-05,-1.956770496e-02
2.874000000e-02,1.927919961e+00,9.639117803e-05,-1.927823570e-02
2.876000000e-02,1.898895478e+00,9.494002640e-05,-1.898800538e-02
2.878000000e-02,1.869796029e+00,9.348512671e-05,-1.869702544e-02
2.880000000e-02,1.840622763e+00,9.202653638e-05,-1.840530737e-02
2.882000000e-02,1.811376834e+00,9.056431301e-05,-1.811286269e-02
2.884000000e-02,1.782059394e+00,8.909851431e-05,-1.781970295e-02
2.886000000e-02,1.752671601e+00,8.762919815e-05,-1.752583972e-02
2.888000000e-02,1.723214616e+00,8.615642254e-05,-1.723128460e-02
2.890000000e-02,1.693689601e+00,8.468024563e-05,-1.693604921e-02
2.892000000e-02,1.664097723e+00,8.320072568e-05,-1.664014522e-02
2.894000000e-02,1.634440148e+00,8.171792111e-05,-1.634358431e-02
2.896000000e-02,1.604718049e+00,8.023189046e-05,-1.604637817e-02
2.898000000e-02,1.574932598e+00,7.874269239e-05,-1.574853856e-02
2.900000000e-02,1.545084972e+00,7.725038569e-05,-1.545007722e-02
2.902000000e-02,1.515176348e+00,7.575502928e-05,-1.515100593e-02
2.904000000e-02,1.485207908e+00,7.425668219e-05,-1.485133651e-02
2.906000000e-02,1.455180834e+00,7.275540357e-05,-1.455108079e-02
2.908000000e-02,1.425096312e+00,7.125125270e-05,-1.425025061e-02
2.910000000e-02,1.394955530e+00,6.974428895e-05,-1.394885786e-02
2.912000000e-02,1.364759678e+00,6.823457181e-05,-1.364691443e-02
2.914000000e-02,1.334509947e+00,6.672216089e-05,-1.334443225e-02
2.916000000e-02,1.304207531e+00,6.520711589e-05,-1.304142324e-02
2.918000000e-02,1.273853628e+00,6.368949663e-05,-1.273789939e-02
2.920000000e-02,1.243449436e+00,6.216936301e-05,-1.243387267e-02
2.922000000e-02,1.212996154e+00,6.064677506e-05,-1.212935507e-02
2.924000000e-02,1.182494985e+00,5.912179287e-05,-1.182435863e-02
2.926000000e-02,1.151947133e+00,5.759447666e-05,-1.151889539e-02
2.928000000e-02,1.121353805e+00,5.606488671e-05,-1.121297740e-02
2.930000000e-02,1.090716207e+00,5.453308342e-05,-1.090661674e-02
2.932000000e-02,1.060035550e+00,5.299912726e-05,-1.059982551e-02
2.934000000e-02,1.029313044e+00,5.146307878e-05,-1.029261581e-02
2.936000000e-02,9.985499026e-01,4.992499863e-05,-9.984999777e-03
2.938000000e-02,9.677473403e-01,4.838494752e-05,-9.676989554e-03
2.940000000e-02,9.369065729e-01,4.684298626e-05,-9.368597300e-03
2.942000000e-02,9.060288181e-01,4.529917572e-05,-9.059835191e-03
2.944000000e-02,8.751152949e-01,4.375357685e-05,-8.750715414e-03
2.946000000e-02,8.441672236e-01,4.220625065e-05,-8.441250174e-03
2.948000000e-02,8.131858260e-01,4.065725823e-05,-8.131451688e-03
2.950000000e-02,7.821723252e-01,3.910666073e-05,-7.821332186e-03
2.952000000e-02,7.511279456e-01,3.755451937e-05,-7.510903912e-03
2.954000000e-02,7.200539128e-01,3.600089541e-05,-7.200179119e-03
2.956000000e-02,6.889514534e-01,3.444585021e-05,-6.889170076e-03
2.958000000e-02,6.578217955e-01,3.288944514e-05,-6.577889061e-03
2.960000000e-02,6.266661678e-01,3.133174165e-05,-6.266348361e-03
2.962000000e-02,5.954858005e-01,2.977280123e-05,-5.954560277e-03
2.964000000e-02,5.642819244e-01,2.821268544e-05,-5.642537117e-03
2.966000000e-02,5.330557714e-01,2.665145586e-05,-5.330291200e-03
2.968000000e-02,5.018085743e-01,2.508917413e-05,-5.017834851e-03
2.970000000e-02,4.705415666e-01,2.352590192e-05,-4.705180407e-03
2.972000000e-02,4.392559828e-01,2.196170094e-05,-4.392340211e-03
2.974000000e-02,4.079530578e-01,2.039663296e-05,-4.079326612e-03
2.976000000e-02,3.766340276e-01,1.883075975e-05,-3.766151969e-03
2.978000000e-02,3.453001286e-01,1.726414314e-05,-3.452828645e-03
2.980000000e-02,3.139525976e-01,1.569684496e-05,-3.139369008e-03
2.982000000e-02,2.825926724e-01,1.412892710e-05,-2.825785435e-03
2.984000000e-02,2.512215909e-01,1.256045146e-05,-2.512090305e-03
2.986000000e-02,2.198405916e-01,1.099147995e-05,-2.198296001e-03
2.988000000e-02,1.884509134e-01,9.422074517e-06,-1.884414913e-03
2.990000000e-02,1.570537954e-01,7.852297115e-06,-1.570459431e-03
2.992000000e-02,1.256504772e-01,6.282209719e-06,-1.256441950e-03
2.994000000e-02,9.424219858e-02,4.711874312e-06,-9.423748671e-04
2.996000000e-02,6.283019942e-02,3.141352888e-06,-6.282705807e-04
2.998000000e-02,3.141571983e-02,1.570707448e-06,-3.141414912e-04
3.000000000e-02,1.387395305e-12,6.936629945e-17,-1.387325939e-14
3.002000000e-02,-3.141571983e-02,-1.570707448e-06,3.141414912e-04
3.004000000e-02,-6.283019942e-02,-3.141352887e-06,6.282705807e-04
3.006000000e-02,-9.424219858e-02,-4.711874312e-06,9.423748671e-04
3.008000000e-02,-1.256504772e-01,-6.282209719e-06,1.256441950e-03
3.010000000e-02,-1.570537954e-01,-7.852297115e-06,1.570459431e-03
3.012000000e-02,-1.884509133e-01,-9.422074517e-06,1.884414913e-03
3.014000000e-02,-2.198405916e-01,-1.099147995e-05,2.198296001e-03
3.016000000e-02,-2.512215909e-01,-1.256045146e-05,2.512090305e-03
3.018000000e-02,-2.825926724e-01,-1.412892710e-05,2.825785435e-03
3.020000000e-02,-3.139525976e-01,-1.569684496e-05,3.139369008e-03
3.022000000e-02,-3.453001286e-01,-1.726414314e-05,3.452828645e-03
3.024000000e-02,-3.766340276e-01,-1.883075975e-05,3.766151969e-03
3.026000000e-02,-4.079530578e-01,-2.039663296e-05,4.079326612e-03
3.028000000e-02,-4.392559828e-01,-2.196170094e-05,4.392340211e-03
3.030000000e-02,-4.705415666e-01,-2.352590192e-05,4.705180407e-03
3.032000000e-02,-5.018085743e-01,-2.508917413e-05,5.017834851e-03
3.034000000e-02,-5.330557714e-01,-2.665145586e-05,5.330291200e-03
3.036000000e-02,-5.642819244e-01,-2.821268544e-05,5.642537117e-03
3.038000000e-02,-5.954858005e-01,-2.977280123e-05,5.954560277e-03
3.040000000e-02,-6.266661678e-01,-3.133174165e-05,6.266348361e-03
3.042000000e-02,-6.578217955e-01,-3.288944514e-05,6.577889061e-03
3.044000000e-02,-6.889514534e-01,-3.444585021e-05,6.889170076e-03
3.046000000e-02,-7.200539128e-01,-3.600089541e-05,7.200179119e-03
3.048000000e-02,-7.511279456e-01,-3.755451937e-05,7.510903912e-03
3.050000000e-02,-7.821723252e-01,-3.910666073e-05,7.821332186e-03
3.052000000e-02,-8.131858260e-01,-4.065725823e-05,8.131451688e-03
3.054000000e-02,-8.441672236e-01,-4.220625065e-05,8.441250174e-03
3.056000000e-02,-8.751152949e-01,-4.375357685e-05,8.750715414e-03
3.058000000e-02,-9.060288181e-01,-4.529917572e-05,9.059835190e-03
3.060000000e-02,-9.369065729e-01,-4.684298626e-05,9.368597300e-03
3.062000000e-02,-9.677473403e-01,-4.838494752e-05,9.676989554e-03
3.064000000e-02,-9.985499026e-01,-4.992499863e-05,9.984999777e-03
3.066000000e-02,-1.029313044e+00,-5.146307878e-05,1.029261581e-02
3.068000000e-02,-1.060035550e+00,-5.299912726e-05,1.059982551e-02
3.070000000e-02,-1.090716207e+00,-5.453308342e-05,1.090661674e-02
3.072000000e-02,-1.121353805e+00,-5.606488671e-05,1.121297740e-02
3.074000000e-02,-1.151947133e+00,-5.759447666e-05,1.151889539e-02
3.076000000e-02,-1.182494985e+00,-5.912179287e-05,1.182435863e-02
3.078000000e-02,-1.212996154e+00,-6.064677506e-05,1.212935507e-02
3.080000000e-02,-1.243449436e+00,-6.216936301e-05,1.243387267e-02
3.082000000e-02,-1.273853628e+00,-6.368949663e-05,1.273789939e-02
3.084000000e-02,-1.304207531e+00,-6.520711589e-05,1.304142324e-02
3.086000000e-02,-1.334509947e+00,-6.672216089e-05,1.334443225e-02
3.088000000e-02,-1.364759678e+00,-6.823457181e-05,1.364691443e-02
3.090000000e-02,-1.394955530e+00,-6.974428895e-05,1.394885786e-02
3.092000000e-02,-1.425096312e+00,-7.125125270e-05,1.425025061e-02
3.094000000e-02,-1.455180834e+00,-7.275540357e-05,1.455108079e-02
3.096000000e-02,-1.485207908e+00,-7.425668219e-05,1.485133651e-02
3.098000000e-02,-1.515176348e+00,-7.575502928e-05,1.515100593e-02
3.100000000e-02,-1.545084972e+00,-7.725038569e-05,1.545007722e-02
3.102000000e-02,-1.574932598e+00,-7.874269239e-05,1.574853856e-02
3.104000000e-02,-1.604718049e+00,-8.023189046e-05,1.604637817e-02
3.106000000e-02,-1.634440148e+00,-8.171792111e-05,1.634358431e-02
3.108000000e-02,-1.664097723e+00,-8.320072568e-05,1.664014522e-02
3.110000000e-02,-1.693689601e+00,-8.468024563e-05,1.693604921e-02
3.112000000e-02,-1.723214616e+00,-8.615642254e-05,1.723128460e-02
3.114000000e-02,-1.752671601e+00,-8.762919815e-05,1.752583972e-02
3.116000000e-02,-1.782059394e+00,-8.909851431e-05,1.781970295e-02
3.118000000e-02,-1.811376834e+00,-9.056431301e-05,1.811286269e-02
3.120000000e-02,-1.840622763e+00,-9.202653638e-05,1.840530737e-02
3.122000000e-02,-1.869796029e+00,-9.348512671e-05,1.869702544e-02
3.124000000e-02,-1.898895478e+00,-9.494002640e-05,1.898800538e-02
3.126000000e-02,-1.927919961e+00,-9.639117803e-05,1.927823570e-02
3.128000000e-02,-1.956868334e+00,-9.783852429e-05,1.956770496e-02
3.130000000e-02,-1.985739453e+00,-9.928200806e-05,1.985640171e-02
3.132000000e-02,-2.014532179e+00,-1.007215723e-04,2.014431457e-02
3.134000000e-02,-2.043245374e+00,-1.021571603e-04,2.043143217e-02
3.136000000e-02,-2.071877905e+00,-1.035887153e-04,2.071774316e-02
3.138000000e-02,-2.100428642e+00,-1.050161808e-04,2.100323626e-02
3.140000000e-02,-2.128896458e+00,-1.064395004e-04,2.128790019e-02
3.142000000e-02,-2.157280228e+00,-1.078586179e-04,2.157172370e-02
3.144000000e-02,-2.185578833e+00,-1.092734774e-04,2.185469560e-02
3.146000000e-02,-2.213791155e+00,-1.106840230e-04,2.213680471e-02
3.148000000e-02,-2.241916080e+00,-1.120901990e-04,2.241803990e-02
3.150000000e-02,-2.269952499e+00,-1.134919498e-04,2.269839007e-02
3.152000000e-02,-2.297899303e+00,-1.148892201e-04,2.297784414e-02
3.154000000e-02,-2.325755390e+00,-1.162819548e-04,2.325639109e-02
3.156000000e-02,-2.353519661e+00,-1.176700989e-04,2.353401991e-02
3.158000000e-02,-2.381191018e+00,-1.190535976e-04,2.381071965e-02
3.160000000e-02,-2.408768371e+00,-1.204323963e-04,2.408647938e-02
3.162000000e-02,-2.436250629e+00,-1.218064405e-04,2.436128822e-02
3.164000000e-02,-2.463636708e+00,-1.231756760e-04,2.463513532e-02
3.166000000e-02,-2.490925527e+00,-1.245400487e-04,2.490800987e-02
3.168000000e-02,-2.518116008e+00,-1.258995048e-04,2.517990109e-02
3.170000000e-02,-2.545207079e+00,-1.272539906e-04,2.545079825e-02
3.172000000e-02,-2.572197669e+00,-1.286034526e-04,2.572069066e-02
3.174000000e-02,-2.599086713e+00,-1.299478376e-04,2.598956766e-02
3.176000000e-02,-2.625873150e+00,-1.312870925e-04,2.625741863e-02
3.178000000e-02,-2.652555922e+00,-1.326211644e-04,2.652423301e-02
3.180000000e-02,-2.679133975e+00,-1.339500006e-04,2.679000025e-02
3.182000000e-02,-2.705606261e+00,-1.352735487e-04,2.705470987e-02
3.184000000e-02,-2.731971734e+00,-1.365917564e-04,2.731835142e-02
3.186000000e-02,-2.758229353e+00,-1.379045717e-04,2.758091449e-02
3.188000000e-02,-2.784378082e+00,-1.392119428e-04,2.784238871e-02
3.190000000e-02,-2.810416889e+00,-1.405138181e-04,2.810276376e-02
3.192000000e-02,-2.836344746e+00,-1.418101461e-04,2.836202936e-02
3.194000000e-02,-2.862160628e+00,-1.431008756e-04,2.862017527e-02
3.196000000e-02,-2.887863517e+00,-1.443859558e-04,2.887719131e-02
3.198000000e-02,-2.913452398e+00,-1.456653359e-04,2.913306733e-02
3.200000000e-02,-2.938926261e+00,-1.469389654e-04,2.938779323e-02
3.202000000e-02,-2.964284101e+00,-1.482067940e-04,2.964135894e-02
3.204000000e-02,-2.989524915e+00,-1.494687716e-04,2.989375447e-02
3.206000000e-02,-3.014647708e+00,-1.507248484e-04,3.014496984e-02
3.208000000e-02,-3.039651488e+00,-1.519749749e-04,3.039499514e-02
3.210000000e-02,-3.064535268e+00,-1.532191017e-04,3.064382049e-02
3.212000000e-02,-3.089298065e+00,-1.544571796e-04,3.089143609e-02
3.214000000e-02,-3.113938902e+00,-1.556891599e-04,3.113783214e-02
3.216000000e-02,-3.138456806e+00,-1.569149938e-04,3.138299892e-02
3.218000000e-02,-3.162850810e+00,-1.581346330e-04,3.162692675e-02
3.220000000e-02,-3.187119949e+00,-1.593480292e-04,3.186960601e-02
3.222000000e-02,-3.211263266e+00,-1.605551347e-04,3.211102711e-02
3.224000000e-02,-3.235279808e+00,-1.617559018e-04,3.235118052e-02
3.226000000e-02,-3.259168627e+00,-1.629502830e-04,3.259005677e-02
3.228000000e-02,-3.282928779e+00,-1.641382312e-04,3.282764641e-02
3.230000000e-02,-3.306559327e+00,-1.653196995e-04,3.306394007e-02
3.232000000e-02,-3.330059337e+00,-1.664946413e-04,3.329892843e-02
3.234000000e-02,-3.353427883e+00,-1.676630101e-04,3.353260220e-02
3.236000000e-02,-3.376664041e+00,-1.688247599e-04,3.376495216e-02
3.238000000e-02,-3.399766894e+00,-1.699798448e-04,3.399596914e-02
3.240000000e-02,-3.422735530e+00,-1.711282192e-04,3.422564402e-02
3.242000000e-02,-3.445569042e+00,-1.722698377e-04,3.445396772e-02
3.244000000e-02,-3.468266529e+00,-1.734046554e-04,3.468093125e-02
3.246000000e-02,-3.490827095e+00,-1.745326272e-04,3.490652563e-02
3.248000000e-02,-3.513249849e+00,-1.756537089e-04,3.513074196e-02
3.250000000e-02,-3.535533906e+00,-1.767678560e-04,3.535357138e-02
3.252000000e-02,-3.557678386e+00,-1.778750247e-04,3.557500511e-02
3.254000000e-02,-3.579682415e+00,-1.789751711e-04,3.579503440e-02
3.256000000e-02,-3.601545124e+00,-1.800682519e-04,3.601365057e-02
3.258000000e-02,-3.623265651e+00,-1.811542239e-04,3.623084497e-02
3.260000000e-02,-3.644843137e+00,-1.822330443e-04,3.644660904e-02
3.262000000e-02,-3.666276731e+00,-1.833046704e-04,3.666093427e-02
3.264000000e-02,-3.687565587e+00,-1.843690600e-04,3.687381218e-02
3.266000000e-02,-3.708708864e+00,-1.854261709e-04,3.708523438e-02
3.268000000e-02,-3.729705727e+00,-1.864759616e-04,3.729519252e-02
3.270000000e-02,-3.750555348e+00,-1.875183906e-04,3.750367830e-02
3.272000000e-02,-3.771256904e+00,-1.885534166e-04,3.771068351e-02
3.274000000e-02,-3.791809576e+00,-1.895809988e-04,3.791619996e-02
3.276000000e-02,-3.812212555e+00,-1.906010967e-04,3.812021954e-02
3.278000000e-02,-3.832465034e+00,-1.916136701e-04,3.832273421e-02
3.280000000e-02,-3.852566214e+00,-1.926186788e-04,3.852373596e-02
3.282000000e-02,-3.872515301e+00,-1.936160833e-04,3.872321685e-02
3.284000000e-02,-3.892311508e+00,-1.946058441e-04,3.892116902e-02
3.286000000e-02,-3.911954053e+00,-1.955879223e-04,3.911758465e-02
3.288000000e-02,-3.931442161e+00,-1.965622789e-04,3.931245599e-02
3.290000000e-02,-3.950775062e+00,-1.975288757e-04,3.950577533e-02
3.292000000e-02,-3.969951993e+00,-1.984876743e-04,3.969753506e-02
3.294000000e-02,-3.988972198e+00,-1.994386370e-04,3.988772759e-02
3.296000000e-02,-4.007834924e+00,-2.003817261e-04,4.007634543e-02
3.298000000e-02,-4.026539429e+00,-2.013169046e-04,4.026338112e-02
3.300000000e-02,-4.045084972e+00,-2.022441354e-04,4.044882728e-02
3.302000000e-02,-4.063470822e+00,-2.031633819e-04,4.063267659e-02
3.304000000e-02,-4.081696254e+00,-2.040746079e-04,4.081492179e-02
3.306000000e-02,-4.099760547e+00,-2.049777774e-04,4.099555569e-02
3.308000000e-02,-4.117662988e+00,-2.058728547e-04,4.117457116e-02
3.310000000e-02,-4.135402871e+00,-2.067598045e-04,4.135196112e-02
3.312000000e-02,-4.152979496e+00,-2.076385918e-04,4.152771858e-02
3.314000000e-02,-4.170392168e+00,-2.085091819e-04,4.170183659e-02
3.316000000e-02,-4.187640200e+00,-2.093715404e-04,4.187430829e-02
3.318000000e-02,-4.204722911e+00,-2.102256332e-04,4.204512686e-02
3.320000000e-02,-4.221639628e+00,-2.110714267e-04,4.221428557e-02
3.322000000e-02,-4.238389680e+00,-2.119088875e-04,4.238177772e-02
3.324000000e-02,-4.254972409e+00,-2.127379825e-04,4.254759671e-02
3.326000000e-02,-4.271387158e+00,-2.135586789e-04,4.271173600e-02
3.328000000e-02,-4.287633281e+00,-2.143709444e-04,4.287418910e-02
3.330000000e-02,-4.303710135e+00,-2.151747469e-04,4.303494961e-02
3.332000000e-02,-4.319617086e+00,-2.159700547e-04,4.319401116e-02
3.334000000e-02,-4.335353506e+00,-2.167568364e-04,4.335136749e-02
3.336000000e-02,-4.350918773e+00,-2.175350608e-04,4.350701239e-02
3.338000000e-02,-4.366312274e+00,-2.183046974e-04,4.366093970e-02
3.340000000e-02,-4.381533400e+00,-2.190657156e-04,4.381314335e-02
3.342000000e-02,-4.396581551e+00,-2.198180855e-04,4.396361733e-02
3.344000000e-02,-4.411456132e+00,-2.205617774e-04,4.411235571e-02
3.346000000e-02,-4.426156557e+00,-2.212967619e-04,4.425935260e-02
3.348000000e-02,-4.440682244e+00,-2.220230099e-04,4.440460222e-02
3.350000000e-02,-4.455032621e+00,-2.227404929e-04,4.454809881e-02
3.352000000e-02,-4.469207121e+00,-2.234491825e-04,4.468983672e-02
3.354000000e-02,-4.483205184e+00,-2.241490506e-04,4.482981035e-02
3.356000000e-02,-4.497026258e+00,-2.248400698e-04,4.496801418e-02
3.358000000e-02,-4.510669797e+00,-2.255222126e-04,4.510444275e-02
3.360000000e-02,-4.524135262e+00,-2.261954522e-04,4.523909067e-02
3.362000000e-02,-4.537422123e+00,-2.268597620e-04,4.537195263e-02
3.364000000e-02,-4.550529853e+00,-2.275151158e-04,4.550302339e-02
3.366000000e-02,-4.563457937e+00,-2.281614876e-04,4.563229776e-02
3.368000000e-02,-4.576205863e+00,-2.287988521e-04,4.575977065e-02
3.370000000e-02,-4.588773128e+00,-2.294271839e-04,4.588543702e-02
3.372000000e-02,-4.601159237e+00,-2.300464584e-04,4.600929191e-02
3.374000000e-02,-4.613363699e+00,-2.306566510e-04,4.613133043e-02
3.376000000e-02,-4.625386034e+00,-2.312577377e-04,4.625154777e-02
3.378000000e-02,-4.637225767e+00,-2.318496947e-04,4.636993917e-02
3.380000000e-02,-4.648882429e+00,-2.324324987e-04,4.648649997e-02
3.382000000e-02,-4.660355562e+00,-2.330061266e-04,4.660122557e-02
3.384000000e-02,-4.671644712e+00,-2.335705559e-04,4.671411142e-02
3.386000000e-02,-4.682749434e+00,-2.341257642e-04,4.682515308e-02
3.388000000e-02,-4.693669288e+00,-2.346717297e-04,4.693434617e-02
3.390000000e-02,-4.704403845e+00,-2.352084306e-04,4.704168637e-02
3.392000000e-02,-4.714952679e+00,-2.357358460e-04,4.714716944e-02
3.394000000e-02,-4.725315376e+00,-2.362539549e-04,4.725079122e-02
3.396000000e-02,-4.735491525e+00,-2.367627369e-04,4.735254763e-02
3.398000000e-02,-4.745480725e+00,-2.372621720e-04,4.745243463e-02
3.400000000e-02,-4.755282581e+00,-2.377522403e-04,4.755044830e-02
3.402000000e-02,-4.764896708e+00,-2.382329225e-04,4.764658475e-02
3.404000000e-02,-4.774322724e+00,-2.387041998e-04,4.774084020e-02
3.406000000e-02,-4.783560258e+00,-2.391660534e-04,4.783321092e-02
3.408000000e-02,-4.792608945e+00,-2.396184651e-04,4.792369327e-02
3.410000000e-02,-4.801468428e+00,-2.400614171e-04,4.801228367e-02
3.412000000e-02,-4.810138358e+00,-2.404948919e-04,4.809897864e-02
3.414000000e-02,-4.818618391e+00,-2.409188724e-04,4.818377473e-02
3.416000000e-02,-4.826908194e+00,-2.413333418e-04,4.826666861e-02
3.418000000e-02,-4.835007439e+00,-2.417382838e-04,4.834765701e-02
3.420000000e-02,-4.842915806e+00,-2.421336824e-04,4.842673672e-02
3.422000000e-02,-4.850632982e+00,-2.425195219e-04,4.850390463e-02
3.424000000e-02,-4.858158665e+00,-2.428957872e-04,4.857915769e-02
3.426000000e-02,-4.865492555e+00,-2.432624634e-04,4.865249293e-02
3.428000000e-02,-4.872634364e+00,-2.436195360e-04,4.872390745e-02
3.430000000e-02,-4.879583810e+00,-2.439669909e-04,4.879339843e-02
3.432000000e-02,-4.886340618e+00,-2.443048144e-04,4.886096314e-02
3.434000000e-02,-4.892904522e+00,-2.446329932e-04,4.892659889e-02
3.436000000e-02,-4.899275262e+00,-2.449515143e-04,4.899030311e-02
3.438000000e-02,-4.905452587e+00,-2.452603651e-04,4.905207327e-02
3.440000000e-02,-4.911436254e+00,-2.455595335e-04,4.911190695e-02
3.442000000e-02,-4.917226025e+00,-2.458490076e-04,4.916980176e-02
3.444000000e-02,-4.922821673e+00,-2.461287760e-04,4.922575544e-02
3.446000000e-02,-4.928222976e+00,-2.463988276e-04,4.927976577e-02
3.448000000e-02,-4.933429721e+00,-2.466591519e-04,4.933183062e-02
3.450000000e-02,-4.938441703e+00,-2.469097384e-04,4.938194794e-02
3.452000000e-02,-4.943258724e+00,-2.471505774e-04,4.943011574e-02
3.454000000e-02,-4.947880593e+00,-2.473816593e-04,4.947633212e-02
3.456000000e-02,-4.952307128e+00,-2.476029750e-04,4.952059526e-02
3.458000000e-02,-4.956538155e+00,-2.478145158e-04,4.956290341e-02
3.460000000e-02,-4.960573507e+00,-2.480162733e-04,4.960325491e-02
3.462000000e-02,-4.964413023e+00,-2.482082395e-04,4.964164815e-02
3.464000000e-02,-4.968056553e+00,-2.483904069e-04,4.967808163e-02
3.466000000e-02,-4.971503952e+00,-2.485627682e-04,4.971255390e-02
3.468000000e-02,-4.974755085e+00,-2.487253167e-04,4.974506360e-02
3.470000000e-02,-4.977809823e+00,-2.488780460e-04,4.977560945e-02
3.472000000e-02,-4.980668046e+00,-2.490209500e-04,4.980419025e-02
3.474000000e-02,-4.983329640e+00,-2.491540231e-04,4.983080487e-02
3.476000000e-02,-4.985794501e+00,-2.492772600e-04,4.985545225e-02
3.478000000e-02,-4.988062532e+00,-2.493906558e-04,4.987813142e-02
3.480000000e-02,-4.990133642e+00,-2.494942061e-04,4.989884148e-02
3.482000000e-02,-4.992007751e+00,-2.495879069e-04,4.991758163e-02
3.484000000e-02,-4.993684783e+00,-2.496717543e-04,4.993435112e-02
3.486000000e-02,-4.995164673e+00,-2.497457451e-04,4.994914928e-02
3.488000000e-02,-4.996447363e+00,-2.498098764e-04,4.996197554e-02
3.490000000e-02,-4.997532802e+00,-2.498641456e-04,4.997282938e-02
3.492000000e-02,-4.998420946e+00,-2.499085506e-04,4.998171038e-02
3.494000000e-02,-4.999111762e+00,-2.499430897e-04,4.998861819e-02
3.496000000e-02,-4.999605221e+00,-2.499677614e-04,4.999355254e-02
3.498000000e-02,-4.999901304e+00,-2.499825648e-04,4.999651322e-02
3.500000000e-02,-5.000000000e+00,-2.499874994e-04,4.999750013e-02
3.502000000e-02,-4.999901304e+00,-2.499825648e-04,4.999651322e-02
3.504000000e-02,-4.999605221e+00,-2.499677614e-04,4.999355254e-02
3.506000000e-02,-4.999111762e+00,-2.499430897e-04,4.998861819e-02
3.508000000e-02,-4.998420946e+00,-2.499085506e-04,4.998171038e-02
3.510000000e-02,-4.997532802e+00,-2.498641456e-04,4.997282938e-02
3.512000000e-02,-4.996447363e+00,-2.498098764e-04,4.996197554e-02
3.514000000e-02,-4.995164673e+00,-2.497457451e-04,4.994914928e-02
3.516000000e-02,-4.993684783e+00,-2.496717543e-04,4.993435112e-02
3.518000000e-02,-4.992007751e+00,-2.495879069e-04,4.991758163e-02
3.520000000e-02,-4.990133642e+00,-2.494942061e-04,4.989884148e-02
3.522000000e-02,-4.988062532e+00,-2.493906558e-04,4.987813142e-02
3.524000000e-02,-4.985794501e+00,-2.492772600e-04,4.985545225e-02
3.526000000e-02,-4.983329640e+00,-2.491540231e-04,4.983080487e-02
3.528000000e-02,-4.980668046e+00,-2.490209500e-04,4.980419025e-02
3.530000000e-02,-4.977809823e+00,-2.488780460e-04,4.977560945e-02
3.532000000e-02,-4.974755085e+00,-2.487253167e-04,4.974506360e-02
3.534000000e-02,-4.971503952e+00,-2.485627682e-04,4.971255390e-02
3.536000000e-02,-4.968056553e+00,-2.483904069e-04,4.967808163e-02
3.538000000e-02,-4.964413023e+00,-2.482082395e-04,4.964164815e-02
3.540000000e-02,-4.960573507e+00,-2.480162733e-04,4.960325491e-02
3.542000000e-02,-4.956538155e+00,-2.478145158e-04,4.956290341e-02
3.544000000e-02,-4.952307128e+00,-2.476029750e-04,4.952059526e-02
3.546000000e-02,-4.947880593e+00,-2.473816593e-04,4.947633212e-02
3.548000000e-02,-4.943258724e+00,-2.471505774e-04,4.943011574e-02
3.550000000e-02,-4.938441703e+00,-2.469097384e-04,4.938194794e-02
3.552000000e-02,-4.933429721e+00,-2.466591519e-04,4.933183062e-02
3.554000000e-02,-4.928222976e+00,-2.463988276e-04,4.927976577e-02
3.556000000e-02,-4.922821673e+00,-2.461287760e-04,4.922575544e-02
3.558000000e-02,-4.917226025e+00,-2.458490076e-04,4.916980176e-02
3.560000000e-02,-4.911436254e+00,-2.455595335e-04,4.911190695e-02
3.562000000e-02,-4.905452587e+00,-2.452603651e-04,4.905207327e-02
3.564000000e-02,-4.899275262e+00,-2.449515143e-04,4.899030311e-02
3.566000000e-02,-4.892904522e+00,-2.446329932e-04,4.892659889e-02
3.568000000e-02,-4.886340618e+00,-2.443048144e-04,4.886096314e-02
3.570000000e-02,-4.879583810e+00,-2.439669909e-04,4.879339843e-02
3.572000000e-02,-4.872634364e+00,-2.436195360e-04,4.872390745e-02
3.574000000e-02,-4.865492555e+00,-2.432624634e-04,4.865249293e-02
3.576000000e-02,-4.858158665e+00,-2.428957872e-04,4.857915769e-02
3.578000000e-02,-4.850632982e+00,-2.425195219e-04,4.850390463e-02
3.580000000e-02,-4.842915806e+00,-2.421336824e-04,4.842673672e-02
3.582000000e-02,-4.835007439e+00,-2.417382838e-04,4.834765701e-02
3.584000000e-02,-4.826908194e+00,-2.413333418e-04,4.826666861e-02
3.586000000e-02,-4.818618391e+00,-2.409188724e-04,4.818377473e-02
3.588000000e-02,-4.810138358e+00,-2.404948919e-04,4.809897864e-02
3.590000000e-02,-4.801468428e+00,-2.400614171e-04,4.801228367e-02
3.592000000e-02,-4.792608945e+00,-2.396184651e-04,4.792369327e-02
3.594000000e-02,-4.783560258e+00,-2.391660534e-04,4.783321092e-02
3.596000000e-02,-4.774322724e+00,-2.387041998e-04,4.774084020e-02
3.598000000e-02,-4.764896708e+00,-2.382329225e-04,4.764658475e-02
3.600000000e-02,-4.755282581e+00,-2.377522403e-04,4.755044830e-02
3.602000000e-02,-4.745480725e+00,-2.372621720e-04,4.745243463e-02
3.604000000e-02,-4.735491525e+00,-2.367627369e-04,4.735254763e-02
3.606000000e-02,-4.725315376e+00,-2.362539549e-04,4.725079122e-02
3.608000000e-02,-4.714952679e+00,-2.357358460e-04,4.714716944e-02
3.610000000e-02,-4.704403845e+00,-2.352084306e-04,4.704168637e-02
3.612000000e-02,-4.693669288e+00,-2.346717297e-04,4.693434617e-02
3.614000000e-02,-4.682749434e+00,-2.341257642e-04,4.682515308e-02
3.616000000e-02,-4.671644712e+00,-2.335705559e-04,4.671411142e-02
3.618000000e-02,-4.660355562e+00,-2.330061266e-04,4.660122557e-02
3.620000000e-02,-4.648882429e+00,-2.324324987e-04,4.648649997e-02
3.622000000e-02,-4.637225767e+00,-2.318496947e-04,4.636993917e-02
3.624000000e-02,-4.625386034e+00,-2.312577377e-04,4.625154777e-02
3.626000000e-02,-4.613363699e+00,-2.306566510e-04,4.613133043e-02
3.628000000e-02,-4.601159237e+00,-2.300464584e-04,4.600929191e-02
3.630000000e-02,-4.588773128e+00,-2.294271839e-04,4.588543702e-02
3.632000000e-02,-4.576205863e+00,-2.287988521e-04,4.575977065e-02
3.634000000e-02,-4.563457937e+00,-2.281614876e-04,4.563229776e-02
3.636000000e-02,-4.550529853e+00,-2.275151158e-04,4.550302339e-02
3.638000000e-02,-4.537422123e+00,-2.268597620e-04,4.537195263e-02
3.640000000e-02,-4.524135262e+00,-2.261954522e-04,4.523909067e-02
3.642000000e-02,-4.510669797e+00,-2.255222126e-04,4.510444275e-02
3.644000000e-02,-4.497026258e+00,-2.248400698e-04,4.496801418e-02
3.646000000e-02,-4.483205184e+00,-2.241490506e-04,4.482981035e-02
3.648000000e-02,-4.469207121e+00,-2.234491825e-04,4.468983672e-02
3.650000000e-02,-4.455032621e+00,-2.227404929e-04,4.454809881e-02
3.652000000e-02,-4.440682244e+00,-2.220230099e-04,4.440460222e-02
3.654000000e-02,-4.426156557e+00,-2.212967619e-04,4.425935260e-02
3.656000000e-02,-4.411456132e+00,-2.205617774e-04,4.411235571e-02
3.658000000e-02,-4.396581551e+00,-2.198180855e-04,4.396361733e-02
3.660000000e-02,-4.381533400e+00,-2.190657156e-04,4.381314335e-02
3.662000000e-02,-4.366312274e+00,-2.183046974e-04,4.366093970e-02
3.664000000e-02,-4.350918773e+00,-2.175350608e-04,4.350701239e-02
3.666000000e-02,-4.335353506e+00,-2.167568364e-04,4.335136749e-02
3.668000000e-02,-4.319617086e+00,-2.159700547e-04,4.319401116e-02
3.670000000e-02,-4.303710135e+00,-2.151747469e-04,4.303494961e-02
3.672000000e-02,-4.287633281e+00,-2.143709444e-04,4.287418910e-02
3.674000000e-02,-4.271387158e+00,-2.135586789e-04,4.271173600e-02
3.676000000e-02,-4.254972409e+00,-2.127379825e-04,4.254759671e-02
3.678000000e-02,-4.238389680e+00,-2.119088875e-04,4.238177772e-02
3.680000000e-02,-4.221639628e+00,-2.110714267e-04,4.221428557e-02
3.682000000e-02,-4.204722911e+00,-2.102256332e-04,4.204512686e-02
3.684000000e-02,-4.187640200e+00,-2.093715404e-04,4.187430829e-02
3.686000000e-02,-4.170392168e+00,-2.085091819e-04,4.170183659e-02
3.688000000e-02,-4.152979496e+00,-2.076385918e-04,4.152771858e-02
3.690000000e-02,-4.135402871e+00,-2.067598045e-04,4.135196112e-02
3.692000000e-02,-4.117662988e+00,-2.058728547e-04,4.117457116e-02
3.694000000e-02,-4.099760547e+00,-2.049777774e-04,4.099555569e-02
3.696000000e-02,-4.081696254e+00,-2.040746079e-04,4.081492179e-02
3.698000000e-02,-4.063470822e+00,-2.031633819e-04,4.063267659e-02
3.700000000e-02,-4.045084972e+00,-2.022441354e-04,4.044882728e-02
3.702000000e-02,-4.026539429e+00,-2.013169046e-04,4.026338112e-02
3.704000000e-02,-4.007834924e+00,-2.003817261e-04,4.007634543e-02
3.706000000e-02,-3.988972198e+00,-1.994386370e-04,3.988772759e-02
3.708000000e-02,-3.969951993e+00,-1.984876743e-04,3.969753506e-02
3.710000000e-02,-3.950775062e+00,-1.975288757e-04,3.950577533e-02
3.712000000e-02,-3.931442161e+00,-1.965622789e-04,3.931245599e-02
3.714000000e-02,-3.911954053e+00,-1.955879223e-04,3.911758465e-02
3.716000000e-02,-3.892311508e+00,-1.946058441e-04,3.892116902e-02
3.718000000e-02,-3.872515301e+00,-1.936160833e-04,3.872321685e-02
3.720000000e-02,-3.852566214e+00,-1.926186788e-04,3.852373596e-02
3.722000000e-02,-3.832465034e+00,-1.916136701e-04,3.832273421e-02
3.724000000e-02,-3.812212555e+00,-1.906010967e-04,3.812021954e-02
3.726000000e-02,-3.791809576e+00,-1.895809988e-04,3.791619996e-02
3.728000000e-02,-3.771256904e+00,-1.885534166e-04,3.771068351e-02
3.730000000e-02,-3.750555348e+00,-1.875183906e-04,3.750367830e-02
3.732000000e-02,-3.729705727e+00,-1.864759616e-04,3.729519252e-02
3.734000000e-02,-3.708708864e+00,-1.854261709e-04,3.708523438e-02
3.736000000e-02,-3.687565587e+00,-1.843690600e-04,3.687381218e-02
3.738000000e-02,-3.666276731e+00,-1.833046704e-04,3.666093427e-02
3.740000000e-02,-3.644843137e+00,-1.822330443e-04,3.644660904e-02
3.742000000e-02,-3.623265651e+00,-1.811542239e-04,3.623084497e-02
3.744000000e-02,-3.601545124e+00,-1.800682519e-04,3.601365057e-02
3.746000000e-02,-3.579682415e+00,-1.789751711e-04,3.579503440e-02
3.748000000e-02,-3.557678386e+00,-1.778750247e-04,3.557500511e-02
3.750000000e-02,-3.535533906e+00,-1.767678560e-04,3.535357138e-02
3.752000000e-02,-3.513249849e+00,-1.756537089e-04,3.513074196e-02
3.754000000e-02,-3.490827095e+00,-1.745326272e-04,3.490652563e-02
3.756000000e-02,-3.468266529e+00,-1.734046554e-04,3.468093125e-02
3.758000000e-02,-3.445569042e+00,-1.722698377e-04,3.445396772e-02
3.760000000e-02,-3.422735530e+00,-1.711282192e-04,3.422564402e-02
3.762000000e-02,-3.399766894e+00,-1.699798448e-04,3.399596914e-02
3.764000000e-02,-3.376664041e+00,-1.688247599e-04,3.376495216e-02
3.766000000e-02,-3.353427883e+00,-1.676630101e-04,3.353260220e-02
3.768000000e-02,-3.330059337e+00,-1.664946413e-04,3.329892843e-02
3.770000000e-02,-3.306559327e+00,-1.653196995e-04,3.306394007e-02
3.772000000e-02,-3.282928779e+00,-1.641382312e-04,3.282764641e-02
3.774000000e-02,-3.259168627e+00,-1.629502830e-04,3.259005677e-02
3.776000000e-02,-3.235279808e+00,-1.617559018e-04,3.235118052e-02
3.778000000e-02,-3.211263266e+00,-1.605551347e-04,3.211102711e-02
3.780000000e-02,-3.187119949e+00,-1.593480292e-04,3.186960601e-02
3.782000000e-02,-3.162850810e+00,-1.581346330e-04,3.162692675e-02
3.784000000e-02,-3.138456806e+00,-1.569149938e-04,3.138299892e-02
3.786000000e-02,-3.113938902e+00,-1.556891599e-04,3.113783214e-02
3.788000000e-02,-3.089298065e+00,-1.544571796e-04,3.089143609e-02
3.790000000e-02,-3.064535268e+00,-1.532191017e-04,3.064382049e-02
3.792000000e-02,-3.039651488e+00,-1.519749749e-04,3.039499514e-02
3.794000000e-02,-3.014647708e+00,-1.507248484e-04,3.014496984e-02
3.796000000e-02,-2.989524915e+00,-1.494687716e-04,2.989375447e-02
3.798000000e-02,-2.964284101e+00,-1.482067940e-04,2.964135894e-02
3.800000000e-02,-2.938926261e+00,-1.469389654e-04,2.938779323e-02
3.802000000e-02,-2.913452398e+00,-1.456653359e-04,2.913306733e-02
3.804000000e-02,-2.887863517e+00,-1.443859558e-04,2.887719131e-02
3.806000000e-02,-2.862160628e+00,-1.431008756e-04,2.862017527e-02
3.808000000e-02,-2.836344746e+00,-1.418101461e-04,2.836202936e-02
3.810000000e-02,-2.810416889e+00,-1.405138181e-04,2.810276376e-02
3.812000000e-02,-2.784378082e+00,-1.392119428e-04,2.784238871e-02
3.814000000e-02,-2.758229353e+00,-1.379045717e-04,2.758091449e-02
3.816000000e-02,-2.731971734e+00,-1.365917564e-04,2.731835142e-02
3.818000000e-02,-2.705606261e+00,-1.352735487e-04,2.705470987e-02
3.820000000e-02,-2.679133975e+00,-1.339500006e-04,2.679000025e-02
3.822000000e-02,-2.652555922e+00,-1.326211644e-04,2.652423301e-02
3.824000000e-02,-2.625873150e+00,-1.312870925e-04,2.625741863e-02
3.826000000e-02,-2.599086713e+00,-1.299478376e-04,2.598956766e-02
3.828000000e-02,-2.572197669e+00,-1.286034526e-04,2.572069066e-02
3.830000000e-02,-2.545207079e+00,-1.272539906e-04,2.545079825e-02
3.832000000e-02,-2.518116008e+00,-1.258995048e-04,2.517990109e-02
3.834000000e-02,-2.490925527e+00,-1.245400487e-04,2.490800987e-02
3.836000000e-02,-2.463636708e+00,-1.231756760e-04,2.463513532e-02
3.838000000e-02,-2.436250629e+00,-1.218064405e-04,2.436128822e-02
3.840000000e-02,-2.408768371e+00,-1.204323963e-04,2.408647938e-02
3.842000000e-02,-2.381191018e+00,-1.190535976e-04,2.381071965e-02
3.844000000e-02,-2.353519661e+00,-1.176700989e-04,2.353401991e-02
3.846000000e-02,-2.325755390e+00,-1.162819548e-04,2.325639109e-02
3.848000000e-02,-2.297899303e+00,-1.148892201e-04,2.297784414e-02
3.850000000e-02,-2.269952499e+00,-1.134919498e-04,2.269839007e-02
3.852000000e-02,-2.241916080e+00,-1.120901990e-04,2.241803990e-02
3.854000000e-02,-2.213791155e+00,-1.106840230e-04,2.213680471e-02
3.856000000e-02,-2.185578833e+00,-1.092734774e-04,2.185469560e-02
3.858000000e-02,-2.157280228e+00,-1.078586180e-04,2.157172370e-02
3.860000000e-02,-2.128896458e+00,-1.064395004e-04,2.128790019e-02
3.862000000e-02,-2.100428642e+00,-1.050161808e-04,2.100323626e-02
3.864000000e-02,-2.071877905e+00,-1.035887153e-04,2.071774316e-02
3.866000000e-02,-2.043245374e+00,-1.021571603e-04,2.043143217e-02
3.868000000e-02,-2.014532179e+00,-1.007215723e-04,2.014431457e-02
3.870000000e-02,-1.985739453e+00,-9.928200806e-05,1.985640171e-02
3.872000000e-02,-1.956868334e+00,-9.783852429e-05,1.956770496e-02
3.874000000e-02,-1.927919961e+00,-9.639117803e-05,1.927823570e-02
3.876000000e-02,-1.898895478e+00,-9.494002640e-05,1.898800538e-02
3.878000000e-02,-1.869796029e+00,-9.348512671e-05,1.869702544e-02
3.880000000e-02,-1.840622763e+00,-9.202653638e-05,1.840530737e-02
3.882000000e-02,-1.811376834e+00,-9.056431301e-05,1.811286269e-02
3.884000000e-02,-1.782059394e+00,-8.909851431e-05,1.781970295e-02
3.886000000e-02,-1.752671601e+00,-8.762919815e-05,1.752583972e-02
3.888000000e-02,-1.723214616e+00,-8.615642254e-05,1.723128460e-02
3.890000000e-02,-1.693689601e+00,-8.468024563e-05,1.693604921e-02
3.892000000e-02,-1.664097723e+00,-8.320072568e-05,1.664014522e-02
3.894000000e-02,-1.634440148e+00,-8.171792111e-05,1.634358431e-02
3.896000000e-02,-1.604718049e+00,-8.023189046e-05,1.604637817e-02
3.898000000e-02,-1.574932598e+00,-7.874269239e-05,1.574853856e-02
3.900000000e-02,-1.545084972e+00,-7.725038569e-05,1.545007722e-02
3.902000000e-02,-1.515176348e+00,-7.575502928e-05,1.515100593e-02
3.904000000e-02,-1.485207908e+00,-7.425668219e-05,1.485133651e-02
3.906000000e-02,-1.455180834e+00,-7.275540357e-05,1.455108079e-02
3.908000000e-02,-1.425096312e+00,-7.125125270e-05,1.425025061e-02
3.910000000e-02,-1.394955530e+00,-6.974428895e-05,1.394885786e-02
3.912000000e-02,-1.364759678e+00,-6.823457181e-05,1.364691443e-02
3.914000000e-02,-1.334509947e+00,-6.672216089e-05,1.334443225e-02
3.916000000e-02,-1.304207531e+00,-6.520711589e-05,1.304142324e-02
3.918000000e-02,-1.273853628e+00,-6.368949663e-05,1.273789939e-02
3.920000000e-02,-1.243449436e+00,-6.216936301e-05,1.243387267e-02
3.922000000e-02,-1.212996154e+00,-6.064677506e-05,1.212935507e-02
3.924000000e-02,-1.182494985e+00,-5.912179287e-05,1.182435863e-02
3.926000000e-02,-1.151947133e+00,-5.759447666e-05,1.151889539e-02
3.928000000e-02,-1.121353805e+00,-5.606488671e-05,1.121297740e-02
3.930000000e-02,-1.090716207e+00,-5.453308342e-05,1.090661674e-02
3.932000000e-02,-1.060035550e+00,-5.299912726e-05,1.059982551e-02
3.934000000e-02,-1.029313044e+00,-5.146307878e-05,1.029261581e-02
3.936000000e-02,-9.985499026e-01,-4.992499863e-05,9.984999777e-03
3.938000000e-02,-9.677473403e-01,-4.838494752e-05,9.676989554e-03
3.940000000e-02,-9.369065729e-01,-4.684298626e-05,9.368597300e-03
3.942000000e-02,-9.060288181e-01,-4.529917572e-05,9.059835191e-03
3.944000000e-02,-8.751152949e-01,-4.375357685e-05,8.750715414e-03
3.946000000e-02,-8.441672236e-01,-4.220625065e-05,8.441250174e-03
3.948000000e-02,-8.131858260e-01,-4.065725823e-05,8.131451688e-03
3.950000000e-02,-7.821723252e-01,-3.910666073e-05,7.821332186e-03
3.952000000e-02,-7.511279456e-01,-3.755451937e-05,7.510903912e-03
3.954000000e-02,-7.200539128e-01,-3.600089541e-05,7.200179119e-03
3.956000000e-02,-6.889514534e-01,-3.444585021e-05,6.889170076e-03
3.958000000e-02,-6.578217955e-01,-3.288944514e-05,6.577889061e-03
3.960000000e-02,-6.266661678e-01,-3.133174165e-05,6.266348361e-03
3.962000000e-02,-5.954858005e-01,-2.977280123e-05,5.954560277e-03
3.964000000e-02,-5.642819244e-01,-2.821268544e-05,5.642537117e-03
3.966000000e-02,-5.330557714e-01,-2.665145586e-05,5.330291200e-03
3.968000000e-02,-5.018085743e-01,-2.508917413e-05,5.017834851e-03
3.970000000e-02,-4.705415666e-01,-2.352590192e-05,4.705180407e-03
3.972000000e-02,-4.392559828e-01,-2.196170094e-05,4.392340211e-03
3.974000000e-02,-4.079530578e-01,-2.039663296e-05,4.079326613e-03
3.976000000e-02,-3.766340276e-01,-1.883075975e-05,3.766151969e-03
3.978000000e-02,-3.453001286e-01,-1.726414314e-05,3.452828645e-03
3.980000000e-02,-3.139525976e-01,-1.569684496e-05,3.139369008e-03
3.982000000e-02,-2.825926724e-01,-1.412892710e-05,2.825785435e-03
3.984000000e-02,-2.512215909e-01,-1.256045146e-05,2.512090305e-03
3.986000000e-02,-2.198405916e-01,-1.099147995e-05,2.198296001e-03
3.988000000e-02,-1.884509134e-01,-9.422074517e-06,1.884414913e-03
3.990000000e-02,-1.570537954e-01,-7.852297116e-06,1.570459431e-03
3.992000000e-02,-1.256504772e-01,-6.282209719e-06,1.256441950e-03
3.994000000e-02,-9.424219858e-02,-4.711874312e-06,9.423748671e-04
3.996000000e-02,-6.283019942e-02,-3.141352888e-06,6.282705807e-04
3.998000000e-02,-3.141571983e-02,-1.570707448e-06,3.141414913e-04
4.000000000e-02,-2.027496091e-12,-1.013697355e-16,2.027394721e-14
4.002000000e-02,3.141571983e-02,1.570707448e-06,-3.141414912e-04
4.004000000e-02,6.283019941e-02,3.141352887e-06,-6.282705807e-04
4.006000000e-02,9.424219858e-02,4.711874311e-06,-9.423748671e-04
4.008000000e-02,1.256504772e-01,6.282209719e-06,-1.256441950e-03
4.010000000e-02,1.570537954e-01,7.852297115e-06,-1.570459431e-03
4.012000000e-02,1.884509133e-01,9.422074517e-06,-1.884414913e-03
4.014000000e-02,2.198405916e-01,1.099147995e-05,-2.198296001e-03
4.016000000e-02,2.512215909e-01,1.256045146e-05,-2.512090305e-03
4.018000000e-02,2.825926724e-01,1.412892710e-05,-2.825785435e-03
4.020000000e-02,3.139525976e-01,1.569684496e-05,-3.139369008e-03
4.022000000e-02,3.453001286e-01,1.726414314e-05,-3.452828645e-03
4.024000000e-02,3.766340276e-01,1.883075975e-05,-3.766151969e-03
4.026000000e-02,4.079530578e-01,2.039663296e-05,-4.079326612e-03
4.028000000e-02,4.392559828e-01,2.196170094e-05,-4.392340211e-03
4.030000000e-02,4.705415666e-01,2.352590192e-05,-4.705180407e-03
4.032000000e-02,5.018085743e-01,2.508917413e-05,-5.017834851e-03
4.034000000e-02,5.330557714e-01,2.665145586e-05,-5.330291200e-03
4.036000000e-02,5.642819244e-01,2.821268544e-05,-5.642537117e-03
4.038000000e-02,5.954858005e-01,2.977280123e-05,-5.954560277e-03
4.040000000e-02,6.266661678e-01,3.133174165e-05,-6.266348361e-03
4.042000000e-02,6.578217955e-01,3.288944514e-05,-6.577889061e-03
4.044000000e-02,6.889514534e-01,3.444585021e-05,-6.889170076e-03
4.046000000e-02,7.200539128e-01,3.600089541e-05,-7.200179119e-03
4.048000000e-02,7.511279456e-01,3.755451937e-05,-7.510903912e-03
4.050000000e-02,7.821723252e-01,3.910666073e-05,-7.821332186e-03
4.052000000e-02,8.131858260e-01,4.065725823e-05,-8.131451688e-03
4.054000000e-02,8.441672236e-01,4.220625065e-05,-8.441250174e-03
4.056000000e-02,8.751152949e-01,4.375357685e-05,-8.750715414e-03
4.058000000e-02,9.060288181e-01,4.529917572e-05,-9.059835190e-03
4.060000000e-02,9.369065729e-01,4.684298626e-05,-9.368597300e-03
4.062000000e-02,9.677473403e-01,4.838494752e-05,-9.676989554e-03
4.064000000e-02,9.985499026e-01,4.992499863e-05,-9.984999777e-03
4.066000000e-02,1.029313044e+00,5.146307878e-05,-1.029261581e-02
4.068000000e-02,1.060035550e+00,5.299912726e-05,-1.059982551e-02
4.070000000e-02,1.090716207e+00,5.453308342e-05,-1.090661674e-02
4.072000000e-02,1.121353805e+00,5.606488671e-05,-1.121297740e-02
4.074000000e-02,1.151947133e+00,5.759447666e-05,-1.151889539e-02
4.076000000e-02,1.182494985e+00,5.912179287e-05,-1.182435863e-02
4.078000000e-02,1.212996154e+00,6.064677506e-05,-1.212935507e-02
4.080000000e-02,1.243449436e+00,6.216936301e-05,-1.243387267e-02
4.082000000e-02,1.273853628e+00,6.368949663e-05,-1.273789939e-02
4.084000000e-02,1.304207531e+00,6.520711589e-05,-1.304142324e-02
4.086000000e-02,1.334509947e+00,6.672216089e-05,-1.334443225e-02
4.088000000e-02,1.364759678e+00,6.823457181e-05,-1.364691443e-02
4.090000000e-02,1.394955530e+00,6.974428895e-05,-1.394885786e-02
4.092000000e-02,1.425096312e+00,7.125125270e-05,-1.425025061e-02
4.094000000e-02,1.455180834e+00,7.275540357e-05,-1.455108079e-02
4.096000000e-02,1.485207908e+00,7.425668219e-05,-1.485133651e-02
4.098000000e-02,1.515176348e+00,7.575502928e-05,-1.515100593e-02
4.100000000e-02,1.545084972e+00,7.725038569e-05,-1.545007722e-02
4.102000000e-02,1.574932598e+00,7.874269239e-05,-1.574853856e-02
4.104000000e-02,1.604718049e+00,8.023189046e-05,-1.604637817e-02
4.106000000e-02,1.634440148e+00,8.171792111e-05,-1.634358431e-02
4.108000000e-02,1.664097723e+00,8.320072568e-05,-1.664014522e-02
4.110000000e-02,1.693689601e+00,8.468024563e-05,-1.693604921e-02
4.112000000e-02,1.723214616e+00,8.615642254e-05,-1.723128460e-02
4.114000000e-02,1.752671601e+00,8.762919815e-05,-1.752583972e-02
4.116000000e-02,1.782059394e+00,8.909851431e-05,-1.781970295e-02
4.118000000e-02,1.811376834e+00,9.056431301e-05,-1.811286269e-02
4.120000000e-02,1.840622763e+00,9.202653638e-05,-1.840530737e-02
4.122000000e-02,1.869796029e+00,9.348512671e-05,-1.869702544e-02
4.124000000e-02,1.898895478e+00,9.494002640e-05,-1.898800538e-02
4.126000000e-02,1.927919961e+00,9.639117803e-05,-1.927823570e-02
4.128000000e-02,1.956868334e+00,9.783852429e-05,-1.956770496e-02
4.130000000e-02,1.985739453e+00,9.928200806e-05,-1.985640171e-02
4.132000000e-02,2.014532179e+00,1.007215723e-04,-2.014431457e-02
4.134000000e-02,2.043245374e+00,1.021571603e-04,-2.043143217e-02
4.136000000e-02,2.071877905e+00,1.035887153e-04,-2.071774316e-02
4.138000000e-02,2.100428642e+00,1.050161808e-04,-2.100323626e-02
4.140000000e-02,2.128896458e+00,1.064395004e-04,-2.128790019e-02
4.142000000e-02,2.157280228e+00,1.078586179e-04,-2.157172370e-02
4.144000000e-02,2.185578833e+00,1.092734774e-04,-2.185469560e-02
4.146000000e-02,2.213791155e+00,1.106840230e-04,-2.213680471e-02
4.148000000e-02,2.241916080e+00,1.120901990e-04,-2.241803990e-02
4.150000000e-02,2.269952499e+00,1.134919498e-04,-2.269839007e-02
4.152000000e-02,2.297899303e+00,1.148892201e-04,-2.297784414e-02
4.154000000e-02,2.325755390e+00,1.162819548e-04,-2.325639109e-02
4.156000000e-02,2.353519661e+00,1.176700989e-04,-2.353401991e-02
4.158000000e-02,2.381191018e+00,1.190535976e-04,-2.381071965e-02
4.160000000e-02,2.408768371e+00,1.204323963e-04,-2.408647938e-02
4.162000000e-02,2.436250629e+00,1.218064405e-04,-2.436128822e-02
4.164000000e-02,2.463636708e+00,1.231756760e-04,-2.463513532e-02
4.166000000e-02,2.490925527e+00,1.245400487e-04,-2.490800987e-02
4.168000000e-02,2.518116008e+00,1.258995048e-04,-2.517990109e-02
4.170000000e-02,2.545207079e+00,1.272539906e-04,-2.545079825e-02
4.172000000e-02,2.572197669e+00,1.286034526e-04,-2.572069066e-02
4.174000000e-02,2.599086713e+00,1.299478376e-04,-2.598956766e-02
4.176000000e-02,2.625873150e+00,1.312870925e-04,-2.625741863e-02
4.178000000e-02,2.652555922e+00,1.326211644e-04,-2.652423301e-02
4.180000000e-02,2.679133975e+00,1.339500006e-04,-2.679000025e-02
4.182000000e-02,2.705606261e+00,1.352735487e-04,-2.705470987e-02
4.184000000e-02,2.731971734e+00,1.365917564e-04,-2.731835142e-02
4.186000000e-02,2.758229353e+00,1.379045717e-04,-2.758091449e-02
4.188000000e-02,2.784378082e+00,1.392119428e-04,-2.784238871e-02
4.190000000e-02,2.810416889e+00,1.405138181e-04,-2.810276376e-02
4.192000000e-02,2.836344746e+00,1.418101461e-04,-2.836202936e-02
4.194000000e-02,2.862160628e+00,1.431008756e-04,-2.862017527e-02
4.196000000e-02,2.887863517e+00,1.443859558e-04,-2.887719131e-02
4.198000000e-02,2.913452398e+00,1.456653359e-04,-2.913306733e-02
4.200000000e-02,2.938926261e+00,1.469389654e-04,-2.938779323e-02
4.202000000e-02,2.964284101e+00,1.482067940e-04,-2.964135894e-02
4.204000000e-02,2.989524915e+00,1.494687716e-04,-2.989375447e-02
4.206000000e-02,3.014647708e+00,1.507248484e-04,-3.014496984e-02
4.208000000e-02,3.039651488e+00,1.519749749e-04,-3.039499514e-02
4.210000000e-02,3.064535268e+00,1.532191017e-04,-3.064382049e-02
4.212000000e-02,3.089298065e+00,1.544571796e-04,-3.089143609e-02
4.214000000e-02,3.113938902e+00,1.556891599e-04,-3.113783214e-02
4.216000000e-02,3.138456806e+00,1.569149938e-04,-3.138299892e-02
4.218000000e-02,3.162850810e+00,1.581346330e-04,-3.162692675e-02
4.220000000e-02,3.187119949e+00,1.593480292e-04,-3.186960601e-02
4.222000000e-02,3.211263266e+00,1.605551347e-04,-3.211102711e-02
4.224000000e-02,3.235279808e+00,1.617559018e-04,-3.235118052e-02
4.226000000e-02,3.259168627e+00,1.629502830e-04,-3.259005677e-02
4.228000000e-02,3.282928779e+00,1.641382312e-04,-3.282764641e-02
4.230000000e-02,3.306559327e+00,1.653196995e-04,-3.306394007e-02
4.232000000e-02,3.330059337e+00,1.664946413e-04,-3.329892843e-02
4.234000000e-02,3.353427883e+00,1.676630101e-04,-3.353260220e-02
4.236000000e-02,3.376664041e+00,1.688247599e-04,-3.376495216e-02
4.238000000e-02,3.399766894e+00,1.699798448e-04,-3.399596914e-02
4.240000000e-02,3.422735530e+00,1.711282192e-04,-3.422564402e-02
4.242000000e-02,3.445569042e+00,1.722698377e-04,-3.445396772e-02
4.244000000e-02,3.468266529e+00,1.734046554e-04,-3.468093125e-02
4.246000000e-02,3.490827095e+00,1.745326272e-04,-3.490652563e-02
4.248000000e-02,3.513249849e+00,1.756537089e-04,-3.513074196e-02
4.250000000e-02,3.535533906e+00,1.767678560e-04,-3.535357138e-02
4.252000000e-02,3.557678386e+00,1.778750247e-04,-3.557500511e-02
4.254000000e-02,3.579682415e+00,1.789751711e-04,-3.579503440e-02
4.256000000e-02,3.601545124e+00,1.800682519e-04,-3.601365057e-02
4.258000000e-02,3.623265651e+00,1.811542239e-04,-3.623084497e-02
4.260000000e-02,3.644843137e+00,1.822330443e-04,-3.644660904e-02
4.262000000e-02,3.666276731e+00,1.833046704e-04,-3.666093427e-02
4.264000000e-02,3.687565587e+00,1.843690600e-04,-3.687381218e-02
4.266000000e-02,3.708708864e+00,1.854261709e-04,-3.708523438e-02
4.268000000e-02,3.729705727e+00,1.864759616e-04,-3.729519252e-02
4.270000000e-02,3.750555348e+00,1.875183906e-04,-3.750367830e-02
4.272000000e-02,3.771256904e+00,1.885534166e-04,-3.771068351e-02
4.274000000e-02,3.791809576e+00,1.895809988e-04,-3.791619996e-02
4.276000000e-02,3.812212555e+00,1.906010967e-04,-3.812021954e-02
4.278000000e-02,3.832465034e+00,1.916136701e-04,-3.832273421e-02
4.280000000e-02,3.852566214e+00,1.926186788e-04,-3.852373596e-02
4.282000000e-02,3.872515301e+00,1.936160833e-04,-3.872321685e-02
4.284000000e-02,3.892311508e+00,1.946058441e-04,-3.892116902e-02
4.286000000e-02,3.911954053e+00,1.955879223e-04,-3.911758465e-02
4.288000000e-02,3.931442161e+00,1.965622789e-04,-3.931245599e-02
4.290000000e-02,3.950775062e+00,1.975288757e-04,-3.950577533e-02
4.292000000e-02,3.969951993e+00,1.984876743e-04,-3.969753506e-02
4.294000000e-02,3.988972198e+00,1.994386370e-04,-3.988772759e-02
4.296000000e-02,4.007834924e+00,2.003817261e-04,-4.007634543e-02
4.298000000e-02,4.026539429e+00,2.013169046e-04,-4.026338112e-02
4.300000000e-02,4.045084972e+00,2.022441354e-04,-4.044882728e-02
4.302000000e-02,4.063470822e+00,2.031633819e-04,-4.063267659e-02
4.304000000e-02,4.081696254e+00,2.040746079e-04,-4.081492179e-02
4.306000000e-02,4.099760547e+00,2.049777774e-04,-4.099555569e-02
4.308000000e-02,4.117662988e+00,2.058728547e-04,-4.117457116e-02
4.310000000e-02,4.135402871e+00,2.067598045e-04,-4.135196112e-02
4.312000000e-02,4.152979496e+00,2.076385918e-04,-4.152771858e-02
4.314000000e-02,4.170392168e+00,2.085091819e-04,-4.170183659e-02
4.316000000e-02,4.187640200e+00,2.093715404e-04,-4.187430829e-02
4.318000000e-02,4.204722911e+00,2.102256332e-04,-4.204512686e-02
4.320000000e-02,4.221639628e+00,2.110714267e-04,-4.221428557e-02
4.322000000e-02,4.238389680e+00,2.119088875e-04,-4.238177772e-02
4.324000000e-02,4.254972409e+00,2.127379825e-04,-4.254759671e-02
4.326000000e-02,4.271387158e+00,2.135586789e-04,-4.271173600e-02
4.328000000e-02,4.287633281e+00,2.143709444e-04,-4.287418910e-02
4.330000000e-02,4.303710135e+00,2.151747469e-04,-4.303494961e-02
4.332000000e-02,4.319617086e+00,2.159700547e-04,-4.319401116e-02
4.334000000e-02,4.335353506e+00,2.167568364e-04,-4.335136749e-02
4.336000000e-02,4.350918773e+00,2.175350608e-04,-4.350701239e-02
4.338000000e-02,4.366312274e+00,2.183046974e-04,-4.366093970e-02
4.340000000e-02,4.381533400e+00,2.190657156e-04,-4.381314335e-02
4.342000000e-02,4.396581551e+00,2.198180855e-04,-4.396361733e-02
4.344000000e-02,4.411456132e+00,2.205617774e-04,-4.411235571e-02
4.346000000e-02,4.426156557e+00,2.212967619e-04,-4.425935260e-02
4.348000000e-02,4.440682244e+00,2.220230099e-04,-4.440460222e-02
4.350000000e-02,4.455032621e+00,2.227404929e-04,-4.454809881e-02
4.352000000e-02,4.469207121e+00,2.234491825e-04,-4.468983672e-02
4.354000000e-02,4.483205184e+00,2.241490506e-04,-4.482981035e-02
4.356000000e-02,4.497026258e+00,2.248400698e-04,-4.496801418e-02
4.358000000e-02,4.510669797e+00,2.255222126e-04,-4.510444275e-02
4.360000000e-02,4.524135262e+00,2.261954522e-04,-4.523909067e-02
4.362000000e-02,4.537422123e+00,2.268597620e-04,-4.537195263e-02
4.364000000e-02,4.550529853e+00,2.275151158e-04,-4.550302339e-02
4.366000000e-02,4.563457937e+00,2.281614876e-04,-4.563229776e-02
4.368000000e-02,4.576205863e+00,2.287988521e-04,-4.575977065e-02
4.370000000e-02,4.588773128e+00,2.294271839e-04,-4.588543702e-02
4.372000000e-02,4.601159237e+00,2.300464584e-04,-4.600929191e-02
4.374000000e-02,4.613363699e+00,2.306566510e-04,-4.613133043e-02
4.376000000e-02,4.625386034e+00,2.312577377e-04,-4.625154777e-02
4.378000000e-02,4.637225767e+00,2.318496947e-04,-4.636993917e-02
4.380000000e-02,4.648882429e+00,2.324324987e-04,-4.648649997e-02
4.382000000e-02,4.660355562e+00,2.330061266e-04,-4.660122557e-02
4.384000000e-02,4.671644712e+00,2.335705559e-04,-4.671411142e-02
4.386000000e-02,4.682749434e+00,2.341257642e-04,-4.682515308e-02
4.388000000e-02,4.693669288e+00,2.346717297e-04,-4.693434617e-02
4.390000000e-02,4.704403845e+00,2.352084306e-04,-4.704168637e-02
4.392000000e-02,4.714952679e+00,2.357358460e-04,-4.714716944e-02
4.394000000e-02,4.725315376e+00,2.362539549e-04,-4.725079122e-02
4.396000000e-02,4.735491525e+00,2.367627369e-04,-4.735254763e-02
4.398000000e-02,4.745480725e+00,2.372621720e-04,-4.745243463e-02
4.400000000e-02,4.755282581e+00,2.377522403e-04,-4.755044830e-02
4.402000000e-02,4.764896708e+00,2.382329225e-04,-4.764658475e-02
4.404000000e-02,4.774322724e+00,2.387041998e-04,-4.774084020e-02
4.406000000e-02,4.783560258e+00,2.391660534e-04,-4.783321092e-02
4.408000000e-02,4.792608945e+00,2.396184651e-04,-4.792369327e-02
4.410000000e-02,4.801468428e+00,2.400614171e-04,-4.801228367e-02
4.412000000e-02,4.810138358e+00,2.404948919e-04,-4.809897864e-02
4.414000000e-02,4.818618391e+00,2.409188724e-04,-4.818377473e-02
4.416000000e-02,4.826908194e+00,2.413333418e-04,-4.826666861e-02
4.418000000e-02,4.835007439e+00,2.417382838e-04,-4.834765701e-02
4.420000000e-02,4.842915806e+00,2.421336824e-04,-4.842673672e-02
4.422000000e-02,4.850632982e+00,2.425195219e-04,-4.850390463e-02
4.424000000e-02,4.858158665e+00,2.428957872e-04,-4.857915769e-02
4.426000000e-02,4.865492555e+00,2.432624634e-04,-4.865249293e-02
4.428000000e-02,4.872634364e+00,2.436195360e-04,-4.872390745e-02
4.430000000e-02,4.879583810e+00,2.439669909e-04,-4.879339843e-02
4.432000000e-02,4.886340618e+00,2.443048144e-04,-4.886096314e-02
4.434000000e-02,4.892904522e+00,2.446329932e-04,-4.892659889e-02
4.436000000e-02,4.899275262e+00,2.449515143e-04,-4.899030311e-02
4.438000000e-02,4.905452587e+00,2.452603651e-04,-4.905207327e-02
4.440000000e-02,4.911436254e+00,2.455595335e-04,-4.911190695e-02
4.442000000e-02,4.917226025e+00,2.458490076e-04,-4.916980176e-02
4.444000000e-02,4.922821673e+00,2.461287760e-04,-4.922575544e-02
4.446000000e-02,4.928222976e+00,2.463988276e-04,-4.927976577e-02
4.448000000e-02,4.933429721e+00,2.466591519e-04,-4.933183062e-02
4.450000000e-02,4.938441703e+00,2.469097384e-04,-4.938194794e-02
4.452000000e-02,4.943258724e+00,2.471505774e-04,-4.943011574e-02
4.454000000e-02,4.947880593e+00,2.473816593e-04,-4.947633212e-02
4.456000000e-02,4.952307128e+00,2.476029750e-04,-4.952059526e-02
4.458000000e-02,4.956538155e+00,2.478145158e-04,-4.956290341e-02
4.460000000e-02,4.960573507e+00,2.480162733e-04,-4.960325491e-02
4.462000000e-02,4.964413023e+00,2.482082395e-04,-4.964164815e-02
4.464000000e-02,4.968056553e+00,2.483904069e-04,-4.967808163e-02
4.466000000e-02,4.971503952e+00,2.485627682e-04,-4.971255390e-02
4.468000000e-02,4.974755085e+00,2.487253167e-04,-4.974506360e-02
4.470000000e-02,4.977809823e+00,2.488780460e-04,-4.977560945e-02
4.472000000e-02,4.980668046e+00,2.490209500e-04,-4.980419025e-02
4.474000000e-02,4.983329640e+00,2.491540231e-04,-4.983080487e-02
4.476000000e-02,4.985794501e+00,2.492772600e-04,-4.985545225e-02
4.478000000e-02,4.988062532e+00,2.493906558e-04,-4.987813142e-02
4.480000000e-02,4.990133642e+00,2.494942061e-04,-4.989884148e-02
4.482000000e-02,4.992007751e+00,2.495879069e-04,-4.991758163e-02
4.484000000e-02,4.993684783e+00,2.496717543e-04,-4.993435112e-02
4.486000000e-02,4.995164673e+00,2.497457451e-04,-4.994914928e-02
4.488000000e-02,4.996447363e+00,2.498098764e-04,-4.996197554e-02
4.490000000e-02,4.997532802e+00,2.498641456e-04,-4.997282938e-02
4.492000000e-02,4.998420946e+00,2.499085506e-04,-4.998171038e-02
4.494000000e-02,4.999111762e+00,2.499430897e-04,-4.998861819e-02
4.496000000e-02,4.999605221e+00,2.499677614e-04,-4.999355254e-02
4.498000000e-02,4.999901304e+00,2.499825648e-04,-4.999651322e-02
4.500000000e-02,5.000000000e+00,2.499874994e-04,-4.999750013e-02
4.502000000e-02,4.999901304e+00,2.499825648e-04,-4.999651322e-02
4.504000000e-02,4.999605221e+00,2.499677614e-04,-4.999355254e-02
4.506000000e-02,4.999111762e+00,2.499430897e-04,-4.998861819e-02
4.508000000e-02,4.998420946e+00,2.499085506e-04,-4.998171038e-02
4.510000000e-02,4.997532802e+00,2.498641456e-04,-4.997282938e-02
4.512000000e-02,4.996447363e+00,2.498098764e-04,-4.996197554e-02
4.514000000e-02,4.995164673e+00,2.497457451e-04,-4.994914928e-02
4.516000000e-02,4.993684783e+00,2.496717543e-04,-4.993435112e-02
4.518000000e-02,4.992007751e+00,2.495879069e-04,-4.991758163e-02
4.520000000e-02,4.990133642e+00,2.494942061e-04,-4.989884148e-02
4.522000000e-02,4.988062532e+00,2.493906558e-04,-4.987813142e-02
4.524000000e-02,4.985794501e+00,2.492772600e-04,-4.985545225e-02
4.526000000e-02,4.983329640e+00,2.491540231e-04,-4.983080487e-02
4.528000000e-02,4.980668046e+00,2.490209500e-04,-4.980419025e-02
4.530000000e-02,4.977809823e+00,2.488780460e-04,-4.977560945e-02
4.532000000e-02,4.974755085e+00,2.487253167e-04,-4.974506360e-02
4.534000000e-02,4.971503952e+00,2.485627682e-04,-4.971255390e-02
4.536000000e-02,4.968056553e+00,2.483904069e-04,-4.967808163e-02
4.538000000e-02,4.964413023e+00,2.482082395e-04,-4.964164815e-02
4.540000000e-02,4.960573507e+00,2.480162733e-04,-4.960325491e-02
4.542000000e-02,4.956538155e+00,2.478145158e-04,-4.956290341e-02
4.544000000e-02,4.952307128e+00,2.476029750e-04,-4.952059526e-02
4.546000000e-02,4.947880593e+00,2.473816593e-04,-4.947633212e-02
4.548000000e-02,4.943258724e+00,2.471505774e-04,-4.943011574e-02
4.550000000e-02,4.938441703e+00,2.469097384e-04,-4.938194794e-02
4.552000000e-02,4.933429721e+00,2.466591519e-04,-4.933183062e-02
4.554000000e-02,4.928222976e+00,2.463988276e-04,-4.927976577e-02
4.556000000e-02,4.922821673e+00,2.461287760e-04,-4.922575544e-02
4.558000000e-02,4.917226025e+00,2.458490076e-04,-4.916980176e-02
4.560000000e-02,4.911436254e+00,2.455595335e-04,-4.911190695e-02
4.562000000e-02,4.905452587e+00,2.452603651e-04,-4.905207327e-02
4.564000000e-02,4.899275262e+00,2.449515143e-04,-4.899030311e-02
4.566000000e-02,4.892904522e+00,2.446329932e-04,-4.892659889e-02
4.568000000e-02,4.886340618e+00,2.443048144e-04,-4.886096314e-02
4.570000000e-02,4.879583810e+00,2.439669909e-04,-4.879339843e-02
4.572000000e-02,4.872634364e+00,2.436195360e-04,-4.872390745e-02
4.574000000e-02,4.865492555e+00,2.432624634e-04,-4.865249293e-02
4.576000000e-02,4.858158665e+00,2.428957872e-04,-4.857915769e-02
4.578000000e-02,4.850632982e+00,2.425195219e-04,-4.850390463e-02
4.580000000e-02,4.842915806e+00,2.421336824e-04,-4.842673672e-02
4.582000000e-02,4.835007439e+00,2.417382838e-04,-4.834765701e-02
4.584000000e-02,4.826908194e+00,2.413333418e-04,-4.826666861e-02
4.586000000e-02,4.818618391e+00,2.409188724e-04,-4.818377473e-02
4.588000000e-02,4.810138358e+00,2.404948919e-04,-4.809897864e-02
4.590000000e-02,4.801468428e+00,2.400614171e-04,-4.801228367e-02
4.592000000e-02,4.792608945e+00,2.396184651e-04,-4.792369327e-02
4.594000000e-02,4.783560258e+00,2.391660534e-04,-4.783321092e-02
4.596000000e-02,4.774322724e+00,2.387041998e-04,-4.774084020e-02
4.598000000e-02,4.764896708e+00,2.382329225e-04,-4.764658475e-02
4.600000000e-02,4.755282581e+00,2.377522403e-04,-4.755044830e-02
4.602000000e-02,4.745480725e+00,2.372621720e-04,-4.745243463e-02
4.604000000e-02,4.735491525e+00,2.367627369e-04,-4.735254763e-02
4.606000000e-02,4.725315376e+00,2.362539549e-04,-4.725079122e-02
4.608000000e-02,4.714952679e+00,2.357358460e-04,-4.714716944e-02
4.610000000e-02,4.704403845e+00,2.352084306e-04,-4.704168637e-02
4.612000000e-02,4.693669288e+00,2.346717297e-04,-4.693434617e-02
4.614000000e-02,4.682749434e+00,2.341257642e-04,-4.682515308e-02
4.616000000e-02,4.671644712e+00,2.335705559e-04,-4.671411142e-02
4.618000000e-02,4.660355562e+00,2.330061266e-04,-4.660122557e-02
4.620000000e-02,4.648882429e+00,2.324324987e-04,-4.648649997e-02
4.622000000e-02,4.637225767e+00,2.318496947e-04,-4.636993917e-02
4.624000000e-02,4.625386034e+00,2.312577377e-04,-4.625154777e-02
4.626000000e-02,4.613363699e+00,2.306566510e-04,-4.613133043e-02
4.628000000e-02,4.601159237e+00,2.300464584e-04,-4.600929191e-02
4.630000000e-02,4.588773128e+00,2.294271839e-04,-4.588543702e-02
4.632000000e-02,4.576205863e+00,2.287988521e-04,-4.575977065e-02
4.634000000e-02,4.563457937e+00,2.281614876e-04,-4.563229776e-02
4.636000000e-02,4.550529853e+00,2.275151158e-04,-4.550302339e-02
4.638000000e-02,4.537422123e+00,2.268597620e-04,-4.537195263e-02
4.640000000e-02,4.524135262e+00,2.261954522e-04,-4.523909067e-02
4.642000000e-02,4.510669797e+00,2.255222126e-04,-4.510444275e-02
4.644000000e-02,4.497026258e+00,2.248400698e-04,-4.496801418e-02
4.646000000e-02,4.483205184e+00,2.241490506e-04,-4.482981035e-02
4.648000000e-02,4.469207121e+00,2.234491825e-04,-4.468983672e-02
4.650000000e-02,4.455032621e+00,2.227404929e-04,-4.454809881e-02
4.652000000e-02,4.440682244e+00,2.220230099e-04,-4.440460222e-02
4.654000000e-02,4.426156557e+00,2.212967619e-04,-4.425935260e-02
4.656000000e-02,4.411456132e+00,2.205617774e-04,-4.411235571e-02
4.658000000e-02,4.396581551e+00,2.198180855e-04,-4.396361733e-02
4.660000000e-02,4.381533400e+00,2.190657156e-04,-4.381314335e-02
4.662000000e-02,4.366312274e+00,2.183046974e-04,-4.366093970e-02
4.664000000e-02,4.350918773e+00,2.175350608e-04,-4.350701239e-02
4.666000000e-02,4.335353506e+00,2.167568364e-04,-4.335136749e-02
4.668000000e-02,4.319617086e+00,2.159700547e-04,-4.319401116e-02
4.670000000e-02,4.303710135e+00,2.151747469e-04,-4.303494961e-02
4.672000000e-02,4.287633281e+00,2.143709444e-04,-4.287418910e-02
4.674000000e-02,4.271387158e+00,2.135586789e-04,-4.271173600e-02
4.676000000e-02,4.254972409e+00,2.127379825e-04,-4.254759671e-02
4.678000000e-02,4.238389680e+00,2.119088875e-04,-4.238177772e-02
4.680000000e-02,4.221639628e+00,2.110714267e-04,-4.221428557e-02
4.682000000e-02,4.204722911e+00,2.102256332e-04,-4.204512686e-02
4.684000000e-02,4.187640200e+00,2.093715404e-04,-4.187430829e-02
4.686000000e-02,4.170392168e+00,2.085091819e-04,-4.170183659e-02
4.688000000e-02,4.152979496e+00,2.076385918e-04,-4.152771858e-02
4.690000000e-02,4.135402871e+00,2.067598045e-04,-4.135196112e-02
4.692000000e-02,4.117662988e+00,2.058728547e-04,-4.117457116e-02
4.694000000e-02,4.099760547e+00,2.049777774e-04,-4.099555569e-02
4.696000000e-02,4.081696254e+00,2.040746079e-04,-4.081492179e-02
4.698000000e-02,4.063470822e+00,2.031633819e-04,-4.063267659e-02
4.700000000e-02,4.045084972e+00,2.022441354e-04,-4.044882728e-02
4.702000000e-02,4.026539429e+00,2.013169046e-04,-4.026338112e-02
4.704000000e-02,4.007834924e+00,2.003817261e-04,-4.007634543e-02
4.706000000e-02,3.988972198e+00,1.994386370e-04,-3.988772759e-02
4.708000000e-02,3.969951993e+00,1.984876743e-04,-3.969753506e-02
4.710000000e-02,3.950775062e+00,1.975288757e-04,-3.950577533e-02
4.712000000e-02,3.931442161e+00,1.965622789e-04,-3.931245599e-02
4.714000000e-02,3.911954053e+00,1.955879223e-04,-3.911758465e-02
4.716000000e-02,3.892311508e+00,1.946058441e-04,-3.892116902e-02
4.718000000e-02,3.872515301e+00,1.936160833e-04,-3.872321685e-02
4.720000000e-02,3.852566214e+00,1.926186788e-04,-3.852373596e-02
4.722000000e-02,3.832465034e+00,1.916136701e-04,-3.832273421e-02
4.724000000e-02,3.812212555e+00,1.906010967e-04,-3.812021954e-02
4.726000000e-02,3.791809576e+00,1.895809988e-04,-3.791619996e-02
4.728000000e-02,3.771256904e+00,1.885534166e-04,-3.771068351e-02
4.730000000e-02,3.750555348e+00,1.875183906e-04,-3.750367830e-02
4.732000000e-02,3.729705727e+00,1.864759616e-04,-3.729519252e-02
4.734000000e-02,3.708708864e+00,1.854261709e-04,-3.708523438e-02
4.736000000e-02,3.687565587e+00,1.843690600e-04,-3.687381218e-02
4.738000000e-02,3.666276731e+00,1.833046704e-04,-3.666093427e-02
4.740000000e-02,3.644843137e+00,1.822330443e-04,-3.644660904e-02
4.742000000e-02,3.623265651e+00,1.811542239e-04,-3.623084497e-02
4.744000000e-02,3.601545124e+00,1.800682519e-04,-3.601365057e-02
4.746000000e-02,3.579682415e+00,1.789751711e-04,-3.579503440e-02
4.748000000e-02,3.557678386e+00,1.778750247e-04,-3.557500511e-02
4.750000000e-02,3.535533906e+00,1.767678560e-04,-3.535357138e-02
4.752000000e-02,3.513249849e+00,1.756537089e-04,-3.513074196e-02
4.754000000e-02,3.490827095e+00,1.745326272e-04,-3.490652563e-02
4.756000000e-02,3.468266529e+00,1.734046554e-04,-3.468093125e-02
4.758000000e-02,3.445569042e+00,1.722698377e-04,-3.445396772e-02
4.760000000e-02,3.422735530e+00,1.711282192e-04,-3.422564402e-02
4.762000000e-02,3.399766894e+00,1.699798448e-04,-3.399596914e-02
4.764000000e-02,3.376664041e+00,1.688247599e-04,-3.376495216e-02
4.766000000e-02,3.353427883e+00,1.676630101e-04,-3.353260220e-02
4.768000000e-02,3.330059337e+00,1.664946413e-04,-3.329892843e-02
4.770000000e-02,3.306559327e+00,1.653196995e-04,-3.306394007e-02
4.772000000e-02,3.282928779e+00,1.641382312e-04,-3.282764641e-02
4.774000000e-02,3.259168627e+00,1.629502830e-04,-3.259005677e-02
4.776000000e-02,3.235279808e+00,1.617559018e-04,-3.235118052e-02
4.778000000e-02,3.211263266e+00,1.605551347e-04,-3.211102711e-02
4.780000000e-02,3.187119949e+00,1.593480292e-04,-3.186960601e-02
4.782000000e-02,3.162850810e+00,1.581346330e-04,-3.162692675e-02
4.784000000e-02,3.138456806e+00,1.569149938e-04,-3.138299892e-02
4.786000000e-02,3.113938902e+00,1.556891599e-04,-3.113783214e-02
4.788000000e-02,3.089298065e+00,1.544571796e-04,-3.089143609e-02
4.790000000e-02,3.064535268e+00,1.532191017e-04,-3.064382049e-02
4.792000000e-02,3.039651488e+00,1.519749749e-04,-3.039499514e-02
4.794000000e-02,3.014647708e+00,1.507248484e-04,-3.014496984e-02
4.796000000e-02,2.989524915e+00,1.494687716e-04,-2.989375447e-02
4.798000000e-02,2.964284101e+00,1.482067940e-04,-2.964135894e-02
4.800000000e-02,2.938926261e+00,1.469389654e-04,-2.938779323e-02
4.802000000e-02,2.913452398e+00,1.456653359e-04,-2.913306733e-02
4.804000000e-02,2.887863517e+00,1.443859558e-04,-2.887719131e-02
4.806000000e-02,2.862160628e+00,1.431008756e-04,-2.862017527e-02
4.808000000e-02,2.836344746e+00,1.418101461e-04,-2.836202936e-02
4.810000000e-02,2.810416889e+00,1.405138181e-04,-2.810276376e-02
4.812000000e-02,2.784378082e+00,1.392119428e-04,-2.784238871e-02
4.814000000e-02,2.758229353e+00,1.379045717e-04,-2.758091449e-02
4.816000000e-02,2.731971734e+00,1.365917564e-04,-2.731835142e-02
4.818000000e-02,2.705606261e+00,1.352735487e-04,-2.705470987e-02
4.820000000e-02,2.679133975e+00,1.339500006e-04,-2.679000025e-02
4.822000000e-02,2.652555922e+00,1.326211644e-04,-2.652423301e-02
4.824000000e-02,2.625873150e+00,1.312870925e-04,-2.625741863e-02
4.826000000e-02,2.599086713e+00,1.299478376e-04,-2.598956766e-02
4.828000000e-02,2.572197669e+00,1.286034526e-04,-2.572069066e-02
4.830000000e-02,2.545207079e+00,1.272539906e-04,-2.545079825e-02
4.832000000e-02,2.518116008e+00,1.258995048e-04,-2.517990109e-02
4.834000000e-02,2.490925527e+00,1.245400487e-04,-2.490800987e-02
4.836000000e-02,2.463636708e+00,1.231756760e-04,-2.463513532e-02
4.838000000e-02,2.436250629e+00,1.218064405e-04,-2.436128822e-02
4.840000000e-02,2.408768371e+00,1.204323963e-04,-2.408647938e-02
4.842000000e-02,2.381191018e+00,1.190535976e-04,-2.381071965e-02
4.844000000e-02,2.353519661e+00,1.176700989e-04,-2.353401991e-02
4.846000000e-02,2.325755390e+00,1.162819548e-04,-2.325639109e-02
4.848000000e-02,2.297899303e+00,1.148892201e-04,-2.297784414e-02
4.850000000e-02,2.269952499e+00,1.134919498e-04,-2.269839007e-02
4.852000000e-02,2.241916080e+00,1.120901990e-04,-2.241803990e-02
4.854000000e-02,2.213791155e+00,1.106840230e-04,-2.213680471e-02
4.856000000e-02,2.185578833e+00,1.092734774e-04,-2.185469560e-02
4.858000000e-02,2.157280228e+00,1.078586180e-04,-2.157172370e-02
4.860000000e-02,2.128896458e+00,1.064395004e-04,-2.128790019e-02
4.862000000e-02,2.100428642e+00,1.050161808e-04,-2.100323626e-02
4.864000000e-02,2.071877905e+00,1.035887153e-04,-2.071774316e-02
4.866000000e-02,2.043245374e+00,1.021571603e-04,-2.043143217e-02
4.868000000e-02,2.014532179e+00,1.007215723e-04,-2.014431457e-02
4.870000000e-02,1.985739453e+00,9.928200806e-05,-1.985640171e-02
4.872000000e-02,1.956868334e+00,9.783852429e-05,-1.956770496e-02
4.874000000e-02,1.927919961e+00,9.639117803e-05,-1.927823570e-02
4.876000000e-02,1.898895478e+00,9.494002640e-05,-1.898800538e-02
4.878000000e-02,1.869796029e+00,9.348512671e-05,-1.869702544e-02
4.880000000e-02,1.840622763e+00,9.202653638e-05,-1.840530737e-02
4.882000000e-02,1.811376834e+00,9.056431301e-05,-1.811286269e-02
4.884000000e-02,1.782059394e+00,8.909851431e-05,-1.781970295e-02
4.886000000e-02,1.752671601e+00,8.762919815e-05,-1.752583972e-02
4.888000000e-02,1.723214616e+00,8.615642254e-05,-1.723128460e-02
4.890000000e-02,1.693689601e+00,8.468024563e-05,-1.693604921e-02
4.892000000e-02,1.664097723e+00,8.320072568e-05,-1.664014522e-02
4.894000000e-02,1.634440148e+00,8.171792111e-05,-1.634358431e-02
4.896000000e-02,1.604718049e+00,8.023189046e-05,-1.604637817e-02
4.898000000e-02,1.574932598e+00,7.874269239e-05,-1.574853856e-02
4.900000000e-02,1.545084972e+00,7.725038569e-05,-1.545007722e-02
4.902000000e-02,1.515176348e+00,7.575502928e-05,-1.515100593e-02
4.904000000e-02,1.485207908e+00,7.425668219e-05,-1.485133651e-02
4.906000000e-02,1.455180834e+00,7.275540357e-05,-1.455108079e-02
4.908000000e-02,1.425096312e+00,7.125125270e-05,-1.425025061e-02
4.910000000e-02,1.394955530e+00,6.974428895e-05,-1.394885786e-02
4.912000000e-02,1.364759678e+00,6.823457181e-05,-1.364691443e-02
4.914000000e-02,1.334509947e+00,6.672216089e-05,-1.334443225e-02
4.916000000e-02,1.304207531e+00,6.520711589e-05,-1.304142324e-02
4.918000000e-02,1.273853628e+00,6.368949663e-05,-1.273789939e-02
4.920000000e-02,1.243449436e+00,6.216936301e-05,-1.243387267e-02
4.922000000e-02,1.212996154e+00,6.064677506e-05,-1.212935507e-02
4.924000000e-02,1.182494985e+00,5.912179287e-05,-1.182435863e-02
4.926000000e-02,1.151947133e+00,5.759447666e-05,-1.151889539e-02
4.928000000e-02,1.121353805e+00,5.606488671e-05,-1.121297740e-02
4.930000000e-02,1.090716207e+00,5.453308342e-05,-1.090661674e-02
4.932000000e-02,1.060035550e+00,5.299912726e-05,-1.059982551e-02
4.934000000e-02,1.029313044e+00,5.146307878e-05,-1.029261581e-02
4.936000000e-02,9.985499026e-01,4.992499863e-05,-9.984999777e-03
4.938000000e-02,9.677473403e-01,4.838494752e-05,-9.676989554e-03
4.940000000e-02,9.369065729e-01,4.684298626e-05,-9.368597300e-03
4.942000000e-02,9.060288181e-01,4.529917572e-05,-9.059835191e-03
4.944000000e-02,8.751152949e-01,4.375357685e-05,-8.750715414e-03
4.946000000e-02,8.441672236e-01,4.220625065e-05,-8.441250174e-03
4.948000000e-02,8.131858260e-01,4.065725823e-05,-8.131451688e-03
4.950000000e-02,7.821723252e-01,3.910666073e-05,-7.821332186e-03
4.952000000e-02,7.511279456e-01,3.755451937e-05,-7.510903912e-03
4.954000000e-02,7.200539128e-01,3.600089541e-05,-7.200179119e-03
4.956000000e-02,6.889514534e-01,3.444585021e-05,-6.889170076e-03
4.958000000e-02,6.578217955e-01,3.288944514e-05,-6.577889061e-03
4.960000000e-02,6.266661678e-01,3.133174165e-05,-6.266348361e-03
4.962000000e-02,5.954858005e-01,2.977280123e-05,-5.954560277e-03
4.964000000e-02,5.642819244e-01,2.821268544e-05,-5.642537117e-03
4.966000000e-02,5.330557714e-01,2.665145586e-05,-5.330291200e-03
4.968000000e-02,5.018085743e-01,2.508917413e-05,-5.017834851e-03
4.970000000e-02,4.705415666e-01,2.352590192e-05,-4.705180407e-03
4.972000000e-02,4.392559828e-01,2.196170094e-05,-4.392340211e-03
4.974000000e-02,4.079530578e-01,2.039663296e-05,-4.079326613e-03
4.976000000e-02,3.766340276e-01,1.883075975e-05,-3.766151969e-03
4.978000000e-02,3.453001286e-01,1.726414314e-05,-3.452828645e-03
4.980000000e-02,3.139525976e-01,1.569684496e-05,-3.139369008e-03
4.982000000e-02,2.825926724e-01,1.412892710e-05,-2.825785435e-03
4.984000000e-02,2.512215909e-01,1.256045146e-05,-2.512090305e-03
4.986000000e-02,2.198405916e-01,1.099147995e-05,-2.198296001e-03
4.988000000e-02,1.884509134e-01,9.422074517e-06,-1.884414913e-03
4.990000000e-02,1.570537954e-01,7.852297116e-06,-1.570459431e-03
4.992000000e-02,1.256504772e-01,6.282209719e-06,-1.256441950e-03
4.994000000e-02,9.424219858e-02,4.711874312e-06,-9.423748671e-04
4.996000000e-02,6.283019942e-02,3.141352888e-06,-6.282705807e-04
4.998000000e-02,3.141571983e-02,1.570707448e-06,-3.141414913e-04
5.000000000e-02,2.667596876e-12,1.333731745e-16,-2.667463503e-14
5.002000000e-02,-3.141571983e-02,-1.570707448e-06,3.141414912e-04
5.004000000e-02,-6.283019941e-02,-3.141352887e-06,6.282705807e-04
5.006000000e-02,-9.424219857e-02,-4.711874311e-06,9.423748671e-04
5.008000000e-02,-1.256504772e-01,-6.282209719e-06,1.256441950e-03
5.010000000e-02,-1.570537954e-01,-7.852297115e-06,1.570459431e-03
5.012000000e-02,-1.884509133e-01,-9.422074517e-06,1.884414913e-03
5.014000000e-02,-2.198405916e-01,-1.099147995e-05,2.198296001e-03
5.016000000e-02,-2.512215909e-01,-1.256045146e-05,2.512090305e-03
5.018000000e-02,-2.825926724e-01,-1.412892710e-05,2.825785435e-03
5.020000000e-02,-3.139525976e-01,-1.569684496e-05,3.139369008e-03
5.022000000e-02,-3.453001286e-01,-1.726414313e-05,3.452828645e-03
5.024000000e-02,-3.766340276e-01,-1.883075975e-05,3.766151969e-03
5.026000000e-02,-4.079530578e-01,-2.039663296e-05,4.079326612e-03
5.028000000e-02,-4.392559828e-01,-2.196170094e-05,4.392340211e-03
5.030000000e-02,-4.705415666e-01,-2.352590192e-05,4.705180407e-03
5.032000000e-02,-5.018085743e-01,-2.508917413e-05,5.017834851e-03
5.034000000e-02,-5.330557714e-01,-2.665145586e-05,5.330291200e-03
5.036000000e-02,-5.642819244e-01,-2.821268544e-05,5.642537117e-03
5.038000000e-02,-5.954858005e-01,-2.977280123e-05,5.954560277e-03
5.040000000e-02,-6.266661678e-01,-3.133174165e-05,6.266348361e-03
5.042000000e-02,-6.578217955e-01,-3.288944514e-05,6.577889061e-03
5.044000000e-02,-6.889514534e-01,-3.444585021e-05,6.889170076e-03
5.046000000e-02,-7.200539128e-01,-3.600089541e-05,7.200179119e-03
5.048000000e-02,-7.511279456e-01,-3.755451937e-05,7.510903912e-03
5.050000000e-02,-7.821723252e-01,-3.910666073e-05,7.821332186e-03
5.052000000e-02,-8.131858260e-01,-4.065725823e-05,8.131451688e-03
5.054000000e-02,-8.441672236e-01,-4.220625065e-05,8.441250174e-03
5.056000000e-02,-8.751152949e-01,-4.375357685e-05,8.750715414e-03
5.058000000e-02,-9.060288181e-01,-4.529917572e-05,9.059835190e-03
5.060000000e-02,-9.369065729e-01,-4.684298626e-05,9.368597300e-03
5.062000000e-02,-9.677473403e-01,-4.838494752e-05,9.676989554e-03
5.064000000e-02,-9.985499026e-01,-4.992499863e-05,9.984999777e-03
5.066000000e-02,-1.029313044e+00,-5.146307878e-05,1.029261581e-02
5.068000000e-02,-1.060035550e+00,-5.299912726e-05,1.059982551e-02
5.070000000e-02,-1.090716207e+00,-5.453308342e-05,1.090661674e-02
5.072000000e-02,-1.121353805e+00,-5.606488671e-05,1.121297740e-02
5.074000000e-02,-1.151947133e+00,-5.759447666e-05,1.151889539e-02
5.076000000e-02,-1.182494985e+00,-5.912179287e-05,1.182435863e-02
5.078000000e-02,-1.212996154e+00,-6.064677506e-05,1.212935507e-02
5.080000000e-02,-1.243449436e+00,-6.216936301e-05,1.243387267e-02
5.082000000e-02,-1.273853628e+00,-6.368949663e-05,1.273789939e-02
5.084000000e-02,-1.304207531e+00,-6.520711589e-05,1.304142324e-02
5.086000000e-02,-1.334509947e+00,-6.672216089e-05,1.334443225e-02
5.088000000e-02,-1.364759678e+00,-6.823457181e-05,1.364691443e-02
5.090000000e-02,-1.394955530e+00,-6.974428895e-05,1.394885786e-02
5.092000000e-02,-1.425096312e+00,-7.125125270e-05,1.425025061e-02
5.094000000e-02,-1.455180834e+00,-7.275540357e-05,1.455108079e-02
5.096000000e-02,-1.485207908e+00,-7.425668219e-05,1.485133651e-02
5.098000000e-02,-1.515176348e+00,-7.575502928e-05,1.515100593e-02
5.100000000e-02,-1.545084972e+00,-7.725038569e-05,1.545007722e-02
5.102000000e-02,-1.574932598e+00,-7.874269239e-05,1.574853856e-02
5.104000000e-02,-1.604718049e+00,-8.023189046e-05,1.604637817e-02
5.106000000e-02,-1.634440148e+00,-8.171792111e-05,1.634358431e-02
5.108000000e-02,-1.664097723e+00,-8.320072568e-05,1.664014522e-02
5.110000000e-02,-1.693689601e+00,-8.468024563e-05,1.693604921e-02
5.112000000e-02,-1.723214616e+00,-8.615642254e-05,1.723128460e-02
5.114000000e-02,-1.752671601e+00,-8.762919815e-05,1.752583972e-02
5.116000000e-02,-1.782059394e+00,-8.909851431e-05,1.781970295e-02
5.118000000e-02,-1.811376834e+00,-9.056431301e-05,1.811286269e-02
5.120000000e-02,-1.840622763e+00,-9.202653638e-05,1.840530737e-02
5.122000000e-02,-1.869796029e+00,-9.348512671e-05,1.869702544e-02
5.124000000e-02,-1.898895478e+00,-9.494002640e-05,1.898800538e-02
5.126000000e-02,-1.927919961e+00,-9.639117803e-05,1.927823570e-02
5.128000000e-02,-1.956868334e+00,-9.783852429e-05,1.956770496e-02
5.130000000e-02,-1.985739453e+00,-9.928200806e-05,1.985640171e-02
5.132000000e-02,-2.014532179e+00,-1.007215723e-04,2.014431457e-02
5.134000000e-02,-2.043245374e+00,-1.021571603e-04,2.043143217e-02
5.136000000e-02,-2.071877905e+00,-1.035887153e-04,2.071774316e-02
5.138000000e-02,-2.100428642e+00,-1.050161808e-04,2.100323626e-02
5.140000000e-02,-2.128896458e+00,-1.064395004e-04,2.128790019e-02
5.142000000e-02,-2.157280228e+00,-1.078586179e-04,2.157172370e-02
5.144000000e-02,-2.185578833e+00,-1.092734774e-04,2.185469560e-02
5.146000000e-02,-2.213791155e+00,-1.106840230e-04,2.213680471e-02
5.148000000e-02,-2.241916080e+00,-1.120901990e-04,2.241803990e-02
5.150000000e-02,-2.269952499e+00,-1.134919498e-04,2.269839007e-02
5.152000000e-02,-2.297899303e+00,-1.148892201e-04,2.297784414e-02
5.154000000e-02,-2.325755390e+00,-1.162819548e-04,2.325639109e-02
5.156000000e-02,-2.353519661e+00,-1.176700989e-04,2.353401991e-02
5.158000000e-02,-2.381191018e+00,-1.190535976e-04,2.381071965e-02
5.160000000e-02,-2.408768371e+00,-1.204323963e-04,2.408647938e-02
5.162000000e-02,-2.436250629e+00,-1.218064405e-04,2.436128822e-02
5.164000000e-02,-2.463636708e+00,-1.231756760e-04,2.463513532e-02
5.166000000e-02,-2.490925527e+00,-1.245400487e-04,2.490800987e-02
5.168000000e-02,-2.518116008e+00,-1.258995048e-04,2.517990109e-02
5.170000000e-02,-2.545207079e+00,-1.272539906e-04,2.545079825e-02
5.172000000e-02,-2.572197669e+00,-1.286034526e-04,2.572069066e-02
5.174000000e-02,-2.599086713e+00,-1.299478376e-04,2.598956766e-02
5.176000000e-02,-2.625873150e+00,-1.312870925e-04,2.625741863e-02
5.178000000e-02,-2.652555922e+00,-1.326211644e-04,2.652423301e-02
5.180000000e-02,-2.679133975e+00,-1.339500006e-04,2.679000025e-02
5.182000000e-02,-2.705606261e+00,-1.352735487e-04,2.705470987e-02
5.184000000e-02,-2.731971734e+00,-1.365917564e-04,2.731835142e-02
5.186000000e-02,-2.758229353e+00,-1.379045717e-04,2.758091449e-02
5.188000000e-02,-2.784378082e+00,-1.392119428e-04,2.784238871e-02
5.190000000e-02,-2.810416889e+00,-1.405138181e-04,2.810276376e-02
5.192000000e-02,-2.836344746e+00,-1.418101461e-04,2.836202936e-02
5.194000000e-02,-2.862160628e+00,-1.431008756e-04,2.862017527e-02
5.196000000e-02,-2.887863517e+00,-1.443859558e-04,2.887719131e-02
5.198000000e-02,-2.913452398e+00,-1.456653359e-04,2.913306733e-02
5.200000000e-02,-2.938926261e+00,-1.469389654e-04,2.938779323e-02
5.202000000e-02,-2.964284101e+00,-1.482067940e-04,2.964135894e-02
5.204000000e-02,-2.989524915e+00,-1.494687716e-04,2.989375447e-02
5.206000000e-02,-3.014647708e+00,-1.507248484e-04,3.014496984e-02
5.208000000e-02,-3.039651488e+00,-1.519749749e-04,3.039499514e-02
5.210000000e-02,-3.064535268e+00,-1.532191017e-04,3.064382049e-02
5.212000000e-02,-3.089298065e+00,-1.544571796e-04,3.089143609e-02
5.214000000e-02,-3.113938902e+00,-1.556891599e-04,3.113783214e-02
5.216000000e-02,-3.138456806e+00,-1.569149938e-04,3.138299892e-02
5.218000000e-02,-3.162850810e+00,-1.581346330e-04,3.162692675e-02
5.220000000e-02,-3.187119949e+00,-1.593480292e-04,3.186960601e-02
5.222000000e-02,-3.211263266e+00,-1.605551347e-04,3.211102711e-02
5.224000000e-02,-3.235279808e+00,-1.617559018e-04,3.235118052e-02
5.226000000e-02,-3.259168627e+00,-1.629502830e-04,3.259005677e-02
5.228000000e-02,-3.282928779e+00,-1.641382312e-04,3.282764641e-02
5.230000000e-02,-3.306559327e+00,-1.653196995e-04,3.306394007e-02
5.232000000e-02,-3.330059337e+00,-1.664946413e-04,3.329892843e-02
5.234000000e-02,-3.353427883e+00,-1.676630101e-04,3.353260220e-02
5.236000000e-02,-3.376664041e+00,-1.688247599e-04,3.376495216e-02
5.238000000e-02,-3.399766894e+00,-1.699798448e-04,3.399596914e-02
5.240000000e-02,-3.422735530e+00,-1.711282192e-04,3.422564402e-02
5.242000000e-02,-3.445569042e+00,-1.722698377e-04,3.445396772e-02
5.244000000e-02,-3.468266529e+00,-1.734046554e-04,3.468093125e-02
5.246000000e-02,-3.490827095e+00,-1.745326272e-04,3.490652563e-02
5.248000000e-02,-3.513249849e+00,-1.756537089e-04,3.513074196e-02
5.250000000e-02,-3.535533906e+00,-1.767678560e-04,3.535357138e-02
5.252000000e-02,-3.557678386e+00,-1.778750247e-04,3.557500511e-02
5.254000000e-02,-3.579682415e+00,-1.789751711e-04,3.579503440e-02
5.256000000e-02,-3.601545124e+00,-1.800682519e-04,3.601365057e-02
5.258000000e-02,-3.623265651e+00,-1.811542239e-04,3.623084497e-02
5.260000000e-02,-3.644843137e+00,-1.822330443e-04,3.644660904e-02
5.262000000e-02,-3.666276731e+00,-1.833046704e-04,3.666093427e-02
5.264000000e-02,-3.687565587e+00,-1.843690600e-04,3.687381218e-02
5.266000000e-02,-3.708708864e+00,-1.854261709e-04,3.708523438e-02
5.268000000e-02,-3.729705727e+00,-1.864759616e-04,3.729519252e-02
5.270000000e-02,-3.750555348e+00,-1.875183906e-04,3.750367830e-02
5.272000000e-02,-3.771256904e+00,-1.885534166e-04,3.771068351e-02
5.274000000e-02,-3.791809576e+00,-1.895809988e-04,3.791619996e-02
5.276000000e-02,-3.812212555e+00,-1.906010967e-04,3.812021954e-02
5.278000000e-02,-3.832465034e+00,-1.916136701e-04,3.832273421e-02
5.280000000e-02,-3.852566214e+00,-1.926186788e-04,3.852373596e-02
5.282000000e-02,-3.872515301e+00,-1.936160833e-04,3.872321685e-02
5.284000000e-02,-3.892311508e+00,-1.946058441e-04,3.892116902e-02
5.286000000e-02,-3.911954053e+00,-1.955879223e-04,3.911758465e-02
5.288000000e-02,-3.931442161e+00,-1.965622789e-04,3.931245599e-02
5.290000000e-02,-3.950775062e+00,-1.975288757e-04,3.950577533e-02
5.292000000e-02,-3.969951993e+00,-1.984876743e-04,3.969753506e-02
5.294000000e-02,-3.988972198e+00,-1.994386370e-04,3.988772759e-02
5.296000000e-02,-4.007834924e+00,-2.003817261e-04,4.007634543e-02
5.298000000e-02,-4.026539429e+00,-2.013169046e-04,4.026338112e-02
5.300000000e-02,-4.045084972e+00,-2.022441354e-04,4.044882728e-02
5.302000000e-02,-4.063470822e+00,-2.031633819e-04,4.063267659e-02
5.304000000e-02,-4.081696254e+00,-2.040746079e-04,4.081492179e-02
5.306000000e-02,-4.099760547e+00,-2.049777774e-04,4.099555569e-02
5.308000000e-02,-4.117662988e+00,-2.058728547e-04,4.117457116e-02
5.310000000e-02,-4.135402871e+00,-2.067598045e-04,4.135196112e-02
5.312000000e-02,-4.152979496e+00,-2.076385918e-04,4.152771858e-02
5.314000000e-02,-4.170392168e+00,-2.085091819e-04,4.170183659e-02
5.316000000e-02,-4.187640200e+00,-2.093715404e-04,4.187430829e-02
5.318000000e-02,-4.204722911e+00,-2.102256332e-04,4.204512686e-02
5.320000000e-02,-4.221639628e+00,-2.110714267e-04,4.221428557e-02
5.322000000e-02,-4.238389680e+00,-2.119088875e-04,4.238177772e-02
5.324000000e-02,-4.254972409e+00,-2.127379825e-04,4.254759671e-02
5.326000000e-02,-4.271387158e+00,-2.135586789e-04,4.271173600e-02
5.328000000e-02,-4.287633281e+00,-2.143709444e-04,4.287418910e-02
5.330000000e-02,-4.303710135e+00,-2.151747469e-04,4.303494961e-02
5.332000000e-02,-4.319617086e+00,-2.159700547e-04,4.319401116e-02
5.334000000e-02,-4.335353506e+00,-2.167568364e-04,4.335136749e-02
5.336000000e-02,-4.350918773e+00,-2.175350608e-04,4.350701239e-02
5.338000000e-02,-4.366312274e+00,-2.183046974e-04,4.366093970e-02
5.340000000e-02,-4.381533400e+00,-2.190657156e-04,4.381314335e-02
5.342000000e-02,-4.396581551e+00,-2.198180855e-04,4.396361733e-02
5.344000000e-02,-4.411456132e+00,-2.205617774e-04,4.411235571e-02
5.346000000e-02,-4.426156557e+00,-2.212967619e-04,4.425935260e-02
5.348000000e-02,-4.440682244e+00,-2.220230099e-04,4.440460222e-02
5.350000000e-02,-4.455032621e+00,-2.227404929e-04,4.454809881e-02
5.352000000e-02,-4.469207121e+00,-2.234491825e-04,4.468983672e-02
5.354000000e-02,-4.483205184e+00,-2.241490506e-04,4.482981035e-02
5.356000000e-02,-4.497026258e+00,-2.248400698e-04,4.496801418e-02
5.358000000e-02,-4.510669797e+00,-2.255222126e-04,4.510444275e-02
5.360000000e-02,-4.524135262e+00,-2.261954522e-04,4.523909067e-02
5.362000000e-02,-4.537422123e+00,-2.268597620e-04,4.537195263e-02
5.364000000e-02,-4.550529853e+00,-2.275151158e-04,4.550302339e-02
5.366000000e-02,-4.563457937e+00,-2.281614876e-04,4.563229776e-02
5.368000000e-02,-4.576205863e+00,-2.287988521e-04,4.575977065e-02
5.370000000e-02,-4.588773128e+00,-2.294271839e-04,4.588543702e-02
5.372000000e-02,-4.601159237e+00,-2.300464584e-04,4.600929191e-02
5.374000000e-02,-4.613363699e+00,-2.306566510e-04,4.613133043e-02
5.376000000e-02,-4.625386034e+00,-2.312577377e-04,4.625154777e-02
5.378000000e-02,-4.637225767e+00,-2.318496947e-04,4.636993917e-02
5.380000000e-02,-4.648882429e+00,-2.324324987e-04,4.648649997e-02
5.382000000e-02,-4.660355562e+00,-2.330061266e-04,4.660122557e-02
5.384000000e-02,-4.671644712e+00,-2.335705559e-04,4.671411142e-02
5.386000000e-02,-4.682749434e+00,-2.341257642e-04,4.682515308e-02
5.388000000e-02,-4.693669288e+00,-2.346717297e-04,4.693434617e-02
5.390000000e-02,-4.704403845e+00,-2.352084306e-04,4.704168637e-02
5.392000000e-02,-4.714952679e+00,-2.357358460e-04,4.714716944e-02
5.394000000e-02,-4.725315376e+00,-2.362539549e-04,4.725079122e-02
5.396000000e-02,-4.735491525e+00,-2.367627369e-04,4.735254763e-02
5.398000000e-02,-4.745480725e+00,-2.372621720e-04,4.745243463e-02
5.400000000e-02,-4.755282581e+00,-2.377522403e-04,4.755044830e-02
5.402000000e-02,-4.764896708e+00,-2.382329225e-04,4.764658475e-02
5.404000000e-02,-4.774322724e+00,-2.387041998e-04,4.774084020e-02
5.406000000e-02,-4.783560258e+00,-2.391660534e-04,4.783321092e-02
5.408000000e-02,-4.792608945e+00,-2.396184651e-04,4.792369327e-02
5.410000000e-02,-4.801468428e+00,-2.400614171e-04,4.801228367e-02
5.412000000e-02,-4.810138358e+00,-2.404948919e-04,4.809897864e-02
5.414000000e-02,-4.818618391e+00,-2.409188724e-04,4.818377473e-02
5.416000000e-02,-4.826908194e+00,-2.413333418e-04,4.826666861e-02
5.418000000e-02,-4.835007439e+00,-2.417382838e-04,4.834765701e-02
5.420000000e-02,-4.842915806e+00,-2.421336824e-04,4.842673672e-02
5.422000000e-02,-4.850632982e+00,-2.425195219e-04,4.850390463e-02
5.424000000e-02,-4.858158665e+00,-2.428957872e-04,4.857915769e-02
5.426000000e-02,-4.865492555e+00,-2.432624634e-04,4.865249293e-02
5.428000000e-02,-4.872634364e+00,-2.436195360e-04,4.872390745e-02
5.430000000e-02,-4.879583810e+00,-2.439669909e-04,4.879339843e-02
5.432000000e-02,-4.886340618e+00,-2.443048144e-04,4.886096314e-02
5.434000000e-02,-4.892904522e+00,-2.446329932e-04,4.892659889e-02
5.436000000e-02,-4.899275262e+00,-2.449515143e-04,4.899030311e-02
5.438000000e-02,-4.905452587e+00,-2.452603651e-04,4.905207327e-02
5.440000000e-02,-4.911436254e+00,-2.455595335e-04,4.911190695e-02
5.442000000e-02,-4.917226025e+00,-2.458490076e-04,4.916980176e-02
5.444000000e-02,-4.922821673e+00,-2.461287760e-04,4.922575544e-02
5.446000000e-02,-4.928222976e+00,-2.463988276e-04,4.927976577e-02
5.448000000e-02,-4.933429721e+00,-2.466591519e-04,4.933183062e-02
5.450000000e-02,-4.938441703e+00,-2.469097384e-04,4.938194794e-02
5.452000000e-02,-4.943258724e+00,-2.471505774e-04,4.943011574e-02
5.454000000e-02,-4.947880593e+00,-2.473816593e-04,4.947633212e-02
5.456000000e-02,-4.952307128e+00,-2.476029750e-04,4.952059526e-02
5.458000000e-02,-4.956538155e+00,-2.478145158e-04,4.956290341e-02
5.460000000e-02,-4.960573507e+00,-2.480162733e-04,4.960325491e-02
5.462000000e-02,-4.964413023e+00,-2.482082395e-04,4.964164815e-02
5.464000000e-02,-4.968056553e+00,-2.483904069e-04,4.967808163e-02
5.466000000e-02,-4.971503952e+00,-2.485627682e-04,4.971255390e-02
5.468000000e-02,-4.974755085e+00,-2.487253167e-04,4.974506360e-02
5.470000000e-02,-4.977809823e+00,-2.488780460e-04,4.977560945e-02
5.472000000e-02,-4.980668046e+00,-2.490209500e-04,4.980419025e-02
5.474000000e-02,-4.983329640e+00,-2.491540231e-04,4.983080487e-02
5.476000000e-02,-4.985794501e+00,-2.492772600e-04,4.985545225e-02
5.478000000e-02,-4.988062532e+00,-2.493906558e-04,4.987813142e-02
5.480000000e-02,-4.990133642e+00,-2.494942061e-04,4.989884148e-02
5.482000000e-02,-4.992007751e+00,-2.495879069e-04,4.991758163e-02
5.484000000e-02,-4.993684783e+00,-2.496717543e-04,4.993435112e-02
5.486000000e-02,-4.995164673e+00,-2.497457451e-04,4.994914928e-02
5.488000000e-02,-4.996447363e+00,-2.498098764e-04,4.996197554e-02
5.490000000e-02,-4.997532802e+00,-2.498641456e-04,4.997282938e-02
5.492000000e-02,-4.998420946e+00,-2.499085506e-04,4.998171038e-02
5.494000000e-02,-4.999111762e+00,-2.499430897e-04,4.998861819e-02
5.496000000e-02,-4.999605221e+00,-2.499677614e-04,4.999355254e-02
5.498000000e-02,-4.999901304e+00,-2.499825648e-04,4.999651322e-02
5.500000000e-02,-5.000000000e+00,-2.499874994e-04,4.999750013e-02
5.502000000e-02,-4.999901304e+00,-2.499825648e-04,4.999651322e-02
5.504000000e-02,-4.999605221e+00,-2.499677614e-04,4.999355254e-02
5.506000000e-02,-4.999111762e+00,-2.499430897e-04,4.998861819e-02
5.508000000e-02,-4.998420946e+00,-2.499085506e-04,4.998171038e-02
5.510000000e-02,-4.997532802e+00,-2.498641456e-04,4.997282938e-02
5.512000000e-02,-4.996447363e+00,-2.498098764e-04,4.996197554e-02
5.514000000e-02,-4.995164673e+00,-2.497457451e-04,4.994914928e-02
5.516000000e-02,-4.993684783e+00,-2.496717543e-04,4.993435112e-02
5.518000000e-02,-4.992007751e+00,-2.495879069e-04,4.991758163e-02
5.520000000e-02,-4.990133642e+00,-2.494942061e-04,4.989884148e-02
5.522000000e-02,-4.988062532e+00,-2.493906558e-04,4.987813142e-02
5.524000000e-02,-4.985794501e+00,-2.492772600e-04,4.985545225e-02
5.526000000e-02,-4.983329640e+00,-2.491540231e-04,4.983080487e-02
5.528000000e-02,-4.980668046e+00,-2.490209500e-04,4.980419025e-02
5.530000000e-02,-4.977809823e+00,-2.488780460e-04,4.977560945e-02
5.532000000e-02,-4.974755085e+00,-2.487253167e-04,4.974506360e-02
5.534000000e-02,-4.971503952e+00,-2.485627682e-04,4.971255390e-02
5.536000000e-02,-4.968056553e+00,-2.483904069e-04,4.967808163e-02
5.538000000e-02,-4.964413023e+00,-2.482082395e-04,4.964164815e-02
5.540000000e-02,-4.960573507e+00,-2.480162733e-04,4.960325491e-02
5.542000000e-02,-4.956538155e+00,-2.478145158e-04,4.956290341e-02
5.544000000e-02,-4.952307128e+00,-2.476029750e-04,4.952059526e-02
5.546000000e-02,-4.947880593e+00,-2.473816593e-04,4.947633212e-02
5.548000000e-02,-4.943258724e+00,-2.471505774e-04,4.943011574e-02
5.550000000e-02,-4.938441703e+00,-2.469097384e-04,4.938194794e-02
5.552000000e-02,-4.933429721e+00,-2.466591519e-04,4.933183062e-02
5.554000000e-02,-4.928222976e+00,-2.463988276e-04,4.927976577e-02
5.556000000e-02,-4.922821673e+00,-2.461287760e-04,4.922575544e-02
5.558000000e-02,-4.917226025e+00,-2.458490076e-04,4.916980176e-02
5.560000000e-02,-4.911436254e+00,-2.455595335e-04,4.911190695e-02
5.562000000e-02,-4.905452587e+00,-2.452603651e-04,4.905207327e-02
5.564000000e-02,-4.899275262e+00,-2.449515143e-04,4.899030311e-02
5.566000000e-02,-4.892904522e+00,-2.446329932e-04,4.892659889e-02
5.568000000e-02,-4.886340618e+00,-2.443048144e-04,4.886096314e-02
5.570000000e-02,-4.879583810e+00,-2.439669909e-04,4.879339843e-02
5.572000000e-02,-4.872634364e+00,-2.436195360e-04,4.872390745e-02
5.574000000e-02,-4.865492555e+00,-2.432624634e-04,4.865249293e-02
5.576000000e-02,-4.858158665e+00,-2.428957872e-04,4.857915769e-02
5.578000000e-02,-4.850632982e+00,-2.425195219e-04,4.850390463e-02
5.580000000e-02,-4.842915806e+00,-2.421336824e-04,4.842673672e-02
5.582000000e-02,-4.835007439e+00,-2.417382838e-04,4.834765701e-02
5.584000000e-02,-4.826908194e+00,-2.413333418e-04,4.826666861e-02
5.586000000e-02,-4.818618391e+00,-2.409188724e-04,4.818377473e-02
5.588000000e-02,-4.810138358e+00,-2.404948919e-04,4.809897864e-02
5.590000000e-02,-4.801468428e+00,-2.400614171e-04,4.801228367e-02
5.592000000e-02,-4.792608945e+00,-2.396184651e-04,4.792369327e-02
5.594000000e-02,-4.783560258e+00,-2.391660534e-04,4.783321092e-02
5.596000000e-02,-4.774322724e+00,-2.387041998e-04,4.774084020e-02
5.598000000e-02,-4.764896708e+00,-2.382329225e-04,4.764658475e-02
5.600000000e-02,-4.755282581e+00,-2.377522403e-04,4.755044830e-02
5.602000000e-02,-4.745480725e+00,-2.372621720e-04,4.745243463e-02
5.604000000e-02,-4.735491525e+00,-2.367627369e-04,4.735254763e-02
5.606000000e-02,-4.725315376e+00,-2.362539549e-04,4.725079122e-02
5.608000000e-02,-4.714952679e+00,-2.357358460e-04,4.714716944e-02
5.610000000e-02,-4.704403845e+00,-2.352084306e-04,4.704168637e-02
5.612000000e-02,-4.693669288e+00,-2.346717297e-04,4.693434617e-02
5.614000000e-02,-4.682749434e+00,-2.341257642e-04,4.682515308e-02
5.616000000e-02,-4.671644712e+00,-2.335705559e-04,4.671411142e-02
5.618000000e-02,-4.660355562e+00,-2.330061266e-04,4.660122557e-02
5.620000000e-02,-4.648882429e+00,-2.324324987e-04,4.648649997e-02
5.622000000e-02,-4.637225767e+00,-2.318496947e-04,4.636993917e-02
5.624000000e-02,-4.625386034e+00,-2.312577377e-04,4.625154777e-02
5.626000000e-02,-4.613363699e+00,-2.306566510e-04,4.613133043e-02
5.628000000e-02,-4.601159237e+00,-2.300464584e-04,4.600929191e-02
5.630000000e-02,-4.588773128e+00,-2.294271839e-04,4.588543702e-02
5.632000000e-02,-4.576205863e+00,-2.287988521e-04,4.575977065e-02
5.634000000e-02,-4.563457937e+00,-2.281614876e-04,4.563229776e-02
5.636000000e-02,-4.550529853e+00,-2.275151158e-04,4.550302339e-02
5.638000000e-02,-4.537422123e+00,-2.268597620e-04,4.537195263e-02
5.640000000e-02,-4.524135262e+00,-2.261954522e-04,4.523909067e-02
5.642000000e-02,-4.510669797e+00,-2.255222126e-04,4.510444275e-02
5.644000000e-02,-4.497026258e+00,-2.248400698e-04,4.496801418e-02
5.646000000e-02,-4.483205184e+00,-2.241490506e-04,4.482981035e-02
5.648000000e-02,-4.469207121e+00,-2.234491825e-04,4.468983672e-02
5.650000000e-02,-4.455032621e+00,-2.227404929e-04,4.454809881e-02
5.652000000e-02,-4.440682244e+00,-2.220230099e-04,4.440460222e-02
5.654000000e-02,-4.426156557e+00,-2.212967619e-04,4.425935260e-02
5.656000000e-02,-4.411456132e+00,-2.205617774e-04,4.411235571e-02
5.658000000e-02,-4.396581551e+00,-2.198180855e-04,4.396361733e-02
5.660000000e-02,-4.381533400e+00,-2.190657156e-04,4.381314335e-02
5.662000000e-02,-4.366312274e+00,-2.183046974e-04,4.366093970e-02
5.664000000e-02,-4.350918773e+00,-2.175350608e-04,4.350701239e-02
5.666000000e-02,-4.335353506e+00,-2.167568364e-04,4.335136749e-02
5.668000000e-02,-4.319617086e+00,-2.159700547e-04,4.319401116e-02
5.670000000e-02,-4.303710135e+00,-2.151747469e-04,4.303494961e-02
5.672000000e-02,-4.287633281e+00,-2.143709444e-04,4.287418910e-02
5.674000000e-02,-4.271387158e+00,-2.135586789e-04,4.271173600e-02
5.676000000e-02,-4.254972409e+00,-2.127379825e-04,4.254759671e-02
5.678000000e-02,-4.238389680e+00,-2.119088875e-04,4.238177772e-02
5.680000000e-02,-4.221639628e+00,-2.110714267e-04,4.221428557e-02
5.682000000e-02,-4.204722911e+00,-2.102256332e-04,4.204512686e-02
5.684000000e-02,-4.187640200e+00,-2.093715404e-04,4.187430829e-02
5.686000000e-02,-4.170392168e+00,-2.085091819e-04,4.170183659e-02
5.688000000e-02,-4.152979496e+00,-2.076385918e-04,4.152771858e-02
5.690000000e-02,-4.135402871e+00,-2.067598045e-04,4.135196112e-02
5.692000000e-02,-4.117662988e+00,-2.058728547e-04,4.117457116e-02
5.694000000e-02,-4.099760547e+00,-2.049777774e-04,4.099555569e-02
5.696000000e-02,-4.081696254e+00,-2.040746079e-04,4.081492179e-02
5.698000000e-02,-4.063470822e+00,-2.031633819e-04,4.063267659e-02
5.700000000e-02,-4.045084972e+00,-2.022441354e-04,4.044882728e-02
5.702000000e-02,-4.026539429e+00,-2.013169046e-04,4.026338112e-02
5.704000000e-02,-4.007834924e+00,-2.003817261e-04,4.007634543e-02
5.706000000e-02,-3.988972198e+00,-1.994386370e-04,3.988772759e-02
5.708000000e-02,-3.969951993e+00,-1.984876743e-04,3.969753506e-02
5.710000000e-02,-3.950775062e+00,-1.975288757e-04,3.950577533e-02
5.712000000e-02,-3.931442161e+00,-1.965622789e-04,3.931245599e-02
5.714000000e-02,-3.911954053e+00,-1.955879223e-04,3.911758465e-02
5.716000000e-02,-3.892311508e+00,-1.946058441e-04,3.892116902e-02
5.718000000e-02,-3.872515301e+00,-1.936160833e-04,3.872321685e-02
5.720000000e-02,-3.852566214e+00,-1.926186788e-04,3.852373596e-02
5.722000000e-02,-3.832465034e+00,-1.916136701e-04,3.832273421e-02
5.724000000e-02,-3.812212555e+00,-1.906010967e-04,3.812021954e-02
5.726000000e-02,-3.791809576e+00,-1.895809988e-04,3.791619996e-02
5.728000000e-02,-3.771256904e+00,-1.885534166e-04,3.771068351e-02
5.730000000e-02,-3.750555348e+00,-1.875183906e-04,3.750367830e-02
5.732000000e-02,-3.729705727e+00,-1.864759616e-04,3.729519252e-02
5.734000000e-02,-3.708708864e+00,-1.854261709e-04,3.708523438e-02
5.736000000e-02,-3.687565587e+00,-1.843690600e-04,3.687381218e-02
5.738000000e-02,-3.666276731e+00,-1.833046704e-04,3.666093427e-02
5.740000000e-02,-3.644843137e+00,-1.822330443e-04,3.644660904e-02
5.742000000e-02,-3.623265651e+00,-1.811542239e-04,3.623084497e-02
5.744000000e-02,-3.601545124e+00,-1.800682519e-04,3.601365057e-02
5.746000000e-02,-3.579682415e+00,-1.789751711e-04,3.579503440e-02
5.748000000e-02,-3.557678386e+00,-1.778750247e-04,3.557500511e-02
5.750000000e-02,-3.535533906e+00,-1.767678560e-04,3.535357138e-02
5.752000000e-02,-3.513249849e+00,-1.756537089e-04,3.513074196e-02
5.754000000e-02,-3.490827095e+00,-1.745326272e-04,3.490652563e-02
5.756000000e-02,-3.468266529e+00,-1.734046554e-04,3.468093125e-02
5.758000000e-02,-3.445569042e+00,-1.722698377e-04,3.445396772e-02
5.760000000e-02,-3.422735530e+00,-1.711282192e-04,3.422564402e-02
5.762000000e-02,-3.399766894e+00,-1.699798448e-04,3.399596914e-02
5.764000000e-02,-3.376664041e+00,-1.688247599e-04,3.376495216e-02
5.766000000e-02,-3.353427883e+00,-1.676630101e-04,3.353260220e-02
5.768000000e-02,-3.330059337e+00,-1.664946413e-04,3.329892843e-02
5.770000000e-02,-3.306559327e+00,-1.653196995e-04,3.306394007e-02
5.772000000e-02,-3.282928779e+00,-1.641382312e-04,3.282764641e-02
5.774000000e-02,-3.259168627e+00,-1.629502830e-04,3.259005677e-02
5.776000000e-02,-3.235279808e+00,-1.617559018e-04,3.235118052e-02
5.778000000e-02,-3.211263266e+00,-1.605551347e-04,3.211102711e-02
5.780000000e-02,-3.187119949e+00,-1.593480292e-04,3.186960601e-02
5.782000000e-02,-3.162850810e+00,-1.581346330e-04,3.162692675e-02
5.784000000e-02,-3.138456806e+00,-1.569149938e-04,3.138299892e-02
5.786000000e-02,-3.113938902e+00,-1.556891599e-04,3.113783214e-02
5.788000000e-02,-3.089298065e+00,-1.544571796e-04,3.089143609e-02
5.790000000e-02,-3.064535268e+00,-1.532191017e-04,3.064382049e-02
5.792000000e-02,-3.039651488e+00,-1.519749749e-04,3.039499514e-02
5.794000000e-02,-3.014647708e+00,-1.507248484e-04,3.014496984e-02
5.796000000e-02,-2.989524915e+00,-1.494687716e-04,2.989375447e-02
5.798000000e-02,-2.964284101e+00,-1.482067940e-04,2.964135894e-02
5.800000000e-02,-2.938926261e+00,-1.469389654e-04,2.938779323e-02
5.802000000e-02,-2.913452398e+00,-1.456653359e-04,2.913306733e-02
5.804000000e-02,-2.887863517e+00,-1.443859558e-04,2.887719131e-02
5.806000000e-02,-2.862160628e+00,-1.431008756e-04,2.862017527e-02
5.808000000e-02,-2.836344746e+00,-1.418101461e-04,2.836202936e-02
5.810000000e-02,-2.810416889e+00,-1.405138181e-04,2.810276376e-02
5.812000000e-02,-2.784378082e+00,-1.392119428e-04,2.784238871e-02
5.814000000e-02,-2.758229353e+00,-1.379045717e-04,2.758091449e-02
5.816000000e-02,-2.731971734e+00,-1.365917564e-04,2.731835142e-02
5.818000000e-02,-2.705606261e+00,-1.352735487e-04,2.705470987e-02
5.820000000e-02,-2.679133975e+00,-1.339500006e-04,2.679000025e-02
5.822000000e-02,-2.652555922e+00,-1.326211644e-04,2.652423301e-02
5.824000000e-02,-2.625873150e+00,-1.312870925e-04,2.625741863e-02
5.826000000e-02,-2.599086713e+00,-1.299478376e-04,2.598956766e-02
5.828000000e-02,-2.572197669e+00,-1.286034526e-04,2.572069066e-02
5.830000000e-02,-2.545207079e+00,-1.272539906e-04,2.545079825e-02
5.832000000e-02,-2.518116008e+00,-1.258995048e-04,2.517990109e-02
5.834000000e-02,-2.490925527e+00,-1.245400487e-04,2.490800987e-02
5.836000000e-02,-2.463636708e+00,-1.231756760e-04,2.463513532e-02
5.838000000e-02,-2.436250629e+00,-1.218064405e-04,2.436128822e-02
5.840000000e-02,-2.408768371e+00,-1.204323963e-04,2.408647938e-02
5.842000000e-02,-2.381191018e+00,-1.190535976e-04,2.381071965e-02
5.844000000e-02,-2.353519661e+00,-1.176700989e-04,2.353401991e-02
5.846000000e-02,-2.325755390e+00,-1.162819548e-04,2.325639109e-02
5.848000000e-02,-2.297899303e+00,-1.148892201e-04,2.297784414e-02
5.850000000e-02,-2.269952499e+00,-1.134919498e-04,2.269839007e-02
5.852000000e-02,-2.241916080e+00,-1.120901990e-04,2.241803990e-02
5.854000000e-02,-2.213791155e+00,-1.106840230e-04,2.213680471e-02
5.856000000e-02,-2.185578833e+00,-1.092734774e-04,2.185469560e-02
5.858000000e-02,-2.157280228e+00,-1.078586180e-04,2.157172370e-02
5.860000000e-02,-2.128896458e+00,-1.064395004e-04,2.128790019e-02
5.862000000e-02,-2.100428642e+00,-1.050161808e-04,2.100323626e-02
5.864000000e-02,-2.071877905e+00,-1.035887153e-04,2.071774316e-02
5.866000000e-02,-2.043245374e+00,-1.021571603e-04,2.043143217e-02
5.868000000e-02,-2.014532179e+00,-1.007215723e-04,2.014431457e-02
5.870000000e-02,-1.985739453e+00,-9.928200806e-05,1.985640171e-02
5.872000000e-02,-1.956868334e+00,-9.783852429e-05,1.956770496e-02
5.874000000e-02,-1.927919961e+00,-9.639117803e-05,1.927823570e-02
5.876000000e-02,-1.898895478e+00,-9.494002640e-05,1.898800538e-02
5.878000000e-02,-1.869796029e+00,-9.348512671e-05,1.869702544e-02
5.880000000e-02,-1.840622763e+00,-9.202653638e-05,1.840530737e-02
5.882000000e-02,-1.811376834e+00,-9.056431301e-05,1.811286269e-02
5.884000000e-02,-1.782059394e+00,-8.909851431e-05,1.781970295e-02
5.886000000e-02,-1.752671601e+00,-8.762919815e-05,1.752583972e-02
5.888000000e-02,-1.723214616e+00,-8.615642254e-05,1.723128460e-02
5.890000000e-02,-1.693689601e+00,-8.468024563e-05,1.693604921e-02
5.892000000e-02,-1.664097723e+00,-8.320072568e-05,1.664014522e-02
5.894000000e-02,-1.634440148e+00,-8.171792111e-05,1.634358431e-02
5.896000000e-02,-1.604718049e+00,-8.023189046e-05,1.604637817e-02
5.898000000e-02,-1.574932598e+00,-7.874269239e-05,1.574853856e-02
5.900000000e-02,-1.545084972e+00,-7.725038569e-05,1.545007722e-02
5.902000000e-02,-1.515176348e+00,-7.575502928e-05,1.515100593e-02
5.904000000e-02,-1.485207908e+00,-7.425668219e-05,1.485133651e-02
5.906000000e-02,-1.455180834e+00,-7.275540357e-05,1.455108079e-02
5.908000000e-02,-1.425096312e+00,-7.125125270e-05,1.425025061e-02
5.910000000e-02,-1.394955530e+00,-6.974428895e-05,1.394885786e-02
5.912000000e-02,-1.364759678e+00,-6.823457181e-05,1.364691443e-02
5.914000000e-02,-1.334509947e+00,-6.672216089e-05,1.334443225e-02
5.916000000e-02,-1.304207531e+00,-6.520711589e-05,1.304142324e-02
5.918000000e-02,-1.273853628e+00,-6.368949663e-05,1.273789939e-02
5.920000000e-02,-1.243449436e+00,-6.216936301e-05,1.243387267e-02
5.922000000e-02,-1.212996154e+00,-6.064677506e-05,1.212935507e-02
5.924000000e-02,-1.182494985e+00,-5.912179287e-05,1.182435863e-02
5.926000000e-02,-1.151947133e+00,-5.759447666e-05,1.151889539e-02
5.928000000e-02,-1.121353805e+00,-5.606488671e-05,1.121297740e-02
5.930000000e-02,-1.090716207e+00,-5.453308342e-05,1.090661674e-02
5.932000000e-02,-1.060035550e+00,-5.299912726e-05,1.059982551e-02
5.934000000e-02,-1.029313044e+00,-5.146307878e-05,1.029261581e-02
5.936000000e-02,-9.985499026e-01,-4.992499863e-05,9.984999777e-03
5.938000000e-02,-9.677473403e-01,-4.838494752e-05,9.676989554e-03
5.940000000e-02,-9.369065729e-01,-4.684298626e-05,9.368597300e-03
5.942000000e-02,-9.060288181e-01,-4.529917572e-05,9.059835191e-03
5.944000000e-02,-8.751152949e-01,-4.375357685e-05,8.750715414e-03
5.946000000e-02,-8.441672236e-01,-4.220625065e-05,8.441250174e-03
5.948000000e-02,-8.131858260e-01,-4.065725823e-05,8.131451688e-03
5.950000000e-02,-7.821723252e-01,-3.910666073e-05,7.821332186e-03
5.952000000e-02,-7.511279456e-01,-3.755451937e-05,7.510903912e-03
5.954000000e-02,-7.200539128e-01,-3.600089541e-05,7.200179119e-03
5.956000000e-02,-6.889514534e-01,-3.444585021e-05,6.889170076e-03
5.958000000e-02,-6.578217955e-01,-3.288944514e-05,6.577889061e-03
5.960000000e-02,-6.266661678e-01,-3.133174165e-05,6.266348361e-03
5.962000000e-02,-5.954858005e-01,-2.977280123e-05,5.954560277e-03
5.964000000e-02,-5.642819244e-01,-2.821268544e-05,5.642537117e-03
5.966000000e-02,-5.330557714e-01,-2.665145586e-05,5.330291200e-03
5.968000000e-02,-5.018085743e-01,-2.508917413e-05,5.017834851e-03
5.970000000e-02,-4.705415666e-01,-2.352590192e-05,4.705180407e-03
5.972000000e-02,-4.392559828e-01,-2.196170094e-05,4.392340211e-03
5.974000000e-02,-4.079530578e-01,-2.039663296e-05,4.079326613e-03
5.976000000e-02,-3.766340276e-01,-1.883075975e-05,3.766151969e-03
5.978000000e-02,-3.453001286e-01,-1.726414314e-05,3.452828645e-03
5.980000000e-02,-3.139525976e-01,-1.569684496e-05,3.139369008e-03
5.982000000e-02,-2.825926724e-01,-1.412892710e-05,2.825785435e-03
5.984000000e-02,-2.512215909e-01,-1.256045146e-05,2.512090305e-03
5.986000000e-02,-2.198405916e-01,-1.099147995e-05,2.198296001e-03
5.988000000e-02,-1.884509134e-01,-9.422074517e-06,1.884414913e-03
5.990000000e-02,-1.570537954e-01,-7.852297116e-06,1.570459431e-03
5.992000000e-02,-1.256504772e-01,-6.282209719e-06,1.256441950e-03
5.994000000e-02,-9.424219858e-02,-4.711874312e-06,9.423748672e-04
5.996000000e-02,-6.283019942e-02,-3.141352888e-06,6.282705807e-04
5.998000000e-02,-3.141571983e-02,-1.570707448e-06,3.141414913e-04
6.000000000e-02,-3.307697662e-12,-1.653766134e-16,3.307532285e-14
