time,V(in),V(out),V(n_l),I(Vac),I(L1)
0.000000000e+00,0.000000000e+00,0.000000000e+00,0.000000000e+00,-0.000000000e+00,0.000000000e+00
2.000000000e-05,6.283143966e-02,6.282854006e-02,5.702934633e-02,-5.799193732e-04,5.799193730e-04
4.000000000e-05,1.256603988e-01,1.256494234e-01,1.036986219e-01,-2.195080153e-03,2.195080153e-03
6.000000000e-05,1.884843972e-01,1.884611102e-01,1.418871927e-01,-4.657391750e-03,4.657391749e-03
8.000000000e-05,2.513009544e-01,2.512618900e-01,1.731330906e-01,-7.812879946e-03,7.812879946e-03
1.000000000e-04,3.141075908e-01,3.140499133e-01,1.986950071e-01,-1.153549062e-02,1.153549062e-02
1.200000000e-04,3.769018267e-01,3.768232166e-01,2.196030282e-01,-1.572201884e-02,1.572201884e-02
1.400000000e-04,4.396811832e-01,4.395797434e-01,2.367001538e-01,-2.028795896e-02,2.028795896e-02
1.600000000e-04,5.024431818e-01,5.023173613e-01,2.506762770e-01,-2.516410843e-02,2.516410843e-02
1.800000000e-04,5.651853448e-01,5.650338759e-01,2.620959917e-01,-3.029378842e-02,3.029378842e-02
2.000000000e-04,6.279051953e-01,6.277270424e-01,2.714213498e-01,-3.563056926e-02,3.563056926e-02
2.200000000e-04,6.906002571e-01,6.903945751e-01,2.790304854e-01,-4.113640897e-02,4.113640897e-02
2.400000000e-04,7.532680553e-01,7.530341546e-01,2.852328557e-01,-4.678012989e-02,4.678012989e-02
2.600000000e-04,8.159061157e-01,8.156434348e-01,2.902817148e-01,-5.253617200e-02,5.253617200e-02
2.800000000e-04,8.785119655e-01,8.782200476e-01,2.943843213e-01,-5.838357264e-02,5.838357263e-02
3.000000000e-04,9.410831332e-01,9.407616075e-01,2.977102922e-01,-6.430513153e-02,6.430513153e-02
3.200000000e-04,1.003617149e+00,1.003265715e+00,3.003984396e-01,-7.028672753e-02,7.028672753e-02
3.400000000e-04,1.066111543e+00,1.065729959e+00,3.025623655e-01,-7.631675935e-02,7.631675934e-02
3.600000000e-04,1.128563849e+00,1.128151920e+00,3.042950409e-01,-8.238568795e-02,8.238568794e-02
3.800000000e-04,1.190971601e+00,1.190529173e+00,3.056725524e-01,-8.848566203e-02,8.848566202e-02
4.000000000e-04,1.253332336e+00,1.252859285e+00,3.067571695e-01,-9.461021151e-02,9.461021151e-02
4.200000000e-04,1.315643591e+00,1.315139821e+00,3.075998538e-01,-1.007539967e-01,1.007539967e-01
4.400000000e-04,1.377902907e+00,1.377368344e+00,3.082423127e-01,-1.069126031e-01,1.069126031e-01
4.600000000e-04,1.440107826e+00,1.439542414e+00,3.087186808e-01,-1.130823733e-01,1.130823733e-01
4.800000000e-04,1.502255891e+00,1.501659590e+00,3.090568949e-01,-1.192602695e-01,1.192602695e-01
5.000000000e-04,1.564344650e+00,1.563717432e+00,3.092798199e-01,-1.254437612e-01,1.254437612e-01
5.200000000e-04,1.626371652e+00,1.625713498e+00,3.094061700e-01,-1.316307328e-01,1.316307328e-01
5.400000000e-04,1.688334447e+00,1.687645350e+00,3.094512628e-01,-1.378194087e-01,1.378194087e-01
5.600000000e-04,1.750230590e+00,1.749510548e+00,3.094276362e-01,-1.440082912e-01,1.440082912e-01
5.800000000e-04,1.812057636e+00,1.811306656e+00,3.093455532e-01,-1.501961103e-01,1.501961102e-01
6.000000000e-04,1.873813146e+00,1.873031237e+00,3.092134155e-01,-1.563817821e-01,1.563817821e-01
6.200000000e-04,1.935494681e+00,1.934681859e+00,3.090381012e-01,-1.625643757e-01,1.625643757e-01
6.400000000e-04,1.997099805e+00,1.996256090e+00,3.088252420e-01,-1.687430848e-01,1.687430848e-01
6.600000000e-04,2.058626088e+00,2.057751502e+00,3.085794494e-01,-1.749172052e-01,1.749172052e-01
6.800000000e-04,2.120071099e+00,2.119165669e+00,3.083045002e-01,-1.810861168e-01,1.810861168e-01
7.000000000e-04,2.181432414e+00,2.180496168e+00,3.080034883e-01,-1.872492679e-01,1.872492679e-01
7.200000000e-04,2.242707609e+00,2.241740579e+00,3.076789485e-01,-1.934061630e-01,1.934061630e-01
7.400000000e-04,2.303894267e+00,2.302896485e+00,3.073329583e-01,-1.995563527e-01,1.995563527e-01
7.600000000e-04,2.364989970e+00,2.363961473e+00,3.069672212e-01,-2.056994252e-01,2.056994252e-01
7.800000000e-04,2.425992308e+00,2.424933133e+00,3.065831345e-01,-2.118349999e-01,2.118349998e-01
8.000000000e-04,2.486898872e+00,2.485809058e+00,3.061818450e-01,-2.179627213e-01,2.179627213e-01
8.200000000e-04,2.547707257e+00,2.546586846e+00,3.057642948e-01,-2.240822551e-01,2.240822551e-01
8.400000000e-04,2.608415063e+00,2.607264096e+00,3.053312582e-01,-2.301932838e-01,2.301932838e-01
8.600000000e-04,2.669019893e+00,2.667838416e+00,3.048833727e-01,-2.362955043e-01,2.362955043e-01
8.800000000e-04,2.729519355e+00,2.728307412e+00,3.044211636e-01,-2.423886248e-01,2.423886248e-01
9.000000000e-04,2.789911060e+00,2.788668699e+00,3.039450646e-01,-2.484723634e-01,2.484723634e-01
9.200000000e-04,2.850192625e+00,2.848919892e+00,3.034554343e-01,-2.545464458e-01,2.545464458e-01
9.400000000e-04,2.910361668e+00,2.909058615e+00,3.029525705e-01,-2.606106045e-01,2.606106045e-01
9.600000000e-04,2.970415816e+00,2.969082493e+00,3.024367206e-01,-2.666645772e-01,2.666645772e-01
9.800000000e-04,3.030352696e+00,3.028989156e+00,3.019080914e-01,-2.727081064e-01,2.727081064e-01
1.000000000e-03,3.090169944e+00,3.088776239e+00,3.013668562e-01,-2.787409383e-01,2.787409383e-01
1.020000000e-03,3.149865197e+00,3.148441382e+00,3.008131612e-01,-2.847628221e-01,2.847628221e-01
1.040000000e-03,3.209436098e+00,3.207982231e+00,3.002471304e-01,-2.907735100e-01,2.907735100e-01
1.060000000e-03,3.268880297e+00,3.267396433e+00,2.996688698e-01,-2.967727563e-01,2.967727563e-01
1.080000000e-03,3.328195445e+00,3.326681644e+00,2.990784704e-01,-3.027603173e-01,3.027603173e-01
1.100000000e-03,3.387379202e+00,3.385835523e+00,2.984760118e-01,-3.087359511e-01,3.087359511e-01
1.120000000e-03,3.446429232e+00,3.444855735e+00,2.978615634e-01,-3.146994171e-01,3.146994171e-01
1.140000000e-03,3.505343202e+00,3.503739950e+00,2.972351869e-01,-3.206504763e-01,3.206504763e-01
1.160000000e-03,3.564118787e+00,3.562485843e+00,2.965969379e-01,-3.265888905e-01,3.265888905e-01
1.180000000e-03,3.622753667e+00,3.621091095e+00,2.959468666e-01,-3.325144228e-01,3.325144228e-01
1.200000000e-03,3.681245527e+00,3.679553393e+00,2.952850192e-01,-3.384268374e-01,3.384268373e-01
1.220000000e-03,3.739592057e+00,3.737870428e+00,2.946114387e-01,-3.443258989e-01,3.443258989e-01
1.240000000e-03,3.797790955e+00,3.796039898e+00,2.939261654e-01,-3.502113733e-01,3.502113733e-01
1.260000000e-03,3.855839923e+00,3.854059508e+00,2.932292377e-01,-3.560830270e-01,3.560830270e-01
1.280000000e-03,3.913736668e+00,3.911926965e+00,2.925206922e-01,-3.619406273e-01,3.619406273e-01
1.300000000e-03,3.971478906e+00,3.969639987e+00,2.918005646e-01,-3.677839422e-01,3.677839422e-01
1.320000000e-03,4.029064357e+00,4.027196293e+00,2.910688893e-01,-3.736127404e-01,3.736127404e-01
1.340000000e-03,4.086490747e+00,4.084593613e+00,2.903257004e-01,-3.794267913e-01,3.794267913e-01
1.360000000e-03,4.143755810e+00,4.141829681e+00,2.895710312e-01,-3.852258649e-01,3.852258649e-01
1.380000000e-03,4.200857284e+00,4.198902235e+00,2.888049151e-01,-3.910097320e-01,3.910097320e-01
1.400000000e-03,4.257792916e+00,4.255809025e+00,2.880273849e-01,-3.967781640e-01,3.967781640e-01
1.420000000e-03,4.314560457e+00,4.312547802e+00,2.872384738e-01,-4.025309328e-01,4.025309328e-01
1.440000000e-03,4.371157667e+00,4.369116327e+00,2.864382145e-01,-4.082678113e-01,4.082678113e-01
1.460000000e-03,4.427582310e+00,4.425512368e+00,2.856266404e-01,-4.139885727e-01,4.139885727e-01
1.480000000e-03,4.483832161e+00,4.481733696e+00,2.848037846e-01,-4.196929911e-01,4.196929911e-01
1.500000000e-03,4.539904997e+00,4.537778093e+00,2.839696806e-01,-4.253808413e-01,4.253808413e-01
1.520000000e-03,4.595798606e+00,4.593643347e+00,2.831243623e-01,-4.310518985e-01,4.310518984e-01
1.540000000e-03,4.651510781e+00,4.649327251e+00,2.822678636e-01,-4.367059388e-01,4.367059387e-01
1.560000000e-03,4.707039322e+00,4.704827608e+00,2.814002190e-01,-4.423427389e-01,4.423427389e-01
1.580000000e-03,4.762382037e+00,4.760142226e+00,2.805214631e-01,-4.479620763e-01,4.479620763e-01
1.600000000e-03,4.817536741e+00,4.815268922e+00,2.796316311e-01,-4.535637291e-01,4.535637291e-01
1.620000000e-03,4.872501257e+00,4.870205520e+00,2.787307582e-01,-4.591474762e-01,4.591474762e-01
1.640000000e-03,4.927273415e+00,4.924949850e+00,2.778188805e-01,-4.647130970e-01,4.647130970e-01
1.660000000e-03,4.981851053e+00,4.979499752e+00,2.768960340e-01,-4.702603718e-01,4.702603718e-01
1.680000000e-03,5.036232016e+00,5.033853071e+00,2.759622554e-01,-4.757890816e-01,4.757890816e-01
1.700000000e-03,5.090414158e+00,5.088007662e+00,2.750175816e-01,-4.812990081e-01,4.812990081e-01
1.720000000e-03,5.144395338e+00,5.141961388e+00,2.740620501e-01,-4.867899338e-01,4.867899338e-01
1.740000000e-03,5.198173426e+00,5.195712118e+00,2.730956987e-01,-4.922616419e-01,4.922616419e-01
1.760000000e-03,5.251746300e+00,5.249257730e+00,2.721185656e-01,-4.977139165e-01,4.977139164e-01
1.780000000e-03,5.305111843e+00,5.302596110e+00,2.711306894e-01,-5.031465421e-01,5.031465421e-01
1.800000000e-03,5.358267950e+00,5.355725153e+00,2.701321093e-01,-5.085593044e-01,5.085593044e-01
1.820000000e-03,5.411212521e+00,5.408642761e+00,2.691228646e-01,-5.139519897e-01,5.139519897e-01
1.840000000e-03,5.463943467e+00,5.461346845e+00,2.681029952e-01,-5.193243850e-01,5.193243850e-01
1.860000000e-03,5.516458706e+00,5.513835325e+00,2.670725415e-01,-5.246762783e-01,5.246762783e-01
1.880000000e-03,5.568756165e+00,5.566106128e+00,2.660315441e-01,-5.300074584e-01,5.300074583e-01
1.900000000e-03,5.620833779e+00,5.618157190e+00,2.649800442e-01,-5.353177146e-01,5.353177146e-01
1.920000000e-03,5.672689491e+00,5.669986457e+00,2.639180832e-01,-5.406068374e-01,5.406068374e-01
1.940000000e-03,5.724321256e+00,5.721591883e+00,2.628457032e-01,-5.458746180e-01,5.458746180e-01
1.960000000e-03,5.775727034e+00,5.772971430e+00,2.617629463e-01,-5.511208484e-01,5.511208484e-01
1.980000000e-03,5.826904797e+00,5.824123070e+00,2.606698556e-01,-5.563453215e-01,5.563453215e-01
2.000000000e-03,5.877852523e+00,5.875044784e+00,2.595664739e-01,-5.615478310e-01,5.615478310e-01
2.020000000e-03,5.928568202e+00,5.925734561e+00,2.584528450e-01,-5.667281716e-01,5.667281716e-01
2.040000000e-03,5.979049831e+00,5.976190400e+00,2.573290129e-01,-5.718861387e-01,5.718861387e-01
2.060000000e-03,6.029295417e+00,6.026410309e+00,2.561950217e-01,-5.770215288e-01,5.770215288e-01
2.080000000e-03,6.079302977e+00,6.076392306e+00,2.550509165e-01,-5.821341390e-01,5.821341390e-01
2.100000000e-03,6.129070537e+00,6.126134418e+00,2.538967422e-01,-5.872237676e-01,5.872237675e-01
2.120000000e-03,6.178596131e+00,6.175634680e+00,2.527325446e-01,-5.922902135e-01,5.922902135e-01
2.140000000e-03,6.227877805e+00,6.224891138e+00,2.515583694e-01,-5.973332769e-01,5.973332769e-01
2.160000000e-03,6.276913613e+00,6.273901849e+00,2.503742632e-01,-6.023527586e-01,6.023527586e-01
2.180000000e-03,6.325701619e+00,6.322664877e+00,2.491802726e-01,-6.073484604e-01,6.073484604e-01
2.200000000e-03,6.374239897e+00,6.371178297e+00,2.479764448e-01,-6.123201852e-01,6.123201852e-01
2.220000000e-03,6.422526532e+00,6.419440193e+00,2.467628274e-01,-6.172677366e-01,6.172677366e-01
2.240000000e-03,6.470559616e+00,6.467448661e+00,2.455394681e-01,-6.221909193e-01,6.221909193e-01
2.260000000e-03,6.518337253e+00,6.515201805e+00,2.443064154e-01,-6.270895390e-01,6.270895390e-01
2.280000000e-03,6.565857558e+00,6.562697741e+00,2.430637178e-01,-6.319634023e-01,6.319634023e-01
2.300000000e-03,6.613118653e+00,6.609934592e+00,2.418114245e-01,-6.368123167e-01,6.368123167e-01
2.320000000e-03,6.660118674e+00,6.656910494e+00,2.405495850e-01,-6.416360909e-01,6.416360909e-01
2.340000000e-03,6.706855765e+00,6.703623593e+00,2.392782489e-01,-6.464345344e-01,6.464345344e-01
2.360000000e-03,6.753328081e+00,6.750072044e+00,2.379974665e-01,-6.512074578e-01,6.512074577e-01
2.380000000e-03,6.799533787e+00,6.796254014e+00,2.367072884e-01,-6.559546726e-01,6.559546725e-01
2.400000000e-03,6.845471059e+00,6.842167679e+00,2.354077655e-01,-6.606759914e-01,6.606759914e-01
2.420000000e-03,6.891138084e+00,6.887811228e+00,2.340989492e-01,-6.653712279e-01,6.653712279e-01
2.440000000e-03,6.936533058e+00,6.933182857e+00,2.327808909e-01,-6.700401966e-01,6.700401966e-01
2.460000000e-03,6.981654190e+00,6.978280776e+00,2.314536429e-01,-6.746827134e-01,6.746827133e-01
2.480000000e-03,7.026499698e+00,7.023103205e+00,2.301172575e-01,-6.792985948e-01,6.792985947e-01
2.500000000e-03,7.071067812e+00,7.067648374e+00,2.287717875e-01,-6.838876586e-01,6.838876586e-01
2.520000000e-03,7.115356772e+00,7.111914523e+00,2.274172859e-01,-6.884497238e-01,6.884497238e-01
2.540000000e-03,7.159364830e+00,7.155899907e+00,2.260538063e-01,-6.929846101e-01,6.929846101e-01
2.560000000e-03,7.203090249e+00,7.199602788e+00,2.246814025e-01,-6.974921386e-01,6.974921386e-01
2.580000000e-03,7.246531302e+00,7.243021441e+00,2.233001287e-01,-7.019721313e-01,7.019721313e-01
2.600000000e-03,7.289686274e+00,7.286154152e+00,2.219100393e-01,-7.064244113e-01,7.064244113e-01
2.620000000e-03,7.332553462e+00,7.328999218e+00,2.205111893e-01,-7.108488029e-01,7.108488029e-01
2.640000000e-03,7.375131174e+00,7.371554948e+00,2.191036339e-01,-7.152451314e-01,7.152451314e-01
2.660000000e-03,7.417417727e+00,7.413819661e+00,2.176874287e-01,-7.196132233e-01,7.196132233e-01
2.680000000e-03,7.459411454e+00,7.455791690e+00,2.162626295e-01,-7.239529060e-01,7.239529060e-01
2.700000000e-03,7.501110696e+00,7.497469376e+00,2.148292927e-01,-7.282640084e-01,7.282640084e-01
2.720000000e-03,7.542513807e+00,7.538851076e+00,2.133874747e-01,-7.325463601e-01,7.325463601e-01
2.740000000e-03,7.583619153e+00,7.579935154e+00,2.119372326e-01,-7.367997921e-01,7.367997921e-01
2.760000000e-03,7.624425110e+00,7.620719989e+00,2.104786236e-01,-7.410241366e-01,7.410241366e-01
2.780000000e-03,7.664930068e+00,7.661203972e+00,2.090117053e-01,-7.452192267e-01,7.452192267e-01
2.800000000e-03,7.705132428e+00,7.701385503e+00,2.075365355e-01,-7.493848968e-01,7.493848968e-01
2.820000000e-03,7.745030602e+00,7.741262997e+00,2.060531725e-01,-7.535209825e-01,7.535209825e-01
2.840000000e-03,7.784623016e+00,7.780834879e+00,2.045616749e-01,-7.576273204e-01,7.576273204e-01
2.860000000e-03,7.823908106e+00,7.820099587e+00,2.030621016e-01,-7.617037486e-01,7.617037485e-01
2.880000000e-03,7.862884321e+00,7.859055571e+00,2.015545117e-01,-7.657501059e-01,7.657501059e-01
2.900000000e-03,7.901550124e+00,7.897701293e+00,2.000389648e-01,-7.697662328e-01,7.697662328e-01
2.920000000e-03,7.939903986e+00,7.936035227e+00,1.985155207e-01,-7.737519706e-01,7.737519706e-01
2.940000000e-03,7.977944395e+00,7.974055860e+00,1.969842395e-01,-7.777071620e-01,7.777071620e-01
2.960000000e-03,8.015669849e+00,8.011761690e+00,1.954451818e-01,-7.816316509e-01,7.816316509e-01
2.980000000e-03,8.053078857e+00,8.049151231e+00,1.938984082e-01,-7.855252823e-01,7.855252823e-01
3.000000000e-03,8.090169944e+00,8.086223004e+00,1.923439798e-01,-7.893879025e-01,7.893879024e-01
3.020000000e-03,8.126941644e+00,8.122975548e+00,1.907819580e-01,-7.932193590e-01,7.932193590e-01
3.040000000e-03,8.163392507e+00,8.159407410e+00,1.892124045e-01,-7.970195005e-01,7.970195005e-01
3.060000000e-03,8.199521093e+00,8.195517152e+00,1.876353811e-01,-8.007881771e-01,8.007881771e-01
3.080000000e-03,8.235325976e+00,8.231303350e+00,1.860509503e-01,-8.045252400e-01,8.045252400e-01
3.100000000e-03,8.270805743e+00,8.266764590e+00,1.844591745e-01,-8.082305416e-01,8.082305416e-01
3.120000000e-03,8.305958992e+00,8.301899472e+00,1.828601165e-01,-8.119039356e-01,8.119039356e-01
3.140000000e-03,8.340784336e+00,8.336706610e+00,1.812538396e-01,-8.155452770e-01,8.155452770e-01
3.160000000e-03,8.375280400e+00,8.371184628e+00,1.796404071e-01,-8.191544221e-01,8.191544221e-01
3.180000000e-03,8.409445823e+00,8.405332167e+00,1.780198826e-01,-8.227312284e-01,8.227312284e-01
3.200000000e-03,8.443279255e+00,8.439147877e+00,1.763923303e-01,-8.262755547e-01,8.262755547e-01
3.220000000e-03,8.476779361e+00,8.472630425e+00,1.747578142e-01,-8.297872610e-01,8.297872610e-01
3.240000000e-03,8.509944818e+00,8.505778487e+00,1.731163991e-01,-8.332662088e-01,8.332662088e-01
3.260000000e-03,8.542774317e+00,8.538590756e+00,1.714681496e-01,-8.367122606e-01,8.367122606e-01
3.280000000e-03,8.575266562e+00,8.571065936e+00,1.698131308e-01,-8.401252805e-01,8.401252805e-01
3.300000000e-03,8.607420270e+00,8.603202744e+00,1.681514081e-01,-8.435051336e-01,8.435051336e-01
3.320000000e-03,8.639234172e+00,8.634999913e+00,1.664830471e-01,-8.468516867e-01,8.468516866e-01
3.340000000e-03,8.670707012e+00,8.666456188e+00,1.648081136e-01,-8.501648074e-01,8.501648074e-01
3.360000000e-03,8.701837547e+00,8.697570325e+00,1.631266737e-01,-8.534443651e-01,8.534443651e-01
3.380000000e-03,8.732624548e+00,8.728341097e+00,1.614387939e-01,-8.566902303e-01,8.566902303e-01
3.400000000e-03,8.763066800e+00,8.758767289e+00,1.597445408e-01,-8.599022748e-01,8.599022748e-01
3.420000000e-03,8.793163102e+00,8.788847700e+00,1.580439812e-01,-8.630803719e-01,8.630803719e-01
3.440000000e-03,8.822912264e+00,8.818581142e+00,1.563371824e-01,-8.662243960e-01,8.662243960e-01
3.460000000e-03,8.852313113e+00,8.847966442e+00,1.546242116e-01,-8.693342231e-01,8.693342231e-01
3.480000000e-03,8.881364488e+00,8.877002439e+00,1.529051365e-01,-8.724097303e-01,8.724097303e-01
3.500000000e-03,8.910065242e+00,8.905687988e+00,1.511800249e-01,-8.754507963e-01,8.754507963e-01
3.520000000e-03,8.938414242e+00,8.934021955e+00,1.494489451e-01,-8.784573010e-01,8.784573010e-01
3.540000000e-03,8.966410368e+00,8.962003222e+00,1.477119652e-01,-8.814291257e-01,8.814291257e-01
3.560000000e-03,8.994052516e+00,8.989630685e+00,1.459691540e-01,-8.843661531e-01,8.843661531e-01
3.580000000e-03,9.021339594e+00,9.016903252e+00,1.442205801e-01,-8.872682672e-01,8.872682672e-01
3.600000000e-03,9.048270525e+00,9.043819848e+00,1.424663126e-01,-8.901353535e-01,8.901353535e-01
3.620000000e-03,9.074844245e+00,9.070379409e+00,1.407064208e-01,-8.929672988e-01,8.929672988e-01
3.640000000e-03,9.101059707e+00,9.096580887e+00,1.389409742e-01,-8.957639913e-01,8.957639913e-01
3.660000000e-03,9.126915874e+00,9.122423247e+00,1.371700424e-01,-8.985253205e-01,8.985253205e-01
3.680000000e-03,9.152411726e+00,9.147905470e+00,1.353936954e-01,-9.012511775e-01,9.012511775e-01
3.700000000e-03,9.177546257e+00,9.173026550e+00,1.336120033e-01,-9.039414546e-01,9.039414546e-01
3.720000000e-03,9.202318474e+00,9.197785493e+00,1.318250364e-01,-9.065960457e-01,9.065960457e-01
3.740000000e-03,9.226727399e+00,9.222181324e+00,1.300328652e-01,-9.092148459e-01,9.092148459e-01
3.760000000e-03,9.250772068e+00,9.246213080e+00,1.282355606e-01,-9.117977519e-01,9.117977519e-01
3.780000000e-03,9.274451533e+00,9.269879810e+00,1.264331935e-01,-9.143446617e-01,9.143446617e-01
3.800000000e-03,9.297764859e+00,9.293180582e+00,1.246258350e-01,-9.168554747e-01,9.168554747e-01
3.820000000e-03,9.320711125e+00,9.316114474e+00,1.228135565e-01,-9.193300918e-01,9.193300918e-01
3.840000000e-03,9.343289425e+00,9.338680582e+00,1.209964295e-01,-9.217684153e-01,9.217684153e-01
3.860000000e-03,9.365498867e+00,9.360878016e+00,1.191745258e-01,-9.241703490e-01,9.241703490e-01
3.880000000e-03,9.387338577e+00,9.382705898e+00,1.173479173e-01,-9.265357980e-01,9.265357980e-01
3.900000000e-03,9.408807690e+00,9.404163366e+00,1.155166761e-01,-9.288646690e-01,9.288646690e-01
3.920000000e-03,9.429905359e+00,9.425249575e+00,1.136808745e-01,-9.311568700e-01,9.311568700e-01
3.940000000e-03,9.450630752e+00,9.445963690e+00,1.118405849e-01,-9.334123106e-01,9.334123105e-01
3.960000000e-03,9.470983050e+00,9.466304895e+00,1.099958801e-01,-9.356309016e-01,9.356309015e-01
3.980000000e-03,9.490961450e+00,9.486272387e+00,1.081468328e-01,-9.378125554e-01,9.378125554e-01
4.000000000e-03,9.510565163e+00,9.505865377e+00,1.062935161e-01,-9.399571861e-01,9.399571861e-01
4.020000000e-03,9.529793415e+00,9.525083092e+00,1.044360031e-01,-9.420647089e-01,9.420647089e-01
4.040000000e-03,9.548645447e+00,9.543924772e+00,1.025743672e-01,-9.441350405e-01,9.441350405e-01
4.060000000e-03,9.567120516e+00,9.562389675e+00,1.007086818e-01,-9.461680994e-01,9.461680993e-01
4.080000000e-03,9.585217890e+00,9.580477071e+00,9.883902054e-02,-9.481638051e-01,9.481638051e-01
4.100000000e-03,9.602936857e+00,9.598186246e+00,9.696545732e-02,-9.501220789e-01,9.501220789e-01
4.120000000e-03,9.620276716e+00,9.615516502e+00,9.508806607e-02,-9.520428436e-01,9.520428436e-01
4.140000000e-03,9.637236783e+00,9.632467153e+00,9.320692091e-02,-9.539260232e-01,9.539260232e-01
4.160000000e-03,9.653816388e+00,9.649037531e+00,9.132209610e-02,-9.557715435e-01,9.557715435e-01
4.180000000e-03,9.670014878e+00,9.665226981e+00,8.943366605e-02,-9.575793315e-01,9.575793315e-01
4.200000000e-03,9.685831611e+00,9.681034865e+00,8.754170531e-02,-9.593493160e-01,9.593493159e-01
4.220000000e-03,9.701265965e+00,9.696460558e+00,8.564628858e-02,-9.610814269e-01,9.610814269e-01
4.240000000e-03,9.716317329e+00,9.711503451e+00,8.374749068e-02,-9.627755961e-01,9.627755960e-01
4.260000000e-03,9.730985110e+00,9.726162951e+00,8.184538656e-02,-9.644317565e-01,9.644317564e-01
4.280000000e-03,9.745268728e+00,9.740438479e+00,7.994005134e-02,-9.660498428e-01,9.660498427e-01
4.300000000e-03,9.759167619e+00,9.754329470e+00,7.803156021e-02,-9.676297910e-01,9.676297910e-01
4.320000000e-03,9.772681236e+00,9.767835378e+00,7.611998854e-02,-9.691715390e-01,9.691715389e-01
4.340000000e-03,9.785809043e+00,9.780955668e+00,7.420541178e-02,-9.706750257e-01,9.706750256e-01
4.360000000e-03,9.798550524e+00,9.793689823e+00,7.228790551e-02,-9.721401918e-01,9.721401917e-01
4.380000000e-03,9.810905174e+00,9.806037340e+00,7.036754544e-02,-9.735669794e-01,9.735669794e-01
4.400000000e-03,9.822872507e+00,9.817997731e+00,6.844440739e-02,-9.749553323e-01,9.749553323e-01
4.420000000e-03,9.834452050e+00,9.829570524e+00,6.651856726e-02,-9.763051957e-01,9.763051957e-01
4.440000000e-03,9.845643345e+00,9.840755263e+00,6.459010109e-02,-9.776165162e-01,9.776165162e-01
4.460000000e-03,9.856445951e+00,9.851551505e+00,6.265908502e-02,-9.788892420e-01,9.788892420e-01
4.480000000e-03,9.866859442e+00,9.861958825e+00,6.072559528e-02,-9.801233230e-01,9.801233230e-01
4.500000000e-03,9.876883406e+00,9.871976812e+00,5.878970819e-02,-9.813187104e-01,9.813187104e-01
4.520000000e-03,9.886517447e+00,9.881605071e+00,5.685150019e-02,-9.824753571e-01,9.824753570e-01
4.540000000e-03,9.895761186e+00,9.890843220e+00,5.491104778e-02,-9.835932172e-01,9.835932172e-01
4.560000000e-03,9.904614257e+00,9.899690896e+00,5.296842758e-02,-9.846722468e-01,9.846722468e-01
4.580000000e-03,9.913076311e+00,9.908147749e+00,5.102371628e-02,-9.857124033e-01,9.857124032e-01
4.600000000e-03,9.921147013e+00,9.916213445e+00,4.907699065e-02,-9.867136454e-01,9.867136454e-01
4.620000000e-03,9.928826046e+00,9.923887666e+00,4.712832754e-02,-9.876759339e-01,9.876759338e-01
4.640000000e-03,9.936113105e+00,9.931170109e+00,4.517780389e-02,-9.885992305e-01,9.885992305e-01
4.660000000e-03,9.943007904e+00,9.938060486e+00,4.322549670e-02,-9.894834990e-01,9.894834990e-01
4.680000000e-03,9.949510170e+00,9.944558526e+00,4.127148304e-02,-9.903287043e-01,9.903287043e-01
4.700000000e-03,9.955619646e+00,9.950663972e+00,3.931584005e-02,-9.911348132e-01,9.911348132e-01
4.720000000e-03,9.961336091e+00,9.956376582e+00,3.735864493e-02,-9.919017938e-01,9.919017938e-01
4.740000000e-03,9.966659280e+00,9.961696132e+00,3.539997497e-02,-9.926296157e-01,9.926296157e-01
4.760000000e-03,9.971589003e+00,9.966622411e+00,3.343990747e-02,-9.933182504e-01,9.933182504e-01
4.780000000e-03,9.976125064e+00,9.971155225e+00,3.147851982e-02,-9.939676706e-01,9.939676705e-01
4.800000000e-03,9.980267284e+00,9.975294395e+00,2.951588945e-02,-9.945778506e-01,9.945778506e-01
4.820000000e-03,9.984015501e+00,9.979039757e+00,2.755209385e-02,-9.951487664e-01,9.951487663e-01
4.840000000e-03,9.987369566e+00,9.982391164e+00,2.558721054e-02,-9.956803954e-01,9.956803954e-01
4.860000000e-03,9.990329347e+00,9.985348483e+00,2.362131709e-02,-9.961727166e-01,9.961727166e-01
4.880000000e-03,9.992894726e+00,9.987911598e+00,2.165449111e-02,-9.966257107e-01,9.966257107e-01
4.900000000e-03,9.995065604e+00,9.990080407e+00,1.968681024e-02,-9.970393597e-01,9.970393597e-01
4.920000000e-03,9.996841893e+00,9.991854825e+00,1.771835218e-02,-9.974136473e-01,9.974136472e-01
4.940000000e-03,9.998223524e+00,9.993234781e+00,1.574919462e-02,-9.977485587e-01,9.977485586e-01
4.960000000e-03,9.999210442e+00,9.994220222e+00,1.377941532e-02,-9.980440807e-01,9.980440806e-01
4.980000000e-03,9.999802609e+00,9.994811108e+00,1.180909202e-02,-9.983002016e-01,9.983002016e-01
5.000000000e-03,1.000000000e+01,9.995007415e+00,9.838302526e-03,-9.985169113e-01,9.985169113e-01
5.020000000e-03,9.999802609e+00,9.994809138e+00,7.867124630e-03,-9.986942013e-01,9.986942013e-01
5.040000000e-03,9.999210442e+00,9.994216282e+00,5.895636154e-03,-9.988320646e-01,9.988320646e-01
5.060000000e-03,9.998223524e+00,9.993228871e+00,3.923914928e-03,-9.989304957e-01,9.989304956e-01
5.080000000e-03,9.996841893e+00,9.991846945e+00,1.952038792e-03,-9.989894907e-01,9.989894907e-01
5.100000000e-03,9.995065604e+00,9.990070558e+00,-1.991440659e-05,-9.990090473e-01,9.990090473e-01
5.120000000e-03,9.992894726e+00,9.987899781e+00,-1.991866819e-03,-9.989891648e-01,9.989891647e-01
5.140000000e-03,9.990329347e+00,9.985334698e+00,-3.963740596e-03,-9.989298438e-01,9.989298438e-01
5.160000000e-03,9.987369566e+00,9.982375411e+00,-5.935457892e-03,-9.988310869e-01,9.988310869e-01
5.180000000e-03,9.984015501e+00,9.979022037e+00,-7.906940865e-03,-9.986928978e-01,9.986928977e-01
5.200000000e-03,9.980267284e+00,9.975274708e+00,-9.878111686e-03,-9.985152820e-01,9.985152820e-01
5.220000000e-03,9.976125064e+00,9.971133572e+00,-1.184889254e-02,-9.982982465e-01,9.982982465e-01
5.240000000e-03,9.971589003e+00,9.966598794e+00,-1.381920561e-02,-9.980417999e-01,9.980417999e-01
5.260000000e-03,9.966659280e+00,9.961670551e+00,-1.578897313e-02,-9.977459524e-01,9.977459524e-01
5.280000000e-03,9.961336091e+00,9.956349038e+00,-1.775811733e-02,-9.974107155e-01,9.974107155e-01
5.300000000e-03,9.955619646e+00,9.950634466e+00,-1.972656046e-02,-9.970361026e-01,9.970361026e-01
5.320000000e-03,9.949510170e+00,9.944527059e+00,-2.169422483e-02,-9.966221284e-01,9.966221284e-01
5.340000000e-03,9.943007904e+00,9.938027060e+00,-2.366103274e-02,-9.961688093e-01,9.961688093e-01
5.360000000e-03,9.936113105e+00,9.931134724e+00,-2.562690656e-02,-9.956761631e-01,9.956761631e-01
5.380000000e-03,9.928826046e+00,9.923850325e+00,-2.759176867e-02,-9.951442094e-01,9.951442093e-01
5.400000000e-03,9.921147013e+00,9.916174148e+00,-2.955554151e-02,-9.945729690e-01,9.945729690e-01
5.420000000e-03,9.913076311e+00,9.908106498e+00,-3.151814754e-02,-9.939624646e-01,9.939624646e-01
5.440000000e-03,9.904614257e+00,9.899647693e+00,-3.347950929e-02,-9.933127203e-01,9.933127203e-01
5.460000000e-03,9.895761186e+00,9.890798067e+00,-3.543954933e-02,-9.926237617e-01,9.926237617e-01
5.480000000e-03,9.886517447e+00,9.881557969e+00,-3.739819027e-02,-9.918956160e-01,9.918956160e-01
5.500000000e-03,9.876883406e+00,9.871927764e+00,-3.935535480e-02,-9.911283119e-01,9.911283119e-01
5.520000000e-03,9.866859442e+00,9.861907833e+00,-4.131096564e-02,-9.903218799e-01,9.903218798e-01
5.540000000e-03,9.856445951e+00,9.851498570e+00,-4.326494560e-02,-9.894763516e-01,9.894763515e-01
5.560000000e-03,9.845643345e+00,9.840700386e+00,-4.521721753e-02,-9.885917604e-01,9.885917604e-01
5.580000000e-03,9.834452050e+00,9.829513709e+00,-4.716770437e-02,-9.876681414e-01,9.876681414e-01
5.600000000e-03,9.822872507e+00,9.817938980e+00,-4.911632910e-02,-9.867055309e-01,9.867055309e-01
5.620000000e-03,9.810905174e+00,9.805976655e+00,-5.106301481e-02,-9.857039670e-01,9.857039669e-01
5.640000000e-03,9.798550524e+00,9.793627206e+00,-5.300768464e-02,-9.846634891e-01,9.846634891e-01
5.660000000e-03,9.785809043e+00,9.780891123e+00,-5.495026181e-02,-9.835841385e-01,9.835841384e-01
5.680000000e-03,9.772681236e+00,9.767768906e+00,-5.689066964e-02,-9.824659576e-01,9.824659576e-01
5.700000000e-03,9.759167619e+00,9.754261074e+00,-5.882883153e-02,-9.813089906e-01,9.813089906e-01
5.720000000e-03,9.745268728e+00,9.740368161e+00,-6.076467095e-02,-9.801132833e-01,9.801132832e-01
5.740000000e-03,9.730985110e+00,9.726090715e+00,-6.269811149e-02,-9.788788827e-01,9.788788827e-01
5.760000000e-03,9.716317329e+00,9.711429300e+00,-6.462907681e-02,-9.776058377e-01,9.776058377e-01
5.780000000e-03,9.701265965e+00,9.696384494e+00,-6.655749069e-02,-9.762941985e-01,9.762941985e-01
5.800000000e-03,9.685831611e+00,9.680956891e+00,-6.848327699e-02,-9.749440168e-01,9.749440168e-01
5.820000000e-03,9.670014878e+00,9.665147101e+00,-7.040635969e-02,-9.735553461e-01,9.735553461e-01
5.840000000e-03,9.653816388e+00,9.648955747e+00,-7.232666287e-02,-9.721282410e-01,9.721282410e-01
5.860000000e-03,9.637236783e+00,9.632383469e+00,-7.424411072e-02,-9.706627580e-01,9.706627580e-01
5.880000000e-03,9.620276716e+00,9.615430921e+00,-7.615862753e-02,-9.691589549e-01,9.691589549e-01
5.900000000e-03,9.602936857e+00,9.598098772e+00,-7.807013773e-02,-9.676168910e-01,9.676168910e-01
5.920000000e-03,9.585217890e+00,9.580387707e+00,-7.997856586e-02,-9.660366273e-01,9.660366273e-01
5.940000000e-03,9.567120516e+00,9.562298424e+00,-8.188383657e-02,-9.644182261e-01,9.644182261e-01
5.960000000e-03,9.548645447e+00,9.543831639e+00,-8.378587465e-02,-9.627617514e-01,9.627617513e-01
5.980000000e-03,9.529793415e+00,9.524988079e+00,-8.568460500e-02,-9.610672684e-01,9.610672684e-01
6.000000000e-03,9.510565163e+00,9.505768489e+00,-8.757995267e-02,-9.593348442e-01,9.593348441e-01
6.020000000e-03,9.490961450e+00,9.486173627e+00,-8.947184284e-02,-9.575645470e-01,9.575645470e-01
6.040000000e-03,9.470983050e+00,9.466204268e+00,-9.136020081e-02,-9.557564469e-01,9.557564469e-01
6.060000000e-03,9.450630752e+00,9.445861199e+00,-9.324495203e-02,-9.539106151e-01,9.539106151e-01
6.080000000e-03,9.429905359e+00,9.425145223e+00,-9.512602211e-02,-9.520271246e-01,9.520271245e-01
6.100000000e-03,9.408807690e+00,9.404057159e+00,-9.700333677e-02,-9.501060496e-01,9.501060496e-01
6.120000000e-03,9.387338577e+00,9.382597839e+00,-9.887682191e-02,-9.481474661e-01,9.481474661e-01
6.140000000e-03,9.365498867e+00,9.360768110e+00,-1.007464036e-01,-9.461514514e-01,9.461514514e-01
6.160000000e-03,9.343289425e+00,9.338568834e+00,-1.026120079e-01,-9.441180842e-01,9.441180842e-01
6.180000000e-03,9.320711125e+00,9.316000887e+00,-1.044735613e-01,-9.420474449e-01,9.420474449e-01
6.200000000e-03,9.297764859e+00,9.293065161e+00,-1.063309903e-01,-9.399396151e-01,9.399396151e-01
6.220000000e-03,9.274451533e+00,9.269762560e+00,-1.081842215e-01,-9.377946782e-01,9.377946781e-01
6.240000000e-03,9.250772068e+00,9.246094005e+00,-1.100331818e-01,-9.356127187e-01,9.356127187e-01
6.260000000e-03,9.226727399e+00,9.222060430e+00,-1.118777981e-01,-9.333938228e-01,9.333938228e-01
6.280000000e-03,9.202318474e+00,9.197662783e+00,-1.137179977e-01,-9.311380781e-01,9.311380781e-01
6.300000000e-03,9.177546257e+00,9.172902029e+00,-1.155537080e-01,-9.288455737e-01,9.288455737e-01
6.320000000e-03,9.152411726e+00,9.147779144e+00,-1.173848563e-01,-9.265164001e-01,9.265164001e-01
6.340000000e-03,9.126915874e+00,9.122295121e+00,-1.192113705e-01,-9.241506491e-01,9.241506491e-01
6.360000000e-03,9.101059707e+00,9.096450965e+00,-1.210331785e-01,-9.217484143e-01,9.217484143e-01
6.380000000e-03,9.074844245e+00,9.070247696e+00,-1.228502082e-01,-9.193097905e-01,9.193097905e-01
6.400000000e-03,9.048270525e+00,9.043686350e+00,-1.246623881e-01,-9.168348739e-01,9.168348738e-01
6.420000000e-03,9.021339594e+00,9.016767975e+00,-1.264696465e-01,-9.143237622e-01,9.143237621e-01
6.440000000e-03,8.994052516e+00,8.989493633e+00,-1.282719120e-01,-9.117765545e-01,9.117765545e-01
6.460000000e-03,8.966410368e+00,8.961864401e+00,-1.300691137e-01,-9.091933515e-01,9.091933515e-01
6.480000000e-03,8.938414242e+00,8.933881370e+00,-1.318611804e-01,-9.065742551e-01,9.065742551e-01
6.500000000e-03,8.910065242e+00,8.905545645e+00,-1.336480415e-01,-9.039193687e-01,9.039193686e-01
6.520000000e-03,8.881364488e+00,8.876858344e+00,-1.354296263e-01,-9.012287971e-01,9.012287970e-01
6.540000000e-03,8.852313113e+00,8.847820600e+00,-1.372058647e-01,-8.985026465e-01,8.985026465e-01
6.560000000e-03,8.822912264e+00,8.818433559e+00,-1.389766864e-01,-8.957410246e-01,8.957410246e-01
6.580000000e-03,8.793163102e+00,8.788698382e+00,-1.407420215e-01,-8.929440403e-01,8.929440403e-01
6.600000000e-03,8.763066800e+00,8.758616241e+00,-1.425018004e-01,-8.901118042e-01,8.901118042e-01
6.620000000e-03,8.732624548e+00,8.728188326e+00,-1.442559535e-01,-8.872444280e-01,8.872444279e-01
6.640000000e-03,8.701837547e+00,8.697415837e+00,-1.460044117e-01,-8.843420248e-01,8.843420248e-01
6.660000000e-03,8.670707012e+00,8.666299988e+00,-1.477471058e-01,-8.814047094e-01,8.814047094e-01
6.680000000e-03,8.639234172e+00,8.634842009e+00,-1.494839672e-01,-8.784325976e-01,8.784325976e-01
6.700000000e-03,8.607420270e+00,8.603043141e+00,-1.512149272e-01,-8.754258068e-01,8.754258068e-01
6.720000000e-03,8.575266562e+00,8.570904640e+00,-1.529399175e-01,-8.723844557e-01,8.723844557e-01
6.740000000e-03,8.542774317e+00,8.538427774e+00,-1.546588699e-01,-8.693086644e-01,8.693086644e-01
6.760000000e-03,8.509944818e+00,8.505613825e+00,-1.563717168e-01,-8.661985542e-01,8.661985542e-01
6.780000000e-03,8.476779361e+00,8.472464090e+00,-1.580783903e-01,-8.630542480e-01,8.630542480e-01
6.800000000e-03,8.443279255e+00,8.438979876e+00,-1.597788231e-01,-8.598758699e-01,8.598758699e-01
6.820000000e-03,8.409445823e+00,8.405162505e+00,-1.614729482e-01,-8.566635454e-01,8.566635453e-01
6.840000000e-03,8.375280400e+00,8.371013313e+00,-1.631606986e-01,-8.534174012e-01,8.534174012e-01
6.860000000e-03,8.340784336e+00,8.336533648e+00,-1.648420077e-01,-8.501375656e-01,8.501375656e-01
6.880000000e-03,8.305958992e+00,8.301724871e+00,-1.665168091e-01,-8.468241680e-01,8.468241680e-01
6.900000000e-03,8.270805743e+00,8.266588356e+00,-1.681850367e-01,-8.434773393e-01,8.434773393e-01
6.920000000e-03,8.235325976e+00,8.231125490e+00,-1.698466246e-01,-8.400972115e-01,8.400972115e-01
6.940000000e-03,8.199521093e+00,8.195337674e+00,-1.715015073e-01,-8.366839181e-01,8.366839181e-01
6.960000000e-03,8.163392507e+00,8.159226319e+00,-1.731496194e-01,-8.332375939e-01,8.332375939e-01
6.980000000e-03,8.126941644e+00,8.122792852e+00,-1.747908959e-01,-8.297583749e-01,8.297583748e-01
7.000000000e-03,8.090169944e+00,8.086038712e+00,-1.764252719e-01,-8.262463984e-01,8.262463984e-01
7.020000000e-03,8.053078857e+00,8.048965348e+00,-1.780526829e-01,-8.227018031e-01,8.227018031e-01
7.040000000e-03,8.015669849e+00,8.011574225e+00,-1.796730648e-01,-8.191247290e-01,8.191247290e-01
7.060000000e-03,7.977944395e+00,7.973866819e+00,-1.812863534e-01,-8.155153172e-01,8.155153172e-01
7.080000000e-03,7.939903986e+00,7.935844618e+00,-1.828924852e-01,-8.118737103e-01,8.118737103e-01
7.100000000e-03,7.901550124e+00,7.897509123e+00,-1.844913967e-01,-8.082000520e-01,8.082000520e-01
7.120000000e-03,7.862884321e+00,7.858861849e+00,-1.860830248e-01,-8.044944874e-01,8.044944874e-01
7.140000000e-03,7.823908106e+00,7.819904320e+00,-1.876673066e-01,-8.007571627e-01,8.007571627e-01
7.160000000e-03,7.784623016e+00,7.780638075e+00,-1.892441797e-01,-7.969882254e-01,7.969882254e-01
7.180000000e-03,7.745030602e+00,7.741064663e+00,-1.908135817e-01,-7.931878245e-01,7.931878245e-01
7.200000000e-03,7.705132428e+00,7.701185647e+00,-1.923754507e-01,-7.893561098e-01,7.893561098e-01
7.220000000e-03,7.664930068e+00,7.661002602e+00,-1.939297251e-01,-7.854932327e-01,7.854932327e-01
7.240000000e-03,7.624425110e+00,7.620517113e+00,-1.954763435e-01,-7.815993457e-01,7.815993457e-01
7.260000000e-03,7.583619153e+00,7.579730780e+00,-1.970152447e-01,-7.776746025e-01,7.776746025e-01
7.280000000e-03,7.542513807e+00,7.538645212e+00,-1.985463682e-01,-7.737191580e-01,7.737191580e-01
7.300000000e-03,7.501110696e+00,7.497262030e+00,-2.000696534e-01,-7.697331684e-01,7.697331684e-01
7.320000000e-03,7.459411454e+00,7.455582870e+00,-2.015850402e-01,-7.657167911e-01,7.657167910e-01
7.340000000e-03,7.417417727e+00,7.413609376e+00,-2.030924688e-01,-7.616701845e-01,7.616701845e-01
7.360000000e-03,7.375131174e+00,7.371343206e+00,-2.045918796e-01,-7.575935086e-01,7.575935086e-01
7.380000000e-03,7.332553462e+00,7.328786028e+00,-2.060832134e-01,-7.534869241e-01,7.534869241e-01
7.400000000e-03,7.289686274e+00,7.285939521e+00,-2.075664115e-01,-7.493505933e-01,7.493505933e-01
7.420000000e-03,7.246531302e+00,7.242805378e+00,-2.090414152e-01,-7.451846794e-01,7.451846794e-01
7.440000000e-03,7.203090249e+00,7.199385302e+00,-2.105081663e-01,-7.409893469e-01,7.409893468e-01
7.460000000e-03,7.159364830e+00,7.155681006e+00,-2.119666069e-01,-7.367647613e-01,7.367647613e-01
7.480000000e-03,7.115356772e+00,7.111694217e+00,-2.134166794e-01,-7.325110896e-01,7.325110896e-01
7.500000000e-03,7.071067812e+00,7.067426669e+00,-2.148583266e-01,-7.282284996e-01,7.282284996e-01
7.520000000e-03,7.026499698e+00,7.022880112e+00,-2.162914916e-01,-7.239171604e-01,7.239171604e-01
7.540000000e-03,6.981654190e+00,6.978056304e+00,-2.177161177e-01,-7.195772422e-01,7.195772421e-01
7.560000000e-03,6.936533058e+00,6.932957014e+00,-2.191321488e-01,-7.152089162e-01,7.152089162e-01
7.580000000e-03,6.891138084e+00,6.887584022e+00,-2.205395289e-01,-7.108123551e-01,7.108123551e-01
7.600000000e-03,6.845471059e+00,6.841939121e+00,-2.219382025e-01,-7.063877323e-01,7.063877323e-01
7.620000000e-03,6.799533787e+00,6.796024111e+00,-2.233281144e-01,-7.019352226e-01,7.019352225e-01
7.640000000e-03,6.753328081e+00,6.749840806e+00,-2.247092096e-01,-6.974550016e-01,6.974550016e-01
7.660000000e-03,6.706855765e+00,6.703391029e+00,-2.260814337e-01,-6.929472463e-01,6.929472463e-01
7.680000000e-03,6.660118674e+00,6.656676614e+00,-2.274447325e-01,-6.884121346e-01,6.884121346e-01
7.700000000e-03,6.613118653e+00,6.609699404e+00,-2.287990522e-01,-6.838498456e-01,6.838498456e-01
7.720000000e-03,6.565857558e+00,6.562461255e+00,-2.301443393e-01,-6.792605594e-01,6.792605594e-01
7.740000000e-03,6.518337253e+00,6.514964031e+00,-2.314805406e-01,-6.746444571e-01,6.746444571e-01
7.760000000e-03,6.470559616e+00,6.467209607e+00,-2.328076036e-01,-6.700017211e-01,6.700017211e-01
7.780000000e-03,6.422526532e+00,6.419199869e+00,-2.341254756e-01,-6.653325345e-01,6.653325345e-01
7.800000000e-03,6.374239897e+00,6.370936712e+00,-2.354341048e-01,-6.606370817e-01,6.606370817e-01
7.820000000e-03,6.325701619e+00,6.322422041e+00,-2.367334395e-01,-6.559155481e-01,6.559155481e-01
7.840000000e-03,6.276913613e+00,6.273657772e+00,-2.380234283e-01,-6.511681201e-01,6.511681201e-01
7.860000000e-03,6.227877805e+00,6.224645830e+00,-2.393040204e-01,-6.463949850e-01,6.463949850e-01
7.880000000e-03,6.178596131e+00,6.175388149e+00,-2.405751652e-01,-6.415963315e-01,6.415963314e-01
7.900000000e-03,6.129070537e+00,6.125886675e+00,-2.418368124e-01,-6.367723487e-01,6.367723487e-01
7.920000000e-03,6.079302977e+00,6.076143361e+00,-2.430889124e-01,-6.319232273e-01,6.319232273e-01
7.940000000e-03,6.029295417e+00,6.026160171e+00,-2.443314156e-01,-6.270491587e-01,6.270491587e-01
7.960000000e-03,5.979049831e+00,5.975939079e+00,-2.455642731e-01,-6.221503352e-01,6.221503352e-01
7.980000000e-03,5.928568202e+00,5.925482067e+00,-2.467874360e-01,-6.172269503e-01,6.172269503e-01
8.000000000e-03,5.877852523e+00,5.874791127e+00,-2.480008563e-01,-6.122791983e-01,6.122791983e-01
8.020000000e-03,5.826904797e+00,5.823868260e+00,-2.492044859e-01,-6.073072746e-01,6.073072746e-01
8.040000000e-03,5.775727034e+00,5.772715477e+00,-2.503982773e-01,-6.023113755e-01,6.023113755e-01
8.060000000e-03,5.724321256e+00,5.721334797e+00,-2.515821834e-01,-5.972916981e-01,5.972916981e-01
8.080000000e-03,5.672689491e+00,5.669728249e+00,-2.527561575e-01,-5.922484407e-01,5.922484407e-01
8.100000000e-03,5.620833779e+00,5.617897870e+00,-2.539201532e-01,-5.871818023e-01,5.871818023e-01
8.120000000e-03,5.568756165e+00,5.565845705e+00,-2.550741246e-01,-5.820919830e-01,5.820919830e-01
8.140000000e-03,5.516458706e+00,5.513573810e+00,-2.562180261e-01,-5.769791837e-01,5.769791836e-01
8.160000000e-03,5.463943467e+00,5.461084249e+00,-2.573518126e-01,-5.718436062e-01,5.718436062e-01
8.180000000e-03,5.411212521e+00,5.408379094e+00,-2.584754392e-01,-5.666854533e-01,5.666854533e-01
8.200000000e-03,5.358267950e+00,5.355460425e+00,-2.595888617e-01,-5.615049287e-01,5.615049287e-01
8.220000000e-03,5.305111843e+00,5.302330332e+00,-2.606920360e-01,-5.563022368e-01,5.563022368e-01
8.240000000e-03,5.251746300e+00,5.248990912e+00,-2.617849187e-01,-5.510775830e-01,5.510775830e-01
8.260000000e-03,5.198173426e+00,5.195444270e+00,-2.628674665e-01,-5.458311737e-01,5.458311737e-01
8.280000000e-03,5.144395338e+00,5.141692522e+00,-2.639396368e-01,-5.405632159e-01,5.405632159e-01
8.300000000e-03,5.090414158e+00,5.087737788e+00,-2.650013872e-01,-5.352739175e-01,5.352739175e-01
8.320000000e-03,5.036232016e+00,5.033582199e+00,-2.660526758e-01,-5.299634875e-01,5.299634875e-01
8.340000000e-03,4.981851053e+00,4.979227893e+00,-2.670934611e-01,-5.246321354e-01,5.246321354e-01
8.360000000e-03,4.927273415e+00,4.924677015e+00,-2.681237020e-01,-5.192800717e-01,5.192800717e-01
8.380000000e-03,4.872501257e+00,4.869931720e+00,-2.691433579e-01,-5.139075078e-01,5.139075078e-01
8.400000000e-03,4.817536741e+00,4.814994168e+00,-2.701523884e-01,-5.085146556e-01,5.085146556e-01
8.420000000e-03,4.762382037e+00,4.759866528e+00,-2.711507538e-01,-5.031017282e-01,5.031017282e-01
8.440000000e-03,4.707039322e+00,4.704550977e+00,-2.721384146e-01,-4.976689392e-01,4.976689392e-01
8.460000000e-03,4.651510781e+00,4.649049698e+00,-2.731153318e-01,-4.922165030e-01,4.922165030e-01
8.480000000e-03,4.595798606e+00,4.593364883e+00,-2.740814669e-01,-4.867446350e-01,4.867446350e-01
8.500000000e-03,4.539904997e+00,4.537498730e+00,-2.750367818e-01,-4.812535512e-01,4.812535511e-01
8.520000000e-03,4.483832161e+00,4.481453444e+00,-2.759812387e-01,-4.757434682e-01,4.757434682e-01
8.540000000e-03,4.427582310e+00,4.425231237e+00,-2.769148003e-01,-4.702146038e-01,4.702146038e-01
8.560000000e-03,4.371157667e+00,4.368834331e+00,-2.778374297e-01,-4.646671760e-01,4.646671760e-01
8.580000000e-03,4.314560457e+00,4.312264950e+00,-2.787490907e-01,-4.591014041e-01,4.591014040e-01
8.600000000e-03,4.257792916e+00,4.255525328e+00,-2.796497471e-01,-4.535175075e-01,4.535175075e-01
8.620000000e-03,4.200857284e+00,4.198617706e+00,-2.805393634e-01,-4.479157069e-01,4.479157069e-01
8.640000000e-03,4.143755810e+00,4.141544329e+00,-2.814179045e-01,-4.422962233e-01,4.422962233e-01
8.660000000e-03,4.086490747e+00,4.084307451e+00,-2.822853357e-01,-4.366592787e-01,4.366592787e-01
8.680000000e-03,4.029064357e+00,4.026909332e+00,-2.831416227e-01,-4.310050954e-01,4.310050954e-01
8.700000000e-03,3.971478906e+00,3.969352237e+00,-2.839867318e-01,-4.253338969e-01,4.253338969e-01
8.720000000e-03,3.913736668e+00,3.911638439e+00,-2.848206296e-01,-4.196459069e-01,4.196459068e-01
8.740000000e-03,3.855839923e+00,3.853770216e+00,-2.856432832e-01,-4.139413499e-01,4.139413499e-01
8.760000000e-03,3.797790955e+00,3.795749853e+00,-2.864546601e-01,-4.082204513e-01,4.082204513e-01
8.780000000e-03,3.739592057e+00,3.737579640e+00,-2.872547282e-01,-4.024834368e-01,4.024834368e-01
8.800000000e-03,3.681245527e+00,3.679261874e+00,-2.880434560e-01,-3.967305330e-01,3.967305330e-01
8.820000000e-03,3.622753667e+00,3.620798857e+00,-2.888208123e-01,-3.909619670e-01,3.909619670e-01
8.840000000e-03,3.564118787e+00,3.562192897e+00,-2.895867665e-01,-3.851779664e-01,3.851779664e-01
8.860000000e-03,3.505343202e+00,3.503446308e+00,-2.903412883e-01,-3.793787596e-01,3.793787596e-01
8.880000000e-03,3.446429232e+00,3.444561409e+00,-2.910843479e-01,-3.735645757e-01,3.735645757e-01
8.900000000e-03,3.387379202e+00,3.385540524e+00,-2.918159160e-01,-3.677356440e-01,3.677356440e-01
8.920000000e-03,3.328195445e+00,3.326385984e+00,-2.925359637e-01,-3.618921948e-01,3.618921948e-01
8.940000000e-03,3.268880297e+00,3.267100124e+00,-2.932444626e-01,-3.560344587e-01,3.560344587e-01
8.960000000e-03,3.209436098e+00,3.207685285e+00,-2.939413847e-01,-3.501626669e-01,3.501626669e-01
8.980000000e-03,3.149865197e+00,3.148143811e+00,-2.946267025e-01,-3.442770514e-01,3.442770514e-01
9.000000000e-03,3.090169944e+00,3.088478055e+00,-2.953003889e-01,-3.383778444e-01,3.383778443e-01
9.020000000e-03,3.030352696e+00,3.028690370e+00,-2.959624174e-01,-3.324652787e-01,3.324652787e-01
9.040000000e-03,2.970415816e+00,2.968783118e+00,-2.966127618e-01,-3.265395880e-01,3.265395880e-01
9.060000000e-03,2.910361668e+00,2.908758663e+00,-2.972513965e-01,-3.206010060e-01,3.206010060e-01
9.080000000e-03,2.850192625e+00,2.848619376e+00,-2.978782961e-01,-3.146497672e-01,3.146497672e-01
9.100000000e-03,2.789911060e+00,2.788367630e+00,-2.984934360e-01,-3.086861066e-01,3.086861066e-01
9.120000000e-03,2.729519355e+00,2.728005804e+00,-2.990967920e-01,-3.027102596e-01,3.027102596e-01
9.140000000e-03,2.669019893e+00,2.667536281e+00,-2.996883401e-01,-2.967224621e-01,2.967224621e-01
9.160000000e-03,2.608415063e+00,2.606961448e+00,-3.002680570e-01,-2.907229505e-01,2.907229505e-01
9.180000000e-03,2.547707257e+00,2.546283697e+00,-3.008359198e-01,-2.847119617e-01,2.847119617e-01
9.200000000e-03,2.486898872e+00,2.485505423e+00,-3.013919062e-01,-2.786897329e-01,2.786897329e-01
9.220000000e-03,2.425992308e+00,2.424629025e+00,-3.019359941e-01,-2.726565020e-01,2.726565020e-01
9.240000000e-03,2.364989970e+00,2.363656908e+00,-3.024681621e-01,-2.666125070e-01,2.666125070e-01
9.260000000e-03,2.303894267e+00,2.302591477e+00,-3.029883892e-01,-2.605579866e-01,2.605579866e-01
9.280000000e-03,2.242707609e+00,2.241435144e+00,-3.034966548e-01,-2.544931798e-01,2.544931798e-01
9.300000000e-03,2.181432414e+00,2.180190322e+00,-3.039929389e-01,-2.484183261e-01,2.484183261e-01
9.320000000e-03,2.120071099e+00,2.118859431e+00,-3.044772218e-01,-2.423336653e-01,2.423336653e-01
9.340000000e-03,2.058626088e+00,2.057444891e+00,-3.049494846e-01,-2.362394375e-01,2.362394375e-01
9.360000000e-03,1.997099805e+00,1.995949126e+00,-3.054097084e-01,-2.301358834e-01,2.301358834e-01
9.380000000e-03,1.935494681e+00,1.934374564e+00,-3.058578752e-01,-2.240232440e-01,2.240232439e-01
9.400000000e-03,1.873813146e+00,1.872723637e+00,-3.062939672e-01,-2.179017604e-01,2.179017604e-01
9.420000000e-03,1.812057636e+00,1.810998778e+00,-3.067179673e-01,-2.117716745e-01,2.117716745e-01
9.440000000e-03,1.750230590e+00,1.749202424e+00,-3.071298587e-01,-2.056332282e-01,2.056332282e-01
9.460000000e-03,1.688334447e+00,1.687337014e+00,-3.075296251e-01,-1.994866639e-01,1.994866639e-01
9.480000000e-03,1.626371652e+00,1.625404991e+00,-3.079172508e-01,-1.933322242e-01,1.933322242e-01
9.500000000e-03,1.564344650e+00,1.563408800e+00,-3.082927205e-01,-1.871701520e-01,1.871701520e-01
9.520000000e-03,1.502255891e+00,1.501350888e+00,-3.086560192e-01,-1.810006907e-01,1.810006907e-01
9.540000000e-03,1.440107826e+00,1.439233705e+00,-3.090071328e-01,-1.748240838e-01,1.748240838e-01
9.560000000e-03,1.377902907e+00,1.377059704e+00,-3.093460473e-01,-1.686405751e-01,1.686405751e-01
9.580000000e-03,1.315643591e+00,1.314831339e+00,-3.096727493e-01,-1.624504088e-01,1.624504088e-01
9.600000000e-03,1.253332336e+00,1.252551066e+00,-3.099872260e-01,-1.562538292e-01,1.562538292e-01
9.620000000e-03,1.190971601e+00,1.190221346e+00,-3.102894649e-01,-1.500510810e-01,1.500510810e-01
9.640000000e-03,1.128563849e+00,1.127844637e+00,-3.105794541e-01,-1.438424091e-01,1.438424091e-01
9.660000000e-03,1.066111543e+00,1.065423402e+00,-3.108571822e-01,-1.376280585e-01,1.376280585e-01
9.680000000e-03,1.003617149e+00,1.002960107e+00,-3.111226381e-01,-1.314082745e-01,1.314082745e-01
9.700000000e-03,9.410831332e-01,9.404572167e-01,-3.113758115e-01,-1.251833028e-01,1.251833028e-01
9.720000000e-03,8.785119655e-01,8.779171986e-01,-3.116166923e-01,-1.189533891e-01,1.189533891e-01
9.740000000e-03,8.159061157e-01,8.153425218e-01,-3.118452710e-01,-1.127187793e-01,1.127187793e-01
9.760000000e-03,7.532680553e-01,7.527356567e-01,-3.120615386e-01,-1.064797195e-01,1.064797195e-01
9.780000000e-03,6.906002571e-01,6.900990749e-01,-3.122654865e-01,-1.002364561e-01,1.002364561e-01
9.800000000e-03,6.279051953e-01,6.274352491e-01,-3.124571067e-01,-9.398923559e-02,9.398923558e-02
9.820000000e-03,5.651853448e-01,5.647466533e-01,-3.126363917e-01,-8.773830450e-02,8.773830450e-02
9.840000000e-03,5.024431818e-01,5.020357622e-01,-3.128033343e-01,-8.148390965e-02,8.148390965e-02
9.860000000e-03,4.396811832e-01,4.393050517e-01,-3.129579279e-01,-7.522629796e-02,7.522629796e-02
9.880000000e-03,3.769018267e-01,3.765569981e-01,-3.131001665e-01,-6.896571647e-02,6.896571647e-02
9.900000000e-03,3.141075908e-01,3.137940787e-01,-3.132300445e-01,-6.270241232e-02,6.270241232e-02
9.920000000e-03,2.513009544e-01,2.510187713e-01,-3.133475567e-01,-5.643663279e-02,5.643663279e-02
9.940000000e-03,1.884843972e-01,1.882335540e-01,-3.134526984e-01,-5.016862524e-02,5.016862524e-02
9.960000000e-03,1.256603988e-01,1.254409056e-01,-3.135454656e-01,-4.389863712e-02,4.389863712e-02
9.980000000e-03,6.283143966e-02,6.264330508e-02,-3.136258545e-01,-3.762691596e-02,3.762691596e-02
1.000000000e-02,2.232692517e-13,-1.567685465e-04,-3.136938620e-01,-3.135370935e-02,3.135370935e-02
1.002000000e-02,-6.283143966e-02,-6.295683598e-02,-3.137494855e-01,-2.507926495e-02,2.507926495e-02
1.004000000e-02,-1.256603988e-01,-1.257544180e-01,-3.137927226e-01,-1.880383046e-02,1.880383046e-02
1.006000000e-02,-1.884843972e-01,-1.885470354e-01,-3.138235717e-01,-1.252765363e-02,1.252765363e-02
1.008000000e-02,-2.513009544e-01,-2.513322093e-01,-3.138420316e-01,-6.250982228e-03,6.250982229e-03
1.010000000e-02,-3.141075908e-01,-3.094214047e-01,-3.094213579e-01,4.686500178e-09,-4.685567228e-09
1.012000000e-02,-3.769018267e-01,6.775625549e-05,7.152595132e-05,3.769699599e-07,-3.769695831e-07
1.014000000e-02,-4.396811832e-01,-7.553009593e-06,-3.156273291e-06,4.396740698e-07,-4.396736302e-07
1.016000000e-02,-5.024431818e-01,-8.161628265e-06,-3.137278063e-06,5.024355226e-07,-5.024350202e-07
1.018000000e-02,-5.651853448e-01,-8.787950513e-06,-3.136184944e-06,5.651771221e-07,-5.651765569e-07
1.020000000e-02,-6.279051953e-01,-9.413921478e-06,-3.134963664e-06,6.278964093e-07,-6.278957814e-07
1.022000000e-02,-6.906002571e-01,-1.003952080e-05,-3.133618623e-06,6.905909082e-07,-6.905902176e-07
1.024000000e-02,-7.532680553e-01,-1.066472378e-05,-3.132149871e-06,7.532581438e-07,-7.532573905e-07
1.026000000e-02,-8.159061157e-01,-1.128950573e-05,-3.130557467e-06,8.158956421e-07,-8.158948262e-07
1.028000000e-02,-8.785119655e-01,-1.191384199e-05,-3.128841475e-06,8.785009302e-07,-8.785000517e-07
1.030000000e-02,-9.410831332e-01,-1.253770792e-05,-3.127001961e-06,9.410715366e-07,-9.410705955e-07
1.032000000e-02,-1.003617149e+00,-1.316107887e-05,-3.125038998e-06,1.003604991e-06,-1.003603987e-06
1.034000000e-02,-1.066111543e+00,-1.378393025e-05,-3.122952665e-06,1.066098825e-06,-1.066097759e-06
1.036000000e-02,-1.128563849e+00,-1.440623747e-05,-3.120743042e-06,1.128550571e-06,-1.128549442e-06
1.038000000e-02,-1.190971601e+00,-1.502797595e-05,-3.118410218e-06,1.190957764e-06,-1.190956573e-06
1.040000000e-02,-1.253332336e+00,-1.564912115e-05,-3.115954284e-06,1.253317940e-06,-1.253316687e-06
1.042000000e-02,-1.315643591e+00,-1.626964855e-05,-3.113375338e-06,1.315628637e-06,-1.315627321e-06
1.044000000e-02,-1.377902907e+00,-1.688953365e-05,-3.110673481e-06,1.377887395e-06,-1.377886017e-06
1.046000000e-02,-1.440107826e+00,-1.750875199e-05,-3.107848820e-06,1.440091757e-06,-1.440090317e-06
1.048000000e-02,-1.502255891e+00,-1.812727911e-05,-3.104901467e-06,1.502239266e-06,-1.502237764e-06
1.050000000e-02,-1.564344650e+00,-1.874509059e-05,-3.101831537e-06,1.564327470e-06,-1.564325905e-06
1.052000000e-02,-1.626371652e+00,-1.936216205e-05,-3.098639152e-06,1.626353916e-06,-1.626352290e-06
1.054000000e-02,-1.688334447e+00,-1.997846912e-05,-3.095324438e-06,1.688316157e-06,-1.688314469e-06
1.056000000e-02,-1.750230590e+00,-2.059398748e-05,-3.091887527e-06,1.750211746e-06,-1.750209996e-06
1.058000000e-02,-1.812057636e+00,-2.120869283e-05,-3.088328552e-06,1.812038240e-06,-1.812036428e-06
1.060000000e-02,-1.873813146e+00,-2.182256089e-05,-3.084647656e-06,1.873793197e-06,-1.873791323e-06
1.062000000e-02,-1.935494681e+00,-2.243556743e-05,-3.080844983e-06,1.935474180e-06,-1.935472245e-06
1.064000000e-02,-1.997099805e+00,-2.304768826e-05,-3.076920684e-06,1.997078755e-06,-1.997076757e-06
1.066000000e-02,-2.058626088e+00,-2.365889920e-05,-3.072874913e-06,2.058604487e-06,-2.058602429e-06
1.068000000e-02,-2.120071099e+00,-2.426917613e-05,-3.068707831e-06,2.120048950e-06,-2.120046830e-06
1.070000000e-02,-2.181432414e+00,-2.487849496e-05,-3.064419601e-06,2.181409717e-06,-2.181407535e-06
1.072000000e-02,-2.242707609e+00,-2.548683162e-05,-3.060010393e-06,2.242684365e-06,-2.242682123e-06
1.074000000e-02,-2.303894267e+00,-2.609416211e-05,-3.055480381e-06,2.303870476e-06,-2.303868173e-06
1.076000000e-02,-2.364989970e+00,-2.670046244e-05,-3.050829743e-06,2.364965635e-06,-2.364963270e-06
1.078000000e-02,-2.425992308e+00,-2.730570869e-05,-3.046058665e-06,2.425967428e-06,-2.425965002e-06
1.080000000e-02,-2.486898872e+00,-2.790987695e-05,-3.041167333e-06,2.486873449e-06,-2.486870962e-06
1.082000000e-02,-2.547707257e+00,-2.851294338e-05,-3.036155941e-06,2.547681292e-06,-2.547678744e-06
1.084000000e-02,-2.608415063e+00,-2.911488417e-05,-3.031024687e-06,2.608388556e-06,-2.608385948e-06
1.086000000e-02,-2.669019893e+00,-2.971567555e-05,-3.025773773e-06,2.668992847e-06,-2.668990177e-06
1.088000000e-02,-2.729519355e+00,-3.031529381e-05,-3.020403407e-06,2.729491769e-06,-2.729489040e-06
1.090000000e-02,-2.789911060e+00,-3.091371527e-05,-3.014913800e-06,2.789882937e-06,-2.789880147e-06
1.092000000e-02,-2.850192625e+00,-3.151091631e-05,-3.009305170e-06,2.850163964e-06,-2.850161114e-06
1.094000000e-02,-2.910361668e+00,-3.210687335e-05,-3.003577738e-06,2.910332472e-06,-2.910329561e-06
1.096000000e-02,-2.970415816e+00,-3.270156287e-05,-2.997731729e-06,2.970386085e-06,-2.970383114e-06
1.098000000e-02,-3.030352696e+00,-3.329496139e-05,-2.991767375e-06,3.030322432e-06,-3.030319401e-06
1.100000000e-02,-3.090169944e+00,-3.388704548e-05,-2.985684912e-06,3.090139147e-06,-3.090136057e-06
1.102000000e-02,-3.149865197e+00,-3.447779177e-05,-2.979484578e-06,3.149833869e-06,-3.149830719e-06
1.104000000e-02,-3.209436098e+00,-3.506717693e-05,-2.973166620e-06,3.209404240e-06,-3.209401031e-06
1.106000000e-02,-3.268880297e+00,-3.565517770e-05,-2.966731286e-06,3.268847910e-06,-3.268844641e-06
1.108000000e-02,-3.328195445e+00,-3.624177086e-05,-2.960178831e-06,3.328162532e-06,-3.328159203e-06
1.110000000e-02,-3.387379202e+00,-3.682693327e-05,-2.953509512e-06,3.387345763e-06,-3.387342375e-06
1.112000000e-02,-3.446429232e+00,-3.741064181e-05,-2.946723595e-06,3.446395268e-06,-3.446391821e-06
1.114000000e-02,-3.505343202e+00,-3.799287344e-05,-2.939821346e-06,3.505308714e-06,-3.505305209e-06
1.116000000e-02,-3.564118787e+00,-3.857360517e-05,-2.932803037e-06,3.564083778e-06,-3.564080213e-06
1.118000000e-02,-3.622753667e+00,-3.915281409e-05,-2.925668947e-06,3.622718137e-06,-3.622714514e-06
1.120000000e-02,-3.681245527e+00,-3.973047732e-05,-2.918419356e-06,3.681209478e-06,-3.681205796e-06
1.122000000e-02,-3.739592057e+00,-4.030657206e-05,-2.911054551e-06,3.739555490e-06,-3.739551751e-06
1.124000000e-02,-3.797790955e+00,-4.088107556e-05,-2.903574823e-06,3.797753872e-06,-3.797750074e-06
1.126000000e-02,-3.855839923e+00,-4.145396515e-05,-2.895980466e-06,3.855802325e-06,-3.855798469e-06
1.128000000e-02,-3.913736668e+00,-4.202521821e-05,-2.888271781e-06,3.913698557e-06,-3.913694643e-06
1.130000000e-02,-3.971478906e+00,-4.259481219e-05,-2.880449072e-06,3.971440283e-06,-3.971436311e-06
1.132000000e-02,-4.029064357e+00,-4.316272459e-05,-2.872512648e-06,4.029025223e-06,-4.029021194e-06
1.134000000e-02,-4.086490747e+00,-4.372893301e-05,-2.864462822e-06,4.086451105e-06,-4.086447018e-06
1.136000000e-02,-4.143755810e+00,-4.429341508e-05,-2.856299912e-06,4.143715660e-06,-4.143711516e-06
1.138000000e-02,-4.200857284e+00,-4.485614852e-05,-2.848024240e-06,4.200816629e-06,-4.200812428e-06
1.140000000e-02,-4.257792916e+00,-4.541711112e-05,-2.839636133e-06,4.257751756e-06,-4.257747498e-06
1.142000000e-02,-4.314560457e+00,-4.597628073e-05,-2.831135921e-06,4.314518795e-06,-4.314514480e-06
1.144000000e-02,-4.371157667e+00,-4.653363527e-05,-2.822523942e-06,4.371115504e-06,-4.371111133e-06
1.146000000e-02,-4.427582310e+00,-4.708915275e-05,-2.813800534e-06,4.427539649e-06,-4.427535221e-06
1.148000000e-02,-4.483832161e+00,-4.764281122e-05,-2.804966042e-06,4.483789002e-06,-4.483784518e-06
1.150000000e-02,-4.539904997e+00,-4.819458884e-05,-2.796020815e-06,4.539861343e-06,-4.539856803e-06
1.152000000e-02,-4.595798606e+00,-4.874446382e-05,-2.786965206e-06,4.595754458e-06,-4.595749862e-06
1.154000000e-02,-4.651510781e+00,-4.929241445e-05,-2.777799572e-06,4.651466140e-06,-4.651461488e-06
1.156000000e-02,-4.707039322e+00,-4.983841911e-05,-2.768524275e-06,4.706994190e-06,-4.706989483e-06
1.158000000e-02,-4.762382037e+00,-5.038245622e-05,-2.759139682e-06,4.762336417e-06,-4.762331654e-06
1.160000000e-02,-4.817536741e+00,-5.092450433e-05,-2.749646163e-06,4.817490634e-06,-4.817485816e-06
1.162000000e-02,-4.872501257e+00,-5.146454202e-05,-2.740044092e-06,4.872454665e-06,-4.872449793e-06
1.164000000e-02,-4.927273415e+00,-5.200254798e-05,-2.730333849e-06,4.927226340e-06,-4.927221413e-06
1.166000000e-02,-4.981851053e+00,-5.253850097e-05,-2.720515817e-06,4.981803497e-06,-4.981798515e-06
1.168000000e-02,-5.036232016e+00,-5.307237982e-05,-2.710590384e-06,5.036183980e-06,-5.036178944e-06
1.170000000e-02,-5.090414158e+00,-5.360416347e-05,-2.700557941e-06,5.090365644e-06,-5.090360553e-06
1.172000000e-02,-5.144395338e+00,-5.413383092e-05,-2.690418885e-06,5.144346348e-06,-5.144341204e-06
1.174000000e-02,-5.198173426e+00,-5.466136126e-05,-2.680173616e-06,5.198123963e-06,-5.198118765e-06
1.176000000e-02,-5.251746300e+00,-5.518673367e-05,-2.669822538e-06,5.251696365e-06,-5.251691113e-06
1.178000000e-02,-5.305111843e+00,-5.570992739e-05,-2.659366060e-06,5.305061438e-06,-5.305056133e-06
1.180000000e-02,-5.358267950e+00,-5.623092178e-05,-2.648804595e-06,5.358217077e-06,-5.358211719e-06
1.182000000e-02,-5.411212521e+00,-5.674969628e-05,-2.638138560e-06,5.411161183e-06,-5.411155772e-06
1.184000000e-02,-5.463943467e+00,-5.726623039e-05,-2.627368375e-06,5.463891665e-06,-5.463886201e-06
1.186000000e-02,-5.516458706e+00,-5.778050372e-05,-2.616494467e-06,5.516406442e-06,-5.516400926e-06
1.188000000e-02,-5.568756165e+00,-5.829249599e-05,-2.605517264e-06,5.568703441e-06,-5.568697872e-06
1.190000000e-02,-5.620833779e+00,-5.880218696e-05,-2.594437199e-06,5.620780597e-06,-5.620774976e-06
1.192000000e-02,-5.672689491e+00,-5.930955653e-05,-2.583254710e-06,5.672635854e-06,-5.672630182e-06
1.194000000e-02,-5.724321256e+00,-5.981458465e-05,-2.571970239e-06,5.724267166e-06,-5.724261441e-06
1.196000000e-02,-5.775727034e+00,-6.031725140e-05,-2.560584231e-06,5.775672493e-06,-5.775666717e-06
1.198000000e-02,-5.826904797e+00,-6.081753693e-05,-2.549097136e-06,5.826849806e-06,-5.826843979e-06
1.200000000e-02,-5.877852523e+00,-6.131542148e-05,-2.537509406e-06,5.877797085e-06,-5.877791207e-06
1.202000000e-02,-5.928568202e+00,-6.181088541e-05,-2.525821500e-06,5.928512319e-06,-5.928506391e-06
1.204000000e-02,-5.979049831e+00,-6.230390915e-05,-2.514033879e-06,5.978993506e-06,-5.978987527e-06
1.206000000e-02,-6.029295417e+00,-6.279447323e-05,-2.502147008e-06,6.029238652e-06,-6.029232622e-06
1.208000000e-02,-6.079302977e+00,-6.328255830e-05,-2.490161357e-06,6.079245774e-06,-6.079239694e-06
1.210000000e-02,-6.129070537e+00,-6.376814508e-05,-2.478077398e-06,6.129012897e-06,-6.129006768e-06
1.212000000e-02,-6.178596131e+00,-6.425121441e-05,-2.465895610e-06,6.178538058e-06,-6.178531880e-06
1.214000000e-02,-6.227877805e+00,-6.473174720e-05,-2.453616471e-06,6.227819301e-06,-6.227813073e-06
1.216000000e-02,-6.276913613e+00,-6.520972450e-05,-2.441240469e-06,6.276854680e-06,-6.276848403e-06
1.218000000e-02,-6.325701619e+00,-6.568512743e-05,-2.428768090e-06,6.325642260e-06,-6.325635934e-06
1.220000000e-02,-6.374239897e+00,-6.615793722e-05,-2.416199827e-06,6.374180114e-06,-6.374173739e-06
1.222000000e-02,-6.422526532e+00,-6.662813521e-05,-2.403536177e-06,6.422466326e-06,-6.422459904e-06
1.224000000e-02,-6.470559616e+00,-6.709570284e-05,-2.390777640e-06,6.470498991e-06,-6.470492520e-06
1.226000000e-02,-6.518337253e+00,-6.756062164e-05,-2.377924719e-06,6.518276211e-06,-6.518269692e-06
1.228000000e-02,-6.565857558e+00,-6.802287327e-05,-2.364977921e-06,6.565796101e-06,-6.565789535e-06
1.230000000e-02,-6.613118653e+00,-6.848243947e-05,-2.351937759e-06,6.613056784e-06,-6.613050171e-06
1.232000000e-02,-6.660118674e+00,-6.893930209e-05,-2.338804745e-06,6.660056395e-06,-6.660049735e-06
1.234000000e-02,-6.706855765e+00,-6.939344312e-05,-2.325579400e-06,6.706793079e-06,-6.706786372e-06
1.236000000e-02,-6.753328081e+00,-6.984484461e-05,-2.312262245e-06,6.753264990e-06,-6.753258236e-06
1.238000000e-02,-6.799533787e+00,-7.029348874e-05,-2.298853805e-06,6.799470293e-06,-6.799463494e-06
1.240000000e-02,-6.845471059e+00,-7.073935781e-05,-2.285354611e-06,6.845407165e-06,-6.845400320e-06
1.242000000e-02,-6.891138084e+00,-7.118243421e-05,-2.271765195e-06,6.891073793e-06,-6.891066901e-06
1.244000000e-02,-6.936533058e+00,-7.162270045e-05,-2.258086094e-06,6.936468372e-06,-6.936461435e-06
1.246000000e-02,-6.981654190e+00,-7.206013914e-05,-2.244317847e-06,6.981589111e-06,-6.981582130e-06
1.248000000e-02,-7.026499698e+00,-7.249473303e-05,-2.230460998e-06,7.026434230e-06,-7.026427203e-06
1.250000000e-02,-7.071067812e+00,-7.292646495e-05,-2.216516095e-06,7.071001956e-06,-7.070994885e-06
1.252000000e-02,-7.115356772e+00,-7.335531785e-05,-2.202483687e-06,7.115290532e-06,-7.115283417e-06
1.254000000e-02,-7.159364830e+00,-7.378127482e-05,-2.188364329e-06,7.159298208e-06,-7.159291049e-06
1.256000000e-02,-7.203090249e+00,-7.420431902e-05,-2.174158578e-06,7.203023248e-06,-7.203016044e-06
1.258000000e-02,-7.246531302e+00,-7.462443377e-05,-2.159866995e-06,7.246463924e-06,-7.246456677e-06
1.260000000e-02,-7.289686274e+00,-7.504160247e-05,-2.145490145e-06,7.289618522e-06,-7.289611233e-06
1.262000000e-02,-7.332553462e+00,-7.545580866e-05,-2.131028594e-06,7.332485339e-06,-7.332478006e-06
1.264000000e-02,-7.375131174e+00,-7.586703598e-05,-2.116482913e-06,7.375062682e-06,-7.375055306e-06
1.266000000e-02,-7.417417727e+00,-7.627526820e-05,-2.101853678e-06,7.417348870e-06,-7.417341452e-06
1.268000000e-02,-7.459411454e+00,-7.668048920e-05,-2.087141465e-06,7.459342233e-06,-7.459334774e-06
1.270000000e-02,-7.501110696e+00,-7.708268299e-05,-2.072346855e-06,7.501041115e-06,-7.501033614e-06
1.272000000e-02,-7.542513807e+00,-7.748183369e-05,-2.057470432e-06,7.542443868e-06,-7.542436325e-06
1.274000000e-02,-7.583619153e+00,-7.787792553e-05,-2.042512784e-06,7.583548859e-06,-7.583541275e-06
1.276000000e-02,-7.624425110e+00,-7.827094289e-05,-2.027474501e-06,7.624354464e-06,-7.624346839e-06
1.278000000e-02,-7.664930068e+00,-7.866087025e-05,-2.012356177e-06,7.664859072e-06,-7.664851407e-06
1.280000000e-02,-7.705132428e+00,-7.904769221e-05,-1.997158409e-06,7.705061085e-06,-7.705053380e-06
1.282000000e-02,-7.745030602e+00,-7.943139350e-05,-1.981881796e-06,7.744958916e-06,-7.744951171e-06
1.284000000e-02,-7.784623016e+00,-7.981195898e-05,-1.966526942e-06,7.784550988e-06,-7.784543204e-06
1.286000000e-02,-7.823908106e+00,-8.018937362e-05,-1.951094452e-06,7.823835740e-06,-7.823827916e-06
1.288000000e-02,-7.862884321e+00,-8.056362251e-05,-1.935584937e-06,7.862811621e-06,-7.862803758e-06
1.290000000e-02,-7.901550124e+00,-8.093469090e-05,-1.919999008e-06,7.901477091e-06,-7.901469189e-06
1.292000000e-02,-7.939903986e+00,-8.130256412e-05,-1.904337281e-06,7.939830624e-06,-7.939822684e-06
1.294000000e-02,-7.977944395e+00,-8.166722766e-05,-1.888600374e-06,7.977870706e-06,-7.977862728e-06
1.296000000e-02,-8.015669849e+00,-8.202866711e-05,-1.872788909e-06,8.015595836e-06,-8.015587820e-06
1.298000000e-02,-8.053078857e+00,-8.238686821e-05,-1.856903508e-06,8.053004523e-06,-8.052996470e-06
1.300000000e-02,-8.090169944e+00,-8.274181682e-05,-1.840944801e-06,8.090095292e-06,-8.090087202e-06
1.302000000e-02,-8.126941644e+00,-8.309349892e-05,-1.824913416e-06,8.126866678e-06,-8.126858551e-06
1.304000000e-02,-8.163392507e+00,-8.344190064e-05,-1.808809986e-06,8.163317229e-06,-8.163309065e-06
1.306000000e-02,-8.199521093e+00,-8.378700821e-05,-1.792635148e-06,8.199445506e-06,-8.199437306e-06
1.308000000e-02,-8.235325976e+00,-8.412880801e-05,-1.776389540e-06,8.235250083e-06,-8.235241847e-06
1.310000000e-02,-8.270805743e+00,-8.446728656e-05,-1.760073803e-06,8.270729546e-06,-8.270721275e-06
1.312000000e-02,-8.305958992e+00,-8.480243048e-05,-1.743688581e-06,8.305882495e-06,-8.305874189e-06
1.314000000e-02,-8.340784336e+00,-8.513422654e-05,-1.727234522e-06,8.340707543e-06,-8.340699202e-06
1.316000000e-02,-8.375280400e+00,-8.546266165e-05,-1.710712274e-06,8.375203313e-06,-8.375194938e-06
1.318000000e-02,-8.409445823e+00,-8.578772284e-05,-1.694122490e-06,8.409368445e-06,-8.409360035e-06
1.320000000e-02,-8.443279255e+00,-8.610939728e-05,-1.677465825e-06,8.443201589e-06,-8.443193146e-06
1.322000000e-02,-8.476779361e+00,-8.642767227e-05,-1.660742936e-06,8.476701410e-06,-8.476692933e-06
1.324000000e-02,-8.509944818e+00,-8.674253524e-05,-1.643954485e-06,8.509866585e-06,-8.509858075e-06
1.326000000e-02,-8.542774317e+00,-8.705397376e-05,-1.627101132e-06,8.542695806e-06,-8.542687263e-06
1.328000000e-02,-8.575266562e+00,-8.736197554e-05,-1.610183545e-06,8.575187775e-06,-8.575179200e-06
1.330000000e-02,-8.607420270e+00,-8.766652842e-05,-1.593202390e-06,8.607341211e-06,-8.607332603e-06
1.332000000e-02,-8.639234172e+00,-8.796762038e-05,-1.576158339e-06,8.639154844e-06,-8.639146204e-06
1.334000000e-02,-8.670707012e+00,-8.826523953e-05,-1.559052063e-06,8.670627417e-06,-8.670618746e-06
1.336000000e-02,-8.701837547e+00,-8.855937411e-05,-1.541884239e-06,8.701757689e-06,-8.701748987e-06
1.338000000e-02,-8.732624548e+00,-8.885001252e-05,-1.524655544e-06,8.732544431e-06,-8.732535698e-06
1.340000000e-02,-8.763066800e+00,-8.913714329e-05,-1.507366658e-06,8.762986426e-06,-8.762977663e-06
1.342000000e-02,-8.793163102e+00,-8.942075507e-05,-1.490018263e-06,8.793082474e-06,-8.793073681e-06
1.344000000e-02,-8.822912264e+00,-8.970083668e-05,-1.472611046e-06,8.822831386e-06,-8.822822563e-06
1.346000000e-02,-8.852313113e+00,-8.997737705e-05,-1.455145692e-06,8.852231988e-06,-8.852223136e-06
1.348000000e-02,-8.881364488e+00,-9.025036527e-05,-1.437622891e-06,8.881283119e-06,-8.881274238e-06
1.350000000e-02,-8.910065242e+00,-9.051979056e-05,-1.420043336e-06,8.909983632e-06,-8.909974722e-06
1.352000000e-02,-8.938414242e+00,-9.078564228e-05,-1.402407720e-06,8.938332394e-06,-8.938323456e-06
1.354000000e-02,-8.966410368e+00,-9.104790994e-05,-1.384716739e-06,8.966328286e-06,-8.966319320e-06
1.356000000e-02,-8.994052516e+00,-9.130658318e-05,-1.366971092e-06,8.993970203e-06,-8.993961209e-06
1.358000000e-02,-9.021339594e+00,-9.156165180e-05,-1.349171479e-06,9.021257053e-06,-9.021248032e-06
1.360000000e-02,-9.048270525e+00,-9.181310572e-05,-1.331318603e-06,9.048187760e-06,-9.048178711e-06
1.362000000e-02,-9.074844245e+00,-9.206093501e-05,-1.313413169e-06,9.074761259e-06,-9.074752184e-06
1.364000000e-02,-9.101059707e+00,-9.230512990e-05,-1.295455884e-06,9.100976503e-06,-9.100967402e-06
1.366000000e-02,-9.126915874e+00,-9.254568074e-05,-1.277447456e-06,9.126832455e-06,-9.126823328e-06
1.368000000e-02,-9.152411726e+00,-9.278257803e-05,-1.259388597e-06,9.152328096e-06,-9.152318944e-06
1.370000000e-02,-9.177546257e+00,-9.301581243e-05,-1.241280019e-06,9.177462419e-06,-9.177453241e-06
1.372000000e-02,-9.202318474e+00,-9.324537472e-05,-1.223122438e-06,9.202234431e-06,-9.202225228e-06
1.374000000e-02,-9.226727399e+00,-9.347125584e-05,-1.204916570e-06,9.226643154e-06,-9.226633927e-06
1.376000000e-02,-9.250772068e+00,-9.369344688e-05,-1.186663134e-06,9.250687626e-06,-9.250678375e-06
1.378000000e-02,-9.274451533e+00,-9.391193906e-05,-1.168362850e-06,9.274366896e-06,-9.274357621e-06
1.380000000e-02,-9.297764859e+00,-9.412672376e-05,-1.150016442e-06,9.297680030e-06,-9.297670732e-06
1.382000000e-02,-9.320711125e+00,-9.433779250e-05,-1.131624633e-06,9.320626108e-06,-9.320616787e-06
1.384000000e-02,-9.343289425e+00,-9.454513694e-05,-1.113188149e-06,9.343204223e-06,-9.343194879e-06
1.386000000e-02,-9.365498867e+00,-9.474874890e-05,-1.094707718e-06,9.365413484e-06,-9.365404119e-06
1.388000000e-02,-9.387338577e+00,-9.494862035e-05,-1.076184071e-06,9.387253015e-06,-9.387243628e-06
1.390000000e-02,-9.408807690e+00,-9.514474338e-05,-1.057617937e-06,9.408721954e-06,-9.408712545e-06
1.392000000e-02,-9.429905359e+00,-9.533711027e-05,-1.039010051e-06,9.429819452e-06,-9.429810022e-06
1.394000000e-02,-9.450630752e+00,-9.552571341e-05,-1.020361146e-06,9.450544677e-06,-9.450535226e-06
1.396000000e-02,-9.470983050e+00,-9.571054535e-05,-1.001671959e-06,9.470896810e-06,-9.470887339e-06
1.398000000e-02,-9.490961450e+00,-9.589159881e-05,-9.829432275e-07,9.490875049e-06,-9.490865558e-06
1.400000000e-02,-9.510565163e+00,-9.606886663e-05,-9.641756913e-07,9.510478605e-06,-9.510469094e-06
1.402000000e-02,-9.529793415e+00,-9.624234182e-05,-9.453700911e-07,9.529706703e-06,-9.529697173e-06
1.404000000e-02,-9.548645447e+00,-9.641201752e-05,-9.265271693e-07,9.548558584e-06,-9.548549035e-06
1.406000000e-02,-9.567120516e+00,-9.657788705e-05,-9.076476698e-07,9.567033505e-06,-9.567023938e-06
1.408000000e-02,-9.585217890e+00,-9.673994384e-05,-8.887323379e-07,9.585130735e-06,-9.585121150e-06
1.410000000e-02,-9.602936857e+00,-9.689818151e-05,-8.697819204e-07,9.602849562e-06,-9.602839958e-06
1.412000000e-02,-9.620276716e+00,-9.705259380e-05,-8.507971654e-07,9.620189284e-06,-9.620179663e-06
1.414000000e-02,-9.637236783e+00,-9.720317462e-05,-8.317788224e-07,9.637149217e-06,-9.637139580e-06
1.416000000e-02,-9.653816388e+00,-9.734991803e-05,-8.127276422e-07,9.653728692e-06,-9.653719038e-06
1.418000000e-02,-9.670014878e+00,-9.749281822e-05,-7.936443769e-07,9.669927055e-06,-9.669917385e-06
1.420000000e-02,-9.685831611e+00,-9.763186957e-05,-7.745297798e-07,9.685743665e-06,-9.685733979e-06
1.422000000e-02,-9.701265965e+00,-9.776706658e-05,-7.553846057e-07,9.701177899e-06,-9.701168198e-06
1.424000000e-02,-9.716317329e+00,-9.789840392e-05,-7.362096102e-07,9.716229147e-06,-9.716219431e-06
1.426000000e-02,-9.730985110e+00,-9.802587639e-05,-7.170055505e-07,9.730896815e-06,-9.730887084e-06
1.428000000e-02,-9.745268728e+00,-9.814947897e-05,-6.977731846e-07,9.745180324e-06,-9.745170578e-06
1.430000000e-02,-9.759167619e+00,-9.826920677e-05,-6.785132718e-07,9.759079109e-06,-9.759069350e-06
1.432000000e-02,-9.772681236e+00,-9.838505508e-05,-6.592265725e-07,9.772592623e-06,-9.772582851e-06
1.434000000e-02,-9.785809043e+00,-9.849701931e-05,-6.399138480e-07,9.785720332e-06,-9.785710546e-06
1.436000000e-02,-9.798550524e+00,-9.860509505e-05,-6.205758609e-07,9.798461717e-06,-9.798451919e-06
1.438000000e-02,-9.810905174e+00,-9.870927802e-05,-6.012133744e-07,9.810816276e-06,-9.810806465e-06
1.440000000e-02,-9.822872507e+00,-9.880956413e-05,-5.818271531e-07,9.822783521e-06,-9.822773698e-06
1.442000000e-02,-9.834452050e+00,-9.890594940e-05,-5.624179623e-07,9.834362978e-06,-9.834353144e-06
1.444000000e-02,-9.845643345e+00,-9.899843004e-05,-5.429865681e-07,9.845554193e-06,-9.845544347e-06
1.446000000e-02,-9.856445951e+00,-9.908700238e-05,-5.235337378e-07,9.856356721e-06,-9.856346864e-06
1.448000000e-02,-9.866859442e+00,-9.917166294e-05,-5.040602392e-07,9.866770137e-06,-9.866760270e-06
1.450000000e-02,-9.876883406e+00,-9.925240838e-05,-4.845668413e-07,9.876794030e-06,-9.876784153e-06
1.452000000e-02,-9.886517447e+00,-9.932923549e-05,-4.650543134e-07,9.886428005e-06,-9.886418118e-06
1.454000000e-02,-9.895761186e+00,-9.940214126e-05,-4.455234260e-07,9.895671680e-06,-9.895661784e-06
1.456000000e-02,-9.904614257e+00,-9.947112281e-05,-4.259749501e-07,9.904524690e-06,-9.904514786e-06
1.458000000e-02,-9.913076311e+00,-9.953617740e-05,-4.064096575e-07,9.912986688e-06,-9.912976774e-06
1.460000000e-02,-9.921147013e+00,-9.959730248e-05,-3.868283205e-07,9.921057337e-06,-9.921047416e-06
1.462000000e-02,-9.928826046e+00,-9.965449562e-05,-3.672317121e-07,9.928736320e-06,-9.928726391e-06
1.464000000e-02,-9.936113105e+00,-9.970775458e-05,-3.476206061e-07,9.936023334e-06,-9.936013397e-06
1.466000000e-02,-9.943007904e+00,-9.975707724e-05,-3.279957766e-07,9.942918090e-06,-9.942908147e-06
1.468000000e-02,-9.949510170e+00,-9.980246167e-05,-3.083579984e-07,9.949420317e-06,-9.949410367e-06
1.470000000e-02,-9.955619646e+00,-9.984390607e-05,-2.887080468e-07,9.955529758e-06,-9.955519802e-06
1.472000000e-02,-9.961336091e+00,-9.988140880e-05,-2.690466975e-07,9.961246171e-06,-9.961236210e-06
1.474000000e-02,-9.966659280e+00,-9.991496838e-05,-2.493747266e-07,9.966569332e-06,-9.966559365e-06
1.476000000e-02,-9.971589003e+00,-9.994458349e-05,-2.296929109e-07,9.971499030e-06,-9.971489058e-06
1.478000000e-02,-9.976125064e+00,-9.997025296e-05,-2.100020273e-07,9.976035069e-06,-9.976025093e-06
1.480000000e-02,-9.980267284e+00,-9.999197578e-05,-1.903028531e-07,9.980177273e-06,-9.980167292e-06
1.482000000e-02,-9.984015501e+00,-1.000097511e-04,-1.705961662e-07,9.983925475e-06,-9.983915491e-06
1.484000000e-02,-9.987369566e+00,-1.000235782e-04,-1.508827444e-07,9.987279530e-06,-9.987269542e-06
1.486000000e-02,-9.990329347e+00,-1.000334565e-04,-1.311633660e-07,9.990239304e-06,-9.990229313e-06
1.488000000e-02,-9.992894726e+00,-1.000393857e-04,-1.114388095e-07,9.992804680e-06,-9.992794687e-06
1.490000000e-02,-9.995065604e+00,-1.000413655e-04,-9.170985355e-08,9.994975557e-06,-9.994965562e-06
1.492000000e-02,-9.996841893e+00,-1.000393958e-04,-7.197727708e-08,9.996751850e-06,-9.996741853e-06
1.494000000e-02,-9.998223524e+00,-1.000334768e-04,-5.224185908e-08,9.998133489e-06,-9.998123490e-06
1.496000000e-02,-9.999210442e+00,-1.000236086e-04,-3.250437865e-08,9.999120418e-06,-9.999110418e-06
1.498000000e-02,-9.999802609e+00,-1.000097916e-04,-1.276561501e-08,9.999712599e-06,-9.999702599e-06
1.500000000e-02,-1.000000000e+01,-9.999202643e-05,6.973652597e-09,9.999910008e-06,-9.999900008e-06
1.502000000e-02,-9.999802609e+00,-9.997031374e-05,2.671264490e-08,9.999712638e-06,-9.999702638e-06
1.504000000e-02,-9.999210442e+00,-9.994465439e-05,4.645058262e-08,9.999120497e-06,-9.999110497e-06
1.506000000e-02,-9.998223524e+00,-9.991504940e-05,6.618668656e-08,9.998133607e-06,-9.998123609e-06
1.508000000e-02,-9.996841893e+00,-9.988149993e-05,8.592017757e-08,9.996752008e-06,-9.996742011e-06
1.510000000e-02,-9.995065604e+00,-9.984400732e-05,1.056502766e-07,9.994975755e-06,-9.994965760e-06
1.512000000e-02,-9.992894726e+00,-9.980257303e-05,1.253762047e-07,9.992804917e-06,-9.992794924e-06
1.514000000e-02,-9.990329347e+00,-9.975719871e-05,1.450971832e-07,9.990239580e-06,-9.990229589e-06
1.516000000e-02,-9.987369566e+00,-9.970788615e-05,1.648124335e-07,9.987279846e-06,-9.987269858e-06
1.518000000e-02,-9.984015501e+00,-9.965463729e-05,1.845211773e-07,9.983925830e-06,-9.983915846e-06
1.520000000e-02,-9.980267284e+00,-9.959745423e-05,2.042226365e-07,9.980177667e-06,-9.980167687e-06
1.522000000e-02,-9.976125064e+00,-9.953633924e-05,2.239160334e-07,9.976035503e-06,-9.976025527e-06
1.524000000e-02,-9.971589003e+00,-9.947129472e-05,2.436005904e-07,9.971499503e-06,-9.971489531e-06
1.526000000e-02,-9.966659280e+00,-9.940232325e-05,2.632755305e-07,9.966569845e-06,-9.966559878e-06
1.528000000e-02,-9.961336091e+00,-9.932942754e-05,2.829400769e-07,9.961246723e-06,-9.961236762e-06
1.530000000e-02,-9.955619646e+00,-9.925261048e-05,3.025934533e-07,9.955530349e-06,-9.955520393e-06
1.532000000e-02,-9.949510170e+00,-9.917187509e-05,3.222348839e-07,9.949420947e-06,-9.949410998e-06
1.534000000e-02,-9.943007904e+00,-9.908722457e-05,3.418635932e-07,9.942918760e-06,-9.942908817e-06
1.536000000e-02,-9.936113105e+00,-9.899866226e-05,3.614788063e-07,9.936024043e-06,-9.936014106e-06
1.538000000e-02,-9.928826046e+00,-9.890619165e-05,3.810797488e-07,9.928737068e-06,-9.928727139e-06
1.540000000e-02,-9.921147013e+00,-9.880981639e-05,4.006656470e-07,9.921058124e-06,-9.921048203e-06
1.542000000e-02,-9.913076311e+00,-9.870954028e-05,4.202357275e-07,9.912987514e-06,-9.912977601e-06
1.544000000e-02,-9.904614257e+00,-9.860536730e-05,4.397892179e-07,9.904525556e-06,-9.904515652e-06
1.546000000e-02,-9.895761186e+00,-9.849730154e-05,4.593253462e-07,9.895672584e-06,-9.895662689e-06
1.548000000e-02,-9.886517447e+00,-9.838534728e-05,4.788433410e-07,9.886428949e-06,-9.886419062e-06
1.550000000e-02,-9.876883406e+00,-9.826950893e-05,4.983424320e-07,9.876795013e-06,-9.876785136e-06
1.552000000e-02,-9.866859442e+00,-9.814979107e-05,5.178218492e-07,9.866771159e-06,-9.866761292e-06
1.554000000e-02,-9.856445951e+00,-9.802619843e-05,5.372808238e-07,9.856357782e-06,-9.856347925e-06
1.556000000e-02,-9.845643345e+00,-9.789873588e-05,5.567185874e-07,9.845555292e-06,-9.845545446e-06
1.558000000e-02,-9.834452050e+00,-9.776740845e-05,5.761343727e-07,9.834364117e-06,-9.834354282e-06
1.560000000e-02,-9.822872507e+00,-9.763222134e-05,5.955274132e-07,9.822784698e-06,-9.822774875e-06
1.562000000e-02,-9.810905174e+00,-9.749317987e-05,6.148969433e-07,9.810817492e-06,-9.810807681e-06
1.564000000e-02,-9.798550524e+00,-9.735028954e-05,6.342421983e-07,9.798462972e-06,-9.798453173e-06
1.566000000e-02,-9.785809043e+00,-9.720355598e-05,6.535624145e-07,9.785721626e-06,-9.785711840e-06
1.568000000e-02,-9.772681236e+00,-9.705298500e-05,6.728568293e-07,9.772593955e-06,-9.772584183e-06
1.570000000e-02,-9.759167619e+00,-9.689858253e-05,6.921246807e-07,9.759080480e-06,-9.759070721e-06
1.572000000e-02,-9.745268728e+00,-9.674035467e-05,7.113652083e-07,9.745181733e-06,-9.745171987e-06
1.574000000e-02,-9.730985110e+00,-9.657830766e-05,7.305776524e-07,9.730898262e-06,-9.730888531e-06
1.576000000e-02,-9.716317329e+00,-9.641244791e-05,7.497612545e-07,9.716230633e-06,-9.716220917e-06
1.578000000e-02,-9.701265965e+00,-9.624278196e-05,7.689152574e-07,9.701179423e-06,-9.701169722e-06
1.580000000e-02,-9.685831611e+00,-9.606931651e-05,7.880389048e-07,9.685745228e-06,-9.685735542e-06
1.582000000e-02,-9.670014878e+00,-9.589205841e-05,8.071314417e-07,9.669928656e-06,-9.669918985e-06
1.584000000e-02,-9.653816388e+00,-9.571101466e-05,8.261921145e-07,9.653730331e-06,-9.653720677e-06
1.586000000e-02,-9.637236783e+00,-9.552619240e-05,8.452201707e-07,9.637150894e-06,-9.637141257e-06
1.588000000e-02,-9.620276716e+00,-9.533759892e-05,8.642148590e-07,9.620190999e-06,-9.620181378e-06
1.590000000e-02,-9.602936857e+00,-9.514524168e-05,8.831754295e-07,9.602851314e-06,-9.602841711e-06
1.592000000e-02,-9.585217890e+00,-9.494912828e-05,9.021011339e-07,9.585132526e-06,-9.585122941e-06
1.594000000e-02,-9.567120516e+00,-9.474926644e-05,9.209912248e-07,9.567035333e-06,-9.567025766e-06
1.596000000e-02,-9.548645447e+00,-9.454566406e-05,9.398449565e-07,9.548560450e-06,-9.548550902e-06
1.598000000e-02,-9.529793415e+00,-9.433832918e-05,9.586615848e-07,9.529708607e-06,-9.529699077e-06
1.600000000e-02,-9.510565163e+00,-9.412726999e-05,9.774403668e-07,9.510480546e-06,-9.510471036e-06
1.602000000e-02,-9.490961450e+00,-9.391249481e-05,9.961805611e-07,9.490877028e-06,-9.490867537e-06
1.604000000e-02,-9.470983050e+00,-9.369401213e-05,1.014881428e-06,9.470898827e-06,-9.470889356e-06
1.606000000e-02,-9.450630752e+00,-9.347183057e-05,1.033542229e-06,9.450546731e-06,-9.450537280e-06
1.608000000e-02,-9.429905359e+00,-9.324595890e-05,1.052162227e-06,9.429821543e-06,-9.429812113e-06
1.610000000e-02,-9.408807690e+00,-9.301640604e-05,1.070740688e-06,9.408724082e-06,-9.408714673e-06
1.612000000e-02,-9.387338577e+00,-9.278318105e-05,1.089276878e-06,9.387255181e-06,-9.387245793e-06
1.614000000e-02,-9.365498867e+00,-9.254629315e-05,1.107770066e-06,9.365415687e-06,-9.365406321e-06
1.616000000e-02,-9.343289425e+00,-9.230575167e-05,1.126219520e-06,9.343206462e-06,-9.343197119e-06
1.618000000e-02,-9.320711125e+00,-9.206156612e-05,1.144624513e-06,9.320628384e-06,-9.320619063e-06
1.620000000e-02,-9.297764859e+00,-9.181374613e-05,1.162984318e-06,9.297682343e-06,-9.297673045e-06
1.622000000e-02,-9.274451533e+00,-9.156230150e-05,1.181298211e-06,9.274369245e-06,-9.274359971e-06
1.624000000e-02,-9.250772068e+00,-9.130724214e-05,1.199565468e-06,9.250690012e-06,-9.250680761e-06
1.626000000e-02,-9.226727399e+00,-9.104857813e-05,1.217785368e-06,9.226645577e-06,-9.226636350e-06
1.628000000e-02,-9.202318474e+00,-9.078631968e-05,1.235957192e-06,9.202236890e-06,-9.202227687e-06
1.630000000e-02,-9.177546257e+00,-9.052047714e-05,1.254080223e-06,9.177464914e-06,-9.177455736e-06
1.632000000e-02,-9.152411726e+00,-9.025106101e-05,1.272153745e-06,9.152330628e-06,-9.152321475e-06
1.634000000e-02,-9.126915874e+00,-8.997808191e-05,1.290177044e-06,9.126835023e-06,-9.126825896e-06
1.636000000e-02,-9.101059707e+00,-8.970155064e-05,1.308149409e-06,9.100979106e-06,-9.100970005e-06
1.638000000e-02,-9.074844245e+00,-8.942147811e-05,1.326070131e-06,9.074763899e-06,-9.074754824e-06
1.640000000e-02,-9.048270525e+00,-8.913787537e-05,1.343938502e-06,9.048190435e-06,-9.048181387e-06
1.642000000e-02,-9.021339594e+00,-8.885075361e-05,1.361753816e-06,9.021259764e-06,-9.021250743e-06
1.644000000e-02,-8.994052516e+00,-8.856012418e-05,1.379515371e-06,8.993972950e-06,-8.993963955e-06
1.646000000e-02,-8.966410368e+00,-8.826599855e-05,1.397222465e-06,8.966331068e-06,-8.966322102e-06
1.648000000e-02,-8.938414242e+00,-8.796838833e-05,1.414874399e-06,8.938335212e-06,-8.938326273e-06
1.650000000e-02,-8.910065242e+00,-8.766730527e-05,1.432470476e-06,8.909986485e-06,-8.909977574e-06
1.652000000e-02,-8.881364488e+00,-8.736276125e-05,1.450010001e-06,8.881286007e-06,-8.881277125e-06
1.654000000e-02,-8.852313113e+00,-8.705476830e-05,1.467492283e-06,8.852234911e-06,-8.852226058e-06
1.656000000e-02,-8.822912264e+00,-8.674333858e-05,1.484916631e-06,8.822834344e-06,-8.822825521e-06
1.658000000e-02,-8.793163102e+00,-8.642848438e-05,1.502282356e-06,8.793085467e-06,-8.793076673e-06
1.660000000e-02,-8.763066800e+00,-8.611021813e-05,1.519588774e-06,8.762989453e-06,-8.762980690e-06
1.662000000e-02,-8.732624548e+00,-8.578855239e-05,1.536835202e-06,8.732547492e-06,-8.732538759e-06
1.664000000e-02,-8.701837547e+00,-8.546349987e-05,1.554020957e-06,8.701760785e-06,-8.701752083e-06
1.666000000e-02,-8.670707012e+00,-8.513507340e-05,1.571145363e-06,8.670630547e-06,-8.670621876e-06
1.668000000e-02,-8.639234172e+00,-8.480328594e-05,1.588207742e-06,8.639158008e-06,-8.639149369e-06
1.670000000e-02,-8.607420270e+00,-8.446815060e-05,1.605207422e-06,8.607344409e-06,-8.607335802e-06
1.672000000e-02,-8.575266562e+00,-8.412968059e-05,1.622143731e-06,8.575191008e-06,-8.575182432e-06
1.674000000e-02,-8.542774317e+00,-8.378788929e-05,1.639016001e-06,8.542699072e-06,-8.542690529e-06
1.676000000e-02,-8.509944818e+00,-8.344279019e-05,1.655823564e-06,8.509869885e-06,-8.509861375e-06
1.678000000e-02,-8.476779361e+00,-8.309439690e-05,1.672565759e-06,8.476704743e-06,-8.476696266e-06
1.680000000e-02,-8.443279255e+00,-8.274272320e-05,1.689241924e-06,8.443204956e-06,-8.443196512e-06
1.682000000e-02,-8.409445823e+00,-8.238778295e-05,1.705851400e-06,8.409371845e-06,-8.409363435e-06
1.684000000e-02,-8.375280400e+00,-8.202959017e-05,1.722393533e-06,8.375206746e-06,-8.375198371e-06
1.686000000e-02,-8.340784336e+00,-8.166815901e-05,1.738867668e-06,8.340711009e-06,-8.340702668e-06
1.688000000e-02,-8.305958992e+00,-8.130350373e-05,1.755273156e-06,8.305885994e-06,-8.305877688e-06
1.690000000e-02,-8.270805743e+00,-8.093563872e-05,1.771609348e-06,8.270733078e-06,-8.270724807e-06
1.692000000e-02,-8.235325976e+00,-8.056457852e-05,1.787875601e-06,8.235253647e-06,-8.235245412e-06
1.694000000e-02,-8.199521093e+00,-8.019033776e-05,1.804071271e-06,8.199449102e-06,-8.199440903e-06
1.696000000e-02,-8.163392507e+00,-7.981293122e-05,1.820195719e-06,8.163320858e-06,-8.163312694e-06
1.698000000e-02,-8.126941644e+00,-7.943237381e-05,1.836248309e-06,8.126870339e-06,-8.126862212e-06
1.700000000e-02,-8.090169944e+00,-7.904868054e-05,1.852228408e-06,8.090098985e-06,-8.090090895e-06
1.702000000e-02,-8.053078857e+00,-7.866186657e-05,1.868135383e-06,8.053008248e-06,-8.053000195e-06
1.704000000e-02,-8.015669849e+00,-7.827194716e-05,1.883968608e-06,8.015599592e-06,-8.015591577e-06
1.706000000e-02,-7.977944395e+00,-7.787893771e-05,1.899727457e-06,7.977874494e-06,-7.977866516e-06
1.708000000e-02,-7.939903986e+00,-7.748285373e-05,1.915411308e-06,7.939834444e-06,-7.939826504e-06
1.710000000e-02,-7.901550124e+00,-7.708371086e-05,1.931019541e-06,7.901480942e-06,-7.901473040e-06
1.712000000e-02,-7.862884321e+00,-7.668152486e-05,1.946551542e-06,7.862815503e-06,-7.862807640e-06
1.714000000e-02,-7.823908106e+00,-7.627631160e-05,1.962006696e-06,7.823839653e-06,-7.823831829e-06
1.716000000e-02,-7.784623016e+00,-7.586808708e-05,1.977384393e-06,7.784554932e-06,-7.784547148e-06
1.718000000e-02,-7.745030602e+00,-7.545686742e-05,1.992684026e-06,7.744962890e-06,-7.744955145e-06
1.720000000e-02,-7.705132428e+00,-7.504266886e-05,2.007904992e-06,7.705065090e-06,-7.705057385e-06
1.722000000e-02,-7.664930068e+00,-7.462550774e-05,2.023046689e-06,7.664863108e-06,-7.664855443e-06
1.724000000e-02,-7.624425110e+00,-7.420540053e-05,2.038108520e-06,7.624358529e-06,-7.624350905e-06
1.726000000e-02,-7.583619153e+00,-7.378236382e-05,2.053089889e-06,7.583552954e-06,-7.583545370e-06
1.728000000e-02,-7.542513807e+00,-7.335641430e-05,2.067990206e-06,7.542447993e-06,-7.542440451e-06
1.730000000e-02,-7.501110696e+00,-7.292756880e-05,2.082808883e-06,7.501045270e-06,-7.501037769e-06
1.732000000e-02,-7.459411454e+00,-7.249584425e-05,2.097545333e-06,7.459346418e-06,-7.459338958e-06
1.734000000e-02,-7.417417727e+00,-7.206125768e-05,2.112198977e-06,7.417353084e-06,-7.417345666e-06
1.736000000e-02,-7.375131174e+00,-7.162382626e-05,2.126769234e-06,7.375066925e-06,-7.375059550e-06
1.738000000e-02,-7.332553462e+00,-7.118356726e-05,2.141255530e-06,7.332489611e-06,-7.332482279e-06
1.740000000e-02,-7.289686274e+00,-7.074049804e-05,2.155657293e-06,7.289622823e-06,-7.289615534e-06
1.742000000e-02,-7.246531302e+00,-7.029463612e-05,2.169973954e-06,7.246468254e-06,-7.246461007e-06
1.744000000e-02,-7.203090249e+00,-6.984599908e-05,2.184204948e-06,7.203027606e-06,-7.203020403e-06
1.746000000e-02,-7.159364830e+00,-6.939460464e-05,2.198349714e-06,7.159302595e-06,-7.159295436e-06
1.748000000e-02,-7.115356772e+00,-6.894047062e-05,2.212407692e-06,7.115294947e-06,-7.115287832e-06
1.750000000e-02,-7.071067812e+00,-6.848361495e-05,2.226378329e-06,7.071006399e-06,-7.070999328e-06
1.752000000e-02,-7.026499698e+00,-6.802405567e-05,2.240261072e-06,7.026438700e-06,-7.026431674e-06
1.754000000e-02,-6.981654190e+00,-6.756181091e-05,2.254055373e-06,6.981593610e-06,-6.981586628e-06
1.756000000e-02,-6.936533058e+00,-6.709689892e-05,2.267760688e-06,6.936472898e-06,-6.936465961e-06
1.758000000e-02,-6.891138084e+00,-6.662933807e-05,2.281376476e-06,6.891078346e-06,-6.891071454e-06
1.760000000e-02,-6.845471059e+00,-6.615914680e-05,2.294902199e-06,6.845411746e-06,-6.845404900e-06
1.762000000e-02,-6.799533787e+00,-6.568634369e-05,2.308337323e-06,6.799474900e-06,-6.799468101e-06
1.764000000e-02,-6.753328081e+00,-6.521094738e-05,2.321681318e-06,6.753269624e-06,-6.753262870e-06
1.766000000e-02,-6.706855765e+00,-6.473297667e-05,2.334933656e-06,6.706797739e-06,-6.706791032e-06
1.768000000e-02,-6.660118674e+00,-6.425245040e-05,2.348093816e-06,6.660061082e-06,-6.660054422e-06
1.770000000e-02,-6.613118653e+00,-6.376938756e-05,2.361161277e-06,6.613061497e-06,-6.613054884e-06
1.772000000e-02,-6.565857558e+00,-6.328380721e-05,2.374135523e-06,6.565800840e-06,-6.565794274e-06
1.774000000e-02,-6.518337253e+00,-6.279572853e-05,2.387016043e-06,6.518280976e-06,-6.518274457e-06
1.776000000e-02,-6.470559616e+00,-6.230517078e-05,2.399802327e-06,6.470503781e-06,-6.470497310e-06
1.778000000e-02,-6.422526532e+00,-6.181215332e-05,2.412493871e-06,6.422471142e-06,-6.422464720e-06
1.780000000e-02,-6.374239897e+00,-6.131669563e-05,2.425090174e-06,6.374184955e-06,-6.374178581e-06
1.782000000e-02,-6.325701619e+00,-6.081881726e-05,2.437590739e-06,6.325647126e-06,-6.325640800e-06
1.784000000e-02,-6.276913613e+00,-6.031853787e-05,2.449995072e-06,6.276859571e-06,-6.276853294e-06
1.786000000e-02,-6.227877805e+00,-5.981587721e-05,2.462302683e-06,6.227824217e-06,-6.227817989e-06
1.788000000e-02,-6.178596131e+00,-5.931085511e-05,2.474513086e-06,6.178542999e-06,-6.178536820e-06
1.790000000e-02,-6.129070537e+00,-5.880349153e-05,2.486625800e-06,6.129017862e-06,-6.129011733e-06
1.792000000e-02,-6.079302977e+00,-5.829380648e-05,2.498640347e-06,6.079250762e-06,-6.079244683e-06
1.794000000e-02,-6.029295417e+00,-5.778182010e-05,2.510556251e-06,6.029243664e-06,-6.029237635e-06
1.796000000e-02,-5.979049831e+00,-5.726755259e-05,2.522373043e-06,5.978998542e-06,-5.978992563e-06
1.798000000e-02,-5.928568202e+00,-5.675102425e-05,2.534090255e-06,5.928517379e-06,-5.928511451e-06
1.800000000e-02,-5.877852523e+00,-5.623225548e-05,2.545707427e-06,5.877802169e-06,-5.877796291e-06
1.802000000e-02,-5.826904797e+00,-5.571126676e-05,2.557224098e-06,5.826854912e-06,-5.826849085e-06
1.804000000e-02,-5.775727034e+00,-5.518807865e-05,2.568639814e-06,5.775677622e-06,-5.775671846e-06
1.806000000e-02,-5.724321256e+00,-5.466271181e-05,2.579954125e-06,5.724272318e-06,-5.724266593e-06
1.808000000e-02,-5.672689491e+00,-5.413518698e-05,2.591166584e-06,5.672641029e-06,-5.672635356e-06
1.810000000e-02,-5.620833779e+00,-5.360552498e-05,2.602276747e-06,5.620785794e-06,-5.620780173e-06
1.812000000e-02,-5.568756165e+00,-5.307374673e-05,2.613284178e-06,5.568708660e-06,-5.568703091e-06
1.814000000e-02,-5.516458706e+00,-5.253987322e-05,2.624188440e-06,5.516411683e-06,-5.516406166e-06
1.816000000e-02,-5.463943467e+00,-5.200392553e-05,2.634989104e-06,5.463896927e-06,-5.463891463e-06
1.818000000e-02,-5.411212521e+00,-5.146592481e-05,2.645685743e-06,5.411166467e-06,-5.411161055e-06
1.820000000e-02,-5.358267950e+00,-5.092589230e-05,2.656277935e-06,5.358222382e-06,-5.358217024e-06
1.822000000e-02,-5.305111843e+00,-5.038384933e-05,2.666765262e-06,5.305066764e-06,-5.305061459e-06
1.824000000e-02,-5.251746300e+00,-4.983981729e-05,2.677147309e-06,5.251701712e-06,-5.251696460e-06
1.826000000e-02,-5.198173426e+00,-4.929381766e-05,2.687423667e-06,5.198129331e-06,-5.198124132e-06
1.828000000e-02,-5.144395338e+00,-4.874587199e-05,2.697593930e-06,5.144351736e-06,-5.144346592e-06
1.830000000e-02,-5.090414158e+00,-4.819600192e-05,2.707657697e-06,5.090371052e-06,-5.090365961e-06
1.832000000e-02,-5.036232016e+00,-4.764422915e-05,2.717614570e-06,5.036189408e-06,-5.036184372e-06
1.834000000e-02,-4.981851053e+00,-4.709057547e-05,2.727464157e-06,4.981808945e-06,-4.981803963e-06
1.836000000e-02,-4.927273415e+00,-4.653506274e-05,2.737206067e-06,4.927231808e-06,-4.927226880e-06
1.838000000e-02,-4.872501257e+00,-4.597771288e-05,2.746839918e-06,4.872460152e-06,-4.872455279e-06
1.840000000e-02,-4.817536741e+00,-4.541854790e-05,2.756365328e-06,4.817496140e-06,-4.817491322e-06
1.842000000e-02,-4.762382037e+00,-4.485758987e-05,2.765781921e-06,4.762341941e-06,-4.762337179e-06
1.844000000e-02,-4.707039322e+00,-4.429486094e-05,2.775089327e-06,4.706999734e-06,-4.706995027e-06
1.846000000e-02,-4.651510781e+00,-4.373038333e-05,2.784287176e-06,4.651471702e-06,-4.651467050e-06
1.848000000e-02,-4.595798606e+00,-4.316417931e-05,2.793375106e-06,4.595760038e-06,-4.595755442e-06
1.850000000e-02,-4.539904997e+00,-4.259627125e-05,2.802352759e-06,4.539866941e-06,-4.539862401e-06
1.852000000e-02,-4.483832161e+00,-4.202668156e-05,2.811219780e-06,4.483794618e-06,-4.483790134e-06
1.854000000e-02,-4.427582310e+00,-4.145543273e-05,2.819975818e-06,4.427545283e-06,-4.427540855e-06
1.856000000e-02,-4.371157667e+00,-4.088254731e-05,2.828620529e-06,4.371121155e-06,-4.371116784e-06
1.858000000e-02,-4.314560457e+00,-4.030804792e-05,2.837153571e-06,4.314524463e-06,-4.314520149e-06
1.860000000e-02,-4.257792916e+00,-3.973195723e-05,2.845574606e-06,4.257757441e-06,-4.257753184e-06
1.862000000e-02,-4.200857284e+00,-3.915429799e-05,2.853883303e-06,4.200822331e-06,-4.200818130e-06
1.864000000e-02,-4.143755810e+00,-3.857509301e-05,2.862079334e-06,4.143721379e-06,-4.143717235e-06
1.866000000e-02,-4.086490747e+00,-3.799436515e-05,2.870162375e-06,4.086456839e-06,-4.086452753e-06
1.868000000e-02,-4.029064357e+00,-3.741213734e-05,2.878132107e-06,4.029030974e-06,-4.029026945e-06
1.870000000e-02,-3.971478906e+00,-3.682843256e-05,2.885988215e-06,3.971446049e-06,-3.971442078e-06
1.872000000e-02,-3.913736668e+00,-3.624327386e-05,2.893730389e-06,3.913704339e-06,-3.913700425e-06
1.874000000e-02,-3.855839923e+00,-3.565668434e-05,2.901358324e-06,3.855808122e-06,-3.855804266e-06
1.876000000e-02,-3.797790955e+00,-3.506868715e-05,2.908871718e-06,3.797759684e-06,-3.797755886e-06
1.878000000e-02,-3.739592057e+00,-3.447930551e-05,2.916270274e-06,3.739561318e-06,-3.739557578e-06
1.880000000e-02,-3.681245527e+00,-3.388856268e-05,2.923553702e-06,3.681215320e-06,-3.681211638e-06
1.882000000e-02,-3.622753667e+00,-3.329648199e-05,2.930721712e-06,3.622723993e-06,-3.622720371e-06
1.884000000e-02,-3.564118787e+00,-3.270308682e-05,2.937774022e-06,3.564089648e-06,-3.564086084e-06
1.886000000e-02,-3.505343202e+00,-3.210840058e-05,2.944710355e-06,3.505314599e-06,-3.505311093e-06
1.888000000e-02,-3.446429232e+00,-3.151244676e-05,2.951530435e-06,3.446401166e-06,-3.446397719e-06
1.890000000e-02,-3.387379202e+00,-3.091524888e-05,2.958233994e-06,3.387351675e-06,-3.387348287e-06
1.892000000e-02,-3.328195445e+00,-3.031683052e-05,2.964820766e-06,3.328168457e-06,-3.328165128e-06
1.894000000e-02,-3.268880297e+00,-2.971721530e-05,2.971290493e-06,3.268853848e-06,-3.268850579e-06
1.896000000e-02,-3.209436098e+00,-2.911642690e-05,2.977642918e-06,3.209410191e-06,-3.209406982e-06
1.898000000e-02,-3.149865197e+00,-2.851448903e-05,2.983877791e-06,3.149839832e-06,-3.149836682e-06
1.900000000e-02,-3.090169944e+00,-2.791142546e-05,2.989994866e-06,3.090145122e-06,-3.090142032e-06
1.902000000e-02,-3.030352696e+00,-2.730725999e-05,2.995993901e-06,3.030328419e-06,-3.030325389e-06
1.904000000e-02,-2.970415816e+00,-2.670201648e-05,3.001874659e-06,2.970392084e-06,-2.970389114e-06
1.906000000e-02,-2.910361668e+00,-2.609571882e-05,3.007636908e-06,2.910338483e-06,-2.910335573e-06
1.908000000e-02,-2.850192625e+00,-2.548839094e-05,3.013280421e-06,2.850169987e-06,-2.850167136e-06
1.910000000e-02,-2.789911060e+00,-2.488005683e-05,3.018804974e-06,2.789888970e-06,-2.789886180e-06
1.912000000e-02,-2.729519355e+00,-2.427074049e-05,3.024210351e-06,2.729497814e-06,-2.729495084e-06
1.914000000e-02,-2.669019893e+00,-2.366046599e-05,3.029496336e-06,2.668998902e-06,-2.668996233e-06
1.916000000e-02,-2.608415063e+00,-2.304925741e-05,3.034662723e-06,2.608394622e-06,-2.608392014e-06
1.918000000e-02,-2.547707257e+00,-2.243713889e-05,3.039709306e-06,2.547687367e-06,-2.547684820e-06
1.920000000e-02,-2.486898872e+00,-2.182413459e-05,3.044635887e-06,2.486879534e-06,-2.486877047e-06
1.922000000e-02,-2.425992308e+00,-2.121026871e-05,3.049442270e-06,2.425973524e-06,-2.425971098e-06
1.924000000e-02,-2.364989970e+00,-2.059556548e-05,3.054128267e-06,2.364971740e-06,-2.364969375e-06
1.926000000e-02,-2.303894267e+00,-1.998004917e-05,3.058693692e-06,2.303876591e-06,-2.303874287e-06
1.928000000e-02,-2.242707609e+00,-1.936374409e-05,3.063138365e-06,2.242690488e-06,-2.242688246e-06
1.930000000e-02,-2.181432414e+00,-1.874667456e-05,3.067462111e-06,2.181415849e-06,-2.181413667e-06
1.932000000e-02,-2.120071099e+00,-1.812886494e-05,3.071664758e-06,2.120055090e-06,-2.120052970e-06
1.934000000e-02,-2.058626088e+00,-1.751033963e-05,3.075746142e-06,2.058610636e-06,-2.058608577e-06
1.936000000e-02,-1.997099805e+00,-1.689112304e-05,3.079706100e-06,1.997084911e-06,-1.997082914e-06
1.938000000e-02,-1.935494681e+00,-1.627123962e-05,3.083544477e-06,1.935480345e-06,-1.935478409e-06
1.940000000e-02,-1.873813146e+00,-1.565071383e-05,3.087261120e-06,1.873799369e-06,-1.873797495e-06
1.942000000e-02,-1.812057636e+00,-1.502957018e-05,3.090855884e-06,1.812044419e-06,-1.812042607e-06
1.944000000e-02,-1.750230590e+00,-1.440783319e-05,3.094328627e-06,1.750217932e-06,-1.750216182e-06
1.946000000e-02,-1.688334447e+00,-1.378552741e-05,3.097679210e-06,1.688322350e-06,-1.688320662e-06
1.948000000e-02,-1.626371652e+00,-1.316267739e-05,3.100907502e-06,1.626360116e-06,-1.626358489e-06
1.950000000e-02,-1.564344650e+00,-1.253930773e-05,3.104013376e-06,1.564333675e-06,-1.564332111e-06
1.952000000e-02,-1.502255891e+00,-1.191544305e-05,3.106996709e-06,1.502245478e-06,-1.502243976e-06
1.954000000e-02,-1.440107826e+00,-1.129110796e-05,3.109857382e-06,1.440097975e-06,-1.440096534e-06
1.956000000e-02,-1.377902907e+00,-1.066632712e-05,3.112595284e-06,1.377893618e-06,-1.377892241e-06
1.958000000e-02,-1.315643591e+00,-1.004112519e-05,3.115210306e-06,1.315634865e-06,-1.315633550e-06
1.960000000e-02,-1.253332336e+00,-9.415526856e-06,3.117702345e-06,1.253324173e-06,-1.253322920e-06
1.962000000e-02,-1.190971601e+00,-8.789556811e-06,3.120071302e-06,1.190964002e-06,-1.190962811e-06
1.964000000e-02,-1.128563849e+00,-8.163239770e-06,3.122317085e-06,1.128556814e-06,-1.128555685e-06
1.966000000e-02,-1.066111543e+00,-7.536600458e-06,3.124439603e-06,1.066105072e-06,-1.066104006e-06
1.968000000e-02,-1.003617149e+00,-6.909663615e-06,3.126438774e-06,1.003611242e-06,-1.003610239e-06
1.970000000e-02,-9.410831332e-01,-6.282453989e-06,3.128314518e-06,9.410777918e-07,-9.410768507e-07
1.972000000e-02,-8.785119655e-01,-5.654996343e-06,3.130066762e-06,8.785071890e-07,-8.785063105e-07
1.974000000e-02,-8.159061157e-01,-5.027315447e-06,3.131695437e-06,8.159019043e-07,-8.159010884e-07
1.976000000e-02,-7.532680553e-01,-4.399436081e-06,3.133200477e-06,7.532644091e-07,-7.532636558e-07
1.978000000e-02,-6.906002571e-01,-3.771383034e-06,3.134581824e-06,6.905971764e-07,-6.905964858e-07
1.980000000e-02,-6.279051953e-01,-3.143181098e-06,3.135839423e-06,6.279026800e-07,-6.279020521e-07
1.982000000e-02,-5.651853448e-01,-2.514855075e-06,3.136973224e-06,5.651833952e-07,-5.651828300e-07
1.984000000e-02,-5.024431818e-01,-1.886429770e-06,3.137983183e-06,5.024417978e-07,-5.024412954e-07
1.986000000e-02,-4.396811832e-01,-1.257929992e-06,3.138869260e-06,4.396803649e-07,-4.396799253e-07
1.988000000e-02,-3.769018267e-01,-6.293805531e-07,3.139631420e-06,3.769015742e-07,-3.769011973e-07
1.990000000e-02,-3.141075908e-01,-8.062672469e-10,3.140269633e-06,3.141079041e-07,-3.141075900e-07
1.992000000e-02,-2.513009544e-01,6.277680505e-07,3.140783872e-06,2.513018335e-07,-2.513015822e-07
1.994000000e-02,-1.884843972e-01,1.256317585e-06,3.141174120e-06,1.884858420e-07,-1.884856535e-07
1.996000000e-02,-1.256603988e-01,1.884817522e-06,3.141440359e-06,1.256624093e-07,-1.256622837e-07
1.998000000e-02,-6.283143966e-02,2.513243050e-06,3.141582579e-06,6.283401573e-08,-6.283395291e-08
2.000000000e-02,-1.503470823e-12,3.141569359e-06,3.141600775e-06,3.141570863e-12,-3.141577146e-12
2.002000000e-02,6.283143965e-02,6.282854006e-02,5.702934635e-02,-5.799193706e-04,5.799193704e-04
2.004000000e-02,1.256603988e-01,1.256494234e-01,1.036986219e-01,-2.195080151e-03,2.195080151e-03
2.006000000e-02,1.884843972e-01,1.884611102e-01,1.418871927e-01,-4.657391748e-03,4.657391747e-03
2.008000000e-02,2.513009544e-01,2.512618900e-01,1.731330906e-01,-7.812879945e-03,7.812879944e-03
2.010000000e-02,3.141075908e-01,3.140499133e-01,1.986950072e-01,-1.153549062e-02,1.153549062e-02
2.012000000e-02,3.769018267e-01,3.768232166e-01,2.196030282e-01,-1.572201884e-02,1.572201884e-02
2.014000000e-02,4.396811832e-01,4.395797434e-01,2.367001538e-01,-2.028795896e-02,2.028795896e-02
2.016000000e-02,5.024431818e-01,5.023173613e-01,2.506762770e-01,-2.516410843e-02,2.516410843e-02
2.018000000e-02,5.651853448e-01,5.650338759e-01,2.620959917e-01,-3.029378842e-02,3.029378842e-02
2.020000000e-02,6.279051953e-01,6.277270424e-01,2.714213498e-01,-3.563056926e-02,3.563056926e-02
2.022000000e-02,6.906002571e-01,6.903945751e-01,2.790304854e-01,-4.113640897e-02,4.113640897e-02
2.024000000e-02,7.532680553e-01,7.530341546e-01,2.852328557e-01,-4.678012989e-02,4.678012989e-02
2.026000000e-02,8.159061157e-01,8.156434348e-01,2.902817148e-01,-5.253617200e-02,5.253617200e-02
2.028000000e-02,8.785119655e-01,8.782200476e-01,2.943843213e-01,-5.838357264e-02,5.838357263e-02
2.030000000e-02,9.410831332e-01,9.407616075e-01,2.977102922e-01,-6.430513153e-02,6.430513153e-02
2.032000000e-02,1.003617149e+00,1.003265715e+00,3.003984396e-01,-7.028672753e-02,7.028672753e-02
2.034000000e-02,1.066111543e+00,1.065729959e+00,3.025623655e-01,-7.631675935e-02,7.631675934e-02
2.036000000e-02,1.128563849e+00,1.128151920e+00,3.042950409e-01,-8.238568795e-02,8.238568794e-02
2.038000000e-02,1.190971601e+00,1.190529173e+00,3.056725524e-01,-8.848566203e-02,8.848566202e-02
2.040000000e-02,1.253332336e+00,1.252859285e+00,3.067571695e-01,-9.461021151e-02,9.461021151e-02
2.042000000e-02,1.315643591e+00,1.315139821e+00,3.075998538e-01,-1.007539967e-01,1.007539967e-01
2.044000000e-02,1.377902907e+00,1.377368344e+00,3.082423127e-01,-1.069126031e-01,1.069126031e-01
2.046000000e-02,1.440107826e+00,1.439542414e+00,3.087186808e-01,-1.130823733e-01,1.130823733e-01
2.048000000e-02,1.502255891e+00,1.501659590e+00,3.090568949e-01,-1.192602695e-01,1.192602695e-01
2.050000000e-02,1.564344650e+00,1.563717432e+00,3.092798199e-01,-1.254437612e-01,1.254437612e-01
2.052000000e-02,1.626371652e+00,1.625713498e+00,3.094061700e-01,-1.316307328e-01,1.316307328e-01
2.054000000e-02,1.688334447e+00,1.687645350e+00,3.094512628e-01,-1.378194087e-01,1.378194087e-01
2.056000000e-02,1.750230590e+00,1.749510548e+00,3.094276362e-01,-1.440082912e-01,1.440082912e-01
2.058000000e-02,1.812057636e+00,1.811306656e+00,3.093455532e-01,-1.501961103e-01,1.501961102e-01
2.060000000e-02,1.873813146e+00,1.873031237e+00,3.092134155e-01,-1.563817821e-01,1.563817821e-01
2.062000000e-02,1.935494681e+00,1.934681859e+00,3.090381012e-01,-1.625643757e-01,1.625643757e-01
2.064000000e-02,1.997099805e+00,1.996256090e+00,3.088252420e-01,-1.687430848e-01,1.687430848e-01
2.066000000e-02,2.058626088e+00,2.057751502e+00,3.085794494e-01,-1.749172052e-01,1.749172052e-01
2.068000000e-02,2.120071099e+00,2.119165669e+00,3.083045002e-01,-1.810861168e-01,1.810861168e-01
2.070000000e-02,2.181432414e+00,2.180496168e+00,3.080034883e-01,-1.872492679e-01,1.872492679e-01
2.072000000e-02,2.242707609e+00,2.241740579e+00,3.076789485e-01,-1.934061630e-01,1.934061630e-01
2.074000000e-02,2.303894267e+00,2.302896485e+00,3.073329583e-01,-1.995563527e-01,1.995563527e-01
2.076000000e-02,2.364989970e+00,2.363961473e+00,3.069672212e-01,-2.056994252e-01,2.056994252e-01
2.078000000e-02,2.425992308e+00,2.424933133e+00,3.065831345e-01,-2.118349999e-01,2.118349998e-01
2.080000000e-02,2.486898872e+00,2.485809058e+00,3.061818450e-01,-2.179627213e-01,2.179627213e-01
2.082000000e-02,2.547707257e+00,2.546586846e+00,3.057642948e-01,-2.240822551e-01,2.240822551e-01
2.084000000e-02,2.608415063e+00,2.607264096e+00,3.053312582e-01,-2.301932838e-01,2.301932838e-01
2.086000000e-02,2.669019893e+00,2.667838416e+00,3.048833727e-01,-2.362955043e-01,2.362955043e-01
2.088000000e-02,2.729519355e+00,2.728307412e+00,3.044211636e-01,-2.423886248e-01,2.423886248e-01
2.090000000e-02,2.789911060e+00,2.788668699e+00,3.039450646e-01,-2.484723634e-01,2.484723634e-01
2.092000000e-02,2.850192625e+00,2.848919892e+00,3.034554343e-01,-2.545464458e-01,2.545464458e-01
2.094000000e-02,2.910361668e+00,2.909058615e+00,3.029525705e-01,-2.606106045e-01,2.606106045e-01
2.096000000e-02,2.970415816e+00,2.969082493e+00,3.024367206e-01,-2.666645772e-01,2.666645772e-01
2.098000000e-02,3.030352696e+00,3.028989156e+00,3.019080914e-01,-2.727081064e-01,2.727081064e-01
2.100000000e-02,3.090169944e+00,3.088776239e+00,3.013668562e-01,-2.787409383e-01,2.787409383e-01
2.102000000e-02,3.149865197e+00,3.148441382e+00,3.008131612e-01,-2.847628221e-01,2.847628221e-01
2.104000000e-02,3.209436098e+00,3.207982231e+00,3.002471304e-01,-2.907735100e-01,2.907735100e-01
2.106000000e-02,3.268880297e+00,3.267396433e+00,2.996688698e-01,-2.967727563e-01,2.967727563e-01
2.108000000e-02,3.328195445e+00,3.326681644e+00,2.990784704e-01,-3.027603173e-01,3.027603173e-01
2.110000000e-02,3.387379202e+00,3.385835523e+00,2.984760118e-01,-3.087359511e-01,3.087359511e-01
2.112000000e-02,3.446429232e+00,3.444855735e+00,2.978615634e-01,-3.146994171e-01,3.146994171e-01
2.114000000e-02,3.505343202e+00,3.503739950e+00,2.972351869e-01,-3.206504763e-01,3.206504763e-01
2.116000000e-02,3.564118787e+00,3.562485843e+00,2.965969379e-01,-3.265888905e-01,3.265888905e-01
2.118000000e-02,3.622753667e+00,3.621091095e+00,2.959468666e-01,-3.325144228e-01,3.325144228e-01
2.120000000e-02,3.681245527e+00,3.679553393e+00,2.952850192e-01,-3.384268374e-01,3.384268373e-01
2.122000000e-02,3.739592057e+00,3.737870428e+00,2.946114387e-01,-3.443258989e-01,3.443258989e-01
2.124000000e-02,3.797790955e+00,3.796039898e+00,2.939261654e-01,-3.502113733e-01,3.502113733e-01
2.126000000e-02,3.855839923e+00,3.854059508e+00,2.932292377e-01,-3.560830270e-01,3.560830270e-01
2.128000000e-02,3.913736668e+00,3.911926965e+00,2.925206922e-01,-3.619406273e-01,3.619406273e-01
2.130000000e-02,3.971478906e+00,3.969639987e+00,2.918005646e-01,-3.677839422e-01,3.677839422e-01
2.132000000e-02,4.029064357e+00,4.027196293e+00,2.910688893e-01,-3.736127404e-01,3.736127404e-01
2.134000000e-02,4.086490747e+00,4.084593613e+00,2.903257004e-01,-3.794267913e-01,3.794267913e-01
2.136000000e-02,4.143755810e+00,4.141829681e+00,2.895710312e-01,-3.852258649e-01,3.852258649e-01
2.138000000e-02,4.200857284e+00,4.198902235e+00,2.888049151e-01,-3.910097320e-01,3.910097320e-01
2.140000000e-02,4.257792916e+00,4.255809025e+00,2.880273849e-01,-3.967781640e-01,3.967781640e-01
2.142000000e-02,4.314560457e+00,4.312547802e+00,2.872384738e-01,-4.025309328e-01,4.025309328e-01
2.144000000e-02,4.371157667e+00,4.369116327e+00,2.864382145e-01,-4.082678113e-01,4.082678113e-01
2.146000000e-02,4.427582310e+00,4.425512368e+00,2.856266404e-01,-4.139885727e-01,4.139885727e-01
2.148000000e-02,4.483832161e+00,4.481733696e+00,2.848037846e-01,-4.196929911e-01,4.196929911e-01
2.150000000e-02,4.539904997e+00,4.537778093e+00,2.839696806e-01,-4.253808413e-01,4.253808413e-01
2.152000000e-02,4.595798606e+00,4.593643347e+00,2.831243623e-01,-4.310518985e-01,4.310518984e-01
2.154000000e-02,4.651510781e+00,4.649327251e+00,2.822678636e-01,-4.367059388e-01,4.367059387e-01
2.156000000e-02,4.707039322e+00,4.704827608e+00,2.814002190e-01,-4.423427389e-01,4.423427389e-01
2.158000000e-02,4.762382037e+00,4.760142226e+00,2.805214631e-01,-4.479620763e-01,4.479620763e-01
2.160000000e-02,4.817536741e+00,4.815268922e+00,2.796316311e-01,-4.535637291e-01,4.535637291e-01
2.162000000e-02,4.872501257e+00,4.870205520e+00,2.787307582e-01,-4.591474762e-01,4.591474762e-01
2.164000000e-02,4.927273415e+00,4.924949850e+00,2.778188805e-01,-4.647130970e-01,4.647130970e-01
2.166000000e-02,4.981851053e+00,4.979499752e+00,2.768960340e-01,-4.702603718e-01,4.702603718e-01
2.168000000e-02,5.036232016e+00,5.033853071e+00,2.759622554e-01,-4.757890816e-01,4.757890816e-01
2.170000000e-02,5.090414158e+00,5.088007662e+00,2.750175816e-01,-4.812990081e-01,4.812990081e-01
2.172000000e-02,5.144395338e+00,5.141961388e+00,2.740620501e-01,-4.867899338e-01,4.867899338e-01
2.174000000e-02,5.198173426e+00,5.195712118e+00,2.730956987e-01,-4.922616419e-01,4.922616419e-01
2.176000000e-02,5.251746300e+00,5.249257730e+00,2.721185656e-01,-4.977139165e-01,4.977139164e-01
2.178000000e-02,5.305111843e+00,5.302596110e+00,2.711306894e-01,-5.031465421e-01,5.031465421e-01
2.180000000e-02,5.358267950e+00,5.355725153e+00,2.701321093e-01,-5.085593044e-01,5.085593044e-01
2.182000000e-02,5.411212521e+00,5.408642761e+00,2.691228646e-01,-5.139519897e-01,5.139519897e-01
2.184000000e-02,5.463943467e+00,5.461346845e+00,2.681029952e-01,-5.193243850e-01,5.193243850e-01
2.186000000e-02,5.516458706e+00,5.513835325e+00,2.670725415e-01,-5.246762783e-01,5.246762783e-01
2.188000000e-02,5.568756165e+00,5.566106128e+00,2.660315441e-01,-5.300074584e-01,5.300074583e-01
2.190000000e-02,5.620833779e+00,5.618157190e+00,2.649800442e-01,-5.353177146e-01,5.353177146e-01
2.192000000e-02,5.672689491e+00,5.669986457e+00,2.639180832e-01,-5.406068374e-01,5.406068374e-01
2.194000000e-02,5.724321256e+00,5.721591883e+00,2.628457032e-01,-5.458746180e-01,5.458746180e-01
2.196000000e-02,5.775727034e+00,5.772971430e+00,2.617629463e-01,-5.511208484e-01,5.511208484e-01
2.198000000e-02,5.826904797e+00,5.824123070e+00,2.606698556e-01,-5.563453215e-01,5.563453215e-01
2.200000000e-02,5.877852523e+00,5.875044784e+00,2.595664739e-01,-5.615478310e-01,5.615478310e-01
2.202000000e-02,5.928568202e+00,5.925734561e+00,2.584528450e-01,-5.667281716e-01,5.667281716e-01
2.204000000e-02,5.979049831e+00,5.976190400e+00,2.573290129e-01,-5.718861387e-01,5.718861387e-01
2.206000000e-02,6.029295417e+00,6.026410309e+00,2.561950217e-01,-5.770215288e-01,5.770215288e-01
2.208000000e-02,6.079302977e+00,6.076392306e+00,2.550509165e-01,-5.821341390e-01,5.821341390e-01
2.210000000e-02,6.129070537e+00,6.126134418e+00,2.538967422e-01,-5.872237676e-01,5.872237675e-01
2.212000000e-02,6.178596131e+00,6.175634680e+00,2.527325446e-01,-5.922902135e-01,5.922902135e-01
2.214000000e-02,6.227877805e+00,6.224891138e+00,2.515583694e-01,-5.973332769e-01,5.973332769e-01
2.216000000e-02,6.276913613e+00,6.273901849e+00,2.503742632e-01,-6.023527586e-01,6.023527586e-01
2.218000000e-02,6.325701619e+00,6.322664877e+00,2.491802726e-01,-6.073484604e-01,6.073484604e-01
2.220000000e-02,6.374239897e+00,6.371178297e+00,2.479764448e-01,-6.123201852e-01,6.123201852e-01
2.222000000e-02,6.422526532e+00,6.419440193e+00,2.467628274e-01,-6.172677366e-01,6.172677366e-01
2.224000000e-02,6.470559616e+00,6.467448661e+00,2.455394681e-01,-6.221909193e-01,6.221909193e-01
2.226000000e-02,6.518337253e+00,6.515201805e+00,2.443064154e-01,-6.270895390e-01,6.270895390e-01
2.228000000e-02,6.565857558e+00,6.562697741e+00,2.430637178e-01,-6.319634023e-01,6.319634023e-01
2.230000000e-02,6.613118653e+00,6.609934592e+00,2.418114245e-01,-6.368123167e-01,6.368123167e-01
2.232000000e-02,6.660118674e+00,6.656910494e+00,2.405495850e-01,-6.416360909e-01,6.416360909e-01
2.234000000e-02,6.706855765e+00,6.703623593e+00,2.392782489e-01,-6.464345344e-01,6.464345344e-01
2.236000000e-02,6.753328081e+00,6.750072044e+00,2.379974665e-01,-6.512074578e-01,6.512074577e-01
2.238000000e-02,6.799533787e+00,6.796254014e+00,2.367072884e-01,-6.559546726e-01,6.559546725e-01
2.240000000e-02,6.845471059e+00,6.842167679e+00,2.354077655e-01,-6.606759914e-01,6.606759914e-01
2.242000000e-02,6.891138084e+00,6.887811228e+00,2.340989492e-01,-6.653712279e-01,6.653712279e-01
2.244000000e-02,6.936533058e+00,6.933182857e+00,2.327808909e-01,-6.700401966e-01,6.700401966e-01
2.246000000e-02,6.981654190e+00,6.978280776e+00,2.314536429e-01,-6.746827134e-01,6.746827133e-01
2.248000000e-02,7.026499698e+00,7.023103205e+00,2.301172575e-01,-6.792985948e-01,6.792985947e-01
2.250000000e-02,7.071067812e+00,7.067648374e+00,2.287717875e-01,-6.838876586e-01,6.838876586e-01
2.252000000e-02,7.115356772e+00,7.111914523e+00,2.274172859e-01,-6.884497238e-01,6.884497238e-01
2.254000000e-02,7.159364830e+00,7.155899907e+00,2.260538063e-01,-6.929846101e-01,6.929846101e-01
2.256000000e-02,7.203090249e+00,7.199602788e+00,2.246814025e-01,-6.974921386e-01,6.974921386e-01
2.258000000e-02,7.246531302e+00,7.243021441e+00,2.233001287e-01,-7.019721313e-01,7.019721313e-01
2.260000000e-02,7.289686274e+00,7.286154152e+00,2.219100393e-01,-7.064244113e-01,7.064244113e-01
2.262000000e-02,7.332553462e+00,7.328999218e+00,2.205111893e-01,-7.108488029e-01,7.108488029e-01
2.264000000e-02,7.375131174e+00,7.371554948e+00,2.191036339e-01,-7.152451314e-01,7.152451314e-01
2.266000000e-02,7.417417727e+00,7.413819661e+00,2.176874287e-01,-7.196132233e-01,7.196132233e-01
2.268000000e-02,7.459411454e+00,7.455791690e+00,2.162626295e-01,-7.239529060e-01,7.239529060e-01
2.270000000e-02,7.501110696e+00,7.497469376e+00,2.148292927e-01,-7.282640084e-01,7.282640084e-01
2.272000000e-02,7.542513807e+00,7.538851076e+00,2.133874747e-01,-7.325463601e-01,7.325463601e-01
2.274000000e-02,7.583619153e+00,7.579935154e+00,2.119372326e-01,-7.367997921e-01,7.367997921e-01
2.276000000e-02,7.624425110e+00,7.620719989e+00,2.104786236e-01,-7.410241366e-01,7.410241366e-01
2.278000000e-02,7.664930068e+00,7.661203972e+00,2.090117053e-01,-7.452192267e-01,7.452192267e-01
2.280000000e-02,7.705132428e+00,7.701385503e+00,2.075365355e-01,-7.493848968e-01,7.493848968e-01
2.282000000e-02,7.745030602e+00,7.741262997e+00,2.060531725e-01,-7.535209825e-01,7.535209825e-01
2.284000000e-02,7.784623016e+00,7.780834879e+00,2.045616749e-01,-7.576273204e-01,7.576273204e-01
2.286000000e-02,7.823908106e+00,7.820099587e+00,2.030621016e-01,-7.617037486e-01,7.617037485e-01
2.288000000e-02,7.862884321e+00,7.859055571e+00,2.015545117e-01,-7.657501059e-01,7.657501059e-01
2.290000000e-02,7.901550124e+00,7.897701293e+00,2.000389648e-01,-7.697662328e-01,7.697662328e-01
2.292000000e-02,7.939903986e+00,7.936035227e+00,1.985155207e-01,-7.737519706e-01,7.737519706e-01
2.294000000e-02,7.977944395e+00,7.974055860e+00,1.969842395e-01,-7.777071620e-01,7.777071620e-01
2.296000000e-02,8.015669849e+00,8.011761690e+00,1.954451818e-01,-7.816316509e-01,7.816316509e-01
2.298000000e-02,8.053078857e+00,8.049151231e+00,1.938984082e-01,-7.855252823e-01,7.855252823e-01
2.300000000e-02,8.090169944e+00,8.086223004e+00,1.923439798e-01,-7.893879025e-01,7.893879024e-01
2.302000000e-02,8.126941644e+00,8.122975548e+00,1.907819580e-01,-7.932193590e-01,7.932193590e-01
2.304000000e-02,8.163392507e+00,8.159407410e+00,1.892124045e-01,-7.970195005e-01,7.970195005e-01
2.306000000e-02,8.199521093e+00,8.195517152e+00,1.876353811e-01,-8.007881771e-01,8.007881771e-01
2.308000000e-02,8.235325976e+00,8.231303350e+00,1.860509503e-01,-8.045252400e-01,8.045252400e-01
2.310000000e-02,8.270805743e+00,8.266764590e+00,1.844591745e-01,-8.082305416e-01,8.082305416e-01
2.312000000e-02,8.305958992e+00,8.301899472e+00,1.828601165e-01,-8.119039356e-01,8.119039356e-01
2.314000000e-02,8.340784336e+00,8.336706610e+00,1.812538396e-01,-8.155452770e-01,8.155452770e-01
2.316000000e-02,8.375280400e+00,8.371184628e+00,1.796404071e-01,-8.191544221e-01,8.191544221e-01
2.318000000e-02,8.409445823e+00,8.405332167e+00,1.780198826e-01,-8.227312284e-01,8.227312284e-01
2.320000000e-02,8.443279255e+00,8.439147877e+00,1.763923303e-01,-8.262755547e-01,8.262755547e-01
2.322000000e-02,8.476779361e+00,8.472630425e+00,1.747578142e-01,-8.297872610e-01,8.297872610e-01
2.324000000e-02,8.509944818e+00,8.505778487e+00,1.731163991e-01,-8.332662088e-01,8.332662088e-01
2.326000000e-02,8.542774317e+00,8.538590756e+00,1.714681496e-01,-8.367122606e-01,8.367122606e-01
2.328000000e-02,8.575266562e+00,8.571065936e+00,1.698131308e-01,-8.401252805e-01,8.401252805e-01
2.330000000e-02,8.607420270e+00,8.603202744e+00,1.681514081e-01,-8.435051336e-01,8.435051336e-01
2.332000000e-02,8.639234172e+00,8.634999913e+00,1.664830471e-01,-8.468516867e-01,8.468516866e-01
2.334000000e-02,8.670707012e+00,8.666456188e+00,1.648081136e-01,-8.501648074e-01,8.501648074e-01
2.336000000e-02,8.701837547e+00,8.697570325e+00,1.631266737e-01,-8.534443651e-01,8.534443651e-01
2.338000000e-02,8.732624548e+00,8.728341097e+00,1.614387939e-01,-8.566902303e-01,8.566902303e-01
2.340000000e-02,8.763066800e+00,8.758767289e+00,1.597445408e-01,-8.599022748e-01,8.599022748e-01
2.342000000e-02,8.793163102e+00,8.788847700e+00,1.580439812e-01,-8.630803719e-01,8.630803719e-01
2.344000000e-02,8.822912264e+00,8.818581142e+00,1.563371824e-01,-8.662243960e-01,8.662243960e-01
2.346000000e-02,8.852313113e+00,8.847966442e+00,1.546242116e-01,-8.693342231e-01,8.693342231e-01
2.348000000e-02,8.881364488e+00,8.877002439e+00,1.529051365e-01,-8.724097303e-01,8.724097303e-01
2.350000000e-02,8.910065242e+00,8.905687988e+00,1.511800249e-01,-8.754507963e-01,8.754507963e-01
2.352000000e-02,8.938414242e+00,8.934021955e+00,1.494489451e-01,-8.784573010e-01,8.784573010e-01
2.354000000e-02,8.966410368e+00,8.962003222e+00,1.477119652e-01,-8.814291257e-01,8.814291257e-01
2.356000000e-02,8.994052516e+00,8.989630685e+00,1.459691540e-01,-8.843661531e-01,8.843661531e-01
2.358000000e-02,9.021339594e+00,9.016903252e+00,1.442205801e-01,-8.872682672e-01,8.872682672e-01
2.360000000e-02,9.048270525e+00,9.043819848e+00,1.424663126e-01,-8.901353535e-01,8.901353535e-01
2.362000000e-02,9.074844245e+00,9.070379409e+00,1.407064208e-01,-8.929672988e-01,8.929672988e-01
2.364000000e-02,9.101059707e+00,9.096580887e+00,1.389409742e-01,-8.957639913e-01,8.957639913e-01
2.366000000e-02,9.126915874e+00,9.122423247e+00,1.371700424e-01,-8.985253205e-01,8.985253205e-01
2.368000000e-02,9.152411726e+00,9.147905470e+00,1.353936954e-01,-9.012511775e-01,9.012511775e-01
2.370000000e-02,9.177546257e+00,9.173026550e+00,1.336120033e-01,-9.039414546e-01,9.039414546e-01
2.372000000e-02,9.202318474e+00,9.197785493e+00,1.318250364e-01,-9.065960457e-01,9.065960457e-01
2.374000000e-02,9.226727399e+00,9.222181324e+00,1.300328652e-01,-9.092148459e-01,9.092148459e-01
2.376000000e-02,9.250772068e+00,9.246213080e+00,1.282355606e-01,-9.117977519e-01,9.117977519e-01
2.378000000e-02,9.274451533e+00,9.269879810e+00,1.264331935e-01,-9.143446617e-01,9.143446617e-01
2.380000000e-02,9.297764859e+00,9.293180582e+00,1.246258350e-01,-9.168554747e-01,9.168554747e-01
2.382000000e-02,9.320711125e+00,9.316114474e+00,1.228135565e-01,-9.193300918e-01,9.193300918e-01
2.384000000e-02,9.343289425e+00,9.338680582e+00,1.209964295e-01,-9.217684153e-01,9.217684153e-01
2.386000000e-02,9.365498867e+00,9.360878016e+00,1.191745258e-01,-9.241703490e-01,9.241703490e-01
2.388000000e-02,9.387338577e+00,9.382705898e+00,1.173479173e-01,-9.265357980e-01,9.265357980e-01
2.390000000e-02,9.408807690e+00,9.404163366e+00,1.155166761e-01,-9.288646690e-01,9.288646690e-01
2.392000000e-02,9.429905359e+00,9.425249575e+00,1.136808745e-01,-9.311568700e-01,9.311568700e-01
2.394000000e-02,9.450630752e+00,9.445963690e+00,1.118405849e-01,-9.334123106e-01,9.334123105e-01
2.396000000e-02,9.470983050e+00,9.466304895e+00,1.099958801e-01,-9.356309016e-01,9.356309015e-01
2.398000000e-02,9.490961450e+00,9.486272387e+00,1.081468328e-01,-9.378125554e-01,9.378125554e-01
2.400000000e-02,9.510565163e+00,9.505865377e+00,1.062935161e-01,-9.399571861e-01,9.399571861e-01
2.402000000e-02,9.529793415e+00,9.525083092e+00,1.044360031e-01,-9.420647089e-01,9.420647089e-01
2.404000000e-02,9.548645447e+00,9.543924772e+00,1.025743672e-01,-9.441350405e-01,9.441350405e-01
2.406000000e-02,9.567120516e+00,9.562389675e+00,1.007086818e-01,-9.461680994e-01,9.461680993e-01
2.408000000e-02,9.585217890e+00,9.580477071e+00,9.883902054e-02,-9.481638051e-01,9.481638051e-01
2.410000000e-02,9.602936857e+00,9.598186246e+00,9.696545732e-02,-9.501220789e-01,9.501220789e-01
2.412000000e-02,9.620276716e+00,9.615516502e+00,9.508806607e-02,-9.520428436e-01,9.520428436e-01
2.414000000e-02,9.637236783e+00,9.632467153e+00,9.320692091e-02,-9.539260232e-01,9.539260232e-01
2.416000000e-02,9.653816388e+00,9.649037531e+00,9.132209610e-02,-9.557715435e-01,9.557715435e-01
2.418000000e-02,9.670014878e+00,9.665226981e+00,8.943366605e-02,-9.575793315e-01,9.575793315e-01
2.420000000e-02,9.685831611e+00,9.681034865e+00,8.754170531e-02,-9.593493160e-01,9.593493159e-01
2.422000000e-02,9.701265965e+00,9.696460558e+00,8.564628858e-02,-9.610814269e-01,9.610814269e-01
2.424000000e-02,9.716317329e+00,9.711503451e+00,8.374749068e-02,-9.627755961e-01,9.627755960e-01
2.426000000e-02,9.730985110e+00,9.726162951e+00,8.184538656e-02,-9.644317565e-01,9.644317564e-01
2.428000000e-02,9.745268728e+00,9.740438479e+00,7.994005134e-02,-9.660498428e-01,9.660498427e-01
2.430000000e-02,9.759167619e+00,9.754329470e+00,7.803156021e-02,-9.676297910e-01,9.676297910e-01
2.432000000e-02,9.772681236e+00,9.767835378e+00,7.611998854e-02,-9.691715390e-01,9.691715389e-01
2.434000000e-02,9.785809043e+00,9.780955668e+00,7.420541178e-02,-9.706750257e-01,9.706750256e-01
2.436000000e-02,9.798550524e+00,9.793689823e+00,7.228790551e-02,-9.721401918e-01,9.721401917e-01
2.438000000e-02,9.810905174e+00,9.806037340e+00,7.036754544e-02,-9.735669794e-01,9.735669794e-01
2.440000000e-02,9.822872507e+00,9.817997731e+00,6.844440739e-02,-9.749553323e-01,9.749553323e-01
2.442000000e-02,9.834452050e+00,9.829570524e+00,6.651856726e-02,-9.763051957e-01,9.763051957e-01
2.444000000e-02,9.845643345e+00,9.840755263e+00,6.459010109e-02,-9.776165162e-01,9.776165162e-01
2.446000000e-02,9.856445951e+00,9.851551505e+00,6.265908502e-02,-9.788892420e-01,9.788892420e-01
2.448000000e-02,9.866859442e+00,9.861958825e+00,6.072559528e-02,-9.801233230e-01,9.801233230e-01
2.450000000e-02,9.876883406e+00,9.871976812e+00,5.878970819e-02,-9.813187104e-01,9.813187104e-01
2.452000000e-02,9.886517447e+00,9.881605071e+00,5.685150019e-02,-9.824753571e-01,9.824753570e-01
2.454000000e-02,9.895761186e+00,9.890843220e+00,5.491104778e-02,-9.835932172e-01,9.835932172e-01
2.456000000e-02,9.904614257e+00,9.899690896e+00,5.296842758e-02,-9.846722468e-01,9.846722468e-01
2.458000000e-02,9.913076311e+00,9.908147749e+00,5.102371628e-02,-9.857124033e-01,9.857124032e-01
2.460000000e-02,9.921147013e+00,9.916213445e+00,4.907699065e-02,-9.867136454e-01,9.867136454e-01
2.462000000e-02,9.928826046e+00,9.923887666e+00,4.712832754e-02,-9.876759339e-01,9.876759338e-01
2.464000000e-02,9.936113105e+00,9.931170109e+00,4.517780389e-02,-9.885992305e-01,9.885992305e-01
2.466000000e-02,9.943007904e+00,9.938060486e+00,4.322549670e-02,-9.894834990e-01,9.894834990e-01
2.468000000e-02,9.949510170e+00,9.944558526e+00,4.127148304e-02,-9.903287043e-01,9.903287043e-01
2.470000000e-02,9.955619646e+00,9.950663972e+00,3.931584005e-02,-9.911348132e-01,9.911348132e-01
2.472000000e-02,9.961336091e+00,9.956376582e+00,3.735864493e-02,-9.919017938e-01,9.919017938e-01
2.474000000e-02,9.966659280e+00,9.961696132e+00,3.539997497e-02,-9.926296157e-01,9.926296157e-01
2.476000000e-02,9.971589003e+00,9.966622411e+00,3.343990747e-02,-9.933182504e-01,9.933182504e-01
2.478000000e-02,9.976125064e+00,9.971155225e+00,3.147851982e-02,-9.939676706e-01,9.939676705e-01
2.480000000e-02,9.980267284e+00,9.975294395e+00,2.951588945e-02,-9.945778506e-01,9.945778506e-01
2.482000000e-02,9.984015501e+00,9.979039757e+00,2.755209385e-02,-9.951487664e-01,9.951487663e-01
2.484000000e-02,9.987369566e+00,9.982391164e+00,2.558721054e-02,-9.956803954e-01,9.956803954e-01
2.486000000e-02,9.990329347e+00,9.985348483e+00,2.362131709e-02,-9.961727166e-01,9.961727166e-01
2.488000000e-02,9.992894726e+00,9.987911598e+00,2.165449111e-02,-9.966257107e-01,9.966257107e-01
2.490000000e-02,9.995065604e+00,9.990080407e+00,1.968681024e-02,-9.970393597e-01,9.970393597e-01
2.492000000e-02,9.996841893e+00,9.991854825e+00,1.771835218e-02,-9.974136473e-01,9.974136472e-01
2.494000000e-02,9.998223524e+00,9.993234781e+00,1.574919462e-02,-9.977485587e-01,9.977485586e-01
2.496000000e-02,9.999210442e+00,9.994220222e+00,1.377941532e-02,-9.980440807e-01,9.980440806e-01
2.498000000e-02,9.999802609e+00,9.994811108e+00,1.180909202e-02,-9.983002016e-01,9.983002016e-01
2.500000000e-02,1.000000000e+01,9.995007415e+00,9.838302526e-03,-9.985169113e-01,9.985169113e-01
2.502000000e-02,9.999802609e+00,9.994809138e+00,7.867124631e-03,-9.986942013e-01,9.986942013e-01
2.504000000e-02,9.999210442e+00,9.994216282e+00,5.895636154e-03,-9.988320646e-01,9.988320646e-01
2.506000000e-02,9.998223524e+00,9.993228871e+00,3.923914928e-03,-9.989304957e-01,9.989304956e-01
2.508000000e-02,9.996841893e+00,9.991846945e+00,1.952038792e-03,-9.989894907e-01,9.989894907e-01
2.510000000e-02,9.995065604e+00,9.990070558e+00,-1.991440652e-05,-9.990090473e-01,9.990090473e-01
2.512000000e-02,9.992894726e+00,9.987899781e+00,-1.991866819e-03,-9.989891648e-01,9.989891647e-01
2.514000000e-02,9.990329347e+00,9.985334698e+00,-3.963740596e-03,-9.989298438e-01,9.989298438e-01
2.516000000e-02,9.987369566e+00,9.982375411e+00,-5.935457892e-03,-9.988310869e-01,9.988310869e-01
2.518000000e-02,9.984015501e+00,9.979022037e+00,-7.906940865e-03,-9.986928978e-01,9.986928977e-01
2.520000000e-02,9.980267284e+00,9.975274708e+00,-9.878111686e-03,-9.985152820e-01,9.985152820e-01
2.522000000e-02,9.976125064e+00,9.971133572e+00,-1.184889254e-02,-9.982982465e-01,9.982982465e-01
2.524000000e-02,9.971589003e+00,9.966598794e+00,-1.381920561e-02,-9.980417999e-01,9.980417999e-01
2.526000000e-02,9.966659280e+00,9.961670551e+00,-1.578897313e-02,-9.977459524e-01,9.977459524e-01
2.528000000e-02,9.961336091e+00,9.956349038e+00,-1.775811733e-02,-9.974107155e-01,9.974107155e-01
2.530000000e-02,9.955619646e+00,9.950634466e+00,-1.972656046e-02,-9.970361026e-01,9.970361026e-01
2.532000000e-02,9.949510170e+00,9.944527059e+00,-2.169422483e-02,-9.966221284e-01,9.966221284e-01
2.534000000e-02,9.943007904e+00,9.938027060e+00,-2.366103274e-02,-9.961688093e-01,9.961688093e-01
2.536000000e-02,9.936113105e+00,9.931134724e+00,-2.562690656e-02,-9.956761631e-01,9.956761631e-01
2.538000000e-02,9.928826046e+00,9.923850325e+00,-2.759176867e-02,-9.951442094e-01,9.951442093e-01
2.540000000e-02,9.921147013e+00,9.916174148e+00,-2.955554151e-02,-9.945729690e-01,9.945729690e-01
2.542000000e-02,9.913076311e+00,9.908106498e+00,-3.151814754e-02,-9.939624646e-01,9.939624646e-01
2.544000000e-02,9.904614257e+00,9.899647693e+00,-3.347950929e-02,-9.933127203e-01,9.933127203e-01
2.546000000e-02,9.895761186e+00,9.890798067e+00,-3.543954933e-02,-9.926237617e-01,9.926237617e-01
2.548000000e-02,9.886517447e+00,9.881557969e+00,-3.739819027e-02,-9.918956160e-01,9.918956160e-01
2.550000000e-02,9.876883406e+00,9.871927764e+00,-3.935535480e-02,-9.911283119e-01,9.911283119e-01
2.552000000e-02,9.866859442e+00,9.861907833e+00,-4.131096564e-02,-9.903218799e-01,9.903218798e-01
2.554000000e-02,9.856445951e+00,9.851498570e+00,-4.326494560e-02,-9.894763516e-01,9.894763515e-01
2.556000000e-02,9.845643345e+00,9.840700386e+00,-4.521721753e-02,-9.885917604e-01,9.885917604e-01
2.558000000e-02,9.834452050e+00,9.829513709e+00,-4.716770437e-02,-9.876681414e-01,9.876681414e-01
2.560000000e-02,9.822872507e+00,9.817938980e+00,-4.911632910e-02,-9.867055309e-01,9.867055309e-01
2.562000000e-02,9.810905174e+00,9.805976655e+00,-5.106301481e-02,-9.857039670e-01,9.857039669e-01
2.564000000e-02,9.798550524e+00,9.793627206e+00,-5.300768464e-02,-9.846634891e-01,9.846634891e-01
2.566000000e-02,9.785809043e+00,9.780891123e+00,-5.495026181e-02,-9.835841385e-01,9.835841384e-01
2.568000000e-02,9.772681236e+00,9.767768906e+00,-5.689066964e-02,-9.824659576e-01,9.824659576e-01
2.570000000e-02,9.759167619e+00,9.754261074e+00,-5.882883153e-02,-9.813089906e-01,9.813089906e-01
2.572000000e-02,9.745268728e+00,9.740368161e+00,-6.076467095e-02,-9.801132833e-01,9.801132832e-01
2.574000000e-02,9.730985110e+00,9.726090715e+00,-6.269811149e-02,-9.788788827e-01,9.788788827e-01
2.576000000e-02,9.716317329e+00,9.711429300e+00,-6.462907681e-02,-9.776058377e-01,9.776058377e-01
2.578000000e-02,9.701265965e+00,9.696384494e+00,-6.655749069e-02,-9.762941985e-01,9.762941985e-01
2.580000000e-02,9.685831611e+00,9.680956891e+00,-6.848327699e-02,-9.749440168e-01,9.749440168e-01
2.582000000e-02,9.670014878e+00,9.665147101e+00,-7.040635969e-02,-9.735553461e-01,9.735553461e-01
2.584000000e-02,9.653816388e+00,9.648955747e+00,-7.232666287e-02,-9.721282410e-01,9.721282410e-01
2.586000000e-02,9.637236783e+00,9.632383469e+00,-7.424411071e-02,-9.706627580e-01,9.706627580e-01
2.588000000e-02,9.620276716e+00,9.615430921e+00,-7.615862753e-02,-9.691589549e-01,9.691589549e-01
2.590000000e-02,9.602936857e+00,9.598098772e+00,-7.807013773e-02,-9.676168910e-01,9.676168910e-01
2.592000000e-02,9.585217890e+00,9.580387707e+00,-7.997856586e-02,-9.660366273e-01,9.660366273e-01
2.594000000e-02,9.567120516e+00,9.562298424e+00,-8.188383657e-02,-9.644182261e-01,9.644182261e-01
2.596000000e-02,9.548645447e+00,9.543831639e+00,-8.378587465e-02,-9.627617514e-01,9.627617513e-01
2.598000000e-02,9.529793415e+00,9.524988079e+00,-8.568460500e-02,-9.610672684e-01,9.610672684e-01
2.600000000e-02,9.510565163e+00,9.505768489e+00,-8.757995267e-02,-9.593348442e-01,9.593348441e-01
2.602000000e-02,9.490961450e+00,9.486173627e+00,-8.947184284e-02,-9.575645470e-01,9.575645470e-01
2.604000000e-02,9.470983050e+00,9.466204268e+00,-9.136020081e-02,-9.557564469e-01,9.557564469e-01
2.606000000e-02,9.450630752e+00,9.445861199e+00,-9.324495203e-02,-9.539106151e-01,9.539106151e-01
2.608000000e-02,9.429905359e+00,9.425145223e+00,-9.512602211e-02,-9.520271246e-01,9.520271245e-01
2.610000000e-02,9.408807690e+00,9.404057159e+00,-9.700333677e-02,-9.501060496e-01,9.501060496e-01
2.612000000e-02,9.387338577e+00,9.382597839e+00,-9.887682191e-02,-9.481474661e-01,9.481474661e-01
2.614000000e-02,9.365498867e+00,9.360768110e+00,-1.007464036e-01,-9.461514514e-01,9.461514514e-01
2.616000000e-02,9.343289425e+00,9.338568834e+00,-1.026120079e-01,-9.441180842e-01,9.441180842e-01
2.618000000e-02,9.320711125e+00,9.316000887e+00,-1.044735613e-01,-9.420474449e-01,9.420474449e-01
2.620000000e-02,9.297764859e+00,9.293065161e+00,-1.063309903e-01,-9.399396151e-01,9.399396151e-01
2.622000000e-02,9.274451533e+00,9.269762560e+00,-1.081842215e-01,-9.377946782e-01,9.377946781e-01
2.624000000e-02,9.250772068e+00,9.246094005e+00,-1.100331818e-01,-9.356127187e-01,9.356127187e-01
2.626000000e-02,9.226727399e+00,9.222060430e+00,-1.118777981e-01,-9.333938228e-01,9.333938228e-01
2.628000000e-02,9.202318474e+00,9.197662783e+00,-1.137179977e-01,-9.311380781e-01,9.311380781e-01
2.630000000e-02,9.177546257e+00,9.172902029e+00,-1.155537080e-01,-9.288455737e-01,9.288455737e-01
2.632000000e-02,9.152411726e+00,9.147779144e+00,-1.173848563e-01,-9.265164001e-01,9.265164001e-01
2.634000000e-02,9.126915874e+00,9.122295121e+00,-1.192113705e-01,-9.241506491e-01,9.241506491e-01
2.636000000e-02,9.101059707e+00,9.096450965e+00,-1.210331785e-01,-9.217484143e-01,9.217484143e-01
2.638000000e-02,9.074844245e+00,9.070247696e+00,-1.228502082e-01,-9.193097905e-01,9.193097905e-01
2.640000000e-02,9.048270525e+00,9.043686350e+00,-1.246623881e-01,-9.168348739e-01,9.168348738e-01
2.642000000e-02,9.021339594e+00,9.016767975e+00,-1.264696465e-01,-9.143237622e-01,9.143237621e-01
2.644000000e-02,8.994052516e+00,8.989493633e+00,-1.282719120e-01,-9.117765545e-01,9.117765545e-01
2.646000000e-02,8.966410368e+00,8.961864401e+00,-1.300691137e-01,-9.091933515e-01,9.091933515e-01
2.648000000e-02,8.938414242e+00,8.933881370e+00,-1.318611804e-01,-9.065742551e-01,9.065742551e-01
2.650000000e-02,8.910065242e+00,8.905545645e+00,-1.336480415e-01,-9.039193687e-01,9.039193686e-01
2.652000000e-02,8.881364488e+00,8.876858344e+00,-1.354296263e-01,-9.012287971e-01,9.012287970e-01
2.654000000e-02,8.852313113e+00,8.847820600e+00,-1.372058647e-01,-8.985026465e-01,8.985026465e-01
2.656000000e-02,8.822912264e+00,8.818433559e+00,-1.389766864e-01,-8.957410246e-01,8.957410246e-01
2.658000000e-02,8.793163102e+00,8.788698382e+00,-1.407420215e-01,-8.929440403e-01,8.929440403e-01
2.660000000e-02,8.763066800e+00,8.758616241e+00,-1.425018004e-01,-8.901118042e-01,8.901118042e-01
2.662000000e-02,8.732624548e+00,8.728188326e+00,-1.442559535e-01,-8.872444280e-01,8.872444279e-01
2.664000000e-02,8.701837547e+00,8.697415837e+00,-1.460044117e-01,-8.843420248e-01,8.843420248e-01
2.666000000e-02,8.670707012e+00,8.666299988e+00,-1.477471058e-01,-8.814047094e-01,8.814047094e-01
2.668000000e-02,8.639234172e+00,8.634842009e+00,-1.494839672e-01,-8.784325976e-01,8.784325976e-01
2.670000000e-02,8.607420270e+00,8.603043141e+00,-1.512149272e-01,-8.754258068e-01,8.754258068e-01
2.672000000e-02,8.575266562e+00,8.570904640e+00,-1.529399175e-01,-8.723844557e-01,8.723844557e-01
2.674000000e-02,8.542774317e+00,8.538427774e+00,-1.546588699e-01,-8.693086644e-01,8.693086644e-01
2.676000000e-02,8.509944818e+00,8.505613825e+00,-1.563717168e-01,-8.661985542e-01,8.661985542e-01
2.678000000e-02,8.476779361e+00,8.472464090e+00,-1.580783903e-01,-8.630542480e-01,8.630542480e-01
2.680000000e-02,8.443279255e+00,8.438979876e+00,-1.597788231e-01,-8.598758699e-01,8.598758699e-01
2.682000000e-02,8.409445823e+00,8.405162505e+00,-1.614729482e-01,-8.566635454e-01,8.566635453e-01
2.684000000e-02,8.375280400e+00,8.371013313e+00,-1.631606986e-01,-8.534174012e-01,8.534174012e-01
2.686000000e-02,8.340784336e+00,8.336533648e+00,-1.648420077e-01,-8.501375656e-01,8.501375656e-01
2.688000000e-02,8.305958992e+00,8.301724871e+00,-1.665168091e-01,-8.468241680e-01,8.468241680e-01
2.690000000e-02,8.270805743e+00,8.266588356e+00,-1.681850367e-01,-8.434773393e-01,8.434773393e-01
2.692000000e-02,8.235325976e+00,8.231125490e+00,-1.698466246e-01,-8.400972115e-01,8.400972115e-01
2.694000000e-02,8.199521093e+00,8.195337674e+00,-1.715015073e-01,-8.366839181e-01,8.366839181e-01
2.696000000e-02,8.163392507e+00,8.159226319e+00,-1.731496194e-01,-8.332375939e-01,8.332375939e-01
2.698000000e-02,8.126941644e+00,8.122792852e+00,-1.747908959e-01,-8.297583749e-01,8.297583748e-01
2.700000000e-02,8.090169944e+00,8.086038712e+00,-1.764252719e-01,-8.262463984e-01,8.262463984e-01
2.702000000e-02,8.053078857e+00,8.048965348e+00,-1.780526829e-01,-8.227018031e-01,8.227018031e-01
2.704000000e-02,8.015669849e+00,8.011574225e+00,-1.796730648e-01,-8.191247290e-01,8.191247290e-01
2.706000000e-02,7.977944395e+00,7.973866819e+00,-1.812863534e-01,-8.155153172e-01,8.155153172e-01
2.708000000e-02,7.939903986e+00,7.935844618e+00,-1.828924852e-01,-8.118737103e-01,8.118737103e-01
2.710000000e-02,7.901550124e+00,7.897509123e+00,-1.844913967e-01,-8.082000520e-01,8.082000520e-01
2.712000000e-02,7.862884321e+00,7.858861849e+00,-1.860830248e-01,-8.044944874e-01,8.044944874e-01
2.714000000e-02,7.823908106e+00,7.819904320e+00,-1.876673066e-01,-8.007571627e-01,8.007571627e-01
2.716000000e-02,7.784623016e+00,7.780638075e+00,-1.892441797e-01,-7.969882254e-01,7.969882254e-01
2.718000000e-02,7.745030602e+00,7.741064663e+00,-1.908135817e-01,-7.931878245e-01,7.931878245e-01
2.720000000e-02,7.705132428e+00,7.701185647e+00,-1.923754507e-01,-7.893561098e-01,7.893561098e-01
2.722000000e-02,7.664930068e+00,7.661002602e+00,-1.939297251e-01,-7.854932327e-01,7.854932327e-01
2.724000000e-02,7.624425110e+00,7.620517113e+00,-1.954763435e-01,-7.815993457e-01,7.815993457e-01
2.726000000e-02,7.583619153e+00,7.579730780e+00,-1.970152447e-01,-7.776746025e-01,7.776746025e-01
2.728000000e-02,7.542513807e+00,7.538645212e+00,-1.985463682e-01,-7.737191580e-01,7.737191580e-01
2.730000000e-02,7.501110696e+00,7.497262030e+00,-2.000696534e-01,-7.697331684e-01,7.697331684e-01
2.732000000e-02,7.459411454e+00,7.455582870e+00,-2.015850402e-01,-7.657167911e-01,7.657167910e-01
2.734000000e-02,7.417417727e+00,7.413609376e+00,-2.030924688e-01,-7.616701845e-01,7.616701845e-01
2.736000000e-02,7.375131174e+00,7.371343206e+00,-2.045918796e-01,-7.575935086e-01,7.575935086e-01
2.738000000e-02,7.332553462e+00,7.328786028e+00,-2.060832134e-01,-7.534869241e-01,7.534869241e-01
2.740000000e-02,7.289686274e+00,7.285939521e+00,-2.075664115e-01,-7.493505933e-01,7.493505933e-01
2.742000000e-02,7.246531302e+00,7.242805378e+00,-2.090414152e-01,-7.451846794e-01,7.451846794e-01
2.744000000e-02,7.203090249e+00,7.199385302e+00,-2.105081663e-01,-7.409893469e-01,7.409893468e-01
2.746000000e-02,7.159364830e+00,7.155681006e+00,-2.119666069e-01,-7.367647613e-01,7.367647613e-01
2.748000000e-02,7.115356772e+00,7.111694217e+00,-2.134166794e-01,-7.325110896e-01,7.325110896e-01
2.750000000e-02,7.071067812e+00,7.067426669e+00,-2.148583266e-01,-7.282284996e-01,7.282284996e-01
2.752000000e-02,7.026499698e+00,7.022880112e+00,-2.162914916e-01,-7.239171604e-01,7.239171604e-01
2.754000000e-02,6.981654190e+00,6.978056304e+00,-2.177161177e-01,-7.195772422e-01,7.195772421e-01
2.756000000e-02,6.936533058e+00,6.932957014e+00,-2.191321488e-01,-7.152089162e-01,7.152089162e-01
2.758000000e-02,6.891138084e+00,6.887584022e+00,-2.205395289e-01,-7.108123551e-01,7.108123551e-01
2.760000000e-02,6.845471059e+00,6.841939121e+00,-2.219382025e-01,-7.063877323e-01,7.063877323e-01
2.762000000e-02,6.799533787e+00,6.796024111e+00,-2.233281144e-01,-7.019352226e-01,7.019352225e-01
2.764000000e-02,6.753328081e+00,6.749840806e+00,-2.247092096e-01,-6.974550016e-01,6.974550016e-01
2.766000000e-02,6.706855765e+00,6.703391029e+00,-2.260814337e-01,-6.929472463e-01,6.929472463e-01
2.768000000e-02,6.660118674e+00,6.656676614e+00,-2.274447325e-01,-6.884121346e-01,6.884121346e-01
2.770000000e-02,6.613118653e+00,6.609699404e+00,-2.287990522e-01,-6.838498456e-01,6.838498456e-01
2.772000000e-02,6.565857558e+00,6.562461255e+00,-2.301443393e-01,-6.792605594e-01,6.792605594e-01
2.774000000e-02,6.518337253e+00,6.514964031e+00,-2.314805406e-01,-6.746444571e-01,6.746444571e-01
2.776000000e-02,6.470559616e+00,6.467209607e+00,-2.328076036e-01,-6.700017211e-01,6.700017211e-01
2.778000000e-02,6.422526532e+00,6.419199869e+00,-2.341254756e-01,-6.653325345e-01,6.653325345e-01
2.780000000e-02,6.374239897e+00,6.370936712e+00,-2.354341048e-01,-6.606370817e-01,6.606370817e-01
2.782000000e-02,6.325701619e+00,6.322422041e+00,-2.367334395e-01,-6.559155481e-01,6.559155481e-01
2.784000000e-02,6.276913613e+00,6.273657772e+00,-2.380234283e-01,-6.511681201e-01,6.511681201e-01
2.786000000e-02,6.227877805e+00,6.224645830e+00,-2.393040204e-01,-6.463949850e-01,6.463949850e-01
2.788000000e-02,6.178596131e+00,6.175388149e+00,-2.405751652e-01,-6.415963315e-01,6.415963314e-01
2.790000000e-02,6.129070537e+00,6.125886675e+00,-2.418368124e-01,-6.367723487e-01,6.367723487e-01
2.792000000e-02,6.079302977e+00,6.076143361e+00,-2.430889124e-01,-6.319232273e-01,6.319232273e-01
2.794000000e-02,6.029295417e+00,6.026160171e+00,-2.443314156e-01,-6.270491587e-01,6.270491587e-01
2.796000000e-02,5.979049831e+00,5.975939079e+00,-2.455642731e-01,-6.221503352e-01,6.221503352e-01
2.798000000e-02,5.928568202e+00,5.925482067e+00,-2.467874360e-01,-6.172269503e-01,6.172269503e-01
2.800000000e-02,5.877852523e+00,5.874791127e+00,-2.480008563e-01,-6.122791983e-01,6.122791983e-01
2.802000000e-02,5.826904797e+00,5.823868260e+00,-2.492044859e-01,-6.073072746e-01,6.073072746e-01
2.804000000e-02,5.775727034e+00,5.772715477e+00,-2.503982773e-01,-6.023113755e-01,6.023113755e-01
2.806000000e-02,5.724321256e+00,5.721334797e+00,-2.515821834e-01,-5.972916981e-01,5.972916981e-01
2.808000000e-02,5.672689491e+00,5.669728249e+00,-2.527561575e-01,-5.922484407e-01,5.922484407e-01
2.810000000e-02,5.620833779e+00,5.617897870e+00,-2.539201532e-01,-5.871818023e-01,5.871818023e-01
2.812000000e-02,5.568756165e+00,5.565845705e+00,-2.550741246e-01,-5.820919830e-01,5.820919830e-01
2.814000000e-02,5.516458706e+00,5.513573810e+00,-2.562180261e-01,-5.769791837e-01,5.769791836e-01
2.816000000e-02,5.463943467e+00,5.461084249e+00,-2.573518126e-01,-5.718436062e-01,5.718436062e-01
2.818000000e-02,5.411212521e+00,5.408379094e+00,-2.584754392e-01,-5.666854533e-01,5.666854533e-01
2.820000000e-02,5.358267950e+00,5.355460425e+00,-2.595888617e-01,-5.615049287e-01,5.615049287e-01
2.822000000e-02,5.305111843e+00,5.302330332e+00,-2.606920360e-01,-5.563022368e-01,5.563022368e-01
2.824000000e-02,5.251746300e+00,5.248990912e+00,-2.617849187e-01,-5.510775830e-01,5.510775830e-01
2.826000000e-02,5.198173426e+00,5.195444270e+00,-2.628674665e-01,-5.458311737e-01,5.458311737e-01
2.828000000e-02,5.144395338e+00,5.141692522e+00,-2.639396368e-01,-5.405632159e-01,5.405632159e-01
2.830000000e-02,5.090414158e+00,5.087737788e+00,-2.650013872e-01,-5.352739175e-01,5.352739175e-01
2.832000000e-02,5.036232016e+00,5.033582199e+00,-2.660526758e-01,-5.299634875e-01,5.299634875e-01
2.834000000e-02,4.981851053e+00,4.979227893e+00,-2.670934611e-01,-5.246321354e-01,5.246321354e-01
2.836000000e-02,4.927273415e+00,4.924677015e+00,-2.681237020e-01,-5.192800717e-01,5.192800717e-01
2.838000000e-02,4.872501257e+00,4.869931720e+00,-2.691433579e-01,-5.139075078e-01,5.139075078e-01
2.840000000e-02,4.817536741e+00,4.814994168e+00,-2.701523884e-01,-5.085146556e-01,5.085146556e-01
2.842000000e-02,4.762382037e+00,4.759866528e+00,-2.711507538e-01,-5.031017282e-01,5.031017282e-01
2.844000000e-02,4.707039322e+00,4.704550977e+00,-2.721384146e-01,-4.976689392e-01,4.976689392e-01
2.846000000e-02,4.651510781e+00,4.649049698e+00,-2.731153318e-01,-4.922165030e-01,4.922165030e-01
2.848000000e-02,4.595798606e+00,4.593364883e+00,-2.740814669e-01,-4.867446350e-01,4.867446350e-01
2.850000000e-02,4.539904997e+00,4.537498730e+00,-2.750367818e-01,-4.812535512e-01,4.812535511e-01
2.852000000e-02,4.483832161e+00,4.481453444e+00,-2.759812387e-01,-4.757434682e-01,4.757434682e-01
2.854000000e-02,4.427582310e+00,4.425231237e+00,-2.769148003e-01,-4.702146038e-01,4.702146038e-01
2.856000000e-02,4.371157667e+00,4.368834331e+00,-2.778374297e-01,-4.646671760e-01,4.646671760e-01
2.858000000e-02,4.314560457e+00,4.312264950e+00,-2.787490907e-01,-4.591014041e-01,4.591014040e-01
2.860000000e-02,4.257792916e+00,4.255525328e+00,-2.796497471e-01,-4.535175075e-01,4.535175075e-01
2.862000000e-02,4.200857284e+00,4.198617706e+00,-2.805393634e-01,-4.479157069e-01,4.479157069e-01
2.864000000e-02,4.143755810e+00,4.141544329e+00,-2.814179045e-01,-4.422962233e-01,4.422962233e-01
2.866000000e-02,4.086490747e+00,4.084307451e+00,-2.822853357e-01,-4.366592787e-01,4.366592787e-01
2.868000000e-02,4.029064357e+00,4.026909332e+00,-2.831416227e-01,-4.310050954e-01,4.310050954e-01
2.870000000e-02,3.971478906e+00,3.969352237e+00,-2.839867318e-01,-4.253338969e-01,4.253338969e-01
2.872000000e-02,3.913736668e+00,3.911638439e+00,-2.848206296e-01,-4.196459069e-01,4.196459068e-01
2.874000000e-02,3.855839923e+00,3.853770216e+00,-2.856432832e-01,-4.139413499e-01,4.139413499e-01
2.876000000e-02,3.797790955e+00,3.795749853e+00,-2.864546601e-01,-4.082204513e-01,4.082204513e-01
2.878000000e-02,3.739592057e+00,3.737579640e+00,-2.872547282e-01,-4.024834368e-01,4.024834368e-01
2.880000000e-02,3.681245527e+00,3.679261874e+00,-2.880434560e-01,-3.967305330e-01,3.967305330e-01
2.882000000e-02,3.622753667e+00,3.620798857e+00,-2.888208123e-01,-3.909619670e-01,3.909619670e-01
2.884000000e-02,3.564118787e+00,3.562192897e+00,-2.895867665e-01,-3.851779664e-01,3.851779664e-01
2.886000000e-02,3.505343202e+00,3.503446308e+00,-2.903412883e-01,-3.793787596e-01,3.793787596e-01
2.888000000e-02,3.446429232e+00,3.444561409e+00,-2.910843479e-01,-3.735645757e-01,3.735645757e-01
2.890000000e-02,3.387379202e+00,3.385540524e+00,-2.918159160e-01,-3.677356440e-01,3.677356440e-01
2.892000000e-02,3.328195445e+00,3.326385984e+00,-2.925359637e-01,-3.618921948e-01,3.618921948e-01
2.894000000e-02,3.268880297e+00,3.267100124e+00,-2.932444626e-01,-3.560344587e-01,3.560344587e-01
2.896000000e-02,3.209436098e+00,3.207685285e+00,-2.939413847e-01,-3.501626669e-01,3.501626669e-01
2.898000000e-02,3.149865197e+00,3.148143811e+00,-2.946267025e-01,-3.442770514e-01,3.442770514e-01
2.900000000e-02,3.090169944e+00,3.088478055e+00,-2.953003889e-01,-3.383778444e-01,3.383778443e-01
2.902000000e-02,3.030352696e+00,3.028690370e+00,-2.959624174e-01,-3.324652787e-01,3.324652787e-01
2.904000000e-02,2.970415816e+00,2.968783118e+00,-2.966127618e-01,-3.265395880e-01,3.265395880e-01
2.906000000e-02,2.910361668e+00,2.908758663e+00,-2.972513965e-01,-3.206010060e-01,3.206010060e-01
2.908000000e-02,2.850192625e+00,2.848619376e+00,-2.978782961e-01,-3.146497672e-01,3.146497672e-01
2.910000000e-02,2.789911060e+00,2.788367630e+00,-2.984934360e-01,-3.086861066e-01,3.086861066e-01
2.912000000e-02,2.729519355e+00,2.728005804e+00,-2.990967920e-01,-3.027102596e-01,3.027102596e-01
2.914000000e-02,2.669019893e+00,2.667536281e+00,-2.996883401e-01,-2.967224621e-01,2.967224621e-01
2.916000000e-02,2.608415063e+00,2.606961448e+00,-3.002680570e-01,-2.907229505e-01,2.907229505e-01
2.918000000e-02,2.547707257e+00,2.546283697e+00,-3.008359198e-01,-2.847119617e-01,2.847119617e-01
2.920000000e-02,2.486898872e+00,2.485505423e+00,-3.013919062e-01,-2.786897329e-01,2.786897329e-01
2.922000000e-02,2.425992308e+00,2.424629025e+00,-3.019359941e-01,-2.726565020e-01,2.726565020e-01
2.924000000e-02,2.364989970e+00,2.363656908e+00,-3.024681621e-01,-2.666125070e-01,2.666125070e-01
2.926000000e-02,2.303894267e+00,2.302591477e+00,-3.029883892e-01,-2.605579866e-01,2.605579866e-01
2.928000000e-02,2.242707609e+00,2.241435144e+00,-3.034966548e-01,-2.544931798e-01,2.544931798e-01
2.930000000e-02,2.181432414e+00,2.180190322e+00,-3.039929389e-01,-2.484183261e-01,2.484183261e-01
2.932000000e-02,2.120071099e+00,2.118859431e+00,-3.044772218e-01,-2.423336653e-01,2.423336653e-01
2.934000000e-02,2.058626088e+00,2.057444891e+00,-3.049494846e-01,-2.362394375e-01,2.362394375e-01
2.936000000e-02,1.997099805e+00,1.995949126e+00,-3.054097084e-01,-2.301358834e-01,2.301358834e-01
2.938000000e-02,1.935494681e+00,1.934374564e+00,-3.058578752e-01,-2.240232440e-01,2.240232439e-01
2.940000000e-02,1.873813146e+00,1.872723637e+00,-3.062939672e-01,-2.179017604e-01,2.179017604e-01
2.942000000e-02,1.812057636e+00,1.810998778e+00,-3.067179673e-01,-2.117716745e-01,2.117716745e-01
2.944000000e-02,1.750230590e+00,1.749202424e+00,-3.071298587e-01,-2.056332282e-01,2.056332282e-01
2.946000000e-02,1.688334447e+00,1.687337014e+00,-3.075296251e-01,-1.994866639e-01,1.994866639e-01
2.948000000e-02,1.626371652e+00,1.625404991e+00,-3.079172508e-01,-1.933322242e-01,1.933322242e-01
2.950000000e-02,1.564344650e+00,1.563408800e+00,-3.082927205e-01,-1.871701520e-01,1.871701520e-01
2.952000000e-02,1.502255891e+00,1.501350888e+00,-3.086560192e-01,-1.810006907e-01,1.810006907e-01
2.954000000e-02,1.440107826e+00,1.439233705e+00,-3.090071328e-01,-1.748240838e-01,1.748240838e-01
2.956000000e-02,1.377902907e+00,1.377059704e+00,-3.093460473e-01,-1.686405751e-01,1.686405751e-01
2.958000000e-02,1.315643591e+00,1.314831339e+00,-3.096727493e-01,-1.624504088e-01,1.624504088e-01
2.960000000e-02,1.253332336e+00,1.252551066e+00,-3.099872260e-01,-1.562538292e-01,1.562538292e-01
2.962000000e-02,1.190971601e+00,1.190221346e+00,-3.102894649e-01,-1.500510810e-01,1.500510810e-01
2.964000000e-02,1.128563849e+00,1.127844637e+00,-3.105794541e-01,-1.438424091e-01,1.438424091e-01
2.966000000e-02,1.066111543e+00,1.065423402e+00,-3.108571822e-01,-1.376280585e-01,1.376280585e-01
2.968000000e-02,1.003617149e+00,1.002960107e+00,-3.111226381e-01,-1.314082745e-01,1.314082745e-01
2.970000000e-02,9.410831332e-01,9.404572167e-01,-3.113758115e-01,-1.251833028e-01,1.251833028e-01
2.972000000e-02,8.785119655e-01,8.779171986e-01,-3.116166923e-01,-1.189533891e-01,1.189533891e-01
2.974000000e-02,8.159061157e-01,8.153425218e-01,-3.118452710e-01,-1.127187793e-01,1.127187793e-01
2.976000000e-02,7.532680553e-01,7.527356567e-01,-3.120615386e-01,-1.064797195e-01,1.064797195e-01
2.978000000e-02,6.906002571e-01,6.900990749e-01,-3.122654865e-01,-1.002364561e-01,1.002364561e-01
2.980000000e-02,6.279051953e-01,6.274352491e-01,-3.124571067e-01,-9.398923559e-02,9.398923558e-02
2.982000000e-02,5.651853448e-01,5.647466533e-01,-3.126363917e-01,-8.773830450e-02,8.773830450e-02
2.984000000e-02,5.024431818e-01,5.020357623e-01,-3.128033343e-01,-8.148390965e-02,8.148390965e-02
2.986000000e-02,4.396811832e-01,4.393050517e-01,-3.129579279e-01,-7.522629796e-02,7.522629796e-02
2.988000000e-02,3.769018267e-01,3.765569981e-01,-3.131001665e-01,-6.896571647e-02,6.896571647e-02
2.990000000e-02,3.141075908e-01,3.137940787e-01,-3.132300445e-01,-6.270241232e-02,6.270241232e-02
2.992000000e-02,2.513009544e-01,2.510187713e-01,-3.133475567e-01,-5.643663279e-02,5.643663279e-02
2.994000000e-02,1.884843972e-01,1.882335540e-01,-3.134526984e-01,-5.016862524e-02,5.016862524e-02
2.996000000e-02,1.256603988e-01,1.254409057e-01,-3.135454656e-01,-4.389863712e-02,4.389863712e-02
2.998000000e-02,6.283143966e-02,6.264330508e-02,-3.136258545e-01,-3.762691596e-02,3.762691596e-02
3.000000000e-02,2.774790610e-12,-1.567685440e-04,-3.136938620e-01,-3.135370935e-02,3.135370935e-02
3.002000000e-02,-6.283143965e-02,-6.295683598e-02,-3.137494855e-01,-2.507926495e-02,2.507926495e-02
3.004000000e-02,-1.256603988e-01,-1.257544180e-01,-3.137927226e-01,-1.880383046e-02,1.880383046e-02
3.006000000e-02,-1.884843972e-01,-1.885470354e-01,-3.138235717e-01,-1.252765363e-02,1.252765363e-02
3.008000000e-02,-2.513009544e-01,-2.513322093e-01,-3.138420316e-01,-6.250982228e-03,6.250982229e-03
3.010000000e-02,-3.141075908e-01,-3.094214048e-01,-3.094213579e-01,4.686500132e-09,-4.685567182e-09
3.012000000e-02,-3.769018267e-01,6.775625550e-05,7.152595133e-05,3.769699599e-07,-3.769695831e-07
3.014000000e-02,-4.396811832e-01,-7.553009592e-06,-3.156273291e-06,4.396740698e-07,-4.396736302e-07
3.016000000e-02,-5.024431818e-01,-8.161628264e-06,-3.137278063e-06,5.024355226e-07,-5.024350202e-07
3.018000000e-02,-5.651853448e-01,-8.787950513e-06,-3.136184944e-06,5.651771221e-07,-5.651765569e-07
3.020000000e-02,-6.279051953e-01,-9.413921478e-06,-3.134963664e-06,6.278964093e-07,-6.278957814e-07
3.022000000e-02,-6.906002571e-01,-1.003952080e-05,-3.133618623e-06,6.905909082e-07,-6.905902176e-07
3.024000000e-02,-7.532680553e-01,-1.066472378e-05,-3.132149871e-06,7.532581438e-07,-7.532573905e-07
3.026000000e-02,-8.159061157e-01,-1.128950573e-05,-3.130557467e-06,8.158956421e-07,-8.158948262e-07
3.028000000e-02,-8.785119655e-01,-1.191384199e-05,-3.128841475e-06,8.785009302e-07,-8.785000516e-07
3.030000000e-02,-9.410831332e-01,-1.253770792e-05,-3.127001961e-06,9.410715366e-07,-9.410705955e-07
3.032000000e-02,-1.003617149e+00,-1.316107887e-05,-3.125038998e-06,1.003604991e-06,-1.003603987e-06
3.034000000e-02,-1.066111543e+00,-1.378393025e-05,-3.122952665e-06,1.066098825e-06,-1.066097759e-06
3.036000000e-02,-1.128563849e+00,-1.440623747e-05,-3.120743042e-06,1.128550571e-06,-1.128549442e-06
3.038000000e-02,-1.190971601e+00,-1.502797595e-05,-3.118410218e-06,1.190957764e-06,-1.190956573e-06
3.040000000e-02,-1.253332336e+00,-1.564912115e-05,-3.115954284e-06,1.253317940e-06,-1.253316687e-06
3.042000000e-02,-1.315643591e+00,-1.626964855e-05,-3.113375338e-06,1.315628637e-06,-1.315627321e-06
3.044000000e-02,-1.377902907e+00,-1.688953365e-05,-3.110673481e-06,1.377887395e-06,-1.377886017e-06
3.046000000e-02,-1.440107826e+00,-1.750875199e-05,-3.107848820e-06,1.440091757e-06,-1.440090317e-06
3.048000000e-02,-1.502255891e+00,-1.812727911e-05,-3.104901467e-06,1.502239266e-06,-1.502237764e-06
3.050000000e-02,-1.564344650e+00,-1.874509059e-05,-3.101831537e-06,1.564327470e-06,-1.564325905e-06
3.052000000e-02,-1.626371652e+00,-1.936216205e-05,-3.098639152e-06,1.626353916e-06,-1.626352290e-06
3.054000000e-02,-1.688334447e+00,-1.997846912e-05,-3.095324438e-06,1.688316157e-06,-1.688314469e-06
3.056000000e-02,-1.750230590e+00,-2.059398748e-05,-3.091887527e-06,1.750211746e-06,-1.750209996e-06
3.058000000e-02,-1.812057636e+00,-2.120869283e-05,-3.088328552e-06,1.812038240e-06,-1.812036428e-06
3.060000000e-02,-1.873813146e+00,-2.182256089e-05,-3.084647656e-06,1.873793197e-06,-1.873791323e-06
3.062000000e-02,-1.935494681e+00,-2.243556743e-05,-3.080844983e-06,1.935474180e-06,-1.935472245e-06
3.064000000e-02,-1.997099805e+00,-2.304768826e-05,-3.076920684e-06,1.997078755e-06,-1.997076757e-06
3.066000000e-02,-2.058626088e+00,-2.365889920e-05,-3.072874913e-06,2.058604487e-06,-2.058602429e-06
3.068000000e-02,-2.120071099e+00,-2.426917613e-05,-3.068707831e-06,2.120048950e-06,-2.120046830e-06
3.070000000e-02,-2.181432414e+00,-2.487849496e-05,-3.064419601e-06,2.181409717e-06,-2.181407535e-06
3.072000000e-02,-2.242707609e+00,-2.548683162e-05,-3.060010393e-06,2.242684365e-06,-2.242682123e-06
3.074000000e-02,-2.303894267e+00,-2.609416211e-05,-3.055480381e-06,2.303870476e-06,-2.303868173e-06
3.076000000e-02,-2.364989970e+00,-2.670046244e-05,-3.050829743e-06,2.364965635e-06,-2.364963270e-06
3.078000000e-02,-2.425992308e+00,-2.730570869e-05,-3.046058665e-06,2.425967428e-06,-2.425965002e-06
3.080000000e-02,-2.486898872e+00,-2.790987695e-05,-3.041167333e-06,2.486873449e-06,-2.486870962e-06
3.082000000e-02,-2.547707257e+00,-2.851294338e-05,-3.036155941e-06,2.547681292e-06,-2.547678744e-06
3.084000000e-02,-2.608415063e+00,-2.911488417e-05,-3.031024687e-06,2.608388556e-06,-2.608385948e-06
3.086000000e-02,-2.669019893e+00,-2.971567555e-05,-3.025773773e-06,2.668992847e-06,-2.668990177e-06
3.088000000e-02,-2.729519355e+00,-3.031529381e-05,-3.020403407e-06,2.729491769e-06,-2.729489040e-06
3.090000000e-02,-2.789911060e+00,-3.091371527e-05,-3.014913800e-06,2.789882937e-06,-2.789880147e-06
3.092000000e-02,-2.850192625e+00,-3.151091631e-05,-3.009305170e-06,2.850163964e-06,-2.850161114e-06
3.094000000e-02,-2.910361668e+00,-3.210687335e-05,-3.003577738e-06,2.910332472e-06,-2.910329561e-06
3.096000000e-02,-2.970415816e+00,-3.270156287e-05,-2.997731729e-06,2.970386085e-06,-2.970383114e-06
3.098000000e-02,-3.030352696e+00,-3.329496139e-05,-2.991767375e-06,3.030322432e-06,-3.030319401e-06
3.100000000e-02,-3.090169944e+00,-3.388704548e-05,-2.985684912e-06,3.090139147e-06,-3.090136057e-06
3.102000000e-02,-3.149865197e+00,-3.447779177e-05,-2.979484578e-06,3.149833869e-06,-3.149830719e-06
3.104000000e-02,-3.209436098e+00,-3.506717693e-05,-2.973166620e-06,3.209404240e-06,-3.209401031e-06
3.106000000e-02,-3.268880297e+00,-3.565517770e-05,-2.966731286e-06,3.268847910e-06,-3.268844641e-06
3.108000000e-02,-3.328195445e+00,-3.624177086e-05,-2.960178831e-06,3.328162532e-06,-3.328159203e-06
3.110000000e-02,-3.387379202e+00,-3.682693327e-05,-2.953509512e-06,3.387345763e-06,-3.387342375e-06
3.112000000e-02,-3.446429232e+00,-3.741064181e-05,-2.946723595e-06,3.446395268e-06,-3.446391821e-06
3.114000000e-02,-3.505343202e+00,-3.799287344e-05,-2.939821346e-06,3.505308714e-06,-3.505305209e-06
3.116000000e-02,-3.564118787e+00,-3.857360517e-05,-2.932803037e-06,3.564083778e-06,-3.564080213e-06
3.118000000e-02,-3.622753667e+00,-3.915281409e-05,-2.925668947e-06,3.622718137e-06,-3.622714514e-06
3.120000000e-02,-3.681245527e+00,-3.973047732e-05,-2.918419356e-06,3.681209478e-06,-3.681205796e-06
3.122000000e-02,-3.739592057e+00,-4.030657206e-05,-2.911054551e-06,3.739555490e-06,-3.739551751e-06
3.124000000e-02,-3.797790955e+00,-4.088107556e-05,-2.903574823e-06,3.797753872e-06,-3.797750074e-06
3.126000000e-02,-3.855839923e+00,-4.145396515e-05,-2.895980466e-06,3.855802325e-06,-3.855798469e-06
3.128000000e-02,-3.913736668e+00,-4.202521821e-05,-2.888271781e-06,3.913698557e-06,-3.913694643e-06
3.130000000e-02,-3.971478906e+00,-4.259481219e-05,-2.880449072e-06,3.971440283e-06,-3.971436311e-06
3.132000000e-02,-4.029064357e+00,-4.316272459e-05,-2.872512648e-06,4.029025223e-06,-4.029021194e-06
3.134000000e-02,-4.086490747e+00,-4.372893301e-05,-2.864462822e-06,4.086451105e-06,-4.086447018e-06
3.136000000e-02,-4.143755810e+00,-4.429341508e-05,-2.856299912e-06,4.143715660e-06,-4.143711516e-06
3.138000000e-02,-4.200857284e+00,-4.485614852e-05,-2.848024240e-06,4.200816629e-06,-4.200812428e-06
3.140000000e-02,-4.257792916e+00,-4.541711112e-05,-2.839636133e-06,4.257751756e-06,-4.257747498e-06
3.142000000e-02,-4.314560457e+00,-4.597628073e-05,-2.831135921e-06,4.314518795e-06,-4.314514480e-06
3.144000000e-02,-4.371157667e+00,-4.653363527e-05,-2.822523942e-06,4.371115504e-06,-4.371111133e-06
3.146000000e-02,-4.427582310e+00,-4.708915275e-05,-2.813800534e-06,4.427539649e-06,-4.427535221e-06
3.148000000e-02,-4.483832161e+00,-4.764281122e-05,-2.804966042e-06,4.483789002e-06,-4.483784518e-06
3.150000000e-02,-4.539904997e+00,-4.819458884e-05,-2.796020815e-06,4.539861343e-06,-4.539856803e-06
3.152000000e-02,-4.595798606e+00,-4.874446382e-05,-2.786965206e-06,4.595754458e-06,-4.595749862e-06
3.154000000e-02,-4.651510781e+00,-4.929241445e-05,-2.777799572e-06,4.651466140e-06,-4.651461488e-06
3.156000000e-02,-4.707039322e+00,-4.983841911e-05,-2.768524275e-06,4.706994190e-06,-4.706989483e-06
3.158000000e-02,-4.762382037e+00,-5.038245622e-05,-2.759139682e-06,4.762336417e-06,-4.762331654e-06
3.160000000e-02,-4.817536741e+00,-5.092450433e-05,-2.749646163e-06,4.817490634e-06,-4.817485816e-06
3.162000000e-02,-4.872501257e+00,-5.146454202e-05,-2.740044092e-06,4.872454665e-06,-4.872449793e-06
3.164000000e-02,-4.927273415e+00,-5.200254798e-05,-2.730333849e-06,4.927226340e-06,-4.927221413e-06
3.166000000e-02,-4.981851053e+00,-5.253850097e-05,-2.720515817e-06,4.981803497e-06,-4.981798515e-06
3.168000000e-02,-5.036232016e+00,-5.307237982e-05,-2.710590384e-06,5.036183980e-06,-5.036178944e-06
3.170000000e-02,-5.090414158e+00,-5.360416347e-05,-2.700557941e-06,5.090365644e-06,-5.090360553e-06
3.172000000e-02,-5.144395338e+00,-5.413383092e-05,-2.690418885e-06,5.144346348e-06,-5.144341204e-06
3.174000000e-02,-5.198173426e+00,-5.466136126e-05,-2.680173616e-06,5.198123963e-06,-5.198118765e-06
3.176000000e-02,-5.251746300e+00,-5.518673367e-05,-2.669822538e-06,5.251696365e-06,-5.251691113e-06
3.178000000e-02,-5.305111843e+00,-5.570992739e-05,-2.659366060e-06,5.305061438e-06,-5.305056133e-06
3.180000000e-02,-5.358267950e+00,-5.623092178e-05,-2.648804595e-06,5.358217077e-06,-5.358211719e-06
3.182000000e-02,-5.411212521e+00,-5.674969628e-05,-2.638138560e-06,5.411161183e-06,-5.411155772e-06
3.184000000e-02,-5.463943467e+00,-5.726623039e-05,-2.627368375e-06,5.463891665e-06,-5.463886201e-06
3.186000000e-02,-5.516458706e+00,-5.778050372e-05,-2.616494467e-06,5.516406442e-06,-5.516400926e-06
3.188000000e-02,-5.568756165e+00,-5.829249599e-05,-2.605517264e-06,5.568703441e-06,-5.568697872e-06
3.190000000e-02,-5.620833779e+00,-5.880218696e-05,-2.594437199e-06,5.620780597e-06,-5.620774976e-06
3.192000000e-02,-5.672689491e+00,-5.930955653e-05,-2.583254710e-06,5.672635854e-06,-5.672630182e-06
3.194000000e-02,-5.724321256e+00,-5.981458465e-05,-2.571970239e-06,5.724267166e-06,-5.724261441e-06
3.196000000e-02,-5.775727034e+00,-6.031725140e-05,-2.560584231e-06,5.775672493e-06,-5.775666717e-06
3.198000000e-02,-5.826904797e+00,-6.081753693e-05,-2.549097136e-06,5.826849806e-06,-5.826843979e-06
3.200000000e-02,-5.877852523e+00,-6.131542148e-05,-2.537509406e-06,5.877797085e-06,-5.877791207e-06
3.202000000e-02,-5.928568202e+00,-6.181088541e-05,-2.525821500e-06,5.928512319e-06,-5.928506391e-06
3.204000000e-02,-5.979049831e+00,-6.230390915e-05,-2.514033879e-06,5.978993506e-06,-5.978987527e-06
3.206000000e-02,-6.029295417e+00,-6.279447323e-05,-2.502147008e-06,6.029238652e-06,-6.029232622e-06
3.208000000e-02,-6.079302977e+00,-6.328255830e-05,-2.490161357e-06,6.079245774e-06,-6.079239694e-06
3.210000000e-02,-6.129070537e+00,-6.376814508e-05,-2.478077398e-06,6.129012897e-06,-6.129006768e-06
3.212000000e-02,-6.178596131e+00,-6.425121441e-05,-2.465895610e-06,6.178538058e-06,-6.178531880e-06
3.214000000e-02,-6.227877805e+00,-6.473174720e-05,-2.453616471e-06,6.227819301e-06,-6.227813073e-06
3.216000000e-02,-6.276913613e+00,-6.520972450e-05,-2.441240469e-06,6.276854680e-06,-6.276848403e-06
3.218000000e-02,-6.325701619e+00,-6.568512743e-05,-2.428768090e-06,6.325642260e-06,-6.325635934e-06
3.220000000e-02,-6.374239897e+00,-6.615793722e-05,-2.416199827e-06,6.374180114e-06,-6.374173739e-06
3.222000000e-02,-6.422526532e+00,-6.662813521e-05,-2.403536177e-06,6.422466326e-06,-6.422459904e-06
3.224000000e-02,-6.470559616e+00,-6.709570284e-05,-2.390777640e-06,6.470498991e-06,-6.470492520e-06
3.226000000e-02,-6.518337253e+00,-6.756062164e-05,-2.377924719e-06,6.518276211e-06,-6.518269692e-06
3.228000000e-02,-6.565857558e+00,-6.802287327e-05,-2.364977921e-06,6.565796101e-06,-6.565789535e-06
3.230000000e-02,-6.613118653e+00,-6.848243947e-05,-2.351937759e-06,6.613056784e-06,-6.613050171e-06
3.232000000e-02,-6.660118674e+00,-6.893930209e-05,-2.338804745e-06,6.660056395e-06,-6.660049735e-06
3.234000000e-02,-6.706855765e+00,-6.939344312e-05,-2.325579400e-06,6.706793079e-06,-6.706786372e-06
3.236000000e-02,-6.753328081e+00,-6.984484461e-05,-2.312262245e-06,6.753264990e-06,-6.753258236e-06
3.238000000e-02,-6.799533787e+00,-7.029348874e-05,-2.298853805e-06,6.799470293e-06,-6.799463494e-06
3.240000000e-02,-6.845471059e+00,-7.073935781e-05,-2.285354611e-06,6.845407165e-06,-6.845400320e-06
3.242000000e-02,-6.891138084e+00,-7.118243421e-05,-2.271765195e-06,6.891073793e-06,-6.891066901e-06
3.244000000e-02,-6.936533058e+00,-7.162270045e-05,-2.258086094e-06,6.936468372e-06,-6.936461435e-06
3.246000000e-02,-6.981654190e+00,-7.206013914e-05,-2.244317847e-06,6.981589111e-06,-6.981582130e-06
3.248000000e-02,-7.026499698e+00,-7.249473303e-05,-2.230460998e-06,7.026434230e-06,-7.026427203e-06
3.250000000e-02,-7.071067812e+00,-7.292646495e-05,-2.216516095e-06,7.071001956e-06,-7.070994885e-06
3.252000000e-02,-7.115356772e+00,-7.335531785e-05,-2.202483687e-06,7.115290532e-06,-7.115283417e-06
3.254000000e-02,-7.159364830e+00,-7.378127482e-05,-2.188364329e-06,7.159298208e-06,-7.159291049e-06
3.256000000e-02,-7.203090249e+00,-7.420431902e-05,-2.174158578e-06,7.203023248e-06,-7.203016044e-06
3.258000000e-02,-7.246531302e+00,-7.462443377e-05,-2.159866995e-06,7.246463924e-06,-7.246456677e-06
3.260000000e-02,-7.289686274e+00,-7.504160247e-05,-2.145490145e-06,7.289618522e-06,-7.289611233e-06
3.262000000e-02,-7.332553462e+00,-7.545580866e-05,-2.131028594e-06,7.332485339e-06,-7.332478006e-06
3.264000000e-02,-7.375131174e+00,-7.586703598e-05,-2.116482913e-06,7.375062682e-06,-7.375055306e-06
3.266000000e-02,-7.417417727e+00,-7.627526820e-05,-2.101853678e-06,7.417348870e-06,-7.417341452e-06
3.268000000e-02,-7.459411454e+00,-7.668048920e-05,-2.087141465e-06,7.459342233e-06,-7.459334774e-06
3.270000000e-02,-7.501110696e+00,-7.708268299e-05,-2.072346855e-06,7.501041115e-06,-7.501033614e-06
3.272000000e-02,-7.542513807e+00,-7.748183369e-05,-2.057470432e-06,7.542443868e-06,-7.542436325e-06
3.274000000e-02,-7.583619153e+00,-7.787792553e-05,-2.042512784e-06,7.583548859e-06,-7.583541275e-06
3.276000000e-02,-7.624425110e+00,-7.827094289e-05,-2.027474501e-06,7.624354464e-06,-7.624346839e-06
3.278000000e-02,-7.664930068e+00,-7.866087025e-05,-2.012356177e-06,7.664859072e-06,-7.664851407e-06
3.280000000e-02,-7.705132428e+00,-7.904769221e-05,-1.997158409e-06,7.705061085e-06,-7.705053380e-06
3.282000000e-02,-7.745030602e+00,-7.943139350e-05,-1.981881796e-06,7.744958916e-06,-7.744951171e-06
3.284000000e-02,-7.784623016e+00,-7.981195898e-05,-1.966526942e-06,7.784550988e-06,-7.784543204e-06
3.286000000e-02,-7.823908106e+00,-8.018937362e-05,-1.951094452e-06,7.823835740e-06,-7.823827916e-06
3.288000000e-02,-7.862884321e+00,-8.056362251e-05,-1.935584937e-06,7.862811621e-06,-7.862803758e-06
3.290000000e-02,-7.901550124e+00,-8.093469090e-05,-1.919999008e-06,7.901477091e-06,-7.901469189e-06
3.292000000e-02,-7.939903986e+00,-8.130256412e-05,-1.904337281e-06,7.939830624e-06,-7.939822684e-06
3.294000000e-02,-7.977944395e+00,-8.166722766e-05,-1.888600374e-06,7.977870706e-06,-7.977862728e-06
3.296000000e-02,-8.015669849e+00,-8.202866711e-05,-1.872788909e-06,8.015595836e-06,-8.015587820e-06
3.298000000e-02,-8.053078857e+00,-8.238686821e-05,-1.856903508e-06,8.053004523e-06,-8.052996470e-06
3.300000000e-02,-8.090169944e+00,-8.274181682e-05,-1.840944801e-06,8.090095292e-06,-8.090087202e-06
3.302000000e-02,-8.126941644e+00,-8.309349892e-05,-1.824913416e-06,8.126866678e-06,-8.126858551e-06
3.304000000e-02,-8.163392507e+00,-8.344190064e-05,-1.808809986e-06,8.163317229e-06,-8.163309065e-06
3.306000000e-02,-8.199521093e+00,-8.378700821e-05,-1.792635148e-06,8.199445506e-06,-8.199437306e-06
3.308000000e-02,-8.235325976e+00,-8.412880801e-05,-1.776389540e-06,8.235250083e-06,-8.235241847e-06
3.310000000e-02,-8.270805743e+00,-8.446728656e-05,-1.760073803e-06,8.270729546e-06,-8.270721275e-06
3.312000000e-02,-8.305958992e+00,-8.480243048e-05,-1.743688581e-06,8.305882495e-06,-8.305874189e-06
3.314000000e-02,-8.340784336e+00,-8.513422654e-05,-1.727234522e-06,8.340707543e-06,-8.340699202e-06
3.316000000e-02,-8.375280400e+00,-8.546266165e-05,-1.710712274e-06,8.375203313e-06,-8.375194938e-06
3.318000000e-02,-8.409445823e+00,-8.578772284e-05,-1.694122490e-06,8.409368445e-06,-8.409360035e-06
3.320000000e-02,-8.443279255e+00,-8.610939728e-05,-1.677465825e-06,8.443201589e-06,-8.443193146e-06
3.322000000e-02,-8.476779361e+00,-8.642767227e-05,-1.660742936e-06,8.476701410e-06,-8.476692933e-06
3.324000000e-02,-8.509944818e+00,-8.674253524e-05,-1.643954485e-06,8.509866585e-06,-8.509858075e-06
3.326000000e-02,-8.542774317e+00,-8.705397376e-05,-1.627101132e-06,8.542695806e-06,-8.542687263e-06
3.328000000e-02,-8.575266562e+00,-8.736197554e-05,-1.610183545e-06,8.575187775e-06,-8.575179200e-06
3.330000000e-02,-8.607420270e+00,-8.766652842e-05,-1.593202390e-06,8.607341211e-06,-8.607332603e-06
3.332000000e-02,-8.639234172e+00,-8.796762038e-05,-1.576158339e-06,8.639154844e-06,-8.639146204e-06
3.334000000e-02,-8.670707012e+00,-8.826523953e-05,-1.559052063e-06,8.670627417e-06,-8.670618746e-06
3.336000000e-02,-8.701837547e+00,-8.855937411e-05,-1.541884239e-06,8.701757689e-06,-8.701748987e-06
3.338000000e-02,-8.732624548e+00,-8.885001252e-05,-1.524655544e-06,8.732544431e-06,-8.732535698e-06
3.340000000e-02,-8.763066800e+00,-8.913714329e-05,-1.507366658e-06,8.762986426e-06,-8.762977663e-06
3.342000000e-02,-8.793163102e+00,-8.942075507e-05,-1.490018263e-06,8.793082474e-06,-8.793073681e-06
3.344000000e-02,-8.822912264e+00,-8.970083668e-05,-1.472611046e-06,8.822831386e-06,-8.822822563e-06
3.346000000e-02,-8.852313113e+00,-8.997737705e-05,-1.455145692e-06,8.852231988e-06,-8.852223136e-06
3.348000000e-02,-8.881364488e+00,-9.025036527e-05,-1.437622891e-06,8.881283119e-06,-8.881274238e-06
3.350000000e-02,-8.910065242e+00,-9.051979056e-05,-1.420043336e-06,8.909983632e-06,-8.909974722e-06
3.352000000e-02,-8.938414242e+00,-9.078564228e-05,-1.402407720e-06,8.938332394e-06,-8.938323456e-06
3.354000000e-02,-8.966410368e+00,-9.104790994e-05,-1.384716739e-06,8.966328286e-06,-8.966319320e-06
3.356000000e-02,-8.994052516e+00,-9.130658318e-05,-1.366971092e-06,8.993970203e-06,-8.993961209e-06
3.358000000e-02,-9.021339594e+00,-9.156165180e-05,-1.349171479e-06,9.021257053e-06,-9.021248032e-06
3.360000000e-02,-9.048270525e+00,-9.181310572e-05,-1.331318603e-06,9.048187760e-06,-9.048178711e-06
3.362000000e-02,-9.074844245e+00,-9.206093501e-05,-1.313413169e-06,9.074761259e-06,-9.074752184e-06
3.364000000e-02,-9.101059707e+00,-9.230512990e-05,-1.295455884e-06,9.100976503e-06,-9.100967402e-06
3.366000000e-02,-9.126915874e+00,-9.254568074e-05,-1.277447456e-06,9.126832455e-06,-9.126823328e-06
3.368000000e-02,-9.152411726e+00,-9.278257803e-05,-1.259388597e-06,9.152328096e-06,-9.152318944e-06
3.370000000e-02,-9.177546257e+00,-9.301581243e-05,-1.241280019e-06,9.177462419e-06,-9.177453241e-06
3.372000000e-02,-9.202318474e+00,-9.324537472e-05,-1.223122438e-06,9.202234431e-06,-9.202225228e-06
3.374000000e-02,-9.226727399e+00,-9.347125584e-05,-1.204916570e-06,9.226643154e-06,-9.226633927e-06
3.376000000e-02,-9.250772068e+00,-9.369344688e-05,-1.186663134e-06,9.250687626e-06,-9.250678375e-06
3.378000000e-02,-9.274451533e+00,-9.391193906e-05,-1.168362850e-06,9.274366896e-06,-9.274357621e-06
3.380000000e-02,-9.297764859e+00,-9.412672376e-05,-1.150016442e-06,9.297680030e-06,-9.297670732e-06
3.382000000e-02,-9.320711125e+00,-9.433779250e-05,-1.131624633e-06,9.320626107e-06,-9.320616787e-06
3.384000000e-02,-9.343289425e+00,-9.454513694e-05,-1.113188149e-06,9.343204223e-06,-9.343194879e-06
3.386000000e-02,-9.365498867e+00,-9.474874890e-05,-1.094707718e-06,9.365413484e-06,-9.365404119e-06
3.388000000e-02,-9.387338577e+00,-9.494862035e-05,-1.076184071e-06,9.387253015e-06,-9.387243628e-06
3.390000000e-02,-9.408807690e+00,-9.514474338e-05,-1.057617937e-06,9.408721954e-06,-9.408712545e-06
3.392000000e-02,-9.429905359e+00,-9.533711027e-05,-1.039010051e-06,9.429819452e-06,-9.429810022e-06
3.394000000e-02,-9.450630752e+00,-9.552571341e-05,-1.020361146e-06,9.450544677e-06,-9.450535226e-06
3.396000000e-02,-9.470983050e+00,-9.571054535e-05,-1.001671959e-06,9.470896810e-06,-9.470887339e-06
3.398000000e-02,-9.490961450e+00,-9.589159881e-05,-9.829432275e-07,9.490875049e-06,-9.490865558e-06
3.400000000e-02,-9.510565163e+00,-9.606886663e-05,-9.641756913e-07,9.510478605e-06,-9.510469094e-06
3.402000000e-02,-9.529793415e+00,-9.624234182e-05,-9.453700911e-07,9.529706703e-06,-9.529697173e-06
3.404000000e-02,-9.548645447e+00,-9.641201752e-05,-9.265271693e-07,9.548558584e-06,-9.548549035e-06
3.406000000e-02,-9.567120516e+00,-9.657788705e-05,-9.076476698e-07,9.567033505e-06,-9.567023938e-06
3.408000000e-02,-9.585217890e+00,-9.673994384e-05,-8.887323379e-07,9.585130735e-06,-9.585121150e-06
3.410000000e-02,-9.602936857e+00,-9.689818151e-05,-8.697819204e-07,9.602849562e-06,-9.602839958e-06
3.412000000e-02,-9.620276716e+00,-9.705259380e-05,-8.507971654e-07,9.620189284e-06,-9.620179663e-06
3.414000000e-02,-9.637236783e+00,-9.720317462e-05,-8.317788224e-07,9.637149217e-06,-9.637139580e-06
3.416000000e-02,-9.653816388e+00,-9.734991803e-05,-8.127276422e-07,9.653728692e-06,-9.653719038e-06
3.418000000e-02,-9.670014878e+00,-9.749281822e-05,-7.936443769e-07,9.669927055e-06,-9.669917385e-06
3.420000000e-02,-9.685831611e+00,-9.763186957e-05,-7.745297798e-07,9.685743665e-06,-9.685733979e-06
3.422000000e-02,-9.701265965e+00,-9.776706658e-05,-7.553846057e-07,9.701177899e-06,-9.701168198e-06
3.424000000e-02,-9.716317329e+00,-9.789840392e-05,-7.362096102e-07,9.716229147e-06,-9.716219431e-06
3.426000000e-02,-9.730985110e+00,-9.802587639e-05,-7.170055505e-07,9.730896815e-06,-9.730887084e-06
3.428000000e-02,-9.745268728e+00,-9.814947897e-05,-6.977731846e-07,9.745180324e-06,-9.745170578e-06
3.430000000e-02,-9.759167619e+00,-9.826920677e-05,-6.785132718e-07,9.759079109e-06,-9.759069350e-06
3.432000000e-02,-9.772681236e+00,-9.838505508e-05,-6.592265725e-07,9.772592623e-06,-9.772582851e-06
3.434000000e-02,-9.785809043e+00,-9.849701931e-05,-6.399138480e-07,9.785720332e-06,-9.785710546e-06
3.436000000e-02,-9.798550524e+00,-9.860509505e-05,-6.205758609e-07,9.798461717e-06,-9.798451919e-06
3.438000000e-02,-9.810905174e+00,-9.870927802e-05,-6.012133744e-07,9.810816276e-06,-9.810806465e-06
3.440000000e-02,-9.822872507e+00,-9.880956413e-05,-5.818271531e-07,9.822783521e-06,-9.822773698e-06
3.442000000e-02,-9.834452050e+00,-9.890594940e-05,-5.624179623e-07,9.834362978e-06,-9.834353144e-06
3.444000000e-02,-9.845643345e+00,-9.899843004e-05,-5.429865681e-07,9.845554193e-06,-9.845544347e-06
3.446000000e-02,-9.856445951e+00,-9.908700238e-05,-5.235337378e-07,9.856356721e-06,-9.856346864e-06
3.448000000e-02,-9.866859442e+00,-9.917166294e-05,-5.040602392e-07,9.866770137e-06,-9.866760270e-06
3.450000000e-02,-9.876883406e+00,-9.925240838e-05,-4.845668413e-07,9.876794030e-06,-9.876784153e-06
3.452000000e-02,-9.886517447e+00,-9.932923549e-05,-4.650543134e-07,9.886428005e-06,-9.886418118e-06
3.454000000e-02,-9.895761186e+00,-9.940214126e-05,-4.455234260e-07,9.895671680e-06,-9.895661784e-06
3.456000000e-02,-9.904614257e+00,-9.947112281e-05,-4.259749501e-07,9.904524690e-06,-9.904514786e-06
3.458000000e-02,-9.913076311e+00,-9.953617740e-05,-4.064096575e-07,9.912986688e-06,-9.912976774e-06
3.460000000e-02,-9.921147013e+00,-9.959730248e-05,-3.868283205e-07,9.921057337e-06,-9.921047416e-06
3.462000000e-02,-9.928826046e+00,-9.965449562e-05,-3.672317121e-07,9.928736320e-06,-9.928726391e-06
3.464000000e-02,-9.936113105e+00,-9.970775458e-05,-3.476206061e-07,9.936023334e-06,-9.936013397e-06
3.466000000e-02,-9.943007904e+00,-9.975707724e-05,-3.279957766e-07,9.942918090e-06,-9.942908147e-06
3.468000000e-02,-9.949510170e+00,-9.980246167e-05,-3.083579984e-07,9.949420317e-06,-9.949410367e-06
3.470000000e-02,-9.955619646e+00,-9.984390607e-05,-2.887080468e-07,9.955529758e-06,-9.955519802e-06
3.472000000e-02,-9.961336091e+00,-9.988140880e-05,-2.690466975e-07,9.961246171e-06,-9.961236210e-06
3.474000000e-02,-9.966659280e+00,-9.991496838e-05,-2.493747266e-07,9.966569332e-06,-9.966559365e-06
3.476000000e-02,-9.971589003e+00,-9.994458349e-05,-2.296929109e-07,9.971499030e-06,-9.971489058e-06
3.478000000e-02,-9.976125064e+00,-9.997025296e-05,-2.100020273e-07,9.976035069e-06,-9.976025093e-06
3.480000000e-02,-9.980267284e+00,-9.999197578e-05,-1.903028531e-07,9.980177273e-06,-9.980167292e-06
3.482000000e-02,-9.984015501e+00,-1.000097511e-04,-1.705961662e-07,9.983925475e-06,-9.983915491e-06
3.484000000e-02,-9.987369566e+00,-1.000235782e-04,-1.508827444e-07,9.987279530e-06,-9.987269542e-06
3.486000000e-02,-9.990329347e+00,-1.000334565e-04,-1.311633660e-07,9.990239304e-06,-9.990229313e-06
3.488000000e-02,-9.992894726e+00,-1.000393857e-04,-1.114388095e-07,9.992804680e-06,-9.992794687e-06
3.490000000e-02,-9.995065604e+00,-1.000413655e-04,-9.170985355e-08,9.994975557e-06,-9.994965562e-06
3.492000000e-02,-9.996841893e+00,-1.000393958e-04,-7.197727708e-08,9.996751850e-06,-9.996741853e-06
3.494000000e-02,-9.998223524e+00,-1.000334768e-04,-5.224185908e-08,9.998133489e-06,-9.998123490e-06
3.496000000e-02,-9.999210442e+00,-1.000236086e-04,-3.250437865e-08,9.999120418e-06,-9.999110418e-06
3.498000000e-02,-9.999802609e+00,-1.000097916e-04,-1.276561501e-08,9.999712599e-06,-9.999702599e-06
3.500000000e-02,-1.000000000e+01,-9.999202643e-05,6.973652596e-09,9.999910008e-06,-9.999900008e-06
3.502000000e-02,-9.999802609e+00,-9.997031374e-05,2.671264489e-08,9.999712638e-06,-9.999702638e-06
3.504000000e-02,-9.999210442e+00,-9.994465439e-05,4.645058262e-08,9.999120497e-06,-9.999110497e-06
3.506000000e-02,-9.998223524e+00,-9.991504940e-05,6.618668656e-08,9.998133607e-06,-9.998123609e-06
3.508000000e-02,-9.996841893e+00,-9.988149993e-05,8.592017756e-08,9.996752008e-06,-9.996742011e-06
3.510000000e-02,-9.995065604e+00,-9.984400732e-05,1.056502766e-07,9.994975755e-06,-9.994965760e-06
3.512000000e-02,-9.992894726e+00,-9.980257303e-05,1.253762047e-07,9.992804917e-06,-9.992794924e-06
3.514000000e-02,-9.990329347e+00,-9.975719871e-05,1.450971832e-07,9.990239580e-06,-9.990229589e-06
3.516000000e-02,-9.987369566e+00,-9.970788615e-05,1.648124335e-07,9.987279846e-06,-9.987269858e-06
3.518000000e-02,-9.984015501e+00,-9.965463729e-05,1.845211773e-07,9.983925830e-06,-9.983915846e-06
3.520000000e-02,-9.980267284e+00,-9.959745423e-05,2.042226365e-07,9.980177667e-06,-9.980167687e-06
3.522000000e-02,-9.976125064e+00,-9.953633924e-05,2.239160334e-07,9.976035503e-06,-9.976025527e-06
3.524000000e-02,-9.971589003e+00,-9.947129472e-05,2.436005904e-07,9.971499503e-06,-9.971489531e-06
3.526000000e-02,-9.966659280e+00,-9.940232325e-05,2.632755305e-07,9.966569845e-06,-9.966559878e-06
3.528000000e-02,-9.961336091e+00,-9.932942754e-05,2.829400769e-07,9.961246723e-06,-9.961236762e-06
3.530000000e-02,-9.955619646e+00,-9.925261048e-05,3.025934533e-07,9.955530349e-06,-9.955520393e-06
3.532000000e-02,-9.949510170e+00,-9.917187509e-05,3.222348839e-07,9.949420947e-06,-9.949410998e-06
3.534000000e-02,-9.943007904e+00,-9.908722457e-05,3.418635932e-07,9.942918760e-06,-9.942908817e-06
3.536000000e-02,-9.936113105e+00,-9.899866226e-05,3.614788063e-07,9.936024043e-06,-9.936014106e-06
3.538000000e-02,-9.928826046e+00,-9.890619165e-05,3.810797488e-07,9.928737068e-06,-9.928727139e-06
3.540000000e-02,-9.921147013e+00,-9.880981639e-05,4.006656470e-07,9.921058124e-06,-9.921048203e-06
3.542000000e-02,-9.913076311e+00,-9.870954028e-05,4.202357275e-07,9.912987514e-06,-9.912977601e-06
3.544000000e-02,-9.904614257e+00,-9.860536730e-05,4.397892179e-07,9.904525556e-06,-9.904515652e-06
3.546000000e-02,-9.895761186e+00,-9.849730154e-05,4.593253462e-07,9.895672584e-06,-9.895662689e-06
3.548000000e-02,-9.886517447e+00,-9.838534728e-05,4.788433410e-07,9.886428949e-06,-9.886419062e-06
3.550000000e-02,-9.876883406e+00,-9.826950893e-05,4.983424320e-07,9.876795013e-06,-9.876785136e-06
3.552000000e-02,-9.866859442e+00,-9.814979107e-05,5.178218492e-07,9.866771159e-06,-9.866761292e-06
3.554000000e-02,-9.856445951e+00,-9.802619843e-05,5.372808238e-07,9.856357782e-06,-9.856347925e-06
3.556000000e-02,-9.845643345e+00,-9.789873588e-05,5.567185874e-07,9.845555292e-06,-9.845545446e-06
3.558000000e-02,-9.834452050e+00,-9.776740845e-05,5.761343727e-07,9.834364117e-06,-9.834354282e-06
3.560000000e-02,-9.822872507e+00,-9.763222134e-05,5.955274132e-07,9.822784698e-06,-9.822774875e-06
3.562000000e-02,-9.810905174e+00,-9.749317987e-05,6.148969433e-07,9.810817492e-06,-9.810807681e-06
3.564000000e-02,-9.798550524e+00,-9.735028954e-05,6.342421983e-07,9.798462972e-06,-9.798453173e-06
3.566000000e-02,-9.785809043e+00,-9.720355598e-05,6.535624145e-07,9.785721626e-06,-9.785711840e-06
3.568000000e-02,-9.772681236e+00,-9.705298500e-05,6.728568293e-07,9.772593955e-06,-9.772584183e-06
3.570000000e-02,-9.759167619e+00,-9.689858253e-05,6.921246807e-07,9.759080480e-06,-9.759070721e-06
3.572000000e-02,-9.745268728e+00,-9.674035467e-05,7.113652083e-07,9.745181733e-06,-9.745171987e-06
3.574000000e-02,-9.730985110e+00,-9.657830766e-05,7.305776524e-07,9.730898262e-06,-9.730888531e-06
3.576000000e-02,-9.716317329e+00,-9.641244791e-05,7.497612545e-07,9.716230633e-06,-9.716220917e-06
3.578000000e-02,-9.701265965e+00,-9.624278196e-05,7.689152574e-07,9.701179423e-06,-9.701169722e-06
3.580000000e-02,-9.685831611e+00,-9.606931651e-05,7.880389048e-07,9.685745228e-06,-9.685735542e-06
3.582000000e-02,-9.670014878e+00,-9.589205841e-05,8.071314417e-07,9.669928656e-06,-9.669918985e-06
3.584000000e-02,-9.653816388e+00,-9.571101466e-05,8.261921145e-07,9.653730331e-06,-9.653720677e-06
3.586000000e-02,-9.637236783e+00,-9.552619240e-05,8.452201707e-07,9.637150894e-06,-9.637141257e-06
3.588000000e-02,-9.620276716e+00,-9.533759892e-05,8.642148590e-07,9.620190999e-06,-9.620181378e-06
3.590000000e-02,-9.602936857e+00,-9.514524168e-05,8.831754295e-07,9.602851314e-06,-9.602841711e-06
3.592000000e-02,-9.585217890e+00,-9.494912828e-05,9.021011339e-07,9.585132526e-06,-9.585122941e-06
3.594000000e-02,-9.567120516e+00,-9.474926644e-05,9.209912248e-07,9.567035333e-06,-9.567025766e-06
3.596000000e-02,-9.548645447e+00,-9.454566406e-05,9.398449565e-07,9.548560450e-06,-9.548550902e-06
3.598000000e-02,-9.529793415e+00,-9.433832918e-05,9.586615848e-07,9.529708607e-06,-9.529699077e-06
3.600000000e-02,-9.510565163e+00,-9.412726999e-05,9.774403668e-07,9.510480546e-06,-9.510471036e-06
3.602000000e-02,-9.490961450e+00,-9.391249481e-05,9.961805611e-07,9.490877028e-06,-9.490867537e-06
3.604000000e-02,-9.470983050e+00,-9.369401213e-05,1.014881428e-06,9.470898827e-06,-9.470889356e-06
3.606000000e-02,-9.450630752e+00,-9.347183057e-05,1.033542229e-06,9.450546731e-06,-9.450537280e-06
3.608000000e-02,-9.429905359e+00,-9.324595890e-05,1.052162227e-06,9.429821543e-06,-9.429812113e-06
3.610000000e-02,-9.408807690e+00,-9.301640604e-05,1.070740688e-06,9.408724082e-06,-9.408714673e-06
3.612000000e-02,-9.387338577e+00,-9.278318105e-05,1.089276878e-06,9.387255181e-06,-9.387245793e-06
3.614000000e-02,-9.365498867e+00,-9.254629315e-05,1.107770066e-06,9.365415687e-06,-9.365406321e-06
3.616000000e-02,-9.343289425e+00,-9.230575167e-05,1.126219520e-06,9.343206462e-06,-9.343197119e-06
3.618000000e-02,-9.320711125e+00,-9.206156612e-05,1.144624513e-06,9.320628384e-06,-9.320619063e-06
3.620000000e-02,-9.297764859e+00,-9.181374613e-05,1.162984318e-06,9.297682343e-06,-9.297673045e-06
3.622000000e-02,-9.274451533e+00,-9.156230150e-05,1.181298211e-06,9.274369245e-06,-9.274359971e-06
3.624000000e-02,-9.250772068e+00,-9.130724214e-05,1.199565468e-06,9.250690012e-06,-9.250680761e-06
3.626000000e-02,-9.226727399e+00,-9.104857813e-05,1.217785368e-06,9.226645577e-06,-9.226636350e-06
3.628000000e-02,-9.202318474e+00,-9.078631968e-05,1.235957192e-06,9.202236890e-06,-9.202227687e-06
3.630000000e-02,-9.177546257e+00,-9.052047714e-05,1.254080223e-06,9.177464914e-06,-9.177455736e-06
3.632000000e-02,-9.152411726e+00,-9.025106101e-05,1.272153745e-06,9.152330628e-06,-9.152321475e-06
3.634000000e-02,-9.126915874e+00,-8.997808191e-05,1.290177044e-06,9.126835023e-06,-9.126825896e-06
3.636000000e-02,-9.101059707e+00,-8.970155064e-05,1.308149409e-06,9.100979106e-06,-9.100970005e-06
3.638000000e-02,-9.074844245e+00,-8.942147811e-05,1.326070131e-06,9.074763899e-06,-9.074754824e-06
3.640000000e-02,-9.048270525e+00,-8.913787537e-05,1.343938502e-06,9.048190435e-06,-9.048181387e-06
3.642000000e-02,-9.021339594e+00,-8.885075361e-05,1.361753816e-06,9.021259764e-06,-9.021250743e-06
3.644000000e-02,-8.994052516e+00,-8.856012418e-05,1.379515371e-06,8.993972950e-06,-8.993963955e-06
3.646000000e-02,-8.966410368e+00,-8.826599855e-05,1.397222465e-06,8.966331068e-06,-8.966322102e-06
3.648000000e-02,-8.938414242e+00,-8.796838833e-05,1.414874399e-06,8.938335212e-06,-8.938326273e-06
3.650000000e-02,-8.910065242e+00,-8.766730527e-05,1.432470476e-06,8.909986485e-06,-8.909977574e-06
3.652000000e-02,-8.881364488e+00,-8.736276125e-05,1.450010001e-06,8.881286007e-06,-8.881277125e-06
3.654000000e-02,-8.852313113e+00,-8.705476830e-05,1.467492283e-06,8.852234911e-06,-8.852226058e-06
3.656000000e-02,-8.822912264e+00,-8.674333858e-05,1.484916631e-06,8.822834344e-06,-8.822825521e-06
3.658000000e-02,-8.793163102e+00,-8.642848438e-05,1.502282356e-06,8.793085467e-06,-8.793076673e-06
3.660000000e-02,-8.763066800e+00,-8.611021813e-05,1.519588774e-06,8.762989453e-06,-8.762980690e-06
3.662000000e-02,-8.732624548e+00,-8.578855239e-05,1.536835202e-06,8.732547492e-06,-8.732538759e-06
3.664000000e-02,-8.701837547e+00,-8.546349987e-05,1.554020957e-06,8.701760785e-06,-8.701752083e-06
3.666000000e-02,-8.670707012e+00,-8.513507340e-05,1.571145363e-06,8.670630547e-06,-8.670621876e-06
3.668000000e-02,-8.639234172e+00,-8.480328594e-05,1.588207742e-06,8.639158008e-06,-8.639149369e-06
3.670000000e-02,-8.607420270e+00,-8.446815060e-05,1.605207422e-06,8.607344409e-06,-8.607335802e-06
3.672000000e-02,-8.575266562e+00,-8.412968059e-05,1.622143731e-06,8.575191008e-06,-8.575182432e-06
3.674000000e-02,-8.542774317e+00,-8.378788929e-05,1.639016001e-06,8.542699072e-06,-8.542690529e-06
3.676000000e-02,-8.509944818e+00,-8.344279019e-05,1.655823564e-06,8.509869885e-06,-8.509861375e-06
3.678000000e-02,-8.476779361e+00,-8.309439690e-05,1.672565759e-06,8.476704743e-06,-8.476696266e-06
3.680000000e-02,-8.443279255e+00,-8.274272320e-05,1.689241924e-06,8.443204956e-06,-8.443196512e-06
3.682000000e-02,-8.409445823e+00,-8.238778295e-05,1.705851400e-06,8.409371845e-06,-8.409363435e-06
3.684000000e-02,-8.375280400e+00,-8.202959017e-05,1.722393533e-06,8.375206746e-06,-8.375198371e-06
3.686000000e-02,-8.340784336e+00,-8.166815901e-05,1.738867668e-06,8.340711009e-06,-8.340702668e-06
3.688000000e-02,-8.305958992e+00,-8.130350373e-05,1.755273156e-06,8.305885994e-06,-8.305877688e-06
3.690000000e-02,-8.270805743e+00,-8.093563872e-05,1.771609348e-06,8.270733078e-06,-8.270724807e-06
3.692000000e-02,-8.235325976e+00,-8.056457852e-05,1.787875601e-06,8.235253647e-06,-8.235245412e-06
3.694000000e-02,-8.199521093e+00,-8.019033776e-05,1.804071271e-06,8.199449102e-06,-8.199440903e-06
3.696000000e-02,-8.163392507e+00,-7.981293122e-05,1.820195719e-06,8.163320858e-06,-8.163312694e-06
3.698000000e-02,-8.126941644e+00,-7.943237381e-05,1.836248309e-06,8.126870339e-06,-8.126862212e-06
3.700000000e-02,-8.090169944e+00,-7.904868054e-05,1.852228408e-06,8.090098985e-06,-8.090090895e-06
3.702000000e-02,-8.053078857e+00,-7.866186657e-05,1.868135383e-06,8.053008248e-06,-8.053000195e-06
3.704000000e-02,-8.015669849e+00,-7.827194716e-05,1.883968608e-06,8.015599592e-06,-8.015591577e-06
3.706000000e-02,-7.977944395e+00,-7.787893771e-05,1.899727457e-06,7.977874494e-06,-7.977866516e-06
3.708000000e-02,-7.939903986e+00,-7.748285373e-05,1.915411308e-06,7.939834444e-06,-7.939826504e-06
3.710000000e-02,-7.901550124e+00,-7.708371086e-05,1.931019541e-06,7.901480942e-06,-7.901473040e-06
3.712000000e-02,-7.862884321e+00,-7.668152486e-05,1.946551542e-06,7.862815503e-06,-7.862807640e-06
3.714000000e-02,-7.823908106e+00,-7.627631160e-05,1.962006696e-06,7.823839653e-06,-7.823831829e-06
3.716000000e-02,-7.784623016e+00,-7.586808708e-05,1.977384393e-06,7.784554932e-06,-7.784547148e-06
3.718000000e-02,-7.745030602e+00,-7.545686742e-05,1.992684026e-06,7.744962890e-06,-7.744955145e-06
3.720000000e-02,-7.705132428e+00,-7.504266886e-05,2.007904992e-06,7.705065090e-06,-7.705057385e-06
3.722000000e-02,-7.664930068e+00,-7.462550774e-05,2.023046689e-06,7.664863108e-06,-7.664855443e-06
3.724000000e-02,-7.624425110e+00,-7.420540053e-05,2.038108520e-06,7.624358529e-06,-7.624350905e-06
3.726000000e-02,-7.583619153e+00,-7.378236382e-05,2.053089889e-06,7.583552954e-06,-7.583545370e-06
3.728000000e-02,-7.542513807e+00,-7.335641430e-05,2.067990206e-06,7.542447993e-06,-7.542440451e-06
3.730000000e-02,-7.501110696e+00,-7.292756880e-05,2.082808883e-06,7.501045270e-06,-7.501037769e-06
3.732000000e-02,-7.459411454e+00,-7.249584425e-05,2.097545333e-06,7.459346418e-06,-7.459338958e-06
3.734000000e-02,-7.417417727e+00,-7.206125768e-05,2.112198977e-06,7.417353084e-06,-7.417345666e-06
3.736000000e-02,-7.375131174e+00,-7.162382626e-05,2.126769234e-06,7.375066925e-06,-7.375059550e-06
3.738000000e-02,-7.332553462e+00,-7.118356726e-05,2.141255530e-06,7.332489611e-06,-7.332482279e-06
3.740000000e-02,-7.289686274e+00,-7.074049804e-05,2.155657293e-06,7.289622823e-06,-7.289615534e-06
3.742000000e-02,-7.246531302e+00,-7.029463612e-05,2.169973954e-06,7.246468254e-06,-7.246461007e-06
3.744000000e-02,-7.203090249e+00,-6.984599908e-05,2.184204948e-06,7.203027606e-06,-7.203020403e-06
3.746000000e-02,-7.159364830e+00,-6.939460464e-05,2.198349714e-06,7.159302595e-06,-7.159295436e-06
3.748000000e-02,-7.115356772e+00,-6.894047062e-05,2.212407692e-06,7.115294947e-06,-7.115287832e-06
3.750000000e-02,-7.071067812e+00,-6.848361495e-05,2.226378329e-06,7.071006399e-06,-7.070999328e-06
3.752000000e-02,-7.026499698e+00,-6.802405567e-05,2.240261072e-06,7.026438700e-06,-7.026431674e-06
3.754000000e-02,-6.981654190e+00,-6.756181091e-05,2.254055373e-06,6.981593610e-06,-6.981586628e-06
3.756000000e-02,-6.936533058e+00,-6.709689892e-05,2.267760688e-06,6.936472898e-06,-6.936465961e-06
3.758000000e-02,-6.891138084e+00,-6.662933807e-05,2.281376476e-06,6.891078346e-06,-6.891071454e-06
3.760000000e-02,-6.845471059e+00,-6.615914680e-05,2.294902199e-06,6.845411746e-06,-6.845404900e-06
3.762000000e-02,-6.799533787e+00,-6.568634369e-05,2.308337323e-06,6.799474900e-06,-6.799468101e-06
3.764000000e-02,-6.753328081e+00,-6.521094738e-05,2.321681318e-06,6.753269624e-06,-6.753262870e-06
3.766000000e-02,-6.706855765e+00,-6.473297667e-05,2.334933656e-06,6.706797739e-06,-6.706791032e-06
3.768000000e-02,-6.660118674e+00,-6.425245040e-05,2.348093816e-06,6.660061082e-06,-6.660054422e-06
3.770000000e-02,-6.613118653e+00,-6.376938756e-05,2.361161277e-06,6.613061497e-06,-6.613054884e-06
3.772000000e-02,-6.565857558e+00,-6.328380721e-05,2.374135523e-06,6.565800840e-06,-6.565794274e-06
3.774000000e-02,-6.518337253e+00,-6.279572853e-05,2.387016043e-06,6.518280976e-06,-6.518274457e-06
3.776000000e-02,-6.470559616e+00,-6.230517078e-05,2.399802327e-06,6.470503781e-06,-6.470497310e-06
3.778000000e-02,-6.422526532e+00,-6.181215332e-05,2.412493871e-06,6.422471142e-06,-6.422464720e-06
3.780000000e-02,-6.374239897e+00,-6.131669563e-05,2.425090174e-06,6.374184955e-06,-6.374178581e-06
3.782000000e-02,-6.325701619e+00,-6.081881726e-05,2.437590739e-06,6.325647126e-06,-6.325640800e-06
3.784000000e-02,-6.276913613e+00,-6.031853787e-05,2.449995072e-06,6.276859571e-06,-6.276853294e-06
3.786000000e-02,-6.227877805e+00,-5.981587721e-05,2.462302683e-06,6.227824217e-06,-6.227817989e-06
3.788000000e-02,-6.178596131e+00,-5.931085511e-05,2.474513086e-06,6.178542999e-06,-6.178536820e-06
3.790000000e-02,-6.129070537e+00,-5.880349153e-05,2.486625800e-06,6.129017862e-06,-6.129011733e-06
3.792000000e-02,-6.079302977e+00,-5.829380648e-05,2.498640347e-06,6.079250762e-06,-6.079244683e-06
3.794000000e-02,-6.029295417e+00,-5.778182010e-05,2.510556251e-06,6.029243664e-06,-6.029237635e-06
3.796000000e-02,-5.979049831e+00,-5.726755259e-05,2.522373043e-06,5.978998542e-06,-5.978992563e-06
3.798000000e-02,-5.928568202e+00,-5.675102425e-05,2.534090255e-06,5.928517379e-06,-5.928511451e-06
3.800000000e-02,-5.877852523e+00,-5.623225548e-05,2.545707427e-06,5.877802169e-06,-5.877796291e-06
3.802000000e-02,-5.826904797e+00,-5.571126676e-05,2.557224098e-06,5.826854912e-06,-5.826849085e-06
3.804000000e-02,-5.775727034e+00,-5.518807865e-05,2.568639814e-06,5.775677622e-06,-5.775671846e-06
3.806000000e-02,-5.724321256e+00,-5.466271181e-05,2.579954125e-06,5.724272318e-06,-5.724266593e-06
3.808000000e-02,-5.672689491e+00,-5.413518698e-05,2.591166584e-06,5.672641029e-06,-5.672635356e-06
3.810000000e-02,-5.620833779e+00,-5.360552498e-05,2.602276747e-06,5.620785794e-06,-5.620780173e-06
3.812000000e-02,-5.568756165e+00,-5.307374673e-05,2.613284178e-06,5.568708660e-06,-5.568703091e-06
3.814000000e-02,-5.516458706e+00,-5.253987322e-05,2.624188440e-06,5.516411683e-06,-5.516406166e-06
3.816000000e-02,-5.463943467e+00,-5.200392553e-05,2.634989104e-06,5.463896927e-06,-5.463891463e-06
3.818000000e-02,-5.411212521e+00,-5.146592481e-05,2.645685743e-06,5.411166467e-06,-5.411161055e-06
3.820000000e-02,-5.358267950e+00,-5.092589230e-05,2.656277935e-06,5.358222382e-06,-5.358217024e-06
3.822000000e-02,-5.305111843e+00,-5.038384933e-05,2.666765262e-06,5.305066764e-06,-5.305061459e-06
3.824000000e-02,-5.251746300e+00,-4.983981729e-05,2.677147309e-06,5.251701712e-06,-5.251696460e-06
3.826000000e-02,-5.198173426e+00,-4.929381766e-05,2.687423667e-06,5.198129331e-06,-5.198124132e-06
3.828000000e-02,-5.144395338e+00,-4.874587199e-05,2.697593930e-06,5.144351736e-06,-5.144346592e-06
3.830000000e-02,-5.090414158e+00,-4.819600192e-05,2.707657697e-06,5.090371052e-06,-5.090365961e-06
3.832000000e-02,-5.036232016e+00,-4.764422915e-05,2.717614570e-06,5.036189408e-06,-5.036184372e-06
3.834000000e-02,-4.981851053e+00,-4.709057547e-05,2.727464157e-06,4.981808945e-06,-4.981803963e-06
3.836000000e-02,-4.927273415e+00,-4.653506274e-05,2.737206067e-06,4.927231808e-06,-4.927226880e-06
3.838000000e-02,-4.872501257e+00,-4.597771288e-05,2.746839918e-06,4.872460152e-06,-4.872455280e-06
3.840000000e-02,-4.817536741e+00,-4.541854790e-05,2.756365328e-06,4.817496140e-06,-4.817491322e-06
3.842000000e-02,-4.762382037e+00,-4.485758987e-05,2.765781921e-06,4.762341941e-06,-4.762337179e-06
3.844000000e-02,-4.707039322e+00,-4.429486094e-05,2.775089327e-06,4.706999734e-06,-4.706995027e-06
3.846000000e-02,-4.651510781e+00,-4.373038333e-05,2.784287176e-06,4.651471702e-06,-4.651467050e-06
3.848000000e-02,-4.595798606e+00,-4.316417931e-05,2.793375106e-06,4.595760038e-06,-4.595755442e-06
3.850000000e-02,-4.539904997e+00,-4.259627125e-05,2.802352759e-06,4.539866941e-06,-4.539862401e-06
3.852000000e-02,-4.483832161e+00,-4.202668156e-05,2.811219780e-06,4.483794618e-06,-4.483790134e-06
3.854000000e-02,-4.427582310e+00,-4.145543273e-05,2.819975818e-06,4.427545283e-06,-4.427540855e-06
3.856000000e-02,-4.371157667e+00,-4.088254731e-05,2.828620529e-06,4.371121155e-06,-4.371116784e-06
3.858000000e-02,-4.314560457e+00,-4.030804792e-05,2.837153571e-06,4.314524463e-06,-4.314520149e-06
3.860000000e-02,-4.257792916e+00,-3.973195723e-05,2.845574606e-06,4.257757441e-06,-4.257753184e-06
3.862000000e-02,-4.200857284e+00,-3.915429799e-05,2.853883303e-06,4.200822331e-06,-4.200818130e-06
3.864000000e-02,-4.143755810e+00,-3.857509301e-05,2.862079334e-06,4.143721379e-06,-4.143717235e-06
3.866000000e-02,-4.086490747e+00,-3.799436515e-05,2.870162375e-06,4.086456839e-06,-4.086452753e-06
3.868000000e-02,-4.029064357e+00,-3.741213734e-05,2.878132107e-06,4.029030974e-06,-4.029026945e-06
3.870000000e-02,-3.971478906e+00,-3.682843256e-05,2.885988215e-06,3.971446049e-06,-3.971442078e-06
3.872000000e-02,-3.913736668e+00,-3.624327386e-05,2.893730389e-06,3.913704339e-06,-3.913700425e-06
3.874000000e-02,-3.855839923e+00,-3.565668434e-05,2.901358324e-06,3.855808122e-06,-3.855804266e-06
3.876000000e-02,-3.797790955e+00,-3.506868715e-05,2.908871718e-06,3.797759684e-06,-3.797755887e-06
3.878000000e-02,-3.739592057e+00,-3.447930551e-05,2.916270274e-06,3.739561318e-06,-3.739557578e-06
3.880000000e-02,-3.681245527e+00,-3.388856268e-05,2.923553702e-06,3.681215320e-06,-3.681211638e-06
3.882000000e-02,-3.622753667e+00,-3.329648199e-05,2.930721712e-06,3.622723993e-06,-3.622720371e-06
3.884000000e-02,-3.564118787e+00,-3.270308682e-05,2.937774022e-06,3.564089648e-06,-3.564086084e-06
3.886000000e-02,-3.505343202e+00,-3.210840058e-05,2.944710355e-06,3.505314599e-06,-3.505311093e-06
3.888000000e-02,-3.446429232e+00,-3.151244676e-05,2.951530435e-06,3.446401166e-06,-3.446397719e-06
3.890000000e-02,-3.387379202e+00,-3.091524888e-05,2.958233994e-06,3.387351675e-06,-3.387348287e-06
3.892000000e-02,-3.328195445e+00,-3.031683052e-05,2.964820766e-06,3.328168457e-06,-3.328165128e-06
3.894000000e-02,-3.268880297e+00,-2.971721530e-05,2.971290493e-06,3.268853848e-06,-3.268850579e-06
3.896000000e-02,-3.209436098e+00,-2.911642690e-05,2.977642918e-06,3.209410191e-06,-3.209406982e-06
3.898000000e-02,-3.149865197e+00,-2.851448903e-05,2.983877791e-06,3.149839832e-06,-3.149836682e-06
3.900000000e-02,-3.090169944e+00,-2.791142546e-05,2.989994866e-06,3.090145122e-06,-3.090142032e-06
3.902000000e-02,-3.030352696e+00,-2.730725999e-05,2.995993901e-06,3.030328419e-06,-3.030325389e-06
3.904000000e-02,-2.970415816e+00,-2.670201648e-05,3.001874659e-06,2.970392084e-06,-2.970389114e-06
3.906000000e-02,-2.910361668e+00,-2.609571882e-05,3.007636908e-06,2.910338483e-06,-2.910335573e-06
3.908000000e-02,-2.850192625e+00,-2.548839094e-05,3.013280421e-06,2.850169987e-06,-2.850167136e-06
3.910000000e-02,-2.789911060e+00,-2.488005683e-05,3.018804974e-06,2.789888970e-06,-2.789886180e-06
3.912000000e-02,-2.729519355e+00,-2.427074049e-05,3.024210351e-06,2.729497814e-06,-2.729495084e-06
3.914000000e-02,-2.669019893e+00,-2.366046599e-05,3.029496336e-06,2.668998902e-06,-2.668996233e-06
3.916000000e-02,-2.608415063e+00,-2.304925741e-05,3.034662723e-06,2.608394622e-06,-2.608392014e-06
3.918000000e-02,-2.547707257e+00,-2.243713889e-05,3.039709306e-06,2.547687367e-06,-2.547684820e-06
3.920000000e-02,-2.486898872e+00,-2.182413459e-05,3.044635887e-06,2.486879534e-06,-2.486877047e-06
3.922000000e-02,-2.425992308e+00,-2.121026871e-05,3.049442270e-06,2.425973524e-06,-2.425971098e-06
3.924000000e-02,-2.364989970e+00,-2.059556548e-05,3.054128267e-06,2.364971740e-06,-2.364969375e-06
3.926000000e-02,-2.303894267e+00,-1.998004917e-05,3.058693692e-06,2.303876591e-06,-2.303874287e-06
3.928000000e-02,-2.242707609e+00,-1.936374409e-05,3.063138365e-06,2.242690488e-06,-2.242688246e-06
3.930000000e-02,-2.181432414e+00,-1.874667456e-05,3.067462111e-06,2.181415849e-06,-2.181413667e-06
3.932000000e-02,-2.120071099e+00,-1.812886494e-05,3.071664758e-06,2.120055090e-06,-2.120052970e-06
3.934000000e-02,-2.058626088e+00,-1.751033963e-05,3.075746142e-06,2.058610636e-06,-2.058608577e-06
3.936000000e-02,-1.997099805e+00,-1.689112304e-05,3.079706100e-06,1.997084911e-06,-1.997082914e-06
3.938000000e-02,-1.935494681e+00,-1.627123962e-05,3.083544477e-06,1.935480345e-06,-1.935478409e-06
3.940000000e-02,-1.873813146e+00,-1.565071383e-05,3.087261120e-06,1.873799369e-06,-1.873797495e-06
3.942000000e-02,-1.812057636e+00,-1.502957018e-05,3.090855884e-06,1.812044419e-06,-1.812042607e-06
3.944000000e-02,-1.750230590e+00,-1.440783319e-05,3.094328627e-06,1.750217932e-06,-1.750216182e-06
3.946000000e-02,-1.688334447e+00,-1.378552741e-05,3.097679210e-06,1.688322350e-06,-1.688320662e-06
3.948000000e-02,-1.626371652e+00,-1.316267739e-05,3.100907502e-06,1.626360116e-06,-1.626358489e-06
3.950000000e-02,-1.564344650e+00,-1.253930773e-05,3.104013376e-06,1.564333675e-06,-1.564332111e-06
3.952000000e-02,-1.502255891e+00,-1.191544305e-05,3.106996709e-06,1.502245478e-06,-1.502243976e-06
3.954000000e-02,-1.440107826e+00,-1.129110796e-05,3.109857382e-06,1.440097975e-06,-1.440096534e-06
3.956000000e-02,-1.377902907e+00,-1.066632712e-05,3.112595284e-06,1.377893618e-06,-1.377892241e-06
3.958000000e-02,-1.315643591e+00,-1.004112519e-05,3.115210306e-06,1.315634865e-06,-1.315633550e-06
3.960000000e-02,-1.253332336e+00,-9.415526856e-06,3.117702345e-06,1.253324173e-06,-1.253322920e-06
3.962000000e-02,-1.190971601e+00,-8.789556812e-06,3.120071302e-06,1.190964002e-06,-1.190962811e-06
3.964000000e-02,-1.128563849e+00,-8.163239770e-06,3.122317085e-06,1.128556814e-06,-1.128555685e-06
3.966000000e-02,-1.066111543e+00,-7.536600459e-06,3.124439603e-06,1.066105072e-06,-1.066104006e-06
3.968000000e-02,-1.003617149e+00,-6.909663615e-06,3.126438774e-06,1.003611242e-06,-1.003610239e-06
3.970000000e-02,-9.410831332e-01,-6.282453989e-06,3.128314518e-06,9.410777918e-07,-9.410768507e-07
3.972000000e-02,-8.785119655e-01,-5.654996343e-06,3.130066762e-06,8.785071890e-07,-8.785063105e-07
3.974000000e-02,-8.159061157e-01,-5.027315447e-06,3.131695437e-06,8.159019043e-07,-8.159010884e-07
3.976000000e-02,-7.532680553e-01,-4.399436081e-06,3.133200477e-06,7.532644091e-07,-7.532636558e-07
3.978000000e-02,-6.906002571e-01,-3.771383034e-06,3.134581824e-06,6.905971764e-07,-6.905964858e-07
3.980000000e-02,-6.279051953e-01,-3.143181098e-06,3.135839423e-06,6.279026800e-07,-6.279020521e-07
3.982000000e-02,-5.651853448e-01,-2.514855075e-06,3.136973224e-06,5.651833952e-07,-5.651828300e-07
3.984000000e-02,-5.024431818e-01,-1.886429770e-06,3.137983183e-06,5.024417978e-07,-5.024412954e-07
3.986000000e-02,-4.396811832e-01,-1.257929992e-06,3.138869260e-06,4.396803649e-07,-4.396799253e-07
3.988000000e-02,-3.769018267e-01,-6.293805531e-07,3.139631420e-06,3.769015742e-07,-3.769011973e-07
3.990000000e-02,-3.141075908e-01,-8.062672724e-10,3.140269633e-06,3.141079041e-07,-3.141075900e-07
3.992000000e-02,-2.513009544e-01,6.277680504e-07,3.140783872e-06,2.513018335e-07,-2.513015822e-07
3.994000000e-02,-1.884843972e-01,1.256317585e-06,3.141174120e-06,1.884858420e-07,-1.884856535e-07
3.996000000e-02,-1.256603988e-01,1.884817522e-06,3.141440359e-06,1.256624093e-07,-1.256622837e-07
3.998000000e-02,-6.283143966e-02,2.513243050e-06,3.141582579e-06,6.283401573e-08,-6.283395291e-08
4.000000000e-02,-4.054992181e-12,3.141569359e-06,3.141600775e-06,3.141573414e-12,-3.141579698e-12
4.002000000e-02,6.283143965e-02,6.282854005e-02,5.702934635e-02,-5.799193705e-04,5.799193704e-04
4.004000000e-02,1.256603988e-01,1.256494234e-01,1.036986219e-01,-2.195080151e-03,2.195080151e-03
4.006000000e-02,1.884843972e-01,1.884611102e-01,1.418871927e-01,-4.657391748e-03,4.657391747e-03
4.008000000e-02,2.513009544e-01,2.512618900e-01,1.731330906e-01,-7.812879945e-03,7.812879944e-03
4.010000000e-02,3.141075908e-01,3.140499133e-01,1.986950072e-01,-1.153549062e-02,1.153549062e-02
4.012000000e-02,3.769018267e-01,3.768232166e-01,2.196030282e-01,-1.572201884e-02,1.572201884e-02
4.014000000e-02,4.396811832e-01,4.395797434e-01,2.367001538e-01,-2.028795896e-02,2.028795896e-02
4.016000000e-02,5.024431818e-01,5.023173613e-01,2.506762770e-01,-2.516410843e-02,2.516410843e-02
4.018000000e-02,5.651853448e-01,5.650338759e-01,2.620959917e-01,-3.029378842e-02,3.029378842e-02
4.020000000e-02,6.279051953e-01,6.277270424e-01,2.714213498e-01,-3.563056926e-02,3.563056926e-02
4.022000000e-02,6.906002571e-01,6.903945751e-01,2.790304854e-01,-4.113640897e-02,4.113640897e-02
4.024000000e-02,7.532680553e-01,7.530341546e-01,2.852328557e-01,-4.678012989e-02,4.678012989e-02
4.026000000e-02,8.159061157e-01,8.156434348e-01,2.902817148e-01,-5.253617200e-02,5.253617200e-02
4.028000000e-02,8.785119655e-01,8.782200476e-01,2.943843213e-01,-5.838357264e-02,5.838357263e-02
4.030000000e-02,9.410831332e-01,9.407616075e-01,2.977102922e-01,-6.430513153e-02,6.430513153e-02
4.032000000e-02,1.003617149e+00,1.003265715e+00,3.003984396e-01,-7.028672753e-02,7.028672753e-02
4.034000000e-02,1.066111543e+00,1.065729959e+00,3.025623655e-01,-7.631675935e-02,7.631675934e-02
4.036000000e-02,1.128563849e+00,1.128151920e+00,3.042950409e-01,-8.238568795e-02,8.238568794e-02
4.038000000e-02,1.190971601e+00,1.190529173e+00,3.056725524e-01,-8.848566203e-02,8.848566202e-02
4.040000000e-02,1.253332336e+00,1.252859285e+00,3.067571695e-01,-9.461021151e-02,9.461021151e-02
4.042000000e-02,1.315643591e+00,1.315139821e+00,3.075998538e-01,-1.007539967e-01,1.007539967e-01
4.044000000e-02,1.377902907e+00,1.377368344e+00,3.082423127e-01,-1.069126031e-01,1.069126031e-01
4.046000000e-02,1.440107826e+00,1.439542414e+00,3.087186808e-01,-1.130823733e-01,1.130823733e-01
4.048000000e-02,1.502255891e+00,1.501659590e+00,3.090568949e-01,-1.192602695e-01,1.192602695e-01
4.050000000e-02,1.564344650e+00,1.563717432e+00,3.092798199e-01,-1.254437612e-01,1.254437612e-01
4.052000000e-02,1.626371652e+00,1.625713498e+00,3.094061700e-01,-1.316307328e-01,1.316307328e-01
4.054000000e-02,1.688334447e+00,1.687645350e+00,3.094512628e-01,-1.378194087e-01,1.378194087e-01
4.056000000e-02,1.750230590e+00,1.749510548e+00,3.094276362e-01,-1.440082912e-01,1.440082912e-01
4.058000000e-02,1.812057636e+00,1.811306656e+00,3.093455532e-01,-1.501961103e-01,1.501961102e-01
4.060000000e-02,1.873813146e+00,1.873031237e+00,3.092134155e-01,-1.563817821e-01,1.563817821e-01
4.062000000e-02,1.935494681e+00,1.934681859e+00,3.090381012e-01,-1.625643757e-01,1.625643757e-01
4.064000000e-02,1.997099805e+00,1.996256090e+00,3.088252420e-01,-1.687430848e-01,1.687430848e-01
4.066000000e-02,2.058626088e+00,2.057751502e+00,3.085794494e-01,-1.749172052e-01,1.749172052e-01
4.068000000e-02,2.120071099e+00,2.119165669e+00,3.083045002e-01,-1.810861168e-01,1.810861168e-01
4.070000000e-02,2.181432414e+00,2.180496168e+00,3.080034883e-01,-1.872492679e-01,1.872492679e-01
4.072000000e-02,2.242707609e+00,2.241740579e+00,3.076789485e-01,-1.934061630e-01,1.934061630e-01
4.074000000e-02,2.303894267e+00,2.302896485e+00,3.073329583e-01,-1.995563527e-01,1.995563527e-01
4.076000000e-02,2.364989970e+00,2.363961473e+00,3.069672212e-01,-2.056994252e-01,2.056994252e-01
4.078000000e-02,2.425992308e+00,2.424933133e+00,3.065831345e-01,-2.118349999e-01,2.118349998e-01
4.080000000e-02,2.486898872e+00,2.485809058e+00,3.061818450e-01,-2.179627213e-01,2.179627213e-01
4.082000000e-02,2.547707257e+00,2.546586846e+00,3.057642948e-01,-2.240822551e-01,2.240822551e-01
4.084000000e-02,2.608415063e+00,2.607264096e+00,3.053312582e-01,-2.301932838e-01,2.301932838e-01
4.086000000e-02,2.669019893e+00,2.667838416e+00,3.048833727e-01,-2.362955043e-01,2.362955043e-01
4.088000000e-02,2.729519355e+00,2.728307412e+00,3.044211636e-01,-2.423886248e-01,2.423886248e-01
4.090000000e-02,2.789911060e+00,2.788668699e+00,3.039450646e-01,-2.484723634e-01,2.484723634e-01
4.092000000e-02,2.850192625e+00,2.848919892e+00,3.034554343e-01,-2.545464458e-01,2.545464458e-01
4.094000000e-02,2.910361668e+00,2.909058615e+00,3.029525705e-01,-2.606106045e-01,2.606106045e-01
4.096000000e-02,2.970415816e+00,2.969082493e+00,3.024367206e-01,-2.666645772e-01,2.666645772e-01
4.098000000e-02,3.030352696e+00,3.028989156e+00,3.019080914e-01,-2.727081064e-01,2.727081064e-01
4.100000000e-02,3.090169944e+00,3.088776239e+00,3.013668562e-01,-2.787409383e-01,2.787409383e-01
4.102000000e-02,3.149865197e+00,3.148441382e+00,3.008131612e-01,-2.847628221e-01,2.847628221e-01
4.104000000e-02,3.209436098e+00,3.207982231e+00,3.002471304e-01,-2.907735100e-01,2.907735100e-01
4.106000000e-02,3.268880297e+00,3.267396433e+00,2.996688698e-01,-2.967727563e-01,2.967727563e-01
4.108000000e-02,3.328195445e+00,3.326681644e+00,2.990784704e-01,-3.027603173e-01,3.027603173e-01
4.110000000e-02,3.387379202e+00,3.385835523e+00,2.984760118e-01,-3.087359511e-01,3.087359511e-01
4.112000000e-02,3.446429232e+00,3.444855735e+00,2.978615634e-01,-3.146994171e-01,3.146994171e-01
4.114000000e-02,3.505343202e+00,3.503739950e+00,2.972351869e-01,-3.206504763e-01,3.206504763e-01
4.116000000e-02,3.564118787e+00,3.562485843e+00,2.965969379e-01,-3.265888905e-01,3.265888905e-01
4.118000000e-02,3.622753667e+00,3.621091095e+00,2.959468666e-01,-3.325144228e-01,3.325144228e-01
4.120000000e-02,3.681245527e+00,3.679553393e+00,2.952850192e-01,-3.384268374e-01,3.384268373e-01
4.122000000e-02,3.739592057e+00,3.737870428e+00,2.946114387e-01,-3.443258989e-01,3.443258989e-01
4.124000000e-02,3.797790955e+00,3.796039898e+00,2.939261654e-01,-3.502113733e-01,3.502113733e-01
4.126000000e-02,3.855839923e+00,3.854059508e+00,2.932292377e-01,-3.560830270e-01,3.560830270e-01
4.128000000e-02,3.913736668e+00,3.911926965e+00,2.925206922e-01,-3.619406273e-01,3.619406273e-01
4.130000000e-02,3.971478906e+00,3.969639987e+00,2.918005646e-01,-3.677839422e-01,3.677839422e-01
4.132000000e-02,4.029064357e+00,4.027196293e+00,2.910688893e-01,-3.736127404e-01,3.736127404e-01
4.134000000e-02,4.086490747e+00,4.084593613e+00,2.903257004e-01,-3.794267913e-01,3.794267913e-01
4.136000000e-02,4.143755810e+00,4.141829681e+00,2.895710312e-01,-3.852258649e-01,3.852258649e-01
4.138000000e-02,4.200857284e+00,4.198902235e+00,2.888049151e-01,-3.910097320e-01,3.910097320e-01
4.140000000e-02,4.257792916e+00,4.255809025e+00,2.880273849e-01,-3.967781640e-01,3.967781640e-01
4.142000000e-02,4.314560457e+00,4.312547802e+00,2.872384738e-01,-4.025309328e-01,4.025309328e-01
4.144000000e-02,4.371157667e+00,4.369116327e+00,2.864382145e-01,-4.082678113e-01,4.082678113e-01
4.146000000e-02,4.427582310e+00,4.425512368e+00,2.856266404e-01,-4.139885727e-01,4.139885727e-01
4.148000000e-02,4.483832161e+00,4.481733696e+00,2.848037846e-01,-4.196929911e-01,4.196929911e-01
4.150000000e-02,4.539904997e+00,4.537778093e+00,2.839696806e-01,-4.253808413e-01,4.253808413e-01
4.152000000e-02,4.595798606e+00,4.593643347e+00,2.831243623e-01,-4.310518985e-01,4.310518984e-01
4.154000000e-02,4.651510781e+00,4.649327251e+00,2.822678636e-01,-4.367059388e-01,4.367059387e-01
4.156000000e-02,4.707039322e+00,4.704827608e+00,2.814002190e-01,-4.423427389e-01,4.423427389e-01
4.158000000e-02,4.762382037e+00,4.760142226e+00,2.805214631e-01,-4.479620763e-01,4.479620763e-01
4.160000000e-02,4.817536741e+00,4.815268922e+00,2.796316311e-01,-4.535637291e-01,4.535637291e-01
4.162000000e-02,4.872501257e+00,4.870205520e+00,2.787307582e-01,-4.591474762e-01,4.591474762e-01
4.164000000e-02,4.927273415e+00,4.924949850e+00,2.778188805e-01,-4.647130970e-01,4.647130970e-01
4.166000000e-02,4.981851053e+00,4.979499752e+00,2.768960340e-01,-4.702603718e-01,4.702603718e-01
4.168000000e-02,5.036232016e+00,5.033853071e+00,2.759622554e-01,-4.757890816e-01,4.757890816e-01
4.170000000e-02,5.090414158e+00,5.088007662e+00,2.750175816e-01,-4.812990081e-01,4.812990081e-01
4.172000000e-02,5.144395338e+00,5.141961388e+00,2.740620501e-01,-4.867899338e-01,4.867899338e-01
4.174000000e-02,5.198173426e+00,5.195712118e+00,2.730956987e-01,-4.922616419e-01,4.922616419e-01
4.176000000e-02,5.251746300e+00,5.249257730e+00,2.721185656e-01,-4.977139165e-01,4.977139164e-01
4.178000000e-02,5.305111843e+00,5.302596110e+00,2.711306894e-01,-5.031465421e-01,5.031465421e-01
4.180000000e-02,5.358267950e+00,5.355725153e+00,2.701321093e-01,-5.085593044e-01,5.085593044e-01
4.182000000e-02,5.411212521e+00,5.408642761e+00,2.691228646e-01,-5.139519897e-01,5.139519897e-01
4.184000000e-02,5.463943467e+00,5.461346845e+00,2.681029952e-01,-5.193243850e-01,5.193243850e-01
4.186000000e-02,5.516458706e+00,5.513835325e+00,2.670725415e-01,-5.246762783e-01,5.246762783e-01
4.188000000e-02,5.568756165e+00,5.566106128e+00,2.660315441e-01,-5.300074584e-01,5.300074583e-01
4.190000000e-02,5.620833779e+00,5.618157190e+00,2.649800442e-01,-5.353177146e-01,5.353177146e-01
4.192000000e-02,5.672689491e+00,5.669986457e+00,2.639180832e-01,-5.406068374e-01,5.406068374e-01
4.194000000e-02,5.724321256e+00,5.721591883e+00,2.628457032e-01,-5.458746180e-01,5.458746180e-01
4.196000000e-02,5.775727034e+00,5.772971430e+00,2.617629463e-01,-5.511208484e-01,5.511208484e-01
4.198000000e-02,5.826904797e+00,5.824123070e+00,2.606698556e-01,-5.563453215e-01,5.563453215e-01
4.200000000e-02,5.877852523e+00,5.875044784e+00,2.595664739e-01,-5.615478310e-01,5.615478310e-01
4.202000000e-02,5.928568202e+00,5.925734561e+00,2.584528450e-01,-5.667281716e-01,5.667281716e-01
4.204000000e-02,5.979049831e+00,5.976190400e+00,2.573290129e-01,-5.718861387e-01,5.718861387e-01
4.206000000e-02,6.029295417e+00,6.026410309e+00,2.561950217e-01,-5.770215288e-01,5.770215288e-01
4.208000000e-02,6.079302977e+00,6.076392306e+00,2.550509165e-01,-5.821341390e-01,5.821341390e-01
4.210000000e-02,6.129070537e+00,6.126134418e+00,2.538967422e-01,-5.872237676e-01,5.872237675e-01
4.212000000e-02,6.178596131e+00,6.175634680e+00,2.527325446e-01,-5.922902135e-01,5.922902135e-01
4.214000000e-02,6.227877805e+00,6.224891138e+00,2.515583694e-01,-5.973332769e-01,5.973332769e-01
4.216000000e-02,6.276913613e+00,6.273901849e+00,2.503742632e-01,-6.023527586e-01,6.023527586e-01
4.218000000e-02,6.325701619e+00,6.322664877e+00,2.491802726e-01,-6.073484604e-01,6.073484604e-01
4.220000000e-02,6.374239897e+00,6.371178297e+00,2.479764448e-01,-6.123201852e-01,6.123201852e-01
4.222000000e-02,6.422526532e+00,6.419440193e+00,2.467628274e-01,-6.172677366e-01,6.172677366e-01
4.224000000e-02,6.470559616e+00,6.467448661e+00,2.455394681e-01,-6.221909193e-01,6.221909193e-01
4.226000000e-02,6.518337253e+00,6.515201805e+00,2.443064154e-01,-6.270895390e-01,6.270895390e-01
4.228000000e-02,6.565857558e+00,6.562697741e+00,2.430637178e-01,-6.319634023e-01,6.319634023e-01
4.230000000e-02,6.613118653e+00,6.609934592e+00,2.418114245e-01,-6.368123167e-01,6.368123167e-01
4.232000000e-02,6.660118674e+00,6.656910494e+00,2.405495850e-01,-6.416360909e-01,6.416360909e-01
4.234000000e-02,6.706855765e+00,6.703623593e+00,2.392782489e-01,-6.464345344e-01,6.464345344e-01
4.236000000e-02,6.753328081e+00,6.750072044e+00,2.379974665e-01,-6.512074578e-01,6.512074577e-01
4.238000000e-02,6.799533787e+00,6.796254014e+00,2.367072884e-01,-6.559546726e-01,6.559546725e-01
4.240000000e-02,6.845471059e+00,6.842167679e+00,2.354077655e-01,-6.606759914e-01,6.606759914e-01
4.242000000e-02,6.891138084e+00,6.887811228e+00,2.340989492e-01,-6.653712279e-01,6.653712279e-01
4.244000000e-02,6.936533058e+00,6.933182857e+00,2.327808909e-01,-6.700401966e-01,6.700401966e-01
4.246000000e-02,6.981654190e+00,6.978280776e+00,2.314536429e-01,-6.746827134e-01,6.746827133e-01
4.248000000e-02,7.026499698e+00,7.023103205e+00,2.301172575e-01,-6.792985948e-01,6.792985947e-01
4.250000000e-02,7.071067812e+00,7.067648374e+00,2.287717875e-01,-6.838876586e-01,6.838876586e-01
4.252000000e-02,7.115356772e+00,7.111914523e+00,2.274172859e-01,-6.884497238e-01,6.884497238e-01
4.254000000e-02,7.159364830e+00,7.155899907e+00,2.260538063e-01,-6.929846101e-01,6.929846101e-01
4.256000000e-02,7.203090249e+00,7.199602788e+00,2.246814025e-01,-6.974921386e-01,6.974921386e-01
4.258000000e-02,7.246531302e+00,7.243021441e+00,2.233001287e-01,-7.019721313e-01,7.019721313e-01
4.260000000e-02,7.289686274e+00,7.286154152e+00,2.219100393e-01,-7.064244113e-01,7.064244113e-01
4.262000000e-02,7.332553462e+00,7.328999218e+00,2.205111893e-01,-7.108488029e-01,7.108488029e-01
4.264000000e-02,7.375131174e+00,7.371554948e+00,2.191036339e-01,-7.152451314e-01,7.152451314e-01
4.266000000e-02,7.417417727e+00,7.413819661e+00,2.176874287e-01,-7.196132233e-01,7.196132233e-01
4.268000000e-02,7.459411454e+00,7.455791690e+00,2.162626295e-01,-7.239529060e-01,7.239529060e-01
4.270000000e-02,7.501110696e+00,7.497469376e+00,2.148292927e-01,-7.282640084e-01,7.282640084e-01
4.272000000e-02,7.542513807e+00,7.538851076e+00,2.133874747e-01,-7.325463601e-01,7.325463601e-01
4.274000000e-02,7.583619153e+00,7.579935154e+00,2.119372326e-01,-7.367997921e-01,7.367997921e-01
4.276000000e-02,7.624425110e+00,7.620719989e+00,2.104786236e-01,-7.410241366e-01,7.410241366e-01
4.278000000e-02,7.664930068e+00,7.661203972e+00,2.090117053e-01,-7.452192267e-01,7.452192267e-01
4.280000000e-02,7.705132428e+00,7.701385503e+00,2.075365355e-01,-7.493848968e-01,7.493848968e-01
4.282000000e-02,7.745030602e+00,7.741262997e+00,2.060531725e-01,-7.535209825e-01,7.535209825e-01
4.284000000e-02,7.784623016e+00,7.780834879e+00,2.045616749e-01,-7.576273204e-01,7.576273204e-01
4.286000000e-02,7.823908106e+00,7.820099587e+00,2.030621016e-01,-7.617037486e-01,7.617037485e-01
4.288000000e-02,7.862884321e+00,7.859055571e+00,2.015545117e-01,-7.657501059e-01,7.657501059e-01
4.290000000e-02,7.901550124e+00,7.897701293e+00,2.000389648e-01,-7.697662328e-01,7.697662328e-01
4.292000000e-02,7.939903986e+00,7.936035227e+00,1.985155207e-01,-7.737519706e-01,7.737519706e-01
4.294000000e-02,7.977944395e+00,7.974055860e+00,1.969842395e-01,-7.777071620e-01,7.777071620e-01
4.296000000e-02,8.015669849e+00,8.011761690e+00,1.954451818e-01,-7.816316509e-01,7.816316509e-01
4.298000000e-02,8.053078857e+00,8.049151231e+00,1.938984082e-01,-7.855252823e-01,7.855252823e-01
4.300000000e-02,8.090169944e+00,8.086223004e+00,1.923439798e-01,-7.893879025e-01,7.893879024e-01
4.302000000e-02,8.126941644e+00,8.122975548e+00,1.907819580e-01,-7.932193590e-01,7.932193590e-01
4.304000000e-02,8.163392507e+00,8.159407410e+00,1.892124045e-01,-7.970195005e-01,7.970195005e-01
4.306000000e-02,8.199521093e+00,8.195517152e+00,1.876353811e-01,-8.007881771e-01,8.007881771e-01
4.308000000e-02,8.235325976e+00,8.231303350e+00,1.860509503e-01,-8.045252400e-01,8.045252400e-01
4.310000000e-02,8.270805743e+00,8.266764590e+00,1.844591745e-01,-8.082305416e-01,8.082305416e-01
4.312000000e-02,8.305958992e+00,8.301899472e+00,1.828601165e-01,-8.119039356e-01,8.119039356e-01
4.314000000e-02,8.340784336e+00,8.336706610e+00,1.812538396e-01,-8.155452770e-01,8.155452770e-01
4.316000000e-02,8.375280400e+00,8.371184628e+00,1.796404071e-01,-8.191544221e-01,8.191544221e-01
4.318000000e-02,8.409445823e+00,8.405332167e+00,1.780198826e-01,-8.227312284e-01,8.227312284e-01
4.320000000e-02,8.443279255e+00,8.439147877e+00,1.763923303e-01,-8.262755547e-01,8.262755547e-01
4.322000000e-02,8.476779361e+00,8.472630425e+00,1.747578142e-01,-8.297872610e-01,8.297872610e-01
4.324000000e-02,8.509944818e+00,8.505778487e+00,1.731163991e-01,-8.332662088e-01,8.332662088e-01
4.326000000e-02,8.542774317e+00,8.538590756e+00,1.714681496e-01,-8.367122606e-01,8.367122606e-01
4.328000000e-02,8.575266562e+00,8.571065936e+00,1.698131308e-01,-8.401252805e-01,8.401252805e-01
4.330000000e-02,8.607420270e+00,8.603202744e+00,1.681514081e-01,-8.435051336e-01,8.435051336e-01
4.332000000e-02,8.639234172e+00,8.634999913e+00,1.664830471e-01,-8.468516867e-01,8.468516866e-01
4.334000000e-02,8.670707012e+00,8.666456188e+00,1.648081136e-01,-8.501648074e-01,8.501648074e-01
4.336000000e-02,8.701837547e+00,8.697570325e+00,1.631266737e-01,-8.534443651e-01,8.534443651e-01
4.338000000e-02,8.732624548e+00,8.728341097e+00,1.614387939e-01,-8.566902303e-01,8.566902303e-01
4.340000000e-02,8.763066800e+00,8.758767289e+00,1.597445408e-01,-8.599022748e-01,8.599022748e-01
4.342000000e-02,8.793163102e+00,8.788847700e+00,1.580439812e-01,-8.630803719e-01,8.630803719e-01
4.344000000e-02,8.822912264e+00,8.818581142e+00,1.563371824e-01,-8.662243960e-01,8.662243960e-01
4.346000000e-02,8.852313113e+00,8.847966442e+00,1.546242116e-01,-8.693342231e-01,8.693342231e-01
4.348000000e-02,8.881364488e+00,8.877002439e+00,1.529051365e-01,-8.724097303e-01,8.724097303e-01
4.350000000e-02,8.910065242e+00,8.905687988e+00,1.511800249e-01,-8.754507963e-01,8.754507963e-01
4.352000000e-02,8.938414242e+00,8.934021955e+00,1.494489451e-01,-8.784573010e-01,8.784573010e-01
4.354000000e-02,8.966410368e+00,8.962003222e+00,1.477119652e-01,-8.814291257e-01,8.814291257e-01
4.356000000e-02,8.994052516e+00,8.989630685e+00,1.459691540e-01,-8.843661531e-01,8.843661531e-01
4.358000000e-02,9.021339594e+00,9.016903252e+00,1.442205801e-01,-8.872682672e-01,8.872682672e-01
4.360000000e-02,9.048270525e+00,9.043819848e+00,1.424663126e-01,-8.901353535e-01,8.901353535e-01
4.362000000e-02,9.074844245e+00,9.070379409e+00,1.407064208e-01,-8.929672988e-01,8.929672988e-01
4.364000000e-02,9.101059707e+00,9.096580887e+00,1.389409742e-01,-8.957639913e-01,8.957639913e-01
4.366000000e-02,9.126915874e+00,9.122423247e+00,1.371700424e-01,-8.985253205e-01,8.985253205e-01
4.368000000e-02,9.152411726e+00,9.147905470e+00,1.353936954e-01,-9.012511775e-01,9.012511775e-01
4.370000000e-02,9.177546257e+00,9.173026550e+00,1.336120033e-01,-9.039414546e-01,9.039414546e-01
4.372000000e-02,9.202318474e+00,9.197785493e+00,1.318250364e-01,-9.065960457e-01,9.065960457e-01
4.374000000e-02,9.226727399e+00,9.222181324e+00,1.300328652e-01,-9.092148459e-01,9.092148459e-01
4.376000000e-02,9.250772068e+00,9.246213080e+00,1.282355606e-01,-9.117977519e-01,9.117977519e-01
4.378000000e-02,9.274451533e+00,9.269879810e+00,1.264331935e-01,-9.143446617e-01,9.143446617e-01
4.380000000e-02,9.297764859e+00,9.293180582e+00,1.246258350e-01,-9.168554747e-01,9.168554747e-01
4.382000000e-02,9.320711125e+00,9.316114474e+00,1.228135565e-01,-9.193300918e-01,9.193300918e-01
4.384000000e-02,9.343289425e+00,9.338680582e+00,1.209964295e-01,-9.217684153e-01,9.217684153e-01
4.386000000e-02,9.365498867e+00,9.360878016e+00,1.191745258e-01,-9.241703490e-01,9.241703490e-01
4.388000000e-02,9.387338577e+00,9.382705898e+00,1.173479173e-01,-9.265357980e-01,9.265357980e-01
4.390000000e-02,9.408807690e+00,9.404163366e+00,1.155166761e-01,-9.288646690e-01,9.288646690e-01
4.392000000e-02,9.429905359e+00,9.425249575e+00,1.136808745e-01,-9.311568700e-01,9.311568700e-01
4.394000000e-02,9.450630752e+00,9.445963690e+00,1.118405849e-01,-9.334123106e-01,9.334123105e-01
4.396000000e-02,9.470983050e+00,9.466304895e+00,1.099958801e-01,-9.356309016e-01,9.356309015e-01
4.398000000e-02,9.490961450e+00,9.486272387e+00,1.081468328e-01,-9.378125554e-01,9.378125554e-01
4.400000000e-02,9.510565163e+00,9.505865377e+00,1.062935161e-01,-9.399571861e-01,9.399571861e-01
4.402000000e-02,9.529793415e+00,9.525083092e+00,1.044360031e-01,-9.420647089e-01,9.420647088e-01
4.404000000e-02,9.548645447e+00,9.543924772e+00,1.025743672e-01,-9.441350405e-01,9.441350405e-01
4.406000000e-02,9.567120516e+00,9.562389675e+00,1.007086818e-01,-9.461680994e-01,9.461680993e-01
4.408000000e-02,9.585217890e+00,9.580477071e+00,9.883902054e-02,-9.481638051e-01,9.481638051e-01
4.410000000e-02,9.602936857e+00,9.598186246e+00,9.696545732e-02,-9.501220789e-01,9.501220789e-01
4.412000000e-02,9.620276716e+00,9.615516502e+00,9.508806607e-02,-9.520428436e-01,9.520428436e-01
4.414000000e-02,9.637236783e+00,9.632467153e+00,9.320692091e-02,-9.539260232e-01,9.539260232e-01
4.416000000e-02,9.653816388e+00,9.649037531e+00,9.132209610e-02,-9.557715435e-01,9.557715435e-01
4.418000000e-02,9.670014878e+00,9.665226981e+00,8.943366605e-02,-9.575793315e-01,9.575793315e-01
4.420000000e-02,9.685831611e+00,9.681034865e+00,8.754170531e-02,-9.593493160e-01,9.593493159e-01
4.422000000e-02,9.701265965e+00,9.696460558e+00,8.564628858e-02,-9.610814269e-01,9.610814269e-01
4.424000000e-02,9.716317329e+00,9.711503451e+00,8.374749068e-02,-9.627755961e-01,9.627755960e-01
4.426000000e-02,9.730985110e+00,9.726162951e+00,8.184538656e-02,-9.644317565e-01,9.644317564e-01
4.428000000e-02,9.745268728e+00,9.740438479e+00,7.994005134e-02,-9.660498428e-01,9.660498427e-01
4.430000000e-02,9.759167619e+00,9.754329470e+00,7.803156021e-02,-9.676297910e-01,9.676297910e-01
4.432000000e-02,9.772681236e+00,9.767835378e+00,7.611998854e-02,-9.691715390e-01,9.691715389e-01
4.434000000e-02,9.785809043e+00,9.780955668e+00,7.420541178e-02,-9.706750257e-01,9.706750256e-01
4.436000000e-02,9.798550524e+00,9.793689823e+00,7.228790551e-02,-9.721401918e-01,9.721401917e-01
4.438000000e-02,9.810905174e+00,9.806037340e+00,7.036754544e-02,-9.735669794e-01,9.735669794e-01
4.440000000e-02,9.822872507e+00,9.817997731e+00,6.844440739e-02,-9.749553323e-01,9.749553323e-01
4.442000000e-02,9.834452050e+00,9.829570524e+00,6.651856726e-02,-9.763051957e-01,9.763051957e-01
4.444000000e-02,9.845643345e+00,9.840755263e+00,6.459010109e-02,-9.776165162e-01,9.776165162e-01
4.446000000e-02,9.856445951e+00,9.851551505e+00,6.265908502e-02,-9.788892420e-01,9.788892420e-01
4.448000000e-02,9.866859442e+00,9.861958825e+00,6.072559528e-02,-9.801233230e-01,9.801233230e-01
4.450000000e-02,9.876883406e+00,9.871976812e+00,5.878970819e-02,-9.813187104e-01,9.813187104e-01
4.452000000e-02,9.886517447e+00,9.881605071e+00,5.685150019e-02,-9.824753571e-01,9.824753570e-01
4.454000000e-02,9.895761186e+00,9.890843220e+00,5.491104778e-02,-9.835932172e-01,9.835932172e-01
4.456000000e-02,9.904614257e+00,9.899690896e+00,5.296842758e-02,-9.846722468e-01,9.846722468e-01
4.458000000e-02,9.913076311e+00,9.908147749e+00,5.102371628e-02,-9.857124033e-01,9.857124032e-01
4.460000000e-02,9.921147013e+00,9.916213445e+00,4.907699065e-02,-9.867136454e-01,9.867136454e-01
4.462000000e-02,9.928826046e+00,9.923887666e+00,4.712832754e-02,-9.876759339e-01,9.876759338e-01
4.464000000e-02,9.936113105e+00,9.931170109e+00,4.517780389e-02,-9.885992305e-01,9.885992305e-01
4.466000000e-02,9.943007904e+00,9.938060486e+00,4.322549670e-02,-9.894834990e-01,9.894834990e-01
4.468000000e-02,9.949510170e+00,9.944558526e+00,4.127148304e-02,-9.903287043e-01,9.903287043e-01
4.470000000e-02,9.955619646e+00,9.950663972e+00,3.931584005e-02,-9.911348132e-01,9.911348132e-01
4.472000000e-02,9.961336091e+00,9.956376582e+00,3.735864493e-02,-9.919017938e-01,9.919017938e-01
4.474000000e-02,9.966659280e+00,9.961696132e+00,3.539997497e-02,-9.926296157e-01,9.926296157e-01
4.476000000e-02,9.971589003e+00,9.966622411e+00,3.343990747e-02,-9.933182504e-01,9.933182504e-01
4.478000000e-02,9.976125064e+00,9.971155225e+00,3.147851982e-02,-9.939676706e-01,9.939676705e-01
4.480000000e-02,9.980267284e+00,9.975294395e+00,2.951588945e-02,-9.945778506e-01,9.945778506e-01
4.482000000e-02,9.984015501e+00,9.979039757e+00,2.755209385e-02,-9.951487664e-01,9.951487663e-01
4.484000000e-02,9.987369566e+00,9.982391164e+00,2.558721054e-02,-9.956803954e-01,9.956803954e-01
4.486000000e-02,9.990329347e+00,9.985348483e+00,2.362131709e-02,-9.961727166e-01,9.961727166e-01
4.488000000e-02,9.992894726e+00,9.987911598e+00,2.165449111e-02,-9.966257107e-01,9.966257107e-01
4.490000000e-02,9.995065604e+00,9.990080407e+00,1.968681024e-02,-9.970393597e-01,9.970393597e-01
4.492000000e-02,9.996841893e+00,9.991854825e+00,1.771835218e-02,-9.974136473e-01,9.974136472e-01
4.494000000e-02,9.998223524e+00,9.993234781e+00,1.574919462e-02,-9.977485587e-01,9.977485586e-01
4.496000000e-02,9.999210442e+00,9.994220222e+00,1.377941532e-02,-9.980440807e-01,9.980440806e-01
4.498000000e-02,9.999802609e+00,9.994811108e+00,1.180909202e-02,-9.983002016e-01,9.983002016e-01
4.500000000e-02,1.000000000e+01,9.995007415e+00,9.838302527e-03,-9.985169113e-01,9.985169113e-01
4.502000000e-02,9.999802609e+00,9.994809138e+00,7.867124631e-03,-9.986942013e-01,9.986942013e-01
4.504000000e-02,9.999210442e+00,9.994216282e+00,5.895636154e-03,-9.988320646e-01,9.988320646e-01
4.506000000e-02,9.998223524e+00,9.993228871e+00,3.923914928e-03,-9.989304957e-01,9.989304956e-01
4.508000000e-02,9.996841893e+00,9.991846945e+00,1.952038792e-03,-9.989894907e-01,9.989894907e-01
4.510000000e-02,9.995065604e+00,9.990070558e+00,-1.991440645e-05,-9.990090473e-01,9.990090473e-01
4.512000000e-02,9.992894726e+00,9.987899781e+00,-1.991866819e-03,-9.989891648e-01,9.989891647e-01
4.514000000e-02,9.990329347e+00,9.985334698e+00,-3.963740596e-03,-9.989298438e-01,9.989298438e-01
4.516000000e-02,9.987369566e+00,9.982375411e+00,-5.935457891e-03,-9.988310869e-01,9.988310869e-01
4.518000000e-02,9.984015501e+00,9.979022037e+00,-7.906940865e-03,-9.986928978e-01,9.986928977e-01
4.520000000e-02,9.980267284e+00,9.975274708e+00,-9.878111686e-03,-9.985152820e-01,9.985152820e-01
4.522000000e-02,9.976125064e+00,9.971133572e+00,-1.184889254e-02,-9.982982465e-01,9.982982465e-01
4.524000000e-02,9.971589003e+00,9.966598794e+00,-1.381920561e-02,-9.980417999e-01,9.980417999e-01
4.526000000e-02,9.966659280e+00,9.961670551e+00,-1.578897313e-02,-9.977459524e-01,9.977459524e-01
4.528000000e-02,9.961336091e+00,9.956349038e+00,-1.775811733e-02,-9.974107155e-01,9.974107155e-01
4.530000000e-02,9.955619646e+00,9.950634466e+00,-1.972656046e-02,-9.970361026e-01,9.970361026e-01
4.532000000e-02,9.949510170e+00,9.944527059e+00,-2.169422483e-02,-9.966221284e-01,9.966221284e-01
4.534000000e-02,9.943007904e+00,9.938027060e+00,-2.366103274e-02,-9.961688093e-01,9.961688093e-01
4.536000000e-02,9.936113105e+00,9.931134724e+00,-2.562690656e-02,-9.956761631e-01,9.956761631e-01
4.538000000e-02,9.928826046e+00,9.923850325e+00,-2.759176867e-02,-9.951442094e-01,9.951442093e-01
4.540000000e-02,9.921147013e+00,9.916174148e+00,-2.955554151e-02,-9.945729690e-01,9.945729690e-01
4.542000000e-02,9.913076311e+00,9.908106498e+00,-3.151814754e-02,-9.939624646e-01,9.939624646e-01
4.544000000e-02,9.904614257e+00,9.899647693e+00,-3.347950929e-02,-9.933127203e-01,9.933127203e-01
4.546000000e-02,9.895761186e+00,9.890798067e+00,-3.543954933e-02,-9.926237617e-01,9.926237617e-01
4.548000000e-02,9.886517447e+00,9.881557969e+00,-3.739819027e-02,-9.918956160e-01,9.918956160e-01
4.550000000e-02,9.876883406e+00,9.871927764e+00,-3.935535480e-02,-9.911283119e-01,9.911283119e-01
4.552000000e-02,9.866859442e+00,9.861907833e+00,-4.131096564e-02,-9.903218799e-01,9.903218798e-01
4.554000000e-02,9.856445951e+00,9.851498570e+00,-4.326494560e-02,-9.894763516e-01,9.894763515e-01
4.556000000e-02,9.845643345e+00,9.840700386e+00,-4.521721753e-02,-9.885917604e-01,9.885917604e-01
4.558000000e-02,9.834452050e+00,9.829513709e+00,-4.716770437e-02,-9.876681414e-01,9.876681414e-01
4.560000000e-02,9.822872507e+00,9.817938980e+00,-4.911632910e-02,-9.867055309e-01,9.867055309e-01
4.562000000e-02,9.810905174e+00,9.805976655e+00,-5.106301481e-02,-9.857039670e-01,9.857039669e-01
4.564000000e-02,9.798550524e+00,9.793627206e+00,-5.300768464e-02,-9.846634891e-01,9.846634891e-01
4.566000000e-02,9.785809043e+00,9.780891123e+00,-5.495026181e-02,-9.835841385e-01,9.835841384e-01
4.568000000e-02,9.772681236e+00,9.767768906e+00,-5.689066964e-02,-9.824659576e-01,9.824659576e-01
4.570000000e-02,9.759167619e+00,9.754261074e+00,-5.882883153e-02,-9.813089906e-01,9.813089906e-01
4.572000000e-02,9.745268728e+00,9.740368161e+00,-6.076467095e-02,-9.801132833e-01,9.801132832e-01
4.574000000e-02,9.730985110e+00,9.726090715e+00,-6.269811149e-02,-9.788788827e-01,9.788788827e-01
4.576000000e-02,9.716317329e+00,9.711429300e+00,-6.462907681e-02,-9.776058377e-01,9.776058377e-01
4.578000000e-02,9.701265965e+00,9.696384494e+00,-6.655749069e-02,-9.762941985e-01,9.762941985e-01
4.580000000e-02,9.685831611e+00,9.680956891e+00,-6.848327699e-02,-9.749440168e-01,9.749440168e-01
4.582000000e-02,9.670014878e+00,9.665147101e+00,-7.040635969e-02,-9.735553461e-01,9.735553461e-01
4.584000000e-02,9.653816388e+00,9.648955747e+00,-7.232666287e-02,-9.721282410e-01,9.721282410e-01
4.586000000e-02,9.637236783e+00,9.632383469e+00,-7.424411071e-02,-9.706627580e-01,9.706627580e-01
4.588000000e-02,9.620276716e+00,9.615430921e+00,-7.615862753e-02,-9.691589549e-01,9.691589549e-01
4.590000000e-02,9.602936857e+00,9.598098772e+00,-7.807013773e-02,-9.676168910e-01,9.676168910e-01
4.592000000e-02,9.585217890e+00,9.580387707e+00,-7.997856586e-02,-9.660366273e-01,9.660366273e-01
4.594000000e-02,9.567120516e+00,9.562298424e+00,-8.188383657e-02,-9.644182261e-01,9.644182261e-01
4.596000000e-02,9.548645447e+00,9.543831639e+00,-8.378587465e-02,-9.627617514e-01,9.627617513e-01
4.598000000e-02,9.529793415e+00,9.524988079e+00,-8.568460500e-02,-9.610672684e-01,9.610672684e-01
4.600000000e-02,9.510565163e+00,9.505768489e+00,-8.757995267e-02,-9.593348442e-01,9.593348441e-01
4.602000000e-02,9.490961450e+00,9.486173627e+00,-8.947184284e-02,-9.575645470e-01,9.575645470e-01
4.604000000e-02,9.470983050e+00,9.466204268e+00,-9.136020081e-02,-9.557564469e-01,9.557564469e-01
4.606000000e-02,9.450630752e+00,9.445861199e+00,-9.324495203e-02,-9.539106151e-01,9.539106151e-01
4.608000000e-02,9.429905359e+00,9.425145223e+00,-9.512602211e-02,-9.520271246e-01,9.520271245e-01
4.610000000e-02,9.408807690e+00,9.404057159e+00,-9.700333677e-02,-9.501060496e-01,9.501060496e-01
4.612000000e-02,9.387338577e+00,9.382597839e+00,-9.887682191e-02,-9.481474661e-01,9.481474661e-01
4.614000000e-02,9.365498867e+00,9.360768110e+00,-1.007464036e-01,-9.461514514e-01,9.461514514e-01
4.616000000e-02,9.343289425e+00,9.338568834e+00,-1.026120079e-01,-9.441180842e-01,9.441180842e-01
4.618000000e-02,9.320711125e+00,9.316000887e+00,-1.044735613e-01,-9.420474449e-01,9.420474449e-01
4.620000000e-02,9.297764859e+00,9.293065161e+00,-1.063309903e-01,-9.399396151e-01,9.399396151e-01
4.622000000e-02,9.274451533e+00,9.269762560e+00,-1.081842215e-01,-9.377946782e-01,9.377946781e-01
4.624000000e-02,9.250772068e+00,9.246094005e+00,-1.100331818e-01,-9.356127187e-01,9.356127187e-01
4.626000000e-02,9.226727399e+00,9.222060430e+00,-1.118777981e-01,-9.333938228e-01,9.333938228e-01
4.628000000e-02,9.202318474e+00,9.197662783e+00,-1.137179977e-01,-9.311380781e-01,9.311380781e-01
4.630000000e-02,9.177546257e+00,9.172902029e+00,-1.155537080e-01,-9.288455737e-01,9.288455737e-01
4.632000000e-02,9.152411726e+00,9.147779144e+00,-1.173848563e-01,-9.265164001e-01,9.265164001e-01
4.634000000e-02,9.126915874e+00,9.122295121e+00,-1.192113705e-01,-9.241506491e-01,9.241506491e-01
4.636000000e-02,9.101059707e+00,9.096450965e+00,-1.210331785e-01,-9.217484143e-01,9.217484143e-01
4.638000000e-02,9.074844245e+00,9.070247696e+00,-1.228502082e-01,-9.193097905e-01,9.193097905e-01
4.640000000e-02,9.048270525e+00,9.043686350e+00,-1.246623881e-01,-9.168348739e-01,9.168348738e-01
4.642000000e-02,9.021339594e+00,9.016767975e+00,-1.264696465e-01,-9.143237622e-01,9.143237621e-01
4.644000000e-02,8.994052516e+00,8.989493633e+00,-1.282719120e-01,-9.117765545e-01,9.117765545e-01
4.646000000e-02,8.966410368e+00,8.961864401e+00,-1.300691137e-01,-9.091933515e-01,9.091933515e-01
4.648000000e-02,8.938414242e+00,8.933881370e+00,-1.318611804e-01,-9.065742551e-01,9.065742551e-01
4.650000000e-02,8.910065242e+00,8.905545645e+00,-1.336480415e-01,-9.039193687e-01,9.039193686e-01
4.652000000e-02,8.881364488e+00,8.876858344e+00,-1.354296263e-01,-9.012287971e-01,9.012287970e-01
4.654000000e-02,8.852313113e+00,8.847820600e+00,-1.372058647e-01,-8.985026465e-01,8.985026465e-01
4.656000000e-02,8.822912264e+00,8.818433559e+00,-1.389766864e-01,-8.957410246e-01,8.957410246e-01
4.658000000e-02,8.793163102e+00,8.788698382e+00,-1.407420215e-01,-8.929440403e-01,8.929440403e-01
4.660000000e-02,8.763066800e+00,8.758616241e+00,-1.425018004e-01,-8.901118042e-01,8.901118042e-01
4.662000000e-02,8.732624548e+00,8.728188326e+00,-1.442559535e-01,-8.872444280e-01,8.872444279e-01
4.664000000e-02,8.701837547e+00,8.697415837e+00,-1.460044117e-01,-8.843420248e-01,8.843420248e-01
4.666000000e-02,8.670707012e+00,8.666299988e+00,-1.477471058e-01,-8.814047094e-01,8.814047094e-01
4.668000000e-02,8.639234172e+00,8.634842009e+00,-1.494839672e-01,-8.784325976e-01,8.784325976e-01
4.670000000e-02,8.607420270e+00,8.603043141e+00,-1.512149272e-01,-8.754258068e-01,8.754258068e-01
4.672000000e-02,8.575266562e+00,8.570904640e+00,-1.529399175e-01,-8.723844557e-01,8.723844557e-01
4.674000000e-02,8.542774317e+00,8.538427774e+00,-1.546588699e-01,-8.693086644e-01,8.693086644e-01
4.676000000e-02,8.509944818e+00,8.505613825e+00,-1.563717168e-01,-8.661985542e-01,8.661985542e-01
4.678000000e-02,8.476779361e+00,8.472464090e+00,-1.580783903e-01,-8.630542480e-01,8.630542480e-01
4.680000000e-02,8.443279255e+00,8.438979876e+00,-1.597788231e-01,-8.598758699e-01,8.598758699e-01
4.682000000e-02,8.409445823e+00,8.405162505e+00,-1.614729482e-01,-8.566635454e-01,8.566635453e-01
4.684000000e-02,8.375280400e+00,8.371013313e+00,-1.631606986e-01,-8.534174012e-01,8.534174012e-01
4.686000000e-02,8.340784336e+00,8.336533648e+00,-1.648420077e-01,-8.501375656e-01,8.501375656e-01
4.688000000e-02,8.305958992e+00,8.301724871e+00,-1.665168091e-01,-8.468241680e-01,8.468241680e-01
4.690000000e-02,8.270805743e+00,8.266588356e+00,-1.681850367e-01,-8.434773393e-01,8.434773393e-01
4.692000000e-02,8.235325976e+00,8.231125490e+00,-1.698466246e-01,-8.400972115e-01,8.400972115e-01
4.694000000e-02,8.199521093e+00,8.195337674e+00,-1.715015073e-01,-8.366839181e-01,8.366839181e-01
4.696000000e-02,8.163392507e+00,8.159226319e+00,-1.731496194e-01,-8.332375939e-01,8.332375939e-01
4.698000000e-02,8.126941644e+00,8.122792852e+00,-1.747908959e-01,-8.297583749e-01,8.297583748e-01
4.700000000e-02,8.090169944e+00,8.086038712e+00,-1.764252719e-01,-8.262463984e-01,8.262463984e-01
4.702000000e-02,8.053078857e+00,8.048965348e+00,-1.780526829e-01,-8.227018031e-01,8.227018031e-01
4.704000000e-02,8.015669849e+00,8.011574225e+00,-1.796730648e-01,-8.191247290e-01,8.191247290e-01
4.706000000e-02,7.977944395e+00,7.973866819e+00,-1.812863534e-01,-8.155153172e-01,8.155153172e-01
4.708000000e-02,7.939903986e+00,7.935844618e+00,-1.828924852e-01,-8.118737103e-01,8.118737103e-01
4.710000000e-02,7.901550124e+00,7.897509123e+00,-1.844913967e-01,-8.082000520e-01,8.082000520e-01
4.712000000e-02,7.862884321e+00,7.858861849e+00,-1.860830248e-01,-8.044944874e-01,8.044944874e-01
4.714000000e-02,7.823908106e+00,7.819904320e+00,-1.876673066e-01,-8.007571627e-01,8.007571627e-01
4.716000000e-02,7.784623016e+00,7.780638075e+00,-1.892441797e-01,-7.969882254e-01,7.969882254e-01
4.718000000e-02,7.745030602e+00,7.741064663e+00,-1.908135817e-01,-7.931878245e-01,7.931878245e-01
4.720000000e-02,7.705132428e+00,7.701185647e+00,-1.923754507e-01,-7.893561098e-01,7.893561098e-01
4.722000000e-02,7.664930068e+00,7.661002602e+00,-1.939297251e-01,-7.854932327e-01,7.854932327e-01
4.724000000e-02,7.624425110e+00,7.620517113e+00,-1.954763435e-01,-7.815993457e-01,7.815993457e-01
4.726000000e-02,7.583619153e+00,7.579730780e+00,-1.970152447e-01,-7.776746025e-01,7.776746025e-01
4.728000000e-02,7.542513807e+00,7.538645212e+00,-1.985463682e-01,-7.737191580e-01,7.737191580e-01
4.730000000e-02,7.501110696e+00,7.497262030e+00,-2.000696534e-01,-7.697331684e-01,7.697331684e-01
4.732000000e-02,7.459411454e+00,7.455582870e+00,-2.015850402e-01,-7.657167911e-01,7.657167910e-01
4.734000000e-02,7.417417727e+00,7.413609376e+00,-2.030924688e-01,-7.616701845e-01,7.616701845e-01
4.736000000e-02,7.375131174e+00,7.371343206e+00,-2.045918796e-01,-7.575935086e-01,7.575935086e-01
4.738000000e-02,7.332553462e+00,7.328786028e+00,-2.060832134e-01,-7.534869241e-01,7.534869241e-01
4.740000000e-02,7.289686274e+00,7.285939521e+00,-2.075664115e-01,-7.493505933e-01,7.493505933e-01
4.742000000e-02,7.246531302e+00,7.242805378e+00,-2.090414152e-01,-7.451846794e-01,7.451846794e-01
4.744000000e-02,7.203090249e+00,7.199385302e+00,-2.105081663e-01,-7.409893469e-01,7.409893468e-01
4.746000000e-02,7.159364830e+00,7.155681006e+00,-2.119666069e-01,-7.367647613e-01,7.367647613e-01
4.748000000e-02,7.115356772e+00,7.111694217e+00,-2.134166794e-01,-7.325110896e-01,7.325110896e-01
4.750000000e-02,7.071067812e+00,7.067426669e+00,-2.148583266e-01,-7.282284996e-01,7.282284996e-01
4.752000000e-02,7.026499698e+00,7.022880112e+00,-2.162914916e-01,-7.239171604e-01,7.239171604e-01
4.754000000e-02,6.981654190e+00,6.978056304e+00,-2.177161177e-01,-7.195772422e-01,7.195772421e-01
4.756000000e-02,6.936533058e+00,6.932957014e+00,-2.191321488e-01,-7.152089162e-01,7.152089162e-01
4.758000000e-02,6.891138084e+00,6.887584022e+00,-2.205395289e-01,-7.108123551e-01,7.108123551e-01
4.760000000e-02,6.845471059e+00,6.841939121e+00,-2.219382025e-01,-7.063877323e-01,7.063877323e-01
4.762000000e-02,6.799533787e+00,6.796024111e+00,-2.233281144e-01,-7.019352226e-01,7.019352225e-01
4.764000000e-02,6.753328081e+00,6.749840806e+00,-2.247092096e-01,-6.974550016e-01,6.974550016e-01
4.766000000e-02,6.706855765e+00,6.703391029e+00,-2.260814337e-01,-6.929472463e-01,6.929472463e-01
4.768000000e-02,6.660118674e+00,6.656676614e+00,-2.274447325e-01,-6.884121346e-01,6.884121346e-01
4.770000000e-02,6.613118653e+00,6.609699404e+00,-2.287990522e-01,-6.838498456e-01,6.838498456e-01
4.772000000e-02,6.565857558e+00,6.562461255e+00,-2.301443393e-01,-6.792605594e-01,6.792605594e-01
4.774000000e-02,6.518337253e+00,6.514964031e+00,-2.314805406e-01,-6.746444571e-01,6.746444571e-01
4.776000000e-02,6.470559616e+00,6.467209607e+00,-2.328076036e-01,-6.700017211e-01,6.700017211e-01
4.778000000e-02,6.422526532e+00,6.419199869e+00,-2.341254756e-01,-6.653325345e-01,6.653325345e-01
4.780000000e-02,6.374239897e+00,6.370936712e+00,-2.354341048e-01,-6.606370817e-01,6.606370817e-01
4.782000000e-02,6.325701619e+00,6.322422041e+00,-2.367334395e-01,-6.559155481e-01,6.559155481e-01
4.784000000e-02,6.276913613e+00,6.273657772e+00,-2.380234283e-01,-6.511681201e-01,6.511681201e-01
4.786000000e-02,6.227877805e+00,6.224645830e+00,-2.393040204e-01,-6.463949850e-01,6.463949850e-01
4.788000000e-02,6.178596131e+00,6.175388149e+00,-2.405751652e-01,-6.415963315e-01,6.415963314e-01
4.790000000e-02,6.129070537e+00,6.125886675e+00,-2.418368124e-01,-6.367723487e-01,6.367723487e-01
4.792000000e-02,6.079302977e+00,6.076143361e+00,-2.430889124e-01,-6.319232273e-01,6.319232273e-01
4.794000000e-02,6.029295417e+00,6.026160171e+00,-2.443314156e-01,-6.270491587e-01,6.270491587e-01
4.796000000e-02,5.979049831e+00,5.975939079e+00,-2.455642731e-01,-6.221503352e-01,6.221503352e-01
4.798000000e-02,5.928568202e+00,5.925482067e+00,-2.467874360e-01,-6.172269503e-01,6.172269503e-01
4.800000000e-02,5.877852523e+00,5.874791127e+00,-2.480008563e-01,-6.122791983e-01,6.122791983e-01
4.802000000e-02,5.826904797e+00,5.823868260e+00,-2.492044859e-01,-6.073072746e-01,6.073072746e-01
4.804000000e-02,5.775727034e+00,5.772715477e+00,-2.503982773e-01,-6.023113755e-01,6.023113755e-01
4.806000000e-02,5.724321256e+00,5.721334797e+00,-2.515821834e-01,-5.972916981e-01,5.972916981e-01
4.808000000e-02,5.672689491e+00,5.669728249e+00,-2.527561575e-01,-5.922484407e-01,5.922484407e-01
4.810000000e-02,5.620833779e+00,5.617897870e+00,-2.539201532e-01,-5.871818023e-01,5.871818023e-01
4.812000000e-02,5.568756165e+00,5.565845705e+00,-2.550741246e-01,-5.820919830e-01,5.820919830e-01
4.814000000e-02,5.516458706e+00,5.513573810e+00,-2.562180261e-01,-5.769791837e-01,5.769791836e-01
4.816000000e-02,5.463943467e+00,5.461084249e+00,-2.573518126e-01,-5.718436062e-01,5.718436062e-01
4.818000000e-02,5.411212521e+00,5.408379094e+00,-2.584754392e-01,-5.666854533e-01,5.666854533e-01
4.820000000e-02,5.358267950e+00,5.355460425e+00,-2.595888617e-01,-5.615049287e-01,5.615049287e-01
4.822000000e-02,5.305111843e+00,5.302330332e+00,-2.606920360e-01,-5.563022368e-01,5.563022368e-01
4.824000000e-02,5.251746300e+00,5.248990912e+00,-2.617849187e-01,-5.510775830e-01,5.510775830e-01
4.826000000e-02,5.198173426e+00,5.195444270e+00,-2.628674665e-01,-5.458311737e-01,5.458311737e-01
4.828000000e-02,5.144395338e+00,5.141692522e+00,-2.639396368e-01,-5.405632159e-01,5.405632159e-01
4.830000000e-02,5.090414158e+00,5.087737788e+00,-2.650013872e-01,-5.352739175e-01,5.352739175e-01
4.832000000e-02,5.036232016e+00,5.033582199e+00,-2.660526758e-01,-5.299634875e-01,5.299634875e-01
4.834000000e-02,4.981851053e+00,4.979227893e+00,-2.670934611e-01,-5.246321354e-01,5.246321354e-01
4.836000000e-02,4.927273415e+00,4.924677015e+00,-2.681237020e-01,-5.192800717e-01,5.192800717e-01
4.838000000e-02,4.872501257e+00,4.869931720e+00,-2.691433579e-01,-5.139075078e-01,5.139075078e-01
4.840000000e-02,4.817536741e+00,4.814994168e+00,-2.701523884e-01,-5.085146556e-01,5.085146556e-01
4.842000000e-02,4.762382037e+00,4.759866528e+00,-2.711507538e-01,-5.031017282e-01,5.031017282e-01
4.844000000e-02,4.707039322e+00,4.704550977e+00,-2.721384146e-01,-4.976689392e-01,4.976689392e-01
4.846000000e-02,4.651510781e+00,4.649049698e+00,-2.731153318e-01,-4.922165030e-01,4.922165030e-01
4.848000000e-02,4.595798606e+00,4.593364883e+00,-2.740814669e-01,-4.867446350e-01,4.867446350e-01
4.850000000e-02,4.539904997e+00,4.537498730e+00,-2.750367818e-01,-4.812535512e-01,4.812535511e-01
4.852000000e-02,4.483832161e+00,4.481453444e+00,-2.759812387e-01,-4.757434682e-01,4.757434682e-01
4.854000000e-02,4.427582310e+00,4.425231237e+00,-2.769148003e-01,-4.702146038e-01,4.702146038e-01
4.856000000e-02,4.371157667e+00,4.368834331e+00,-2.778374297e-01,-4.646671760e-01,4.646671760e-01
4.858000000e-02,4.314560457e+00,4.312264950e+00,-2.787490907e-01,-4.591014041e-01,4.591014040e-01
4.860000000e-02,4.257792916e+00,4.255525328e+00,-2.796497471e-01,-4.535175075e-01,4.535175075e-01
4.862000000e-02,4.200857284e+00,4.198617706e+00,-2.805393634e-01,-4.479157069e-01,4.479157069e-01
4.864000000e-02,4.143755810e+00,4.141544329e+00,-2.814179045e-01,-4.422962233e-01,4.422962233e-01
4.866000000e-02,4.086490747e+00,4.084307451e+00,-2.822853357e-01,-4.366592787e-01,4.366592787e-01
4.868000000e-02,4.029064357e+00,4.026909332e+00,-2.831416227e-01,-4.310050954e-01,4.310050954e-01
4.870000000e-02,3.971478906e+00,3.969352237e+00,-2.839867318e-01,-4.253338969e-01,4.253338969e-01
4.872000000e-02,3.913736668e+00,3.911638439e+00,-2.848206296e-01,-4.196459069e-01,4.196459068e-01
4.874000000e-02,3.855839923e+00,3.853770216e+00,-2.856432832e-01,-4.139413499e-01,4.139413499e-01
4.876000000e-02,3.797790955e+00,3.795749853e+00,-2.864546601e-01,-4.082204513e-01,4.082204513e-01
4.878000000e-02,3.739592057e+00,3.737579640e+00,-2.872547282e-01,-4.024834368e-01,4.024834368e-01
4.880000000e-02,3.681245527e+00,3.679261874e+00,-2.880434560e-01,-3.967305330e-01,3.967305330e-01
4.882000000e-02,3.622753667e+00,3.620798857e+00,-2.888208123e-01,-3.909619670e-01,3.909619670e-01
4.884000000e-02,3.564118787e+00,3.562192897e+00,-2.895867665e-01,-3.851779664e-01,3.851779664e-01
4.886000000e-02,3.505343202e+00,3.503446308e+00,-2.903412883e-01,-3.793787596e-01,3.793787596e-01
4.888000000e-02,3.446429232e+00,3.444561409e+00,-2.910843479e-01,-3.735645757e-01,3.735645757e-01
4.890000000e-02,3.387379202e+00,3.385540524e+00,-2.918159160e-01,-3.677356440e-01,3.677356440e-01
4.892000000e-02,3.328195445e+00,3.326385984e+00,-2.925359637e-01,-3.618921948e-01,3.618921948e-01
4.894000000e-02,3.268880297e+00,3.267100124e+00,-2.932444626e-01,-3.560344587e-01,3.560344587e-01
4.896000000e-02,3.209436098e+00,3.207685285e+00,-2.939413847e-01,-3.501626669e-01,3.501626669e-01
4.898000000e-02,3.149865197e+00,3.148143811e+00,-2.946267025e-01,-3.442770514e-01,3.442770514e-01
4.900000000e-02,3.090169944e+00,3.088478055e+00,-2.953003889e-01,-3.383778444e-01,3.383778443e-01
4.902000000e-02,3.030352696e+00,3.028690370e+00,-2.959624174e-01,-3.324652787e-01,3.324652787e-01
4.904000000e-02,2.970415816e+00,2.968783118e+00,-2.966127618e-01,-3.265395880e-01,3.265395880e-01
4.906000000e-02,2.910361668e+00,2.908758663e+00,-2.972513965e-01,-3.206010060e-01,3.206010060e-01
4.908000000e-02,2.850192625e+00,2.848619376e+00,-2.978782961e-01,-3.146497672e-01,3.146497672e-01
4.910000000e-02,2.789911060e+00,2.788367630e+00,-2.984934360e-01,-3.086861066e-01,3.086861066e-01
4.912000000e-02,2.729519355e+00,2.728005804e+00,-2.990967920e-01,-3.027102596e-01,3.027102596e-01
4.914000000e-02,2.669019893e+00,2.667536281e+00,-2.996883401e-01,-2.967224621e-01,2.967224621e-01
4.916000000e-02,2.608415063e+00,2.606961448e+00,-3.002680570e-01,-2.907229505e-01,2.907229505e-01
4.918000000e-02,2.547707257e+00,2.546283697e+00,-3.008359198e-01,-2.847119617e-01,2.847119617e-01
4.920000000e-02,2.486898872e+00,2.485505423e+00,-3.013919062e-01,-2.786897329e-01,2.786897329e-01
4.922000000e-02,2.425992308e+00,2.424629025e+00,-3.019359941e-01,-2.726565020e-01,2.726565020e-01
4.924000000e-02,2.364989970e+00,2.363656908e+00,-3.024681621e-01,-2.666125070e-01,2.666125070e-01
4.926000000e-02,2.303894267e+00,2.302591477e+00,-3.029883892e-01,-2.605579866e-01,2.605579866e-01
4.928000000e-02,2.242707609e+00,2.241435144e+00,-3.034966548e-01,-2.544931798e-01,2.544931798e-01
4.930000000e-02,2.181432414e+00,2.180190322e+00,-3.039929389e-01,-2.484183261e-01,2.484183261e-01
4.932000000e-02,2.120071099e+00,2.118859431e+00,-3.044772218e-01,-2.423336653e-01,2.423336653e-01
4.934000000e-02,2.058626088e+00,2.057444891e+00,-3.049494846e-01,-2.362394375e-01,2.362394375e-01
4.936000000e-02,1.997099805e+00,1.995949126e+00,-3.054097084e-01,-2.301358834e-01,2.301358834e-01
4.938000000e-02,1.935494681e+00,1.934374564e+00,-3.058578752e-01,-2.240232440e-01,2.240232439e-01
4.940000000e-02,1.873813146e+00,1.872723637e+00,-3.062939672e-01,-2.179017604e-01,2.179017604e-01
4.942000000e-02,1.812057636e+00,1.810998778e+00,-3.067179673e-01,-2.117716745e-01,2.117716745e-01
4.944000000e-02,1.750230590e+00,1.749202424e+00,-3.071298587e-01,-2.056332282e-01,2.056332282e-01
4.946000000e-02,1.688334447e+00,1.687337014e+00,-3.075296251e-01,-1.994866639e-01,1.994866639e-01
4.948000000e-02,1.626371652e+00,1.625404991e+00,-3.079172508e-01,-1.933322242e-01,1.933322242e-01
4.950000000e-02,1.564344650e+00,1.563408800e+00,-3.082927205e-01,-1.871701520e-01,1.871701520e-01
4.952000000e-02,1.502255891e+00,1.501350888e+00,-3.086560192e-01,-1.810006907e-01,1.810006907e-01
4.954000000e-02,1.440107826e+00,1.439233705e+00,-3.090071328e-01,-1.748240838e-01,1.748240838e-01
4.956000000e-02,1.377902907e+00,1.377059704e+00,-3.093460473e-01,-1.686405751e-01,1.686405751e-01
4.958000000e-02,1.315643591e+00,1.314831339e+00,-3.096727493e-01,-1.624504088e-01,1.624504088e-01
4.960000000e-02,1.253332336e+00,1.252551067e+00,-3.099872260e-01,-1.562538292e-01,1.562538292e-01
4.962000000e-02,1.190971601e+00,1.190221346e+00,-3.102894649e-01,-1.500510810e-01,1.500510810e-01
4.964000000e-02,1.128563849e+00,1.127844637e+00,-3.105794541e-01,-1.438424091e-01,1.438424091e-01
4.966000000e-02,1.066111543e+00,1.065423402e+00,-3.108571822e-01,-1.376280585e-01,1.376280585e-01
4.968000000e-02,1.003617149e+00,1.002960107e+00,-3.111226381e-01,-1.314082745e-01,1.314082745e-01
4.970000000e-02,9.410831332e-01,9.404572167e-01,-3.113758115e-01,-1.251833028e-01,1.251833028e-01
4.972000000e-02,8.785119655e-01,8.779171986e-01,-3.116166923e-01,-1.189533891e-01,1.189533891e-01
4.974000000e-02,8.159061157e-01,8.153425218e-01,-3.118452710e-01,-1.127187793e-01,1.127187793e-01
4.976000000e-02,7.532680553e-01,7.527356567e-01,-3.120615386e-01,-1.064797195e-01,1.064797195e-01
4.978000000e-02,6.906002571e-01,6.900990749e-01,-3.122654865e-01,-1.002364561e-01,1.002364561e-01
4.980000000e-02,6.279051953e-01,6.274352491e-01,-3.124571067e-01,-9.398923559e-02,9.398923558e-02
4.982000000e-02,5.651853448e-01,5.647466533e-01,-3.126363917e-01,-8.773830450e-02,8.773830450e-02
4.984000000e-02,5.024431818e-01,5.020357623e-01,-3.128033343e-01,-8.148390965e-02,8.148390965e-02
4.986000000e-02,4.396811832e-01,4.393050517e-01,-3.129579279e-01,-7.522629796e-02,7.522629796e-02
4.988000000e-02,3.769018267e-01,3.765569981e-01,-3.131001665e-01,-6.896571647e-02,6.896571647e-02
4.990000000e-02,3.141075908e-01,3.137940787e-01,-3.132300445e-01,-6.270241232e-02,6.270241232e-02
4.992000000e-02,2.513009544e-01,2.510187713e-01,-3.133475567e-01,-5.643663279e-02,5.643663279e-02
4.994000000e-02,1.884843972e-01,1.882335540e-01,-3.134526984e-01,-5.016862524e-02,5.016862524e-02
4.996000000e-02,1.256603988e-01,1.254409057e-01,-3.135454656e-01,-4.389863712e-02,4.389863712e-02
4.998000000e-02,6.283143966e-02,6.264330508e-02,-3.136258545e-01,-3.762691596e-02,3.762691596e-02
5.000000000e-02,5.335193752e-12,-1.567685414e-04,-3.136938620e-01,-3.135370935e-02,3.135370935e-02
5.002000000e-02,-6.283143965e-02,-6.295683597e-02,-3.137494855e-01,-2.507926495e-02,2.507926495e-02
5.004000000e-02,-1.256603988e-01,-1.257544180e-01,-3.137927226e-01,-1.880383046e-02,1.880383046e-02
5.006000000e-02,-1.884843971e-01,-1.885470354e-01,-3.138235717e-01,-1.252765363e-02,1.252765363e-02
5.008000000e-02,-2.513009544e-01,-2.513322093e-01,-3.138420316e-01,-6.250982229e-03,6.250982229e-03
5.010000000e-02,-3.141075908e-01,-3.094214048e-01,-3.094213579e-01,4.686500086e-09,-4.685567136e-09
5.012000000e-02,-3.769018267e-01,6.775625551e-05,7.152595134e-05,3.769699599e-07,-3.769695831e-07
5.014000000e-02,-4.396811832e-01,-7.553009592e-06,-3.156273291e-06,4.396740698e-07,-4.396736302e-07
5.016000000e-02,-5.024431818e-01,-8.161628264e-06,-3.137278063e-06,5.024355226e-07,-5.024350202e-07
5.018000000e-02,-5.651853448e-01,-8.787950513e-06,-3.136184944e-06,5.651771220e-07,-5.651765569e-07
5.020000000e-02,-6.279051953e-01,-9.413921478e-06,-3.134963664e-06,6.278964093e-07,-6.278957814e-07
5.022000000e-02,-6.906002571e-01,-1.003952080e-05,-3.133618623e-06,6.905909082e-07,-6.905902176e-07
5.024000000e-02,-7.532680553e-01,-1.066472378e-05,-3.132149871e-06,7.532581438e-07,-7.532573905e-07
5.026000000e-02,-8.159061157e-01,-1.128950573e-05,-3.130557467e-06,8.158956421e-07,-8.158948262e-07
5.028000000e-02,-8.785119655e-01,-1.191384199e-05,-3.128841475e-06,8.785009302e-07,-8.785000516e-07
5.030000000e-02,-9.410831332e-01,-1.253770792e-05,-3.127001961e-06,9.410715366e-07,-9.410705955e-07
5.032000000e-02,-1.003617149e+00,-1.316107887e-05,-3.125038998e-06,1.003604991e-06,-1.003603987e-06
5.034000000e-02,-1.066111543e+00,-1.378393025e-05,-3.122952665e-06,1.066098825e-06,-1.066097759e-06
5.036000000e-02,-1.128563849e+00,-1.440623747e-05,-3.120743042e-06,1.128550571e-06,-1.128549442e-06
5.038000000e-02,-1.190971601e+00,-1.502797595e-05,-3.118410218e-06,1.190957764e-06,-1.190956573e-06
5.040000000e-02,-1.253332336e+00,-1.564912115e-05,-3.115954284e-06,1.253317940e-06,-1.253316686e-06
5.042000000e-02,-1.315643591e+00,-1.626964855e-05,-3.113375338e-06,1.315628637e-06,-1.315627321e-06
5.044000000e-02,-1.377902907e+00,-1.688953365e-05,-3.110673481e-06,1.377887395e-06,-1.377886017e-06
5.046000000e-02,-1.440107826e+00,-1.750875199e-05,-3.107848820e-06,1.440091757e-06,-1.440090317e-06
5.048000000e-02,-1.502255891e+00,-1.812727911e-05,-3.104901467e-06,1.502239266e-06,-1.502237764e-06
5.050000000e-02,-1.564344650e+00,-1.874509059e-05,-3.101831537e-06,1.564327470e-06,-1.564325905e-06
5.052000000e-02,-1.626371652e+00,-1.936216205e-05,-3.098639152e-06,1.626353916e-06,-1.626352290e-06
5.054000000e-02,-1.688334447e+00,-1.997846912e-05,-3.095324438e-06,1.688316157e-06,-1.688314469e-06
5.056000000e-02,-1.750230590e+00,-2.059398748e-05,-3.091887527e-06,1.750211746e-06,-1.750209996e-06
5.058000000e-02,-1.812057636e+00,-2.120869283e-05,-3.088328552e-06,1.812038240e-06,-1.812036428e-06
5.060000000e-02,-1.873813146e+00,-2.182256089e-05,-3.084647656e-06,1.873793197e-06,-1.873791323e-06
5.062000000e-02,-1.935494681e+00,-2.243556743e-05,-3.080844983e-06,1.935474180e-06,-1.935472245e-06
5.064000000e-02,-1.997099805e+00,-2.304768826e-05,-3.076920684e-06,1.997078755e-06,-1.997076757e-06
5.066000000e-02,-2.058626088e+00,-2.365889920e-05,-3.072874913e-06,2.058604487e-06,-2.058602429e-06
5.068000000e-02,-2.120071099e+00,-2.426917613e-05,-3.068707831e-06,2.120048950e-06,-2.120046830e-06
5.070000000e-02,-2.181432414e+00,-2.487849495e-05,-3.064419601e-06,2.181409717e-06,-2.181407535e-06
5.072000000e-02,-2.242707609e+00,-2.548683162e-05,-3.060010393e-06,2.242684365e-06,-2.242682123e-06
5.074000000e-02,-2.303894267e+00,-2.609416211e-05,-3.055480381e-06,2.303870476e-06,-2.303868173e-06
5.076000000e-02,-2.364989970e+00,-2.670046244e-05,-3.050829743e-06,2.364965635e-06,-2.364963270e-06
5.078000000e-02,-2.425992308e+00,-2.730570869e-05,-3.046058665e-06,2.425967428e-06,-2.425965002e-06
5.080000000e-02,-2.486898872e+00,-2.790987695e-05,-3.041167333e-06,2.486873449e-06,-2.486870962e-06
5.082000000e-02,-2.547707257e+00,-2.851294338e-05,-3.036155941e-06,2.547681292e-06,-2.547678744e-06
5.084000000e-02,-2.608415063e+00,-2.911488417e-05,-3.031024687e-06,2.608388556e-06,-2.608385948e-06
5.086000000e-02,-2.669019893e+00,-2.971567555e-05,-3.025773773e-06,2.668992847e-06,-2.668990177e-06
5.088000000e-02,-2.729519355e+00,-3.031529381e-05,-3.020403407e-06,2.729491769e-06,-2.729489040e-06
5.090000000e-02,-2.789911060e+00,-3.091371527e-05,-3.014913800e-06,2.789882937e-06,-2.789880147e-06
5.092000000e-02,-2.850192625e+00,-3.151091631e-05,-3.009305170e-06,2.850163964e-06,-2.850161114e-06
5.094000000e-02,-2.910361668e+00,-3.210687335e-05,-3.003577738e-06,2.910332472e-06,-2.910329561e-06
5.096000000e-02,-2.970415816e+00,-3.270156287e-05,-2.997731729e-06,2.970386085e-06,-2.970383114e-06
5.098000000e-02,-3.030352696e+00,-3.329496139e-05,-2.991767375e-06,3.030322432e-06,-3.030319401e-06
5.100000000e-02,-3.090169944e+00,-3.388704548e-05,-2.985684912e-06,3.090139147e-06,-3.090136057e-06
5.102000000e-02,-3.149865197e+00,-3.447779177e-05,-2.979484578e-06,3.149833869e-06,-3.149830719e-06
5.104000000e-02,-3.209436098e+00,-3.506717693e-05,-2.973166620e-06,3.209404240e-06,-3.209401031e-06
5.106000000e-02,-3.268880297e+00,-3.565517770e-05,-2.966731286e-06,3.268847910e-06,-3.268844641e-06
5.108000000e-02,-3.328195445e+00,-3.624177086e-05,-2.960178831e-06,3.328162532e-06,-3.328159203e-06
5.110000000e-02,-3.387379202e+00,-3.682693327e-05,-2.953509512e-06,3.387345763e-06,-3.387342375e-06
5.112000000e-02,-3.446429232e+00,-3.741064181e-05,-2.946723595e-06,3.446395268e-06,-3.446391821e-06
5.114000000e-02,-3.505343202e+00,-3.799287344e-05,-2.939821346e-06,3.505308714e-06,-3.505305209e-06
5.116000000e-02,-3.564118787e+00,-3.857360517e-05,-2.932803037e-06,3.564083778e-06,-3.564080213e-06
5.118000000e-02,-3.622753667e+00,-3.915281409e-05,-2.925668947e-06,3.622718137e-06,-3.622714514e-06
5.120000000e-02,-3.681245527e+00,-3.973047732e-05,-2.918419356e-06,3.681209478e-06,-3.681205796e-06
5.122000000e-02,-3.739592057e+00,-4.030657206e-05,-2.911054551e-06,3.739555490e-06,-3.739551751e-06
5.124000000e-02,-3.797790955e+00,-4.088107556e-05,-2.903574823e-06,3.797753872e-06,-3.797750074e-06
5.126000000e-02,-3.855839923e+00,-4.145396515e-05,-2.895980466e-06,3.855802325e-06,-3.855798469e-06
5.128000000e-02,-3.913736668e+00,-4.202521821e-05,-2.888271781e-06,3.913698557e-06,-3.913694643e-06
5.130000000e-02,-3.971478906e+00,-4.259481219e-05,-2.880449072e-06,3.971440283e-06,-3.971436311e-06
5.132000000e-02,-4.029064357e+00,-4.316272459e-05,-2.872512648e-06,4.029025223e-06,-4.029021194e-06
5.134000000e-02,-4.086490747e+00,-4.372893301e-05,-2.864462822e-06,4.086451105e-06,-4.086447018e-06
5.136000000e-02,-4.143755810e+00,-4.429341508e-05,-2.856299912e-06,4.143715660e-06,-4.143711516e-06
5.138000000e-02,-4.200857284e+00,-4.485614852e-05,-2.848024240e-06,4.200816629e-06,-4.200812428e-06
5.140000000e-02,-4.257792916e+00,-4.541711112e-05,-2.839636133e-06,4.257751756e-06,-4.257747498e-06
5.142000000e-02,-4.314560457e+00,-4.597628073e-05,-2.831135921e-06,4.314518795e-06,-4.314514480e-06
5.144000000e-02,-4.371157667e+00,-4.653363527e-05,-2.822523942e-06,4.371115504e-06,-4.371111133e-06
5.146000000e-02,-4.427582310e+00,-4.708915275e-05,-2.813800534e-06,4.427539649e-06,-4.427535221e-06
5.148000000e-02,-4.483832161e+00,-4.764281122e-05,-2.804966042e-06,4.483789002e-06,-4.483784518e-06
5.150000000e-02,-4.539904997e+00,-4.819458884e-05,-2.796020815e-06,4.539861343e-06,-4.539856803e-06
5.152000000e-02,-4.595798606e+00,-4.874446382e-05,-2.786965206e-06,4.595754458e-06,-4.595749862e-06
5.154000000e-02,-4.651510781e+00,-4.929241445e-05,-2.777799572e-06,4.651466140e-06,-4.651461488e-06
5.156000000e-02,-4.707039322e+00,-4.983841911e-05,-2.768524275e-06,4.706994190e-06,-4.706989483e-06
5.158000000e-02,-4.762382037e+00,-5.038245622e-05,-2.759139682e-06,4.762336417e-06,-4.762331654e-06
5.160000000e-02,-4.817536741e+00,-5.092450433e-05,-2.749646163e-06,4.817490634e-06,-4.817485816e-06
5.162000000e-02,-4.872501257e+00,-5.146454202e-05,-2.740044092e-06,4.872454665e-06,-4.872449793e-06
5.164000000e-02,-4.927273415e+00,-5.200254798e-05,-2.730333849e-06,4.927226340e-06,-4.927221413e-06
5.166000000e-02,-4.981851053e+00,-5.253850097e-05,-2.720515817e-06,4.981803497e-06,-4.981798515e-06
5.168000000e-02,-5.036232016e+00,-5.307237982e-05,-2.710590384e-06,5.036183980e-06,-5.036178944e-06
5.170000000e-02,-5.090414157e+00,-5.360416347e-05,-2.700557941e-06,5.090365644e-06,-5.090360553e-06
5.172000000e-02,-5.144395338e+00,-5.413383092e-05,-2.690418885e-06,5.144346348e-06,-5.144341204e-06
5.174000000e-02,-5.198173426e+00,-5.466136126e-05,-2.680173616e-06,5.198123963e-06,-5.198118765e-06
5.176000000e-02,-5.251746300e+00,-5.518673367e-05,-2.669822538e-06,5.251696365e-06,-5.251691113e-06
5.178000000e-02,-5.305111843e+00,-5.570992739e-05,-2.659366060e-06,5.305061438e-06,-5.305056133e-06
5.180000000e-02,-5.358267950e+00,-5.623092178e-05,-2.648804595e-06,5.358217077e-06,-5.358211719e-06
5.182000000e-02,-5.411212521e+00,-5.674969628e-05,-2.638138560e-06,5.411161183e-06,-5.411155772e-06
5.184000000e-02,-5.463943467e+00,-5.726623039e-05,-2.627368375e-06,5.463891665e-06,-5.463886201e-06
5.186000000e-02,-5.516458706e+00,-5.778050372e-05,-2.616494467e-06,5.516406442e-06,-5.516400926e-06
5.188000000e-02,-5.568756165e+00,-5.829249599e-05,-2.605517264e-06,5.568703441e-06,-5.568697872e-06
5.190000000e-02,-5.620833779e+00,-5.880218696e-05,-2.594437199e-06,5.620780597e-06,-5.620774976e-06
5.192000000e-02,-5.672689491e+00,-5.930955653e-05,-2.583254710e-06,5.672635854e-06,-5.672630182e-06
5.194000000e-02,-5.724321256e+00,-5.981458465e-05,-2.571970239e-06,5.724267166e-06,-5.724261441e-06
5.196000000e-02,-5.775727034e+00,-6.031725140e-05,-2.560584231e-06,5.775672493e-06,-5.775666717e-06
5.198000000e-02,-5.826904797e+00,-6.081753693e-05,-2.549097136e-06,5.826849806e-06,-5.826843979e-06
5.200000000e-02,-5.877852523e+00,-6.131542148e-05,-2.537509406e-06,5.877797085e-06,-5.877791207e-06
5.202000000e-02,-5.928568202e+00,-6.181088541e-05,-2.525821500e-06,5.928512319e-06,-5.928506391e-06
5.204000000e-02,-5.979049831e+00,-6.230390915e-05,-2.514033879e-06,5.978993506e-06,-5.978987527e-06
5.206000000e-02,-6.029295417e+00,-6.279447323e-05,-2.502147008e-06,6.029238652e-06,-6.029232622e-06
5.208000000e-02,-6.079302977e+00,-6.328255830e-05,-2.490161357e-06,6.079245774e-06,-6.079239694e-06
5.210000000e-02,-6.129070537e+00,-6.376814508e-05,-2.478077398e-06,6.129012897e-06,-6.129006768e-06
5.212000000e-02,-6.178596131e+00,-6.425121441e-05,-2.465895610e-06,6.178538058e-06,-6.178531880e-06
5.214000000e-02,-6.227877805e+00,-6.473174720e-05,-2.453616471e-06,6.227819301e-06,-6.227813073e-06
5.216000000e-02,-6.276913613e+00,-6.520972450e-05,-2.441240469e-06,6.276854680e-06,-6.276848403e-06
5.218000000e-02,-6.325701619e+00,-6.568512743e-05,-2.428768090e-06,6.325642260e-06,-6.325635934e-06
5.220000000e-02,-6.374239897e+00,-6.615793722e-05,-2.416199827e-06,6.374180114e-06,-6.374173739e-06
5.222000000e-02,-6.422526532e+00,-6.662813521e-05,-2.403536177e-06,6.422466326e-06,-6.422459904e-06
5.224000000e-02,-6.470559616e+00,-6.709570284e-05,-2.390777640e-06,6.470498991e-06,-6.470492520e-06
5.226000000e-02,-6.518337253e+00,-6.756062164e-05,-2.377924719e-06,6.518276211e-06,-6.518269692e-06
5.228000000e-02,-6.565857558e+00,-6.802287327e-05,-2.364977921e-06,6.565796101e-06,-6.565789535e-06
5.230000000e-02,-6.613118653e+00,-6.848243947e-05,-2.351937759e-06,6.613056784e-06,-6.613050171e-06
5.232000000e-02,-6.660118674e+00,-6.893930209e-05,-2.338804745e-06,6.660056395e-06,-6.660049735e-06
5.234000000e-02,-6.706855765e+00,-6.939344312e-05,-2.325579400e-06,6.706793079e-06,-6.706786372e-06
5.236000000e-02,-6.753328081e+00,-6.984484461e-05,-2.312262245e-06,6.753264990e-06,-6.753258236e-06
5.238000000e-02,-6.799533787e+00,-7.029348874e-05,-2.298853805e-06,6.799470293e-06,-6.799463494e-06
5.240000000e-02,-6.845471059e+00,-7.073935781e-05,-2.285354611e-06,6.845407165e-06,-6.845400320e-06
5.242000000e-02,-6.891138084e+00,-7.118243421e-05,-2.271765195e-06,6.891073793e-06,-6.891066901e-06
5.244000000e-02,-6.936533058e+00,-7.162270045e-05,-2.258086094e-06,6.936468372e-06,-6.936461435e-06
5.246000000e-02,-6.981654190e+00,-7.206013914e-05,-2.244317847e-06,6.981589111e-06,-6.981582130e-06
5.248000000e-02,-7.026499698e+00,-7.249473303e-05,-2.230460998e-06,7.026434230e-06,-7.026427203e-06
5.250000000e-02,-7.071067812e+00,-7.292646495e-05,-2.216516095e-06,7.071001956e-06,-7.070994885e-06
5.252000000e-02,-7.115356772e+00,-7.335531785e-05,-2.202483687e-06,7.115290532e-06,-7.115283417e-06
5.254000000e-02,-7.159364830e+00,-7.378127482e-05,-2.188364329e-06,7.159298208e-06,-7.159291049e-06
5.256000000e-02,-7.203090249e+00,-7.420431902e-05,-2.174158578e-06,7.203023248e-06,-7.203016044e-06
5.258000000e-02,-7.246531302e+00,-7.462443377e-05,-2.159866995e-06,7.246463924e-06,-7.246456677e-06
5.260000000e-02,-7.289686274e+00,-7.504160247e-05,-2.145490145e-06,7.289618522e-06,-7.289611233e-06
5.262000000e-02,-7.332553462e+00,-7.545580866e-05,-2.131028594e-06,7.332485339e-06,-7.332478006e-06
5.264000000e-02,-7.375131174e+00,-7.586703598e-05,-2.116482913e-06,7.375062682e-06,-7.375055306e-06
5.266000000e-02,-7.417417727e+00,-7.627526820e-05,-2.101853678e-06,7.417348870e-06,-7.417341452e-06
5.268000000e-02,-7.459411454e+00,-7.668048920e-05,-2.087141465e-06,7.459342233e-06,-7.459334774e-06
5.270000000e-02,-7.501110696e+00,-7.708268299e-05,-2.072346855e-06,7.501041115e-06,-7.501033614e-06
5.272000000e-02,-7.542513807e+00,-7.748183369e-05,-2.057470432e-06,7.542443868e-06,-7.542436325e-06
5.274000000e-02,-7.583619153e+00,-7.787792553e-05,-2.042512784e-06,7.583548859e-06,-7.583541275e-06
5.276000000e-02,-7.624425110e+00,-7.827094289e-05,-2.027474501e-06,7.624354464e-06,-7.624346839e-06
5.278000000e-02,-7.664930068e+00,-7.866087025e-05,-2.012356177e-06,7.664859072e-06,-7.664851407e-06
5.280000000e-02,-7.705132428e+00,-7.904769221e-05,-1.997158409e-06,7.705061085e-06,-7.705053380e-06
5.282000000e-02,-7.745030602e+00,-7.943139350e-05,-1.981881796e-06,7.744958916e-06,-7.744951171e-06
5.284000000e-02,-7.784623016e+00,-7.981195898e-05,-1.966526942e-06,7.784550988e-06,-7.784543204e-06
5.286000000e-02,-7.823908106e+00,-8.018937362e-05,-1.951094452e-06,7.823835740e-06,-7.823827916e-06
5.288000000e-02,-7.862884321e+00,-8.056362251e-05,-1.935584937e-06,7.862811621e-06,-7.862803758e-06
5.290000000e-02,-7.901550124e+00,-8.093469090e-05,-1.919999008e-06,7.901477091e-06,-7.901469189e-06
5.292000000e-02,-7.939903986e+00,-8.130256412e-05,-1.904337281e-06,7.939830624e-06,-7.939822684e-06
5.294000000e-02,-7.977944395e+00,-8.166722765e-05,-1.888600374e-06,7.977870706e-06,-7.977862728e-06
5.296000000e-02,-8.015669849e+00,-8.202866711e-05,-1.872788909e-06,8.015595836e-06,-8.015587820e-06
5.298000000e-02,-8.053078857e+00,-8.238686821e-05,-1.856903508e-06,8.053004523e-06,-8.052996470e-06
5.300000000e-02,-8.090169944e+00,-8.274181682e-05,-1.840944801e-06,8.090095292e-06,-8.090087202e-06
5.302000000e-02,-8.126941644e+00,-8.309349892e-05,-1.824913416e-06,8.126866678e-06,-8.126858551e-06
5.304000000e-02,-8.163392507e+00,-8.344190064e-05,-1.808809986e-06,8.163317229e-06,-8.163309065e-06
5.306000000e-02,-8.199521093e+00,-8.378700821e-05,-1.792635148e-06,8.199445506e-06,-8.199437306e-06
5.308000000e-02,-8.235325976e+00,-8.412880801e-05,-1.776389540e-06,8.235250083e-06,-8.235241847e-06
5.310000000e-02,-8.270805743e+00,-8.446728656e-05,-1.760073803e-06,8.270729546e-06,-8.270721275e-06
5.312000000e-02,-8.305958992e+00,-8.480243048e-05,-1.743688581e-06,8.305882495e-06,-8.305874189e-06
5.314000000e-02,-8.340784336e+00,-8.513422654e-05,-1.727234522e-06,8.340707543e-06,-8.340699202e-06
5.316000000e-02,-8.375280400e+00,-8.546266165e-05,-1.710712274e-06,8.375203313e-06,-8.375194938e-06
5.318000000e-02,-8.409445823e+00,-8.578772284e-05,-1.694122490e-06,8.409368445e-06,-8.409360035e-06
5.320000000e-02,-8.443279255e+00,-8.610939728e-05,-1.677465825e-06,8.443201589e-06,-8.443193146e-06
5.322000000e-02,-8.476779361e+00,-8.642767227e-05,-1.660742936e-06,8.476701410e-06,-8.476692933e-06
5.324000000e-02,-8.509944818e+00,-8.674253524e-05,-1.643954485e-06,8.509866585e-06,-8.509858075e-06
5.326000000e-02,-8.542774317e+00,-8.705397376e-05,-1.627101132e-06,8.542695806e-06,-8.542687263e-06
5.328000000e-02,-8.575266562e+00,-8.736197554e-05,-1.610183545e-06,8.575187775e-06,-8.575179200e-06
5.330000000e-02,-8.607420270e+00,-8.766652842e-05,-1.593202390e-06,8.607341211e-06,-8.607332603e-06
5.332000000e-02,-8.639234172e+00,-8.796762038e-05,-1.576158339e-06,8.639154844e-06,-8.639146204e-06
5.334000000e-02,-8.670707012e+00,-8.826523953e-05,-1.559052063e-06,8.670627417e-06,-8.670618746e-06
5.336000000e-02,-8.701837547e+00,-8.855937411e-05,-1.541884239e-06,8.701757689e-06,-8.701748987e-06
5.338000000e-02,-8.732624548e+00,-8.885001252e-05,-1.524655544e-06,8.732544431e-06,-8.732535698e-06
5.340000000e-02,-8.763066800e+00,-8.913714329e-05,-1.507366658e-06,8.762986426e-06,-8.762977663e-06
5.342000000e-02,-8.793163102e+00,-8.942075507e-05,-1.490018263e-06,8.793082474e-06,-8.793073681e-06
5.344000000e-02,-8.822912264e+00,-8.970083668e-05,-1.472611046e-06,8.822831386e-06,-8.822822563e-06
5.346000000e-02,-8.852313113e+00,-8.997737705e-05,-1.455145692e-06,8.852231988e-06,-8.852223136e-06
5.348000000e-02,-8.881364488e+00,-9.025036527e-05,-1.437622891e-06,8.881283119e-06,-8.881274238e-06
5.350000000e-02,-8.910065242e+00,-9.051979056e-05,-1.420043336e-06,8.909983632e-06,-8.909974722e-06
5.352000000e-02,-8.938414242e+00,-9.078564228e-05,-1.402407720e-06,8.938332394e-06,-8.938323456e-06
5.354000000e-02,-8.966410368e+00,-9.104790994e-05,-1.384716739e-06,8.966328286e-06,-8.966319320e-06
5.356000000e-02,-8.994052516e+00,-9.130658318e-05,-1.366971092e-06,8.993970203e-06,-8.993961209e-06
5.358000000e-02,-9.021339594e+00,-9.156165180e-05,-1.349171479e-06,9.021257053e-06,-9.021248032e-06
5.360000000e-02,-9.048270525e+00,-9.181310572e-05,-1.331318603e-06,9.048187760e-06,-9.048178711e-06
5.362000000e-02,-9.074844245e+00,-9.206093501e-05,-1.313413169e-06,9.074761259e-06,-9.074752184e-06
5.364000000e-02,-9.101059707e+00,-9.230512990e-05,-1.295455884e-06,9.100976503e-06,-9.100967402e-06
5.366000000e-02,-9.126915874e+00,-9.254568074e-05,-1.277447456e-06,9.126832455e-06,-9.126823328e-06
5.368000000e-02,-9.152411726e+00,-9.278257803e-05,-1.259388597e-06,9.152328096e-06,-9.152318944e-06
5.370000000e-02,-9.177546257e+00,-9.301581243e-05,-1.241280019e-06,9.177462419e-06,-9.177453241e-06
5.372000000e-02,-9.202318474e+00,-9.324537472e-05,-1.223122438e-06,9.202234431e-06,-9.202225228e-06
5.374000000e-02,-9.226727399e+00,-9.347125584e-05,-1.204916570e-06,9.226643154e-06,-9.226633927e-06
5.376000000e-02,-9.250772068e+00,-9.369344688e-05,-1.186663134e-06,9.250687626e-06,-9.250678375e-06
5.378000000e-02,-9.274451533e+00,-9.391193906e-05,-1.168362850e-06,9.274366896e-06,-9.274357621e-06
5.380000000e-02,-9.297764859e+00,-9.412672376e-05,-1.150016442e-06,9.297680030e-06,-9.297670732e-06
5.382000000e-02,-9.320711125e+00,-9.433779250e-05,-1.131624633e-06,9.320626107e-06,-9.320616787e-06
5.384000000e-02,-9.343289425e+00,-9.454513694e-05,-1.113188149e-06,9.343204223e-06,-9.343194879e-06
5.386000000e-02,-9.365498867e+00,-9.474874890e-05,-1.094707718e-06,9.365413484e-06,-9.365404119e-06
5.388000000e-02,-9.387338577e+00,-9.494862035e-05,-1.076184071e-06,9.387253015e-06,-9.387243628e-06
5.390000000e-02,-9.408807690e+00,-9.514474338e-05,-1.057617937e-06,9.408721954e-06,-9.408712545e-06
5.392000000e-02,-9.429905359e+00,-9.533711027e-05,-1.039010051e-06,9.429819452e-06,-9.429810022e-06
5.394000000e-02,-9.450630752e+00,-9.552571341e-05,-1.020361146e-06,9.450544677e-06,-9.450535226e-06
5.396000000e-02,-9.470983050e+00,-9.571054535e-05,-1.001671959e-06,9.470896810e-06,-9.470887339e-06
5.398000000e-02,-9.490961450e+00,-9.589159881e-05,-9.829432275e-07,9.490875049e-06,-9.490865558e-06
5.400000000e-02,-9.510565163e+00,-9.606886663e-05,-9.641756913e-07,9.510478605e-06,-9.510469094e-06
5.402000000e-02,-9.529793415e+00,-9.624234182e-05,-9.453700911e-07,9.529706703e-06,-9.529697173e-06
5.404000000e-02,-9.548645447e+00,-9.641201752e-05,-9.265271693e-07,9.548558584e-06,-9.548549035e-06
5.406000000e-02,-9.567120516e+00,-9.657788705e-05,-9.076476698e-07,9.567033505e-06,-9.567023938e-06
5.408000000e-02,-9.585217890e+00,-9.673994384e-05,-8.887323379e-07,9.585130735e-06,-9.585121150e-06
5.410000000e-02,-9.602936857e+00,-9.689818151e-05,-8.697819204e-07,9.602849562e-06,-9.602839958e-06
5.412000000e-02,-9.620276716e+00,-9.705259380e-05,-8.507971654e-07,9.620189284e-06,-9.620179663e-06
5.414000000e-02,-9.637236783e+00,-9.720317462e-05,-8.317788224e-07,9.637149217e-06,-9.637139580e-06
5.416000000e-02,-9.653816388e+00,-9.734991803e-05,-8.127276422e-07,9.653728692e-06,-9.653719038e-06
5.418000000e-02,-9.670014878e+00,-9.749281822e-05,-7.936443769e-07,9.669927055e-06,-9.669917385e-06
5.420000000e-02,-9.685831611e+00,-9.763186957e-05,-7.745297798e-07,9.685743665e-06,-9.685733979e-06
5.422000000e-02,-9.701265965e+00,-9.776706658e-05,-7.553846057e-07,9.701177899e-06,-9.701168198e-06
5.424000000e-02,-9.716317329e+00,-9.789840392e-05,-7.362096102e-07,9.716229147e-06,-9.716219431e-06
5.426000000e-02,-9.730985110e+00,-9.802587639e-05,-7.170055505e-07,9.730896815e-06,-9.730887084e-06
5.428000000e-02,-9.745268728e+00,-9.814947897e-05,-6.977731846e-07,9.745180324e-06,-9.745170578e-06
5.430000000e-02,-9.759167619e+00,-9.826920677e-05,-6.785132718e-07,9.759079109e-06,-9.759069350e-06
5.432000000e-02,-9.772681236e+00,-9.838505508e-05,-6.592265725e-07,9.772592623e-06,-9.772582851e-06
5.434000000e-02,-9.785809043e+00,-9.849701931e-05,-6.399138480e-07,9.785720332e-06,-9.785710546e-06
5.436000000e-02,-9.798550524e+00,-9.860509505e-05,-6.205758609e-07,9.798461717e-06,-9.798451919e-06
5.438000000e-02,-9.810905174e+00,-9.870927802e-05,-6.012133744e-07,9.810816276e-06,-9.810806465e-06
5.440000000e-02,-9.822872507e+00,-9.880956413e-05,-5.818271531e-07,9.822783521e-06,-9.822773698e-06
5.442000000e-02,-9.834452050e+00,-9.890594940e-05,-5.624179623e-07,9.834362978e-06,-9.834353144e-06
5.444000000e-02,-9.845643345e+00,-9.899843004e-05,-5.429865681e-07,9.845554193e-06,-9.845544347e-06
5.446000000e-02,-9.856445951e+00,-9.908700238e-05,-5.235337378e-07,9.856356721e-06,-9.856346864e-06
5.448000000e-02,-9.866859442e+00,-9.917166294e-05,-5.040602392e-07,9.866770137e-06,-9.866760270e-06
5.450000000e-02,-9.876883406e+00,-9.925240838e-05,-4.845668413e-07,9.876794030e-06,-9.876784153e-06
5.452000000e-02,-9.886517447e+00,-9.932923549e-05,-4.650543134e-07,9.886428005e-06,-9.886418118e-06
5.454000000e-02,-9.895761186e+00,-9.940214126e-05,-4.455234260e-07,9.895671680e-06,-9.895661784e-06
5.456000000e-02,-9.904614257e+00,-9.947112281e-05,-4.259749501e-07,9.904524690e-06,-9.904514786e-06
5.458000000e-02,-9.913076311e+00,-9.953617740e-05,-4.064096575e-07,9.912986688e-06,-9.912976774e-06
5.460000000e-02,-9.921147013e+00,-9.959730248e-05,-3.868283205e-07,9.921057337e-06,-9.921047416e-06
5.462000000e-02,-9.928826046e+00,-9.965449562e-05,-3.672317121e-07,9.928736320e-06,-9.928726391e-06
5.464000000e-02,-9.936113105e+00,-9.970775458e-05,-3.476206061e-07,9.936023334e-06,-9.936013397e-06
5.466000000e-02,-9.943007904e+00,-9.975707724e-05,-3.279957766e-07,9.942918090e-06,-9.942908147e-06
5.468000000e-02,-9.949510170e+00,-9.980246167e-05,-3.083579984e-07,9.949420317e-06,-9.949410367e-06
5.470000000e-02,-9.955619646e+00,-9.984390607e-05,-2.887080468e-07,9.955529758e-06,-9.955519802e-06
5.472000000e-02,-9.961336091e+00,-9.988140880e-05,-2.690466975e-07,9.961246171e-06,-9.961236210e-06
5.474000000e-02,-9.966659280e+00,-9.991496838e-05,-2.493747266e-07,9.966569332e-06,-9.966559365e-06
5.476000000e-02,-9.971589003e+00,-9.994458349e-05,-2.296929109e-07,9.971499030e-06,-9.971489058e-06
5.478000000e-02,-9.976125064e+00,-9.997025296e-05,-2.100020273e-07,9.976035069e-06,-9.976025093e-06
5.480000000e-02,-9.980267284e+00,-9.999197578e-05,-1.903028531e-07,9.980177273e-06,-9.980167292e-06
5.482000000e-02,-9.984015501e+00,-1.000097511e-04,-1.705961662e-07,9.983925475e-06,-9.983915491e-06
5.484000000e-02,-9.987369566e+00,-1.000235782e-04,-1.508827444e-07,9.987279530e-06,-9.987269542e-06
5.486000000e-02,-9.990329347e+00,-1.000334565e-04,-1.311633660e-07,9.990239304e-06,-9.990229313e-06
5.488000000e-02,-9.992894726e+00,-1.000393857e-04,-1.114388095e-07,9.992804680e-06,-9.992794687e-06
5.490000000e-02,-9.995065604e+00,-1.000413655e-04,-9.170985355e-08,9.994975557e-06,-9.994965562e-06
5.492000000e-02,-9.996841893e+00,-1.000393958e-04,-7.197727708e-08,9.996751850e-06,-9.996741853e-06
5.494000000e-02,-9.998223524e+00,-1.000334768e-04,-5.224185908e-08,9.998133489e-06,-9.998123490e-06
5.496000000e-02,-9.999210442e+00,-1.000236086e-04,-3.250437865e-08,9.999120418e-06,-9.999110418e-06
5.498000000e-02,-9.999802609e+00,-1.000097916e-04,-1.276561501e-08,9.999712599e-06,-9.999702599e-06
5.500000000e-02,-1.000000000e+01,-9.999202643e-05,6.973652595e-09,9.999910008e-06,-9.999900008e-06
5.502000000e-02,-9.999802609e+00,-9.997031374e-05,2.671264489e-08,9.999712638e-06,-9.999702638e-06
5.504000000e-02,-9.999210442e+00,-9.994465439e-05,4.645058262e-08,9.999120497e-06,-9.999110497e-06
5.506000000e-02,-9.998223524e+00,-9.991504940e-05,6.618668656e-08,9.998133607e-06,-9.998123609e-06
5.508000000e-02,-9.996841893e+00,-9.988149993e-05,8.592017756e-08,9.996752008e-06,-9.996742011e-06
5.510000000e-02,-9.995065604e+00,-9.984400732e-05,1.056502766e-07,9.994975755e-06,-9.994965760e-06
5.512000000e-02,-9.992894726e+00,-9.980257303e-05,1.253762047e-07,9.992804917e-06,-9.992794924e-06
5.514000000e-02,-9.990329347e+00,-9.975719871e-05,1.450971832e-07,9.990239580e-06,-9.990229589e-06
5.516000000e-02,-9.987369566e+00,-9.970788615e-05,1.648124335e-07,9.987279846e-06,-9.987269858e-06
5.518000000e-02,-9.984015501e+00,-9.965463729e-05,1.845211773e-07,9.983925830e-06,-9.983915846e-06
5.520000000e-02,-9.980267284e+00,-9.959745423e-05,2.042226365e-07,9.980177667e-06,-9.980167687e-06
5.522000000e-02,-9.976125064e+00,-9.953633924e-05,2.239160334e-07,9.976035503e-06,-9.976025527e-06
5.524000000e-02,-9.971589003e+00,-9.947129472e-05,2.436005904e-07,9.971499503e-06,-9.971489531e-06
5.526000000e-02,-9.966659280e+00,-9.940232325e-05,2.632755305e-07,9.966569845e-06,-9.966559878e-06
5.528000000e-02,-9.961336091e+00,-9.932942754e-05,2.829400769e-07,9.961246723e-06,-9.961236762e-06
5.530000000e-02,-9.955619646e+00,-9.925261048e-05,3.025934533e-07,9.955530349e-06,-9.955520393e-06
5.532000000e-02,-9.949510170e+00,-9.917187509e-05,3.222348839e-07,9.949420947e-06,-9.949410998e-06
5.534000000e-02,-9.943007904e+00,-9.908722457e-05,3.418635932e-07,9.942918760e-06,-9.942908817e-06
5.536000000e-02,-9.936113105e+00,-9.899866226e-05,3.614788063e-07,9.936024043e-06,-9.936014106e-06
5.538000000e-02,-9.928826046e+00,-9.890619165e-05,3.810797488e-07,9.928737068e-06,-9.928727139e-06
5.540000000e-02,-9.921147013e+00,-9.880981639e-05,4.006656470e-07,9.921058124e-06,-9.921048203e-06
5.542000000e-02,-9.913076311e+00,-9.870954028e-05,4.202357275e-07,9.912987514e-06,-9.912977601e-06
5.544000000e-02,-9.904614257e+00,-9.860536730e-05,4.397892179e-07,9.904525556e-06,-9.904515652e-06
5.546000000e-02,-9.895761186e+00,-9.849730154e-05,4.593253462e-07,9.895672584e-06,-9.895662689e-06
5.548000000e-02,-9.886517447e+00,-9.838534728e-05,4.788433410e-07,9.886428949e-06,-9.886419062e-06
5.550000000e-02,-9.876883406e+00,-9.826950893e-05,4.983424320e-07,9.876795013e-06,-9.876785136e-06
5.552000000e-02,-9.866859442e+00,-9.814979107e-05,5.178218492e-07,9.866771159e-06,-9.866761292e-06
5.554000000e-02,-9.856445951e+00,-9.802619843e-05,5.372808238e-07,9.856357782e-06,-9.856347925e-06
5.556000000e-02,-9.845643345e+00,-9.789873588e-05,5.567185874e-07,9.845555292e-06,-9.845545446e-06
5.558000000e-02,-9.834452050e+00,-9.776740845e-05,5.761343727e-07,9.834364117e-06,-9.834354282e-06
5.560000000e-02,-9.822872507e+00,-9.763222134e-05,5.955274132e-07,9.822784698e-06,-9.822774875e-06
5.562000000e-02,-9.810905174e+00,-9.749317987e-05,6.148969433e-07,9.810817492e-06,-9.810807681e-06
5.564000000e-02,-9.798550524e+00,-9.735028954e-05,6.342421983e-07,9.798462972e-06,-9.798453173e-06
5.566000000e-02,-9.785809043e+00,-9.720355598e-05,6.535624145e-07,9.785721626e-06,-9.785711840e-06
5.568000000e-02,-9.772681236e+00,-9.705298500e-05,6.728568293e-07,9.772593955e-06,-9.772584183e-06
5.570000000e-02,-9.759167619e+00,-9.689858253e-05,6.921246807e-07,9.759080480e-06,-9.759070721e-06
5.572000000e-02,-9.745268728e+00,-9.674035467e-05,7.113652083e-07,9.745181733e-06,-9.745171987e-06
5.574000000e-02,-9.730985110e+00,-9.657830766e-05,7.305776524e-07,9.730898263e-06,-9.730888531e-06
5.576000000e-02,-9.716317329e+00,-9.641244791e-05,7.497612545e-07,9.716230633e-06,-9.716220917e-06
5.578000000e-02,-9.701265965e+00,-9.624278196e-05,7.689152574e-07,9.701179423e-06,-9.701169722e-06
5.580000000e-02,-9.685831611e+00,-9.606931651e-05,7.880389048e-07,9.685745228e-06,-9.685735542e-06
5.582000000e-02,-9.670014878e+00,-9.589205841e-05,8.071314417e-07,9.669928656e-06,-9.669918985e-06
5.584000000e-02,-9.653816388e+00,-9.571101466e-05,8.261921145e-07,9.653730331e-06,-9.653720677e-06
5.586000000e-02,-9.637236783e+00,-9.552619240e-05,8.452201707e-07,9.637150894e-06,-9.637141257e-06
5.588000000e-02,-9.620276716e+00,-9.533759892e-05,8.642148590e-07,9.620190999e-06,-9.620181378e-06
5.590000000e-02,-9.602936857e+00,-9.514524168e-05,8.831754295e-07,9.602851314e-06,-9.602841711e-06
5.592000000e-02,-9.585217890e+00,-9.494912828e-05,9.021011339e-07,9.585132526e-06,-9.585122941e-06
5.594000000e-02,-9.567120516e+00,-9.474926644e-05,9.209912248e-07,9.567035333e-06,-9.567025766e-06
5.596000000e-02,-9.548645447e+00,-9.454566406e-05,9.398449565e-07,9.548560450e-06,-9.548550902e-06
5.598000000e-02,-9.529793415e+00,-9.433832918e-05,9.586615848e-07,9.529708607e-06,-9.529699077e-06
5.600000000e-02,-9.510565163e+00,-9.412726999e-05,9.774403668e-07,9.510480546e-06,-9.510471036e-06
5.602000000e-02,-9.490961450e+00,-9.391249481e-05,9.961805611e-07,9.490877028e-06,-9.490867537e-06
5.604000000e-02,-9.470983050e+00,-9.369401213e-05,1.014881428e-06,9.470898827e-06,-9.470889356e-06
5.606000000e-02,-9.450630752e+00,-9.347183057e-05,1.033542229e-06,9.450546731e-06,-9.450537280e-06
5.608000000e-02,-9.429905359e+00,-9.324595890e-05,1.052162227e-06,9.429821543e-06,-9.429812113e-06
5.610000000e-02,-9.408807690e+00,-9.301640604e-05,1.070740688e-06,9.408724082e-06,-9.408714673e-06
5.612000000e-02,-9.387338577e+00,-9.278318105e-05,1.089276878e-06,9.387255181e-06,-9.387245793e-06
5.614000000e-02,-9.365498867e+00,-9.254629315e-05,1.107770066e-06,9.365415687e-06,-9.365406321e-06
5.616000000e-02,-9.343289425e+00,-9.230575167e-05,1.126219520e-06,9.343206462e-06,-9.343197119e-06
5.618000000e-02,-9.320711125e+00,-9.206156612e-05,1.144624513e-06,9.320628384e-06,-9.320619063e-06
5.620000000e-02,-9.297764859e+00,-9.181374613e-05,1.162984318e-06,9.297682343e-06,-9.297673045e-06
5.622000000e-02,-9.274451533e+00,-9.156230150e-05,1.181298211e-06,9.274369245e-06,-9.274359971e-06
5.624000000e-02,-9.250772068e+00,-9.130724214e-05,1.199565468e-06,9.250690012e-06,-9.250680761e-06
5.626000000e-02,-9.226727399e+00,-9.104857813e-05,1.217785368e-06,9.226645577e-06,-9.226636350e-06
5.628000000e-02,-9.202318474e+00,-9.078631968e-05,1.235957192e-06,9.202236890e-06,-9.202227687e-06
5.630000000e-02,-9.177546257e+00,-9.052047714e-05,1.254080223e-06,9.177464914e-06,-9.177455736e-06
5.632000000e-02,-9.152411726e+00,-9.025106101e-05,1.272153745e-06,9.152330628e-06,-9.152321475e-06
5.634000000e-02,-9.126915874e+00,-8.997808191e-05,1.290177044e-06,9.126835023e-06,-9.126825896e-06
5.636000000e-02,-9.101059707e+00,-8.970155064e-05,1.308149409e-06,9.100979106e-06,-9.100970005e-06
5.638000000e-02,-9.074844245e+00,-8.942147811e-05,1.326070131e-06,9.074763899e-06,-9.074754824e-06
5.640000000e-02,-9.048270525e+00,-8.913787537e-05,1.343938502e-06,9.048190435e-06,-9.048181387e-06
5.642000000e-02,-9.021339594e+00,-8.885075361e-05,1.361753816e-06,9.021259764e-06,-9.021250743e-06
5.644000000e-02,-8.994052516e+00,-8.856012418e-05,1.379515371e-06,8.993972950e-06,-8.993963955e-06
5.646000000e-02,-8.966410368e+00,-8.826599855e-05,1.397222465e-06,8.966331068e-06,-8.966322102e-06
5.648000000e-02,-8.938414242e+00,-8.796838833e-05,1.414874399e-06,8.938335212e-06,-8.938326273e-06
5.650000000e-02,-8.910065242e+00,-8.766730527e-05,1.432470476e-06,8.909986485e-06,-8.909977574e-06
5.652000000e-02,-8.881364488e+00,-8.736276125e-05,1.450010001e-06,8.881286007e-06,-8.881277125e-06
5.654000000e-02,-8.852313113e+00,-8.705476830e-05,1.467492283e-06,8.852234911e-06,-8.852226058e-06
5.656000000e-02,-8.822912264e+00,-8.674333858e-05,1.484916631e-06,8.822834344e-06,-8.822825521e-06
5.658000000e-02,-8.793163102e+00,-8.642848438e-05,1.502282356e-06,8.793085467e-06,-8.793076673e-06
5.660000000e-02,-8.763066800e+00,-8.611021813e-05,1.519588774e-06,8.762989453e-06,-8.762980690e-06
5.662000000e-02,-8.732624548e+00,-8.578855239e-05,1.536835202e-06,8.732547492e-06,-8.732538759e-06
5.664000000e-02,-8.701837547e+00,-8.546349987e-05,1.554020957e-06,8.701760785e-06,-8.701752083e-06
5.666000000e-02,-8.670707012e+00,-8.513507340e-05,1.571145363e-06,8.670630547e-06,-8.670621876e-06
5.668000000e-02,-8.639234172e+00,-8.480328594e-05,1.588207742e-06,8.639158008e-06,-8.639149369e-06
5.670000000e-02,-8.607420270e+00,-8.446815060e-05,1.605207422e-06,8.607344409e-06,-8.607335802e-06
5.672000000e-02,-8.575266562e+00,-8.412968059e-05,1.622143731e-06,8.575191008e-06,-8.575182432e-06
5.674000000e-02,-8.542774317e+00,-8.378788929e-05,1.639016001e-06,8.542699072e-06,-8.542690529e-06
5.676000000e-02,-8.509944818e+00,-8.344279019e-05,1.655823564e-06,8.509869885e-06,-8.509861375e-06
5.678000000e-02,-8.476779361e+00,-8.309439690e-05,1.672565759e-06,8.476704743e-06,-8.476696266e-06
5.680000000e-02,-8.443279255e+00,-8.274272320e-05,1.689241924e-06,8.443204956e-06,-8.443196512e-06
5.682000000e-02,-8.409445823e+00,-8.238778295e-05,1.705851400e-06,8.409371845e-06,-8.409363435e-06
5.684000000e-02,-8.375280400e+00,-8.202959017e-05,1.722393533e-06,8.375206746e-06,-8.375198371e-06
5.686000000e-02,-8.340784336e+00,-8.166815901e-05,1.738867668e-06,8.340711009e-06,-8.340702668e-06
5.688000000e-02,-8.305958992e+00,-8.130350373e-05,1.755273156e-06,8.305885994e-06,-8.305877688e-06
5.690000000e-02,-8.270805743e+00,-8.093563872e-05,1.771609348e-06,8.270733078e-06,-8.270724807e-06
5.692000000e-02,-8.235325976e+00,-8.056457852e-05,1.787875601e-06,8.235253647e-06,-8.235245412e-06
5.694000000e-02,-8.199521093e+00,-8.019033776e-05,1.804071271e-06,8.199449102e-06,-8.199440903e-06
5.696000000e-02,-8.163392507e+00,-7.981293122e-05,1.820195719e-06,8.163320858e-06,-8.163312694e-06
5.698000000e-02,-8.126941644e+00,-7.943237381e-05,1.836248309e-06,8.126870339e-06,-8.126862212e-06
5.700000000e-02,-8.090169944e+00,-7.904868054e-05,1.852228408e-06,8.090098985e-06,-8.090090895e-06
5.702000000e-02,-8.053078857e+00,-7.866186657e-05,1.868135383e-06,8.053008248e-06,-8.053000195e-06
5.704000000e-02,-8.015669849e+00,-7.827194716e-05,1.883968608e-06,8.015599592e-06,-8.015591577e-06
5.706000000e-02,-7.977944395e+00,-7.787893771e-05,1.899727457e-06,7.977874494e-06,-7.977866516e-06
5.708000000e-02,-7.939903986e+00,-7.748285373e-05,1.915411308e-06,7.939834444e-06,-7.939826504e-06
5.710000000e-02,-7.901550124e+00,-7.708371086e-05,1.931019541e-06,7.901480942e-06,-7.901473040e-06
5.712000000e-02,-7.862884321e+00,-7.668152486e-05,1.946551542e-06,7.862815503e-06,-7.862807640e-06
5.714000000e-02,-7.823908106e+00,-7.627631160e-05,1.962006696e-06,7.823839653e-06,-7.823831829e-06
5.716000000e-02,-7.784623016e+00,-7.586808708e-05,1.977384393e-06,7.784554932e-06,-7.784547148e-06
5.718000000e-02,-7.745030602e+00,-7.545686742e-05,1.992684026e-06,7.744962890e-06,-7.744955145e-06
5.720000000e-02,-7.705132428e+00,-7.504266886e-05,2.007904992e-06,7.705065090e-06,-7.705057385e-06
5.722000000e-02,-7.664930068e+00,-7.462550774e-05,2.023046689e-06,7.664863108e-06,-7.664855443e-06
5.724000000e-02,-7.624425110e+00,-7.420540053e-05,2.038108520e-06,7.624358529e-06,-7.624350905e-06
5.726000000e-02,-7.583619153e+00,-7.378236382e-05,2.053089889e-06,7.583552954e-06,-7.583545370e-06
5.728000000e-02,-7.542513807e+00,-7.335641430e-05,2.067990206e-06,7.542447993e-06,-7.542440451e-06
5.730000000e-02,-7.501110696e+00,-7.292756880e-05,2.082808883e-06,7.501045270e-06,-7.501037769e-06
5.732000000e-02,-7.459411454e+00,-7.249584425e-05,2.097545333e-06,7.459346418e-06,-7.459338958e-06
5.734000000e-02,-7.417417727e+00,-7.206125768e-05,2.112198977e-06,7.417353084e-06,-7.417345666e-06
5.736000000e-02,-7.375131174e+00,-7.162382626e-05,2.126769234e-06,7.375066925e-06,-7.375059550e-06
5.738000000e-02,-7.332553462e+00,-7.118356726e-05,2.141255530e-06,7.332489611e-06,-7.332482279e-06
5.740000000e-02,-7.289686274e+00,-7.074049804e-05,2.155657293e-06,7.289622823e-06,-7.289615534e-06
5.742000000e-02,-7.246531302e+00,-7.029463612e-05,2.169973954e-06,7.246468254e-06,-7.246461007e-06
5.744000000e-02,-7.203090249e+00,-6.984599908e-05,2.184204948e-06,7.203027606e-06,-7.203020403e-06
5.746000000e-02,-7.159364830e+00,-6.939460464e-05,2.198349714e-06,7.159302595e-06,-7.159295436e-06
5.748000000e-02,-7.115356772e+00,-6.894047062e-05,2.212407692e-06,7.115294947e-06,-7.115287832e-06
5.750000000e-02,-7.071067812e+00,-6.848361495e-05,2.226378329e-06,7.071006399e-06,-7.070999328e-06
5.752000000e-02,-7.026499698e+00,-6.802405567e-05,2.240261072e-06,7.026438700e-06,-7.026431674e-06
5.754000000e-02,-6.981654190e+00,-6.756181091e-05,2.254055373e-06,6.981593610e-06,-6.981586628e-06
5.756000000e-02,-6.936533058e+00,-6.709689892e-05,2.267760688e-06,6.936472898e-06,-6.936465961e-06
5.758000000e-02,-6.891138084e+00,-6.662933807e-05,2.281376476e-06,6.891078346e-06,-6.891071454e-06
5.760000000e-02,-6.845471059e+00,-6.615914680e-05,2.294902199e-06,6.845411746e-06,-6.845404900e-06
5.762000000e-02,-6.799533787e+00,-6.568634369e-05,2.308337323e-06,6.799474900e-06,-6.799468101e-06
5.764000000e-02,-6.753328081e+00,-6.521094738e-05,2.321681318e-06,6.753269624e-06,-6.753262870e-06
5.766000000e-02,-6.706855765e+00,-6.473297667e-05,2.334933656e-06,6.706797739e-06,-6.706791032e-06
5.768000000e-02,-6.660118674e+00,-6.425245040e-05,2.348093816e-06,6.660061082e-06,-6.660054422e-06
5.770000000e-02,-6.613118653e+00,-6.376938756e-05,2.361161277e-06,6.613061497e-06,-6.613054884e-06
5.772000000e-02,-6.565857558e+00,-6.328380721e-05,2.374135523e-06,6.565800840e-06,-6.565794274e-06
5.774000000e-02,-6.518337253e+00,-6.279572853e-05,2.387016043e-06,6.518280976e-06,-6.518274457e-06
5.776000000e-02,-6.470559616e+00,-6.230517078e-05,2.399802327e-06,6.470503781e-06,-6.470497310e-06
5.778000000e-02,-6.422526532e+00,-6.181215332e-05,2.412493871e-06,6.422471142e-06,-6.422464720e-06
5.780000000e-02,-6.374239897e+00,-6.131669563e-05,2.425090174e-06,6.374184955e-06,-6.374178581e-06
5.782000000e-02,-6.325701619e+00,-6.081881726e-05,2.437590739e-06,6.325647126e-06,-6.325640800e-06
5.784000000e-02,-6.276913613e+00,-6.031853787e-05,2.449995072e-06,6.276859571e-06,-6.276853294e-06
5.786000000e-02,-6.227877805e+00,-5.981587721e-05,2.462302683e-06,6.227824217e-06,-6.227817989e-06
5.788000000e-02,-6.178596131e+00,-5.931085511e-05,2.474513086e-06,6.178542999e-06,-6.178536820e-06
5.790000000e-02,-6.129070537e+00,-5.880349153e-05,2.486625800e-06,6.129017862e-06,-6.129011733e-06
5.792000000e-02,-6.079302977e+00,-5.829380648e-05,2.498640347e-06,6.079250762e-06,-6.079244683e-06
5.794000000e-02,-6.029295417e+00,-5.778182010e-05,2.510556251e-06,6.029243664e-06,-6.029237635e-06
5.796000000e-02,-5.979049831e+00,-5.726755259e-05,2.522373043e-06,5.978998542e-06,-5.978992563e-06
5.798000000e-02,-5.928568202e+00,-5.675102425e-05,2.534090255e-06,5.928517379e-06,-5.928511451e-06
5.800000000e-02,-5.877852523e+00,-5.623225548e-05,2.545707427e-06,5.877802169e-06,-5.877796291e-06
5.802000000e-02,-5.826904797e+00,-5.571126676e-05,2.557224098e-06,5.826854912e-06,-5.826849085e-06
5.804000000e-02,-5.775727034e+00,-5.518807865e-05,2.568639814e-06,5.775677622e-06,-5.775671846e-06
5.806000000e-02,-5.724321256e+00,-5.466271181e-05,2.579954125e-06,5.724272318e-06,-5.724266593e-06
5.808000000e-02,-5.672689491e+00,-5.413518698e-05,2.591166584e-06,5.672641029e-06,-5.672635356e-06
5.810000000e-02,-5.620833779e+00,-5.360552498e-05,2.602276747e-06,5.620785794e-06,-5.620780173e-06
5.812000000e-02,-5.568756165e+00,-5.307374673e-05,2.613284178e-06,5.568708660e-06,-5.568703091e-06
5.814000000e-02,-5.516458706e+00,-5.253987322e-05,2.624188440e-06,5.516411683e-06,-5.516406166e-06
5.816000000e-02,-5.463943467e+00,-5.200392553e-05,2.634989104e-06,5.463896927e-06,-5.463891463e-06
5.818000000e-02,-5.411212521e+00,-5.146592481e-05,2.645685743e-06,5.411166467e-06,-5.411161055e-06
5.820000000e-02,-5.358267950e+00,-5.092589230e-05,2.656277935e-06,5.358222382e-06,-5.358217024e-06
5.822000000e-02,-5.305111843e+00,-5.038384933e-05,2.666765262e-06,5.305066764e-06,-5.305061459e-06
5.824000000e-02,-5.251746300e+00,-4.983981729e-05,2.677147309e-06,5.251701712e-06,-5.251696460e-06
5.826000000e-02,-5.198173426e+00,-4.929381766e-05,2.687423667e-06,5.198129331e-06,-5.198124132e-06
5.828000000e-02,-5.144395338e+00,-4.874587199e-05,2.697593930e-06,5.144351736e-06,-5.144346592e-06
5.830000000e-02,-5.090414158e+00,-4.819600192e-05,2.707657697e-06,5.090371052e-06,-5.090365961e-06
5.832000000e-02,-5.036232016e+00,-4.764422915e-05,2.717614570e-06,5.036189408e-06,-5.036184372e-06
5.834000000e-02,-4.981851053e+00,-4.709057547e-05,2.727464157e-06,4.981808945e-06,-4.981803963e-06
5.836000000e-02,-4.927273415e+00,-4.653506274e-05,2.737206067e-06,4.927231808e-06,-4.927226880e-06
5.838000000e-02,-4.872501257e+00,-4.597771288e-05,2.746839918e-06,4.872460152e-06,-4.872455280e-06
5.840000000e-02,-4.817536741e+00,-4.541854790e-05,2.756365328e-06,4.817496140e-06,-4.817491322e-06
5.842000000e-02,-4.762382037e+00,-4.485758987e-05,2.765781921e-06,4.762341941e-06,-4.762337179e-06
5.844000000e-02,-4.707039322e+00,-4.429486094e-05,2.775089327e-06,4.706999734e-06,-4.706995027e-06
5.846000000e-02,-4.651510781e+00,-4.373038333e-05,2.784287176e-06,4.651471702e-06,-4.651467050e-06
5.848000000e-02,-4.595798606e+00,-4.316417931e-05,2.793375106e-06,4.595760038e-06,-4.595755442e-06
5.850000000e-02,-4.539904997e+00,-4.259627125e-05,2.802352759e-06,4.539866941e-06,-4.539862401e-06
5.852000000e-02,-4.483832161e+00,-4.202668156e-05,2.811219780e-06,4.483794618e-06,-4.483790134e-06
5.854000000e-02,-4.427582310e+00,-4.145543273e-05,2.819975818e-06,4.427545283e-06,-4.427540855e-06
5.856000000e-02,-4.371157667e+00,-4.088254731e-05,2.828620529e-06,4.371121155e-06,-4.371116784e-06
5.858000000e-02,-4.314560457e+00,-4.030804792e-05,2.837153571e-06,4.314524463e-06,-4.314520149e-06
5.860000000e-02,-4.257792916e+00,-3.973195723e-05,2.845574606e-06,4.257757441e-06,-4.257753184e-06
5.862000000e-02,-4.200857284e+00,-3.915429799e-05,2.853883303e-06,4.200822331e-06,-4.200818130e-06
5.864000000e-02,-4.143755810e+00,-3.857509301e-05,2.862079334e-06,4.143721379e-06,-4.143717235e-06
5.866000000e-02,-4.086490747e+00,-3.799436515e-05,2.870162375e-06,4.086456839e-06,-4.086452753e-06
5.868000000e-02,-4.029064357e+00,-3.741213734e-05,2.878132107e-06,4.029030974e-06,-4.029026945e-06
5.870000000e-02,-3.971478906e+00,-3.682843256e-05,2.885988215e-06,3.971446049e-06,-3.971442078e-06
5.872000000e-02,-3.913736668e+00,-3.624327386e-05,2.893730389e-06,3.913704339e-06,-3.913700425e-06
5.874000000e-02,-3.855839923e+00,-3.565668434e-05,2.901358324e-06,3.855808122e-06,-3.855804266e-06
5.876000000e-02,-3.797790955e+00,-3.506868715e-05,2.908871718e-06,3.797759684e-06,-3.797755887e-06
5.878000000e-02,-3.739592057e+00,-3.447930551e-05,2.916270274e-06,3.739561318e-06,-3.739557578e-06
5.880000000e-02,-3.681245527e+00,-3.388856268e-05,2.923553702e-06,3.681215320e-06,-3.681211638e-06
5.882000000e-02,-3.622753667e+00,-3.329648199e-05,2.930721712e-06,3.622723993e-06,-3.622720371e-06
5.884000000e-02,-3.564118787e+00,-3.270308682e-05,2.937774022e-06,3.564089648e-06,-3.564086084e-06
5.886000000e-02,-3.505343202e+00,-3.210840058e-05,2.944710355e-06,3.505314599e-06,-3.505311093e-06
5.888000000e-02,-3.446429232e+00,-3.151244676e-05,2.951530435e-06,3.446401166e-06,-3.446397719e-06
5.890000000e-02,-3.387379202e+00,-3.091524888e-05,2.958233994e-06,3.387351675e-06,-3.387348287e-06
5.892000000e-02,-3.328195445e+00,-3.031683052e-05,2.964820766e-06,3.328168457e-06,-3.328165128e-06
5.894000000e-02,-3.268880297e+00,-2.971721530e-05,2.971290493e-06,3.268853848e-06,-3.268850579e-06
5.896000000e-02,-3.209436098e+00,-2.911642690e-05,2.977642918e-06,3.209410191e-06,-3.209406982e-06
5.898000000e-02,-3.149865197e+00,-2.851448903e-05,2.983877791e-06,3.149839832e-06,-3.149836682e-06
5.900000000e-02,-3.090169944e+00,-2.791142546e-05,2.989994866e-06,3.090145123e-06,-3.090142032e-06
5.902000000e-02,-3.030352696e+00,-2.730725999e-05,2.995993901e-06,3.030328419e-06,-3.030325389e-06
5.904000000e-02,-2.970415816e+00,-2.670201648e-05,3.001874659e-06,2.970392084e-06,-2.970389114e-06
5.906000000e-02,-2.910361668e+00,-2.609571882e-05,3.007636908e-06,2.910338483e-06,-2.910335573e-06
5.908000000e-02,-2.850192625e+00,-2.548839094e-05,3.013280421e-06,2.850169987e-06,-2.850167136e-06
5.910000000e-02,-2.789911060e+00,-2.488005683e-05,3.018804974e-06,2.789888970e-06,-2.789886180e-06
5.912000000e-02,-2.729519355e+00,-2.427074049e-05,3.024210351e-06,2.729497814e-06,-2.729495084e-06
5.914000000e-02,-2.669019893e+00,-2.366046599e-05,3.029496336e-06,2.668998902e-06,-2.668996233e-06
5.916000000e-02,-2.608415063e+00,-2.304925741e-05,3.034662723e-06,2.608394622e-06,-2.608392014e-06
5.918000000e-02,-2.547707257e+00,-2.243713889e-05,3.039709306e-06,2.547687367e-06,-2.547684820e-06
5.920000000e-02,-2.486898872e+00,-2.182413459e-05,3.044635887e-06,2.486879534e-06,-2.486877048e-06
5.922000000e-02,-2.425992308e+00,-2.121026871e-05,3.049442270e-06,2.425973524e-06,-2.425971098e-06
5.924000000e-02,-2.364989970e+00,-2.059556548e-05,3.054128267e-06,2.364971740e-06,-2.364969375e-06
5.926000000e-02,-2.303894267e+00,-1.998004917e-05,3.058693692e-06,2.303876591e-06,-2.303874287e-06
5.928000000e-02,-2.242707610e+00,-1.936374409e-05,3.063138365e-06,2.242690488e-06,-2.242688246e-06
5.930000000e-02,-2.181432414e+00,-1.874667456e-05,3.067462111e-06,2.181415849e-06,-2.181413667e-06
5.932000000e-02,-2.120071099e+00,-1.812886494e-05,3.071664758e-06,2.120055090e-06,-2.120052970e-06
5.934000000e-02,-2.058626088e+00,-1.751033963e-05,3.075746142e-06,2.058610636e-06,-2.058608577e-06
5.936000000e-02,-1.997099805e+00,-1.689112304e-05,3.079706100e-06,1.997084911e-06,-1.997082914e-06
5.938000000e-02,-1.935494681e+00,-1.627123962e-05,3.083544477e-06,1.935480345e-06,-1.935478409e-06
5.940000000e-02,-1.873813146e+00,-1.565071383e-05,3.087261120e-06,1.873799369e-06,-1.873797495e-06
5.942000000e-02,-1.812057636e+00,-1.502957018e-05,3.090855884e-06,1.812044419e-06,-1.812042607e-06
5.944000000e-02,-1.750230590e+00,-1.440783319e-05,3.094328627e-06,1.750217932e-06,-1.750216182e-06
5.946000000e-02,-1.688334447e+00,-1.378552741e-05,3.097679210e-06,1.688322350e-06,-1.688320662e-06
5.948000000e-02,-1.626371652e+00,-1.316267739e-05,3.100907502e-06,1.626360116e-06,-1.626358489e-06
5.950000000e-02,-1.564344650e+00,-1.253930773e-05,3.104013376e-06,1.564333675e-06,-1.564332111e-06
5.952000000e-02,-1.502255891e+00,-1.191544305e-05,3.106996709e-06,1.502245478e-06,-1.502243976e-06
5.954000000e-02,-1.440107826e+00,-1.129110796e-05,3.109857382e-06,1.440097975e-06,-1.440096534e-06
5.956000000e-02,-1.377902907e+00,-1.066632712e-05,3.112595284e-06,1.377893618e-06,-1.377892241e-06
5.958000000e-02,-1.315643591e+00,-1.004112519e-05,3.115210306e-06,1.315634865e-06,-1.315633550e-06
5.960000000e-02,-1.253332336e+00,-9.415526856e-06,3.117702345e-06,1.253324173e-06,-1.253322920e-06
5.962000000e-02,-1.190971601e+00,-8.789556812e-06,3.120071302e-06,1.190964002e-06,-1.190962811e-06
5.964000000e-02,-1.128563849e+00,-8.163239770e-06,3.122317085e-06,1.128556814e-06,-1.128555685e-06
5.966000000e-02,-1.066111543e+00,-7.536600459e-06,3.124439603e-06,1.066105072e-06,-1.066104006e-06
5.968000000e-02,-1.003617149e+00,-6.909663615e-06,3.126438774e-06,1.003611242e-06,-1.003610239e-06
5.970000000e-02,-9.410831332e-01,-6.282453989e-06,3.128314518e-06,9.410777918e-07,-9.410768507e-07
5.972000000e-02,-8.785119655e-01,-5.654996343e-06,3.130066762e-06,8.785071890e-07,-8.785063105e-07
5.974000000e-02,-8.159061157e-01,-5.027315447e-06,3.131695437e-06,8.159019043e-07,-8.159010884e-07
5.976000000e-02,-7.532680553e-01,-4.399436081e-06,3.133200477e-06,7.532644091e-07,-7.532636558e-07
5.978000000e-02,-6.906002572e-01,-3.771383034e-06,3.134581824e-06,6.905971764e-07,-6.905964858e-07
5.980000000e-02,-6.279051953e-01,-3.143181098e-06,3.135839423e-06,6.279026800e-07,-6.279020521e-07
5.982000000e-02,-5.651853448e-01,-2.514855075e-06,3.136973224e-06,5.651833952e-07,-5.651828300e-07
5.984000000e-02,-5.024431818e-01,-1.886429770e-06,3.137983183e-06,5.024417978e-07,-5.024412954e-07
5.986000000e-02,-4.396811832e-01,-1.257929992e-06,3.138869260e-06,4.396803649e-07,-4.396799253e-07
5.988000000e-02,-3.769018267e-01,-6.293805532e-07,3.139631420e-06,3.769015742e-07,-3.769011973e-07
5.990000000e-02,-3.141075908e-01,-8.062672980e-10,3.140269633e-06,3.141079041e-07,-3.141075900e-07
5.992000000e-02,-2.513009544e-01,6.277680504e-07,3.140783872e-06,2.513018335e-07,-2.513015822e-07
5.994000000e-02,-1.884843972e-01,1.256317585e-06,3.141174120e-06,1.884858420e-07,-1.884856535e-07
5.996000000e-02,-1.256603988e-01,1.884817522e-06,3.141440359e-06,1.256624093e-07,-1.256622837e-07
5.998000000e-02,-6.283143966e-02,2.513243050e-06,3.141582579e-06,6.283401574e-08,-6.283395291e-08
6.000000000e-02,-6.615395323e-12,3.141569359e-06,3.141600775e-06,3.141575975e-12,-3.141582258e-12
