time,V(in),V(n_l),V(out),I(Vac),I(L1)
0.000000000e+00,0.000000000e+00,0.000000000e+00,0.000000000e+00,-0.000000000e+00,0.000000000e+00
2.000000000e-06,6.320438605e-02,6.257777194e-02,5.195694186e-05,-6.266141123e-05,6.266141111e-05
4.000000000e-06,1.261560309e-01,1.236690907e-01,3.529150972e-04,-2.486940171e-04,2.486940168e-04
6.000000000e-06,1.886032040e-01,1.830615052e-01,1.145766763e-03,-5.541698880e-04,5.541698876e-04
8.000000000e-06,2.502961922e-01,2.405534940e-01,2.664653681e-03,-9.742698226e-04,9.742698222e-04
1.000000000e-05,3.109882979e-01,2.959550475e-01,5.133225801e-03,-1.503325045e-03,1.503325044e-03
1.200000000e-05,3.704368261e-01,3.490881921e-01,8.762987950e-03,-2.134863401e-03,2.134863401e-03
1.400000000e-05,4.284040545e-01,3.997874569e-01,1.375174314e-02,-2.861659762e-03,2.861659762e-03
1.600000000e-05,4.846581842e-01,4.479002812e-01,2.028214058e-02,-3.675790307e-03,3.675790306e-03
1.800000000e-05,5.389742667e-01,4.932873631e-01,2.852033583e-02,-4.568690353e-03,4.568690352e-03
2.000000000e-05,5.911351031e-01,5.358229492e-01,3.861476989e-02,-5.531215393e-03,5.531215392e-03
2.200000000e-05,6.409321132e-01,5.753950636e-01,5.069507315e-02,-6.553704965e-03,6.553704963e-03
2.400000000e-05,6.881661691e-01,6.119056794e-01,6.487109964e-02,-7.626048976e-03,7.626048975e-03
2.600000000e-05,7.326483917e-01,6.452708304e-01,8.123209604e-02,-8.737756127e-03,8.737756125e-03
2.800000000e-05,7.742009057e-01,6.754206657e-01,9.984600921e-02,-9.878024003e-03,9.878024002e-03
3.000000000e-05,8.126575513e-01,7.022994465e-01,1.207589353e-01,-1.103581048e-02,1.103581048e-02
3.200000000e-05,8.478645484e-01,7.258654882e-01,1.439947125e-01,-1.219990602e-02,1.219990602e-02
3.400000000e-05,8.796811115e-01,7.460910470e-01,1.695546592e-01,-1.335900645e-02,1.335900645e-02
3.600000000e-05,9.079800129e-01,7.629621540e-01,1.974174572e-01,-1.450178588e-02,1.450178588e-02
3.800000000e-05,9.326480910e-01,7.764783983e-01,2.275391814e-01,-1.561696928e-02,1.561696928e-02
4.000000000e-05,9.535867034e-01,7.866526597e-01,2.598534732e-01,-1.669340437e-02,1.669340437e-02
4.200000000e-05,9.707121209e-01,7.935107957e-01,2.942718571e-01,-1.772013252e-02,1.772013252e-02
4.400000000e-05,9.839558626e-01,7.970912818e-01,3.306841973e-01,-1.868645808e-02,1.868645808e-02
4.600000000e-05,9.932649694e-01,7.974448096e-01,3.689592919e-01,-1.958201598e-02,1.958201598e-02
4.800000000e-05,9.986022162e-01,7.946338445e-01,4.089455989e-01,-2.039683717e-02,2.039683717e-02
5.000000000e-05,9.999462605e-01,7.887321456e-01,4.504720924e-01,-2.112141148e-02,2.112141148e-02
5.200000000e-05,9.972917276e-01,7.798242501e-01,4.933492397e-01,-2.174674775e-02,2.174674775e-02
5.400000000e-05,9.906492326e-01,7.680049252e-01,5.373700972e-01,-2.226443074e-02,2.226443074e-02
5.600000000e-05,9.800453373e-01,7.533785910e-01,5.823115157e-01,-2.266667464e-02,2.266667464e-02
5.800000000e-05,9.655224446e-01,7.360587155e-01,6.279354499e-01,-2.294637291e-02,2.294637291e-02
6.000000000e-05,9.471386285e-01,7.161671870e-01,6.739903624e-01,-2.309714415e-02,2.309714415e-02
6.200000000e-05,9.249674020e-01,6.938336642e-01,7.202127167e-01,-2.311337378e-02,2.311337377e-02
6.400000000e-05,8.990974232e-01,6.691949099e-01,7.663285484e-01,-2.299025133e-02,2.299025133e-02
6.600000000e-05,8.696321409e-01,6.423941082e-01,8.120551062e-01,-2.272380327e-02,2.272380327e-02
6.800000000e-05,8.366893805e-01,6.135801710e-01,8.571025546e-01,-2.231092094e-02,2.231092094e-02
7.000000000e-05,8.004008733e-01,5.829070352e-01,9.011757274e-01,-2.174938380e-02,2.174938380e-02
7.200000000e-05,7.609117295e-01,5.505329534e-01,9.439759219e-01,-2.103787761e-02,2.103787761e-02
7.400000000e-05,7.183798579e-01,5.166197819e-01,9.852027259e-01,-2.017600760e-02,2.017600760e-02
7.600000000e-05,6.729753347e-01,4.813322690e-01,1.024555864e+00,-1.916430657e-02,1.916430657e-02
7.800000000e-05,6.248797232e-01,4.448373452e-01,1.061737059e+00,-1.800423780e-02,1.800423780e-02
8.000000000e-05,5.742853476e-01,4.073034189e-01,1.096451886e+00,-1.669819287e-02,1.669819287e-02
8.200000000e-05,5.213945243e-01,3.688996806e-01,1.128411628e+00,-1.524948438e-02,1.524948438e-02
8.400000000e-05,4.664187528e-01,3.297954172e-01,1.157335100e+00,-1.366233356e-02,1.366233356e-02
8.600000000e-05,4.095778698e-01,2.901593403e-01,1.182950456e+00,-1.194185295e-02,1.194185295e-02
8.800000000e-05,3.510991700e-01,2.501589290e-01,1.204996945e+00,-1.009402410e-02,1.009402410e-02
9.000000000e-05,2.912164976e-01,2.099597912e-01,1.223226622e+00,-8.125670639e-03,8.125670638e-03
9.200000000e-05,2.301693111e-01,1.697250454e-01,1.237406004e+00,-6.044426566e-03,6.044426566e-03
9.400000000e-05,1.682017253e-01,1.296147233e-01,1.247317654e+00,-3.858700203e-03,3.858700203e-03
9.600000000e-05,1.055615359e-01,8.978519761e-02,1.252761690e+00,-1.577633828e-03,1.577633828e-03
9.800000000e-05,4.249922781e-02,5.038863512e-02,1.253557205e+00,7.889407312e-04,-7.889407313e-04
1.000000000e-04,-2.073302585e-02,1.157247738e-02,1.249543605e+00,3.230550323e-03,-3.230550323e-03
1.020000000e-04,-8.388237245e-02,-2.652104968e-02,1.240581833e+00,5.736132276e-03,-5.736132276e-03
1.040000000e-04,-1.466962909e-01,-6.375539580e-02,1.226555500e+00,8.294089508e-03,-8.294089508e-03
1.060000000e-04,-2.089236014e-01,-1.000001148e-01,1.207371890e+00,1.089234866e-02,-1.089234865e-02
1.080000000e-04,-2.703154698e-01,-1.351312605e-01,1.182962856e+00,1.351842094e-02,-1.351842094e-02
1.100000000e-04,-3.306264029e-01,-1.690317486e-01,1.153285586e+00,1.615946543e-02,-1.615946543e-02
1.120000000e-04,-3.896152298e-01,-2.015916852e-01,1.118323241e+00,1.880235446e-02,-1.880235446e-02
1.140000000e-04,-4.470460665e-01,-2.327086592e-01,1.078085465e+00,2.143374072e-02,-2.143374072e-02
1.160000000e-04,-5.026892589e-01,-2.622880002e-01,1.032608751e+00,2.404012587e-02,-2.404012587e-02
1.180000000e-04,-5.563223015e-01,-2.902429999e-01,9.819566796e-01,2.660793016e-02,-2.660793016e-02
1.200000000e-04,-6.077307269e-01,-3.164950983e-01,9.262200047e-01,2.912356287e-02,-2.912356286e-02
1.220000000e-04,-6.567089636e-01,-3.409740337e-01,8.655166094e-01,3.157349300e-02,-3.157349300e-02
1.240000000e-04,-7.030611577e-01,-3.636179563e-01,7.999913142e-01,3.394432014e-02,-3.394432014e-02
1.260000000e-04,-7.466019565e-01,-3.843735075e-01,7.298155454e-01,3.622284490e-02,-3.622284490e-02
1.280000000e-04,-7.871572494e-01,-4.031958625e-01,6.551868630e-01,3.839613869e-02,-3.839613869e-02
1.300000000e-04,-8.245648642e-01,-4.200487395e-01,5.763283509e-01,4.045161247e-02,-4.045161247e-02
1.320000000e-04,-8.586752155e-01,-4.349043742e-01,4.934878694e-01,4.237708413e-02,-4.237708413e-02
1.340000000e-04,-8.893519033e-01,-4.477434614e-01,4.069371763e-01,4.416084419e-02,-4.416084419e-02
1.360000000e-04,-9.164722578e-01,-4.585550642e-01,3.169709173e-01,4.579171936e-02,-4.579171936e-02
1.380000000e-04,-9.399278304e-01,-4.673364915e-01,2.239054922e-01,4.725913389e-02,-4.725913389e-02
1.400000000e-04,-9.596248271e-01,-4.740931458e-01,1.280778014e-01,4.855316813e-02,-4.855316813e-02
1.420000000e-04,-9.754844837e-01,-4.788383418e-01,2.984387727e-02,4.966461419e-02,-4.966461418e-02
1.440000000e-04,-9.874433807e-01,-4.815930971e-01,-7.042259198e-02,5.058502837e-02,-5.058502837e-02
1.460000000e-04,-9.954536971e-01,-4.823858963e-01,-1.723318397e-01,5.130678008e-02,-5.130678008e-02
1.480000000e-04,-9.994834012e-01,-4.812524310e-01,-2.754796927e-01,5.182309701e-02,-5.182309701e-02
1.500000000e-04,-9.995163790e-01,-4.782353158e-01,-3.794493294e-01,5.212810632e-02,-5.212810632e-02
1.520000000e-04,-9.955524988e-01,-4.733837823e-01,-4.838131159e-01,5.221687165e-02,-5.221687165e-02
1.540000000e-04,-9.876076112e-01,-4.667533535e-01,-5.881345122e-01,5.208542576e-02,-5.208542576e-02
1.560000000e-04,-9.757134861e-01,-4.584054995e-01,-6.919700389e-01,5.173079866e-02,-5.173079866e-02
1.580000000e-04,-9.599176858e-01,-4.484072763e-01,-7.948712954e-01,5.115104095e-02,-5.115104095e-02
1.600000000e-04,-9.402833743e-01,-4.368309499e-01,-8.963870204e-01,5.034524245e-02,-5.034524245e-02
1.620000000e-04,-9.168890652e-01,-4.237536067e-01,-9.960651838e-01,4.931354585e-02,-4.931354585e-02
1.640000000e-04,-8.898283074e-01,-4.092567535e-01,-1.093455102e+00,4.805715539e-02,-4.805715539e-02
1.660000000e-04,-8.592093113e-01,-3.934259067e-01,-1.188109566e+00,4.657834047e-02,-4.657834047e-02
1.680000000e-04,-8.251545159e-01,-3.763501743e-01,-1.279586968e+00,4.488043416e-02,-4.488043416e-02
1.700000000e-04,-7.878000992e-01,-3.581218325e-01,-1.367453425e+00,4.296782668e-02,-4.296782668e-02
1.720000000e-04,-7.472954338e-01,-3.388358968e-01,-1.451284882e+00,4.084595370e-02,-4.084595370e-02
1.740000000e-04,-7.038024894e-01,-3.185896922e-01,-1.530669184e+00,3.852127972e-02,-3.852127972e-02
1.760000000e-04,-6.574951852e-01,-2.974824216e-01,-1.605208116e+00,3.600127635e-02,-3.600127635e-02
1.780000000e-04,-6.085586945e-01,-2.756147360e-01,-1.674519389e+00,3.329439585e-02,-3.329439585e-02
1.800000000e-04,-5.571887042e-01,-2.530883068e-01,-1.738238571e+00,3.041003974e-02,-3.041003974e-02
1.820000000e-04,-5.035906321e-01,-2.300054036e-01,-1.796020947e+00,2.735852286e-02,-2.735852286e-02
1.840000000e-04,-4.479788059e-01,-2.064684765e-01,-1.847543313e+00,2.415103294e-02,-2.415103294e-02
1.860000000e-04,-3.905756056e-01,-1.825797473e-01,-1.892505668e+00,2.079958583e-02,-2.079958583e-02
1.880000000e-04,-3.316105747e-01,-1.584408091e-01,-1.930632829e+00,1.731697656e-02,-1.731697656e-02
1.900000000e-04,-2.713195020e-01,-1.341522359e-01,-1.961675934e+00,1.371672661e-02,-1.371672661e-02
1.920000000e-04,-2.099434791e-01,-1.098132048e-01,-1.985413838e+00,1.001302743e-02,-1.001302743e-02
1.940000000e-04,-1.477279360e-01,-8.552113072e-02,-2.001654395e+00,6.220680524e-03,-6.220680524e-03
1.960000000e-04,-8.492165948e-02,-6.137131506e-02,-2.010235615e+00,2.355034442e-03,-2.355034442e-03
1.980000000e-04,-2.177579895e-02,-3.745661040e-02,-2.011026690e+00,-1.568081146e-03,1.568081146e-03
2.000000000e-04,4.145713848e-02,-1.386710093e-02,-2.003928892e+00,-5.532423940e-03,5.532423940e-03
2.020000000e-04,1.045242974e-01,9.310199665e-03,-1.988876326e+00,-9.521409776e-03,9.521409776e-03
2.040000000e-04,1.671734854e-01,3.199163208e-02,-1.965836539e+00,-1.351818534e-02,1.351818534e-02
2.060000000e-04,2.291541815e-01,5.409715651e-02,-1.934810987e+00,-1.750570250e-02,1.750570250e-02
2.080000000e-04,2.902185376e-01,7.555059812e-02,-1.895835347e+00,-2.146679395e-02,2.146679395e-02
2.100000000e-04,3.501223701e-01,9.627987238e-02,-1.848979682e+00,-2.538424978e-02,2.538424978e-02
2.120000000e-04,4.086261362e-01,1.162171897e-01,-1.794348444e+00,-2.924089465e-02,2.924089465e-02
2.140000000e-04,4.654958913e-01,1.352992391e-01,-1.732080333e+00,-3.301966522e-02,3.301966521e-02
2.160000000e-04,5.205042251e-01,1.534673504e-01,-1.662347992e+00,-3.670368747e-02,3.670368747e-02
2.180000000e-04,5.734311708e-01,1.706676349e-01,-1.585357550e+00,-4.027635359e-02,4.027635359e-02
2.200000000e-04,6.240650846e-01,1.868511044e-01,-1.501348021e+00,-4.372139802e-02,4.372139802e-02
2.220000000e-04,6.722034918e-01,2.019737680e-01,-1.410590535e+00,-4.702297238e-02,4.702297238e-02
2.240000000e-04,7.176538972e-01,2.159967082e-01,-1.313387435e+00,-5.016571890e-02,5.016571890e-02
2.260000000e-04,7.602345538e-01,2.288861340e-01,-1.210071225e+00,-5.313484198e-02,5.313484198e-02
2.280000000e-04,7.997751906e-01,2.406134142e-01,-1.101003374e+00,-5.591617764e-02,5.591617764e-02
2.300000000e-04,8.361176928e-01,2.511550882e-01,-9.865729847e-01,-5.849626046e-02,5.849626046e-02
2.320000000e-04,8.691167342e-01,2.604928568e-01,-8.671953346e-01,-6.086238774e-02,6.086238774e-02
2.340000000e-04,8.986403586e-01,2.686135529e-01,-7.433102875e-01,-6.300268057e-02,6.300268057e-02
2.360000000e-04,9.245705071e-01,2.755090921e-01,-6.153805881e-01,-6.490614151e-02,6.490614151e-02
2.380000000e-04,9.468034905e-01,2.811764039e-01,-4.838900453e-01,-6.656270866e-02,6.656270866e-02
2.400000000e-04,9.652504036e-01,2.856173453e-01,-3.493416097e-01,-6.796330584e-02,6.796330584e-02
2.420000000e-04,9.798374812e-01,2.888385955e-01,-2.122553568e-01,-6.909988857e-02,6.909988857e-02
2.440000000e-04,9.905063925e-01,2.908515344e-01,-7.316638065e-02,-6.996548580e-02,6.996548580e-02
2.460000000e-04,9.972144747e-01,2.916721046e-01,6.737739012e-02,-7.055423701e-02,7.055423701e-02
2.480000000e-04,9.999349036e-01,2.913206576e-01,2.088174462e-01,-7.086142461e-02,7.086142461e-02
2.500000000e-04,9.986568009e-01,2.898217865e-01,3.505870113e-01,-7.088350144e-02,7.088350144e-02
2.520000000e-04,9.933852773e-01,2.872041444e-01,4.921134064e-01,-7.061811329e-02,7.061811329e-02
2.540000000e-04,9.841414127e-01,2.835002509e-01,6.328204527e-01,-7.006411618e-02,7.006411618e-02
2.560000000e-04,9.709621712e-01,2.787462863e-01,7.721309054e-01,-6.922158850e-02,6.922158850e-02
2.580000000e-04,9.539002540e-01,2.729818762e-01,9.094689049e-01,-6.809183778e-02,6.809183778e-02
2.600000000e-04,9.330238881e-01,2.662498665e-01,1.044262438e+00,-6.667740215e-02,6.667740215e-02
2.620000000e-04,9.084165537e-01,2.585960897e-01,1.175945794e+00,-6.498204640e-02,6.498204640e-02
2.640000000e-04,8.801766504e-01,2.500691242e-01,1.303962011e+00,-6.301075262e-02,6.301075262e-02
2.660000000e-04,8.484171038e-01,2.407200478e-01,1.427765296e+00,-6.076970560e-02,6.076970560e-02
2.680000000e-04,8.132649137e-01,2.306021858e-01,1.546823409e+00,-5.826627279e-02,5.826627279e-02
2.700000000e-04,7.748606463e-01,2.197708549e-01,1.660620005e+00,-5.550897914e-02,5.550897914e-02
2.720000000e-04,7.333578724e-01,2.082831053e-01,1.768656920e+00,-5.250747671e-02,5.250747671e-02
2.740000000e-04,6.889225529e-01,1.961974597e-01,1.870456389e+00,-4.927250933e-02,4.927250933e-02
2.760000000e-04,6.417323754e-01,1.835736526e-01,1.965563187e+00,-4.581587228e-02,4.581587228e-02
2.780000000e-04,5.919760437e-01,1.704723697e-01,2.053546695e+00,-4.215036740e-02,4.215036740e-02
2.800000000e-04,5.398525228e-01,1.569549884e-01,2.134002854e+00,-3.828975345e-02,3.828975345e-02
2.820000000e-04,4.855702440e-01,1.430833209e-01,2.206556036e+00,-3.424869231e-02,3.424869231e-02
2.840000000e-04,4.293462708e-01,1.289193609e-01,2.270860781e+00,-3.004269099e-02,3.004269099e-02
2.860000000e-04,3.714054312e-01,1.145250341e-01,2.326603437e+00,-2.568803970e-02,2.568803970e-02
2.880000000e-04,3.119794184e-01,9.996195409e-02,2.373503653e+00,-2.120174644e-02,2.120174644e-02
2.900000000e-04,2.513058649e-01,8.529118446e-02,2.411315750e+00,-1.660146805e-02,1.660146805e-02
2.920000000e-04,1.896273915e-01,7.057300767e-02,2.439829946e+00,-1.190543839e-02,1.190543839e-02
2.940000000e-04,1.271906377e-01,5.586670150e-02,2.458873434e+00,-7.132393615e-03,7.132393615e-03
2.960000000e-04,6.424527486e-02,4.123032403e-02,2.468311314e+00,-2.301495083e-03,2.301495082e-03
2.980000000e-04,1.043008572e-03,2.672050761e-02,2.468047360e+00,2.567749904e-03,-2.567749904e-03
3.000000000e-04,-6.216342849e-02,1.239226261e-02,2.458024632e+00,7.455569110e-03,-7.455569110e-03
3.020000000e-04,-1.251212869e-01,-1.701208579e-03,2.438225926e+00,1.234200784e-02,-1.234200783e-02
3.040000000e-04,-1.875788114e-01,-1.550868664e-02,2.408674050e+00,1.720701247e-02,-1.720701247e-02
3.060000000e-04,-2.492862472e-01,-2.898109918e-02,2.369431946e+00,2.203051480e-02,-2.203051480e-02
3.080000000e-04,-3.099968391e-01,-4.207167277e-02,2.320602626e+00,2.679251663e-02,-2.679251663e-02
3.100000000e-04,-3.694678181e-01,-5.473607292e-02,2.262328952e+00,3.147317452e-02,-3.147317452e-02
3.120000000e-04,-4.274613723e-01,-6.693253159e-02,2.194793241e+00,3.605288407e-02,-3.605288407e-02
3.140000000e-04,-4.837455972e-01,-7.862196204e-02,2.118216704e+00,4.051236352e-02,-4.051236352e-02
3.160000000e-04,-5.380954242e-01,-8.976806073e-02,2.032858715e+00,4.483273635e-02,-4.483273635e-02
3.180000000e-04,-5.902935195e-01,-1.003373963e-01,1.939015926e+00,4.899561232e-02,-4.899561232e-02
3.200000000e-04,-6.401311538e-01,-1.102994851e-01,1.837021205e+00,5.298316687e-02,-5.298316686e-02
3.220000000e-04,-6.874090367e-01,-1.196268542e-01,1.727242437e+00,5.677821825e-02,-5.677821825e-02
3.240000000e-04,-7.319381139e-01,-1.282950903e-01,1.610081158e+00,6.036430236e-02,-6.036430236e-02
3.260000000e-04,-7.735403228e-01,-1.362828763e-01,1.485971049e+00,6.372574465e-02,-6.372574465e-02
3.280000000e-04,-8.120493049e-01,-1.435720147e-01,1.355376285e+00,6.684772902e-02,-6.684772902e-02
3.300000000e-04,-8.473110706e-01,-1.501474377e-01,1.218789758e+00,6.971636330e-02,-6.971636330e-02
3.320000000e-04,-8.791846157e-01,-1.559972055e-01,1.076731161e+00,7.231874102e-02,-7.231874102e-02
3.340000000e-04,-9.075424844e-01,-1.611124918e-01,9.297449646e-01,7.464299926e-02,-7.464299926e-02
3.360000000e-04,-9.322712794e-01,-1.654875567e-01,7.783982687e-01,7.667837227e-02,-7.667837227e-02
3.380000000e-04,-9.532721155e-01,-1.691197092e-01,6.232785644e-01,7.841524063e-02,-7.841524063e-02
3.400000000e-04,-9.704610146e-01,-1.720092571e-01,4.649913940e-01,7.984517576e-02,-7.984517576e-02
3.420000000e-04,-9.837692421e-01,-1.741594467e-01,3.041579296e-01,8.096097954e-02,-8.096097954e-02
3.440000000e-04,-9.931435809e-01,-1.755763918e-01,1.414124772e-01,8.175671891e-02,-8.175671891e-02
3.460000000e-04,-9.985465452e-01,-1.762689931e-01,-2.260008313e-02,8.222775521e-02,-8.222775521e-02
3.480000000e-04,-9.999565295e-01,-1.762488471e-01,-1.872269108e-01,8.237076824e-02,-8.237076824e-02
3.500000000e-04,-9.973678957e-01,-1.755301476e-01,-3.518098605e-01,8.218377480e-02,-8.218377480e-02
3.520000000e-04,-9.907909951e-01,-1.741295778e-01,-5.156881696e-01,8.166614173e-02,-8.166614173e-02
3.540000000e-04,-9.802521273e-01,-1.720661947e-01,-6.782011663e-01,8.081859326e-02,-8.081859326e-02
3.560000000e-04,-9.657934352e-01,-1.693613071e-01,-8.386909866e-01,7.964321282e-02,-7.964321281e-02
3.580000000e-04,-9.474727361e-01,-1.660383462e-01,-9.965052891e-01,7.814343899e-02,-7.814343899e-02
3.600000000e-04,-9.253632906e-01,-1.621227310e-01,-1.150999956e+00,7.632405595e-02,-7.632405595e-02
3.620000000e-04,-8.995535097e-01,-1.576417281e-01,-1.301541771e+00,7.419117816e-02,-7.419117816e-02
3.640000000e-04,-8.701466014e-01,-1.526243070e-01,-1.447511056e+00,7.175222944e-02,-7.175222944e-02
3.660000000e-04,-8.372601579e-01,-1.471009918e-01,-1.588304268e+00,6.901591662e-02,-6.901591662e-02
3.680000000e-04,-8.010256852e-01,-1.411037090e-01,-1.723336530e+00,6.599219762e-02,-6.599219762e-02
3.700000000e-04,-7.615880773e-01,-1.346656337e-01,-1.852044101e+00,6.269224437e-02,-6.269224437e-02
3.720000000e-04,-7.191050372e-01,-1.278210329e-01,-1.973886756e+00,5.912840043e-02,-5.912840043e-02
3.740000000e-04,-6.737464455e-01,-1.206051084e-01,-2.088350089e+00,5.531413371e-02,-5.531413371e-02
3.760000000e-04,-6.256936820e-01,-1.130538385e-01,-2.194947704e+00,5.126398436e-02,-5.126398436e-02
3.780000000e-04,-5.751388996e-01,-1.052038197e-01,-2.293223308e+00,4.699350799e-02,-4.699350799e-02
3.800000000e-04,-5.222842564e-01,-9.709210993e-02,-2.382752678e+00,4.251921464e-02,-4.251921464e-02
3.820000000e-04,-4.673411070e-01,-8.875607203e-02,-2.463145507e+00,3.785850350e-02,-3.785850350e-02
3.840000000e-04,-4.105291578e-01,-8.023321959e-02,-2.534047110e+00,3.302959382e-02,-3.302959382e-02
3.860000000e-04,-3.520755878e-01,-7.156106523e-02,-2.595139997e+00,2.805145226e-02,-2.805145226e-02
3.880000000e-04,-2.922141409e-01,-6.277697179e-02,-2.646145289e+00,2.294371691e-02,-2.294371691e-02
3.900000000e-04,-2.311841903e-01,-5.391800707e-02,-2.686823982e+00,1.772661832e-02,-1.772661832e-02
3.920000000e-04,-1.692297823e-01,-4.502080265e-02,-2.716978052e+00,1.242089796e-02,-1.242089796e-02
3.940000000e-04,-1.065986595e-01,-3.612141715e-02,-2.736451390e+00,7.047724237e-03,-7.047724237e-03
3.960000000e-04,-4.354127090e-02,-2.725520453e-02,-2.745130575e+00,1.628606637e-03,-1.628606637e-03
3.980000000e-04,1.969023020e-02,-1.845668776e-02,-2.742945464e+00,-3.814691796e-03,3.814691796e-03
4.000000000e-04,8.284299416e-02,-9.759438269e-03,-2.729869614e+00,-9.260243243e-03,9.260243243e-03
4.020000000e-04,1.456644862e-01,-1.195961546e-03,-2.705920520e+00,-1.468604478e-02,1.468604478e-02
4.040000000e-04,2.079034963e-01,7.202410749e-03,-2.671159676e+00,-2.007010856e-02,2.007010856e-02
4.060000000e-04,2.693111435e-01,1.540562191e-02,-2.625692453e+00,-2.539055216e-02,2.539055216e-02
4.080000000e-04,3.296418715e-01,2.338498425e-02,-2.569667800e+00,-3.062568873e-02,3.062568873e-02
4.100000000e-04,3.886544303e-01,3.111326589e-02,-2.503277761e+00,-3.575411644e-02,3.575411644e-02
4.120000000e-04,4.461128407e-01,3.856477003e-02,-2.426756820e+00,-4.075480707e-02,4.075480707e-02
4.140000000e-04,5.017873388e-01,4.571540660e-02,-2.340381060e+00,-4.560719322e-02,4.560719322e-02
4.160000000e-04,5.554552936e-01,5.254275611e-02,-2.244467165e+00,-5.029125375e-02,5.029125375e-02
4.180000000e-04,6.069020983e-01,5.902612560e-02,-2.139371234e+00,-5.478759727e-02,5.478759727e-02
4.200000000e-04,6.559220276e-01,6.514659668e-02,-2.025487447e+00,-5.907754310e-02,5.907754310e-02
4.220000000e-04,7.023190613e-01,7.088706550e-02,-1.903246564e+00,-6.314319958e-02,6.314319958e-02
4.240000000e-04,7.459076671e-01,7.623227481e-02,-1.773114268e+00,-6.696753923e-02,6.696753923e-02
4.260000000e-04,7.865135433e-01,8.116883806e-02,-1.635589367e+00,-7.053447052e-02,7.053447052e-02
4.280000000e-04,8.239743154e-01,8.568525550e-02,-1.491201857e+00,-7.382890599e-02,7.382890599e-02
4.300000000e-04,8.581401856e-01,8.977192262e-02,-1.340510843e+00,-7.683682630e-02,7.683682630e-02
4.320000000e-04,8.888745317e-01,9.342113080e-02,-1.184102346e+00,-7.954534009e-02,7.954534009e-02
4.340000000e-04,9.160544534e-01,9.662706046e-02,-1.022586991e+00,-8.194273930e-02,8.194273930e-02
4.360000000e-04,9.395712639e-01,9.938576685e-02,-8.565975911e-01,-8.401854971e-02,8.401854971e-02
4.380000000e-04,9.593309244e-01,1.016951587e-01,-6.867866297e-01,-8.576357657e-02,8.576357657e-02
4.400000000e-04,9.752544200e-01,1.035549697e-01,-5.138236643e-01,-8.716994503e-02,8.716994503e-02
4.420000000e-04,9.872780761e-01,1.049667241e-01,-3.383926495e-01,-8.823113520e-02,8.823113520e-02
4.440000000e-04,9.953538125e-01,1.059336944e-01,-1.611891974e-01,-8.894201181e-02,8.894201181e-02
4.460000000e-04,9.994493360e-01,1.064608546e-01,1.708221604e-02,-8.929884814e-02,8.929884814e-02
4.480000000e-04,9.995482695e-01,1.065548266e-01,1.957110872e-01,-8.929934429e-02,8.929934429e-02
4.500000000e-04,9.956502174e-01,1.062238211e-01,3.739837510e-01,-8.894263963e-02,8.894263963e-02
4.520000000e-04,9.877707672e-01,1.054775740e-01,5.511862665e-01,-8.822931932e-02,8.822931931e-02
4.540000000e-04,9.759414271e-01,1.043272775e-01,7.266073101e-01,-8.716141496e-02,8.716141496e-02
4.560000000e-04,9.602095003e-01,1.027855068e-01,8.995410631e-01,-8.574239935e-02,8.574239935e-02
4.580000000e-04,9.406378954e-01,1.008661428e-01,1.069290084e+00,-8.397717526e-02,8.397717525e-02
4.600000000e-04,9.173048751e-01,9.858429159e-02,1.235168150e+00,-8.187205836e-02,8.187205836e-02
4.620000000e-04,8.903037435e-01,9.595619980e-02,1.396503065e+00,-7.943475438e-02,7.943475437e-02
4.640000000e-04,8.597424725e-01,9.299916783e-02,1.552639405e+00,-7.667433046e-02,7.667433046e-02
4.660000000e-04,8.257432700e-01,8.973146026e-02,1.702941214e+00,-7.360118098e-02,7.360118098e-02
4.680000000e-04,7.884420920e-01,8.617221430e-02,1.846794612e+00,-7.022698778e-02,7.022698777e-02
4.700000000e-04,7.479880981e-01,8.234134652e-02,1.983610334e+00,-6.656467516e-02,6.656467516e-02
4.720000000e-04,7.045430554e-01,7.825945839e-02,2.112826157e+00,-6.262835970e-02,6.262835970e-02
4.740000000e-04,6.582806915e-01,7.394774094e-02,2.233909234e+00,-5.843329505e-02,5.843329505e-02
4.760000000e-04,6.093860000e-01,6.942787893e-02,2.346358309e+00,-5.399581211e-02,5.399581211e-02
4.780000000e-04,5.580545007e-01,6.472195498e-02,2.449705804e+00,-4.933325458e-02,4.933325457e-02
4.800000000e-04,5.044914575e-01,5.985235399e-02,2.543519781e+00,-4.446391036e-02,4.446391035e-02
4.820000000e-04,4.489110580e-01,5.484166829e-02,2.627405756e+00,-3.940693897e-02,3.940693897e-02
4.840000000e-04,3.915355564e-01,4.971260374e-02,2.701008364e+00,-3.418229527e-02,3.418229527e-02
4.860000000e-04,3.325943856e-01,4.448788734e-02,2.764012874e+00,-2.881064983e-02,2.881064983e-02
4.880000000e-04,2.723232391e-01,3.919017651e-02,2.816146536e+00,-2.331330626e-02,2.331330626e-02
4.900000000e-04,2.109631285e-01,3.384197044e-02,2.857179762e+00,-1.771211581e-02,1.771211581e-02
4.920000000e-04,1.487594203e-01,2.846552383e-02,2.886927134e+00,-1.202938965e-02,1.202938965e-02
4.940000000e-04,8.596085413e-02,2.308276333e-02,2.905248237e+00,-6.287809080e-03,6.287809080e-03
4.960000000e-04,2.281854835e-02,1.771520682e-02,2.912048300e+00,-5.103341536e-04,5.103341535e-04
4.980000000e-04,-4.041500405e-02,1.238388607e-02,2.907278671e+00,5.279889011e-03,-5.279889011e-03
5.000000000e-04,-1.034869453e-01,7.109272696e-03,2.890937088e+00,1.105962179e-02,-1.105962179e-02
5.020000000e-04,-1.661450637e-01,1.911207920e-03,2.863067774e+00,1.680562716e-02,-1.680562716e-02
5.040000000e-04,-2.281388026e-01,-3.191163866e-03,2.823761338e+00,2.249476387e-02,-2.249476387e-02
5.060000000e-04,-2.892202618e-01,-8.179457409e-03,2.773154490e+00,2.810408044e-02,-2.810408044e-02
5.080000000e-04,-3.491451894e-01,-1.303610468e-02,2.711429568e+00,3.361090848e-02,-3.361090848e-02
5.100000000e-04,-4.076739580e-01,-1.774440855e-02,2.638813878e+00,3.899295495e-02,-3.899295495e-02
5.120000000e-04,-4.645725233e-01,-2.228859198e-02,2.555578855e+00,4.422839313e-02,-4.422839313e-02
5.140000000e-04,-5.196133596e-01,-2.665384256e-02,2.462039039e+00,4.929595171e-02,-4.929595171e-02
5.160000000e-04,-5.725763702e-01,-3.082635235e-02,2.358550877e+00,5.417500179e-02,-5.417500179e-02
5.180000000e-04,-6.232497670e-01,-3.479335291e-02,2.245511356e+00,5.884564141e-02,-5.884564141e-02
5.200000000e-04,-6.714309177e-01,-3.854314558e-02,2.123356462e+00,6.328877721e-02,-6.328877721e-02
5.220000000e-04,-7.169271557e-01,-4.206512684e-02,1.992559490e+00,6.748620289e-02,-6.748620289e-02
5.240000000e-04,-7.595565512e-01,-4.534980887e-02,1.853629191e+00,7.142067423e-02,-7.142067423e-02
5.260000000e-04,-7.991486379e-01,-4.838883522e-02,1.707107777e+00,7.507598027e-02,-7.507598027e-02
5.280000000e-04,-8.355450956e-01,-5.117499174e-02,1.553568785e+00,7.843701038e-02,-7.843701038e-02
5.300000000e-04,-8.686003821e-01,-5.370221267e-02,1.393614820e+00,8.148981695e-02,-8.148981695e-02
5.320000000e-04,-8.981823164e-01,-5.596558216e-02,1.227875162e+00,8.422167343e-02,-8.422167343e-02
5.340000000e-04,-9.241726065e-01,-5.796133103e-02,1.057003275e+00,8.662112755e-02,-8.662112755e-02
5.360000000e-04,-9.464673225e-01,-5.968682923e-02,8.816742099e-01,8.867804933e-02,-8.867804933e-02
5.380000000e-04,-9.649773126e-01,-6.114057371e-02,7.025819159e-01,9.038367389e-02,-9.038367389e-02
5.400000000e-04,-9.796285591e-01,-6.232217225e-02,5.204364719e-01,9.173063869e-02,-9.173063868e-02
5.420000000e-04,-9.903624748e-01,-6.323232303e-02,3.359612504e-01,9.271301517e-02,-9.271301517e-02
5.440000000e-04,-9.971361369e-01,-6.387279037e-02,1.498900234e-01,9.332633465e-02,-9.332633465e-02
5.460000000e-04,-9.999224590e-01,-6.424637663e-02,-3.703597835e-02,9.356760824e-02,-9.356760824e-02
5.480000000e-04,-9.987102992e-01,-6.435689063e-02,-2.240710392e-01,9.343534086e-02,-9.343534085e-02
5.500000000e-04,-9.935045046e-01,-6.420911259e-02,-4.104679546e-01,9.292953920e-02,-9.292953920e-02
5.520000000e-04,-9.843258922e-01,-6.380875595e-02,-5.954810375e-01,9.205171362e-02,-9.205171362e-02
5.540000000e-04,-9.712111652e-01,-6.316242626e-02,-7.783691213e-01,9.080487390e-02,-9.080487390e-02
5.560000000e-04,-9.542127668e-01,-6.227757722e-02,-9.583985494e-01,8.919351896e-02,-8.919351896e-02
5.580000000e-04,-9.333986701e-01,-6.116246435e-02,-1.134846138e+00,8.722362057e-02,-8.722362057e-02
5.600000000e-04,-9.088521062e-01,-5.982609630e-02,-1.307002099e+00,8.490260099e-02,-8.490260099e-02
5.620000000e-04,-8.806712318e-01,-5.827818410e-02,-1.474172913e+00,8.223930477e-02,-8.223930477e-02
5.640000000e-04,-8.489687363e-01,-5.652908871e-02,-1.635684144e+00,7.924396476e-02,-7.924396476e-02
5.660000000e-04,-8.138713914e-01,-5.458976692e-02,-1.790883171e+00,7.592816245e-02,-7.592816244e-02
5.680000000e-04,-7.755195441e-01,-5.247171600e-02,-1.939141845e+00,7.230478281e-02,-7.230478281e-02
5.700000000e-04,-7.340665554e-01,-5.018691727e-02,-2.079859046e+00,6.838796381e-02,-6.838796381e-02
5.720000000e-04,-6.896781873e-01,-4.774777884e-02,-2.212463128e+00,6.419304085e-02,-6.419304084e-02
5.740000000e-04,-6.425319395e-01,-4.516707782e-02,-2.336414263e+00,5.973648617e-02,-5.973648617e-02
5.760000000e-04,-5.928163402e-01,-4.245790217e-02,-2.451206642e+00,5.503584381e-02,-5.503584381e-02
5.780000000e-04,-5.407301917e-01,-3.963359242e-02,-2.556370554e+00,5.010965992e-02,-5.010965992e-02
5.800000000e-04,-4.864817755e-01,-3.670768362e-02,-2.651474314e+00,4.497740919e-02,-4.497740919e-02
5.820000000e-04,-4.302880200e-01,-3.369384760e-02,-2.736126045e+00,3.965941724e-02,-3.965941724e-02
5.840000000e-04,-3.723736321e-01,-3.060583579e-02,-2.809975299e+00,3.417677963e-02,-3.417677963e-02
5.860000000e-04,-3.129701996e-01,-2.745742293e-02,-2.872714511e+00,2.855127766e-02,-2.855127766e-02
5.880000000e-04,-2.523152643e-01,-2.426235175e-02,-2.924080285e+00,2.280529125e-02,-2.280529125e-02
5.900000000e-04,-1.906513728e-01,-2.103427883e-02,-2.963854501e+00,1.696170939e-02,-1.696170939e-02
5.920000000e-04,-1.282251060e-01,-1.778672195e-02,-2.991865245e+00,1.104383841e-02,-1.104383841e-02
5.940000000e-04,-6.528609377e-02,-1.453300894e-02,-3.007987546e+00,5.075308484e-03,-5.075308484e-03
5.960000000e-04,-2.086016009e-03,-1.128622836e-02,-3.012143928e+00,-9.200212354e-04,9.200212354e-04
5.980000000e-04,6.112240330e-02,-8.059182100e-03,-3.004304780e+00,-6.918158540e-03,6.918158540e-03
6.000000000e-04,1.240864068e-01,-4.864339970e-03,-2.984488515e+00,-1.289507468e-02,1.289507468e-02
6.020000000e-04,1.865542146e-01,-1.713796615e-03,-2.952761556e+00,-1.882680112e-02,1.882680112e-02
6.040000000e-04,2.482760309e-01,1.380769295e-03,-2.909238110e+00,-2.468952616e-02,2.468952616e-02
6.060000000e-04,3.090050430e-01,4.408133397e-03,-2.854079767e+00,-3.045969096e-02,3.045969096e-02
6.080000000e-04,3.684984082e-01,7.357561405e-03,-2.787494893e+00,-3.611408468e-02,3.611408468e-02
6.100000000e-04,4.265182249e-01,1.021884222e-02,-2.709737841e+00,-4.162993827e-02,4.162993827e-02
6.120000000e-04,4.828324840e-01,1.298231833e-02,-2.621107977e+00,-4.698501656e-02,4.698501656e-02
6.140000000e-04,5.372159963e-01,1.563891336e-02,-2.521948520e+00,-5.215770830e-02,5.215770830e-02
6.160000000e-04,5.894512937e-01,1.818015680e-02,-2.412645211e+00,-5.712711369e-02,5.712711369e-02
6.180000000e-04,6.393294979e-01,2.059820583e-02,-2.293624796e+00,-6.187312921e-02,6.187312921e-02
6.200000000e-04,6.866511565e-01,2.288586423e-02,-2.165353361e+00,-6.637652922e-02,6.637652922e-02
6.220000000e-04,7.312270398e-01,2.503659826e-02,-2.028334493e+00,-7.061904416e-02,7.061904416e-02
6.240000000e-04,7.728788984e-01,2.704454973e-02,-1.883107293e+00,-7.458343487e-02,7.458343487e-02
6.260000000e-04,8.114401750e-01,2.890454596e-02,-1.730244245e+00,-7.825356290e-02,7.825356290e-02
6.280000000e-04,8.467566711e-01,3.061210696e-02,-1.570348950e+00,-8.161445642e-02,8.161445641e-02
6.300000000e-04,8.786871634e-01,3.216344959e-02,-1.404053730e+00,-8.465237138e-02,8.465237138e-02
6.320000000e-04,9.071039685e-01,3.355548892e-02,-1.232017115e+00,-8.735484796e-02,8.735484796e-02
6.340000000e-04,9.318934536e-01,3.478583679e-02,-1.054921223e+00,-8.971076168e-02,8.971076168e-02
6.360000000e-04,9.529564905e-01,3.585279757e-02,-8.734690437e-01,-9.171036929e-02,9.171036929e-02
6.380000000e-04,9.702088526e-01,3.675536130e-02,-6.883816347e-01,-9.334534913e-02,9.334534913e-02
6.400000000e-04,9.835815514e-01,3.749319415e-02,-5.003952440e-01,-9.460883572e-02,9.460883572e-02
6.420000000e-04,9.930211121e-01,3.806662648e-02,-3.102583672e-01,-9.549544856e-02,9.549544856e-02
6.440000000e-04,9.984897879e-01,3.847663840e-02,-1.187287551e-01,-9.600131495e-02,9.600131495e-02
6.460000000e-04,9.999657107e-01,3.872484304e-02,7.342961969e-02,-9.612408677e-02,9.612408677e-02
6.480000000e-04,9.974429787e-01,3.881346763e-02,2.654496230e-01,-9.586295111e-02,9.586295111e-02
6.500000000e-04,9.909316797e-01,3.874533253e-02,4.565640343e-01,-9.521863471e-02,9.521863471e-02
6.520000000e-04,9.804578509e-01,3.852382824e-02,6.460086251e-01,-9.419340227e-02,9.419340227e-02
6.540000000e-04,9.660633752e-01,3.815289066e-02,8.330252270e-01,-9.279104846e-02,9.279104846e-02
6.560000000e-04,9.478058130e-01,3.763697459e-02,1.016864779e+00,-9.101688384e-02,9.101688384e-02
6.580000000e-04,9.257581725e-01,3.698102576e-02,1.196790337e+00,-8.887771467e-02,8.887771467e-02
6.600000000e-04,9.000086176e-01,3.619045133e-02,1.372080045e+00,-8.638181662e-02,8.638181662e-02
6.620000000e-04,8.706601154e-01,3.527108926e-02,1.542030035e+00,-8.353890261e-02,8.353890261e-02
6.640000000e-04,8.378300245e-01,3.422917650e-02,1.705957270e+00,-8.036008480e-02,8.036008480e-02
6.660000000e-04,8.016496257e-01,3.307131614e-02,1.863202296e+00,-7.685783095e-02,7.685783095e-02
6.680000000e-04,7.622635967e-01,3.180444392e-02,2.013131905e+00,-7.304591528e-02,7.304591528e-02
6.700000000e-04,7.198294341e-01,3.043579388e-02,2.155141695e+00,-6.893936403e-02,6.893936403e-02
6.720000000e-04,6.745168234e-01,2.897286360e-02,2.288658515e+00,-6.455439598e-02,6.455439598e-02
6.740000000e-04,6.265069602e-01,2.742337907e-02,2.413142785e+00,-5.990835811e-02,5.990835811e-02
6.760000000e-04,5.759918260e-01,2.579525928e-02,2.528090683e+00,-5.501965667e-02,5.501965667e-02
6.780000000e-04,5.231734202e-01,2.409658078e-02,2.633036194e+00,-4.990768394e-02,4.990768394e-02
6.800000000e-04,4.682629528e-01,2.233554227e-02,2.727553003e+00,-4.459274105e-02,4.459274105e-02
6.820000000e-04,4.114799992e-01,2.052042945e-02,2.811256231e+00,-3.909595698e-02,3.909595698e-02
6.840000000e-04,3.530516227e-01,1.865958017e-02,2.883804009e+00,-3.343920425e-02,3.343920425e-02
6.860000000e-04,2.932114662e-01,1.676135003e-02,2.944898877e+00,-2.764501162e-02,2.764501162e-02
6.880000000e-04,2.321988180e-01,1.483407867e-02,2.994289005e+00,-2.173647394e-02,2.173647394e-02
6.900000000e-04,1.702576551e-01,1.288605669e-02,3.031769236e+00,-1.573715984e-02,1.573715984e-02
6.920000000e-04,1.076356672e-01,1.092549347e-02,3.057181937e+00,-9.671017371e-03,9.671017370e-03
6.940000000e-04,4.458326663e-02,8.960485940e-03,3.070417665e+00,-3.562278069e-03,3.562278069e-03
6.960000000e-04,-1.864741312e-02,6.998988384e-03,3.071415631e+00,2.564640151e-03,-2.564640151e-03
6.980000000e-04,-8.180352575e-02,5.048783445e-03,3.060163983e+00,8.685230920e-03,-8.685230920e-03
7.000000000e-04,-1.446325231e-01,3.117454350e-03,3.036699876e+00,1.477499774e-02,-1.477499774e-02
7.020000000e-04,-2.068831651e-01,1.212358500e-03,3.001109362e+00,2.080955236e-02,-2.080955236e-02
7.040000000e-04,-2.683065243e-01,-6.593975330e-04,2.953527070e+00,2.676471268e-02,-2.676471268e-02
7.060000000e-04,-3.286569815e-01,-2.490981510e-03,2.894135697e+00,3.261660000e-02,-3.261660000e-02
7.080000000e-04,-3.876932079e-01,-4.275857470e-03,2.823165308e+00,3.834173504e-02,-3.834173504e-02
7.100000000e-04,-4.451791297e-01,-6.007806066e-03,2.740892441e+00,4.391713236e-02,-4.391713236e-02
7.120000000e-04,-5.008848728e-01,-7.680943229e-03,2.647639025e+00,4.932039296e-02,-4.932039296e-02
7.140000000e-04,-5.545876814e-01,-9.289737128e-03,2.543771117e+00,5.452979443e-02,-5.452979443e-02
7.160000000e-04,-6.060728093e-01,-1.082902339e-02,2.429697465e+00,5.952437860e-02,-5.952437859e-02
7.180000000e-04,-6.551343781e-01,-1.229401854e-02,2.305867890e+00,6.428403596e-02,-6.428403596e-02
7.200000000e-04,-7.015762008e-01,-1.368033168e-02,2.172771509e+00,6.878958691e-02,-6.878958691e-02
7.220000000e-04,-7.452125662e-01,-1.498397433e-02,2.030934796e+00,7.302285918e-02,-7.302285918e-02
7.240000000e-04,-7.858689815e-01,-1.620136850e-02,1.880919498e+00,7.696676130e-02,-7.696676130e-02
7.260000000e-04,-8.233828702e-01,-1.732935294e-02,1.723320398e+00,8.060535173e-02,-8.060535173e-02
7.280000000e-04,-8.576042221e-01,-1.836518760e-02,1.558762954e+00,8.392390345e-02,-8.392390345e-02
7.300000000e-04,-8.883961931e-01,-1.930655633e-02,1.387900809e+00,8.690896368e-02,-8.690896368e-02
7.320000000e-04,-9.156356525e-01,-2.015156780e-02,1.211413186e+00,8.954840847e-02,-8.954840847e-02
7.340000000e-04,-9.392136754e-01,-2.089875473e-02,1.030002182e+00,9.183149206e-02,-9.183149206e-02
7.360000000e-04,-9.590359781e-01,-2.154707144e-02,8.443899687e-01,9.374889067e-02,-9.374889067e-02
7.380000000e-04,-9.750232955e-01,-2.209588970e-02,6.553159057e-01,9.529274058e-02,-9.529274057e-02
7.400000000e-04,-9.871116974e-01,-2.254499309e-02,4.635335917e-01,9.645667044e-02,-9.645667043e-02
7.420000000e-04,-9.952528451e-01,-2.289456971e-02,2.698078511e-01,9.723582754e-02,-9.723582754e-02
7.440000000e-04,-9.994141836e-01,-2.314520347e-02,7.491167626e-02,9.762689801e-02,-9.762689801e-02
7.460000000e-04,-9.995790727e-01,-2.329786399e-02,-1.203768647e-01,9.762812087e-02,-9.762812087e-02
7.480000000e-04,-9.957468529e-01,-2.335389507e-02,-3.152777419e-01,9.723929579e-02,-9.723929579e-02
7.500000000e-04,-9.879328487e-01,-2.331500195e-02,-5.090120875e-01,9.646178467e-02,-9.646178467e-02
7.520000000e-04,-9.761683064e-01,-2.318323736e-02,-7.008053153e-01,9.529850691e-02,-9.529850691e-02
7.540000000e-04,-9.605002702e-01,-2.296098643e-02,-8.898902258e-01,9.375392837e-02,-9.375392837e-02
7.560000000e-04,-9.409913931e-01,-2.265095055e-02,-1.075510083e+00,9.183404426e-02,-9.183404425e-02
7.580000000e-04,-9.177196872e-01,-2.225613033e-02,-1.256921647e+00,8.954635569e-02,-8.954635568e-02
7.600000000e-04,-8.907782111e-01,-2.177980763e-02,-1.433398164e+00,8.689984035e-02,-8.689984035e-02
7.620000000e-04,-8.602746983e-01,-2.122552685e-02,-1.604232276e+00,8.390491714e-02,-8.390491714e-02
7.640000000e-04,-8.263311259e-01,-2.059707552e-02,-1.768738868e+00,8.057340503e-02,-8.057340503e-02
7.660000000e-04,-7.890832271e-01,-1.989846432e-02,-1.926257822e+00,7.691847628e-02,-7.691847628e-02
7.680000000e-04,-7.486799487e-01,-1.913390650e-02,-2.076156668e+00,7.295460422e-02,-7.295460422e-02
7.700000000e-04,-7.052828549e-01,-1.830779705e-02,-2.217833134e+00,6.869750579e-02,-6.869750579e-02
7.720000000e-04,-6.590654817e-01,-1.742469137e-02,-2.350717565e+00,6.416407903e-02,-6.416407903e-02
7.740000000e-04,-6.102126426e-01,-1.648928385e-02,-2.474275225e+00,5.937233588e-02,-5.937233588e-02
7.760000000e-04,-5.589196902e-01,-1.550638622e-02,-2.588008451e+00,5.434133040e-02,-5.434133040e-02
7.780000000e-04,-5.053917341e-01,-1.448090591e-02,-2.691458657e+00,4.909108282e-02,-4.909108282e-02
7.800000000e-04,-4.498428217e-01,-1.341782443e-02,-2.784208196e+00,4.364249972e-02,-4.364249972e-02
7.820000000e-04,-3.924950813e-01,-1.232217584e-02,-2.865882040e+00,3.801729055e-02,-3.801729055e-02
7.840000000e-04,-3.335778348e-01,-1.119902546e-02,-2.936149306e+00,3.223788093e-02,-3.223788093e-02
7.860000000e-04,-2.733266799e-01,-1.005344889e-02,-2.994724595e+00,2.632732310e-02,-2.632732310e-02
7.880000000e-04,-2.119825484e-01,-8.890511366e-03,-3.041369158e+00,2.030920371e-02,-2.030920371e-02
7.900000000e-04,-1.497907429e-01,-7.715247555e-03,-3.075891865e+00,1.420754953e-02,-1.420754953e-02
7.920000000e-04,-8.699995526e-02,-6.532641891e-03,-3.098149992e+00,8.046731337e-03,-8.046731337e-03
7.940000000e-04,-2.386127294e-02,-5.347609483e-03,-3.108049812e+00,1.851366346e-03,-1.851366346e-03
7.960000000e-04,3.937282565e-02,-4.164977681e-03,-3.105546989e+00,-4.353780333e-03,4.353780333e-03
7.980000000e-04,1.024494805e-01,-2.989468344e-03,-3.090646775e+00,-1.054389488e-02,1.054389488e-02
8.000000000e-04,1.651164612e-01,-1.825680890e-03,-3.063404005e+00,-1.669421421e-02,1.669421421e-02
8.020000000e-04,2.271231755e-01,-6.780761626e-04,-3.023922902e+00,-2.278012516e-02,2.278012516e-02
8.040000000e-04,2.882216714e-01,4.490388286e-04,-2.972356673e+00,-2.877726326e-02,2.877726326e-02
8.060000000e-04,3.481676289e-01,1.551525251e-03,-2.908906917e+00,-3.466161036e-02,3.466161036e-02
8.080000000e-04,4.067213364e-01,2.625425836e-03,-2.833822833e+00,-4.040959106e-02,4.040959106e-02
8.100000000e-04,4.636486499e-01,3.666977269e-03,-2.747400244e+00,-4.599816726e-02,4.599816726e-02
8.120000000e-04,5.187219289e-01,4.672621565e-03,-2.649980425e+00,-5.140493073e-02,5.140493073e-02
8.140000000e-04,5.717209468e-01,5.639016386e-03,-2.541948756e+00,-5.660819304e-02,5.660819304e-02
8.160000000e-04,6.224337715e-01,6.563044296e-03,-2.423733195e+00,-6.158707272e-02,6.158707272e-02
8.180000000e-04,6.706576131e-01,7.441820923e-03,-2.295802579e+00,-6.632157921e-02,6.632157921e-02
8.200000000e-04,7.161996343e-01,8.272702029e-03,-2.158664760e+00,-7.079269323e-02,7.079269323e-02
8.220000000e-04,7.588777222e-01,9.053289464e-03,-2.012864589e+00,-7.498244327e-02,7.498244327e-02
8.240000000e-04,7.985212159e-01,9.781436023e-03,-1.858981744e+00,-7.887397799e-02,7.887397799e-02
8.260000000e-04,8.349715894e-01,1.045524919e-02,-1.697628425e+00,-8.245163402e-02,8.245163402e-02
8.280000000e-04,8.680830851e-01,1.107309377e-02,-1.529446911e+00,-8.570099914e-02,8.570099913e-02
8.300000000e-04,8.977232972e-01,1.163359346e-02,-1.355107004e+00,-8.860897037e-02,8.860897037e-02
8.320000000e-04,9.237737005e-01,1.213563133e-02,-1.175303351e+00,-9.116380692e-02,9.116380692e-02
8.340000000e-04,9.461301249e-01,1.257834921e-02,-9.907526754e-01,-9.335517757e-02,9.335517757e-02
8.360000000e-04,9.647031718e-01,1.296114613e-02,-8.021909159e-01,-9.517420257e-02,9.517420256e-02
8.380000000e-04,9.794185713e-01,1.328367563e-02,-6.103702854e-01,-9.661348957e-02,9.661348957e-02
8.400000000e-04,9.902174797e-01,1.354584226e-02,-4.160562663e-01,-9.766716374e-02,9.766716374e-02
8.420000000e-04,9.970567143e-01,1.374779694e-02,-2.200245511e-01,-9.833089174e-02,9.833089174e-02
8.440000000e-04,9.999089266e-01,1.388993156e-02,-2.305794075e-02,-9.860189950e-02,9.860189950e-02
8.460000000e-04,9.987627110e-01,1.397287268e-02,1.740567857e-01,-9.847898383e-02,9.847898383e-02
8.480000000e-04,9.936226511e-01,1.399747432e-02,3.705320189e-01,-9.796251768e-02,9.796251767e-02
8.500000000e-04,9.845093008e-01,1.396481011e-02,5.655824710e-01,-9.705444907e-02,9.705444907e-02
8.520000000e-04,9.714591027e-01,1.387616458e-02,7.584283187e-01,-9.575829381e-02,9.575829381e-02
8.540000000e-04,9.545242416e-01,1.373302383e-02,9.482983260e-01,-9.407912178e-02,9.407912178e-02
8.560000000e-04,9.337724367e-01,1.353706555e-02,1.134432933e+00,-9.202353712e-02,9.202353712e-02
8.580000000e-04,9.092866700e-01,1.329014846e-02,1.316087299e+00,-8.959965216e-02,8.959965216e-02
8.600000000e-04,8.811648551e-01,1.299430120e-02,1.492534286e+00,-8.681705539e-02,8.681705539e-02
8.620000000e-04,8.495194451e-01,1.265171081e-02,1.663067376e+00,-8.368677343e-02,8.368677343e-02
8.640000000e-04,8.144769836e-01,1.226471069e-02,1.827003503e+00,-8.022122730e-02,8.022122730e-02
8.660000000e-04,7.761775981e-01,1.183576833e-02,1.983685791e+00,-7.643418298e-02,7.643418298e-02
8.680000000e-04,7.347744398e-01,1.136747258e-02,2.132486193e+00,-7.234069672e-02,7.234069672e-02
8.700000000e-04,6.904330714e-01,1.086252084e-02,2.272808008e+00,-6.795705505e-02,6.795705505e-02
8.720000000e-04,6.433308047e-01,1.032370590e-02,2.404088280e+00,-6.330070988e-02,6.330070988e-02
8.740000000e-04,5.936559919e-01,9.753902793e-03,2.525800061e+00,-5.839020891e-02,5.839020891e-02
8.760000000e-04,5.416072723e-01,9.156055445e-03,2.637454523e+00,-5.324512168e-02,5.324512168e-02
8.780000000e-04,4.873927778e-01,8.533163388e-03,2.738602932e+00,-4.788596145e-02,4.788596145e-02
8.800000000e-04,4.312293011e-01,7.888268466e-03,2.828838445e+00,-4.233410326e-02,4.233410326e-02
8.820000000e-04,3.733414280e-01,7.224441638e-03,2.907797757e+00,-3.661169864e-02,3.661169864e-02
8.840000000e-04,3.139606402e-01,6.544769909e-03,2.975162559e+00,-3.074158703e-02,3.074158703e-02
8.860000000e-04,2.533243892e-01,5.852343463e-03,3.030660828e+00,-2.474720457e-02,2.474720457e-02
8.880000000e-04,1.916751466e-01,5.150243017e-03,3.074067921e+00,-1.865249035e-02,1.865249035e-02
8.900000000e-04,1.292594349e-01,4.441527467e-03,3.105207492e+00,-1.248179074e-02,1.248179074e-02
8.920000000e-04,6.632684167e-02,3.729221862e-03,3.123952205e+00,-6.259761980e-03,6.259761980e-03
8.940000000e-04,3.129021177e-03,3.016305737e-03,3.130224255e+00,-1.127154398e-05,1.127154397e-05
8.960000000e-04,-6.008131162e-02,2.305701873e-03,3.123995694e+00,6.238701349e-03,-6.238701349e-03
8.980000000e-04,-1.230513917e-01,1.600265490e-03,3.105288552e+00,1.246516572e-02,-1.246516572e-02
9.000000000e-04,-1.855294149e-01,9.027739330e-04,3.074174761e+00,1.864321889e-02,-1.864321889e-02
9.020000000e-04,-2.472655446e-01,2.159168687e-04,3.030775880e+00,2.474814615e-02,-2.474814615e-02
9.040000000e-04,-3.080129108e-01,-4.577129686e-04,2.975262617e+00,3.075551978e-02,-3.075551978e-02
9.060000000e-04,-3.675285974e-01,-1.115628459e-03,2.907854162e+00,3.664129690e-02,-3.664129690e-02
9.080000000e-04,-4.255746136e-01,-1.755456183e-03,2.828817314e+00,4.238191574e-02,-4.238191574e-02
9.100000000e-04,-4.819188455e-01,-2.374943884e-03,2.738465430e+00,4.795439016e-02,-4.795439016e-02
9.120000000e-04,-5.363359841e-01,-2.971967297e-03,2.637157180e+00,5.333640168e-02,-5.333640168e-02
9.140000000e-04,-5.886084267e-01,-3.544536325e-03,2.525295120e+00,5.850638903e-02,-5.850638903e-02
9.160000000e-04,-6.385271466e-01,-4.090800545e-03,2.403324093e+00,6.344363460e-02,-6.344363460e-02
9.180000000e-04,-6.858925292e-01,-4.609054039e-03,2.271729458e+00,6.812834752e-02,-6.812834752e-02
9.200000000e-04,-7.305151703e-01,-5.097739547e-03,2.131035153e+00,7.254174308e-02,-7.254174308e-02
9.220000000e-04,-7.722166332e-01,-5.555451927e-03,1.981801614e+00,7.666611813e-02,-7.666611813e-02
9.240000000e-04,-8.108301624e-01,-5.980940933e-03,1.824623535e+00,8.048492215e-02,-8.048492215e-02
9.260000000e-04,-8.462013504e-01,-6.373113304e-03,1.660127496e+00,8.398282371e-02,-8.398282371e-02
9.280000000e-04,-8.781887552e-01,-6.731034169e-03,1.488969468e+00,8.714577211e-02,-8.714577211e-02
9.300000000e-04,-9.066644659e-01,-7.053927785e-03,1.311832186e+00,8.996105381e-02,-8.996105381e-02
9.320000000e-04,-9.315146140e-01,-7.341177602e-03,1.129422431e+00,9.241734364e-02,-9.241734364e-02
9.340000000e-04,-9.526398288e-01,-7.592325683e-03,9.424682043e-01,9.450475031e-02,-9.450475031e-02
9.360000000e-04,-9.699556351e-01,-7.807071483e-03,7.517158168e-01,9.621485637e-02,-9.621485637e-02
9.380000000e-04,-9.833927906e-01,-7.985270005e-03,5.579269110e-01,9.754075207e-02,-9.754075206e-02
9.400000000e-04,-9.928975629e-01,-8.126929360e-03,3.618754147e-01,9.847706336e-02,-9.847706336e-02
9.420000000e-04,-9.984319444e-01,-8.232207744e-03,1.643444479e-01,9.901997366e-02,-9.901997366e-02
9.440000000e-04,-9.999738041e-01,-8.301409858e-03,-3.387680804e-02,9.916723943e-02,-9.916723943e-02
9.460000000e-04,-9.975169767e-01,-8.334982797e-03,-2.319962668e-01,9.891819939e-02,-9.891819939e-02
9.480000000e-04,-9.910712863e-01,-8.333511437e-03,-4.292221044e-01,9.827377748e-02,-9.827377748e-02
9.500000000e-04,-9.806625079e-01,-8.297713338e-03,-6.247659276e-01,9.723647946e-02,-9.723647946e-02
9.520000000e-04,-9.663322642e-01,-8.228433213e-03,-8.178459275e-01,9.581038310e-02,-9.581038310e-02
9.540000000e-04,-9.481378588e-01,-8.126636965e-03,-1.007690009e+00,9.400112218e-02,-9.400112218e-02
9.560000000e-04,-9.261520473e-01,-7.993405355e-03,-1.193538879e+00,9.181586419e-02,-9.181586419e-02
9.580000000e-04,-9.004627464e-01,-7.829927314e-03,-1.374649089e+00,8.926328190e-02,-8.926328190e-02
9.600000000e-04,-8.711726822e-01,-7.637492937e-03,-1.550296010e+00,8.635351893e-02,-8.635351893e-02
9.620000000e-04,-8.383989797e-01,-7.417486197e-03,-1.719776734e+00,8.309814935e-02,-8.309814935e-02
9.640000000e-04,-8.022726941e-01,-7.171377413e-03,-1.882412890e+00,7.951013167e-02,-7.951013167e-02
9.660000000e-04,-7.629382868e-01,-6.900715510e-03,-2.037553361e+00,7.560375713e-02,-7.560375713e-02
9.680000000e-04,-7.205530480e-01,-6.607120093e-03,-2.184576893e+00,7.139459279e-02,-7.139459279e-02
9.700000000e-04,-6.752864675e-01,-6.292273393e-03,-2.322894588e+00,6.689941941e-02,-6.689941941e-02
9.720000000e-04,-6.273195568e-01,-5.957912106e-03,-2.451952259e+00,6.213616447e-02,-6.213616447e-02
9.740000000e-04,-5.768441257e-01,-5.605819156e-03,-2.571232658e+00,5.712383066e-02,-5.712383065e-02
9.760000000e-04,-5.240620149e-01,-5.237815437e-03,-2.680257546e+00,5.188241995e-02,-5.188241995e-02
9.780000000e-04,-4.691842892e-01,-4.855751541e-03,-2.778589617e+00,4.643285376e-02,-4.643285376e-02
9.800000000e-04,-4.124303930e-01,-4.461499538e-03,-2.865834249e+00,4.079688935e-02,-4.079688935e-02
9.820000000e-04,-3.540272735e-01,-4.056944810e-03,-2.941641093e+00,3.499703287e-02,-3.499703287e-02
9.840000000e-04,-2.942084726e-01,-3.643977991e-03,-3.005705477e+00,2.905644946e-02,-2.905644946e-02
9.860000000e-04,-2.332131931e-01,-3.224487038e-03,-3.057769635e+00,2.299887061e-02,-2.299887061e-02
9.880000000e-04,-1.712853427e-01,-2.800349466e-03,-3.097623744e+00,1.684849932e-02,-1.684849932e-02
9.900000000e-04,-1.086725577e-01,-2.373424771e-03,-3.125106768e+00,1.062991330e-02,-1.062991330e-02
9.920000000e-04,-4.562521386e-02,-1.945547067e-03,-3.140107115e+00,4.367966679e-03,-4.367966679e-03
9.940000000e-04,1.760457577e-02,-1.518517980e-03,-3.142563083e+00,-1.912309375e-03,1.912309375e-03
9.960000000e-04,8.076396835e-02,-1.094099798e-03,-3.132463121e+00,-8.185806815e-03,8.185806815e-03
9.980000000e-04,1.436004026e-01,-6.740089199e-04,-3.109845877e+00,-1.442744116e-02,1.442744116e-02
1.000000000e-03,2.058626088e-01,-2.599096187e-04,-3.074800053e+00,-2.061225184e-02,2.061225184e-02
1.002000000e-03,2.673016132e-01,1.465918634e-04,-3.027464059e+00,-2.671550213e-02,2.671550213e-02
1.004000000e-03,3.276717340e-01,5.439528672e-04,-2.968025461e+00,-3.271277811e-02,3.271277811e-02
1.006000000e-03,3.867315637e-01,9.306995001e-04,-2.896720242e+00,-3.858008642e-02,3.858008642e-02
1.008000000e-03,4.442449343e-01,1.305431437e-03,-2.813831864e+00,-4.429395029e-02,4.429395029e-02
1.010000000e-03,4.999818619e-01,1.666826325e-03,-2.719690138e+00,-4.983150356e-02,4.983150356e-02
1.012000000e-03,5.537194660e-01,2.013643783e-03,-2.614669915e+00,-5.517058222e-02,5.517058222e-02
1.014000000e-03,6.052428611e-01,2.344728982e-03,-2.499189589e+00,-6.028981321e-02,6.028981321e-02
1.016000000e-03,6.543460159e-01,2.659015807e-03,-2.373709432e+00,-6.516870001e-02,6.516870001e-02
1.018000000e-03,7.008325771e-01,2.955529591e-03,-2.238729756e+00,-6.978770475e-02,6.978770475e-02
1.020000000e-03,7.445166545e-01,3.233389410e-03,-2.094788919e+00,-7.412832651e-02,7.412832651e-02
1.022000000e-03,7.852235648e-01,3.491809956e-03,-1.942461176e+00,-7.817317548e-02,7.817317548e-02
1.024000000e-03,8.227905293e-01,3.730102971e-03,-1.782354387e+00,-8.190604264e-02,8.190604263e-02
1.026000000e-03,8.570673257e-01,3.947678246e-03,-1.615107588e+00,-8.531196474e-02,8.531196474e-02
1.028000000e-03,8.879168880e-01,4.144044206e-03,-1.441388441e+00,-8.837728438e-02,8.837728438e-02
1.030000000e-03,9.152158555e-01,4.318808058e-03,-1.261890569e+00,-9.108970474e-02,9.108970474e-02
1.032000000e-03,9.388550650e-01,4.471675539e-03,-1.077330779e+00,-9.343833895e-02,9.343833895e-02
1.034000000e-03,9.587399885e-01,4.602450243e-03,-8.884462044e-01,-9.541375383e-02,9.541375383e-02
1.036000000e-03,9.747911102e-01,4.711032570e-03,-6.959913551e-01,-9.700800776e-02,9.700800776e-02
1.038000000e-03,9.869442449e-01,4.797418271e-03,-5.007351033e-01,-9.821468267e-02,9.821468267e-02
1.040000000e-03,9.951507950e-01,4.861696642e-03,-3.034576100e-01,-9.902890983e-02,9.902890983e-02
1.042000000e-03,9.993779439e-01,4.904048346e-03,-1.049472058e-01,-9.944738956e-02,9.944738956e-02
1.044000000e-03,9.996087884e-01,4.924742900e-03,9.400276065e-02,-9.946840455e-02,9.946840455e-02
1.046000000e-03,9.958424052e-01,4.924135841e-03,2.925970954e-01,-9.909182694e-02,9.909182694e-02
1.048000000e-03,9.880938554e-01,4.902665576e-03,4.900419391e-01,-9.831911898e-02,9.831911898e-02
1.050000000e-03,9.763941238e-01,4.860849953e-03,6.855479421e-01,-9.715332738e-02,9.715332738e-02
1.052000000e-03,9.607899951e-01,4.799282556e-03,8.783334221e-01,-9.559907126e-02,9.559907126e-02
1.054000000e-03,9.413438672e-01,4.718628758e-03,1.067627491e+00,-9.366252384e-02,9.366252384e-02
1.056000000e-03,9.181335009e-01,4.619621545e-03,1.252673139e+00,-9.135138793e-02,9.135138793e-02
1.058000000e-03,8.912517097e-01,4.503057127e-03,1.432730263e+00,-8.867486525e-02,8.867486525e-02
1.060000000e-03,8.608059882e-01,4.369790376e-03,1.607078631e+00,-8.564361979e-02,8.564361979e-02
1.062000000e-03,8.269180827e-01,4.220730098e-03,1.775020762e+00,-8.226973526e-02,8.226973526e-02
1.064000000e-03,7.897235038e-01,4.056834162e-03,1.935884717e+00,-7.856666696e-02,7.856666696e-02
1.066000000e-03,7.493709848e-01,3.879104517e-03,2.089026791e+00,-7.454918803e-02,7.454918803e-02
1.068000000e-03,7.060218872e-01,3.688582120e-03,2.233834090e+00,-7.023333051e-02,7.023333051e-02
1.070000000e-03,6.598495549e-01,3.486341783e-03,2.369726985e+00,-6.563632131e-02,6.563632131e-02
1.072000000e-03,6.110386214e-01,3.273486985e-03,2.496161433e+00,-6.077651344e-02,6.077651344e-02
1.074000000e-03,5.597842716e-01,3.051144648e-03,2.612631154e+00,-5.567331270e-02,5.567331270e-02
1.076000000e-03,5.062914609e-01,2.820459916e-03,2.718669666e+00,-5.034710010e-02,5.034710010e-02
1.078000000e-03,4.507740960e-01,2.582590957e-03,2.813852145e+00,-4.481915051e-02,4.481915051e-02
1.080000000e-03,3.934541792e-01,2.338703795e-03,2.897797138e+00,-3.911154755e-02,3.911154755e-02
1.082000000e-03,3.345609211e-01,2.089967217e-03,2.970168083e+00,-3.324709538e-02,3.324709538e-02
1.084000000e-03,2.743298233e-01,1.837547748e-03,3.030674667e+00,-2.724922756e-02,2.724922756e-02
1.086000000e-03,2.130017377e-01,1.582604739e-03,3.079073987e+00,-2.114191330e-02,2.114191330e-02
1.088000000e-03,1.508219024e-01,1.326285570e-03,3.115171525e+00,-1.494956169e-02,1.494956169e-02
1.090000000e-03,8.803896175e-02,1.069720994e-03,3.138821934e+00,-8.696924076e-03,8.696924076e-03
1.092000000e-03,2.490397157e-02,8.140206291e-04,3.149929621e+00,-2.408995094e-03,2.408995094e-03
1.094000000e-03,-3.833060442e-02,5.602686343e-04,3.148449133e+00,3.889087306e-03,-3.889087306e-03
1.096000000e-03,-1.014119043e-01,3.095195620e-04,3.134385346e+00,1.017214239e-02,-1.017214239e-02
1.098000000e-03,-1.640876791e-01,6.279441635e-05,3.107793448e+00,1.641504735e-02,-1.641504735e-02
1.100000000e-03,-2.261073013e-01,-1.789230760e-04,3.068778721e+00,2.259283782e-02,-2.259283782e-02
1.102000000e-03,-2.872227675e-01,-4.146899690e-04,3.017496128e+00,2.868080775e-02,-2.868080775e-02
1.104000000e-03,-3.471896896e-01,-6.436073631e-04,2.954149695e+00,3.465460822e-02,-3.465460822e-02
1.106000000e-03,-4.057682723e-01,-8.648234258e-04,2.878991698e+00,4.049034489e-02,-4.049034489e-02
1.108000000e-03,-4.627242722e-01,-1.077536156e-03,2.792321662e+00,4.616467360e-02,-4.616467360e-02
1.110000000e-03,-5.178299338e-01,-1.280995890e-03,2.694485163e+00,5.165489380e-02,-5.165489380e-02
1.112000000e-03,-5.708649013e-01,-1.474507532e-03,2.585872450e+00,5.693903938e-02,-5.693903938e-02
1.114000000e-03,-6.216170988e-01,-1.657432522e-03,2.466916894e+00,6.199596663e-02,-6.199596663e-02
1.116000000e-03,-6.698835789e-01,-1.829190520e-03,2.338093248e+00,6.680543883e-02,-6.680543883e-02
1.118000000e-03,-7.154713338e-01,-1.989260813e-03,2.199915760e+00,7.134820730e-02,-7.134820730e-02
1.120000000e-03,-7.581980677e-01,-2.137183448e-03,2.052936117e+00,7.560608842e-02,-7.560608842e-02
1.122000000e-03,-7.978929252e-01,-2.272560074e-03,1.897741240e+00,7.956203651e-02,-7.956203651e-02
1.124000000e-03,-8.343971748e-01,-2.395054518e-03,1.734950943e+00,8.320021203e-02,-8.320021203e-02
1.126000000e-03,-8.675648437e-01,-2.504393078e-03,1.565215451e+00,8.650604507e-02,-8.650604507e-02
1.128000000e-03,-8.972633013e-01,-2.600364543e-03,1.389212808e+00,8.946629368e-02,-8.946629367e-02
1.130000000e-03,-9.233737895e-01,-2.682819953e-03,1.207646166e+00,9.206909696e-02,-9.206909696e-02
1.132000000e-03,-9.457918980e-01,-2.751672085e-03,1.021240973e+00,9.430402260e-02,-9.430402260e-02
1.134000000e-03,-9.644279815e-01,-2.806894692e-03,8.307420733e-01,9.616210868e-02,-9.616210868e-02
1.136000000e-03,-9.792075180e-01,-2.848521496e-03,6.369107330e-01,9.763589966e-02,-9.763589965e-02
1.138000000e-03,-9.900714074e-01,-2.876644930e-03,4.405215950e-01,9.871947625e-02,-9.871947625e-02
1.140000000e-03,-9.969762071e-01,-2.891414664e-03,2.423595821e-01,9.940847925e-02,-9.940847925e-02
1.142000000e-03,-9.998943064e-01,-2.893035902e-03,4.321675936e-02,9.970012705e-02,-9.970012705e-02
1.144000000e-03,-9.988140363e-01,-2.881767475e-03,-1.561108333e-01,9.959322688e-02,-9.959322688e-02
1.146000000e-03,-9.937397166e-01,-2.857919733e-03,-3.548263639e-01,9.908817969e-02,-9.908817969e-02
1.148000000e-03,-9.846916385e-01,-2.821852256e-03,-5.521353952e-01,9.818697862e-02,-9.818697862e-02
1.150000000e-03,-9.717059833e-01,-2.773971392e-03,-7.472490614e-01,9.689320119e-02,-9.689320119e-02
1.152000000e-03,-9.548346780e-01,-2.714727634e-03,-9.393872234e-01,9.521199504e-02,-9.521199504e-02
1.154000000e-03,-9.341451875e-01,-2.644612858e-03,-1.127781589e+00,9.315005747e-02,-9.315005746e-02
1.156000000e-03,-9.097202447e-01,-2.564157424e-03,-1.311678787e+00,9.071560872e-02,-9.071560872e-02
1.158000000e-03,-8.816575198e-01,-2.473927165e-03,-1.490343379e+00,8.791835926e-02,-8.791835926e-02
1.160000000e-03,-8.500692298e-01,-2.374520279e-03,-1.663060803e+00,8.476947096e-02,-8.476947096e-02
1.162000000e-03,-8.150816899e-01,-2.266564123e-03,-1.829140231e+00,8.128151258e-02,-8.128151258e-02
1.164000000e-03,-7.768348078e-01,-2.150711950e-03,-1.987917336e+00,7.746840958e-02,-7.746840958e-02
1.166000000e-03,-7.354815249e-01,-2.027639581e-03,-2.138756945e+00,7.334538853e-02,-7.334538853e-02
1.168000000e-03,-6.911872043e-01,-1.898042041e-03,-2.281055586e+00,6.892891623e-02,-6.892891623e-02
1.170000000e-03,-6.441289699e-01,-1.762630165e-03,-2.414243901e+00,6.423663397e-02,-6.423663397e-02
1.172000000e-03,-5.944949977e-01,-1.622127203e-03,-2.537788923e+00,5.928728705e-02,-5.928728705e-02
1.174000000e-03,-5.424837637e-01,-1.477265415e-03,-2.651196213e+00,5.410064983e-02,-5.410064983e-02
1.176000000e-03,-4.883032499e-01,-1.328782701e-03,-2.754011838e+00,4.869744672e-02,-4.869744672e-02
1.178000000e-03,-4.321701130e-01,-1.177419249e-03,-2.845824187e+00,4.309926938e-02,-4.309926938e-02
1.180000000e-03,-3.743088177e-01,-1.023914242e-03,-2.926265622e+00,3.732849035e-02,-3.732849035e-02
1.182000000e-03,-3.149507393e-01,-8.690026154e-04,-2.995013949e+00,3.140817367e-02,-3.140817367e-02
1.184000000e-03,-2.543332385e-01,-7.134118970e-04,-3.051793708e+00,2.536198266e-02,-2.536198266e-02
1.186000000e-03,-1.926987119e-01,-5.578591253e-04,-3.096377281e+00,1.921408527e-02,-1.921408527e-02
1.188000000e-03,-1.302936232e-01,-4.030478683e-04,-3.128585800e+00,1.298905753e-02,-1.298905753e-02
1.190000000e-03,-6.736751740e-02,-2.496653519e-04,-3.148289870e+00,6.711785205e-03,-6.711785205e-03
1.192000000e-03,-4.172022940e-03,-9.837970595e-05,-3.155410083e+00,4.073643235e-04,-4.073643235e-04
1.194000000e-03,5.904015457e-02,5.016265901e-05,-3.149917346e+00,-5.898999192e-03,5.898999192e-03
1.196000000e-03,1.220162428e-01,1.953395368e-04,-3.131832990e+00,-1.218209033e-02,1.218209033e-02
1.198000000e-03,1.845044134e-01,3.365552636e-04,-3.101228698e+00,-1.841678582e-02,1.841678582e-02
1.200000000e-03,2.462547893e-01,4.732429003e-04,-3.058226214e+00,-2.457815464e-02,2.457815464e-02
1.202000000e-03,3.070204435e-01,6.048662541e-04,-3.002996859e+00,-3.064155772e-02,3.064155772e-02
1.204000000e-03,3.665583868e-01,7.309217310e-04,-2.935760853e+00,-3.658274651e-02,3.658274651e-02
1.206000000e-03,4.246305393e-01,8.509400150e-04,-2.856786431e+00,-4.237795993e-02,4.237795993e-02
1.208000000e-03,4.810046827e-01,9.644875698e-04,-2.766388778e+00,-4.800401951e-02,4.800401951e-02
1.210000000e-03,5.354553883e-01,1.071167958e-03,-2.664928767e+00,-5.343842204e-02,5.343842204e-02
1.212000000e-03,5.877649193e-01,1.170622978e-03,-2.552811520e+00,-5.865942963e-02,5.865942963e-02
1.214000000e-03,6.377241006e-01,1.262533609e-03,-2.430484790e+00,-6.364615670e-02,6.364615670e-02
1.216000000e-03,6.851331558e-01,1.346620775e-03,-2.298437173e+00,-6.837865351e-02,6.837865351e-02
1.218000000e-03,7.298025061e-01,1.422645914e-03,-2.157196154e+00,-7.283798602e-02,7.283798602e-02
1.220000000e-03,7.715535280e-01,1.490411368e-03,-2.007326001e+00,-7.700631166e-02,7.700631166e-02
1.222000000e-03,8.102192677e-01,1.549760574e-03,-1.849425512e+00,-8.086695072e-02,8.086695072e-02
1.224000000e-03,8.456451092e-01,1.600578083e-03,-1.684125619e+00,-8.440445311e-02,8.440445311e-02
1.226000000e-03,8.776893917e-01,1.642789389e-03,-1.512086867e+00,-8.760466023e-02,8.760466023e-02
1.228000000e-03,9.062239770e-01,1.676360584e-03,-1.333996775e+00,-9.045476164e-02,9.045476164e-02
1.230000000e-03,9.311347610e-01,1.701297835e-03,-1.150567090e+00,-9.294334632e-02,9.294334632e-02
1.232000000e-03,9.523221308e-01,1.717646697e-03,-9.625309356e-01,-9.506044841e-02,9.506044841e-02
1.234000000e-03,9.697013625e-01,1.725491259e-03,-7.706398880e-01,-9.679758712e-02,9.679758712e-02
1.236000000e-03,9.832029601e-01,1.724953131e-03,-5.756609677e-01,-9.814780070e-02,9.814780070e-02
1.238000000e-03,9.927729336e-01,1.716190286e-03,-3.783735737e-01,-9.910567434e-02,9.910567433e-02
1.240000000e-03,9.983730147e-01,1.699395753e-03,-1.795663677e-01,-9.966736189e-02,9.966736189e-02
1.242000000e-03,9.999808097e-01,1.674796178e-03,1.996587948e-02,-9.983060135e-02,9.983060135e-02
1.244000000e-03,9.975898894e-01,1.642650256e-03,2.194254658e-01,-9.959472392e-02,9.959472392e-02
1.246000000e-03,9.912098147e-01,1.603247047e-03,4.180149477e-01,-9.896065677e-02,9.896065677e-02
1.248000000e-03,9.808660981e-01,1.556904178e-03,6.149403288e-01,-9.793091940e-02,9.793091939e-02
1.250000000e-03,9.666001020e-01,1.503965953e-03,8.094142352e-01,-9.650961361e-02,9.650961361e-02
1.252000000e-03,9.484688732e-01,1.444801364e-03,1.000659065e+00,-9.470240718e-02,9.470240718e-02
1.254000000e-03,9.265449146e-01,1.379802027e-03,1.187910095e+00,-9.251651125e-02,9.251651125e-02
1.256000000e-03,9.009158956e-01,1.309380051e-03,1.370418546e+00,-8.996065155e-02,8.996065155e-02
1.258000000e-03,8.716843013e-01,1.233965839e-03,1.547454569e+00,-8.704503355e-02,8.704503355e-02
1.260000000e-03,8.389670228e-01,1.154005848e-03,1.718310171e+00,-8.378130170e-02,8.378130170e-02
1.262000000e-03,8.028948897e-01,1.069960306e-03,1.882302045e+00,-8.018249294e-02,8.018249294e-02
1.264000000e-03,7.636121469e-01,9.823009060e-04,2.038774301e+00,-7.626298460e-02,7.626298460e-02
1.266000000e-03,7.212758780e-01,8.915084753e-04,2.187101093e+00,-7.203843696e-02,7.203843696e-02
1.268000000e-03,6.760553769e-01,7.980706453e-04,2.326689122e+00,-6.752573063e-02,6.752573063e-02
1.270000000e-03,6.281314710e-01,7.024795206e-04,2.456980009e+00,-6.274289915e-02,6.274289914e-02
1.272000000e-03,5.776957979e-01,6.052293635e-04,2.577452528e+00,-5.770905686e-02,5.770905685e-02
1.274000000e-03,5.249500395e-01,5.068143018e-04,2.687624695e+00,-5.244432252e-02,5.244432252e-02
1.276000000e-03,4.701051151e-01,4.077260706e-04,2.787055693e+00,-4.696973890e-02,4.696973890e-02
1.278000000e-03,4.133803381e-01,3.084517964e-04,2.875347638e+00,-4.130718863e-02,4.130718863e-02
1.280000000e-03,3.550025392e-01,2.094718346e-04,2.952147172e+00,-3.547930673e-02,3.547930673e-02
1.282000000e-03,2.952051589e-01,1.112576666e-04,3.017146876e+00,-2.950939012e-02,2.950939012e-02
1.284000000e-03,2.342273146e-01,1.426986794e-05,3.070086502e+00,-2.342130447e-02,2.342130447e-02
1.286000000e-03,1.723128439e-01,-8.104384689e-05,3.110754016e+00,-1.723938878e-02,1.723938878e-02
1.288000000e-03,1.097093301e-01,-1.742504945e-04,3.138986445e+00,-1.098835806e-02,1.098835806e-02
1.290000000e-03,4.666711145e-02,-2.649335997e-04,3.154670533e+00,-4.693204505e-03,4.693204505e-03
1.292000000e-03,-1.656171926e-02,-3.526948746e-04,3.157743193e+00,1.620902438e-03,-1.620902438e-03
1.294000000e-03,-7.972432310e-02,-4.371557918e-04,3.148191763e+00,7.928716731e-03,-7.928716730e-03
1.296000000e-03,-1.425681260e-01,-5.179590477e-04,3.126054056e+00,1.420501669e-02,-1.420501669e-02
1.298000000e-03,-2.048418285e-01,-5.947699095e-04,3.091418215e+00,2.042470586e-02,-2.042470586e-02
1.300000000e-03,-2.662964112e-01,-6.672774428e-04,3.044422355e+00,2.656291338e-02,-2.656291338e-02
1.302000000e-03,-3.266861300e-01,-7.351956145e-04,2.985254019e+00,3.259509344e-02,-3.259509344e-02
1.304000000e-03,-3.857694988e-01,-7.982642692e-04,2.914149426e+00,3.849712346e-02,-3.849712346e-02
1.306000000e-03,-4.433102557e-01,-8.562499754e-04,2.831392528e+00,4.424540058e-02,-4.424540057e-02
1.308000000e-03,-4.990783071e-01,-9.089467391e-04,2.737313876e+00,4.981693604e-02,-4.981693604e-02
1.310000000e-03,-5.528506481e-01,-9.561765845e-04,2.632289303e+00,5.518944716e-02,-5.518944715e-02
1.312000000e-03,-6.044122544e-01,-9.977900004e-04,2.516738417e+00,6.034144644e-02,-6.034144644e-02
1.314000000e-03,-6.535569418e-01,-1.033666251e-03,2.391122927e+00,6.525232756e-02,-6.525232756e-02
1.316000000e-03,-7.000881909e-01,-1.063713555e-03,2.255944800e+00,6.990244774e-02,-6.990244774e-02
1.318000000e-03,-7.438199330e-01,-1.087869125e-03,2.111744252e+00,7.427320639e-02,-7.427320639e-02
1.320000000e-03,-7.845772939e-01,-1.106099083e-03,1.959097588e+00,7.834711948e-02,-7.834711948e-02
1.322000000e-03,-8.221972933e-01,-1.118398240e-03,1.798614904e+00,8.210788951e-02,-8.210788951e-02
1.324000000e-03,-8.565294968e-01,-1.124789750e-03,1.630937641e+00,8.554047071e-02,-8.554047071e-02
1.326000000e-03,-8.874366170e-01,-1.125324641e-03,1.456736027e+00,8.863112924e-02,-8.863112924e-02
1.328000000e-03,-9.147950628e-01,-1.120081219e-03,1.276706394e+00,9.136749816e-02,-9.136749816e-02
1.330000000e-03,-9.384954334e-01,-1.109164368e-03,1.091568395e+00,9.373862690e-02,-9.373862690e-02
1.332000000e-03,-9.584429559e-01,-1.092704721e-03,9.020621289e-01,9.573502512e-02,-9.573502512e-02
1.334000000e-03,-9.745578644e-01,-1.070857742e-03,7.089451791e-01,9.734870067e-02,-9.734870067e-02
1.336000000e-03,-9.867757188e-01,-1.043802687e-03,5.129895858e-01,9.857319161e-02,-9.857319161e-02
1.338000000e-03,-9.950476622e-01,-1.011741487e-03,3.149787587e-01,9.940359208e-02,-9.940359208e-02
1.340000000e-03,-9.993406171e-01,-9.748975278e-04,1.157043450e-01,9.983657196e-02,-9.983657196e-02
1.342000000e-03,-9.996374167e-01,-9.335143555e-04,-8.403693603e-02,9.987039023e-02,-9.987039023e-02
1.344000000e-03,-9.959368741e-01,-8.878542980e-04,-2.834464792e-01,9.950490199e-02,-9.950490199e-02
1.346000000e-03,-9.882537872e-01,-8.381970220e-04,-4.817269862e-01,9.874155902e-02,-9.874155902e-02
1.348000000e-03,-9.766188790e-01,-7.848380255e-04,-6.780856542e-01,9.758340409e-02,-9.758340409e-02
1.350000000e-03,-9.610786749e-01,-7.280870754e-04,-8.717373462e-01,9.603505879e-02,-9.603505878e-02
1.352000000e-03,-9.416953172e-01,-6.682665977e-04,-1.061907730e+00,9.410270506e-02,-9.410270506e-02
1.354000000e-03,-9.185463157e-01,-6.057100288e-04,-1.247836377e+00,9.179406057e-02,-9.179406057e-02
1.356000000e-03,-8.917242386e-01,-5.407601334e-04,-1.428779800e+00,8.911834785e-02,-8.911834785e-02
1.358000000e-03,-8.613363418e-01,-4.737673001e-04,-1.604014429e+00,8.608625745e-02,-8.608625745e-02
1.360000000e-03,-8.275041400e-01,-4.050878193e-04,-1.772839504e+00,8.270990522e-02,-8.270990522e-02
1.362000000e-03,-7.903629214e-01,-3.350821535e-04,-1.934579880e+00,7.900278392e-02,-7.900278392e-02
1.364000000e-03,-7.500612058e-01,-2.641132077e-04,-2.088588722e+00,7.497970926e-02,-7.497970926e-02
1.366000000e-03,-7.067601514e-01,-1.925446059e-04,-2.234250099e+00,7.065676068e-02,-7.065676068e-02
1.368000000e-03,-6.606329102e-01,-1.207389834e-04,-2.370981441e+00,6.605121712e-02,-6.605121712e-02
1.370000000e-03,-6.118639354e-01,-4.905630076e-05,-2.498235875e+00,6.118148791e-02,-6.118148791e-02
1.372000000e-03,-5.606482441e-01,2.214781148e-05,-2.615504408e+00,5.606703919e-02,-5.606703919e-02
1.374000000e-03,-5.071906369e-01,9.252367250e-05,-2.722317967e+00,5.072831606e-02,-5.072831606e-02
1.376000000e-03,-4.517048800e-01,1.617291265e-04,-2.818249272e+00,4.518666091e-02,-4.518666091e-02
1.378000000e-03,-3.944128491e-01,2.294310677e-04,-2.902914548e+00,3.946422802e-02,-3.946422802e-02
1.380000000e-03,-3.355436434e-01,2.953069095e-04,-2.975975060e+00,3.358389503e-02,-3.358389503e-02
1.382000000e-03,-2.753326684e-01,3.590459898e-04,-3.037138468e+00,2.756917144e-02,-2.756917143e-02
1.384000000e-03,-2.140206953e-01,4.203509093e-04,-3.086159995e+00,2.144410462e-02,-2.144410462e-02
1.386000000e-03,-1.518528979e-01,4.789387954e-04,-3.122843413e+00,1.523318367e-02,-1.523318367e-02
1.388000000e-03,-8.907787247e-02,5.345424877e-04,-3.147041820e+00,8.961241495e-03,-8.961241495e-03
1.390000000e-03,-2.594664310e-02,5.869116407e-04,-3.158658237e+00,2.653355474e-03,-2.653355474e-03
1.392000000e-03,3.728834149e-02,6.358137391e-04,-3.157645988e+00,-3.665252776e-03,3.665252776e-03
1.394000000e-03,1.003742178e-01,6.810350218e-04,-3.144008898e+00,-9.969318275e-03,9.969318275e-03
1.396000000e-03,1.630587184e-01,7.223813124e-04,-3.117801267e+00,-1.623363371e-02,1.623363371e-02
1.398000000e-03,2.250911812e-01,7.596787517e-04,-3.079127665e+00,-2.243315024e-02,2.243315024e-02
1.400000000e-03,2.862235511e-01,7.927744318e-04,-3.028142505e+00,-2.854307767e-02,2.854307767e-02
1.402000000e-03,3.462113726e-01,8.215369277e-04,-2.965049435e+00,-3.453898357e-02,3.453898357e-02
1.404000000e-03,4.048147668e-01,8.458567268e-04,-2.890100519e+00,-4.039689101e-02,4.039689101e-02
1.406000000e-03,4.617993910e-01,8.656465543e-04,-2.803595230e+00,-4.609337445e-02,4.609337445e-02
1.408000000e-03,5.169373755e-01,8.808415942e-04,-2.705879258e+00,-5.160565339e-02,5.160565339e-02
1.410000000e-03,5.700082349e-01,8.913996056e-04,-2.597343123e+00,-5.691168353e-02,5.691168353e-02
1.412000000e-03,6.207997499e-01,8.973009357e-04,-2.478420619e+00,-6.199024490e-02,6.199024490e-02
1.414000000e-03,6.691088159e-01,8.985484283e-04,-2.349587075e+00,-6.682102675e-02,6.682102675e-02
1.416000000e-03,7.147422549e-01,8.951672316e-04,-2.211357461e+00,-7.138470877e-02,7.138470877e-02
1.418000000e-03,7.575175883e-01,8.872045050e-04,-2.064284323e+00,-7.566303838e-02,7.566303838e-02
1.420000000e-03,7.972637664e-01,8.747290281e-04,-1.908955580e+00,-7.963890374e-02,7.963890374e-02
1.422000000e-03,8.338218526e-01,8.578307143e-04,-1.745992171e+00,-8.329640219e-02,8.329640219e-02
1.424000000e-03,8.670456586e-01,8.366200315e-04,-1.576045571e+00,-8.662090385e-02,8.662090385e-02
1.426000000e-03,8.968023293e-01,8.112273341e-04,-1.399795190e+00,-8.959911020e-02,8.959911020e-02
1.428000000e-03,9.229728741e-01,7.818021088e-04,-1.217945653e+00,-9.221910720e-02,9.221910720e-02
1.430000000e-03,9.454526423e-01,7.485121399e-04,-1.031223987e+00,-9.447041302e-02,9.447041301e-02
1.432000000e-03,9.641517420e-01,7.115425966e-04,-8.403767096e-01,-9.634401995e-02,9.634401994e-02
1.434000000e-03,9.789953995e-01,6.710950485e-04,-6.461668480e-01,-9.783243045e-02,9.783243045e-02
1.436000000e-03,9.899242580e-01,6.273864135e-04,-4.493708859e-01,-9.892968716e-02,9.892968716e-02
1.438000000e-03,9.968946153e-01,5.806478437e-04,-2.507756595e-01,-9.963139675e-02,9.963139675e-02
1.440000000e-03,9.998785984e-01,5.311235539e-04,-5.117521130e-02,-9.993474749e-02,9.993474749e-02
1.442000000e-03,9.988642750e-01,4.790695998e-04,1.486323850e-01,-9.983852054e-02,9.983852054e-02
1.444000000e-03,9.938557011e-01,4.247526104e-04,3.478482156e-01,-9.934309485e-02,9.934309484e-02
1.446000000e-03,9.848729049e-01,3.684484816e-04,5.456757216e-01,-9.845044564e-02,9.845044564e-02
1.448000000e-03,9.719518069e-01,3.104410361e-04,7.413238837e-01,-9.716413658e-02,9.716413658e-02
1.450000000e-03,9.551440757e-01,2.510206564e-04,9.340103858e-01,-9.548930551e-02,9.548930551e-02
1.452000000e-03,9.345169221e-01,1.904828980e-04,1.122964743e+00,-9.343264392e-02,9.343264392e-02
1.454000000e-03,9.101528296e-01,1.291270871e-04,1.307431383e+00,-9.100237026e-02,9.100237026e-02
1.456000000e-03,8.821492253e-01,6.725491106e-05,1.486672669e+00,-8.820819704e-02,8.820819704e-02
1.458000000e-03,8.506180898e-01,5.169007223e-06,1.659971845e+00,-8.506129208e-02,8.506129208e-02
1.460000000e-03,8.156855094e-01,-5.682844407e-05,1.826635908e+00,-8.157423379e-02,8.157423379e-02
1.462000000e-03,7.774911724e-01,-1.184371151e-04,1.985998376e+00,-7.776096095e-02,7.776096095e-02
1.464000000e-03,7.361878098e-01,-1.793599093e-04,2.137421954e+00,-7.363671697e-02,7.363671697e-02
1.466000000e-03,6.919405854e-01,-2.393043173e-04,2.280301084e+00,-6.921798897e-02,6.921798897e-02
1.468000000e-03,6.449264344e-01,-2.979837432e-04,2.414064365e+00,-6.452244182e-02,6.452244182e-02
1.470000000e-03,5.953333568e-01,-3.551187970e-04,2.538176838e+00,-5.956884756e-02,5.956884756e-02
1.472000000e-03,5.433596649e-01,-4.104385460e-04,2.652142130e+00,-5.437701035e-02,5.437701035e-02
1.474000000e-03,4.892131908e-01,-4.636817212e-04,2.755504433e+00,-4.896768725e-02,4.896768725e-02
1.476000000e-03,4.331104548e-01,-5.145978732e-04,2.847850332e+00,-4.336250527e-02,4.336250527e-02
1.478000000e-03,3.752758003e-01,-5.629484724e-04,2.928810458e+00,-3.758387488e-02,3.758387487e-02
1.480000000e-03,3.159404958e-01,-6.085079492e-04,2.998060963e+00,-3.165490038e-02,3.165490038e-02
1.482000000e-03,2.553418111e-01,-6.510646700e-04,3.055324817e+00,-2.559928757e-02,2.559928757e-02
1.484000000e-03,1.937220675e-01,-6.904218454e-04,3.100372918e+00,-1.944124894e-02,1.944124894e-02
1.486000000e-03,1.313276697e-01,-7.263983663e-04,3.133025006e+00,-1.320540681e-02,1.320540681e-02
1.488000000e-03,6.840811985e-02,-7.588295645e-04,3.153150386e+00,-6.916694942e-03,6.916694942e-03
1.490000000e-03,5.215020166e-03,-7.875678962e-04,3.160668451e+00,-6.002588062e-04,6.002588062e-04
1.492000000e-03,-5.799893330e-02,-8.124835439e-04,3.155549004e+00,5.718644976e-03,-5.718644976e-03
1.494000000e-03,-1.209809611e-01,-8.334649363e-04,3.137812382e+00,1.201474962e-02,-1.201474962e-02
1.496000000e-03,-1.834792112e-01,-8.504191827e-04,3.107529371e+00,1.826287920e-02,-1.826287920e-02
1.498000000e-03,-2.452437661e-01,-8.632724220e-04,3.064820927e+00,2.443804937e-02,-2.443804937e-02
1.500000000e-03,-3.060276422e-01,-8.719700842e-04,3.009857692e+00,3.051556721e-02,-3.051556721e-02
1.502000000e-03,-3.655877774e-01,-8.764770634e-04,2.942859312e+00,3.647113003e-02,-3.647113003e-02
1.504000000e-03,-4.236860031e-01,-8.767778039e-04,2.864093559e+00,4.228092253e-02,-4.228092253e-02
1.506000000e-03,-4.800899966e-01,-8.728762968e-04,2.773875261e+00,4.792171203e-02,-4.792171203e-02
1.508000000e-03,-5.345742101e-01,-8.647959895e-04,2.672565044e+00,5.337094141e-02,-5.337094141e-02
1.510000000e-03,-5.869207725e-01,-8.525796089e-04,2.560567889e+00,5.860681929e-02,-5.860681929e-02
1.512000000e-03,-6.369203608e-01,-8.362888980e-04,2.438331516e+00,6.360840719e-02,-6.360840719e-02
1.514000000e-03,-6.843730371e-01,-8.160042689e-04,2.306344591e+00,6.835570328e-02,-6.835570328e-02
1.516000000e-03,-7.290890480e-01,-7.918243744e-04,2.165134773e+00,7.282972236e-02,-7.282972236e-02
1.518000000e-03,-7.708895834e-01,-7.638655984e-04,2.015266608e+00,7.701257178e-02,-7.701257178e-02
1.520000000e-03,-8.096074916e-01,-7.322614703e-04,1.857339266e+00,8.088752302e-02,-8.088752302e-02
1.522000000e-03,-8.450879480e-01,-6.971620049e-04,1.691984150e+00,8.443907860e-02,-8.443907860e-02
1.524000000e-03,-8.771890734e-01,-6.587329710e-04,1.519862370e+00,8.765303404e-02,-8.765303404e-02
1.526000000e-03,-9.057825021e-01,-6.171550927e-04,1.341662100e+00,9.051653471e-02,-9.051653471e-02
1.528000000e-03,-9.307538951e-01,-5.726231873e-04,1.158095825e+00,9.301812719e-02,-9.301812719e-02
1.530000000e-03,-9.520033968e-01,-5.253452438e-04,9.698974938e-01,9.514780515e-02,-9.514780515e-02
1.532000000e-03,-9.694460349e-01,-4.755414453e-04,7.778195851e-01,9.689704935e-02,-9.689704935e-02
1.534000000e-03,-9.830120600e-01,-4.234431417e-04,5.826300963e-01,9.825886169e-02,-9.825886169e-02
1.536000000e-03,-9.926472243e-01,-3.692917762e-04,3.851094744e-01,9.922779326e-02,-9.922779326e-02
1.538000000e-03,-9.983129989e-01,-3.133377700e-04,1.860474946e-01,9.979996611e-02,-9.979996611e-02
1.540000000e-03,-9.999867274e-01,-2.558393724e-04,-1.375989731e-02,9.997308880e-02,-9.997308880e-02
1.542000000e-03,-9.976617170e-01,-1.970614787e-04,-2.135137680e-01,9.974646555e-02,-9.974646555e-02
1.544000000e-03,-9.913472649e-01,-1.372744235e-04,-4.124153910e-01,9.912099904e-02,-9.912099904e-02
1.546000000e-03,-9.810686212e-01,-7.675275360e-05,-6.096694407e-01,9.809918685e-02,-9.809918685e-02
1.548000000e-03,-9.668668883e-01,-1.577398603e-05,-8.044871730e-01,9.668511143e-02,-9.668511143e-02
1.550000000e-03,-9.487988557e-01,4.538264249e-05,-9.960895786e-01,9.488442384e-02,-9.488442384e-02
1.552000000e-03,-9.269367739e-01,1.064374303e-04,-1.183710499e+00,9.270432113e-02,-9.270432113e-02
1.554000000e-03,-9.013680647e-01,1.671114636e-04,-1.366599689e+00,9.015351762e-02,-9.015351762e-02
1.556000000e-03,-8.721949721e-01,2.271278616e-04,-1.544025819e+00,8.724221000e-02,-8.724221000e-02
1.558000000e-03,-8.395341532e-01,2.862130093e-04,-1.715279397e+00,8.398203663e-02,-8.398203662e-02
1.560000000e-03,-8.035162119e-01,3.440977722e-04,-1.879675609e+00,8.038603097e-02,-8.038603097e-02
1.562000000e-03,-7.642851764e-01,4.005186875e-04,-2.036557052e+00,7.646856951e-02,-7.646856951e-02
1.564000000e-03,-7.219979234e-01,4.552191270e-04,-2.185296372e+00,7.224531425e-02,-7.224531425e-02
1.566000000e-03,-6.768235509e-01,5.079504265e-04,-2.325298762e+00,6.773315013e-02,-6.773315013e-02
1.568000000e-03,-6.289427018e-01,5.584729777e-04,-2.456004350e+00,6.295011748e-02,-6.295011748e-02
1.570000000e-03,-5.785468417e-01,6.065572759e-04,-2.576890433e+00,5.791533990e-02,-5.791533989e-02
1.572000000e-03,-5.258374930e-01,6.519849220e-04,-2.687473569e+00,5.264894780e-02,-5.264894780e-02
1.574000000e-03,-4.710254297e-01,6.945495720e-04,-2.787311512e+00,4.717199792e-02,-4.717199792e-02
1.576000000e-03,-4.143298336e-01,7.340578317e-04,-2.876004975e+00,4.150638914e-02,-4.150638914e-02
1.578000000e-03,-3.559774186e-01,7.703300920e-04,-2.953199234e+00,3.567477487e-02,-3.567477487e-02
1.580000000e-03,-2.962015240e-01,8.032013019e-04,-3.018585543e+00,2.970047253e-02,-2.970047253e-02
1.582000000e-03,-2.352411812e-01,8.325216752e-04,-3.071902371e+00,2.360737028e-02,-2.360737028e-02
1.584000000e-03,-1.733401577e-01,8.581573299e-04,-3.112936444e+00,1.741983151e-02,-1.741983151e-02
1.586000000e-03,-1.107459831e-01,8.799908549e-04,-3.141523604e+00,1.116259739e-02,-1.116259739e-02
1.588000000e-03,-4.770895828e-02,8.979218045e-04,-3.157549461e+00,4.860688009e-03,-4.860688009e-03
1.590000000e-03,1.551884473e-02,9.118671172e-04,-3.160949852e+00,-1.460697761e-03,1.460697761e-03
1.592000000e-03,7.868459111e-02,9.217614572e-04,-3.151711101e+00,-7.776282965e-03,7.776282965e-03
1.594000000e-03,1.415356942e-01,9.275574789e-04,-3.129870069e+00,-1.406081367e-02,1.406081367e-02
1.596000000e-03,2.038208254e-01,9.292260108e-04,-3.095514011e+00,-2.028915994e-02,2.028915994e-02
1.598000000e-03,2.652909196e-01,9.267561610e-04,-3.048780227e+00,-2.643641635e-02,2.643641635e-02
1.600000000e-03,3.257001706e-01,9.201553421e-04,-2.989855509e+00,-3.247800152e-02,3.247800152e-02
1.602000000e-03,3.848070143e-01,9.094492168e-04,-2.918975400e+00,-3.838975651e-02,3.838975651e-02
1.604000000e-03,4.423750948e-01,8.946815635e-04,-2.836423250e+00,-4.414804133e-02,4.414804133e-02
1.606000000e-03,4.981742094e-01,8.759140643e-04,-2.742529084e+00,-4.972982953e-02,4.972982953e-02
1.608000000e-03,5.519812289e-01,8.532260146e-04,-2.637668279e+00,-5.511280028e-02,5.511280028e-02
1.610000000e-03,6.035809902e-01,8.267139575e-04,-2.522260071e+00,-6.027542763e-02,6.027542763e-02
1.612000000e-03,6.527671568e-01,7.964912433e-04,-2.396765871e+00,-6.519706655e-02,6.519706655e-02
1.614000000e-03,6.993430432e-01,7.626875175e-04,-2.261687423e+00,-6.985803557e-02,6.985803557e-02
1.616000000e-03,7.431224023e-01,7.254481386e-04,-2.117564800e+00,-7.423969541e-02,7.423969541e-02
1.618000000e-03,7.839301694e-01,6.849335289e-04,-1.964974243e+00,-7.832452359e-02,7.832452359e-02
1.620000000e-03,8.216031629e-01,6.413184615e-04,-1.804525856e+00,-8.209618445e-02,8.209618444e-02
1.622000000e-03,8.559907362e-01,5.947912856e-04,-1.636861167e+00,-8.553959449e-02,8.553959449e-02
1.624000000e-03,8.869553806e-01,5.455530954e-04,-1.462650565e+00,-8.864098275e-02,8.864098275e-02
1.626000000e-03,9.143732750e-01,4.938168443e-04,-1.282590617e+00,-9.138794581e-02,9.138794581e-02
1.628000000e-03,9.381347807e-01,4.398064096e-04,-1.097401284e+00,-9.376949743e-02,9.376949743e-02
1.630000000e-03,9.581448807e-01,3.837556118e-04,-9.078230404e-01,-9.577611251e-02,9.577611251e-02
1.632000000e-03,9.743235585e-01,3.259071919e-04,-7.146139166e-01,-9.739976513e-02,9.739976513e-02
1.634000000e-03,9.866061191e-01,2.665117521e-04,-5.185464647e-01,-9.863396074e-02,9.863396074e-02
1.636000000e-03,9.949434471e-01,2.058266642e-04,-3.204046709e-01,-9.947376204e-02,9.947376204e-02
1.638000000e-03,9.993022031e-01,1.441149499e-04,-1.209808204e-01,-9.991580882e-02,9.991580881e-02
1.640000000e-03,9.996649575e-01,8.164413921e-05,7.892767118e-02,-9.995833134e-02,9.995833133e-02
1.642000000e-03,9.960302596e-01,1.868511022e-05,2.785214457e-01,-9.960115745e-02,9.960115745e-02
1.644000000e-03,9.884126439e-01,-4.448908363e-05,4.770023993e-01,-9.884571330e-02,9.884571330e-02
1.646000000e-03,9.768425717e-01,-1.076043941e-04,6.735768740e-01,-9.769501761e-02,9.769501761e-02
1.648000000e-03,9.613663092e-01,-1.703869613e-04,8.674588310e-01,-9.615366961e-02,9.615366961e-02
1.650000000e-03,9.420457427e-01,-2.325642952e-04,1.057872994e+00,-9.422783070e-02,9.422783070e-02
1.652000000e-03,9.189581313e-01,-2.938664488e-04,1.244057950e+00,-9.192519978e-02,9.192519978e-02
1.654000000e-03,8.921957975e-01,-3.540271798e-04,1.425269191e+00,-8.925498247e-02,8.925498247e-02
1.656000000e-03,8.618657583e-01,-4.127850944e-04,1.600782098e+00,-8.622785434e-02,8.622785434e-02
1.658000000e-03,8.280892971e-01,-4.698847701e-04,1.769894831e+00,-8.285591819e-02,8.285591819e-02
1.660000000e-03,7.910014791e-01,-5.250778500e-04,1.931931140e+00,-7.915265570e-02,7.915265569e-02
1.662000000e-03,7.507506107e-01,-5.781241070e-04,2.086243067e+00,-7.513287348e-02,7.513287348e-02
1.664000000e-03,7.074976468e-01,-6.287924720e-04,2.232213541e+00,-7.081264393e-02,7.081264392e-02
1.666000000e-03,6.614155469e-01,-6.768620208e-04,2.369258840e+00,-6.620924089e-02,6.620924089e-02
1.668000000e-03,6.126885839e-01,-7.221229181e-04,2.496830930e+00,-6.134107068e-02,6.134107068e-02
1.670000000e-03,5.615116066e-01,-7.643773122e-04,2.614419655e+00,-5.622759839e-02,5.622759839e-02
1.672000000e-03,5.080892612e-01,-8.034401777e-04,2.721554777e+00,-5.088927014e-02,5.088927014e-02
1.674000000e-03,4.526351725e-01,-8.391401039e-04,2.817807856e+00,-4.534743127e-02,4.534743126e-02
1.676000000e-03,3.953710900e-01,-8.713200227e-04,2.902793965e+00,-3.962424100e-02,3.962424100e-02
1.678000000e-03,3.365260007e-01,-8.998378759e-04,2.976173227e+00,-3.374258385e-02,3.374258385e-02
1.680000000e-03,2.763352139e-01,-9.245672179e-04,3.037652177e+00,-2.772597811e-02,2.772597811e-02
1.682000000e-03,2.150394200e-01,-9.453977510e-04,3.086984935e+00,-2.159848178e-02,2.159848178e-02
1.684000000e-03,1.528837283e-01,-9.622357921e-04,3.123974188e+00,-1.538459641e-02,1.538459641e-02
1.686000000e-03,9.011668628e-02,-9.750046678e-04,3.148471979e+00,-9.109169094e-03,9.109169094e-03
1.688000000e-03,2.698928641e-02,-9.836450377e-04,3.160380303e+00,-2.797293145e-03,2.797293145e-03
1.690000000e-03,-3.624603800e-02,-9.881151433e-04,3.159651494e+00,3.525792286e-03,-3.525792286e-03
1.692000000e-03,-9.933642205e-02,-9.883909820e-04,3.146288418e+00,9.834803107e-03,-9.834803106e-03
1.694000000e-03,-1.620295804e-01,-9.844664066e-04,3.120344463e+00,1.610451140e-02,-1.610451140e-02
1.696000000e-03,-2.240748162e-01,-9.763531477e-04,3.081923322e+00,2.230984630e-02,-2.230984630e-02
1.698000000e-03,-2.852240233e-01,-9.640807614e-04,3.031178583e+00,2.842599426e-02,-2.842599426e-02
1.700000000e-03,-3.452326790e-01,-9.476965015e-04,2.968313113e+00,3.442849825e-02,-3.442849825e-02
1.702000000e-03,-4.038608209e-01,-9.272651161e-04,2.893578246e+00,4.029335558e-02,-4.029335558e-02
1.704000000e-03,-4.608740075e-01,-9.028685713e-04,2.807272780e+00,4.599711389e-02,-4.599711389e-02
1.706000000e-03,-5.160442547e-01,-8.746057018e-04,2.709741781e+00,5.151696490e-02,-5.151696490e-02
1.708000000e-03,-5.691509484e-01,-8.425917907e-04,2.601375204e+00,5.683083566e-02,-5.683083566e-02
1.710000000e-03,-6.199817257e-01,-8.069580796e-04,2.482606335e+00,6.191747676e-02,-6.191747676e-02
1.712000000e-03,-6.683333251e-01,-7.678512126e-04,2.353910055e+00,6.675654739e-02,-6.675654739e-02
1.714000000e-03,-7.140123985e-01,-7.254326146e-04,2.215800946e+00,7.132869659e-02,-7.132869659e-02
1.716000000e-03,-7.568362849e-01,-6.798778087e-04,2.068831229e+00,7.561564071e-02,-7.561564071e-02
1.718000000e-03,-7.966337404e-01,-6.313756734e-04,1.913588560e+00,7.960023647e-02,-7.960023647e-02
1.720000000e-03,-8.332456232e-01,-5.801276451e-04,1.750693676e+00,8.326654956e-02,-8.326654956e-02
1.722000000e-03,-8.665255301e-01,-5.263468677e-04,1.580797917e+00,8.659991833e-02,-8.659991833e-02
1.724000000e-03,-8.963403817e-01,-4.702572930e-04,1.404580619e+00,8.958701244e-02,-8.958701244e-02
1.726000000e-03,-9.225709545e-01,-4.120927369e-04,1.222746399e+00,9.221588618e-02,-9.221588618e-02
1.728000000e-03,-9.451123580e-01,-3.520958939e-04,1.036022335e+00,9.447602621e-02,-9.447602621e-02
1.730000000e-03,-9.638744537e-01,-2.905173153e-04,8.451550634e-01,9.635839364e-02,-9.635839364e-02
1.732000000e-03,-9.787822160e-01,-2.276143549e-04,6.509077880e-01,9.785546016e-02,-9.785546016e-02
1.734000000e-03,-9.897760318e-01,-1.636500860e-04,4.540572321e-01,9.896123817e-02,-9.896123817e-02
1.736000000e-03,-9.968119391e-01,-9.889219559e-05,2.553905312e-01,9.967130469e-02,-9.967130469e-02
1.738000000e-03,-9.998618027e-01,-3.361185972e-05,5.570208547e-02,9.998281909e-02,-9.998281909e-02
1.740000000e-03,-9.989134271e-01,3.191739586e-05,-1.442096167e-01,9.989453445e-02,-9.989453445e-02
1.742000000e-03,-9.939706043e-01,9.742084384e-05,-3.435451916e-01,9.940680252e-02,-9.940680252e-02
1.744000000e-03,-9.850530999e-01,1.626237083e-04,-5.415075568e-01,9.852157236e-02,-9.852157236e-02
1.746000000e-03,-9.721965731e-01,2.272523171e-04,-7.373051185e-01,9.724238254e-02,-9.724238254e-02
1.748000000e-03,-9.554524343e-01,2.910352500e-04,-9.301549369e-01,9.557434696e-02,-9.557434696e-02
1.750000000e-03,-9.348876400e-01,3.537044753e-04,-1.119285857e+00,9.352413445e-02,-9.352413445e-02
1.752000000e-03,-9.105844245e-01,4.149964738e-04,-1.303941592e+00,9.109994210e-02,-9.109994210e-02
1.754000000e-03,-8.826399713e-01,4.746533421e-04,-1.483383749e+00,8.831146246e-02,-8.831146246e-02
1.756000000e-03,-8.511660244e-01,5.324238723e-04,-1.656894779e+00,8.516984483e-02,-8.516984483e-02
1.758000000e-03,-8.162884416e-01,5.880646038e-04,-1.823780849e+00,8.168765062e-02,-8.168765062e-02
1.760000000e-03,-7.781466911e-01,6.413408420e-04,-1.983374615e+00,7.787880320e-02,-7.787880320e-02
1.762000000e-03,-7.368932939e-01,6.920276400e-04,-2.135037890e+00,7.375853216e-02,-7.375853216e-02
1.764000000e-03,-6.926932137e-01,7.399107396e-04,-2.278164199e+00,6.934331244e-02,-6.934331244e-02
1.766000000e-03,-6.457231974e-01,7.847874672e-04,-2.412181201e+00,6.465079848e-02,-6.465079848e-02
1.768000000e-03,-5.961710683e-01,8.264675812e-04,-2.536552979e+00,5.969975359e-02,-5.969975359e-02
1.770000000e-03,-5.442349751e-01,8.647740671e-04,-2.650782183e+00,5.450997492e-02,-5.450997492e-02
1.772000000e-03,-4.901225995e-01,8.995438781e-04,-2.754412021e+00,4.910221434e-02,-4.910221433e-02
1.774000000e-03,-4.340503255e-01,9.306286160e-04,-2.847028081e+00,4.349809541e-02,-4.349809541e-02
1.776000000e-03,-3.762423746e-01,9.578951520e-04,-2.928259992e+00,3.772002697e-02,-3.772002697e-02
1.778000000e-03,-3.169299086e-01,9.812261833e-04,-2.997782905e+00,3.179111348e-02,-3.179111348e-02
1.780000000e-03,-2.563501059e-01,1.000520724e-03,-3.055318790e+00,2.573506266e-02,-2.573506266e-02
1.782000000e-03,-1.947452124e-01,1.015694528e-03,-3.100637550e+00,1.957609070e-02,-1.957609070e-02
1.784000000e-03,-1.323615734e-01,1.026680441e-03,-3.133557940e+00,1.333882538e-02,-1.333882538e-02
1.786000000e-03,-6.944864789e-02,1.033428686e-03,-3.153948292e+00,7.048207657e-03,-7.048207657e-03
1.788000000e-03,-6.258011717e-03,1.035907066e-03,-3.161727043e+00,7.293918784e-04,-7.293918783e-04
1.790000000e-03,5.695764894e-02,1.034101109e-03,-3.156863059e+00,-5.592354783e-03,5.592354783e-03
1.792000000e-03,1.199455478e-01,1.028014127e-03,-3.139375761e+00,-1.189175337e-02,1.189175337e-02
1.794000000e-03,1.824538094e-01,1.017667203e-03,-3.109335048e+00,-1.814361422e-02,1.814361422e-02
1.796000000e-03,2.442324761e-01,1.003099113e-03,-3.066861016e+00,-2.432293770e-02,2.432293770e-02
1.798000000e-03,3.050345080e-01,9.843661606e-04,-3.012123480e+00,-3.040501418e-02,3.040501418e-02
1.800000000e-03,3.646167703e-01,9.615419538e-04,-2.945341293e+00,-3.636552283e-02,3.636552283e-02
1.802000000e-03,4.227410060e-01,9.347170982e-04,-2.866781471e+00,-4.218062889e-02,4.218062889e-02
1.804000000e-03,4.791747883e-01,9.039988267e-04,-2.776758129e+00,-4.782707895e-02,4.782707895e-02
1.806000000e-03,5.336924503e-01,8.695105580e-04,-2.675631219e+00,-5.328229398e-02,5.328229398e-02
1.808000000e-03,5.860759873e-01,8.313913885e-04,-2.563805096e+00,-5.852445959e-02,5.852445959e-02
1.810000000e-03,6.361159282e-01,7.897955193e-04,-2.441726899e+00,-6.353261327e-02,6.353261327e-02
1.812000000e-03,6.836121739e-01,7.448916216e-04,-2.309884763e+00,-6.828672823e-02,6.828672823e-02
1.814000000e-03,7.283747967e-01,6.968621408e-04,-2.168805867e+00,-7.276779345e-02,7.276779345e-02
1.816000000e-03,7.702248001e-01,6.459025457e-04,-2.019054329e+00,-7.695788976e-02,7.695788976e-02
1.818000000e-03,8.089948348e-01,5.922205222e-04,-1.861228944e+00,-8.084026143e-02,8.084026143e-02
1.820000000e-03,8.445298674e-01,5.360351179e-04,-1.695960796e+00,-8.439938323e-02,8.439938323e-02
1.822000000e-03,8.766878008e-01,4.775758393e-04,-1.523910732e+00,-8.762102250e-02,8.762102249e-02
1.824000000e-03,9.053400420e-01,4.170817058e-04,-1.345766718e+00,-9.049229603e-02,9.049229603e-02
1.826000000e-03,9.303720166e-01,3.548002652e-04,-1.162241091e+00,-9.300172164e-02,9.300172164e-02
1.828000000e-03,9.516836271e-01,2.909865735e-04,-9.740677080e-01,-9.513926405e-02,9.513926405e-02
1.830000000e-03,9.691896527e-01,2.259021442e-04,-7.819990135e-01,-9.689637506e-02,9.689637506e-02
1.832000000e-03,9.828200905e-01,1.598138708e-04,-5.868030293e-01,-9.826602766e-02,9.826602766e-02
1.834000000e-03,9.925204352e-01,9.299292722e-05,-3.892602843e-01,-9.924274422e-02,9.924274422e-02
1.836000000e-03,9.982518971e-01,2.571365144e-05,-1.901606927e-01,-9.982261834e-02,9.982261834e-02
1.838000000e-03,9.999915572e-01,-4.174758499e-05,9.699604125e-03,-1.000033305e-01,1.000033305e-01
1.840000000e-03,9.977324592e-01,-1.091135148e-04,2.095214215e-01,-9.978415727e-02,9.978415727e-02
1.842000000e-03,9.914836366e-01,-1.761071169e-04,4.085057272e-01,-9.916597437e-02,9.916597437e-02
1.844000000e-03,9.812700771e-01,-2.424527570e-04,6.058568363e-01,-9.815125299e-02,9.815125298e-02
1.846000000e-03,9.671326227e-01,-3.078773222e-04,8.007855932e-01,-9.674405000e-02,9.674405000e-02
1.848000000e-03,9.491278061e-01,-3.721113461e-04,9.925125274e-01,-9.494999174e-02,9.494999174e-02
1.850000000e-03,9.273276248e-01,-4.348901172e-04,1.180270970e+00,-9.277625149e-02,9.277625149e-02
1.852000000e-03,9.018192533e-01,-4.959547694e-04,1.363310120e+00,-9.023152080e-02,9.023152080e-02
1.854000000e-03,8.727046941e-01,-5.550533471e-04,1.540898045e+00,-8.732597474e-02,8.732597474e-02
1.856000000e-03,8.401003704e-01,-6.119418429e-04,1.712324613e+00,-8.407123122e-02,8.407123122e-02
1.858000000e-03,8.041366600e-01,-6.663852012e-04,1.876904323e+00,-8.048030452e-02,8.048030452e-02
1.860000000e-03,7.649573744e-01,-7.181582868e-04,2.033979057e+00,-7.656755327e-02,7.656755327e-02
1.862000000e-03,7.227191833e-01,-7.670468111e-04,2.182920702e+00,-7.234862302e-02,7.234862301e-02
1.864000000e-03,6.775909886e-01,-8.128482145e-04,2.323133670e+00,-6.784038368e-02,6.784038368e-02
1.866000000e-03,6.297532485e-01,-8.553725008e-04,2.454057272e+00,-6.306086210e-02,6.306086210e-02
1.868000000e-03,5.793972560e-01,-8.944430192e-04,2.575167967e+00,-5.802916991e-02,5.802916991e-02
1.870000000e-03,5.267243745e-01,-9.298971926e-04,2.685981451e+00,-5.276542717e-02,5.276542717e-02
1.872000000e-03,4.719452318e-01,-9.615871874e-04,2.786054595e+00,-4.729068190e-02,4.729068190e-02
1.874000000e-03,4.152788782e-01,-9.893805227e-04,2.874987218e+00,-4.162682588e-02,4.162682588e-02
1.876000000e-03,3.569519108e-01,-1.013160618e-03,2.952423685e+00,-3.579650715e-02,3.579650714e-02
1.878000000e-03,2.971975670e-01,-1.032827272e-03,3.018054334e+00,-2.982303942e-02,2.982303942e-02
1.880000000e-03,2.362547919e-01,-1.048297082e-03,3.071616707e+00,-2.373030890e-02,2.373030889e-02
1.882000000e-03,1.743672830e-01,-1.059503783e-03,3.112896606e+00,-1.754267868e-02,1.754267868e-02
1.884000000e-03,1.117825156e-01,-1.066398527e-03,3.141728946e+00,-1.128489141e-02,1.128489141e-02
1.886000000e-03,4.875075321e-02,-1.068950088e-03,3.157998418e+00,-4.981970329e-03,4.981970329e-03
1.888000000e-03,-1.447595332e-02,-1.067144990e-03,3.161639947e+00,1.340880833e-03,-1.340880833e-03
1.890000000e-03,-7.764477352e-02,-1.060987568e-03,3.152638955e+00,7.658378595e-03,-7.658378595e-03
1.892000000e-03,-1.405031084e-01,-1.050499957e-03,3.131031418e+00,1.394526085e-02,-1.394526085e-02
1.894000000e-03,-2.027996006e-01,-1.035722001e-03,3.096903722e+00,2.017638786e-02,-2.017638786e-02
1.896000000e-03,-2.642851394e-01,-1.016711096e-03,3.050392318e+00,2.632684283e-02,-2.632684283e-02
1.898000000e-03,-3.247138569e-01,-9.935419628e-04,2.991683177e+00,3.237203149e-02,-3.237203149e-02
1.900000000e-03,-3.838441112e-01,-9.663063386e-04,2.921011047e+00,3.828778048e-02,-3.828778048e-02
1.902000000e-03,-4.414394527e-01,-9.351126120e-04,2.838658512e+00,4.405043401e-02,-4.405043401e-02
1.904000000e-03,-4.972695697e-01,-9.000853810e-04,2.744954864e+00,4.963694843e-02,-4.963694843e-02
1.906000000e-03,-5.511112091e-01,-8.613649488e-04,2.640274785e+00,5.502498442e-02,-5.502498442e-02
1.908000000e-03,-6.027490694e-01,-8.191067540e-04,2.525036850e+00,6.019299627e-02,-6.019299627e-02
1.910000000e-03,-6.519766616e-01,-7.734807393e-04,2.399701854e+00,6.512031808e-02,-6.512031808e-02
1.912000000e-03,-6.985971347e-01,-7.246706614e-04,2.264770967e+00,6.978724640e-02,-6.978724640e-02
1.914000000e-03,-7.424240631e-01,-6.728733440e-04,2.120783730e+00,7.417511898e-02,-7.417511898e-02
1.916000000e-03,-7.832821922e-01,-6.182978773e-04,1.968315902e+00,7.826638943e-02,-7.826638943e-02
1.918000000e-03,-8.210081387e-01,-5.611647685e-04,1.807977152e+00,8.204469739e-02,-8.204469739e-02
1.920000000e-03,-8.554510444e-01,-5.017050441e-04,1.640408625e+00,8.549493394e-02,-8.549493394e-02
1.922000000e-03,-8.864731793e-01,-4.401593108e-04,1.466280377e+00,8.860330200e-02,-8.860330200e-02
1.924000000e-03,-9.139504924e-01,-3.767767764e-04,1.286288693e+00,9.135737156e-02,-9.135737156e-02
1.926000000e-03,-9.377731076e-01,-3.118142359e-04,1.101153309e+00,9.374612933e-02,-9.374612933e-02
1.928000000e-03,-9.578457631e-01,-2.455350264e-04,9.116145287e-01,9.576002281e-02,-9.576002281e-02
1.930000000e-03,-9.740881927e-01,-1.782079560e-04,7.184302637e-01,9.739099847e-02,-9.739099847e-02
1.932000000e-03,-9.864354462e-01,-1.101062095e-04,5.223730052e-01,9.863253400e-02,-9.863253400e-02
1.934000000e-03,-9.948381495e-01,-4.150623668e-05,3.242267336e-01,9.947966433e-02,-9.947966433e-02
1.936000000e-03,-9.992627020e-01,2.731337264e-05,1.247837833e-01,9.992900154e-02,-9.992900154e-02
1.938000000e-03,-9.996914108e-01,9.607302258e-05,-7.515832505e-02,9.997874838e-02,-9.997874838e-02
1.940000000e-03,-9.961225616e-01,1.644932492e-04,-2.748000740e-01,9.962870548e-02,-9.962870548e-02
1.942000000e-03,-9.885704254e-01,2.322958578e-04,-4.733431461e-01,9.888027213e-02,-9.888027213e-02
1.944000000e-03,-9.770652018e-01,2.992050556e-04,-6.699936166e-01,9.773644068e-02,-9.773644068e-02
1.946000000e-03,-9.616528976e-01,3.649485743e-04,-8.639651277e-01,9.620178462e-02,-9.620178462e-02
1.948000000e-03,-9.423951435e-01,4.292587781e-04,-1.054482033e+00,9.428244023e-02,-9.428244023e-02
1.950000000e-03,-9.193689472e-01,4.918737538e-04,-1.240782501e+00,9.198608210e-02,-9.198608210e-02
1.952000000e-03,-8.926663858e-01,5.525383766e-04,-1.422121557e+00,8.932189242e-02,-8.932189242e-02
1.954000000e-03,-8.623942372e-01,6.110053492e-04,-1.597774068e+00,8.630052425e-02,-8.630052425e-02
1.956000000e-03,-8.286735533e-01,6.670362087e-04,-1.767037638e+00,8.293405896e-02,-8.293405895e-02
1.958000000e-03,-7.916391763e-01,7.204022975e-04,-1.929235417e+00,7.923595786e-02,-7.923595786e-02
1.960000000e-03,-7.514391989e-01,7.708856949e-04,-2.083718811e+00,7.522100846e-02,-7.522100846e-02
1.962000000e-03,-7.082343725e-01,8.182801049e-04,-2.229870071e+00,7.090526526e-02,-7.090526526e-02
1.964000000e-03,-6.621974641e-01,8.623916960e-04,-2.367104768e+00,6.630598558e-02,-6.630598558e-02
1.966000000e-03,-6.135125657e-01,9.030398921e-04,-2.494874126e+00,6.144156056e-02,-6.144156056e-02
1.968000000e-03,-5.623743583e-01,9.400581079e-04,-2.612667219e+00,5.633144164e-02,-5.633144164e-02
1.970000000e-03,-5.089873327e-01,9.732944286e-04,-2.720013012e+00,5.099606272e-02,-5.099606272e-02
1.972000000e-03,-4.535649727e-01,1.002612229e-03,-2.816482247e+00,4.545675849e-02,-4.545675849e-02
1.974000000e-03,-3.963289007e-01,1.027890734e-03,-2.901689157e+00,3.973567914e-02,-3.973567914e-02
1.976000000e-03,-3.375079918e-01,1.049025506e-03,-2.975293013e+00,3.385570174e-02,-3.385570173e-02
1.978000000e-03,-2.773374587e-01,1.065928879e-03,-3.036999479e+00,2.784033876e-02,-2.784033876e-02
1.980000000e-03,-2.160579108e-01,1.078530314e-03,-3.086561798e+00,2.171364411e-02,-2.171364411e-02
1.982000000e-03,-1.539143923e-01,1.086776688e-03,-3.123781772e+00,1.550011689e-02,-1.550011689e-02
1.984000000e-03,-9.115540205e-02,1.090632516e-03,-3.148510556e+00,9.224603457e-03,-9.224603457e-03
1.986000000e-03,-2.803190036e-02,1.090080096e-03,-3.160649258e+00,2.912198045e-03,-2.912198045e-03
1.988000000e-03,3.520369508e-02,1.085119584e-03,-3.160149326e+00,-3.411857550e-03,3.411857550e-03
1.990000000e-03,9.829851826e-02,1.075768999e-03,-3.147012750e+00,-9.722274926e-03,9.722274926e-03
1.992000000e-03,1.610002661e-01,1.062064153e-03,-3.121292051e+00,-1.599382020e-02,1.599382020e-02
1.994000000e-03,2.230582074e-01,1.044058508e-03,-3.083090068e+00,-2.220141489e-02,2.220141489e-02
1.996000000e-03,2.842241853e-01,1.021822962e-03,-3.032559554e+00,-2.832023623e-02,2.832023623e-02
1.998000000e-03,3.442536098e-01,9.954455695e-04,-2.969902558e+00,-3.432581642e-02,3.432581642e-02
2.000000000e-03,4.029064357e-01,9.650311838e-04,-2.895369620e+00,-4.019414045e-02,4.019414045e-02
2.002000000e-03,4.599481226e-01,9.307010370e-04,-2.809258773e+00,-4.590174216e-02,4.590174216e-02
2.004000000e-03,5.151505726e-01,8.925922521e-04,-2.711914343e+00,-5.142579804e-02,5.142579804e-02
2.006000000e-03,5.682930426e-01,8.508572907e-04,-2.603725579e+00,-5.674421854e-02,5.674421854e-02
2.008000000e-03,6.191630270e-01,8.056633383e-04,-2.485125094e+00,-6.183573637e-02,6.183573637e-02
2.010000000e-03,6.675571072e-01,7.571916304e-04,-2.356587136e+00,-6.667999156e-02,6.667999156e-02
2.012000000e-03,7.132817654e-01,7.056367212e-04,-2.218625690e+00,-7.125761287e-02,7.125761286e-02
2.014000000e-03,7.561541581e-01,6.512056987e-04,-2.071792424e+00,-7.555029524e-02,7.555029524e-02
2.016000000e-03,7.960028477e-01,5.941173489e-04,-1.916674484e+00,-7.954087303e-02,7.954087303e-02
2.018000000e-03,8.326684874e-01,5.346012725e-04,-1.753892142e+00,-8.321338862e-02,8.321338861e-02
2.020000000e-03,8.660044591e-01,4.728969578e-04,-1.584096322e+00,-8.655315621e-02,8.655315621e-02
2.022000000e-03,8.958774590e-01,4.092528135e-04,-1.407965991e+00,-8.954682062e-02,8.954682062e-02
2.024000000e-03,9.221680314e-01,3.439251656e-04,-1.226205450e+00,-9.218241062e-02,9.218241062e-02
2.026000000e-03,9.447710455e-01,2.771772219e-04,-1.039541510e+00,-9.444938683e-02,9.444938683e-02
2.028000000e-03,9.635961168e-01,2.092780086e-04,-8.487205936e-01,-9.633868388e-02,9.633868388e-02
2.030000000e-03,9.785679677e-01,1.405012835e-04,-6.545057458e-01,-9.784274664e-02,9.784274664e-02
2.032000000e-03,9.896267287e-01,7.112443004e-05,-4.576735832e-01,-9.895556043e-02,9.895556043e-02
2.034000000e-03,9.967281784e-01,1.427336143e-06,-2.590111894e-01,-9.967267511e-02,9.967267510e-02
2.036000000e-03,9.998439193e-01,-6.830873661e-05,-5.931296686e-02,-9.999122281e-02,9.999122281e-02
2.038000000e-03,9.989614924e-01,-1.378022897e-04,1.406225390e-01,-9.990992947e-02,9.990992947e-02
2.040000000e-03,9.940844263e-01,-2.067727254e-04,3.399958336e-01,-9.942911991e-02,9.942911990e-02
2.042000000e-03,9.852322233e-01,-2.749414809e-04,5.380096698e-01,-9.855071648e-02,9.855071648e-02
2.044000000e-03,9.724402816e-01,-3.420331542e-04,7.338722364e-01,-9.727823148e-02,9.727823148e-02
2.046000000e-03,9.557597535e-01,-4.077766175e-04,9.268003238e-01,-9.561675301e-02,9.561675301e-02
2.048000000e-03,9.352573409e-01,-4.719061133e-04,1.116022456e+00,-9.357292470e-02,9.357292470e-02
2.050000000e-03,9.110150288e-01,-5.341623288e-04,1.300781977e+00,-9.115491911e-02,9.115491911e-02
2.052000000e-03,8.831297570e-01,-5.942934444e-04,1.480340074e+00,-8.837240504e-02,8.837240504e-02
2.054000000e-03,8.517130330e-01,-6.520561519e-04,1.653978732e+00,-8.523650892e-02,8.523650892e-02
2.056000000e-03,8.168904858e-01,-7.072166385e-04,1.821003610e+00,-8.175977024e-02,8.175977024e-02
2.058000000e-03,7.788013634e-01,-7.595515328e-04,1.980746809e+00,-7.795609149e-02,7.795609149e-02
2.060000000e-03,7.375979764e-01,-8.088488080e-04,2.132569550e+00,-7.384068252e-02,7.384068252e-02
2.062000000e-03,6.934450884e-01,-8.549086396e-04,2.275864725e+00,-6.942999971e-02,6.942999971e-02
2.064000000e-03,6.465192578e-01,-8.975442146e-04,2.410059326e+00,-6.474168020e-02,6.474168020e-02
2.066000000e-03,5.970081312e-01,-9.365824873e-04,2.534616736e+00,-5.979447137e-02,5.979447137e-02
2.068000000e-03,5.451096932e-01,-9.718648797e-04,2.649038872e+00,-5.460815581e-02,5.460815581e-02
2.070000000e-03,4.910314750e-01,-1.003247924e-03,2.752868182e+00,-4.920347229e-02,4.920347229e-02
2.072000000e-03,4.349897240e-01,-1.030603844e-03,2.845689472e+00,-4.360203278e-02,4.360203278e-02
2.074000000e-03,3.772085395e-01,-1.053821074e-03,2.927131565e+00,-3.782623606e-02,3.782623606e-02
2.076000000e-03,3.179189766e-01,-1.072804708e-03,2.996868788e+00,-3.189917813e-02,3.189917813e-02
2.078000000e-03,2.573581219e-01,-1.087476890e-03,3.054622271e+00,-2.584455988e-02,2.584455987e-02
2.080000000e-03,1.957681455e-01,-1.097777127e-03,3.100161067e+00,-1.968659226e-02,1.968659226e-02
2.082000000e-03,1.333953330e-01,-1.103662538e-03,3.133303070e+00,-1.344989956e-02,1.344989956e-02
2.084000000e-03,7.048910037e-02,-1.105108028e-03,3.153915747e+00,-7.159420840e-03,7.159420840e-03
2.086000000e-03,7.300996462e-03,-1.102106392e-03,3.161916666e+00,-8.403102854e-04,8.403102854e-04
2.088000000e-03,-5.591630261e-02,-1.094668348e-03,3.157273829e+00,5.482163426e-03,-5.482163426e-03
2.090000000e-03,-1.189100040e-01,-1.082822495e-03,3.140005794e+00,1.178271815e-02,-1.178271815e-02
2.092000000e-03,-1.814282091e-01,-1.066615202e-03,3.110181607e+00,1.803615939e-02,-1.803615939e-02
2.094000000e-03,-2.432209204e-01,-1.046110423e-03,3.067920523e+00,2.421748100e-02,-2.421748100e-02
2.096000000e-03,-3.040410419e-01,-1.021389440e-03,3.013391527e+00,3.030196525e-02,-3.030196525e-02
2.098000000e-03,-3.636453665e-01,-9.925505403e-04,2.946812664e+00,3.626528160e-02,-3.626528160e-02
2.100000000e-03,-4.217955489e-01,-9.597086231e-04,2.868450161e+00,4.208358403e-02,-4.208358403e-02
2.102000000e-03,-4.782590587e-01,-9.229947366e-04,2.778617367e+00,4.773360640e-02,-4.773360640e-02
2.104000000e-03,-5.328101100e-01,-8.825555537e-04,2.677673499e+00,5.319275544e-02,-5.319275544e-02
2.106000000e-03,-5.852305644e-01,-8.385527832e-04,2.566022202e+00,5.843920116e-02,-5.843920116e-02
2.108000000e-03,-6.353108036e-01,-7.911625200e-04,2.444109940e+00,6.345196411e-02,-6.345196411e-02
2.110000000e-03,-6.828505670e-01,-7.405745381e-04,2.312424208e+00,6.821099924e-02,-6.821099924e-02
2.112000000e-03,-7.276597530e-01,-6.869915276e-04,2.171491583e+00,7.269727615e-02,-7.269727615e-02
2.114000000e-03,-7.695591790e-01,-6.306282805e-04,2.021875618e+00,7.689285507e-02,-7.689285507e-02
2.116000000e-03,-8.083812979e-01,-5.717108269e-04,1.864174591e+00,8.078095871e-02,-8.078095871e-02
2.118000000e-03,-8.439708682e-01,-5.104755262e-04,1.699019108e+00,8.434603926e-02,-8.434603926e-02
2.120000000e-03,-8.761855745e-01,-4.471681170e-04,1.527069586e+00,8.757384064e-02,-8.757384063e-02
2.122000000e-03,-9.048965969e-01,-3.820427284e-04,1.349013609e+00,9.045145542e-02,-9.045145542e-02
2.124000000e-03,-9.299891261e-01,-3.153608581e-04,1.165563179e+00,9.296737652e-02,-9.296737652e-02
2.126000000e-03,-9.513628221e-01,-2.473903204e-04,9.774518723e-01,9.511154318e-02,-9.511154318e-02
2.128000000e-03,-9.689322162e-01,-1.784041690e-04,7.854319000e-01,9.687538120e-02,-9.687538120e-02
2.130000000e-03,-9.826270518e-01,-1.086795981e-04,5.902711054e-01,9.825183722e-02,-9.825183722e-02
2.132000000e-03,-9.923925663e-01,-3.849682757e-05,3.927498910e-01,9.923540694e-02,-9.923540694e-02
2.134000000e-03,-9.981897093e-01,3.186202512e-05,1.936580985e-01,9.982215713e-02,-9.982215713e-02
2.136000000e-03,-9.999952992e-01,1.021140797e-04,-6.208149663e-03,1.000097413e-01,-1.000097413e-01
2.138000000e-03,-9.978021160e-01,1.719768317e-04,-2.060496339e-01,9.979740928e-02,-9.979740928e-02
2.140000000e-03,-9.916189296e-01,2.411692894e-04,-4.050672334e-01,9.918600989e-02,-9.918600989e-02
2.142000000e-03,-9.814704654e-01,3.094131046e-04,-6.024651214e-01,9.817798786e-02,-9.817798785e-02
2.144000000e-03,-9.673973050e-01,3.764336934e-04,-7.974539479e-01,9.677737387e-02,-9.677737387e-02
2.146000000e-03,-9.494557240e-01,4.419613408e-04,-9.892539957e-01,9.498976853e-02,-9.498976853e-02
2.148000000e-03,-9.277174669e-01,5.057322872e-04,-1.177098299e+00,9.282231992e-02,-9.282231992e-02
2.150000000e-03,-9.022694608e-01,5.674897896e-04,-1.360235708e+00,9.028369506e-02,-9.028369506e-02
2.152000000e-03,-8.732134667e-01,6.269851557e-04,-1.537933898e+00,8.738404518e-02,-8.738404518e-02
2.154000000e-03,-8.406656736e-01,6.839787453e-04,-1.709482290e+00,8.413496523e-02,-8.413496523e-02
2.156000000e-03,-8.047562333e-01,7.382409350e-04,-1.874194901e+00,8.054944742e-02,-8.054944742e-02
2.158000000e-03,-7.656287402e-01,7.895530429e-04,-2.031413078e+00,7.664182932e-02,-7.664182932e-02
2.160000000e-03,-7.234396570e-01,8.377082100e-04,-2.180508139e+00,7.242773653e-02,-7.242773653e-02
2.162000000e-03,-6.783576892e-01,8.825122328e-04,-2.320883885e+00,6.792402014e-02,-6.792402014e-02
2.164000000e-03,-6.305631100e-01,9.237843462e-04,-2.451978980e+00,6.314868944e-02,-6.314868943e-02
2.166000000e-03,-5.802470401e-01,9.613579517e-04,-2.573269203e+00,5.812083981e-02,-5.812083981e-02
2.168000000e-03,-5.276106830e-01,9.950812891e-04,-2.684269538e+00,5.286057643e-02,-5.286057643e-02
2.170000000e-03,-4.728645205e-01,1.024818048e-03,-2.784536116e+00,4.738893386e-02,-4.738893386e-02
2.172000000e-03,-4.162274712e-01,1.050447918e-03,-2.873667991e+00,4.172779191e-02,-4.172779191e-02
2.174000000e-03,-3.579260147e-01,1.071867075e-03,-2.951308741e+00,3.589978818e-02,-3.589978818e-02
2.176000000e-03,-2.981932866e-01,1.088988597e-03,-3.017147894e+00,2.992822752e-02,-2.992822752e-02
2.178000000e-03,-2.372681455e-01,1.101742821e-03,-3.070922171e+00,2.383698884e-02,-2.383698884e-02
2.180000000e-03,-1.753942185e-01,1.110077618e-03,-3.112416537e+00,1.765042962e-02,-1.765042962e-02
2.182000000e-03,-1.128189265e-01,1.113958613e-03,-3.141465062e+00,1.139328851e-02,-1.139328851e-02
2.184000000e-03,-4.979249510e-02,1.113369315e-03,-3.157951584e+00,5.090586441e-03,-5.090586441e-03
2.186000000e-03,1.343304616e-02,1.108311195e-03,-3.161810173e+00,-1.232473497e-03,1.232473497e-03
2.188000000e-03,7.660487147e-02,1.098803675e-03,-3.153025397e+00,-7.550606779e-03,7.550606779e-03
2.190000000e-03,1.394703698e-01,1.084884055e-03,-3.131632380e+00,-1.383854858e-02,1.383854858e-02
2.192000000e-03,2.017781552e-01,1.066607364e-03,-3.097716665e+00,-2.007115478e-02,2.007115478e-02
2.194000000e-03,2.632790717e-01,1.044046142e-03,-3.051413869e+00,-2.622350255e-02,2.622350255e-02
2.196000000e-03,3.237271899e-01,1.017290149e-03,-2.992909145e+00,-3.227098998e-02,3.227098998e-02
2.198000000e-03,3.828807904e-01,9.864460063e-04,-2.922436436e+00,-3.818943444e-02,3.818943444e-02
2.200000000e-03,4.405033303e-01,9.516367704e-04,-2.840277544e+00,-4.395516936e-02,4.395516936e-02
2.202000000e-03,4.963643891e-01,9.130014404e-04,-2.746761002e+00,-4.954513876e-02,4.954513876e-02
2.204000000e-03,5.502405898e-01,8.706944008e-04,-2.642260758e+00,-5.493698954e-02,5.493698954e-02
2.206000000e-03,6.019164929e-01,8.248848029e-04,-2.527194682e+00,-6.010916081e-02,6.010916081e-02
2.208000000e-03,6.511854571e-01,7.757558870e-04,-2.402022897e+00,-6.504097012e-02,6.504097012e-02
2.210000000e-03,6.978504662e-01,7.235042479e-04,-2.267245933e+00,-6.971269619e-02,6.971269619e-02
2.212000000e-03,7.417249163e-01,6.683390464e-04,-2.123402732e+00,-7.410565773e-02,7.410565773e-02
2.214000000e-03,7.826333628e-01,6.104811703e-04,-1.971068489e+00,-7.820228817e-02,7.820228817e-02
2.216000000e-03,8.204122213e-01,5.501623491e-04,-1.810852352e+00,-8.198620590e-02,8.198620590e-02
2.218000000e-03,8.549104220e-01,4.876242237e-04,-1.643394989e+00,-8.544227978e-02,8.544227978e-02
2.220000000e-03,8.859900137e-01,4.231173774e-04,-1.469366023e+00,-8.855668963e-02,8.855668963e-02
2.222000000e-03,9.135267156e-01,3.569003306e-04,-1.289461357e+00,-9.131698153e-02,9.131698153e-02
2.224000000e-03,9.374104142e-01,2.892385030e-04,-1.104400387e+00,-9.371211757e-02,9.371211757e-02
2.226000000e-03,9.575456035e-01,2.204031493e-04,-9.149231304e-01,-9.573252004e-02,9.573252004e-02
2.228000000e-03,9.738517671e-01,1.506702698e-04,-7.217872646e-01,-9.737010969e-02,9.737010969e-02
2.230000000e-03,9.862637001e-01,8.031950346e-05,-5.257650964e-01,-9.861833806e-02,9.861833806e-02
2.232000000e-03,9.947317697e-01,9.633005163e-06,-3.276404745e-01,-9.947221367e-02,9.947221367e-02
2.234000000e-03,9.992221138e-01,-6.110568665e-05,-1.282056553e-01,-9.992832195e-02,9.992832195e-02
2.236000000e-03,9.997167766e-01,-1.316127881e-04,7.174186543e-02,-9.998483894e-02,9.998483894e-02
2.238000000e-03,9.962137799e-01,-2.016054089e-04,2.714025417e-01,-9.964153853e-02,9.964153853e-02
2.240000000e-03,9.887271315e-01,-2.708026883e-04,4.699779741e-01,-9.889979342e-02,9.889979341e-02
2.242000000e-03,9.772867689e-01,-3.389269220e-04,6.666741030e-01,-9.776256958e-02,9.776256958e-02
2.244000000e-03,9.619384398e-01,-4.057046778e-04,8.607043834e-01,-9.623441445e-02,9.623441445e-02
2.246000000e-03,9.427435190e-01,-4.708678927e-04,1.051292930e+00,-9.432143869e-02,9.432143869e-02
2.248000000e-03,9.197787630e-01,-5.341549497e-04,1.237677621e+00,-9.203129180e-02,9.203129180e-02
2.250000000e-03,8.931360030e-01,-5.953117281e-04,1.419113143e+00,-8.937313147e-02,8.937313147e-02
2.252000000e-03,8.629217779e-01,-6.540926240e-04,1.594873974e+00,-8.635758705e-02,8.635758705e-02
2.254000000e-03,8.292569081e-01,-7.102615364e-04,1.764257285e+00,-8.299671696e-02,8.299671696e-02
2.256000000e-03,7.922760124e-01,-7.635928157e-04,1.926585747e+00,-7.930396052e-02,7.930396052e-02
2.258000000e-03,7.521269697e-01,-8.138721700e-04,2.081210244e+00,-7.529408419e-02,7.529408419e-02
2.260000000e-03,7.089703277e-01,-8.608975256e-04,2.227512463e+00,-7.098312252e-02,7.098312252e-02
2.262000000e-03,6.629786608e-01,-9.044798391e-04,2.364907374e+00,-6.638831407e-02,6.638831407e-02
2.264000000e-03,6.143358802e-01,-9.444438569e-04,2.492845561e+00,-6.152803241e-02,6.152803241e-02
2.266000000e-03,5.632364982e-01,-9.806288192e-04,2.610815427e+00,-5.642171270e-02,5.642171270e-02
2.268000000e-03,5.098848505e-01,-1.012889106e-03,2.718345234e+00,-5.108977397e-02,5.108977397e-02
2.270000000e-03,4.544942794e-01,-1.041094824e-03,2.815004991e+00,-4.555353743e-02,4.555353743e-02
2.272000000e-03,3.972862803e-01,-1.065132327e-03,2.900408177e+00,-3.983514126e-02,3.983514126e-02
2.274000000e-03,3.384896159e-01,-1.084904672e-03,2.974213279e+00,-3.395745205e-02,3.395745205e-02
2.276000000e-03,2.783394019e-01,-1.100332014e-03,3.036125165e+00,-2.794397339e-02,2.794397339e-02
2.278000000e-03,2.170761666e-01,-1.111351922e-03,3.085896262e+00,-2.181875185e-02,2.181875185e-02
2.280000000e-03,1.549448888e-01,-1.117919637e-03,3.123327544e+00,-1.560628085e-02,1.560628085e-02
2.282000000e-03,9.219401866e-02,-1.120008246e-03,3.148269328e+00,-9.331402691e-03,9.331402691e-03
2.284000000e-03,2.907448381e-02,-1.117608796e-03,3.160621876e+00,-3.019209260e-03,3.019209260e-03
2.286000000e-03,-3.416131386e-02,-1.110730330e-03,3.160335791e+00,3.305058353e-03,-3.305058353e-03
2.288000000e-03,-9.726050754e-02,-1.099399851e-03,3.147412215e+00,9.616110769e-03,-9.616110769e-03
2.290000000e-03,-1.599707767e-01,-1.083662216e-03,3.121902824e+00,1.588871145e-02,-1.588871145e-02
2.292000000e-03,-2.220413560e-01,-1.063579959e-03,3.083909623e+00,2.209777760e-02,-2.209777760e-02
2.294000000e-03,-2.832240380e-01,-1.039233037e-03,3.033584537e+00,2.821848050e-02,-2.821848050e-02
2.296000000e-03,-3.432741661e-01,-1.010718516e-03,2.971128802e+00,3.422634476e-02,-3.422634476e-02
2.298000000e-03,-4.019516122e-01,-9.781501791e-04,2.896792164e+00,4.009734620e-02,-4.009734620e-02
2.300000000e-03,-4.590217374e-01,-9.416580726e-04,2.810871877e+00,4.580800793e-02,-4.580800793e-02
2.302000000e-03,-5.142563301e-01,-9.013879861e-04,2.713711516e+00,5.133549421e-02,-5.133549421e-02
2.304000000e-03,-5.674345187e-01,-8.575008683e-04,2.605699603e+00,5.665770179e-02,-5.665770178e-02
2.306000000e-03,-6.183436547e-01,-8.101721834e-04,2.487268051e+00,6.175334826e-02,-6.175334825e-02
2.308000000e-03,-6.667801631e-01,-7.595912079e-04,2.358890443e+00,6.660205719e-02,-6.660205719e-02
2.310000000e-03,-7.125503563e-01,-7.059602731e-04,2.221080130e+00,7.118443960e-02,-7.118443960e-02
2.312000000e-03,-7.554712088e-01,-6.494939547e-04,2.074388185e+00,7.548217148e-02,-7.548217148e-02
2.314000000e-03,-7.953710891e-01,-5.904182129e-04,1.919401196e+00,7.947806708e-02,-7.947806708e-02
2.316000000e-03,-8.320904458e-01,-5.289694882e-04,1.756738922e+00,8.315614763e-02,-8.315614763e-02
2.318000000e-03,-8.654824459e-01,-4.653937529e-04,1.587051812e+00,8.650170522e-02,-8.650170522e-02
2.320000000e-03,-8.954135617e-01,-3.999455271e-04,1.411018407e+00,8.950136162e-02,-8.950136162e-02
2.322000000e-03,-9.217641050e-01,-3.328868577e-04,1.229342628e+00,9.214312181e-02,-9.214312181e-02
2.324000000e-03,-9.444287053e-01,-2.644862691e-04,1.042750953e+00,9.441642190e-02,-9.441642190e-02
2.326000000e-03,-9.633167317e-01,-1.950176872e-04,8.519895245e-01,9.631217140e-02,-9.631217140e-02
2.328000000e-03,-9.783526548e-01,-1.247593413e-04,6.578211538e-01,9.782278955e-02,-9.782278955e-02
2.330000000e-03,-9.894763491e-01,-5.399264971e-05,4.610222784e-01,9.894223565e-02,-9.894223565e-02
2.332000000e-03,-9.966433334e-01,1.699890862e-05,2.623798542e-01,9.966603323e-02,-9.966603323e-02
2.334000000e-03,-9.998249482e-01,8.793092975e-05,6.268820916e-02,9.999128792e-02,-9.999128792e-02
2.336000000e-03,-9.990084711e-01,1.585192249e-04,-1.372541329e-01,9.991669903e-02,-9.991669903e-02
2.338000000e-03,-9.941971669e-01,2.284809592e-04,-3.366476458e-01,9.944256478e-02,-9.944256478e-02
2.340000000e-03,-9.854102750e-01,2.975357856e-04,-5.346949976e-01,9.857078108e-02,-9.857078107e-02
2.342000000e-03,-9.726829323e-01,3.654069686e-04,-7.306042396e-01,9.730483393e-02,-9.730483393e-02
2.344000000e-03,-9.560660330e-01,4.318224933e-04,-9.235919725e-01,9.564978555e-02,-9.564978555e-02
2.346000000e-03,-9.356260244e-01,4.965161557e-04,-1.112886480e+00,9.361225406e-02,-9.361225406e-02
2.348000000e-03,-9.114446420e-01,5.592286305e-04,-1.297730812e+00,9.120038706e-02,-9.120038706e-02
2.350000000e-03,-8.836185820e-01,6.197085099e-04,-1.477385818e+00,8.842382905e-02,-8.842382905e-02
2.352000000e-03,-8.522591151e-01,6.777133121e-04,-1.651133093e+00,8.529368284e-02,-8.529368284e-02
2.354000000e-03,-8.174916413e-01,7.330104532e-04,-1.818277860e+00,8.182246517e-02,-8.182246517e-02
2.356000000e-03,-7.794551884e-01,7.853781800e-04,-1.978151742e+00,7.802405666e-02,-7.802405666e-02
2.358000000e-03,-7.383018564e-01,8.346064587e-04,-2.130115437e+00,7.391364629e-02,-7.391364629e-02
2.360000000e-03,-6.941962088e-01,8.804978179e-04,-2.273561273e+00,6.950767066e-02,-6.950767066e-02
2.362000000e-03,-6.473146150e-01,9.228681397e-04,-2.407915640e+00,6.482374831e-02,-6.482374831e-02
2.364000000e-03,-5.978445446e-01,9.615473988e-04,-2.532641284e+00,5.988060920e-02,-5.988060920e-02
2.366000000e-03,-5.459838183e-01,9.963803443e-04,-2.647239453e+00,5.469801987e-02,-5.469801987e-02
2.368000000e-03,-4.919398163e-01,1.027227122e-03,-2.751251890e+00,4.929670434e-02,-4.929670434e-02
2.370000000e-03,-4.359286492e-01,1.053963837e-03,-2.844262673e+00,4.369826131e-02,-4.369826131e-02
2.372000000e-03,-3.781742942e-01,1.076483049e-03,-2.925899870e+00,3.792507772e-02,-3.792507772e-02
2.374000000e-03,-3.189076988e-01,1.094694206e-03,-2.995837030e+00,3.200023930e-02,-3.200023930e-02
2.376000000e-03,-2.583658578e-01,1.108524004e-03,-3.053794488e+00,2.594743819e-02,-2.594743818e-02
2.378000000e-03,-1.967908656e-01,1.117916686e-03,-3.099540483e+00,1.979087823e-02,-1.979087823e-02
2.380000000e-03,-1.344289476e-01,1.122834264e-03,-3.132892087e+00,1.355517818e-02,-1.355517818e-02
2.382000000e-03,-7.152947617e-02,1.123256673e-03,-3.153715931e+00,7.265273284e-03,-7.265273284e-03
2.384000000e-03,-8.343973264e-03,1.119181851e-03,-3.161928744e+00,9.463155115e-04,-9.463155115e-04
2.386000000e-03,5.487489545e-02,1.110625748e-03,-3.157497685e+00,-5.376426970e-03,5.376426970e-03
2.388000000e-03,1.178743309e-01,1.097622266e-03,-3.140440470e+00,-1.167767086e-02,1.167767086e-02
2.390000000e-03,1.804024114e-01,1.080223120e-03,-3.110825307e+00,-1.793221882e-02,1.793221882e-02
2.392000000e-03,2.422091001e-01,1.058497636e-03,-3.068770618e+00,-2.411506025e-02,2.411506025e-02
2.394000000e-03,3.030472451e-01,1.032532468e-03,-3.014444572e+00,-3.020147126e-02,3.020147126e-02
2.396000000e-03,3.626735672e-01,1.002431260e-03,-2.948064405e+00,-3.616711359e-02,3.616711359e-02
2.398000000e-03,4.208496331e-01,9.683142233e-04,-2.869895555e+00,-4.198813188e-02,4.198813188e-02
2.400000000e-03,4.773428088e-01,9.303176627e-04,-2.780250603e+00,-4.764124912e-02,4.764124912e-02
2.402000000e-03,5.319271900e-01,8.885934265e-04,-2.679488018e+00,-5.310385965e-02,5.310385965e-02
2.404000000e-03,5.843845049e-01,8.433083014e-04,-2.568010728e+00,-5.835411966e-02,5.835411966e-02
2.406000000e-03,6.345049878e-01,7.946433446e-04,-2.446264505e+00,-6.337103445e-02,6.337103445e-02
2.408000000e-03,6.820882172e-01,7.427931591e-04,-2.314736186e+00,-6.813454241e-02,6.813454240e-02
2.410000000e-03,7.269439177e-01,6.879651151e-04,-2.173951724e+00,-7.262559526e-02,7.262559526e-02
2.412000000e-03,7.688927207e-01,6.303785202e-04,-2.024474085e+00,-7.682623422e-02,7.682623422e-02
2.414000000e-03,8.077668816e-01,5.702637411e-04,-1.866900997e+00,-8.071966179e-02,8.071966179e-02
2.416000000e-03,8.434109508e-01,5.078612820e-04,-1.701862562e+00,-8.429030895e-02,8.429030895e-02
2.418000000e-03,8.756823950e-01,4.434208218e-04,-1.530018731e+00,-8.752389742e-02,8.752389741e-02
2.420000000e-03,9.044521674e-01,3.772002142e-04,-1.352056671e+00,-9.040749672e-02,9.040749672e-02
2.422000000e-03,9.296052238e-01,3.094644557e-04,-1.168688015e+00,-9.292957593e-02,9.292957593e-02
2.424000000e-03,9.510409822e-01,2.404846250e-04,-9.806460129e-01,-9.508004976e-02,9.508004976e-02
2.426000000e-03,9.686737256e-01,1.705367970e-04,-7.886826057e-01,-9.685031888e-02,9.685031888e-02
2.428000000e-03,9.824329442e-01,9.990093798e-05,-5.935654134e-01,-9.823330432e-02,9.823330432e-02
2.430000000e-03,9.922636178e-01,2.885978438e-05,-3.960746680e-01,-9.922347580e-02,9.922347580e-02
2.432000000e-03,9.981264356e-01,-4.230228907e-05,-1.970000926e-01,-9.981687379e-02,9.981687379e-02
2.434000000e-03,9.999979534e-01,-1.133004082e-04,2.862255910e-03,-1.000111254e-01,1.000111254e-01
2.436000000e-03,9.978706873e-01,-1.838503400e-04,2.027131706e-01,-9.980545377e-02,9.980545377e-02
2.438000000e-03,9.917531440e-01,-2.536696308e-04,4.017534903e-01,-9.920068136e-02,9.920068136e-02
2.440000000e-03,9.816697861e-01,-3.224787375e-04,5.991872949e-01,-9.819922648e-02,9.819922648e-02
2.442000000e-03,9.676609349e-01,-3.900021467e-04,7.942250885e-01,-9.680509371e-02,9.680509371e-02
2.444000000e-03,9.497826089e-01,-4.559694784e-04,9.860869563e-01,-9.502385784e-02,9.502385784e-02
2.446000000e-03,9.281062998e-01,-5.201165683e-04,1.174005683e+00,-9.286264164e-02,9.286264164e-02
2.448000000e-03,9.027186867e-01,-5.821865265e-04,1.357229822e+00,-9.033008733e-02,9.033008732e-02
2.450000000e-03,8.737212893e-01,-6.419307656e-04,1.535026698e+00,-8.743632201e-02,8.743632201e-02
2.452000000e-03,8.412300622e-01,-6.991099967e-04,1.706685338e+00,-8.419291722e-02,8.419291722e-02
2.454000000e-03,8.053749311e-01,-7.534951878e-04,1.871519317e+00,-8.061284263e-02,8.061284263e-02
2.456000000e-03,7.662992731e-01,-8.048684812e-04,2.028869497e+00,-7.671041416e-02,7.671041416e-02
2.458000000e-03,7.241593437e-01,-8.530240659e-04,2.178106668e+00,-7.250123678e-02,7.250123678e-02
2.460000000e-03,6.791236518e-01,-8.977690025e-04,2.318634062e+00,-6.800214208e-02,6.800214208e-02
2.462000000e-03,6.313722856e-01,-9.389239955e-04,2.449889739e+00,-6.323112096e-02,6.323112096e-02
2.464000000e-03,5.810961929e-01,-9.763241122e-04,2.571348834e+00,-5.820725171e-02,5.820725171e-02
2.466000000e-03,5.284964175e-01,-1.009819443e-03,2.682525658e+00,-5.295062370e-02,5.295062369e-02
2.468000000e-03,4.737832948e-01,-1.039275703e-03,2.782975639e+00,-4.748225705e-02,4.748225705e-02
2.470000000e-03,4.171756113e-01,-1.064574770e-03,2.872297096e+00,-4.182401860e-02,4.182401860e-02
2.472000000e-03,3.588997292e-01,-1.085615155e-03,2.950132852e+00,-3.599853444e-02,3.599853444e-02
2.474000000e-03,2.991886818e-01,-1.102312413e-03,3.016171657e+00,-3.002909942e-02,3.002909942e-02
2.476000000e-03,2.382812411e-01,-1.114599482e-03,3.070149436e+00,-2.393958406e-02,2.393958406e-02
2.478000000e-03,1.764209633e-01,-1.122426948e-03,3.111850343e+00,-1.775433902e-02,1.775433902e-02
2.480000000e-03,1.138552147e-01,-1.125763246e-03,3.141107622e+00,-1.149809780e-02,1.149809780e-02
2.482000000e-03,5.083418282e-02,-1.124594787e-03,3.157804281e+00,-5.195877761e-03,5.195877761e-03
2.484000000e-03,-1.239012439e-02,-1.118926012e-03,3.161873551e+00,1.127119838e-03,-1.127119838e-03
2.486000000e-03,-7.556488608e-02,-1.108779377e-03,3.153299161e+00,7.445610670e-03,-7.445610670e-03
2.488000000e-03,-1.384374795e-01,-1.094195261e-03,3.132115396e+00,1.373432842e-02,-1.373432842e-02
2.490000000e-03,-2.007564902e-01,-1.075231806e-03,3.098406965e+00,1.996812584e-02,-1.996812584e-02
2.492000000e-03,-2.622727175e-01,-1.051964685e-03,3.052308661e+00,2.612207528e-02,-2.612207528e-02
2.494000000e-03,-3.227401708e-01,-1.024486799e-03,2.994004820e+00,3.217156840e-02,-3.217156840e-02
2.496000000e-03,-3.819170532e-01,-9.929079079e-04,2.923728586e+00,3.809241453e-02,-3.809241453e-02
2.498000000e-03,-4.395667288e-01,-9.573541888e-04,2.841760979e+00,4.386093746e-02,-4.386093746e-02
2.500000000e-03,-4.954586684e-01,-9.179677328e-04,2.748429768e+00,4.945407007e-02,-4.945407007e-02
2.502000000e-03,-5.493693719e-01,-8.749059770e-04,2.644108166e+00,5.484944660e-02,-5.484944660e-02
2.504000000e-03,-6.010832616e-01,-8.283410740e-04,2.529213332e+00,6.002549205e-02,-6.002549205e-02
2.506000000e-03,-6.503935443e-01,-7.784592041e-04,2.404204704e+00,6.496150851e-02,-6.496150851e-02
2.508000000e-03,-6.971030385e-01,-7.254598299e-04,2.269582167e+00,6.963775787e-02,-6.963775787e-02
2.510000000e-03,-7.410249626e-01,-6.695548985e-04,2.125884046e+00,7.403554077e-02,-7.403554077e-02
2.512000000e-03,-7.819836821e-01,-6.109679940e-04,1.973684959e+00,7.813727141e-02,-7.813727141e-02
2.514000000e-03,-8.198154115e-01,-5.499334423e-04,1.813593518e+00,8.192654780e-02,-8.192654780e-02
2.516000000e-03,-8.543688695e-01,-4.866953738e-04,1.646249895e+00,8.538821742e-02,-8.538821741e-02
2.518000000e-03,-8.855058842e-01,-4.215067468e-04,1.472323261e+00,8.850843774e-02,-8.850843774e-02
2.520000000e-03,-9.131019450e-01,-3.546283349e-04,1.292509111e+00,9.127473167e-02,-9.127473167e-02
2.522000000e-03,-9.370467010e-01,-2.863276839e-04,1.107526485e+00,9.367603734e-02,-9.367603734e-02
2.524000000e-03,-9.572444022e-01,-2.168780410e-04,9.181150871e-01,9.570275242e-02,-9.570275242e-02
2.526000000e-03,-9.736142822e-01,-1.465572614e-04,7.250323350e-01,9.734677249e-02,-9.734677249e-02
2.528000000e-03,-9.860908811e-01,-7.564669645e-05,5.290503252e-01,9.860152344e-02,-9.860152344e-02
2.530000000e-03,-9.946243078e-01,-4.430067510e-06,3.309527482e-01,9.946198777e-02,-9.946198777e-02
2.532000000e-03,-9.991804386e-01,6.680766915e-05,1.315317543e-01,9.992472463e-02,-9.992472463e-02
2.534000000e-03,-9.997410548e-01,1.377814629e-04,-6.841521398e-02,9.998788363e-02,-9.998788362e-02
2.536000000e-03,-9.963039144e-01,2.082073098e-04,-2.680886110e-01,9.965121217e-02,-9.965121217e-02
2.538000000e-03,-9.888827619e-01,2.778033885e-04,-4.666899849e-01,9.891605653e-02,-9.891605653e-02
2.540000000e-03,-9.775072729e-01,3.462911891e-04,-6.634251708e-01,9.778535641e-02,-9.778535641e-02
2.542000000e-03,-9.622229356e-01,4.133966270e-04,-8.575074659e-01,9.626363323e-02,-9.626363323e-02
2.544000000e-03,-9.430908690e-01,4.788511403e-04,-1.048160776e+00,9.435697202e-02,-9.435697202e-02
2.546000000e-03,-9.201875782e-01,5.423927649e-04,-1.234622719e+00,9.207299709e-02,-9.207299709e-02
2.548000000e-03,-8.936046486e-01,6.037671822e-04,-1.416147672e+00,8.942084158e-02,-8.942084158e-02
2.550000000e-03,-8.634483799e-01,6.627287381e-04,-1.592009755e+00,8.641111086e-02,-8.641111086e-02
2.552000000e-03,-8.298393607e-01,7.190414255e-04,-1.761505732e+00,8.305584021e-02,-8.305584021e-02
2.554000000e-03,-7.929119865e-01,7.724798291e-04,-1.923957825e+00,7.936844664e-02,-7.936844664e-02
2.556000000e-03,-7.528139223e-01,8.228300282e-04,-2.078716422e+00,7.536367523e-02,-7.536367523e-02
2.558000000e-03,-7.097055117e-01,8.698904524e-04,-2.225162675e+00,7.105754021e-02,-7.105754021e-02
2.560000000e-03,-6.637591364e-01,9.134726889e-04,-2.362710977e+00,6.646726091e-02,-6.646726091e-02
2.562000000e-03,-6.151585264e-01,9.534022367e-04,-2.490811299e+00,6.161119286e-02,-6.161119286e-02
2.564000000e-03,-5.640980254e-01,9.895192052e-04,-2.608951397e+00,5.650875446e-02,-5.650875446e-02
2.566000000e-03,-5.107818137e-01,1.021678954e-03,-2.716658851e+00,5.118034926e-02,-5.118034926e-02
2.568000000e-03,-4.554230918e-01,1.049752674e-03,-2.813502963e+00,4.564728444e-02,-4.564728444e-02
2.570000000e-03,-3.982432276e-01,1.073627899e-03,-2.899096472e+00,3.993168555e-02,-3.993168555e-02
2.572000000e-03,-3.394708717e-01,1.093208960e-03,-2.973097108e+00,3.405640806e-02,-3.405640806e-02
2.574000000e-03,-2.793410423e-01,1.108417368e-03,-3.035208958e+00,2.804494597e-02,-2.804494597e-02
2.576000000e-03,-2.180941862e-01,1.119192126e-03,-3.085183648e+00,2.192133783e-02,-2.192133783e-02
2.578000000e-03,-1.559752168e-01,1.125489977e-03,-3.122821341e+00,1.571007068e-02,-1.571007068e-02
2.580000000e-03,-9.323253498e-02,1.127285574e-03,-3.147971530e+00,9.435982055e-03,-9.435982055e-03
2.582000000e-03,-3.011703563e-02,1.124571583e-03,-3.160533645e+00,3.124160722e-03,-3.124160721e-03
2.584000000e-03,3.311889548e-02,1.117358714e-03,-3.160457452e+00,-3.200153676e-03,3.200153676e-03
2.586000000e-03,9.622239101e-02,1.105675677e-03,-3.147743256e+00,-9.511671533e-03,9.511671533e-03
2.588000000e-03,1.589411132e-01,1.089569070e-03,-3.122441897e+00,-1.578515441e-02,1.578515441e-02
2.590000000e-03,2.210242630e-01,1.069103188e-03,-3.084654550e+00,-2.199551598e-02,2.199551598e-02
2.592000000e-03,2.822235827e-01,1.044359772e-03,-3.034532318e+00,-2.811792229e-02,2.811792229e-02
2.594000000e-03,3.422943490e-01,1.015437678e-03,-2.972275629e+00,-3.412789113e-02,3.412789113e-02
2.596000000e-03,4.009963514e-01,9.824524825e-04,-2.898133434e+00,-4.000138989e-02,4.000138989e-02
2.598000000e-03,4.580948527e-01,9.455360235e-04,-2.812402212e+00,-4.571493167e-02,4.571493167e-02
2.600000000e-03,5.133615281e-01,9.048358692e-04,-2.715424784e+00,-5.124566922e-02,5.124566922e-02
2.602000000e-03,5.665753775e-01,8.605147305e-04,-2.607588941e+00,-5.657148628e-02,5.657148628e-02
2.604000000e-03,6.175236098e-01,8.127498092e-04,-2.489325896e+00,-6.167108600e-02,6.167108600e-02
2.606000000e-03,6.660024936e-01,7.617320897e-04,-2.361108558e+00,-6.652407615e-02,6.652407615e-02
2.608000000e-03,7.118181720e-01,7.076655749e-04,-2.223449641e+00,-7.111105064e-02,7.111105064e-02
2.610000000e-03,7.547874376e-01,6.507664704e-04,-2.076899614e+00,-7.541366711e-02,7.541366711e-02
2.612000000e-03,7.947384652e-01,5.912623199e-04,-1.922044499e+00,-7.941472029e-02,7.941472028e-02
2.614000000e-03,8.315114989e-01,5.293910943e-04,-1.759503528e+00,-8.309821079e-02,8.309821079e-02
2.616000000e-03,8.649594912e-01,4.654002407e-04,-1.589926670e+00,-8.644940910e-02,8.644940910e-02
2.618000000e-03,8.949486904e-01,3.995456919e-04,-1.413992026e+00,-8.945491447e-02,8.945491447e-02
2.620000000e-03,9.213591759e-01,3.320908428e-04,-1.232403121e+00,-9.210270850e-02,9.210270850e-02
2.622000000e-03,9.440853377e-01,2.633054968e-04,-1.045886091e+00,-9.438220322e-02,9.438220322e-02
2.624000000e-03,9.630362986e-01,1.934647865e-04,-8.551867795e-01,-9.628428338e-02,9.628428338e-02
2.626000000e-03,9.781362776e-01,1.228480728e-04,-6.610677517e-01,-9.780134295e-02,9.780134295e-02
2.628000000e-03,9.893248931e-01,5.173782762e-05,-4.643052490e-01,-9.892731553e-02,9.892731553e-02
2.630000000e-03,9.965574042e-01,-1.958149652e-05,-2.656860833e-01,-9.965769857e-02,9.965769857e-02
2.632000000e-03,9.998048895e-01,-9.082460416e-05,-6.600449093e-02,-9.998957141e-02,9.998957141e-02
2.634000000e-03,9.990543630e-01,-1.617064985e-04,1.339410434e-01,-9.992160695e-02,9.992160695e-02
2.636000000e-03,9.943088259e-01,-2.319436214e-04,3.333509794e-01,-9.945407695e-02,9.945407695e-02
2.638000000e-03,9.855872546e-01,-3.012549881e-04,5.314279185e-01,-9.858885096e-02,9.858885096e-02
2.640000000e-03,9.729245249e-01,-3.693633112e-04,7.273797928e-01,-9.732938882e-02,9.732938882e-02
2.642000000e-03,9.563712723e-01,-4.359961102e-04,9.204230317e-01,-9.568072685e-02,9.568072685e-02
2.644000000e-03,9.359936900e-01,-5.008868015e-04,1.109785696e+00,-9.364945768e-02,9.364945768e-02
2.646000000e-03,9.118732636e-01,-5.637757651e-04,1.294710563e+00,-9.124370394e-02,9.124370394e-02
2.648000000e-03,8.841064457e-01,-6.244113836e-04,1.474458158e+00,-8.847308571e-02,8.847308571e-02
2.650000000e-03,8.528042700e-01,-6.825510484e-04,1.648309708e+00,-8.534868211e-02,8.534868211e-02
2.652000000e-03,8.180919075e-01,-7.379621311e-04,1.815570016e+00,-8.188298696e-02,8.188298696e-02
2.654000000e-03,7.801081655e-01,-7.904229135e-04,1.975570243e+00,-7.808985884e-02,7.808985884e-02
2.656000000e-03,7.390049333e-01,-8.397234756e-04,2.127670583e+00,-7.398446567e-02,7.398446567e-02
2.658000000e-03,6.949465740e-01,-8.856665351e-04,2.271262817e+00,-6.958322405e-02,6.958322405e-02
2.660000000e-03,6.481092679e-01,-9.280682368e-04,2.405772750e+00,-6.490373362e-02,6.490373362e-02
2.662000000e-03,5.986803077e-01,-9.667588886e-04,2.530662506e+00,-5.996470666e-02,5.996470666e-02
2.664000000e-03,5.468573495e-01,-1.001583640e-03,2.645432674e+00,-5.478589331e-02,5.478589331e-02
2.666000000e-03,4.928476224e-01,-1.032403104e-03,2.749624315e+00,-4.938800255e-02,4.938800255e-02
2.668000000e-03,4.368671002e-01,-1.059093910e-03,2.842820786e+00,-4.379261942e-02,4.379261941e-02
2.670000000e-03,3.791396374e-01,-1.081549203e-03,2.924649415e+00,-3.802211866e-02,3.802211866e-02
2.672000000e-03,3.198960740e-01,-1.099679068e-03,2.994782985e+00,-3.209957531e-02,3.209957531e-02
2.674000000e-03,2.593733128e-01,-1.113410893e-03,3.052941048e+00,-2.604867237e-02,2.604867237e-02
2.676000000e-03,1.978133716e-01,-1.122689656e-03,3.098891041e+00,-1.989360612e-02,1.989360612e-02
2.678000000e-03,1.354624159e-01,-1.127478146e-03,3.132449218e+00,-1.365898940e-02,1.365898940e-02
2.680000000e-03,7.256977415e-02,-1.127757115e-03,3.153481389e+00,-7.369753127e-03,7.369753127e-03
2.682000000e-03,9.386940990e-03,-1.123525354e-03,3.161903450e+00,-1.051046634e-03,1.051046634e-03
2.684000000e-03,-5.383342860e-02,-1.114799695e-03,3.157681721e+00,5.271862890e-03,-5.271862890e-03
2.686000000e-03,-1.168385295e-01,-1.101614950e-03,3.140833086e+00,1.157369146e-02,-1.157369146e-02
2.688000000e-03,-1.793764174e-01,-1.084023765e-03,3.111424917e+00,1.782923937e-02,-1.782923937e-02
2.690000000e-03,-2.411970164e-01,-1.062096415e-03,3.069574811e+00,2.401349200e-02,-2.401349200e-02
2.692000000e-03,-3.020531186e-01,-1.035920521e-03,3.015450119e+00,3.010171981e-02,-3.010171981e-02
2.694000000e-03,-3.617013733e-01,-1.005600699e-03,2.949267273e+00,3.606957726e-02,-3.606957726e-02
2.696000000e-03,-4.199032594e-01,-9.712581450e-04,2.871290925e+00,4.189320012e-02,-4.189320012e-02
2.698000000e-03,-4.764260396e-01,-9.330301458e-04,2.781832884e+00,4.754930095e-02,-4.754930095e-02
2.700000000e-03,-5.310436913e-01,-8.910695335e-04,2.681250876e+00,5.301526218e-02,-5.301526218e-02
2.702000000e-03,-5.835378097e-01,-8.455440729e-04,2.569947106e+00,5.826922656e-02,-5.826922656e-02
2.704000000e-03,-6.336984818e-01,-7.966357912e-04,2.448366655e+00,6.329018460e-02,-6.329018460e-02
2.706000000e-03,-6.813251254e-01,-7.445402494e-04,2.316995697e+00,6.805805852e-02,-6.805805852e-02
2.708000000e-03,-7.262272916e-01,-6.894657609e-04,2.176359556e+00,7.255378259e-02,-7.255378259e-02
2.710000000e-03,-7.682254259e-01,-6.316325581e-04,2.027020608e+00,7.675937934e-02,-7.675937934e-02
2.712000000e-03,-8.071515865e-01,-5.712719112e-04,1.869576028e+00,8.065803146e-02,-8.065803146e-02
2.714000000e-03,-8.428501158e-01,-5.086252041e-04,1.704655402e+00,8.423414906e-02,-8.423414906e-02
2.716000000e-03,-8.751782628e-01,-4.439429682e-04,1.532918215e+00,8.747343199e-02,-8.747343199e-02
2.718000000e-03,-9.040067540e-01,-3.774838806e-04,1.355051206e+00,9.036292701e-02,-9.036292701e-02
2.720000000e-03,-9.292203102e-01,-3.095137297e-04,1.171765630e+00,9.289107965e-02,-9.289107965e-02
2.722000000e-03,-9.507181077e-01,-2.403043519e-04,9.837944059e-01,9.504778033e-02,-9.504778033e-02
2.724000000e-03,-9.684141812e-01,-1.701325443e-04,7.918891919e-01,9.682440486e-02,-9.682440486e-02
2.726000000e-03,-9.822377678e-01,-9.927895787e-05,5.968173767e-01,9.821384888e-02,-9.821384888e-02
2.728000000e-03,-9.921335898e-01,-2.802697442e-05,3.993590115e-01,9.921055629e-02,-9.921055629e-02
2.730000000e-03,-9.980620761e-01,4.333842652e-05,2.003036911e-01,9.981054145e-02,-9.981054145e-02
2.732000000e-03,-9.999995196e-01,1.145318077e-04,4.473959618e-04,1.000114051e-01,-1.000114051e-01
2.734000000e-03,-9.979381731e-01,1.852684160e-04,-1.994106904e-01,9.981234415e-02,-9.981234415e-02
2.736000000e-03,-9.918862794e-01,2.552653212e-04,-3.984713772e-01,9.921415448e-02,-9.921415447e-02
2.738000000e-03,-9.818680388e-01,3.242425479e-04,-5.959386625e-01,9.821922814e-02,-9.821922814e-02
2.740000000e-03,-9.679235121e-01,3.919241953e-04,-7.910229159e-01,9.683154363e-02,-9.683154363e-02
2.742000000e-03,-9.501084607e-01,4.580395409e-04,-9.829440362e-01,9.505665002e-02,-9.505665002e-02
2.744000000e-03,-9.284941231e-01,5.223241236e-04,-1.170934571e+00,9.290164472e-02,-9.290164472e-02
2.746000000e-03,-9.031669306e-01,5.845208010e-04,-1.354242785e+00,9.037514514e-02,-9.037514514e-02
2.748000000e-03,-8.742281615e-01,6.443807788e-04,-1.532135668e+00,8.748725423e-02,-8.748725423e-02
2.750000000e-03,-8.417935358e-01,7.016646053e-04,-1.703901862e+00,8.424952004e-02,-8.424952004e-02
2.752000000e-03,-8.059927528e-01,7.561431299e-04,-1.868854511e+00,8.067488959e-02,-8.067488959e-02
2.754000000e-03,-7.669689724e-01,8.075984193e-04,-2.026334003e+00,7.677765708e-02,-7.677765708e-02
2.756000000e-03,-7.248782427e-01,8.558246295e-04,-2.175710611e+00,7.257340673e-02,-7.257340673e-02
2.758000000e-03,-6.798888756e-01,9.006288293e-04,-2.316387009e+00,6.807895044e-02,-6.807895044e-02
2.760000000e-03,-6.321807743e-01,9.418317721e-04,-2.447800661e+00,6.331226061e-02,-6.331226061e-02
2.762000000e-03,-5.819447136e-01,9.792686129e-04,-2.569426071e+00,5.829239822e-02,-5.829239822e-02
2.764000000e-03,-5.293815771e-01,1.012789568e-03,-2.680776885e+00,5.303943666e-02,-5.303943666e-02
2.766000000e-03,-4.747015537e-01,1.042260514e-03,-2.781407834e+00,4.757438142e-02,-4.757438142e-02
2.768000000e-03,-4.181232976e-01,1.067563524e-03,-2.870916516e+00,4.191908611e-02,-4.191908611e-02
2.770000000e-03,-3.598730533e-01,1.088597341e-03,-2.948945003e+00,3.609616507e-02,-3.609616507e-02
2.772000000e-03,-3.001837516e-01,1.105277782e-03,-3.015181276e+00,3.012890294e-02,-3.012890294e-02
2.774000000e-03,-2.392940775e-01,1.117538073e-03,-3.069360471e+00,2.404116155e-02,-2.404116155e-02
2.776000000e-03,-1.774475161e-01,1.125329120e-03,-3.111265935e+00,1.785728452e-02,-1.785728452e-02
2.778000000e-03,-1.148913790e-01,1.128619705e-03,-3.140730098e+00,1.160199987e-02,-1.160199987e-02
2.780000000e-03,-5.187581525e-02,1.127396605e-03,-3.157635138e+00,5.300321185e-03,-5.300321185e-03
2.782000000e-03,1.134718914e-02,1.121664655e-03,-3.161913455e+00,-1.022552449e-03,1.022552449e-03
2.784000000e-03,7.452481848e-02,1.111446720e-03,-3.153547941e+00,-7.341337176e-03,7.341337176e-03
2.786000000e-03,1.374044386e-01,1.096783610e-03,-3.132572049e+00,-1.363076550e-02,1.363076550e-02
2.788000000e-03,1.997346069e-01,1.077733911e-03,-3.099069655e+00,-1.986568730e-02,1.986568730e-02
2.790000000e-03,2.612660781e-01,1.054373756e-03,-3.053174729e+00,-2.602117043e-02,2.602117043e-02
2.792000000e-03,3.217528005e-01,1.026796520e-03,-2.995070795e+00,-3.207260040e-02,3.207260040e-02
2.794000000e-03,3.809529005e-01,9.951124430e-04,-2.924990198e+00,-3.799577880e-02,3.799577880e-02
2.796000000e-03,4.386296490e-01,9.594481928e-04,-2.843213177e+00,-4.376702008e-02,4.376702008e-02
2.798000000e-03,4.945524088e-01,9.199463571e-04,-2.750066739e+00,-4.936324625e-02,4.936324625e-02
2.800000000e-03,5.484975564e-01,8.767648737e-04,-2.645923359e+00,-5.476207915e-02,5.476207915e-02
2.802000000e-03,6.002493764e-01,8.300763988e-04,-2.531199483e+00,-5.994193000e-02,5.994193000e-02
2.804000000e-03,6.496009239e-01,7.800676166e-04,-2.406353868e+00,-6.488208563e-02,6.488208563e-02
2.806000000e-03,6.963548525e-01,7.269384926e-04,-2.271885747e+00,-6.956279140e-02,6.956279140e-02
2.808000000e-03,7.403242028e-01,6.709014745e-04,-2.128332827e+00,-7.396533013e-02,7.396533013e-02
2.810000000e-03,7.813331507e-01,6.121806417e-04,-1.976269149e+00,-7.807209700e-02,7.807209700e-02
2.812000000e-03,8.192177097e-01,5.510108099e-04,-1.816302782e+00,-8.186666989e-02,8.186666989e-02
2.814000000e-03,8.538263876e-01,4.876365919e-04,-1.649073398e+00,-8.533387510e-02,8.533387510e-02
2.816000000e-03,8.850207914e-01,4.223114190e-04,-1.475249714e+00,-8.845984800e-02,8.845984799e-02
2.818000000e-03,9.126761810e-01,3.552965278e-04,-1.295526812e+00,-9.123208845e-02,9.123208845e-02
2.820000000e-03,9.366819685e-01,2.868599155e-04,-1.110623369e+00,-9.363951086e-02,9.363951086e-02
2.822000000e-03,9.569421596e-01,2.172752675e-04,-9.212787731e-01,-9.567248844e-02,9.567248844e-02
2.824000000e-03,9.733757381e-01,1.468208637e-04,-7.282501749e-01,-9.732289172e-02,9.732289172e-02
2.826000000e-03,9.859169894e-01,7.577846479e-05,-5.323094550e-01,-9.858412110e-02,9.858412110e-02
2.828000000e-03,9.945157638e-01,4.432185850e-06,-3.342401396e-01,-9.945113316e-02,9.945113316e-02
2.830000000e-03,9.991376765e-01,-6.693264016e-05,-1.348342665e-01,-9.992046091e-02,9.992046091e-02
2.832000000e-03,9.997642454e-01,-1.380306035e-04,6.511078196e-02,-9.999022760e-02,9.999022760e-02
2.834000000e-03,9.963929651e-01,-2.085773593e-04,2.647954672e-01,-9.966015425e-02,9.966015424e-02
2.836000000e-03,9.890373165e-01,-2.782907644e-04,4.634212918e-01,-9.893156073e-02,9.893156073e-02
2.838000000e-03,9.777267135e-01,-3.468920063e-04,6.601939926e-01,-9.780736055e-02,9.780736055e-02
2.840000000e-03,9.625063847e-01,-4.141067179e-04,8.543267167e-01,-9.629204914e-02,9.629204914e-02
2.842000000e-03,9.434371930e-01,-4.796660751e-04,1.045043168e+00,-9.439168591e-02,9.439168591e-02
2.844000000e-03,9.205953923e-01,-5.433078719e-04,1.231580710e+00,-9.211387002e-02,9.211387002e-02
2.846000000e-03,8.940723220e-01,-6.047775687e-04,1.413193420e+00,-8.946770996e-02,8.946770996e-02
2.848000000e-03,8.639740426e-01,-6.638293114e-04,1.589155065e+00,-8.646378719e-02,8.646378719e-02
2.850000000e-03,8.304209106e-01,-7.202269136e-04,1.758762012e+00,-8.311411375e-02,8.311411375e-02
2.852000000e-03,7.935470981e-01,-7.737448020e-04,1.921336037e+00,-7.943208429e-02,7.943208429e-02
2.854000000e-03,7.535000558e-01,-8.241689183e-04,2.076227042e+00,-7.543242248e-02,7.543242248e-02
2.856000000e-03,7.104399236e-01,-8.712975755e-04,2.222815648e+00,-7.113112212e-02,7.113112212e-02
2.858000000e-03,6.645388898e-01,-9.149422648e-04,2.360515680e+00,-6.654538321e-02,6.654538321e-02
2.860000000e-03,6.159805033e-01,-9.549284091e-04,2.488776503e+00,-6.169354317e-02,6.169354317e-02
2.862000000e-03,5.649589389e-01,-9.910960618e-04,2.607085229e+00,-5.659500349e-02,5.659500349e-02
2.864000000e-03,5.116782211e-01,-1.023300546e-03,2.714968766e+00,-5.127015217e-02,5.127015217e-02
2.866000000e-03,4.563514086e-01,-1.051413035e-03,2.811995710e+00,-4.574028217e-02,4.574028217e-02
2.868000000e-03,3.991997418e-01,-1.075321064e-03,2.897778070e+00,-4.002750628e-02,4.002750628e-02
2.870000000e-03,3.404517582e-01,-1.094928983e-03,2.971972821e+00,-3.415466871e-02,3.415466871e-02
2.872000000e-03,2.803423788e-01,-1.110158341e-03,3.034283273e+00,-2.814525371e-02,2.814525371e-02
2.874000000e-03,2.191119686e-01,-1.120948193e-03,3.084460260e+00,-2.202329167e-02,2.202329167e-02
2.876000000e-03,1.570053751e-01,-1.127255353e-03,3.122303134e+00,-1.581326305e-02,1.581326305e-02
2.878000000e-03,9.427094987e-02,-1.129054559e-03,3.147660570e+00,-9.540000443e-03,9.540000443e-03
2.880000000e-03,3.115955469e-02,-1.126338578e-03,3.160431167e+00,-3.228589327e-03,3.228589327e-03
2.882000000e-03,-3.207644106e-02,-1.119118236e-03,3.160563860e+00,3.095732283e-03,-3.095732283e-03
2.884000000e-03,-9.518416980e-02,-1.107422371e-03,3.148058118e+00,9.407674743e-03,-9.407674743e-03
2.886000000e-03,-1.579112768e-01,-1.091297721e-03,3.122963948e+00,1.568199791e-02,-1.568199791e-02
2.888000000e-03,-2.200069295e-01,-1.070808736e-03,3.085381697e+00,2.189361208e-02,-2.189361208e-02
2.890000000e-03,-2.812228203e-01,-1.046037321e-03,3.035461647e+00,2.801767830e-02,-2.801767830e-02
2.892000000e-03,-3.413141595e-01,-1.017082507e-03,2.973403420e+00,3.402970770e-02,-3.402970770e-02
2.894000000e-03,-4.000406543e-01,-9.840600561e-04,2.899455172e+00,3.990565943e-02,-3.990565943e-02
2.896000000e-03,-4.571674698e-01,-9.471019997e-04,2.813912608e+00,4.562203678e-02,-4.562203678e-02
2.898000000e-03,-5.124661677e-01,-9.063561085e-04,2.717117794e+00,5.115598115e-02,-5.115598115e-02
2.900000000e-03,-5.657156199e-01,-8.619853027e-04,2.609457792e+00,5.648536346e-02,-5.648536346e-02
2.902000000e-03,-6.167028931e-01,-8.141670007e-04,2.491363112e+00,6.158887261e-02,-6.158887261e-02
2.904000000e-03,-6.652240996e-01,-7.630924090e-04,2.363305990e+00,6.644610072e-02,-6.644610072e-02
2.906000000e-03,-7.110852134e-01,-7.089657579e-04,2.225798500e+00,7.103762476e-02,-7.103762476e-02
2.908000000e-03,-7.541028452e-01,-6.520034850e-04,2.079390506e+00,7.534508418e-02,-7.534508418e-02
2.910000000e-03,-7.941049767e-01,-5.924333692e-04,1.924667462e+00,7.935125433e-02,-7.935125433e-02
2.912000000e-03,-8.309316475e-01,-5.304936203e-04,1.762248074e+00,8.304011539e-02,-8.304011539e-02
2.914000000e-03,-8.644355955e-01,-4.664319262e-04,1.592781822e+00,8.639691636e-02,-8.639691636e-02
2.916000000e-03,-8.944828454e-01,-4.005044622e-04,1.416946368e+00,8.940823409e-02,-8.940823409e-02
2.918000000e-03,-9.209532444e-01,-3.329748667e-04,1.235444840e+00,9.206202696e-02,-9.206202696e-02
2.920000000e-03,-9.437409430e-01,-2.641131871e-04,1.049003025e+00,9.434768298e-02,-9.434768298e-02
2.922000000e-03,-9.627548178e-01,-1.941947995e-04,8.583664651e-01,9.625606230e-02,-9.625606230e-02
2.924000000e-03,-9.779188363e-01,-1.234993075e-04,6.642974760e-01,9.777953370e-02,-9.777953370e-02
2.926000000e-03,-9.891723609e-01,-5.230942435e-05,4.675720991e-01,9.891200514e-02,-9.891200514e-02
2.928000000e-03,-9.964703909e-01,1.909015818e-05,2.689769982e-01,9.964894810e-02,-9.964894810e-02
2.930000000e-03,-9.997837430e-01,9.041390789e-05,6.930631365e-02,9.998741570e-02,-9.998741570e-02
2.932000000e-03,-9.990991680e-01,1.613765943e-04,-1.306415130e-01,9.992605446e-02,-9.992605446e-02
2.934000000e-03,-9.944194032e-01,2.316944292e-04,-3.300669322e-01,9.946510976e-02,-9.946510976e-02
2.936000000e-03,-9.857631620e-01,3.010862017e-04,-5.281724832e-01,9.860642482e-02,-9.860642482e-02
2.938000000e-03,-9.731650590e-01,3.692744027e-04,-7.241659832e-01,9.735343334e-02,-9.735343334e-02
2.940000000e-03,-9.566754713e-01,4.359863351e-04,-9.172636951e-01,9.571114577e-02,-9.571114577e-02
2.942000000e-03,-9.363603374e-01,5.009552037e-04,-1.106693461e+00,9.368612926e-02,-9.368612926e-02
2.944000000e-03,-9.123008933e-01,5.639211829e-04,-1.291697792e+00,9.128648145e-02,-9.128648145e-02
2.946000000e-03,-8.845933477e-01,6.246324555e-04,-1.471536892e+00,8.852179801e-02,-8.852179801e-02
2.948000000e-03,-8.533484972e-01,6.828462196e-04,-1.645491624e+00,8.540313435e-02,-8.540313435e-02
2.950000000e-03,-8.186912837e-01,7.383296600e-04,-1.812866379e+00,8.194296133e-02,-8.194296133e-02
2.952000000e-03,-7.807602939e-01,7.908608792e-04,-1.972991859e+00,7.815511548e-02,-7.815511548e-02
2.954000000e-03,-7.397072062e-01,8.402297847e-04,-2.125227757e+00,7.405474360e-02,-7.405474360e-02
2.956000000e-03,-6.956961832e-01,8.862389295e-04,-2.268965312e+00,6.965824221e-02,-6.965824221e-02
2.958000000e-03,-6.489032158e-01,9.287043016e-04,-2.403629749e+00,6.498319201e-02,-6.498319201e-02
2.960000000e-03,-5.995154195e-01,9.674560598e-04,-2.528682571e+00,6.004828755e-02,-6.004828755e-02
2.962000000e-03,-5.477302857e-01,1.002339213e-03,-2.643623720e+00,5.487326249e-02,-5.487326249e-02
2.964000000e-03,-4.937548924e-01,1.033214242e-03,-2.747993568e+00,4.947881066e-02,-4.947881066e-02
2.966000000e-03,-4.378050760e-01,1.059957652e-03,-2.841374763e+00,4.388650337e-02,-4.388650337e-02
2.968000000e-03,-3.801045682e-01,1.082462474e-03,-2.923393893e+00,3.811870307e-02,-3.811870306e-02
2.970000000e-03,-3.208841012e-01,1.100638688e-03,-2.993722980e+00,3.219847399e-02,-3.219847399e-02
2.972000000e-03,-2.603804855e-01,1.114413583e-03,-3.052080794e+00,2.614948991e-02,-2.614948991e-02
2.974000000e-03,-1.988356624e-01,1.123732049e-03,-3.098233972e+00,1.999593945e-02,-1.999593944e-02
2.976000000e-03,-1.364957368e-01,1.128556799e-03,-3.131997959e+00,1.376242936e-02,-1.376242936e-02
2.978000000e-03,-7.360999319e-02,1.128868514e-03,-3.153237738e+00,7.473886171e-03,-7.473886170e-03
2.980000000e-03,-1.042989850e-02,1.124665925e-03,-3.161868377e+00,1.155456443e-03,-1.155456443e-03
2.982000000e-03,5.279190318e-02,1.115965815e-03,-3.157855364e+00,-5.167593736e-03,5.167593736e-03
2.984000000e-03,1.158026010e-01,1.102802953e-03,-3.141214745e+00,-1.146997981e-02,1.146997981e-02
2.986000000e-03,1.783502283e-01,1.085229956e-03,-3.112013062e+00,-1.772649984e-02,1.772649984e-02
2.988000000e-03,2.401846702e-01,1.063317075e-03,-3.070367088e+00,-2.391213531e-02,2.391213531e-02
2.990000000e-03,3.010586635e-01,1.037151920e-03,-3.016443356e+00,-3.000215116e-02,3.000215116e-02
2.992000000e-03,3.607287859e-01,1.006839103e-03,-2.950457495e+00,-3.597219468e-02,3.597219468e-02
2.994000000e-03,4.189564288e-01,9.724998273e-04,-2.872673369e+00,-4.179839290e-02,4.179839290e-02
2.996000000e-03,4.755087522e-01,9.342713951e-04,-2.783402021e+00,-4.745744808e-02,4.745744808e-02
2.998000000e-03,5.301596149e-01,8.923066636e-04,-2.683000428e+00,-5.292673083e-02,5.292673083e-02
3.000000000e-03,5.826904797e-01,8.467734321e-04,-2.571870075e+00,-5.818437062e-02,5.818437062e-02
3.002000000e-03,6.328912864e-01,7.978537711e-04,-2.450455349e+00,-6.320934326e-02,6.320934326e-02
3.004000000e-03,6.805612924e-01,7.457432943e-04,-2.319241763e+00,-6.798155492e-02,6.798155492e-02
3.006000000e-03,7.255098755e-01,6.906503763e-04,-2.178754011e+00,-7.248192251e-02,7.248192251e-02
3.008000000e-03,7.675572954e-01,6.327953196e-04,-2.029553876e+00,-7.669245001e-02,7.669245001e-02
3.010000000e-03,8.065354134e-01,5.724094733e-04,-1.872237978e+00,-8.059630039e-02,8.059630039e-02
3.012000000e-03,8.422883640e-01,5.097343081e-04,-1.707435390e+00,-8.417786297e-02,8.417786297e-02
3.014000000e-03,8.746731787e-01,4.450204506e-04,-1.535805123e+00,-8.742281582e-02,8.742281582e-02
3.016000000e-03,9.035603572e-01,3.785266814e-04,-1.358033491e+00,-9.031818305e-02,9.031818305e-02
3.018000000e-03,9.288343858e-01,3.105188997e-04,-1.174831365e+00,-9.285238669e-02,9.285238669e-02
3.020000000e-03,9.503941989e-01,2.412690604e-04,-9.869313338e-01,-9.501529298e-02,9.501529298e-02
3.022000000e-03,9.681535832e-01,1.710540865e-04,-7.950847690e-01,-9.679825292e-02,9.679825292e-02
3.024000000e-03,9.820415228e-01,1.001547615e-04,-6.000588255e-01,-9.819413681e-02,9.819413680e-02
3.026000000e-03,9.920024826e-01,2.885460669e-05,-4.026333713e-01,-9.919736280e-02,9.919736280e-02
3.028000000e-03,9.979966308e-01,-4.256125271e-05,-2.035978698e-01,-9.980391920e-02,9.980391920e-02
3.030000000e-03,9.999999980e-01,-1.138072277e-04,-3.748222512e-03,-1.000113805e-01,1.000113805e-01
3.032000000e-03,9.980045733e-01,-1.845984076e-04,1.961164135e-01,-9.981891717e-02,9.981891717e-02
3.034000000e-03,9.920183358e-01,-2.546516995e-04,3.951968213e-01,-9.922729875e-02,9.922729875e-02
3.036000000e-03,9.820652234e-01,-3.236869603e-04,5.926969196e-01,-9.823889104e-02,9.823889103e-02
3.038000000e-03,9.681850364e-01,-3.914281170e-04,7.878269468e-01,-9.685764645e-02,9.685764645e-02
3.040000000e-03,9.504332788e-01,-4.576042707e-04,9.798066184e-01,-9.508908831e-02,9.508908831e-02
3.042000000e-03,9.288809362e-01,-5.219507801e-04,1.167868248e+00,-9.294028870e-02,9.294028870e-02
3.044000000e-03,9.036141920e-01,-5.842103197e-04,1.351259816e+00,-9.041984024e-02,9.041984023e-02
3.046000000e-03,8.747340826e-01,-6.441339089e-04,1.529247977e+00,-8.753782165e-02,8.753782165e-02
3.048000000e-03,8.423560935e-01,-7.014819077e-04,1.701120995e+00,-8.430575754e-02,8.430575754e-02
3.050000000e-03,8.066096976e-01,-7.560249749e-04,1.866191585e+00,-8.073657226e-02,8.073657226e-02
3.052000000e-03,7.676378373e-01,-8.075449857e-04,2.023799663e+00,-7.684453823e-02,7.684453823e-02
3.054000000e-03,7.255963530e-01,-8.558359034e-04,2.173314988e+00,-7.264521889e-02,7.264521889e-02
3.056000000e-03,6.806533598e-01,-9.007046040e-04,2.314139680e+00,-6.815540644e-02,6.815540644e-02
3.058000000e-03,6.329885753e-01,-9.419716481e-04,2.445710609e+00,-6.339305470e-02,6.339305470e-02
3.060000000e-03,5.827926012e-01,-9.794719985e-04,2.567501651e+00,-5.837720732e-02,5.837720732e-02
3.062000000e-03,5.302661607e-01,-1.013055681e-03,2.679025789e+00,-5.312792164e-02,5.312792164e-02
3.064000000e-03,4.756192962e-01,-1.042588382e-03,2.779837061e+00,-4.766618846e-02,4.766618846e-02
3.066000000e-03,4.190705290e-01,-1.067951990e-03,2.869532343e+00,-4.201384810e-02,4.201384810e-02
3.068000000e-03,3.608459859e-01,-1.089045062e-03,2.947752964e+00,-3.619350310e-02,3.619350310e-02
3.070000000e-03,3.011784948e-01,-1.105783235e-03,3.014186134e+00,-3.022842780e-02,3.022842780e-02
3.072000000e-03,2.403066535e-01,-1.118099559e-03,3.068566202e+00,-2.414247531e-02,2.414247531e-02
3.074000000e-03,1.784738759e-01,-1.125944768e-03,3.110675713e+00,-1.795998207e-02,1.795998207e-02
3.076000000e-03,1.159274184e-01,-1.129287474e-03,3.140346279e+00,-1.170567059e-02,1.170567059e-02
3.078000000e-03,5.291739124e-02,-1.128114296e-03,3.157459255e+00,-5.404550553e-03,5.404550553e-03
3.080000000e-03,-1.030424155e-02,-1.122429910e-03,3.161946209e+00,9.181811637e-04,-9.181811637e-04
3.082000000e-03,-7.348466981e-02,-1.112257035e-03,3.153789198e+00,7.237241278e-03,-7.237241278e-03
3.084000000e-03,-1.363712482e-01,-1.097636335e-03,3.133020841e+00,1.352736118e-02,-1.352736118e-02
3.086000000e-03,-1.987125063e-01,-1.078626265e-03,3.099724186e+00,1.976338800e-02,-1.976338800e-02
3.088000000e-03,-2.602591544e-01,-1.055302831e-03,3.054032380e+00,2.592038516e-02,-2.592038516e-02
3.090000000e-03,-3.207650803e-01,-1.027759287e-03,2.996128133e+00,3.197373210e-02,-3.197373210e-02
3.092000000e-03,-3.799883333e-01,-9.961057647e-04,2.926242995e+00,3.789922276e-02,-3.789922276e-02
3.094000000e-03,-4.376920921e-01,-9.604688321e-04,2.844656420e+00,4.367316233e-02,-4.367316233e-02
3.096000000e-03,-4.936456112e-01,-9.209909860e-04,2.751694656e+00,4.927246202e-02,-4.927246202e-02
3.098000000e-03,-5.476251442e-01,-8.778300835e-04,2.647729438e+00,5.467473141e-02,-5.467473141e-02
3.100000000e-03,-5.994148381e-01,-8.311587102e-04,2.533176501e+00,5.985836794e-02,-5.985836794e-02
3.102000000e-03,-6.488075968e-01,-7.811634904e-04,2.408493919e+00,6.480264333e-02,-6.480264333e-02
3.104000000e-03,-6.956059089e-01,-7.280443409e-04,2.274180270e+00,6.948778645e-02,-6.948778645e-02
3.106000000e-03,-7.396226376e-01,-6.720136712e-04,2.130772649e+00,7.389506239e-02,-7.389506239e-02
3.108000000e-03,-7.806817692e-01,-6.132955343e-04,1.978844511e+00,7.800684737e-02,-7.800684737e-02
3.110000000e-03,-8.186191168e-01,-5.521247308e-04,1.819003385e+00,8.180669921e-02,-8.180669921e-02
3.112000000e-03,-8.532829769e-01,-4.887458699e-04,1.651888444e+00,8.527942310e-02,-8.527942310e-02
3.114000000e-03,-8.845347358e-01,-4.234123914e-04,1.478167945e+00,8.841113234e-02,-8.841113234e-02
3.116000000e-03,-9.122494242e-01,-3.563855517e-04,1.298536559e+00,9.118930387e-02,-9.118930387e-02
3.118000000e-03,-9.363162170e-01,-2.879333799e-04,1.113712596e+00,9.360282836e-02,-9.360282836e-02
3.120000000e-03,-9.566388760e-01,-2.183296052e-04,9.244351281e-01,9.564205464e-02,-9.564205464e-02
3.122000000e-03,-9.731361351e-01,-1.478525628e-04,7.314610363e-01,9.729882825e-02,-9.729882825e-02
3.124000000e-03,-9.857420252e-01,-7.678408059e-05,5.355619838e-01,9.856652411e-02,-9.856652411e-02
3.126000000e-03,-9.944061379e-01,-5.408352292e-06,3.375213303e-01,9.944007296e-02,-9.944007296e-02
3.128000000e-03,-9.990938274e-01,6.598919912e-05,1.381309991e-01,9.991598166e-02,-9.991598166e-02
3.130000000e-03,-9.997863484e-01,1.371230627e-04,-6.181168940e-02,9.999234715e-02,-9.999234715e-02
3.132000000e-03,-9.964809318e-01,2.077087815e-04,-2.615072060e-01,9.966886406e-02,-9.966886406e-02
3.134000000e-03,-9.891907953e-01,2.774640896e-04,-4.601570100e-01,9.894682594e-02,-9.894682594e-02
3.136000000e-03,-9.779450904e-01,3.461100414e-04,-6.569667421e-01,9.782912005e-02,-9.782912005e-02
3.138000000e-03,-9.627887866e-01,4.133721270e-04,-8.511494011e-01,9.632021588e-02,-9.632021588e-02
3.140000000e-03,-9.437824907e-01,4.789813696e-04,-1.041928491e+00,9.442614721e-02,-9.442614721e-02
3.142000000e-03,-9.210022049e-01,5.426754017e-04,-1.228541126e+00,9.215448803e-02,-9.215448803e-02
3.144000000e-03,-8.945390229e-01,6.041995135e-04,-1.410241081e+00,8.951432224e-02,-8.951432224e-02
3.146000000e-03,-8.644987653e-01,6.633076726e-04,-1.586301776e+00,8.651620730e-02,-8.651620730e-02
3.148000000e-03,-8.310015571e-01,7.197635067e-04,-1.756019180e+00,8.317213206e-02,-8.317213206e-02
3.150000000e-03,-7.941813464e-01,7.733412497e-04,-1.918714629e+00,7.949546877e-02,-7.949546876e-02
3.152000000e-03,-7.541853697e-01,8.238266441e-04,-2.073737538e+00,7.550091964e-02,-7.550091964e-02
3.154000000e-03,-7.111735626e-01,8.710177981e-04,-2.220468003e+00,7.120445804e-02,-7.120445804e-02
3.156000000e-03,-6.653179204e-01,9.147259926e-04,-2.358319278e+00,6.662326464e-02,-6.662326464e-02
3.158000000e-03,-6.168018102e-01,9.547764364e-04,-2.486740126e+00,6.177565866e-02,-6.177565866e-02
3.160000000e-03,-5.658192378e-01,9.910089647e-04,-2.605217017e+00,5.668102468e-02,-5.668102467e-02
3.162000000e-03,-5.125740720e-01,1.023278680e-03,-2.713276188e+00,5.135973507e-02,-5.135973506e-02
3.164000000e-03,-4.572792291e-01,1.051456531e-03,-2.810485533e+00,4.583306856e-02,-4.583306856e-02
3.166000000e-03,-4.001558216e-01,1.075429829e-03,-2.896456331e+00,4.012312515e-02,-4.012312514e-02
3.168000000e-03,-3.414322743e-01,1.095102701e-03,-2.970844803e+00,3.425273770e-02,-3.425273770e-02
3.170000000e-03,-2.813434103e-01,1.110396466e-03,-3.033353485e+00,2.824538068e-02,-2.824538068e-02
3.172000000e-03,-2.201295125e-01,1.121249959e-03,-3.083732418e+00,2.212507625e-02,-2.212507625e-02
3.174000000e-03,-1.580353626e-01,1.127619768e-03,-3.121780147e+00,1.591629824e-02,-1.591629824e-02
3.176000000e-03,-9.530926221e-02,1.129480413e-03,-3.147344528e+00,9.643874262e-03,-9.643874262e-03
3.178000000e-03,-3.220203986e-02,1.126824444e-03,-3.160323332e+00,3.332886430e-03,-3.332886430e-03
3.180000000e-03,3.103395176e-02,1.119662473e-03,-3.160664661e+00,-2.991428928e-03,2.991428928e-03
3.182000000e-03,9.414584505e-02,1.108023131e-03,-3.148367151e+00,-9.303782192e-03,9.303782192e-03
3.184000000e-03,1.568812687e-01,1.091952952e-03,-3.123479975e+00,-1.557893157e-02,1.557893157e-02
3.186000000e-03,2.189893568e-01,1.071516192e-03,-3.086102653e+00,-2.179178406e-02,2.179178406e-02
3.188000000e-03,2.802217520e-01,1.046794565e-03,-3.036384649e+00,-2.791749574e-02,2.791749574e-02
3.190000000e-03,3.403335987e-01,1.017886921e-03,-2.974524775e+00,-3.393157117e-02,3.393157117e-02
3.192000000e-03,3.990845221e-01,9.849088514e-04,-2.900770395e+00,-3.980996132e-02,3.980996132e-02
3.194000000e-03,4.562395895e-01,9.479922220e-04,-2.815416438e+00,-4.552915973e-02,4.552915973e-02
3.196000000e-03,5.115702497e-01,9.072846502e-04,-2.718804217e+00,-5.106629651e-02,5.106629651e-02
3.198000000e-03,5.648552469e-01,8.629489129e-04,-2.611320063e+00,-5.639922980e-02,5.639922980e-02
3.200000000e-03,6.158815054e-01,8.151622960e-04,-2.493393784e+00,-6.150663431e-02,6.150663431e-02
3.202000000e-03,6.644449819e-01,7.641158851e-04,-2.365496943e+00,-6.636808661e-02,6.636808660e-02
3.204000000e-03,7.103514812e-01,7.100138016e-04,-2.228140971e+00,-7.096414674e-02,7.096414674e-02
3.206000000e-03,7.534174326e-01,6.530723866e-04,-2.081875127e+00,-7.527643602e-02,7.527643602e-02
3.208000000e-03,7.934706244e-01,5.935193356e-04,-1.927284297e+00,-7.928771050e-02,7.928771050e-02
3.210000000e-03,8.303508922e-01,5.315927882e-04,-1.764986659e+00,-8.298192994e-02,8.298192994e-02
3.212000000e-03,8.639107595e-01,4.675403754e-04,-1.595631207e+00,-8.634432191e-02,8.634432191e-02
3.214000000e-03,8.940160274e-01,4.016182298e-04,-1.419895157e+00,-8.936144091e-02,8.936144091e-02
3.216000000e-03,9.205463111e-01,3.340899612e-04,-1.238481242e+00,-9.202122211e-02,9.202122211e-02
3.218000000e-03,9.433955216e-01,2.652256025e-04,-1.052114898e+00,-9.431302960e-02,9.431302960e-02
3.220000000e-03,9.624722897e-01,1.953005298e-04,-8.615413652e-01,-9.622769891e-02,9.622769891e-02
3.222000000e-03,9.777003312e-01,1.245943612e-04,-6.675227079e-01,-9.775757369e-02,9.775757369e-02
3.224000000e-03,9.890187525e-01,5.338983876e-05,-4.708347661e-01,-9.889653627e-02,9.889653627e-02
3.226000000e-03,9.963822935e-01,-1.802830210e-05,-2.722640540e-01,-9.964003218e-02,9.964003218e-02
3.228000000e-03,9.997615090e-01,-8.937447144e-05,-7.260461449e-02,-9.998508835e-02,9.998508835e-02
3.230000000e-03,9.991428861e-01,-1.603633667e-04,1.273451559e-01,-9.993032495e-02,9.993032495e-02
3.232000000e-03,9.945288987e-01,-2.307111136e-04,3.267856996e-01,-9.947596098e-02,9.947596098e-02
3.234000000e-03,9.859379971e-01,-3.001364013e-04,5.249194954e-01,-9.862381335e-02,9.862381335e-02
3.236000000e-03,9.734045344e-01,-3.683616073e-04,7.209542474e-01,-9.737728961e-02,9.737728961e-02
3.238000000e-03,9.569786296e-01,-4.351139079e-04,9.141060536e-01,-9.574137435e-02,9.574137435e-02
3.240000000e-03,9.367259662e-01,-5.001263687e-04,1.103602540e+00,-9.372260926e-02,9.372260926e-02
3.242000000e-03,9.127275305e-01,-5.631390126e-04,1.288685950e+00,-9.132906695e-02,9.132906695e-02
3.244000000e-03,8.850792873e-01,-6.238998587e-04,1.468616172e+00,-8.857031872e-02,8.857031872e-02
3.246000000e-03,8.538917961e-01,-6.821659309e-04,1.642673705e+00,-8.545739621e-02,8.545739620e-02
3.248000000e-03,8.192897692e-01,-7.377042287e-04,1.810162527e+00,-8.200274735e-02,8.200274735e-02
3.250000000e-03,7.814115730e-01,-7.902926593e-04,1.970412886e+00,-7.822018657e-02,7.822018656e-02
3.252000000e-03,7.404086744e-01,-8.397209259e-04,2.122783974e+00,-7.412483953e-02,7.412483953e-02
3.254000000e-03,6.964450355e-01,-8.857913681e-04,2.266666491e+00,-6.973308269e-02,6.973308269e-02
3.256000000e-03,6.496964578e-01,-9.283197531e-04,2.401485080e+00,-6.506247775e-02,6.506247775e-02
3.258000000e-03,6.003498791e-01,-9.671360118e-04,2.526700631e+00,-6.013170151e-02,6.013170151e-02
3.260000000e-03,5.486026261e-01,-1.002084919e-03,2.641812431e+00,-5.496047110e-02,5.496047110e-02
3.262000000e-03,4.946616253e-01,-1.033026715e-03,2.746360173e+00,-4.956946520e-02,4.956946520e-02
3.264000000e-03,4.387425755e-01,-1.059837663e-03,2.839925793e+00,-4.398024132e-02,4.398024132e-02
3.266000000e-03,3.810690854e-01,-1.082410544e-03,2.922135140e+00,-3.821514960e-02,3.821514960e-02
3.268000000e-03,3.218717794e-01,-1.100655089e-03,2.992659477e+00,-3.229724345e-02,3.229724345e-02
3.270000000e-03,2.613873750e-01,-1.114498334e-03,3.051216791e+00,-2.625018733e-02,2.625018733e-02
3.272000000e-03,1.998577369e-01,-1.123884917e-03,3.097572925e+00,-2.009816218e-02,2.009816218e-02
3.274000000e-03,1.375289093e-01,-1.128777297e-03,3.131542509e+00,-1.386576866e-02,1.386576866e-02
3.276000000e-03,7.465013215e-02,-1.129155904e-03,3.152989706e+00,-7.577928806e-03,7.577928805e-03
3.278000000e-03,1.147284467e-02,-1.125019219e-03,3.161828753e+00,-1.259786389e-03,1.259786389e-03
3.280000000e-03,-5.175032033e-02,-1.116383778e-03,3.158024306e+00,5.063393655e-03,-5.063393655e-03
3.282000000e-03,-1.147665466e-01,-1.103284107e-03,3.141591576e+00,1.136632625e-02,-1.136632625e-02
3.284000000e-03,-1.773238452e-01,-1.085772585e-03,3.112596275e+00,1.762380727e-02,-1.762380727e-02
3.286000000e-03,-2.391720628e-01,-1.063919231e-03,3.071154349e+00,2.381081435e-02,-2.381081435e-02
3.288000000e-03,-3.000638809e-01,-1.037811429e-03,3.017431517e+00,2.990260695e-02,-2.990260695e-02
3.290000000e-03,-3.597558061e-01,-1.007553574e-03,2.951642603e+00,3.587482525e-02,-3.587482525e-02
3.292000000e-03,-4.180091426e-01,-9.732666571e-04,2.874050685e+00,4.170358759e-02,-4.170358759e-02
3.294000000e-03,-4.745909474e-01,-9.350877813e-04,2.784966036e+00,4.736558597e-02,-4.736558597e-02
3.296000000e-03,-5.292749618e-01,-8.931696132e-04,2.684744888e+00,5.283817922e-02,-5.283817922e-02
3.298000000e-03,-5.818425157e-01,-8.476797720e-04,2.573788003e+00,5.809948360e-02,-5.809948360e-02
3.300000000e-03,-6.320834025e-01,-7.988001599e-04,2.452539076e+00,6.312846023e-02,-6.312846023e-02
3.302000000e-03,-6.797967191e-01,-7.467262343e-04,2.321482955e+00,6.790499929e-02,-6.790499929e-02
3.304000000e-03,-7.247916701e-01,-6.916662264e-04,2.181143707e+00,7.241000039e-02,-7.241000039e-02
3.306000000e-03,-7.668883299e-01,-6.338403084e-04,2.032082519e+00,7.662544896e-02,-7.662544896e-02
3.308000000e-03,-8.059183629e-01,-5.734797132e-04,1.874895456e+00,8.053448832e-02,-8.053448831e-02
3.310000000e-03,-8.417256959e-01,-5.108258097e-04,1.710211076e+00,8.412148701e-02,-8.412148701e-02
3.312000000e-03,-8.741671429e-01,-4.461291376e-04,1.538687917e+00,8.737210138e-02,-8.737210138e-02
3.314000000e-03,-9.031129774e-01,-3.796484055e-04,1.361011866e+00,9.027333290e-02,-9.027333290e-02
3.316000000e-03,-9.284474509e-01,-3.116494564e-04,1.177893412e+00,9.281358015e-02,-9.281358014e-02
3.318000000e-03,-9.500692562e-01,-2.424042047e-04,9.900648063e-01,9.498268520e-02,-9.498268520e-02
3.320000000e-03,-9.678919321e-01,-1.721895488e-04,7.982771379e-01,9.677197426e-02,-9.677197426e-02
3.322000000e-03,-9.818442095e-01,-1.012862638e-04,6.032973252e-01,9.817429233e-02,-9.817429233e-02
3.324000000e-03,-9.918702962e-01,-2.997787881e-05,4.059050521e-01,9.918403183e-02,-9.918403183e-02
3.326000000e-03,-9.979300998e-01,4.145045687e-05,2.068896490e-01,9.979715503e-02,-9.979715503e-02
3.328000000e-03,-9.999993886e-01,1.127131140e-04,7.046937162e-03,1.000112102e-01,-1.000112102e-01
3.330000000e-03,-9.980698877e-01,1.835251258e-04,-1.928239539e-01,9.982534129e-02,-9.982534129e-02
3.332000000e-03,-9.921493130e-01,2.536033269e-04,-3.919237822e-01,9.924029164e-02,-9.924029164e-02
3.334000000e-03,-9.822613396e-01,3.226674865e-04,-5.894563889e-01,9.825840071e-02,-9.825840071e-02
3.336000000e-03,-9.684455074e-01,3.904414282e-04,-7.846318822e-01,9.688359488e-02,-9.688359488e-02
3.338000000e-03,-9.507570630e-01,4.566541350e-04,-9.766697958e-01,9.512137172e-02,-9.512137172e-02
3.340000000e-03,-9.292667389e-01,5.210408325e-04,-1.164802210e+00,9.297877798e-02,-9.297877797e-02
3.342000000e-03,-9.040604704e-01,5.833440483e-04,-1.348276823e+00,9.046438145e-02,-9.046438145e-02
3.344000000e-03,-8.752390521e-01,6.433146410e-04,-1.526359957e+00,8.758823668e-02,-8.758823668e-02
3.346000000e-03,-8.429177349e-01,7.007127969e-04,-1.698339496e+00,8.436184477e-02,-8.436184477e-02
3.348000000e-03,-8.072257650e-01,7.553089887e-04,-1.863527728e+00,8.079810740e-02,-8.079810740e-02
3.350000000e-03,-7.683058672e-01,8.068848938e-04,-2.021264101e+00,7.691127521e-02,-7.691127521e-02
3.352000000e-03,-7.263136740e-01,8.552342666e-04,-2.170917859e+00,7.271689083e-02,-7.271689082e-02
3.354000000e-03,-6.814171035e-01,9.001637640e-04,-2.311890568e+00,6.823172673e-02,-6.823172672e-02
3.356000000e-03,-6.337956877e-01,9.414937181e-04,-2.443618509e+00,6.347371814e-02,-6.347371814e-02
3.358000000e-03,-5.836398548e-01,9.790588550e-04,-2.565574927e+00,5.846189137e-02,-5.846189137e-02
3.360000000e-03,-5.311501676e-01,1.012708955e-03,-2.677272144e+00,5.321628765e-02,-5.321628765e-02
3.362000000e-03,-4.765365212e-01,1.042309455e-03,-2.778263508e+00,4.775788307e-02,-4.775788307e-02
3.364000000e-03,-4.200173045e-01,1.067741984e-03,-2.868145174e+00,4.210850465e-02,-4.210850465e-02
3.366000000e-03,-3.618185259e-01,1.088904838e-03,-2.946557724e+00,3.629074308e-02,-3.629074308e-02
3.368000000e-03,-3.021729103e-01,1.105713388e-03,-3.013187603e+00,3.032786237e-02,-3.032786237e-02
3.370000000e-03,-2.413189681e-01,1.118100417e-03,-3.067768371e+00,2.424370685e-02,-2.424370685e-02
3.372000000e-03,-1.795000415e-01,1.126016386e-03,-3.110081772e+00,1.806260579e-02,-1.806260579e-02
3.374000000e-03,-1.169633316e-01,1.129429639e-03,-3.139958603e+00,1.180927612e-02,-1.180927612e-02
3.376000000e-03,-5.395890966e-02,1.128326522e-03,-3.157279393e+00,5.508723618e-03,-5.508723618e-03
3.378000000e-03,9.261282743e-03,1.122711443e-03,-3.161974880e+00,-8.138571300e-04,8.138571300e-04
3.380000000e-03,7.244444120e-02,1.112606853e-03,-3.154026287e+00,-7.133183435e-03,7.133183435e-03
3.382000000e-03,1.353379094e-01,1.098053154e-03,-3.133465399e+00,-1.342398563e-02,1.342398563e-02
3.384000000e-03,1.976901895e-01,1.079108541e-03,-3.100374435e+00,-1.966110809e-02,1.966110809e-02
3.386000000e-03,2.592519476e-01,1.055848766e-03,-3.054885718e+00,-2.581960988e-02,2.581960988e-02
3.388000000e-03,3.197770111e-01,1.028366839e-03,-2.997181149e+00,-3.187486442e-02,3.187486442e-02
3.390000000e-03,3.790233528e-01,9.967726495e-04,-2.927491477e+00,-3.780265802e-02,3.780265802e-02
3.392000000e-03,4.367540590e-01,9.611925356e-04,-2.846095375e+00,-4.357928665e-02,4.357928665e-02
3.394000000e-03,4.927382766e-01,9.217687722e-04,-2.753318329e+00,-4.918165078e-02,4.918165078e-02
3.396000000e-03,5.467521362e-01,8.786590049e-04,-2.649531337e+00,-5.458734772e-02,5.458734772e-02
3.398000000e-03,5.985796478e-01,8.320356190e-04,-2.535149420e+00,-5.977476122e-02,5.977476122e-02
3.400000000e-03,6.480135639e-01,7.820850503e-04,-2.410629967e+00,-6.472314789e-02,6.472314789e-02
3.402000000e-03,6.948562086e-01,7.290070394e-04,-2.276470907e+00,-6.941272015e-02,6.941272015e-02
3.404000000e-03,7.389202678e-01,6.730138333e-04,-2.133208714e+00,-7.382472539e-02,7.382472539e-02
3.406000000e-03,7.800295385e-01,6.143293362e-04,-1.981416262e+00,-7.794152092e-02,7.794152092e-02
3.408000000e-03,8.180196334e-01,5.531882147e-04,-1.821700540e+00,-8.174664452e-02,8.174664452e-02
3.410000000e-03,8.527386379e-01,4.898349590e-04,-1.654700215e+00,-8.522488029e-02,8.522488029e-02
3.412000000e-03,8.840477179e-01,4.245229053e-04,-1.481083089e+00,-8.836231950e-02,8.836231950e-02
3.414000000e-03,9.118216750e-01,3.575132229e-04,-1.301543420e+00,-9.114641618e-02,9.114641618e-02
3.416000000e-03,9.359494469e-01,2.890738699e-04,-1.116799149e+00,-9.356603730e-02,9.356603730e-02
3.418000000e-03,9.563345516e-01,2.194785213e-04,-9.275890307e-01,-9.561150731e-02,9.561150731e-02
3.420000000e-03,9.728954734e-01,1.490054750e-04,-7.346696769e-01,-9.727464679e-02,9.727464679e-02
3.422000000e-03,9.855659885e-01,7.793653876e-05,-5.388125319e-01,-9.854880520e-02,9.854880520e-02
3.424000000e-03,9.942954303e-01,6.555903497e-06,-3.408007876e-01,-9.942888744e-02,9.942888744e-02
3.426000000e-03,9.990488914e-01,-6.485099343e-05,-1.414262518e-01,-9.991137424e-02,9.991137424e-02
3.428000000e-03,9.998073638e-01,-1.359986095e-04,5.851381813e-02,-9.999433624e-02,9.999433624e-02
3.430000000e-03,9.965678146e-01,-2.066024386e-04,2.582199035e-01,-9.967744170e-02,9.967744170e-02
3.432000000e-03,9.893431979e-01,-2.763801494e-04,4.568934213e-01,-9.896195780e-02,9.896195780e-02
3.434000000e-03,9.781624035e-01,-3.450527136e-04,6.537399173e-01,-9.785074563e-02,9.785074562e-02
3.436000000e-03,9.630701412e-01,-4.123455219e-04,8.479722434e-01,-9.634824867e-02,9.634824867e-02
3.438000000e-03,9.441267617e-01,-4.779894827e-04,1.038813705e+00,-9.446047512e-02,9.446047512e-02
3.440000000e-03,9.214080156e-01,-5.417220973e-04,1.225501167e+00,-9.219497377e-02,9.219497377e-02
3.442000000e-03,8.950047506e-01,-6.032885101e-04,1.407288104e+00,-8.956080391e-02,8.956080391e-02
3.444000000e-03,8.650225477e-01,-6.624425277e-04,1.583447589e+00,-8.656849902e-02,8.656849902e-02
3.446000000e-03,8.315812995e-01,-7.189476031e-04,1.753275197e+00,-8.323002471e-02,8.323002471e-02
3.448000000e-03,7.948147307e-01,-7.725777819e-04,1.916091822e+00,-7.955873085e-02,7.955873085e-02
3.450000000e-03,7.548698632e-01,-8.231186058e-04,2.071246395e+00,-7.556929818e-02,7.556929818e-02
3.452000000e-03,7.119064280e-01,-8.703679702e-04,2.218118484e+00,-7.127767960e-02,7.127767960e-02
3.454000000e-03,6.660962271e-01,-9.141369321e-04,2.356120778e+00,-6.670103641e-02,6.670103641e-02
3.456000000e-03,6.176224460e-01,-9.542504661e-04,2.484701436e+00,-6.185766965e-02,6.185766965e-02
3.458000000e-03,5.666789212e-01,-9.905481640e-04,2.603346290e+00,-5.676694693e-02,5.676694693e-02
3.460000000e-03,5.134693652e-01,-1.022884876e-03,2.711580903e+00,-5.144922501e-02,5.144922501e-02
3.462000000e-03,4.582065520e-01,-1.051131293e-03,2.808972469e+00,-4.592576833e-02,4.592576833e-02
3.464000000e-03,4.011114662e-01,-1.075174459e-03,2.895131538e+00,-4.021866406e-02,4.021866406e-02
3.466000000e-03,3.424124190e-01,-1.094918230e-03,2.969713579e+00,-3.435073372e-02,3.435073372e-02
3.468000000e-03,2.823441358e-01,-1.110283651e-03,3.032420352e+00,-2.834544194e-02,2.834544194e-02
3.470000000e-03,2.211468171e-01,-1.121209277e-03,3.083001108e+00,-2.222680263e-02,2.222680263e-02
3.472000000e-03,1.590651782e-01,-1.127651416e-03,3.121253583e+00,-1.601928297e-02,1.601928297e-02
3.474000000e-03,9.634747086e-02,-1.129584305e-03,3.147024815e+00,-9.747705517e-03,9.747705517e-03
3.476000000e-03,3.324448999e-02,-1.127000213e-03,3.160211749e+00,-3.437149020e-03,3.437149020e-03
3.478000000e-03,-2.999142869e-02,-1.119909471e-03,3.160761654e+00,2.887151922e-03,-2.887151922e-03
3.480000000e-03,-9.310741788e-02,-1.108340432e-03,3.148672330e+00,9.199907745e-03,-9.199907745e-03
3.482000000e-03,-1.558510899e-01,-1.092339354e-03,3.123992121e+00,1.547587505e-02,-1.547587505e-02
3.484000000e-03,-2.179715458e-01,-1.071970223e-03,3.086819718e+00,2.168995756e-02,-2.168995756e-02
3.486000000e-03,-2.792203788e-01,-1.047314487e-03,3.037303764e+00,2.781730643e-02,-2.781730643e-02
3.488000000e-03,-3.393526676e-01,-1.018470739e-03,2.975642265e+00,3.383341969e-02,-3.383341969e-02
3.490000000e-03,-3.981279557e-01,-9.855543164e-04,2.902081791e+00,3.971424014e-02,-3.971424014e-02
3.492000000e-03,-4.553112129e-01,-9.486968446e-04,2.816916495e+00,4.543625160e-02,-4.543625160e-02
3.494000000e-03,-5.106737752e-01,-9.080457072e-04,2.720486937e+00,5.097657295e-02,-5.097657295e-02
3.496000000e-03,-5.639942594e-01,-8.637634588e-04,2.613178717e+00,5.631304959e-02,-5.631304959e-02
3.498000000e-03,-6.150594478e-01,-8.160271736e-04,2.495420940e+00,6.142434206e-02,-6.142434206e-02
3.500000000e-03,-6.636651414e-01,-7.650277383e-04,2.367684493e+00,6.629001137e-02,-6.629001137e-02
3.502000000e-03,-7.096169762e-01,-7.109690881e-04,2.230480168e+00,7.089060071e-02,-7.089060071e-02
3.504000000e-03,-7.527312003e-01,-6.540673918e-04,2.084356617e+00,7.520771329e-02,-7.520771329e-02
3.506000000e-03,-7.928354088e-01,-5.945501867e-04,1.929898158e+00,7.922408587e-02,-7.922408586e-02
3.508000000e-03,-8.297692335e-01,-5.326554695e-04,1.767722437e+00,8.292365780e-02,-8.292365780e-02
3.510000000e-03,-8.633849836e-01,-4.686307439e-04,1.598477962e+00,8.629163529e-02,-8.629163529e-02
3.512000000e-03,-8.935482368e-01,-4.027320313e-04,1.422841507e+00,8.931455047e-02,-8.931455047e-02
3.514000000e-03,-9.201383764e-01,-3.352228469e-04,1.241515404e+00,9.198031535e-02,-9.198031535e-02
3.516000000e-03,-9.430490740e-01,-2.663731460e-04,1.055224739e+00,9.427827008e-02,-9.427827008e-02
3.518000000e-03,-9.621887145e-01,-1.964582443e-04,8.647144497e-01,9.619922563e-02,-9.619922563e-02
3.520000000e-03,-9.774807625e-01,-1.257577175e-04,6.707463474e-01,9.773550048e-02,-9.773550048e-02
3.522000000e-03,-9.888640682e-01,-5.455428247e-05,4.740960700e-01,9.888095140e-02,-9.888095139e-02
3.524000000e-03,-9.962931122e-01,1.686733240e-05,2.755499810e-01,9.963099796e-02,-9.963099796e-02
3.526000000e-03,-9.997381873e-01,8.822152634e-05,7.590202493e-02,9.998264089e-02,-9.998264088e-02
3.528000000e-03,-9.991855173e-01,1.592229680e-04,-1.240494475e-01,9.993447403e-02,-9.993447403e-02
3.530000000e-03,-9.946373123e-01,2.295877367e-04,-3.235048721e-01,9.948669001e-02,-9.948669000e-02
3.532000000e-03,-9.861117595e-01,2.990344573e-04,-5.216666680e-01,9.864107940e-02,-9.864107940e-02
3.534000000e-03,-9.736429510e-01,3.672854258e-04,-7.177424274e-01,9.740102364e-02,-9.740102364e-02
3.536000000e-03,-9.572807467e-01,4.340677199e-04,-9.109480841e-01,9.577148145e-02,-9.577148145e-02
3.538000000e-03,-9.370905759e-01,4.991142898e-04,-1.100511049e+00,9.375896902e-02,-9.375896902e-02
3.540000000e-03,-9.131531748e-01,5.621650266e-04,-1.285673299e+00,9.137153398e-02,-9.137153398e-02
3.542000000e-03,-8.855642641e-01,6.229678023e-04,-1.465694409e+00,8.861872319e-02,-8.861872319e-02
3.544000000e-03,-8.544341661e-01,6.812794779e-04,-1.639854512e+00,8.551154456e-02,-8.551154455e-02
3.546000000e-03,-8.198873635e-01,7.368668758e-04,-1.807457178e+00,8.206242304e-02,-8.206242304e-02
3.548000000e-03,-7.820620020e-01,7.895077121e-04,-1.967832199e+00,7.828515097e-02,-7.828515097e-02
3.550000000e-03,-7.411093371e-01,8.389914856e-04,-2.120338268e+00,7.419483286e-02,-7.419483286e-02
3.552000000e-03,-6.971931302e-01,8.851203195e-04,-2.264365546e+00,6.980782505e-02,-6.980782505e-02
3.554000000e-03,-6.504889930e-01,9.277097528e-04,-2.399338096e+00,6.514167027e-02,-6.514167027e-02
3.556000000e-03,-6.011836856e-01,9.665894776e-04,-2.524716193e+00,6.021502750e-02,-6.021502750e-02
3.558000000e-03,-5.494743696e-01,1.001604021e-03,-2.639998475e+00,5.504759737e-02,-5.504759736e-02
3.560000000e-03,-4.955678200e-01,1.032613364e-03,-2.744723952e+00,4.966004333e-02,-4.966004333e-02
3.562000000e-03,-4.396795977e-01,1.059493507e-03,-2.838473850e+00,4.407390912e-02,-4.407390912e-02
3.564000000e-03,-3.820331882e-01,1.082136959e-03,-2.920873280e+00,3.831153251e-02,-3.831153251e-02
3.566000000e-03,-3.228591074e-01,1.100453174e-03,-2.991592746e+00,3.239595605e-02,-3.239595605e-02
3.568000000e-03,-2.623939802e-01,1.114368905e-03,-3.050349455e+00,2.635083491e-02,-2.635083491e-02
3.570000000e-03,-2.008795940e-01,1.123828507e-03,-3.096908451e+00,2.020034225e-02,-2.020034225e-02
3.572000000e-03,-1.385619321e-01,1.128794150e-03,-3.131083555e+00,1.396907263e-02,-1.396907263e-02
3.574000000e-03,-7.569018990e-02,1.129245977e-03,-3.152738106e+00,7.681943588e-03,-7.681943588e-03
3.576000000e-03,-1.251577836e-02,1.125182179e-03,-3.161785514e+00,1.364096054e-03,-1.364096054e-03
3.578000000e-03,5.070868118e-02,1.116619005e-03,-3.158189599e+00,-4.959206218e-03,4.959206218e-03
3.580000000e-03,1.137303673e-01,1.103590698e-03,-3.141964741e+00,-1.126267766e-02,1.126267766e-02
3.582000000e-03,1.762972692e-01,1.086149352e-03,-3.113175820e+00,-1.752111199e-02,1.752111199e-02
3.584000000e-03,2.381591951e-01,1.064364711e-03,-3.071937956e+00,-2.370948304e-02,2.370948304e-02
3.586000000e-03,2.990687719e-01,1.038323886e-03,-3.018416051e+00,-2.980304480e-02,2.980304480e-02
3.588000000e-03,3.587824349e-01,1.008131008e-03,-2.952824128e+00,-3.577743039e-02,3.577743039e-02
3.590000000e-03,4.170614015e-01,9.739068119e-04,-2.875424476e+00,-4.160874947e-02,4.160874947e-02
3.592000000e-03,4.736726264e-01,9.357881511e-04,-2.786526600e+00,-4.727368383e-02,4.727368382e-02
3.594000000e-03,5.283897329e-01,8.939274538e-04,-2.686485983e+00,-5.274958055e-02,5.274958055e-02
3.596000000e-03,5.809939188e-01,8.484921115e-04,-2.575702667e+00,-5.801454267e-02,5.801454267e-02
3.598000000e-03,6.312748309e-01,7.996638101e-04,-2.454619653e+00,-6.304751671e-02,6.304751671e-02
3.600000000e-03,6.790314062e-01,7.476378030e-04,-2.323721125e+00,-6.782837685e-02,6.782837684e-02
3.602000000e-03,7.240726762e-01,6.926221311e-04,-2.183530520e+00,-7.233800541e-02,7.233800541e-02
3.604000000e-03,7.662185302e-01,6.348367902e-04,-2.034608430e+00,-7.655836934e-02,7.655836934e-02
3.606000000e-03,8.053004356e-01,5.745128513e-04,-1.877550365e+00,-8.047259227e-02,8.047259227e-02
3.608000000e-03,8.411621121e-01,5.118915373e-04,-1.712984366e+00,-8.406502205e-02,8.406502205e-02
3.610000000e-03,8.736601562e-01,4.472232573e-04,-1.541568499e+00,-8.732129330e-02,8.732129330e-02
3.612000000e-03,9.026646151e-01,3.807666064e-04,-1.363988220e+00,-9.022838485e-02,9.022838485e-02
3.614000000e-03,9.280595060e-01,3.127873308e-04,-1.180953636e+00,-9.277467187e-02,9.277467187e-02
3.616000000e-03,9.497432799e-01,2.435572655e-04,-9.931966641e-01,-9.494997227e-02,9.494997227e-02
3.618000000e-03,9.676292280e-01,1.733532472e-04,-8.014681053e-01,-9.674558748e-02,9.674558748e-02
3.620000000e-03,9.816458281e-01,1.024560074e-04,-6.065346423e-01,-9.815433721e-02,9.815433721e-02
3.622000000e-03,9.917370307e-01,3.114904955e-05,-4.091757735e-01,-9.917058817e-02,9.917058817e-02
3.624000000e-03,9.978624832e-01,-4.028248426e-05,-2.101806958e-01,-9.979027657e-02,9.979027657e-02
3.626000000e-03,9.999976912e-01,-1.115529539e-04,-1.034514922e-02,-1.000109244e-01,1.000109244e-01
3.628000000e-03,9.981341164e-01,-1.823773631e-04,1.895317654e-01,-9.983164938e-02,9.983164938e-02
3.630000000e-03,9.922792109e-01,-2.524724993e-04,3.886507820e-01,-9.925316834e-02,9.925316834e-02
3.632000000e-03,9.824563873e-01,-3.215580662e-04,5.862156650e-01,-9.827779453e-02,9.827779453e-02
3.634000000e-03,9.687049248e-01,-3.893578043e-04,7.814363934e-01,-9.690942827e-02,9.690942827e-02
3.636000000e-03,9.510798129e-01,-4.556005959e-04,9.735323203e-01,-9.515354135e-02,9.515354135e-02
3.638000000e-03,9.296515307e-01,-5.200215493e-04,1.161735294e+00,-9.301715522e-02,9.301715522e-02
3.640000000e-03,9.045057653e-01,-5.823630576e-04,1.345292730e+00,-9.050881283e-02,9.050881283e-02
3.642000000e-03,8.757430695e-01,-6.423758296e-04,1.523470620e+00,-8.763854453e-02,8.763854453e-02
3.644000000e-03,8.434784593e-01,-6.998198856e-04,1.695556468e+00,-8.441782792e-02,8.441782792e-02
3.646000000e-03,8.078409542e-01,-7.544655182e-04,1.860862138e+00,-8.085954198e-02,8.085954197e-02
3.648000000e-03,7.689730612e-01,-8.060942099e-04,2.018726608e+00,-7.697791554e-02,7.697791554e-02
3.650000000e-03,7.270302048e-01,-8.544995075e-04,2.168518610e+00,-7.278847044e-02,7.278847043e-02
3.652000000e-03,6.821801059e-01,-8.994878474e-04,2.309639157e+00,-6.830795938e-02,6.830795938e-02
3.654000000e-03,6.346021106e-01,-9.408793296e-04,2.441523938e+00,-6.355429900e-02,6.355429900e-02
3.656000000e-03,5.844864735e-01,-9.785084373e-04,2.563645572e+00,-5.854649820e-02,5.854649819e-02
3.658000000e-03,5.320335966e-01,-1.012224699e-03,2.675515721e+00,-5.330458213e-02,5.330458213e-02
3.660000000e-03,4.774532279e-01,-1.041893288e-03,2.776687039e+00,-4.784951212e-02,4.784951212e-02
3.662000000e-03,4.209636231e-01,-1.067395567e-03,2.866754963e+00,-4.220310187e-02,4.220310187e-02
3.664000000e-03,3.627906723e-01,-1.088629556e-03,2.945359331e+00,-3.638793019e-02,3.638793019e-02
3.666000000e-03,3.031669971e-01,-1.105510343e-03,3.012185819e+00,-3.042725075e-02,3.042725075e-02
3.668000000e-03,2.423310202e-01,-1.117970424e-03,3.066967202e+00,-2.434489906e-02,2.434489906e-02
3.670000000e-03,1.805260119e-01,-1.125959975e-03,3.109484422e+00,-1.816519719e-02,1.816519718e-02
3.672000000e-03,1.179991176e-01,-1.129447045e-03,3.139567460e+00,-1.191285646e-02,1.191285646e-02
3.674000000e-03,5.500036938e-02,-1.128417689e-03,3.157096022e+00,-5.612878707e-03,5.612878707e-03
3.676000000e-03,-8.218313864e-03,-1.122876023e-03,3.162000012e+00,7.095437841e-04,-7.095437841e-04
3.678000000e-03,-7.140413378e-02,-1.112844206e-03,3.154259823e+00,7.029128958e-03,-7.029128958e-03
3.680000000e-03,-1.343044234e-01,-1.098362352e-03,3.133906405e+00,1.332060611e-02,-1.332060611e-02
3.682000000e-03,-1.966676576e-01,-1.079488371e-03,3.101021147e+00,1.955881692e-02,-1.955881692e-02
3.684000000e-03,-2.582444587e-01,-1.056297735e-03,3.055735550e+00,2.571881610e-02,-2.571881610e-02
3.686000000e-03,-3.187885940e-01,-1.028883177e-03,2.998230702e+00,3.177597108e-02,-3.177597108e-02
3.688000000e-03,-3.780579600e-01,-9.973543227e-04,2.928736554e+00,3.770606056e-02,-3.770606056e-02
3.690000000e-03,-4.358155508e-01,-9.618372485e-04,2.847530997e+00,4.348537135e-02,-4.348537135e-02
3.692000000e-03,-4.918304059e-01,-9.224739792e-04,2.754938756e+00,4.909079319e-02,-4.909079319e-02
3.694000000e-03,-5.458785335e-01,-8.794219198e-04,2.651330089e+00,5.449991116e-02,-5.449991116e-02
3.696000000e-03,-5.977438064e-01,-8.328532261e-04,2.537119303e+00,5.969109531e-02,-5.969109531e-02
3.698000000e-03,-6.472188261e-01,-7.829541162e-04,2.412763106e+00,6.464358720e-02,-6.464358720e-02
3.700000000e-03,-6.941057524e-01,-7.299241259e-04,2.278758770e+00,6.933758282e-02,-6.933758282e-02
3.702000000e-03,-7.382170941e-01,-6.739753107e-04,2.135642152e+00,7.375431188e-02,-7.375431188e-02
3.704000000e-03,-7.793764592e-01,-6.153313982e-04,1.983985546e+00,7.787611278e-02,-7.787611278e-02
3.706000000e-03,-8.174192600e-01,-5.542268927e-04,1.824395394e+00,8.168650331e-02,-8.168650331e-02
3.708000000e-03,-8.521933712e-01,-4.909061385e-04,1.657509864e+00,8.517024651e-02,-8.517024651e-02
3.710000000e-03,-8.835597383e-01,-4.256223418e-04,1.483996297e+00,8.831341160e-02,-8.831341160e-02
3.712000000e-03,-9.113929339e-01,-3.586365589e-04,1.304548538e+00,9.110342973e-02,-9.110342973e-02
3.714000000e-03,-9.355816586e-01,-2.902166520e-04,1.119884160e+00,9.352914420e-02,-9.352914420e-02
3.716000000e-03,-9.560291869e-01,-2.206362181e-04,9.307415985e-01,9.558085507e-02,-9.558085507e-02
3.718000000e-03,-9.726537534e-01,-1.501734948e-04,7.378771950e-01,9.725035799e-02,-9.725035799e-02
3.720000000e-03,-9.853888798e-01,-7.911024803e-05,5.420621740e-01,9.853097695e-02,-9.853097695e-02
3.722000000e-03,-9.941836410e-01,-7.730645079e-06,3.440795592e-01,9.941759103e-02,-9.941759103e-02
3.724000000e-03,-9.990028686e-01,6.367988172e-05,1.447210418e-01,9.990665485e-02,-9.990665485e-02
3.726000000e-03,-9.998272916e-01,1.348357763e-04,-5.521618497e-02,9.999621273e-02,-9.999621273e-02
3.728000000e-03,-9.966536131e-01,2.054525008e-04,-2.549326137e-01,9.968590656e-02,-9.968590656e-02
3.730000000e-03,-9.894945242e-01,2.752476734e-04,-4.536296199e-01,9.897697719e-02,-9.897697719e-02
3.732000000e-03,-9.783786525e-01,3.439421974e-04,-6.505126556e-01,9.787225947e-02,-9.787225947e-02
3.734000000e-03,-9.633504481e-01,4.112613772e-04,-8.447944266e-01,9.637617094e-02,-9.637617094e-02
3.736000000e-03,-9.444700056e-01,4.769360172e-04,-1.035698040e+00,9.449469416e-02,-9.449469416e-02
3.738000000e-03,-9.218128240e-01,5.407034977e-04,-1.222460113e+00,9.223535275e-02,-9.223535274e-02
3.740000000e-03,-8.954695046e-01,6.023088254e-04,-1.404333822e+00,8.960718134e-02,-8.960718134e-02
3.742000000e-03,-8.655453890e-01,6.615056530e-04,-1.580591892e+00,8.662068946e-02,-8.662068946e-02
3.744000000e-03,-8.321601373e-01,7.180572641e-04,-1.750529504e+00,8.328781946e-02,-8.328781946e-02
3.746000000e-03,-7.954472504e-01,7.717375202e-04,-1.913467113e+00,7.962189879e-02,-7.962189879e-02
3.748000000e-03,-7.555535354e-01,8.223317646e-04,-2.068753165e+00,7.563758672e-02,-7.563758672e-02
3.750000000e-03,-7.126385189e-01,8.696376809e-04,-2.215766703e+00,7.135081566e-02,-7.135081566e-02
3.752000000e-03,-6.668738093e-01,9.134661020e-04,-2.353919851e+00,6.677872754e-02,-6.677872754e-02
3.754000000e-03,-6.184424099e-01,9.536417667e-04,-2.482660163e+00,6.193960517e-02,-6.193960517e-02
3.756000000e-03,-5.675379881e-01,9.900040203e-04,-2.601472833e+00,5.685279921e-02,-5.685279921e-02
3.758000000e-03,-5.143640998e-01,1.022407457e-03,-2.709882755e+00,5.153865073e-02,-5.153865073e-02
3.760000000e-03,-4.591333765e-01,1.050722502e-03,-2.807456419e+00,4.601840990e-02,-4.601840990e-02
3.762000000e-03,-4.020666743e-01,1.074835928e-03,-2.893803649e+00,4.031415103e-02,-4.031415103e-02
3.764000000e-03,-3.433921912e-01,1.094651311e-03,-2.968579161e+00,3.444868425e-02,-3.444868425e-02
3.766000000e-03,-2.833445541e-01,1.110089413e-03,-3.031483941e+00,2.844546435e-02,-2.844546435e-02
3.768000000e-03,-2.221638810e-01,1.121088498e-03,-3.082266448e+00,2.232849695e-02,-2.232849695e-02
3.770000000e-03,-1.600948208e-01,1.127604583e-03,-3.120723613e+00,1.612224254e-02,-1.612224254e-02
3.772000000e-03,-9.738557470e-02,1.129611612e-03,-3.146701653e+00,9.851518632e-03,-9.851518632e-03
3.774000000e-03,-3.428690395e-02,1.127101558e-03,-3.160096687e+00,3.541400551e-03,-3.541400551e-03
3.776000000e-03,2.894887299e-02,1.120084458e-03,-3.160855152e+00,-2.782878854e-03,2.782878854e-03
3.778000000e-03,9.206888942e-02,1.108588372e-03,-3.148974015e+00,-9.096030105e-03,9.096030105e-03
3.780000000e-03,1.548207415e-01,1.092659268e-03,-3.124500786e+00,-1.537280822e-02,1.537280822e-02
3.782000000e-03,2.169534977e-01,1.072360845e-03,-3.087533329e+00,-2.158811368e-02,2.158811368e-02
3.784000000e-03,2.782187019e-01,1.047774270e-03,-3.038219467e+00,-2.771709276e-02,2.771709276e-02
3.786000000e-03,3.383713674e-01,1.018997861e-03,-2.976756398e+00,-3.373523695e-02,3.373523695e-02
3.788000000e-03,3.971709562e-01,9.861466864e-04,-2.903389899e+00,-3.961848095e-02,3.961848095e-02
3.790000000e-03,4.543823409e-01,9.493521123e-04,-2.818413348e+00,-4.534329888e-02,4.534329888e-02
3.792000000e-03,5.097767452e-01,9.087612719e-04,-2.722166549e+00,-5.088679840e-02,5.088679840e-02
3.794000000e-03,5.631326583e-01,8.645364791e-04,-2.615034371e+00,-5.622681219e-02,5.622681219e-02
3.796000000e-03,6.142367211e-01,8.168545794e-04,-2.497445215e+00,-6.134198665e-02,6.134198665e-02
3.798000000e-03,6.628845789e-01,7.659062425e-04,-2.369869295e+00,-6.621186727e-02,6.621186727e-02
3.800000000e-03,7.088816993e-01,7.118952001e-04,-2.232816761e+00,-7.081698041e-02,7.081698041e-02
3.802000000e-03,7.520441491e-01,6.550374307e-04,-2.086835657e+00,-7.513891117e-02,7.513891117e-02
3.804000000e-03,7.921993308e-01,5.955602968e-04,-1.932509731e+00,-7.916037705e-02,7.916037705e-02
3.806000000e-03,8.291866722e-01,5.337016347e-04,-1.770456101e+00,-8.286529705e-02,8.286529705e-02
3.808000000e-03,8.628582685e-01,4.697088043e-04,-1.601322785e+00,-8.623885597e-02,8.623885597e-02
3.810000000e-03,8.930794741e-01,4.038376996e-04,-1.425786112e+00,-8.926756364e-02,8.926756364e-02
3.812000000e-03,9.197294406e-01,3.363517253e-04,-1.244548017e+00,-9.193930889e-02,9.193930889e-02
3.814000000e-03,9.427016004e-01,2.675207437e-04,-1.058333234e+00,-9.424340797e-02,9.424340797e-02
3.816000000e-03,9.619040926e-01,1.976199956e-04,-8.678863961e-01,-9.617064726e-02,9.617064726e-02
3.818000000e-03,9.772601304e-01,1.269289996e-04,-6.739690610e-01,-9.771332014e-02,9.771332014e-02
3.820000000e-03,9.887083082e-01,5.573043436e-05,-4.773566639e-01,-9.886525778e-02,9.886525778e-02
3.822000000e-03,9.962028471e-01,-1.569099185e-05,-2.788354168e-01,-9.962185381e-02,9.962185381e-02
3.824000000e-03,9.997137781e-01,-8.704967950e-05,-7.919916479e-02,-9.998008278e-02,9.998008278e-02
3.826000000e-03,9.992270616e-01,-1.580602799e-04,1.207537882e-01,-9.993851219e-02,9.993851218e-02
3.828000000e-03,9.947446439e-01,-2.284388363e-04,3.202238718e-01,-9.949730827e-02,9.949730827e-02
3.830000000e-03,9.862844493e-01,-2.979039194e-04,5.184134469e-01,-9.865823532e-02,9.865823532e-02
3.832000000e-03,9.738803083e-01,-3.661777525e-04,7.145299944e-01,-9.742464860e-02,9.742464860e-02
3.834000000e-03,9.575818225e-01,-4.329873226e-04,9.077892850e-01,-9.580148099e-02,9.580148098e-02
3.836000000e-03,9.374541662e-01,-4.980654718e-04,1.097418515e+00,-9.379522317e-02,9.379522317e-02
3.838000000e-03,9.135778257e-01,-5.611519660e-04,1.282659397e+00,-9.141389777e-02,9.141389777e-02
3.840000000e-03,8.860482775e-01,-6.219945352e-04,1.462771191e+00,-8.866702720e-02,8.866702720e-02
3.842000000e-03,8.549756065e-01,-6.803498822e-04,1.637033666e+00,-8.556559564e-02,8.556559564e-02
3.844000000e-03,8.204840659e-01,-7.359846559e-04,1.804749985e+00,-8.212200506e-02,8.212200506e-02
3.846000000e-03,7.827115802e-01,-7.886763842e-04,1.965249484e+00,-7.835002566e-02,7.835002566e-02
3.848000000e-03,7.418091937e-01,-8.382143635e-04,2.117890359e+00,-7.426474080e-02,7.426474080e-02
3.850000000e-03,6.979404665e-01,-8.844005013e-04,2.262062231e+00,-6.988248670e-02,6.988248670e-02
3.852000000e-03,6.512808205e-01,-9.270501087e-04,2.397188587e+00,-6.522078706e-02,6.522078706e-02
3.854000000e-03,6.020168380e-01,-9.659926383e-04,2.522729084e+00,-6.029828307e-02,6.029828307e-02
3.856000000e-03,5.503455154e-01,-1.001072367e-03,2.638181713e+00,-5.513465878e-02,5.513465878e-02
3.858000000e-03,4.964734756e-01,-1.032149017e-03,2.743084801e+00,-4.975056246e-02,4.975056246e-02
3.860000000e-03,4.406161416e-01,-1.059098320e-03,2.837018864e+00,-4.416752399e-02,4.416752399e-02
3.862000000e-03,3.829968753e-01,-1.081812511e-03,2.919608279e+00,-3.840786878e-02,3.840786878e-02
3.864000000e-03,3.238460841e-01,-1.100200760e-03,2.990522787e+00,-3.249462849e-02,3.249462849e-02
3.866000000e-03,2.634002998e-01,-1.114189535e-03,3.049478817e+00,-2.645144894e-02,2.645144894e-02
3.868000000e-03,2.019012326e-01,-1.123722899e-03,3.096240615e+00,-2.030249555e-02,2.030249555e-02
3.870000000e-03,1.395948042e-01,-1.128762728e-03,3.130621191e+00,-1.407235670e-02,1.407235670e-02
3.872000000e-03,7.673016531e-02,-1.129288871e-03,3.152483064e+00,-7.785945418e-03,7.785945418e-03
3.874000000e-03,1.355869843e-02,-1.125299221e-03,3.161738813e+00,-1.468399765e-03,1.468399765e-03
3.876000000e-03,-4.966698687e-02,-1.116809733e-03,3.158351426e+00,4.855017714e-03,-4.855017714e-03
3.878000000e-03,-1.126940642e-01,-1.103854354e-03,3.142334449e+00,1.115902099e-02,-1.115902099e-02
3.880000000e-03,-1.752705014e-01,-1.086484890e-03,3.113751930e+00,1.741840166e-02,-1.741840166e-02
3.882000000e-03,-2.371460684e-01,-1.064770798e-03,3.072718165e+00,2.360812976e-02,-2.360812976e-02
3.884000000e-03,-2.980733375e-01,-1.038798906e-03,3.019397239e+00,2.970345386e-02,-2.970345386e-02
3.886000000e-03,-3.578086734e-01,-1.008673071e-03,2.954002371e+00,3.568000003e-02,-3.568000003e-02
3.888000000e-03,-4.161132068e-01,-9.745137608e-04,2.876795063e+00,4.151386931e-02,-4.151386931e-02
3.890000000e-03,-4.727537901e-01,-9.364575697e-04,2.788084049e+00,4.718173325e-02,-4.718173325e-02
3.892000000e-03,-5.275039292e-01,-8.946566767e-04,2.688224067e+00,5.266092726e-02,-5.266092726e-02
3.894000000e-03,-5.801446899e-01,-8.492782347e-04,2.577614436e+00,5.792954117e-02,-5.792954117e-02
3.896000000e-03,-6.304655726e-01,-8.005037026e-04,2.456697461e+00,6.296650689e-02,-6.296650689e-02
3.898000000e-03,-6.782653547e-01,-7.485281193e-04,2.325956664e+00,6.775168266e-02,-6.775168266e-02
3.900000000e-03,-7.233528947e-01,-6.935593243e-04,2.185914851e+00,7.226593353e-02,-7.226593353e-02
3.902000000e-03,-7.655478969e-01,-6.358171262e-04,2.037132018e+00,7.649120797e-02,-7.649120797e-02
3.904000000e-03,-8.046816323e-01,-5.755324239e-04,1.880203118e+00,8.041060998e-02,-8.041060998e-02
3.906000000e-03,-8.405976132e-01,-5.129462834e-04,1.715755677e+00,8.400846669e-02,-8.400846669e-02
3.908000000e-03,-8.731522191e-01,-4.483089734e-04,1.544447286e+00,8.727039101e-02,-8.727039101e-02
3.910000000e-03,-9.022152709e-01,-3.818789652e-04,1.366962971e+00,9.018333919e-02,-9.018333919e-02
3.912000000e-03,-9.276705515e-01,-3.139218984e-04,1.184012456e+00,9.273566296e-02,-9.273566296e-02
3.914000000e-03,-9.494162705e-01,-2.447095193e-04,9.963273217e-01,9.491715610e-02,-9.491715610e-02
3.916000000e-03,-9.673654713e-01,-1.745185936e-04,8.046580813e-01,9.671909527e-02,-9.671909527e-02
3.918000000e-03,-9.814463788e-01,-1.036298003e-04,6.097711807e-01,9.813427490e-02,-9.813427490e-02
3.920000000e-03,-9.916026864e-01,-3.232660905e-05,4.124459319e-01,9.915703598e-02,-9.915703598e-02
3.922000000e-03,-9.977937811e-01,3.910585359e-05,2.134713976e-01,9.978328870e-02,-9.978328870e-02
3.924000000e-03,-9.999949060e-01,1.103819440e-04,1.364323562e-02,1.000105288e-01,-1.000105288e-01
3.926000000e-03,-9.981972593e-01,1.812166438e-04,-1.862394828e-01,9.983784760e-02,-9.983784759e-02
3.928000000e-03,-9.924080294e-01,2.513266997e-04,-3.853774683e-01,9.926593561e-02,-9.926593561e-02
3.930000000e-03,-9.826503661e-01,3.204317561e-04,-5.829744095e-01,9.829707979e-02,-9.829707979e-02
3.932000000e-03,-9.689632885e-01,3.882554761e-04,-7.782401572e-01,9.693515440e-02,-9.693515440e-02
3.934000000e-03,-9.514015282e-01,4.545266467e-04,-9.703938845e-01,9.518560548e-02,-9.518560548e-02
3.936000000e-03,-9.300353111e-01,5.189802631e-04,-1.158667208e+00,9.305542913e-02,-9.305542913e-02
3.938000000e-03,-9.049500762e-01,5.813585885e-04,-1.342307263e+00,9.055314348e-02,-9.055314348e-02
3.940000000e-03,-8.762461342e-01,6.414121849e-04,-1.520579710e+00,8.768875464e-02,-8.768875464e-02
3.942000000e-03,-8.440382661e-01,6.989009103e-04,-1.692771676e+00,8.447371671e-02,-8.447371670e-02
3.944000000e-03,-8.084552646e-01,7.535948790e-04,-1.858194599e+00,8.092088595e-02,-8.092088595e-02
3.946000000e-03,-7.696394187e-01,8.052753810e-04,-2.016186989e+00,7.704446941e-02,-7.704446941e-02
3.948000000e-03,-7.277459448e-01,8.537357567e-04,-2.166117066e+00,7.285996805e-02,-7.285996805e-02
3.950000000e-03,-6.829423662e-01,8.987822228e-04,-2.307385292e+00,6.838411484e-02,-6.838411484e-02
3.952000000e-03,-6.354078432e-01,9.402346477e-04,-2.439426764e+00,6.363480778e-02,-6.363480778e-02
3.954000000e-03,-5.853324563e-01,9.779272716e-04,-2.561713476e+00,5.863103836e-02,-5.863103836e-02
3.956000000e-03,-5.329164468e-01,1.011709369e-03,-2.673756428e+00,5.339281561e-02,-5.339281561e-02
3.958000000e-03,-4.783694152e-01,1.041445853e-03,-2.775107585e+00,4.794108610e-02,-4.794108610e-02
3.960000000e-03,-4.219094838e-01,1.067017813e-03,-2.865361663e+00,4.229765016e-02,-4.229765016e-02
3.962000000e-03,-3.637624241e-01,1.088322991e-03,-2.944157756e+00,3.648507471e-02,-3.648507471e-02
3.964000000e-03,-3.041607542e-01,1.105276193e-03,-3.011180775e+00,3.052660304e-02,-3.052660304e-02
3.966000000e-03,-2.433428086e-01,1.117809625e-03,-3.066162708e+00,2.444606183e-02,-2.444606183e-02
3.968000000e-03,-1.815517858e-01,1.125873170e-03,-3.108883695e+00,1.826776590e-02,-1.826776590e-02
3.970000000e-03,-1.190347752e-01,1.129434583e-03,-3.139172902e+00,1.201642098e-02,-1.201642098e-02
3.972000000e-03,-5.604176927e-02,1.128479621e-03,-3.156909209e+00,5.717024889e-03,-5.717024889e-03
3.974000000e-03,7.175336045e-03,1.123012104e-03,-3.162021694e+00,-6.052323941e-04,6.052323941e-04
3.976000000e-03,7.036374868e-02,1.113053895e-03,-3.154489911e+00,-6.925069479e-03,6.925069479e-03
3.978000000e-03,1.332707913e-01,1.098644814e-03,-3.134343979e+00,-1.321721465e-02,1.321721465e-02
3.980000000e-03,1.956449118e-01,1.079842480e-03,-3.101664458e+00,-1.945650693e-02,1.945650693e-02
3.982000000e-03,2.572366890e-01,1.056722080e-03,-3.056582025e+00,-2.561799669e-02,2.561799669e-02
3.984000000e-03,3.177998301e-01,1.029376066e-03,-2.999276957e+00,-3.167704540e-02,3.167704540e-02
3.986000000e-03,3.770921558e-01,9.979137914e-04,-2.929978404e+00,-3.760942421e-02,3.760942420e-02
3.988000000e-03,4.348765685e-01,9.624610652e-04,-2.848963477e+00,-4.339141074e-02,4.339141074e-02
3.990000000e-03,4.909220002e-01,9.231596558e-04,-2.756556138e+00,-4.899988405e-02,4.899988405e-02
3.992000000e-03,5.450043369e-01,8.801667214e-04,-2.653125904e+00,-5.441241702e-02,5.441241702e-02
3.994000000e-03,5.969073146e-01,8.336541815e-04,-2.539086371e+00,-5.960736605e-02,5.960736604e-02
3.996000000e-03,6.464233842e-01,7.838080301e-04,-2.414893560e+00,-6.456395761e-02,6.456395761e-02
3.998000000e-03,6.933545411e-01,7.308275913e-04,-2.281044092e+00,-6.926237135e-02,6.926237135e-02
4.000000000e-03,7.375131174e-01,6.749247230e-04,-2.138073204e+00,-7.368381926e-02,7.368381926e-02
4.002000000e-03,7.787225321e-01,6.163229690e-04,-1.986552605e+00,-7.781062091e-02,7.781062091e-02
4.004000000e-03,8.168179974e-01,5.552566653e-04,-1.827088195e+00,-8.162627407e-02,8.162627407e-02
4.006000000e-03,8.516471774e-01,4.919700034e-04,-1.660317640e+00,-8.511552074e-02,8.511552074e-02
4.008000000e-03,8.830707976e-01,4.267160535e-04,-1.486907820e+00,-8.826440815e-02,8.826440815e-02
4.010000000e-03,9.109632012e-01,3.597557525e-04,-1.307552165e+00,-9.106034455e-02,9.106034455e-02
4.012000000e-03,9.352128525e-01,2.913568606e-04,-1.122967881e+00,-9.349214957e-02,9.349214957e-02
4.014000000e-03,9.557227822e-01,2.217928908e-04,-9.338930814e-01,-9.555009893e-02,9.555009893e-02
4.016000000e-03,9.724109752e-01,1.513420149e-04,-7.410838380e-01,-9.722596332e-02,9.722596332e-02
4.018000000e-03,9.852106990e-01,8.028595140e-05,-5.453111544e-01,-9.851304131e-02,9.851304130e-02
4.020000000e-03,9.940707701e-01,8.908838607e-06,-3.473578850e-01,-9.940618613e-02,9.940618613e-02
4.022000000e-03,9.989557590e-01,-6.250390119e-05,-1.480156036e-01,-9.990182629e-02,9.990182629e-02
4.024000000e-03,9.998461316e-01,-1.336667033e-04,5.191856132e-02,-9.999797983e-02,9.999797983e-02
4.026000000e-03,9.967383275e-01,-2.042950024e-04,2.516451148e-01,-9.969426225e-02,9.969426225e-02
4.028000000e-03,9.896447741e-01,-2.741063705e-04,4.503653917e-01,-9.899188805e-02,9.899188805e-02
4.030000000e-03,9.785938371e-01,-3.428216465e-04,6.472847512e-01,-9.789366588e-02,9.789366588e-02
4.032000000e-03,9.636297069e-01,-4.101660523e-04,8.416157535e-01,-9.640398730e-02,9.640398730e-02
4.034000000e-03,9.448122220e-01,-4.758702914e-04,1.032581310e+00,-9.452880923e-02,9.452880923e-02
4.036000000e-03,9.222166295e-01,-5.396716263e-04,1.219417788e+00,-9.227563011e-02,9.227563011e-02
4.038000000e-03,8.959332845e-01,-6.013149285e-04,1.401378068e+00,-8.965345994e-02,8.965345994e-02
4.040000000e-03,8.660672886e-01,-6.605536993e-04,1.577734528e+00,-8.667278424e-02,8.667278423e-02
4.042000000e-03,8.327380699e-01,-7.171510550e-04,1.747781957e+00,-8.334552209e-02,8.334552209e-02
4.044000000e-03,7.960789047e-01,-7.708806744e-04,1.910840369e+00,-7.968497854e-02,7.968497854e-02
4.046000000e-03,7.562363857e-01,-8.215277040e-04,2.066257727e+00,-7.570579134e-02,7.570579134e-02
4.048000000e-03,7.133698346e-01,-8.688896166e-04,2.213412551e+00,-7.142387242e-02,7.142387242e-02
4.050000000e-03,6.676506659e-01,-9.127770217e-04,2.351716399e+00,-6.685634429e-02,6.685634429e-02
4.052000000e-03,6.192617011e-01,-9.530144225e-04,2.480616222e+00,-6.202147155e-02,6.202147155e-02
4.054000000e-03,5.683964376e-01,-9.894409180e-04,2.599596576e+00,-5.693858785e-02,5.693858785e-02
4.056000000e-03,5.152582749e-01,-1.021910846e-03,2.708181684e+00,-5.162801857e-02,5.162801857e-02
4.058000000e-03,4.600597015e-01,-1.050294366e-03,2.805937338e+00,-4.611099959e-02,4.611099959e-02
4.060000000e-03,4.030214451e-01,-1.074477978e-03,2.892472631e+00,-4.040959231e-02,4.040959231e-02
4.062000000e-03,3.443715898e-01,-1.094364977e-03,2.967441528e+00,-3.454659548e-02,3.454659548e-02
4.064000000e-03,2.843446641e-01,-1.109875838e-03,3.030544244e+00,-2.854545400e-02,2.854545400e-02
4.066000000e-03,2.231807033e-01,-1.120948537e-03,3.081528443e+00,-2.243016518e-02,2.243016518e-02
4.068000000e-03,1.611242892e-01,-1.127538797e-03,3.120190252e+00,-1.622518280e-02,1.622518280e-02
4.070000000e-03,9.842357260e-02,-1.129620263e-03,3.146375068e+00,-9.955319286e-03,9.955319286e-03
4.072000000e-03,3.532928062e-02,-1.127184613e-03,3.159978185e+00,-3.645646523e-03,3.645646523e-03
4.074000000e-03,-2.790628581e-02,-1.120241586e-03,3.160945206e+00,2.678604422e-03,-2.678604422e-03
4.076000000e-03,-9.103026080e-02,-1.108818945e-03,3.149272266e+00,8.992144186e-03,-8.992144186e-03
4.078000000e-03,-1.537902247e-01,-1.092962368e-03,3.125006040e+00,1.526972624e-02,-1.526972623e-02
4.080000000e-03,-2.159352135e-01,-1.072735262e-03,3.088243565e+00,2.148624783e-02,-2.148624783e-02
4.082000000e-03,-2.772167223e-01,-1.048218509e-03,3.039131847e+00,2.761685038e-02,-2.761685038e-02
4.084000000e-03,-3.373896991e-01,-1.019510149e-03,2.977867272e+00,3.363701889e-02,-3.363701889e-02
4.086000000e-03,-3.962135246e-01,-9.867249781e-04,2.904694826e+00,3.952267997e-02,-3.952267997e-02
4.088000000e-03,-4.534529747e-01,-9.499940988e-04,2.819907109e+00,4.525029806e-02,-4.525029806e-02
4.090000000e-03,-5.088791607e-01,-9.094643898e-04,2.723843170e+00,5.079696963e-02,-5.079696963e-02
4.092000000e-03,-5.622704447e-01,-8.652979209e-04,2.616887149e+00,5.614051468e-02,-5.614051468e-02
4.094000000e-03,-6.134133262e-01,-8.176713046e-04,2.499466741e+00,6.125956549e-02,-6.125956549e-02
4.096000000e-03,-6.621032953e-01,-7.667749896e-04,2.372051485e+00,6.613365204e-02,-6.613365203e-02
4.098000000e-03,-7.081456511e-01,-7.128124998e-04,2.235150888e+00,7.074328387e-02,-7.074328386e-02
4.100000000e-03,-7.513562798e-01,-6.559996198e-04,2.089312388e+00,7.507002802e-02,-7.507002802e-02
4.102000000e-03,-7.915623910e-01,-5.965635325e-04,1.935119162e+00,7.909658274e-02,-7.909658274e-02
4.104000000e-03,-8.286032088e-01,-5.347419103e-04,1.773187797e+00,8.280684669e-02,-8.280684669e-02
4.106000000e-03,-8.623306147e-01,-4.707819652e-04,1.604165824e+00,8.618598327e-02,-8.618598327e-02
4.108000000e-03,-8.926097399e-01,-4.049394594e-04,1.428729124e+00,8.922048004e-02,-8.922048004e-02
4.110000000e-03,-9.193195043e-01,-3.374776835e-04,1.247579234e+00,9.189820267e-02,-9.189820267e-02
4.112000000e-03,-9.423531013e-01,-2.686664032e-04,1.061440534e+00,9.420844349e-02,-9.420844349e-02
4.114000000e-03,-9.616184243e-01,-1.987807803e-04,8.710573547e-01,9.614196435e-02,-9.614196435e-02
4.116000000e-03,-9.770384352e-01,-1.281002729e-04,6.771909978e-01,9.769103349e-02,-9.769103349e-02
4.118000000e-03,-9.885514726e-01,-5.690751770e-05,4.806166949e-01,9.884945651e-02,-9.884945651e-02
4.120000000e-03,-9.961114983e-01,1.451280029e-05,2.821205059e-01,9.961260111e-02,-9.961260111e-02
4.122000000e-03,-9.996882813e-01,8.587508608e-05,8.249617559e-02,9.997741564e-02,-9.997741564e-02
4.124000000e-03,-9.992675188e-01,1.568939767e-04,-1.174580397e-01,9.994244127e-02,-9.994244127e-02
4.126000000e-03,-9.948508933e-01,2.272854824e-04,-3.169425648e-01,9.950781788e-02,-9.950781788e-02
4.128000000e-03,-9.864560660e-01,2.967681221e-04,-5.151597024e-01,9.867528342e-02,-9.867528342e-02
4.130000000e-03,-9.741166062e-01,3.650640491e-04,-7.113168236e-01,9.744816702e-02,-9.744816702e-02
4.132000000e-03,-9.578818566e-01,4.319001623e-04,-9.046295368e-01,9.583137568e-02,-9.583137567e-02
4.134000000e-03,-9.378167367e-01,4.970091979e-04,-1.094324825e+00,9.383137459e-02,-9.383137459e-02
4.136000000e-03,-9.140014828e-01,5.601307984e-04,-1.279644135e+00,9.145616136e-02,-9.145616135e-02
4.138000000e-03,-8.865313270e-01,6.210125534e-04,-1.459846415e+00,8.871523395e-02,-8.871523395e-02
4.140000000e-03,-8.555161168e-01,6.794110096e-04,-1.634211072e+00,8.561955279e-02,-8.561955279e-02
4.142000000e-03,-8.210798757e-01,7.350926435e-04,-1.802040860e+00,8.218149683e-02,-8.218149683e-02
4.144000000e-03,-7.833603069e-01,7.878347959e-04,-1.962664660e+00,7.841481417e-02,-7.841481417e-02
4.146000000e-03,-7.425082432e-01,8.374265618e-04,-2.115440173e+00,7.433456698e-02,-7.433456698e-02
4.148000000e-03,-6.986870435e-01,8.836696340e-04,-2.259756481e+00,6.995707131e-02,-6.995707131e-02
4.150000000e-03,-6.520719396e-01,9.263790959e-04,-2.395036493e+00,6.529983187e-02,-6.529983187e-02
4.152000000e-03,-6.028493356e-01,9.653841613e-04,-2.520739252e+00,6.038147198e-02,-6.038147198e-02
4.154000000e-03,-5.512160625e-01,1.000528857e-03,-2.636362099e+00,5.522165914e-02,-5.522165914e-02
4.156000000e-03,-4.973785911e-01,1.031672646e-03,-2.741442682e+00,4.984102638e-02,-4.984102638e-02
4.158000000e-03,-4.415522061e-01,1.058690992e-03,-2.835560806e+00,4.426108971e-02,-4.426108971e-02
4.160000000e-03,-3.839601457e-01,1.081475853e-03,-2.918340113e+00,3.850416216e-02,-3.850416216e-02
4.162000000e-03,-3.248327086e-01,1.099936117e-03,-2.989449584e+00,3.259326447e-02,-3.259326447e-02
4.164000000e-03,-2.644063330e-01,1.113997966e-03,-3.048604868e+00,2.655203310e-02,-2.655203310e-02
4.166000000e-03,-2.029226515e-01,1.123605170e-03,-3.095569416e+00,2.040462566e-02,-2.040462566e-02
4.168000000e-03,-1.406275245e-01,1.128719310e-03,-3.130155425e+00,1.417562438e-02,-1.417562438e-02
4.170000000e-03,-7.777005725e-02,1.129319936e-03,-3.152224594e+00,7.889937719e-03,-7.889937718e-03
4.172000000e-03,-1.460160375e-02,1.125404647e-03,-3.161688672e+00,1.572700839e-03,-1.572700839e-03
4.174000000e-03,4.862523853e-02,1.116989098e-03,-3.158509815e+00,-4.750824943e-03,4.750824943e-03
4.176000000e-03,1.116576386e-01,1.104106943e-03,-3.142700734e+00,-1.105535317e-02,1.105535317e-02
4.178000000e-03,1.742435430e-01,1.086809693e-03,-3.114324646e+00,-1.731567333e-02,1.731567333e-02
4.180000000e-03,2.361326837e-01,1.065166517e-03,-3.073495023e+00,-2.350675172e-02,2.350675172e-02
4.182000000e-03,2.970775789e-01,1.039263962e-03,-3.020375131e+00,-2.960383149e-02,2.960383149e-02
4.184000000e-03,3.568345227e-01,1.009205606e-03,-2.955177388e+00,-3.558253171e-02,3.558253171e-02
4.186000000e-03,4.151645594e-01,9.751116456e-04,-2.878162505e+00,-4.141894478e-02,4.141894478e-02
4.188000000e-03,4.718344394e-01,9.371184165e-04,-2.789638449e+00,-4.708973210e-02,4.708973210e-02
4.190000000e-03,5.266175517e-01,8.953778452e-04,-2.689959209e+00,-5.257221738e-02,5.257221738e-02
4.192000000e-03,5.792948299e-01,8.500568436e-04,-2.579523382e+00,-5.784447730e-02,5.784447730e-02
4.194000000e-03,6.296556285e-01,8.013366408e-04,-2.458772577e+00,-6.288542919e-02,6.288542919e-02
4.196000000e-03,6.774985653e-01,7.494120589e-04,-2.328189652e+00,-6.767491532e-02,6.767491532e-02
4.198000000e-03,7.226323262e-01,6.944907333e-04,-2.188296781e+00,-7.219378355e-02,7.219378355e-02
4.200000000e-03,7.648764307e-01,6.367922829e-04,-2.039653367e+00,-7.642396385e-02,7.642396385e-02
4.202000000e-03,8.040619535e-01,5.765474319e-04,-1.882853803e+00,-8.034854061e-02,8.034854061e-02
4.204000000e-03,8.400321998e-01,5.139970869e-04,-1.718525098e+00,-8.395182028e-02,8.395182027e-02
4.206000000e-03,8.726433321e-01,4.493913735e-04,-1.547324368e+00,-8.721939407e-02,8.721939407e-02
4.208000000e-03,9.017649452e-01,3.829886367e-04,-1.369936210e+00,-9.013819565e-02,9.013819565e-02
4.210000000e-03,9.272805878e-01,3.150544071e-04,-1.187069963e+00,-9.269655334e-02,9.269655334e-02
4.212000000e-03,9.490882282e-01,2.458603397e-04,-9.994568693e-01,-9.488423679e-02,9.488423679e-02
4.214000000e-03,9.671006622e-01,1.756831269e-04,-8.078471556e-01,-9.669249791e-02,9.669249791e-02
4.216000000e-03,9.812458619e-01,1.048033930e-04,-6.130070292e-01,-9.811410585e-02,9.811410585e-02
4.218000000e-03,9.914672634e-01,3.350457127e-05,-4.157156152e-01,-9.914337588e-02,9.914337588e-02
4.220000000e-03,9.977239935e-01,-3.792822920e-05,-2.167618409e-01,-9.977619218e-02,9.977619218e-02
4.222000000e-03,9.999910330e-01,-1.092093635e-04,-1.694128114e-02,-1.000100242e-01,1.000100242e-01
4.224000000e-03,9.982593163e-01,-1.800537931e-04,1.829470233e-01,-9.984393701e-02,9.984393700e-02
4.226000000e-03,9.925357682e-01,-2.501782259e-04,3.821037607e-01,-9.927859464e-02,9.927859464e-02
4.228000000e-03,9.828432760e-01,-3.193022488e-04,5.797325446e-01,-9.831625783e-02,9.831625783e-02
4.230000000e-03,9.692205980e-01,-3.871494493e-04,7.750430986e-01,-9.696077475e-02,9.696077475e-02
4.232000000e-03,9.517222084e-01,-4.534485206e-04,9.672544165e-01,-9.521756570e-02,9.521756570e-02
4.234000000e-03,9.304180797e-01,-5.179343462e-04,1.155597885e+00,-9.309360141e-02,9.309360141e-02
4.236000000e-03,9.053934026e-01,-5.803490610e-04,1.339320358e+00,-9.059737517e-02,9.059737517e-02
4.238000000e-03,8.767482456e-01,-6.404430812e-04,1.517687168e+00,-8.773886887e-02,8.773886887e-02
4.240000000e-03,8.445971548e-01,-6.979761035e-04,1.689985062e+00,-8.452951309e-02,8.452951309e-02
4.242000000e-03,8.090686955e-01,-7.527180653e-04,1.855525058e+00,-8.098214136e-02,8.098214136e-02
4.244000000e-03,7.703049389e-01,-8.044500646e-04,2.013645194e+00,-7.711093890e-02,7.711093890e-02
4.246000000e-03,7.284608930e-01,-8.529652361e-04,2.163713183e+00,-7.293138583e-02,7.293138583e-02
4.248000000e-03,6.837038836e-01,-8.980695776e-04,2.305128932e+00,-6.846019532e-02,6.846019531e-02
4.250000000e-03,6.362128845e-01,-9.395827261e-04,2.437326951e+00,-6.371524672e-02,6.371524672e-02
4.252000000e-03,5.861778024e-01,-9.773386793e-04,2.559778605e+00,-5.871551411e-02,5.871551411e-02
4.254000000e-03,5.337987172e-01,-1.011186459e-03,2.671994238e+00,-5.348099037e-02,5.348099037e-02
4.256000000e-03,4.792850820e-01,-1.040990714e-03,2.773525122e+00,-4.803260727e-02,4.803260727e-02
4.258000000e-03,4.228548854e-01,-1.066632265e-03,2.863965255e+00,-4.239215177e-02,4.239215177e-02
4.260000000e-03,3.647337801e-01,-1.088008575e-03,2.942952987e+00,-3.658217887e-02,3.658217887e-02
4.262000000e-03,3.051541803e-01,-1.105034166e-03,3.010172462e+00,-3.062592145e-02,3.062592145e-02
4.264000000e-03,2.443543324e-01,-1.117640955e-03,3.065354884e+00,-2.454719733e-02,2.454719733e-02
4.266000000e-03,1.825773623e-01,-1.125778530e-03,3.108279589e+00,-1.837031408e-02,1.837031408e-02
4.268000000e-03,1.200703033e-01,-1.129414351e-03,3.138774930e+00,-1.211997177e-02,1.211997177e-02
4.270000000e-03,5.708310819e-02,-1.128533880e-03,3.156718964e+00,-5.821164207e-03,5.821164207e-03
4.272000000e-03,-6.132350421e-03,-1.123140636e-03,3.162039935e+00,5.009209785e-04,-5.009209785e-04
4.274000000e-03,-6.932328704e-02,-1.113256186e-03,3.154716565e+00,6.821003086e-03,-6.821003086e-03
4.276000000e-03,-1.322370143e-01,-1.098920057e-03,3.134778141e+00,1.311380942e-02,-1.311380942e-02
4.278000000e-03,-1.946219532e-01,-1.080189574e-03,3.102304391e+00,1.935417636e-02,-1.935417636e-02
4.280000000e-03,-2.562286393e-01,-1.057139638e-03,3.057425170e+00,2.551714997e-02,-2.551714997e-02
4.282000000e-03,-3.168107205e-01,-1.029862421e-03,3.000319943e+00,3.157808581e-02,-3.157808581e-02
4.284000000e-03,-3.761259415e-01,-9.984669971e-04,2.931217060e+00,3.751274745e-02,-3.751274745e-02
4.286000000e-03,-4.339371131e-01,-9.630789114e-04,2.850392850e+00,4.329740342e-02,-4.329740342e-02
4.288000000e-03,-4.900130604e-01,-9.238396733e-04,2.758170511e+00,4.890892207e-02,-4.890892207e-02
4.290000000e-03,-5.441295474e-01,-8.809061922e-04,2.654918823e+00,5.432486412e-02,-5.432486412e-02
4.292000000e-03,-5.960701735e-01,-8.344501500e-04,2.541050666e+00,5.952357234e-02,-5.952357234e-02
4.294000000e-03,-6.456272390e-01,-7.846573149e-04,2.417021376e+00,6.448425817e-02,-6.448425817e-02
4.296000000e-03,-6.926025755e-01,-7.317267981e-04,2.283326921e+00,6.918708487e-02,-6.918708487e-02
4.298000000e-03,-7.368083383e-01,-6.758702575e-04,2.140501916e+00,7.361324680e-02,-7.361324680e-02
4.300000000e-03,-7.780677578e-01,-6.173110520e-04,1.989117489e+00,7.774504468e-02,-7.774504468e-02
4.302000000e-03,-8.162158462e-01,-5.562833474e-04,1.829778995e+00,8.156595629e-02,-8.156595629e-02
4.304000000e-03,-8.511000572e-01,-4.930311810e-04,1.663123595e+00,8.506070260e-02,-8.506070260e-02
4.306000000e-03,-8.825808961e-01,-4.278074850e-04,1.489817710e+00,8.821530886e-02,-8.821530886e-02
4.308000000e-03,-9.105324776e-01,-3.608730753e-04,1.310554354e+00,9.101716045e-02,-9.101716045e-02
4.310000000e-03,-9.348430291e-01,-2.924956087e-04,1.126050364e+00,9.345505335e-02,-9.345505335e-02
4.312000000e-03,-9.554153377e-01,-2.229485125e-04,9.370435325e-01,9.551923892e-02,-9.551923892e-02
4.314000000e-03,-9.721671392e-01,-1.525098910e-04,7.442896588e-01,9.720146293e-02,-9.720146293e-02
4.316000000e-03,-9.850314465e-01,-8.146141363e-05,5.485595256e-01,9.849499851e-02,-9.849499850e-02
4.318000000e-03,-9.939568179e-01,-1.008718850e-05,3.506358169e-01,9.939467307e-02,-9.939467307e-02
4.320000000e-03,-9.989075627e-01,6.132737375e-05,1.513099885e-01,9.989688901e-02,-9.989688901e-02
4.322000000e-03,-9.998638840e-01,1.324967011e-04,-4.862089700e-02,9.999963807e-02,-9.999963807e-02
4.324000000e-03,-9.968219575e-01,2.031362023e-04,-2.483573577e-01,9.970250937e-02,-9.970250937e-02
4.326000000e-03,-9.897939474e-01,2.729634045e-04,-4.471006890e-01,9.900669108e-02,-9.900669108e-02
4.328000000e-03,-9.788079572e-01,3.416990834e-04,-6.440561576e-01,9.791496563e-02,-9.791496563e-02
4.330000000e-03,-9.639079175e-01,4.090683793e-04,-8.384361796e-01,9.643169859e-02,-9.643169859e-02
4.332000000e-03,-9.451534106e-01,4.748018963e-04,-1.029463470e+00,9.456282125e-02,-9.456282125e-02
4.334000000e-03,-9.226194318e-01,5.386367797e-04,-1.216374150e+00,9.231580685e-02,-9.231580685e-02
4.336000000e-03,-8.963960897e-01,6.003177672e-04,-1.398420802e+00,8.969964075e-02,-8.969964075e-02
4.338000000e-03,-8.665882462e-01,6.595982092e-04,-1.574875461e+00,8.672478444e-02,-8.672478444e-02
4.340000000e-03,-8.333150965e-01,7.162410556e-04,-1.745032520e+00,8.340313376e-02,-8.340313375e-02
4.342000000e-03,-7.967096931e-01,7.700198034e-04,-1.908211557e+00,7.974797129e-02,-7.974797129e-02
4.344000000e-03,-7.569184133e-01,8.207194026e-04,-2.063760053e+00,7.577391327e-02,-7.577391327e-02
4.346000000e-03,-7.141003742e-01,8.681371159e-04,-2.211056002e+00,7.149685113e-02,-7.149685113e-02
4.348000000e-03,-6.684267963e-01,9.120833299e-04,-2.349510398e+00,6.693388796e-02,-6.693388796e-02
4.350000000e-03,-6.200803186e-01,9.523823126e-04,-2.478569591e+00,6.210327009e-02,-6.210327009e-02
4.352000000e-03,-5.692542687e-01,9.888729169e-04,-2.597717499e+00,5.702431416e-02,-5.702431416e-02
4.354000000e-03,-5.161518894e-01,1.021409224e-03,-2.706477675e+00,5.171732986e-02,-5.171732986e-02
4.356000000e-03,-4.609855261e-01,1.049861129e-03,-2.804415210e+00,4.620353872e-02,-4.620353872e-02
4.358000000e-03,-4.039757775e-01,1.074114858e-03,-2.891138472e+00,4.050498923e-02,-4.050498923e-02
4.360000000e-03,-3.453506138e-01,1.094073424e-03,-2.966300673e+00,3.464446872e-02,-3.464446872e-02
4.362000000e-03,-2.853444648e-01,1.109657019e-03,-3.029601254e+00,2.864541219e-02,-2.864541219e-02
4.364000000e-03,-2.241972827e-01,1.120803327e-03,-3.080787090e+00,2.253180860e-02,-2.253180860e-02
4.366000000e-03,-1.621535823e-01,1.127467775e-03,-3.119653499e+00,1.632810501e-02,-1.632810501e-02
4.368000000e-03,-9.946146342e-02,1.129623714e-03,-3.146045062e+00,1.005910871e-02,-1.005910871e-02
4.370000000e-03,-3.637161885e-02,1.127262523e-03,-3.159856246e+00,3.749888137e-03,-3.749888137e-03
4.372000000e-03,2.686366826e-02,1.120393644e-03,-3.161031822e+00,-2.574327462e-03,2.574327462e-03
4.374000000e-03,8.999153316e-02,1.109044543e-03,-3.149567089e+00,-8.888248861e-03,8.888248861e-03
4.376000000e-03,1.527595406e-01,1.093260604e-03,-3.125507893e+00,-1.516662800e-02,1.516662800e-02
4.378000000e-03,2.149166945e-01,1.073104944e-03,-3.088950440e+00,-2.138435895e-02,2.138435895e-02
4.380000000e-03,2.762144411e-01,1.048658159e-03,-3.040040917e+00,-2.751657830e-02,2.751657830e-02
4.382000000e-03,3.364076637e-01,1.020018009e-03,-2.978974903e+00,-3.353876457e-02,3.353876457e-02
4.384000000e-03,3.952556620e-01,9.872990188e-04,-2.905996588e+00,-3.942683630e-02,3.942683630e-02
4.386000000e-03,4.525231152e-01,9.506320249e-04,-2.821397797e+00,-4.515724831e-02,4.515724831e-02
4.388000000e-03,5.079810225e-01,9.101636512e-04,-2.725516823e+00,-5.070708588e-02,5.070708588e-02
4.390000000e-03,5.614076194e-01,8.660557222e-04,-2.618737074e+00,-5.605415636e-02,5.605415636e-02
4.392000000e-03,6.125892639e-01,8.184846163e-04,-2.501485541e+00,-6.117707793e-02,6.117707793e-02
4.394000000e-03,6.613212914e-01,7.676405604e-04,-2.374231086e+00,-6.605536509e-02,6.605536509e-02
4.396000000e-03,7.074088327e-01,7.137268694e-04,-2.237482576e+00,-7.066951058e-02,7.066951058e-02
4.398000000e-03,7.506675931e-01,6.569591328e-04,-2.091786838e+00,-7.500106340e-02,7.500106340e-02
4.400000000e-03,7.909245900e-01,5.975643530e-04,-1.937726480e+00,-7.903270257e-02,7.903270257e-02
4.402000000e-03,8.280188440e-01,5.357800374e-04,-1.775917557e+00,-8.274830639e-02,8.274830639e-02
4.404000000e-03,8.618020228e-01,4.718532486e-04,-1.607007108e+00,-8.613301696e-02,8.613301696e-02
4.406000000e-03,8.921390346e-01,4.060396165e-04,-1.431670573e+00,-8.917329950e-02,8.917329950e-02
4.408000000e-03,9.189085680e-01,3.386023161e-04,-1.250609085e+00,-9.185699656e-02,9.185699656e-02
4.410000000e-03,9.420035771e-01,2.698110152e-04,-1.064546671e+00,-9.417337661e-02,9.417337661e-02
4.412000000e-03,9.613317098e-01,1.999407958e-04,-8.742273562e-01,-9.611317691e-02,9.611317691e-02
4.414000000e-03,9.768156771e-01,1.292710545e-04,-6.804121882e-01,-9.766864060e-02,9.766864060e-02
4.416000000e-03,9.883935616e-01,5.808438476e-05,-4.838761934e-01,-9.883354772e-02,9.883354772e-02
4.418000000e-03,9.960190658e-01,-1.333455267e-05,-2.854052784e-01,-9.960324003e-02,9.960324003e-02
4.420000000e-03,9.996616969e-01,-8.470016833e-05,-8.579308698e-02,-9.997463971e-02,9.997463971e-02
4.422000000e-03,9.993068889e-01,-1.557270860e-04,1.141621731e-01,-9.994626160e-02,9.994626160e-02
4.424000000e-03,9.949560605e-01,-2.261312837e-04,3.136609224e-01,-9.951821917e-02,9.951821917e-02
4.426000000e-03,9.866266097e-01,-2.956312298e-04,5.119054070e-01,-9.869222409e-02,9.869222409e-02
4.428000000e-03,9.743518443e-01,-3.639490083e-04,7.081028882e-01,-9.747157933e-02,9.747157933e-02
4.430000000e-03,9.581808486e-01,-4.308114309e-04,9.014688133e-01,-9.586116600e-02,9.586116600e-02
4.432000000e-03,9.381782870e-01,-4.959511284e-04,1.091229952e+00,-9.386742381e-02,9.386742381e-02
4.434000000e-03,9.144241455e-01,-5.591076208e-04,1.276627489e+00,-9.149832531e-02,9.149832531e-02
4.436000000e-03,8.870134121e-01,-6.200283584e-04,1.456920059e+00,-8.876334404e-02,8.876334404e-02
4.438000000e-03,8.560556965e-01,-6.784697318e-04,1.631386708e+00,-8.567341662e-02,8.567341662e-02
4.440000000e-03,8.216747923e-01,-7.341980462e-04,1.799329781e+00,-8.224089903e-02,8.224089903e-02
4.442000000e-03,7.840081814e-01,-7.869904556e-04,1.960077709e+00,-7.847951719e-02,7.847951719e-02
4.444000000e-03,7.432064850e-01,-8.366358540e-04,2.112987693e+00,-7.440431208e-02,7.440431208e-02
4.446000000e-03,6.994328604e-01,-8.829357199e-04,2.257448279e+00,-7.003157961e-02,7.003157961e-02
4.448000000e-03,6.528623492e-01,-9.257049098e-04,2.392881799e+00,-6.537880541e-02,6.537880541e-02
4.450000000e-03,6.036811773e-01,-9.647723984e-04,2.518746683e+00,-6.046459497e-02,6.046459497e-02
4.452000000e-03,5.520860100e-01,-9.999819631e-04,2.634539622e+00,-5.530859920e-02,5.530859920e-02
4.454000000e-03,4.982831655e-01,-1.031192808e-03,2.739797585e+00,-4.993143584e-02,4.993143583e-02
4.456000000e-03,4.424877903e-01,-1.058280128e-03,2.834099668e+00,-4.435460705e-02,4.435460705e-02
4.458000000e-03,3.849229985e-01,-1.081135605e-03,2.917068776e+00,-3.860041341e-02,3.860041341e-02
4.460000000e-03,3.258189797e-01,-1.099667847e-03,2.988373132e+00,-3.269186475e-02,3.269186475e-02
4.462000000e-03,2.654120785e-01,-1.113802745e-03,3.047727606e+00,-2.665258812e-02,2.665258812e-02
4.464000000e-03,2.039438496e-01,-1.123483778e-03,3.094894851e+00,-2.050673334e-02,2.050673334e-02
4.466000000e-03,1.416600917e-01,-1.128672233e-03,3.129686255e+00,-1.427887640e-02,1.427887640e-02
4.468000000e-03,7.880986458e-02,-1.129347363e-03,3.151962695e+00,-7.993921194e-03,7.993921194e-03
4.470000000e-03,1.564449318e-02,-1.125506467e-03,3.161635092e+00,-1.676999965e-03,1.676999965e-03
4.472000000e-03,-4.758343729e-02,-1.117164906e-03,3.158664767e+00,4.646627239e-03,-4.646627239e-03
4.474000000e-03,-1.106210915e-01,-1.104356034e-03,3.143063599e+00,1.095167355e-02,-1.095167355e-02
4.476000000e-03,-1.732163950e-01,-1.087131072e-03,3.114893974e+00,1.721292639e-02,-1.721292639e-02
4.478000000e-03,-2.351190421e-01,-1.065558899e-03,3.074268536e+00,2.340534832e-02,-2.340534832e-02
4.480000000e-03,-2.960814971e-01,-1.039725778e-03,3.021349737e+00,2.950417713e-02,-2.950417713e-02
4.482000000e-03,-3.558599838e-01,-1.009735009e-03,2.956349188e+00,3.548502488e-02,-3.548502488e-02
4.484000000e-03,-4.142154604e-01,-9.757065203e-04,2.879526815e+00,4.132397539e-02,-4.132397539e-02
4.486000000e-03,-4.709145755e-01,-9.377763838e-04,2.791189812e+00,4.699767991e-02,-4.699767991e-02
4.488000000e-03,-5.257306012e-01,-8.960962747e-04,2.691691423e+00,5.248345050e-02,-5.248345049e-02
4.490000000e-03,-5.784443396e-01,-8.508328627e-04,2.581429519e+00,5.775935067e-02,-5.775935067e-02
4.492000000e-03,-6.288449994e-01,-8.021671471e-04,2.460845015e+00,6.280428322e-02,-6.280428322e-02
4.494000000e-03,-6.767310388e-01,-7.502937317e-04,2.330420104e+00,6.759807451e-02,-6.759807451e-02
4.496000000e-03,-7.219109716e-01,-6.954200476e-04,2.190676327e+00,7.212155515e-02,-7.212155515e-02
4.498000000e-03,-7.642041325e-01,-6.377655232e-04,2.042172492e+00,7.635663670e-02,-7.635663670e-02
4.500000000e-03,-8.034414001e-01,-5.775607070e-04,1.885502434e+00,8.028638394e-02,-8.028638394e-02
4.502000000e-03,-8.394658726e-01,-5.150463455e-04,1.721292643e+00,8.389508263e-02,-8.389508263e-02
4.504000000e-03,-8.721334958e-01,-4.504724207e-04,1.550199762e+00,8.716830233e-02,-8.716830233e-02
4.506000000e-03,-9.013136384e-01,-3.840971501e-04,1.372907954e+00,9.009295413e-02,-9.009295413e-02
4.508000000e-03,-9.268896153e-01,-3.161859547e-04,1.190126172e+00,9.265734294e-02,-9.265734294e-02
4.510000000e-03,-9.487591535e-01,-2.470103973e-04,1.002585324e+00,9.485121431e-02,-9.485121431e-02
4.512000000e-03,-9.668348011e-01,-1.768470965e-04,8.110353453e-01,9.666579540e-02,-9.666579540e-02
4.514000000e-03,-9.810442774e-01,-1.059766208e-04,6.162422051e-01,9.809383008e-02,-9.809383008e-02
4.516000000e-03,-9.913307617e-01,-3.468236637e-05,4.189848404e-01,9.912960794e-02,-9.912960794e-02
4.518000000e-03,-9.976531206e-01,3.675057581e-05,2.200520426e-01,9.976898711e-02,-9.976898711e-02
4.520000000e-03,-9.999860720e-01,1.080365603e-04,2.023930237e-02,1.000094109e-01,-1.000094109e-01
4.522000000e-03,-9.983202872e-01,1.788905292e-04,-1.796543706e-01,9.984991778e-02,-9.984991778e-02
4.524000000e-03,-9.926624272e-01,2.490291523e-04,-3.788296431e-01,9.929114564e-02,-9.929114564e-02
4.526000000e-03,-9.830351167e-01,3.181719598e-04,-5.764900547e-01,9.833532887e-02,-9.833532886e-02
4.528000000e-03,-9.694768532e-01,3.860424640e-04,-7.718452024e-01,9.698628956e-02,-9.698628956e-02
4.530000000e-03,-9.520418534e-01,4.523692649e-04,-9.641139017e-01,9.524942226e-02,-9.524942226e-02
4.532000000e-03,-9.307998362e-01,5.168871354e-04,-1.152527310e+00,9.313167233e-02,-9.313167233e-02
4.534000000e-03,-9.058357441e-01,5.793380819e-04,-1.336332001e+00,9.064150822e-02,-9.064150822e-02
4.536000000e-03,-8.772494033e-01,6.394723761e-04,-1.514792979e+00,8.778888757e-02,-8.778888757e-02
4.538000000e-03,-8.451551246e-01,6.970495535e-04,-1.687196615e+00,8.458521741e-02,-8.458521741e-02
4.540000000e-03,-8.096812463e-01,7.518393748e-04,-1.852853502e+00,8.104330857e-02,-8.104330857e-02
4.542000000e-03,-7.709696211e-01,8.036227470e-04,-2.011101214e+00,7.717732439e-02,-7.717732439e-02
4.544000000e-03,-7.291750488e-01,8.521925992e-04,-2.161306950e+00,7.300272414e-02,-7.300272414e-02
4.546000000e-03,-6.844646571e-01,8.973547105e-04,-2.302870069e+00,6.853620119e-02,-6.853620119e-02
4.548000000e-03,-6.370172337e-01,9.389284871e-04,-2.435224489e+00,6.379561622e-02,-6.379561622e-02
4.550000000e-03,-5.870225108e-01,9.767476842e-04,-2.557840954e+00,5.879992585e-02,-5.879992585e-02
4.552000000e-03,-5.346804070e-01,1.010661070e-03,-2.670229145e+00,5.356910681e-02,-5.356910681e-02
4.554000000e-03,-4.802002275e-01,1.040533034e-03,-2.771939644e+00,4.812407605e-02,-4.812407605e-02
4.556000000e-03,-4.237998271e-01,1.066244121e-03,-2.862565734e+00,4.248660712e-02,-4.248660712e-02
4.558000000e-03,-3.657047394e-01,1.087691521e-03,-2.941745018e+00,3.667924309e-02,-3.667924309e-02
4.560000000e-03,-3.061472745e-01,1.104789468e-03,-3.009160877e+00,3.072520639e-02,-3.072520639e-02
4.562000000e-03,-2.453655903e-01,1.117469593e-03,-3.064543726e+00,2.464830599e-02,-2.464830599e-02
4.564000000e-03,-1.836027401e-01,1.125681189e-03,-3.107672103e+00,1.847284213e-02,-1.847284213e-02
4.566000000e-03,-1.211057008e-01,1.129391420e-03,-3.138373545e+00,1.222350923e-02,-1.222350923e-02
4.568000000e-03,-5.812438502e-02,1.128585449e-03,-3.156525285e+00,5.925297047e-03,-5.925297047e-03
4.570000000e-03,5.089358127e-03,1.123266500e-03,-3.162054736e+00,-3.966091627e-04,3.966091626e-04
4.572000000e-03,6.828274999e-02,1.113455842e-03,-3.154939788e+00,-6.716929414e-03,6.716929414e-03
4.574000000e-03,1.312030933e-01,1.099192706e-03,-3.135208893e+00,-1.301039006e-02,1.301039006e-02
4.576000000e-03,1.935987828e-01,1.080534127e-03,-3.102940948e+00,-1.925182487e-02,1.925182487e-02
4.578000000e-03,2.552203110e-01,1.057554717e-03,-3.058264989e+00,-2.541627563e-02,2.541627563e-02
4.580000000e-03,3.158212663e-01,1.030346365e-03,-3.001359664e+00,-3.147909199e-02,3.147909199e-02
4.582000000e-03,3.751593180e-01,9.990178722e-04,-2.932452526e+00,-3.741603001e-02,3.741603001e-02
4.584000000e-03,4.329971856e-01,9.636945148e-04,-2.851819120e+00,-4.320334911e-02,4.320334911e-02
4.586000000e-03,4.891035875e-01,9.245175435e-04,-2.759781883e+00,-4.881790700e-02,4.881790700e-02
4.588000000e-03,5.432541660e-01,8.816436188e-04,-2.656708852e+00,-5.423725224e-02,5.423725224e-02
4.590000000e-03,5.952323840e-01,8.352441845e-04,-2.543012195e+00,-5.943971398e-02,5.943971398e-02
4.592000000e-03,6.448303915e-01,7.855047825e-04,-2.419146561e+00,-6.440448867e-02,6.440448867e-02
4.594000000e-03,6.918498564e-01,7.326243101e-04,-2.285607263e+00,-6.911172321e-02,6.911172321e-02
4.596000000e-03,7.361027577e-01,6.768142254e-04,-2.142928297e+00,-7.354259435e-02,7.354259435e-02
4.598000000e-03,7.774121371e-01,6.182977013e-04,-1.991680207e+00,-7.767938394e-02,7.767938394e-02
4.600000000e-03,8.156128071e-01,5.573087332e-04,-1.832467801e+00,-8.150554984e-02,8.150554984e-02
4.602000000e-03,8.505520111e-01,4.940912033e-04,-1.665927738e+00,-8.500579199e-02,8.500579199e-02
4.604000000e-03,8.820900345e-01,4.288979053e-04,-1.492725977e+00,-8.816611367e-02,8.816611366e-02
4.606000000e-03,9.101007634e-01,3.619895338e-04,-1.313555115e+00,-9.097387739e-02,9.097387739e-02
4.608000000e-03,9.344721886e-01,2.936336413e-04,-1.129131619e+00,-9.341785550e-02,9.341785550e-02
4.610000000e-03,9.551068539e-01,2.241035687e-04,-9.401929609e-01,-9.548827504e-02,9.548827504e-02
4.612000000e-03,9.719222456e-01,1.536773526e-04,-7.474946665e-01,-9.717685682e-02,9.717685682e-02
4.614000000e-03,9.848511223e-01,8.263661252e-05,-5.518072965e-01,-9.847684857e-02,9.847684857e-02
4.616000000e-03,9.938417843e-01,1.126542572e-05,-3.539133639e-01,-9.938305189e-02,9.938305189e-02
4.618000000e-03,9.988582797e-01,-6.015080929e-05,-1.546042053e-01,-9.989184305e-02,9.989184305e-02
4.620000000e-03,9.998805486e-01,-1.313265138e-04,4.532318332e-02,-1.000011875e-01,1.000011875e-01
4.622000000e-03,9.969045031e-01,-2.019770711e-04,2.450693340e-01,-9.971064802e-02,9.971064802e-02
4.624000000e-03,9.899420439e-01,-2.718199642e-04,4.438355033e-01,-9.902138639e-02,9.902138639e-02
4.626000000e-03,9.790210124e-01,-3.405759059e-04,6.408268668e-01,-9.793615883e-02,9.793615883e-02
4.628000000e-03,9.641850795e-01,-4.079699555e-04,8.352556969e-01,-9.645930494e-02,9.645930494e-02
4.630000000e-03,9.454935710e-01,-4.737326183e-04,1.026344513e+00,-9.459673036e-02,9.459673036e-02
4.632000000e-03,9.230212303e-01,-5.376009229e-04,1.213329191e+00,-9.235588313e-02,9.235588313e-02
4.634000000e-03,8.968579198e-01,-5.993194734e-04,1.395462018e+00,-8.974572393e-02,8.974572393e-02
4.636000000e-03,8.671082610e-01,-6.586414700e-04,1.572014683e+00,-8.677669025e-02,8.677669024e-02
4.638000000e-03,8.338912166e-01,-7.153296966e-04,1.742281188e+00,-8.346065463e-02,8.346065463e-02
4.640000000e-03,7.973396146e-01,-7.691574685e-04,1.905580673e+00,-7.981087721e-02,7.981087721e-02
4.642000000e-03,7.575996175e-01,-8.199095399e-04,2.061260137e+00,-7.584195270e-02,7.584195270e-02
4.644000000e-03,7.148301370e-01,-8.673829636e-04,2.208697051e+00,-7.156975199e-02,7.156975199e-02
4.646000000e-03,6.692021994e-01,-9.113879033e-04,2.347301844e+00,-6.701135874e-02,6.701135873e-02
4.648000000e-03,6.208982615e-01,-9.517483925e-04,2.476520266e+00,-6.218500099e-02,6.218500099e-02
4.650000000e-03,5.701114806e-01,-9.883030378e-04,2.595835598e+00,-5.710997836e-02,5.710997836e-02
4.652000000e-03,5.170449424e-01,-1.020905665e-03,2.704770724e+00,-5.180658481e-02,5.180658481e-02
4.654000000e-03,4.619108491e-01,-1.049425903e-03,2.802890034e+00,-4.629602750e-02,4.629602750e-02
4.656000000e-03,4.049296704e-01,-1.073749705e-03,2.889801169e+00,-4.060034201e-02,4.060034201e-02
4.658000000e-03,3.463292621e-01,-1.093779805e-03,2.965156591e+00,-3.474230419e-02,3.474230419e-02
4.660000000e-03,2.863439552e-01,-1.109436108e-03,3.028654969e+00,-2.874533913e-02,2.874533913e-02
4.662000000e-03,2.252136183e-01,-1.120656006e-03,3.080042385e+00,-2.263342743e-02,2.263342743e-02
4.664000000e-03,1.631826990e-01,-1.127394634e-03,3.119113353e+00,-1.643100936e-02,1.643100936e-02
4.666000000e-03,1.004992460e-01,-1.129625045e-03,3.145711635e+00,-1.016288711e-02,1.016288711e-02
4.668000000e-03,3.741391751e-02,-1.127338321e-03,3.159730870e+00,-3.854125583e-03,3.854125583e-03
4.670000000e-03,-2.582102150e-02,-1.120543605e-03,3.161114999e+00,2.470047789e-03,-2.470047789e-03
4.672000000e-03,-8.895270761e-02,-1.109268069e-03,3.149858486e+00,8.784343954e-03,-8.784343954e-03
4.674000000e-03,-1.517286904e-01,-1.093556800e-03,3.126006345e+00,1.506351336e-02,-1.506351336e-02
4.676000000e-03,-2.138979416e-01,-1.073472625e-03,3.089653954e+00,2.128244690e-02,-2.128244690e-02
4.678000000e-03,-2.752118595e-01,-1.049095857e-03,3.040946680e+00,2.741627637e-02,-2.741627636e-02
4.680000000e-03,-3.354252624e-01,-1.020523972e-03,2.980079293e+00,3.344047384e-02,-3.344047384e-02
4.682000000e-03,-3.942973695e-01,-9.878712240e-04,2.907295188e+00,3.933094982e-02,-3.933094982e-02
4.684000000e-03,-4.515927633e-01,-9.512681845e-04,2.822885415e+00,4.506414952e-02,-4.506414952e-02
4.686000000e-03,-5.070823317e-01,-9.108612214e-04,2.727187510e+00,5.061714705e-02,-5.061714705e-02
4.688000000e-03,-5.605441833e-01,-8.668119137e-04,2.620584149e+00,5.596773714e-02,-5.596773714e-02
4.690000000e-03,-6.117645353e-01,-8.192964055e-04,2.503501618e+00,6.109452389e-02,-6.109452389e-02
4.692000000e-03,-6.605385681e-01,-7.685047013e-04,2.376408104e+00,6.597700634e-02,-6.597700634e-02
4.694000000e-03,-7.066712446e-01,-7.146399066e-04,2.239811829e+00,7.059566047e-02,-7.059566047e-02
4.696000000e-03,-7.499780898e-01,-6.579174154e-04,2.094259012e+00,7.493201724e-02,-7.493201724e-02
4.698000000e-03,-7.902859286e-01,-5.985640494e-04,1.940331688e+00,7.896873646e-02,-7.896873646e-02
4.700000000e-03,-8.274335784e-01,-5.368171501e-04,1.778645382e+00,8.268967613e-02,-8.268967612e-02
4.702000000e-03,-8.612724934e-01,-4.729236307e-04,1.609846643e+00,8.607995698e-02,-8.607995697e-02
4.704000000e-03,-8.916673588e-01,-4.071389880e-04,1.434610462e+00,8.912602198e-02,-8.912602198e-02
4.706000000e-03,-9.184966319e-01,-3.397262811e-04,1.253637573e+00,9.181569057e-02,-9.181569056e-02
4.708000000e-03,-9.416530281e-01,-2.709550794e-04,1.067651647e+00,9.413820730e-02,-9.413820730e-02
4.710000000e-03,-9.610439496e-01,-2.011003846e-04,8.773964046e-01,9.608428492e-02,-9.608428492e-02
4.712000000e-03,-9.765918563e-01,-1.304415311e-04,6.836326363e-01,9.764614148e-02,-9.764614148e-02
4.714000000e-03,-9.882345753e-01,-5.926106903e-05,4.871351634e-01,9.881753142e-02,-9.881753142e-02
4.716000000e-03,-9.959255498e-01,1.215636582e-05,2.886897383e-01,9.959377061e-02,-9.959377061e-02
4.718000000e-03,-9.996340251e-01,8.352518995e-05,8.908990290e-02,9.997175503e-02,-9.997175503e-02
4.720000000e-03,-9.993451719e-01,1.545600143e-04,-1.108661844e-01,9.994997319e-02,-9.994997319e-02
4.722000000e-03,-9.950601452e-01,2.249767854e-04,-3.103789410e-01,9.952851220e-02,-9.952851220e-02
4.724000000e-03,-9.867960800e-01,2.944939212e-04,-5.086505567e-01,9.870905739e-02,-9.870905739e-02
4.726000000e-03,-9.745860225e-01,3.628334371e-04,-7.048881846e-01,9.749488560e-02,-9.749488559e-02
4.728000000e-03,-9.584787982e-01,4.297220576e-04,-8.983071113e-01,9.589085203e-02,-9.589085203e-02
4.730000000e-03,-9.385388166e-01,4.948923091e-04,-1.088133895e+00,9.390337089e-02,-9.390337089e-02
4.732000000e-03,-9.148458134e-01,5.580835892e-04,-1.273609457e+00,9.154038970e-02,-9.154038970e-02
4.734000000e-03,-8.874945322e-01,6.190432092e-04,-1.453992120e+00,8.881135754e-02,-8.881135754e-02
4.736000000e-03,-8.565943449e-01,6.775274043e-04,-1.628560571e+00,8.572718723e-02,-8.572718723e-02
4.738000000e-03,-8.222688149e-01,7.333023082e-04,-1.796616747e+00,8.230021173e-02,-8.230021173e-02
4.740000000e-03,-7.846552031e-01,7.861448888e-04,-1.957488626e+00,7.854413480e-02,-7.854413480e-02
4.742000000e-03,-7.439039182e-01,8.358438396e-04,-2.110532916e+00,7.447397621e-02,-7.447397621e-02
4.744000000e-03,-7.001779164e-01,8.822004247e-04,-2.255137623e+00,7.010601168e-02,-7.010601168e-02
4.746000000e-03,-6.536520487e-01,9.250292740e-04,-2.390724504e+00,6.545770779e-02,-6.545770779e-02
4.748000000e-03,-6.045123624e-01,9.641591236e-04,-2.516751375e+00,6.054765215e-02,-6.054765215e-02
4.750000000e-03,-5.529553569e-01,9.994335014e-04,-2.632714280e+00,5.539547904e-02,-5.539547904e-02
4.752000000e-03,-4.991871979e-01,1.030711353e-03,-2.738149509e+00,5.002179093e-02,-5.002179093e-02
4.754000000e-03,-4.434228932e-01,1.057867604e-03,-2.832635448e+00,4.444807608e-02,-4.444807608e-02
4.756000000e-03,-3.858854325e-01,1.080793662e-03,-2.915794266e+00,3.869662262e-02,-3.869662262e-02
4.758000000e-03,-3.268048963e-01,1.099397851e-03,-2.987293430e+00,3.279042942e-02,-3.279042942e-02
4.760000000e-03,-2.664175353e-01,1.113605778e-03,-3.046847029e+00,2.675311410e-02,-2.675311410e-02
4.762000000e-03,-2.049648259e-01,1.123360626e-03,-3.094216920e+00,2.060881866e-02,-2.060881865e-02
4.764000000e-03,-1.426925049e-01,1.128623389e-03,-3.129213681e+00,1.438211283e-02,-1.438211283e-02
4.766000000e-03,-7.984958618e-02,1.129373021e-03,-3.151697368e+00,8.097895920e-03,-8.097895920e-03
4.768000000e-03,-1.668736560e-02,1.125606526e-03,-3.161578073e+00,1.781297212e-03,-1.781297212e-03
4.770000000e-03,4.654158429e-02,1.117338965e-03,-3.158816284e+00,-4.542424533e-03,4.542424533e-03
4.772000000e-03,1.095844241e-01,1.104603397e-03,-3.143423046e+00,-1.084798207e-02,1.084798207e-02
4.774000000e-03,1.721890585e-01,1.087450750e-03,-3.115459913e+00,-1.711016078e-02,1.711016078e-02
4.776000000e-03,2.341051447e-01,1.065949614e-03,-3.075038704e+00,-2.330391951e-02,2.330391951e-02
4.778000000e-03,2.950850932e-01,1.040185967e-03,-3.022321055e+00,-2.940449072e-02,2.940449072e-02
4.780000000e-03,3.548850577e-01,1.010262833e-03,-2.957517772e+00,-3.538747949e-02,3.538747949e-02
4.782000000e-03,4.132659107e-01,9.762998678e-04,-2.880887991e+00,-4.122896109e-02,4.122896109e-02
4.784000000e-03,4.699941993e-01,9.384328825e-04,-2.792738139e+00,-4.690557664e-02,4.690557664e-02
4.786000000e-03,5.248430788e-01,8.968132992e-04,-2.693420707e+00,-5.239462656e-02,5.239462655e-02
4.788000000e-03,5.775932201e-01,8.516075461e-04,-2.583332846e+00,-5.767416125e-02,5.767416125e-02
4.790000000e-03,6.280336862e-01,8.029963915e-04,-2.462914775e+00,-6.272306898e-02,6.272306898e-02
4.792000000e-03,6.759627762e-01,7.511742213e-04,-2.332648019e+00,-6.752116020e-02,6.752116020e-02
4.794000000e-03,7.211888316e-01,6.963482617e-04,-2.193053489e+00,-7.204924834e-02,7.204924834e-02
4.796000000e-03,7.635310030e-01,6.387377501e-04,-2.044689395e+00,-7.628922652e-02,7.628922652e-02
4.798000000e-03,8.028199726e-01,5.785730591e-04,-1.888149013e+00,-8.022413996e-02,8.022413996e-02
4.800000000e-03,8.388986322e-01,5.160947748e-04,-1.724058316e+00,-8.383825375e-02,8.383825375e-02
4.802000000e-03,8.716227107e-01,4.515527348e-04,-1.553073468e+00,-8.711711579e-02,8.711711579e-02
4.804000000e-03,9.008613512e-01,3.852050292e-04,-1.375878202e+00,-9.004761462e-02,9.004761462e-02
4.806000000e-03,9.264976345e-01,3.173169689e-04,-1.193181086e+00,-9.261803176e-02,9.261803176e-02
4.808000000e-03,9.484290466e-01,2.481600239e-04,-1.005712687e+00,-9.481808866e-02,9.481808865e-02
4.810000000e-03,9.665678881e-01,1.780107386e-04,-8.142226515e-01,-9.663898774e-02,9.663898774e-02
4.812000000e-03,9.808416257e-01,1.071496253e-04,-6.194767093e-01,-9.807344761e-02,9.807344761e-02
4.814000000e-03,9.911931817e-01,3.586004296e-05,-4.222536086e-01,-9.911573216e-02,9.911573216e-02
4.816000000e-03,9.975811623e-01,-3.557293631e-05,-2.233420036e-01,-9.976167352e-02,9.976167352e-02
4.818000000e-03,9.999800233e-01,-1.068636669e-04,-2.353730030e-02,-1.000086887e-01,1.000086887e-01
4.820000000e-03,9.983801722e-01,-1.777270719e-04,1.763615237e-01,-9.985578993e-02,9.985578992e-02
4.822000000e-03,9.927880064e-01,-2.478797833e-04,3.755551147e-01,-9.930358862e-02,9.930358862e-02
4.824000000e-03,9.832258879e-01,-3.170412751e-04,5.732469389e-01,-9.835429292e-02,9.835429292e-02
4.826000000e-03,9.697320536e-01,-3.849349849e-04,7.686464678e-01,-9.701169886e-02,9.701169886e-02
4.828000000e-03,9.523604626e-01,-4.512894197e-04,9.609723394e-01,-9.528117520e-02,9.528117520e-02
4.830000000e-03,9.311805801e-01,-5.158392421e-04,1.149455482e+00,-9.316964193e-02,9.316964193e-02
4.832000000e-03,9.062771002e-01,-5.783263307e-04,1.333342192e+00,-9.068554265e-02,9.068554265e-02
4.834000000e-03,8.777496066e-01,-6.385008125e-04,1.511897144e+00,-8.783881074e-02,8.783881074e-02
4.836000000e-03,8.457121749e-01,-6.961220626e-04,1.684406333e+00,-8.464082970e-02,8.464082970e-02
4.838000000e-03,8.102929162e-01,-7.509596653e-04,1.850179932e+00,-8.110438759e-02,8.110438759e-02
4.840000000e-03,7.716334646e-01,-8.027943365e-04,2.008555046e+00,-7.724362590e-02,7.724362590e-02
4.842000000e-03,7.298884113e-01,-8.514188002e-04,2.158898366e+00,-7.307398302e-02,7.307398301e-02
4.844000000e-03,6.852246861e-01,-8.966386173e-04,2.300608701e+00,-6.861213247e-02,6.861213247e-02
4.846000000e-03,6.378208899e-01,-9.382729630e-04,2.433119380e+00,-6.387591629e-02,6.387591628e-02
4.848000000e-03,5.878665806e-01,-9.761553504e-04,2.555900521e+00,-5.888427359e-02,5.888427359e-02
4.850000000e-03,5.355615151e-01,-1.010134296e-03,2.668461147e+00,-5.365716494e-02,5.365716494e-02
4.852000000e-03,4.811148505e-01,-1.040073924e-03,2.770351152e+00,-4.821549244e-02,4.821549244e-02
4.854000000e-03,4.247443077e-01,-1.065854513e-03,2.861163099e+00,-4.258101622e-02,4.258101622e-02
4.856000000e-03,3.666753008e-01,-1.087372971e-03,2.940533850e+00,-3.677626738e-02,3.677626738e-02
4.858000000e-03,3.071400356e-01,-1.104543252e-03,3.008146018e+00,-3.082445788e-02,3.082445788e-02
4.860000000e-03,2.463765813e-01,-1.117296693e-03,3.063729235e+00,-2.474938780e-02,2.474938780e-02
4.862000000e-03,1.846279182e-01,-1.125582298e-03,3.107061237e+00,-1.857535005e-02,1.857535005e-02
4.864000000e-03,1.221409666e-01,-1.129366933e-03,3.137968747e+00,-1.232703335e-02,1.232703335e-02
4.866000000e-03,5.916559861e-02,-1.128635464e-03,3.156328172e+00,-6.029423407e-03,6.029423407e-03
4.868000000e-03,-4.046360296e-03,-1.123390817e-03,3.162066098e+00,2.922969479e-04,-2.922969479e-04
4.870000000e-03,-6.724213865e-02,-1.113653964e-03,3.155159579e+00,6.612848468e-03,-6.612848468e-03
4.872000000e-03,-1.301690297e-01,-1.099463840e-03,3.135636234e+00,1.290695658e-02,-1.290695658e-02
4.874000000e-03,-1.925754018e-01,-1.080877190e-03,3.103574131e+00,1.914945246e-02,-1.914945246e-02
4.876000000e-03,-2.542117050e-01,-1.057968336e-03,3.059101480e+00,2.531537367e-02,-2.531537367e-02
4.878000000e-03,-3.148314684e-01,-1.030828886e-03,3.002396120e+00,3.138006395e-02,-3.138006395e-02
4.880000000e-03,-3.741922863e-01,-9.995673668e-04,2.933684801e+00,3.731927190e-02,-3.731927189e-02
4.882000000e-03,-4.320567871e-01,-9.643087852e-04,2.853242288e+00,4.310924783e-02,-4.310924783e-02
4.884000000e-03,-4.881935826e-01,-9.251941334e-04,2.761390251e+00,4.872683885e-02,-4.872683885e-02
4.886000000e-03,-5.423781936e-01,-8.823798226e-04,2.658495990e+00,5.414958137e-02,-5.414958137e-02
4.888000000e-03,-5.943939469e-01,-8.360370585e-04,2.544970956e+00,5.935579099e-02,-5.935579099e-02
4.890000000e-03,-6.440328425e-01,-7.863511561e-04,2.421269113e+00,6.432464914e-02,-6.432464914e-02
4.892000000e-03,-6.910963848e-01,-7.335207989e-04,2.287885118e+00,6.903628640e-02,-6.903628640e-02
4.894000000e-03,-7.353963763e-01,-6.777572446e-04,2.145352346e+00,7.347186190e-02,-7.347186190e-02
4.896000000e-03,-7.767556707e-01,-6.192834801e-04,1.994240757e+00,7.761363872e-02,-7.761363872e-02
4.898000000e-03,-8.150088807e-01,-5.583333297e-04,1.835154613e+00,8.144505474e-02,-8.144505474e-02
4.900000000e-03,-8.500030397e-01,-4.951505204e-04,1.668730068e+00,8.495078892e-02,-8.495078892e-02
4.902000000e-03,-8.815982134e-01,-4.299877072e-04,1.495632619e+00,8.811682257e-02,-8.811682257e-02
4.904000000e-03,-9.096680592e-01,-3.631054626e-04,1.316554446e+00,9.093049537e-02,-9.093049537e-02
4.906000000e-03,-9.341003316e-01,-2.947712347e-04,1.132211645e+00,9.338055604e-02,-9.338055604e-02
4.908000000e-03,-9.547973311e-01,-2.252582779e-04,9.433413657e-01,9.545720728e-02,-9.545720728e-02
4.910000000e-03,-9.716762947e-01,-1.548445601e-04,7.506988603e-01,9.715214501e-02,-9.715214501e-02
4.912000000e-03,-9.846697268e-01,-8.381165111e-05,5.550544664e-01,9.845859152e-02,-9.845859152e-02
4.914000000e-03,-9.937256696e-01,-1.244359672e-05,3.571905250e-01,9.937132260e-02,-9.937132260e-02
4.916000000e-03,-9.988079101e-01,5.897421705e-05,1.578982531e-01,9.988668843e-02,-9.988668843e-02
4.918000000e-03,-9.998961255e-01,1.301562052e-04,-4.202542112e-02,1.000026282e-01,-1.000026282e-01
4.920000000e-03,-9.969859643e-01,2.008177258e-04,-2.417810444e-01,9.971867820e-02,-9.971867820e-02
4.922000000e-03,-9.900890635e-01,2.706762181e-04,-4.405698356e-01,9.903597398e-02,-9.903597398e-02
4.924000000e-03,-9.792330026e-01,3.394523326e-04,-6.375968797e-01,9.795724549e-02,-9.795724549e-02
4.926000000e-03,-9.644611925e-01,4.068710478e-04,-8.320743064e-01,9.648680636e-02,-9.648680636e-02
4.928000000e-03,-9.458327028e-01,4.726627703e-04,-1.023224441e+00,9.463053656e-02,-9.463053656e-02
4.930000000e-03,-9.234220248e-01,5.365644128e-04,-1.210282914e+00,9.239585892e-02,-9.239585892e-02
4.932000000e-03,-8.973187742e-01,5.983204458e-04,-1.392501717e+00,8.979170947e-02,-8.979170946e-02
4.934000000e-03,-8.676273325e-01,6.576839198e-04,-1.569152196e+00,8.682850164e-02,-8.682850164e-02
4.936000000e-03,-8.344664295e-01,7.144174526e-04,-1.739527961e+00,8.351808470e-02,-8.351808470e-02
4.938000000e-03,-7.979686688e-01,7.682941787e-04,-1.902947716e+00,7.987369630e-02,-7.987369630e-02
4.940000000e-03,-7.582799975e-01,8.190986562e-04,-2.058757979e+00,7.590990961e-02,-7.590990961e-02
4.942000000e-03,-7.155591221e-01,8.666277285e-04,-2.206335697e+00,7.164257498e-02,-7.164257498e-02
4.944000000e-03,-6.699768746e-01,9.106913368e-04,-2.345090737e+00,6.708875660e-02,-6.708875660e-02
4.946000000e-03,-6.217155290e-01,9.511132800e-04,-2.474468247e+00,6.226666423e-02,-6.226666423e-02
4.948000000e-03,-5.709680723e-01,9.877319189e-04,-2.593950874e+00,5.719558042e-02,-5.719558042e-02
4.950000000e-03,-5.179374330e-01,1.020400823e-03,-2.703060830e+00,5.189578338e-02,-5.189578338e-02
4.952000000e-03,-4.628356697e-01,1.048989357e-03,-2.801361808e+00,4.638846590e-02,-4.638846590e-02
4.954000000e-03,-4.058831227e-01,1.073383201e-03,-2.888460723e+00,4.069565059e-02,-4.069565059e-02
4.956000000e-03,-3.473075336e-01,1.093484808e-03,-2.964009285e+00,3.484010185e-02,-3.484010185e-02
4.958000000e-03,-2.873431340e-01,1.109213798e-03,-3.027705390e+00,2.884523478e-02,-2.884523478e-02
4.960000000e-03,-2.262297088e-01,1.120507271e-03,-3.079294331e+00,2.273502161e-02,-2.273502161e-02
4.962000000e-03,-1.642116382e-01,1.127320070e-03,-3.118569814e+00,1.653389583e-02,-1.653389583e-02
4.964000000e-03,-1.015369193e-01,1.129624950e-03,-3.145374785e+00,1.026665443e-02,-1.026665443e-02
4.966000000e-03,-3.845617548e-02,1.127412695e-03,-3.159602057e+00,3.958358817e-03,-3.958358817e-03
4.968000000e-03,2.477834664e-02,1.120692151e-03,-3.161194737e+00,-2.365765449e-03,2.365765449e-03
4.970000000e-03,8.791378530e-02,1.109490192e-03,-3.150146457e+00,-8.680429511e-03,8.680429511e-03
4.972000000e-03,1.506976750e-01,1.093851612e-03,-3.126501397e+00,-1.496038234e-02,1.496038234e-02
4.974000000e-03,2.128789561e-01,1.073838948e-03,-3.090354108e+00,-2.118051171e-02,2.118051171e-02
4.976000000e-03,2.742089785e-01,1.049532225e-03,-3.041849135e+00,-2.731594462e-02,2.731594462e-02
4.978000000e-03,3.344424962e-01,1.021028641e-03,-2.981180441e+00,-3.334214676e-02,3.334214676e-02
4.980000000e-03,3.933386479e-01,9.884421753e-04,-2.908590626e+00,-3.923502058e-02,3.923502058e-02
4.982000000e-03,4.506619202e-01,9.519031353e-04,-2.824369962e+00,-4.497100171e-02,4.497100171e-02
4.984000000e-03,5.061830893e-01,9.115576327e-04,-2.728855230e+00,-5.052715316e-02,5.052715316e-02
4.986000000e-03,5.596801374e-01,8.675670007e-04,-2.622428374e+00,-5.588125704e-02,5.588125704e-02
4.988000000e-03,6.109391411e-01,8.201071488e-04,-2.505514972e+00,-6.101190339e-02,6.101190339e-02
4.990000000e-03,6.597551262e-01,7.693678589e-04,-2.378582537e+00,-6.589857584e-02,6.589857584e-02
4.992000000e-03,7.059328878e-01,7.155520269e-04,-2.242138645e+00,-7.052173358e-02,7.052173358e-02
4.994000000e-03,7.492877707e-01,6.588748513e-04,-2.096728906e+00,-7.486288958e-02,7.486288958e-02
4.996000000e-03,7.896464075e-01,5.995629721e-04,-1.942934786e+00,-7.890468446e-02,7.890468446e-02
4.998000000e-03,8.268474127e-01,5.378535653e-04,-1.781371273e+00,-8.263095591e-02,8.263095591e-02
5.000000000e-03,8.607420270e-01,4.739933940e-04,-1.612684427e+00,-8.602680336e-02,8.602680336e-02
5.002000000e-03,8.911947130e-01,4.082378217e-04,-1.437548791e+00,-8.907864752e-02,8.907864752e-02
5.004000000e-03,9.180836967e-01,3.408497912e-04,-1.256664697e+00,-9.177428469e-02,9.177428469e-02
5.006000000e-03,9.413014547e-01,2.720987733e-04,-1.070755461e+00,-9.410293559e-02,9.410293559e-02
5.008000000e-03,9.607551439e-01,2.022596889e-04,-8.805644980e-01,-9.605528842e-02,9.605528842e-02
5.010000000e-03,9.763669731e-01,1.316118102e-04,-6.868523403e-01,-9.762353613e-02,9.762353613e-02
5.012000000e-03,9.880745139e-01,6.043764313e-05,-4.903936030e-01,-9.880140763e-02,9.880140763e-02
5.014000000e-03,9.958309503e-01,-1.097820148e-05,-2.919738836e-01,-9.958419285e-02,9.958419285e-02
5.016000000e-03,9.996052658e-01,-8.235014657e-05,-9.238662144e-02,-9.996876160e-02,9.996876159e-02
5.018000000e-03,9.993823678e-01,-1.533927906e-04,1.075700756e-01,-9.995357606e-02,9.995357606e-02
5.020000000e-03,9.951631475e-01,-2.238220487e-04,3.070966224e-01,-9.953869696e-02,9.953869696e-02
5.022000000e-03,9.869644768e-01,-2.933562891e-04,5.053951536e-01,-9.872578331e-02,9.872578331e-02
5.024000000e-03,9.748191405e-01,-3.617174586e-04,7.016727147e-01,-9.751808580e-02,9.751808579e-02
5.026000000e-03,9.587757052e-01,-4.286321954e-04,8.951444325e-01,-9.592043374e-02,9.592043374e-02
5.028000000e-03,9.388983252e-01,-4.938329211e-04,1.085036654e+00,-9.393921582e-02,9.393921581e-02
5.030000000e-03,9.152664862e-01,-5.570589117e-04,1.270590040e+00,-9.158235451e-02,9.158235451e-02
5.032000000e-03,8.879746868e-01,-6.180573396e-04,1.451062600e+00,-8.885927442e-02,8.885927442e-02
5.034000000e-03,8.571320614e-01,-6.765842848e-04,1.625732663e+00,-8.578086457e-02,8.578086457e-02
5.036000000e-03,8.228619431e-01,-7.324057102e-04,1.793901759e+00,-8.235943488e-02,8.235943488e-02
5.038000000e-03,7.853013711e-01,-7.852983975e-04,1.954897415e+00,-7.860866695e-02,7.860866695e-02
5.040000000e-03,7.446005422e-01,-8.350508398e-04,2.108075842e+00,-7.454355931e-02,7.454355931e-02
5.042000000e-03,7.009222107e-01,-8.814640876e-04,2.252824514e+00,-7.018036748e-02,7.018036748e-02
5.044000000e-03,6.544410370e-01,-9.243525438e-04,2.388564608e+00,-6.553653896e-02,6.553653896e-02
5.046000000e-03,6.053428898e-01,-9.635447065e-04,2.514753329e+00,-6.063064345e-02,6.063064345e-02
5.048000000e-03,5.538241022e-01,-9.988838543e-04,2.630886075e+00,-5.548229860e-02,5.548229860e-02
5.050000000e-03,5.000906872e-01,-1.030228673e-03,2.736498455e+00,-5.011209159e-02,5.011209159e-02
5.052000000e-03,4.443575136e-01,-1.057453822e-03,2.831168146e+00,-4.454149675e-02,4.454149675e-02
5.054000000e-03,3.868474468e-01,-1.080450433e-03,2.914516585e+00,-3.879278972e-02,3.879278972e-02
5.056000000e-03,3.277904574e-01,-1.099126548e-03,2.986210479e+00,-3.288895840e-02,3.288895840e-02
5.058000000e-03,2.674227022e-01,-1.113407484e-03,3.045963138e+00,-2.685361097e-02,2.685361097e-02
5.060000000e-03,2.059855792e-01,-1.123236135e-03,3.093535623e+00,-2.071088154e-02,2.071088154e-02
5.062000000e-03,1.437247628e-01,-1.128573198e-03,3.128737704e+00,-1.448533360e-02,1.448533360e-02
5.064000000e-03,8.088922091e-02,-1.129397332e-03,3.151428613e+00,-8.201861824e-03,8.201861824e-03
5.066000000e-03,1.773021986e-02,-1.125705241e-03,3.161517614e+00,-1.885592510e-03,1.885592510e-03
5.068000000e-03,-4.549968066e-02,-1.117511689e-03,3.158964364e+00,4.438216897e-03,-4.438216897e-03
5.070000000e-03,-1.085476374e-01,-1.104849440e-03,3.143779073e+00,1.074427880e-02,-1.074427880e-02
5.072000000e-03,-1.711615347e-01,-1.087769128e-03,3.116022463e+00,1.700737656e-02,-1.700737656e-02
5.074000000e-03,-2.330909927e-01,-1.066339054e-03,3.075805527e+00,2.320246536e-02,-2.320246536e-02
5.076000000e-03,-2.940883683e-01,-1.040644911e-03,3.023289085e+00,2.930477234e-02,-2.930477233e-02
5.078000000e-03,-3.539097456e-01,-1.010789446e-03,2.958683139e+00,3.528989562e-02,-3.528989562e-02
5.080000000e-03,-4.123159115e-01,-9.768920440e-04,2.882246034e+00,4.113390194e-02,-4.113390194e-02
5.082000000e-03,-4.690733118e-01,-9.390882539e-04,2.794283427e+00,4.681342236e-02,-4.681342235e-02
5.084000000e-03,-5.239549855e-01,-8.975292454e-04,2.695147061e+00,5.230574563e-02,-5.230574563e-02
5.086000000e-03,-5.767414722e-01,-8.523812040e-04,2.585233363e+00,5.758890910e-02,-5.758890910e-02
5.088000000e-03,-6.272216897e-01,-8.038246675e-04,2.464981855e+00,6.264178651e-02,-6.264178651e-02
5.090000000e-03,-6.751937782e-01,-7.520538033e-04,2.334873397e+00,6.744417244e-02,-6.744417244e-02
5.092000000e-03,-7.204659071e-01,-6.972756324e-04,2.195428265e+00,7.197686315e-02,-7.197686315e-02
5.094000000e-03,-7.628570428e-01,-6.397092013e-04,2.047204073e+00,7.622173336e-02,-7.622173336e-02
5.096000000e-03,-8.021976718e-01,-5.795847061e-04,1.890793538e+00,8.016180871e-02,-8.016180871e-02
5.098000000e-03,-8.383304792e-01,-5.171425722e-04,1.726822112e+00,8.378133366e-02,-8.378133366e-02
5.100000000e-03,-8.711109774e-01,-4.526324928e-04,1.555945484e+00,8.706583449e-02,-8.706583449e-02
5.102000000e-03,-9.004080839e-01,-3.863124301e-04,1.378846954e+00,9.000217715e-02,-9.000217715e-02
5.104000000e-03,-9.261046459e-01,-3.184475844e-04,1.196234701e+00,9.257861983e-02,-9.257861983e-02
5.106000000e-03,-9.480979079e-01,-2.493093330e-04,1.008838955e+00,9.478485986e-02,-9.478485986e-02
5.108000000e-03,-9.662999237e-01,-1.791741455e-04,8.174090716e-01,9.661207495e-02,-9.661207495e-02
5.110000000e-03,-9.806379070e-01,-1.083224778e-04,6.227105394e-01,9.805295845e-02,-9.805295845e-02
5.112000000e-03,-9.910545233e-01,-3.703765102e-05,4.255219171e-01,9.910174857e-02,-9.910174857e-02
5.114000000e-03,-9.975081187e-01,3.439528162e-05,2.266317213e-01,9.975425140e-02,-9.975425140e-02
5.116000000e-03,-9.999728867e-01,1.056906747e-04,2.683527234e-02,1.000078577e-01,-1.000078577e-01
5.118000000e-03,-9.984389710e-01,1.765634327e-04,-1.730684853e-01,9.986155345e-02,-9.986155344e-02
5.120000000e-03,-9.929125056e-01,2.467301504e-04,-3.722801781e-01,9.931592358e-02,-9.931592357e-02
5.122000000e-03,-9.834155896e-01,3.159102454e-04,-5.700031998e-01,9.837314998e-02,-9.837314998e-02
5.124000000e-03,-9.699861992e-01,3.838270812e-04,-7.654468973e-01,9.703700263e-02,-9.703700263e-02
5.126000000e-03,-9.526780357e-01,4.502090723e-04,-9.578297319e-01,9.531282448e-02,-9.531282448e-02
5.128000000e-03,-9.315603110e-01,5.147907709e-04,-1.146382405e+00,9.320751018e-02,-9.320751018e-02
5.130000000e-03,-9.067174703e-01,5.773139283e-04,-1.330350933e+00,9.072947842e-02,-9.072947842e-02
5.132000000e-03,-8.782488551e-01,6.375285275e-04,-1.508999664e+00,8.788863836e-02,-8.788863836e-02
5.134000000e-03,-8.462683053e-01,6.951937826e-04,-1.681614219e+00,8.469634991e-02,-8.469634991e-02
5.136000000e-03,-8.109037046e-01,7.500791025e-04,-1.847504349e+00,8.116537838e-02,-8.116537837e-02
5.138000000e-03,-7.722964687e-01,8.019650120e-04,-2.006006694e+00,7.730984337e-02,-7.730984337e-02
5.140000000e-03,-7.306009799e-01,8.506440303e-04,-2.156487435e+00,7.314516239e-02,-7.314516239e-02
5.142000000e-03,-6.859839696e-01,8.959215000e-04,-2.298344831e+00,6.868798912e-02,-6.868798911e-02
5.144000000e-03,-6.386238522e-01,9.376163660e-04,-2.431011624e+00,6.395614686e-02,-6.395614686e-02
5.146000000e-03,-5.887100108e-01,9.755618992e-04,-2.553957307e+00,5.896855727e-02,-5.896855727e-02
5.148000000e-03,-5.364420406e-01,1.009606363e-03,-2.666690247e+00,5.374516470e-02,-5.374516469e-02
5.150000000e-03,-4.820289502e-01,1.039613622e-03,-2.768759646e+00,4.830685638e-02,-4.830685638e-02
5.152000000e-03,-4.256883263e-01,1.065463681e-03,-2.859757352e+00,4.267537900e-02,-4.267537900e-02
5.154000000e-03,-3.676454633e-01,1.087053173e-03,-2.939319483e+00,3.687325165e-02,-3.687325165e-02
5.156000000e-03,-3.081324626e-01,1.104295766e-03,-3.007127887e+00,3.092367583e-02,-3.092367583e-02
5.158000000e-03,-2.473873042e-01,1.117122509e-03,-3.062911412e+00,2.485044267e-02,-2.485044267e-02
5.160000000e-03,-1.856528955e-01,1.125482112e-03,-3.106446991e+00,1.867783776e-02,-1.867783776e-02
5.162000000e-03,-1.231760995e-01,1.129341146e-03,-3.137560535e+00,1.243054406e-02,-1.243054406e-02
5.164000000e-03,-6.020674783e-02,1.128684179e-03,-3.156127626e+00,6.133543201e-03,-6.133543201e-03
5.166000000e-03,3.003358063e-03,1.123513840e-03,-3.162074020e+00,-1.879844223e-04,1.879844223e-04
5.168000000e-03,6.620145416e-02,1.113850802e-03,-3.155375938e+00,-6.508760335e-03,6.508760335e-03
5.170000000e-03,1.291348244e-01,1.099733707e-03,-3.136060163e+00,-1.280350907e-02,1.280350907e-02
5.172000000e-03,1.915518113e-01,1.081219005e-03,-3.104203937e+00,-1.904705923e-02,1.904705923e-02
5.174000000e-03,2.532028224e-01,1.058380733e-03,-3.059934644e+00,-2.521444417e-02,2.521444417e-02
5.176000000e-03,3.138413281e-01,1.031310217e-03,-3.003429309e+00,-3.128100179e-02,3.128100179e-02
5.178000000e-03,3.732248476e-01,1.000115706e-03,-2.934913885e+00,-3.722247319e-02,3.722247319e-02
5.180000000e-03,4.311159185e-01,9.649219399e-04,-2.854662351e+00,-4.301509966e-02,4.301509966e-02
5.182000000e-03,4.872830466e-01,9.258696519e-04,-2.762995616e+00,-4.863571770e-02,4.863571769e-02
5.184000000e-03,5.415016311e-01,8.831150037e-04,-2.660280236e+00,-5.406185161e-02,5.406185161e-02
5.186000000e-03,5.935548632e-01,8.368289624e-04,-2.546926949e+00,-5.927180343e-02,5.927180343e-02
5.188000000e-03,6.432345929e-01,7.871966161e-04,-2.423389031e+00,-6.424473963e-02,6.424473963e-02
5.190000000e-03,6.903421612e-01,7.344164342e-04,-2.290160484e+00,-6.896077448e-02,6.896077448e-02
5.192000000e-03,7.346891949e-01,6.786994738e-04,-2.147774062e+00,-7.340104954e-02,7.340104954e-02
5.194000000e-03,7.760983592e-01,6.202685353e-04,-1.996799138e+00,-7.754780907e-02,7.754780907e-02
5.196000000e-03,8.144040677e-01,5.593572720e-04,-1.837839429e+00,-8.138447104e-02,8.138447104e-02
5.198000000e-03,8.494531436e-01,4.962092553e-04,-1.671530583e+00,-8.489569344e-02,8.489569344e-02
5.200000000e-03,8.811054332e-01,4.310770010e-04,-1.498537634e+00,-8.806743562e-02,8.806743562e-02
5.202000000e-03,9.092343653e-01,3.642209595e-04,-1.319552344e+00,-9.088701444e-02,9.088701444e-02
5.204000000e-03,9.337274584e-01,2.959084740e-04,-1.135290439e+00,-9.334315499e-02,9.334315499e-02
5.206000000e-03,9.544867696e-01,2.264127122e-04,-9.464887442e-01,-9.542603569e-02,9.542603569e-02
5.208000000e-03,9.714292867e-01,1.560115729e-04,-7.539022373e-01,-9.712732751e-02,9.712732751e-02
5.210000000e-03,9.844872601e-01,8.498657588e-05,-5.583010323e-01,-9.844022736e-02,9.844022736e-02
5.212000000e-03,9.936084738e-01,1.362173518e-05,-3.604672975e-01,-9.935948521e-02,9.935948521e-02
5.214000000e-03,9.987564539e-01,-5.779757602e-05,-1.611921290e-01,-9.988142515e-02,9.988142515e-02
5.216000000e-03,9.999106146e-01,-1.289857667e-04,3.872761337e-02,-1.000039600e-01,1.000039600e-01
5.218000000e-03,9.970663408e-01,-1.996581702e-04,2.384924920e-01,-9.972659990e-02,9.972659990e-02
5.220000000e-03,9.902350061e-01,-2.695321822e-04,4.373036888e-01,-9.905045382e-02,9.905045382e-02
5.222000000e-03,9.794439275e-01,-3.383283910e-04,6.343661991e-01,-9.797822559e-02,9.797822559e-02
5.224000000e-03,9.647362564e-01,-4.057716950e-04,8.288920109e-01,-9.651420281e-02,9.651420281e-02
5.226000000e-03,9.461708057e-01,-4.715924024e-04,1.020103256e+00,-9.466423981e-02,9.466423981e-02
5.228000000e-03,9.238218147e-01,-5.355273099e-04,1.207235320e+00,-9.243573420e-02,9.243573420e-02
5.230000000e-03,8.977786525e-01,-5.973207550e-04,1.389539902e+00,-8.983759732e-02,8.983759732e-02
5.232000000e-03,8.681454601e-01,-6.567256388e-04,1.566288002e+00,-8.688021857e-02,8.688021857e-02
5.234000000e-03,8.350407346e-01,-7.135044132e-04,1.736772842e+00,-8.357542391e-02,8.357542390e-02
5.236000000e-03,7.985968550e-01,-7.674300320e-04,1.900312689e+00,-7.993642850e-02,7.993642850e-02
5.238000000e-03,7.589595526e-01,-8.182868576e-04,2.056253581e+00,-7.597778394e-02,7.597778394e-02
5.240000000e-03,7.162873288e-01,-8.658715244e-04,2.203971943e+00,-7.171532003e-02,7.171532003e-02
5.242000000e-03,6.707508210e-01,-9.099937510e-04,2.342877079e+00,-6.716608147e-02,6.716608147e-02
5.244000000e-03,6.225321201e-01,-9.504771019e-04,2.472413537e+00,-6.234825972e-02,6.234825972e-02
5.246000000e-03,5.718240428e-01,-9.871596926e-04,2.592063328e+00,-5.728112025e-02,5.728112025e-02
5.248000000e-03,5.188293601e-01,-1.019894837e-03,2.701347996e+00,-5.198492549e-02,5.198492549e-02
5.250000000e-03,4.637599867e-01,-1.048551634e-03,2.799830536e+00,-4.648085383e-02,4.648085383e-02
5.252000000e-03,4.068361336e-01,-1.073015491e-03,2.887117135e+00,-4.079091491e-02,4.079091491e-02
5.254000000e-03,3.482854274e-01,-1.093188583e-03,2.962858754e+00,-3.493786159e-02,3.493786159e-02
5.256000000e-03,2.883420002e-01,-1.108990240e-03,3.026752517e+00,-2.894509904e-02,2.894509904e-02
5.258000000e-03,2.272455533e-01,-1.120357277e-03,3.078542926e+00,-2.283659106e-02,2.283659106e-02
5.260000000e-03,1.652403987e-01,-1.127244237e-03,3.118022883e+00,-1.663676430e-02,1.663676430e-02
5.262000000e-03,1.025744822e-01,-1.129623583e-03,3.145034514e+00,-1.037041058e-02,1.037041058e-02
5.264000000e-03,3.949839160e-02,-1.127485799e-03,3.159469807e+00,-4.062587740e-03,4.062587740e-03
5.266000000e-03,-2.373564483e-02,-1.120839433e-03,3.161271037e+00,2.261480539e-03,-2.261480539e-03
5.268000000e-03,-8.687476735e-02,-1.109711064e-03,3.150431001e+00,8.576505628e-03,-8.576505628e-03
5.270000000e-03,-1.496664957e-01,-1.094145191e-03,3.126993048e+00,1.485723506e-02,-1.485723506e-02
5.272000000e-03,-2.118597390e-01,-1.074204059e-03,3.091050899e+00,2.107855349e-02,-2.107855349e-02
5.274000000e-03,-2.732057991e-01,-1.049967408e-03,3.042748281e+00,2.721558317e-02,-2.721558317e-02
5.276000000e-03,-3.334593661e-01,-1.021532156e-03,2.982278345e+00,3.324378340e-02,-3.324378340e-02
5.278000000e-03,-3.923794985e-01,-9.890120097e-04,2.909882899e+00,3.913904865e-02,-3.913904865e-02
5.280000000e-03,-4.497305869e-01,-9.525370099e-04,2.825851436e+00,4.487780499e-02,-4.487780499e-02
5.282000000e-03,-5.052832962e-01,-9.122530127e-04,2.730519981e+00,5.043710432e-02,-5.043710432e-02
5.284000000e-03,-5.588154827e-01,-8.683211055e-04,2.624269745e+00,5.579471616e-02,-5.579471616e-02
5.286000000e-03,-6.101130823e-01,-8.209169628e-04,2.507525600e+00,6.092921653e-02,-6.092921653e-02
5.288000000e-03,-6.589709666e-01,-7.702301438e-04,2.380754381e+00,6.582007365e-02,-6.582007365e-02
5.290000000e-03,-7.051937631e-01,-7.164633348e-04,2.244463021e+00,7.044772997e-02,-7.044772997e-02
5.292000000e-03,-7.485966364e-01,-6.598315379e-04,2.099196520e+00,7.479368048e-02,-7.479368048e-02
5.294000000e-03,-7.890060274e-01,-6.005612119e-04,1.945535769e+00,7.884054662e-02,-7.884054662e-02
5.296000000e-03,-8.262603475e-01,-5.388893665e-04,1.784095225e+00,8.257214581e-02,-8.257214581e-02
5.298000000e-03,-8.602106243e-01,-4.750626147e-04,1.615520455e+00,8.597355617e-02,-8.597355616e-02
5.300000000e-03,-8.907210977e-01,-4.093361862e-04,1.440485555e+00,8.903117615e-02,-8.903117615e-02
5.302000000e-03,-9.176697627e-01,-3.419729075e-04,1.259690453e+00,9.173277898e-02,-9.173277898e-02
5.304000000e-03,-9.409488572e-01,-2.732421503e-04,1.073858111e+00,9.406756151e-02,-9.406756151e-02
5.306000000e-03,-9.604652930e-01,-2.034187545e-04,8.837316335e-01,9.602618742e-02,-9.602618742e-02
5.308000000e-03,-9.761410278e-01,-1.327819295e-04,6.900712970e-01,9.760082459e-02,-9.760082459e-02
5.310000000e-03,-9.879133777e-01,-6.161413711e-05,4.936515090e-01,9.878517636e-02,-9.878517636e-02
5.312000000e-03,-9.957352675e-01,9.800037383e-06,2.952577113e-01,9.957450675e-02,-9.957450675e-02
5.314000000e-03,-9.995754191e-01,8.117502357e-05,9.568323937e-02,9.996565941e-02,-9.996565941e-02
5.316000000e-03,-9.994184764e-01,1.522254077e-04,-1.042738499e-01,9.995707018e-02,-9.995707018e-02
5.318000000e-03,-9.952650672e-01,2.226670741e-04,-3.038139698e-01,9.954877343e-02,-9.954877343e-02
5.320000000e-03,-9.871318000e-01,2.922183413e-04,-5.021392007e-01,9.874240183e-02,-9.874240183e-02
5.322000000e-03,-9.750511980e-01,3.606010880e-04,-6.984564815e-01,9.754117991e-02,-9.754117991e-02
5.324000000e-03,-9.590715691e-01,4.275418660e-04,-8.919807800e-01,9.594991110e-02,-9.594991110e-02
5.326000000e-03,-9.392568125e-01,4.927729930e-04,-1.081938233e+00,9.397495855e-02,-9.397495855e-02
5.328000000e-03,-9.156861632e-01,5.560336233e-04,-1.267569240e+00,9.162421968e-02,-9.162421968e-02
5.330000000e-03,-8.884538755e-01,6.170707908e-04,-1.448131501e+00,8.890709463e-02,-8.890709462e-02
5.332000000e-03,-8.576688455e-01,6.756404206e-04,-1.622902986e+00,8.583444859e-02,-8.583444859e-02
5.334000000e-03,-8.234541761e-01,7.315083049e-04,-1.791184819e+00,8.241856844e-02,-8.241856844e-02
5.336000000e-03,-7.859466848e-01,7.844510396e-04,-1.952304077e+00,7.867311359e-02,-7.867311359e-02
5.338000000e-03,-7.452963562e-01,8.342569178e-04,-2.105616476e+00,7.461306131e-02,-7.461306131e-02
5.340000000e-03,-7.016657425e-01,8.807267760e-04,-2.250508954e+00,7.025464693e-02,-7.025464693e-02
5.342000000e-03,-6.552293134e-01,9.236747912e-04,-2.386402114e+00,6.561529882e-02,-6.561529882e-02
5.344000000e-03,-6.061727586e-01,9.629292229e-04,-2.512752548e+00,6.071356878e-02,-6.071356878e-02
5.346000000e-03,-5.546922450e-01,9.983331010e-04,-2.629055008e+00,5.556905781e-02,-5.556905781e-02
5.348000000e-03,-5.009936325e-01,1.029744853e-03,-2.734844423e+00,5.020233774e-02,-5.020233774e-02
5.350000000e-03,-4.452916507e-01,1.057038869e-03,-2.829697765e+00,4.463486895e-02,-4.463486895e-02
5.352000000e-03,-3.878090402e-01,1.080106006e-03,-2.913235734e+00,3.888891462e-02,-3.888891462e-02
5.354000000e-03,-3.287756619e-01,1.098854025e-03,-2.985124279e+00,3.298745160e-02,-3.298745160e-02
5.356000000e-03,-2.684275782e-01,1.113207954e-03,-3.045075933e+00,2.695407862e-02,-2.695407862e-02
5.358000000e-03,-2.070061085e-01,1.123110397e-03,-3.092850961e+00,2.081292189e-02,-2.081292189e-02
5.360000000e-03,-1.447568644e-01,1.128521755e-03,-3.128258322e+00,1.458853861e-02,-1.458853861e-02
5.362000000e-03,-8.192876765e-02,1.129420389e-03,-3.151156429e+00,8.305818804e-03,-8.305818803e-03
5.364000000e-03,-1.877305483e-02,1.125802706e-03,-3.161453716e+00,1.989885754e-03,-1.989885754e-03
5.366000000e-03,4.445772753e-02,1.117683171e-03,-3.159109008e+00,-4.334004436e-03,4.334004435e-03
5.368000000e-03,1.075107327e-01,1.105094255e-03,-3.144131680e+00,-1.064056384e-02,1.064056384e-02
5.370000000e-03,1.701338248e-01,1.088086296e-03,-3.116581623e+00,-1.690457385e-02,1.690457385e-02
5.372000000e-03,2.320765871e-01,1.066727307e-03,-3.076569005e+00,-2.310098598e-02,2.310098598e-02
5.374000000e-03,2.930913234e-01,1.041102697e-03,-3.024253827e+00,-2.920502207e-02,2.920502207e-02
5.376000000e-03,3.529340485e-01,1.011314933e-03,-2.959845287e+00,-3.519227336e-02,3.519227335e-02
5.378000000e-03,4.113654637e-01,9.774831321e-04,-2.883600941e+00,-4.103879806e-02,4.103879806e-02
5.380000000e-03,4.681519140e-01,9.397425791e-04,-2.795825675e+00,-4.672121714e-02,4.672121714e-02
5.382000000e-03,5.230663222e-01,8.982441910e-04,-2.696870484e+00,-5.221680780e-02,5.221680780e-02
5.384000000e-03,5.758890969e-01,8.531539112e-04,-2.587131068e+00,-5.750359430e-02,5.750359430e-02
5.386000000e-03,6.264090110e-01,8.046520463e-04,-2.467046254e+00,-6.256043589e-02,6.256043589e-02
5.388000000e-03,6.744240457e-01,7.529325453e-04,-2.337096234e+00,-6.736711131e-02,6.736711131e-02
5.390000000e-03,7.197421989e-01,6.982022237e-04,-2.197800653e+00,-7.190439967e-02,7.190439966e-02
5.392000000e-03,7.621822527e-01,6.406799366e-04,-2.049716524e+00,-7.615415728e-02,7.615415728e-02
5.394000000e-03,8.015744983e-01,5.805957037e-04,-1.893436006e+00,-8.009939026e-02,8.009939026e-02
5.396000000e-03,8.377614142e-01,5.181897893e-04,-1.729584030e+00,-8.372432244e-02,8.372432244e-02
5.398000000e-03,8.705982964e-01,4.537117417e-04,-1.558815808e+00,-8.701445847e-02,8.701445847e-02
5.400000000e-03,8.999538372e-01,3.874193953e-04,-1.381814205e+00,-8.995664178e-02,8.995664178e-02
5.402000000e-03,9.257106497e-01,3.195778393e-04,-1.199287015e+00,-9.253910719e-02,9.253910718e-02
5.404000000e-03,9.477657379e-01,2.504583579e-04,-1.011964126e+00,-9.475152795e-02,9.475152795e-02
5.406000000e-03,9.660309080e-01,1.803373457e-04,-8.205946025e-01,-9.658505707e-02,9.658505707e-02
5.408000000e-03,9.804331215e-01,1.094952020e-04,-6.259436919e-01,-9.803236263e-02,9.803236263e-02
5.410000000e-03,9.909147868e-01,3.821520968e-05,-4.287897627e-01,-9.908765716e-02,9.908765716e-02
5.412000000e-03,9.974339900e-01,-3.321759729e-05,-2.299211924e-01,-9.974672077e-02,9.974672076e-02
5.414000000e-03,9.999646622e-01,-1.045175740e-04,-3.013321512e-02,-1.000069180e-01,1.000069180e-01
5.416000000e-03,9.984966837e-01,-1.753996067e-04,1.697752586e-01,-9.986720833e-02,9.986720833e-02
5.418000000e-03,9.930359246e-01,-2.455802528e-04,3.690048365e-01,-9.932815049e-02,9.932815049e-02
5.420000000e-03,9.836042214e-01,-3.147788746e-04,5.667588407e-01,-9.839190003e-02,9.839190003e-02
5.422000000e-03,9.702392895e-01,-3.827187611e-04,7.622464942e-01,-9.706220083e-02,9.706220083e-02
5.424000000e-03,9.529945725e-01,-4.491282349e-04,9.546860825e-01,-9.534437008e-02,9.534437008e-02
5.426000000e-03,9.319390285e-01,-5.137417383e-04,1.143308080e+00,-9.324527702e-02,9.324527702e-02
5.428000000e-03,9.071568541e-01,-5.763008954e-04,1.327358226e+00,-9.077331550e-02,9.077331550e-02
5.430000000e-03,8.787471481e-01,-6.365555451e-04,1.506100542e+00,-8.793837036e-02,8.793837036e-02
5.432000000e-03,8.468235151e-01,-6.942647415e-04,1.678820276e+00,-8.475177798e-02,8.475177798e-02
5.434000000e-03,8.115136109e-01,-7.491977177e-04,1.844826757e+00,-8.122628086e-02,8.122628086e-02
5.436000000e-03,7.729586326e-01,-8.011348080e-04,2.003456159e+00,-7.737597675e-02,7.737597675e-02
5.438000000e-03,7.313127536e-01,-8.498683269e-04,2.154074157e+00,-7.321626219e-02,7.321626219e-02
5.440000000e-03,6.867425069e-01,-8.952033991e-04,2.296078460e+00,-6.876377103e-02,6.876377103e-02
5.442000000e-03,6.394261198e-01,-9.369587391e-04,2.428901223e+00,-6.403630786e-02,6.403630786e-02
5.444000000e-03,5.895528007e-01,-9.749673760e-04,2.552011316e+00,-5.905277680e-02,5.905277680e-02
5.446000000e-03,5.373219825e-01,-1.009077321e-03,2.664916445e+00,-5.383310598e-02,5.383310598e-02
5.448000000e-03,4.829425255e-01,-1.039152176e-03,2.767165129e+00,-4.839816777e-02,4.839816776e-02
5.450000000e-03,4.266318817e-01,-1.065071677e-03,2.858348494e+00,-4.276969534e-02,4.276969534e-02
5.452000000e-03,3.686152259e-01,-1.086732179e-03,2.938101919e+00,-3.697019580e-02,3.697019580e-02
5.454000000e-03,3.091245544e-01,-1.104047064e-03,3.006106485e+00,-3.102286014e-02,3.102286014e-02
5.456000000e-03,2.483977581e-01,-1.116947095e-03,3.062090256e+00,-2.495147052e-02,2.495147052e-02
5.458000000e-03,1.866776708e-01,-1.125380687e-03,3.105829365e+00,-1.878030515e-02,1.878030515e-02
5.460000000e-03,1.242110984e-01,-1.129314115e-03,3.137148909e+00,-1.253404125e-02,1.253404125e-02
5.462000000e-03,6.124783156e-02,-1.128731651e-03,3.155923647e+00,-6.237656322e-03,6.237656322e-03
5.464000000e-03,-1.960352563e-03,-1.123635624e-03,3.162078503e+00,8.367169384e-05,-8.367169384e-05
5.466000000e-03,-6.516069765e-02,-1.114046412e-03,3.155588864e+00,6.404665124e-03,-6.404665123e-03
5.468000000e-03,-1.281004787e-01,-1.100002360e-03,3.136480682e+00,1.270004763e-02,-1.270004763e-02
5.470000000e-03,-1.905280125e-01,-1.081559628e-03,3.104830366e+00,1.894464529e-02,-1.894464529e-02
5.472000000e-03,-2.521936644e-01,-1.058791963e-03,3.060764479e+00,2.511348725e-02,-2.511348725e-02
5.474000000e-03,-3.128508464e-01,-1.031790410e-03,3.004459232e+00,3.118190560e-02,-3.118190560e-02
5.476000000e-03,-3.722570029e-01,-1.000662941e-03,2.936139777e+00,3.712563399e-02,-3.712563399e-02
5.478000000e-03,-4.301745810e-01,-9.655340294e-04,2.856079310e+00,4.292090470e-02,-4.292090470e-02
5.480000000e-03,-4.863719805e-01,-9.265441481e-04,2.764597975e+00,4.854454363e-02,-4.854454363e-02
5.482000000e-03,-5.406244796e-01,-8.838492094e-04,2.662061589e+00,5.397406304e-02,-5.397406304e-02
5.484000000e-03,-5.927151338e-01,-8.376199416e-04,2.548880172e+00,5.918775139e-02,-5.918775139e-02
5.486000000e-03,-6.424356435e-01,-7.880412058e-04,2.425506313e+00,6.416476023e-02,-6.416476023e-02
5.488000000e-03,-6.895871867e-01,-7.353112572e-04,2.292433359e+00,6.888518755e-02,-6.888518755e-02
5.490000000e-03,-7.339812142e-01,-6.796409518e-04,2.150193441e+00,7.333015733e-02,-7.333015733e-02
5.492000000e-03,-7.754402035e-01,-6.212529036e-04,1.999355346e+00,7.748189506e-02,-7.748189506e-02
5.494000000e-03,-8.137983687e-01,-5.603805942e-04,1.840522246e+00,8.132379881e-02,-8.132379881e-02
5.496000000e-03,-8.489023234e-01,-4.972674394e-04,1.674329279e+00,8.484050560e-02,-8.484050560e-02
5.498000000e-03,-8.806116944e-01,-4.321658156e-04,1.501441018e+00,8.801795286e-02,-8.801795286e-02
5.500000000e-03,-9.087996824e-01,-3.653360506e-04,1.322548807e+00,9.084343463e-02,-9.084343463e-02
5.502000000e-03,-9.333535694e-01,-2.970453826e-04,1.138367999e+00,9.330565240e-02,-9.330565240e-02
5.504000000e-03,-9.541751697e-01,-2.275668920e-04,9.496350930e-01,9.539476028e-02,-9.539476028e-02
5.506000000e-03,-9.711812219e-01,-1.571784087e-04,7.571047942e-01,9.710240435e-02,-9.710240435e-02
5.508000000e-03,-9.843037225e-01,-8.616140164e-05,5.615469908e-01,9.842175611e-02,-9.842175611e-02
5.510000000e-03,-9.934901971e-01,-1.479985306e-05,3.637436777e-01,9.934753973e-02,-9.934753973e-02
5.512000000e-03,-9.987039112e-01,5.662087706e-05,1.644858294e-01,9.987605321e-02,-9.987605320e-02
5.514000000e-03,-9.999240160e-01,1.278151921e-04,-3.542976353e-02,1.000051831e-01,-1.000051831e-01
5.516000000e-03,-9.971456326e-01,1.984984007e-04,-2.352036802e-01,9.973441311e-02,-9.973441310e-02
5.518000000e-03,-9.903798713e-01,2.683878555e-04,-4.340370663e-01,9.906482592e-02,-9.906482592e-02
5.520000000e-03,-9.796537869e-01,3.372040832e-04,-6.311348285e-01,9.799909910e-02,-9.799909910e-02
5.522000000e-03,-9.650102708e-01,4.046719018e-04,-8.257088137e-01,9.654149427e-02,-9.654149427e-02
5.524000000e-03,-9.465078792e-01,4.705215217e-04,-1.016980961e+00,9.469784008e-02,-9.469784008e-02
5.526000000e-03,-9.242205996e-01,5.344896238e-04,-1.204186413e+00,9.247550892e-02,-9.247550892e-02
5.528000000e-03,-8.982375540e-01,5.963204132e-04,-1.386576574e+00,8.988338745e-02,-8.988338744e-02
5.530000000e-03,-8.686626433e-01,6.557666412e-04,-1.563422104e+00,8.693184100e-02,-8.693184099e-02
5.532000000e-03,-8.356141314e-01,7.125905949e-04,-1.734015834e+00,8.363267220e-02,-8.363267219e-02
5.534000000e-03,-7.992241723e-01,7.665650470e-04,-1.897675596e+00,7.999907374e-02,-7.999907373e-02
5.536000000e-03,-7.596382820e-01,8.174741649e-04,-2.053746947e+00,7.604557562e-02,-7.604557562e-02
5.538000000e-03,-7.170147562e-01,8.651143736e-04,-2.201605791e+00,7.178798706e-02,-7.178798706e-02
5.540000000e-03,-6.715240376e-01,9.092951699e-04,-2.340660872e+00,6.724333328e-02,-6.724333328e-02
5.542000000e-03,-6.233480340e-01,9.498398840e-04,-2.470356137e+00,6.242978739e-02,-6.242978739e-02
5.544000000e-03,-5.726793913e-01,9.865863859e-04,-2.590172962e+00,5.736659777e-02,-5.736659777e-02
5.546000000e-03,-5.197207228e-01,1.019387734e-03,-2.699632223e+00,5.207401105e-02,-5.207401105e-02
5.548000000e-03,-4.646837992e-01,1.048112763e-03,-2.798296217e+00,4.657319120e-02,-4.657319120e-02
5.550000000e-03,-4.077887018e-01,1.072646607e-03,-2.885770407e+00,4.088613484e-02,-4.088613484e-02
5.552000000e-03,-3.492629422e-01,1.092891160e-03,-2.961705000e+00,3.503558334e-02,-3.503558334e-02
5.554000000e-03,-2.893405527e-01,1.108765468e-03,-3.025796352e+00,2.904493182e-02,-2.904493182e-02
5.556000000e-03,-2.282611505e-01,1.120206054e-03,-3.077788173e+00,2.293813566e-02,-2.293813566e-02
5.558000000e-03,-1.662689795e-01,1.127167170e-03,-3.117472559e+00,1.673961467e-02,-1.673961467e-02
5.560000000e-03,-1.036119334e-01,1.129620978e-03,-3.144690822e+00,1.047415544e-02,-1.047415544e-02
5.562000000e-03,-4.054056476e-02,1.127557666e-03,-3.159334119e+00,4.166812243e-03,-4.166812243e-03
5.564000000e-03,2.269291719e-02,1.120985487e-03,-3.161343897e+00,-2.157193170e-03,2.157193170e-03
5.566000000e-03,8.583565489e-02,1.109930719e-03,-3.150712118e+00,-8.472572417e-03,8.472572417e-03
5.568000000e-03,1.486351537e-01,1.094437569e-03,-3.127481296e+00,-1.475407161e-02,1.475407161e-02
5.570000000e-03,2.108402914e-01,1.074567991e-03,-3.091744328e+00,-2.097657234e-02,2.097657234e-02
5.572000000e-03,2.722023226e-01,1.050401440e-03,-3.043644117e+00,-2.711519211e-02,2.711519211e-02
5.574000000e-03,3.324758733e-01,1.022034551e-03,-2.983373006e+00,-3.314538388e-02,3.314538388e-02
5.576000000e-03,3.914199222e-01,9.895807588e-04,-2.911172007e+00,-3.904303415e-02,3.904303415e-02
5.578000000e-03,4.487987643e-01,9.531698390e-04,-2.827329837e+00,-4.478455945e-02,4.478455944e-02
5.580000000e-03,5.043829534e-01,9.129473912e-04,-2.732181762e+00,-5.034700060e-02,5.034700060e-02
5.582000000e-03,5.579502200e-01,8.690742567e-04,-2.626108262e+00,-5.570811458e-02,5.570811458e-02
5.584000000e-03,6.092863598e-01,8.217258750e-04,-2.509533500e+00,-6.084646339e-02,6.084646339e-02
5.586000000e-03,6.581860901e-01,7.710915824e-04,-2.382923636e+00,-6.574149985e-02,6.574149985e-02
5.588000000e-03,7.044538711e-01,7.173738550e-04,-2.246784956e+00,-7.037364973e-02,7.037364973e-02
5.590000000e-03,7.479046877e-01,6.607874988e-04,-2.101661850e+00,-7.472439002e-02,7.472439002e-02
5.592000000e-03,7.883647889e-01,6.015587908e-04,-1.948134636e+00,-7.877632302e-02,7.877632302e-02
5.594000000e-03,8.256723834e-01,5.399245743e-04,-1.786817237e+00,-8.251324588e-02,8.251324588e-02
5.596000000e-03,8.596782857e-01,4.761313118e-04,-1.618354727e+00,-8.592021544e-02,8.592021544e-02
5.598000000e-03,8.902465134e-01,4.104340992e-04,-1.443420753e+00,-8.898360793e-02,8.898360793e-02
5.600000000e-03,9.172548304e-01,3.430956459e-04,-1.262714839e+00,-9.169117348e-02,9.169117348e-02
5.602000000e-03,9.405952362e-01,2.743852246e-04,-1.076959592e+00,-9.403208510e-02,9.403208510e-02
5.604000000e-03,9.601743972e-01,2.045775938e-04,-8.868978075e-01,-9.599698197e-02,9.599698196e-02
5.606000000e-03,9.759140206e-01,1.339518998e-04,-6.932895030e-01,-9.757800687e-02,9.757800687e-02
5.608000000e-03,9.877511668e-01,6.279055995e-05,-4.969088780e-01,-9.876883762e-02,9.876883762e-02
5.610000000e-03,9.956385015e-01,-8.621866262e-06,-2.985412177e-01,-9.956471234e-02,9.956471233e-02
5.612000000e-03,9.995444849e-01,-7.999981542e-05,-9.897975319e-02,-9.996244847e-02,9.996244847e-02
5.614000000e-03,9.994534979e-01,-1.510578620e-04,1.009775108e-01,-9.996045557e-02,9.996045557e-02
5.616000000e-03,9.953659042e-01,-2.215118595e-04,3.005309867e-01,-9.955874160e-02,9.955874160e-02
5.618000000e-03,9.872980492e-01,-2.910800772e-04,4.988827016e-01,-9.875891293e-02,9.875891293e-02
5.620000000e-03,9.752821948e-01,-3.594843263e-04,6.952394885e-01,-9.756416791e-02,9.756416791e-02
5.622000000e-03,9.593663897e-01,-4.264510723e-04,8.888161572e-01,-9.597928407e-02,9.597928407e-02
5.624000000e-03,9.396142779e-01,-4.917125291e-04,1.078838635e+00,-9.401059905e-02,9.401059904e-02
5.626000000e-03,9.161048441e-01,-5.550077298e-04,1.264547061e+00,-9.166598518e-02,9.166598518e-02
5.628000000e-03,8.889320976e-01,-6.160835701e-04,1.445198827e+00,-8.895481812e-02,8.895481812e-02
5.630000000e-03,8.582046965e-01,-6.746958203e-04,1.620071544e+00,-8.588793923e-02,8.588793923e-02
5.632000000e-03,8.240455133e-01,-7.306101023e-04,1.788465931e+00,-8.247761234e-02,8.247761234e-02
5.634000000e-03,7.865911436e-01,-7.836028264e-04,1.949708615e+00,-7.873747464e-02,7.873747464e-02
5.636000000e-03,7.459913594e-01,-8.334620858e-04,2.103154819e+00,-7.468248215e-02,7.468248215e-02
5.638000000e-03,7.024085110e-01,-8.799885037e-04,2.248190945e+00,-7.032884995e-02,7.032884995e-02
5.640000000e-03,6.560168770e-01,-9.229960306e-04,2.384237023e+00,-6.569398731e-02,6.569398731e-02
5.642000000e-03,6.070019680e-01,-9.623126883e-04,2.510749034e+00,-6.079642807e-02,6.079642807e-02
5.644000000e-03,5.555597844e-01,-9.977812578e-04,2.627221081e+00,-5.565575657e-02,5.565575657e-02
5.646000000e-03,5.018960328e-01,-1.029259908e-03,2.733187417e+00,-5.029252927e-02,5.029252927e-02
5.648000000e-03,4.462253033e-01,-1.056622761e-03,2.828224305e+00,-4.472819261e-02,4.472819261e-02
5.650000000e-03,3.887702117e-01,-1.079760400e-03,2.911951713e+00,-3.898499721e-02,3.898499721e-02
5.652000000e-03,3.297605088e-01,-1.098580302e-03,2.984034831e+00,-3.308590891e-02,3.308590891e-02
5.654000000e-03,2.694321622e-01,-1.113007209e-03,3.044185415e+00,-2.705451695e-02,2.705451695e-02
5.656000000e-03,2.080264125e-01,-1.122983432e-03,3.092162935e+00,-2.091493960e-02,2.091493960e-02
5.658000000e-03,1.457888085e-01,-1.128469078e-03,3.127775538e+00,-1.469172775e-02,1.469172775e-02
5.660000000e-03,8.296822525e-02,-1.129442211e-03,3.150880817e+00,-8.409766747e-03,8.409766746e-03
5.662000000e-03,1.981586938e-02,-1.125898939e-03,3.161386379e+00,-2.094176832e-03,2.094176832e-03
5.664000000e-03,-4.341572603e-02,-1.117853432e-03,3.159250215e+00,4.229787260e-03,-4.229787260e-03
5.666000000e-03,-1.064737110e-01,-1.105337861e-03,3.144480866e+00,1.053683731e-02,-1.053683731e-02
5.668000000e-03,-1.691059297e-01,-1.088402275e-03,3.117137393e+00,1.680175274e-02,-1.680175274e-02
5.670000000e-03,-2.310619290e-01,-1.067114393e-03,3.077329135e+00,2.299948146e-02,-2.299948146e-02
5.672000000e-03,-2.920939597e-01,-1.041559344e-03,3.025215278e+00,2.910524004e-02,-2.910524004e-02
5.674000000e-03,-3.519579674e-01,-1.011839315e-03,2.961004214e+00,3.509461281e-02,-3.509461281e-02
5.676000000e-03,-4.104145684e-01,-9.780731511e-04,2.884952711e+00,4.094364953e-02,-4.094364953e-02
5.678000000e-03,-4.672300069e-01,-9.403958762e-04,2.797364882e+00,4.662896111e-02,-4.662896111e-02
5.680000000e-03,-5.221770898e-01,-8.989581538e-04,2.698590972e+00,5.212781317e-02,-5.212781317e-02
5.682000000e-03,-5.750360952e-01,-8.539256848e-04,2.589025958e+00,5.741821695e-02,-5.741821695e-02
5.684000000e-03,-6.255956507e-01,-8.054785445e-04,2.469107968e+00,6.247901722e-02,-6.247901722e-02
5.686000000e-03,-6.736535795e-01,-7.538104631e-04,2.339316529e+00,6.728997690e-02,-6.728997690e-02
5.688000000e-03,-7.190177076e-01,-6.991280504e-04,2.200170650e+00,7.183185796e-02,-7.183185796e-02
5.690000000e-03,-7.615066335e-01,-6.416499701e-04,2.052226746e+00,7.608649836e-02,-7.608649835e-02
5.692000000e-03,-8.009504528e-01,-5.816060650e-04,1.896076414e+00,8.003688467e-02,-8.003688467e-02
5.694000000e-03,-8.371914378e-01,-5.192364382e-04,1.732344067e+00,8.366722014e-02,-8.366722014e-02
5.696000000e-03,-8.700846684e-01,-4.547904929e-04,1.561684436e+00,8.696298779e-02,-8.696298779e-02
5.698000000e-03,-8.994986113e-01,-3.885259351e-04,1.384779954e+00,8.991100854e-02,-8.991100854e-02
5.700000000e-03,-9.253156465e-01,-3.207077428e-04,1.202338025e+00,9.249949387e-02,-9.249949387e-02
5.702000000e-03,-9.474325368e-01,-2.516071069e-04,1.015088196e+00,9.471809297e-02,-9.471809297e-02
5.704000000e-03,-9.657608414e-01,-1.815003466e-04,8.237792407e-01,9.655793411e-02,-9.655793411e-02
5.706000000e-03,-9.802272694e-01,-1.106678042e-04,6.291761635e-01,9.801166016e-02,-9.801166016e-02
5.708000000e-03,-9.907739723e-01,-3.939272418e-05,4.320571418e-01,9.907345796e-02,-9.907345796e-02
5.710000000e-03,-9.973587763e-01,3.203987912e-05,2.332104134e-01,9.973908162e-02,-9.973908162e-02
5.712000000e-03,-9.999553499e-01,1.033443616e-04,3.343112511e-02,1.000058694e-01,-1.000058694e-01
5.714000000e-03,-9.985533101e-01,1.742355915e-04,-1.664818473e-01,9.987275457e-02,-9.987275457e-02
5.716000000e-03,-9.931582633e-01,2.444300895e-04,-3.657290935e-01,9.934026934e-02,-9.934026934e-02
5.718000000e-03,-9.837917832e-01,3.136471624e-04,-5.635138650e-01,9.841054304e-02,-9.841054304e-02
5.720000000e-03,-9.704913244e-01,3.816100255e-04,-7.590452619e-01,9.708729344e-02,-9.708729344e-02
5.722000000e-03,-9.533100726e-01,4.480469095e-04,-9.515413946e-01,9.537581195e-02,-9.537581195e-02
5.724000000e-03,-9.323167321e-01,5.126921472e-04,-1.140232511e+00,9.328294243e-02,-9.328294243e-02
5.726000000e-03,-9.075952510e-01,5.752872355e-04,-1.324364075e+00,9.081705382e-02,-9.081705382e-02
5.728000000e-03,-8.792444852e-01,6.355818699e-04,-1.503199783e+00,8.798800670e-02,-8.798800670e-02
5.730000000e-03,-8.473778036e-01,6.933349446e-04,-1.676024507e+00,8.480711385e-02,-8.480711385e-02
5.732000000e-03,-8.121226344e-01,7.483155170e-04,-1.842147158e+00,8.128709499e-02,-8.128709499e-02
5.734000000e-03,-7.736199557e-01,8.003037314e-04,-2.000903445e+00,7.744202594e-02,-7.744202594e-02
5.736000000e-03,-7.320237317e-01,8.490916976e-04,-2.151658536e+00,7.328728234e-02,-7.328728234e-02
5.738000000e-03,-6.875002971e-01,8.944843227e-04,-2.293809592e+00,6.883947814e-02,-6.883947814e-02
5.740000000e-03,-6.402276918e-01,9.363000910e-04,-2.426788180e+00,6.411639919e-02,-6.411639919e-02
5.742000000e-03,-5.903949491e-01,9.743717900e-04,-2.550062548e+00,5.913693209e-02,-5.913693209e-02
5.744000000e-03,-5.382013399e-01,1.008547179e-03,-2.663139745e+00,5.392098870e-02,-5.392098870e-02
5.746000000e-03,-4.838555754e-01,1.038689597e-03,-2.765567601e+00,4.848942650e-02,-4.848942650e-02
5.748000000e-03,-4.275749731e-01,1.064678512e-03,-2.856936527e+00,4.286396516e-02,-4.286396516e-02
5.750000000e-03,-3.695845874e-01,1.086409999e-03,-2.936881158e+00,3.706709974e-02,-3.706709974e-02
5.752000000e-03,-3.101163099e-01,1.103797159e-03,-3.005081812e+00,3.112201070e-02,-3.112201070e-02
5.754000000e-03,-2.494079417e-01,1.116770463e-03,-3.061265769e+00,2.505247121e-02,-2.505247121e-02
5.756000000e-03,-1.877022430e-01,1.125278034e-03,-3.105208361e+00,1.888275210e-02,-1.888275210e-02
5.758000000e-03,-1.252459621e-01,1.129285853e-03,-3.136733871e+00,1.263752480e-02,-1.263752480e-02
5.760000000e-03,-6.228884866e-02,1.128777892e-03,-3.155716234e+00,6.341762656e-03,-6.341762656e-03
5.762000000e-03,9.173449299e-04,1.123756183e-03,-3.162079545e+00,2.064112532e-05,-2.064112532e-05
5.764000000e-03,6.411987025e-02,1.114240807e-03,-3.155798357e+00,-6.300562945e-03,6.300562945e-03
5.766000000e-03,1.270659936e-01,1.100269814e-03,-3.136897788e+00,-1.259657237e-02,1.259657237e-02
5.768000000e-03,1.895040064e-01,1.081899071e-03,-3.105453417e+00,-1.884221073e-02,1.884221073e-02
5.770000000e-03,2.511842321e-01,1.059202038e-03,-3.061590984e+00,-2.501250301e-02,2.501250300e-02
5.772000000e-03,3.118600243e-01,1.032269477e-03,-3.005485885e+00,-3.108277548e-02,3.108277548e-02
5.774000000e-03,3.712887531e-01,1.001209084e-03,-2.937362474e+00,-3.702875441e-02,3.702875441e-02
5.776000000e-03,4.292327755e-01,9.661450652e-04,-2.857493161e+00,-4.282666304e-02,4.282666304e-02
5.778000000e-03,4.854603853e-01,9.272176329e-04,-2.766197327e+00,-4.845331676e-02,4.845331676e-02
5.780000000e-03,5.397467399e-01,8.845824501e-04,-2.663840045e+00,-5.388621575e-02,5.388621575e-02
5.782000000e-03,5.918747596e-01,8.384100062e-04,-2.550830621e+00,-5.910363496e-02,5.910363496e-02
5.784000000e-03,6.416359953e-01,7.888849350e-04,-2.427620956e+00,-6.408471104e-02,6.408471103e-02
5.786000000e-03,6.888314621e-01,7.362052771e-04,-2.294703740e+00,-6.880952568e-02,6.880952568e-02
5.788000000e-03,7.332724351e-01,6.805816873e-04,-2.152610481e+00,-7.325918534e-02,7.325918534e-02
5.790000000e-03,7.747812042e-01,6.222365930e-04,-2.001909380e+00,-7.741589676e-02,7.741589676e-02
5.792000000e-03,8.131917844e-01,5.614033040e-04,-1.843203060e+00,-8.126303811e-02,8.126303811e-02
5.794000000e-03,8.483505798e-01,4.983250799e-04,-1.677126154e+00,-8.478522547e-02,8.478522547e-02
5.796000000e-03,8.801169977e-01,4.332541575e-04,-1.504342770e+00,-8.796837435e-02,8.796837435e-02
5.798000000e-03,9.083640107e-01,3.664507418e-04,-1.325543832e+00,-9.079975600e-02,9.079975600e-02
5.800000000e-03,9.329786651e-01,2.981819658e-04,-1.141444319e+00,-9.326804831e-02,9.326804831e-02
5.802000000e-03,9.538625318e-01,2.287208222e-04,-9.527804087e-01,-9.536338110e-02,9.536338110e-02
5.804000000e-03,9.709321006e-01,1.583450715e-04,-7.603065273e-01,-9.707737556e-02,9.707737556e-02
5.806000000e-03,9.841191140e-01,8.733613189e-05,-5.647923384e-01,-9.840317779e-02,9.840317778e-02
5.808000000e-03,9.933708397e-01,1.597795323e-05,-3.670196623e-01,-9.933548617e-02,9.933548617e-02
5.810000000e-03,9.986502820e-01,-5.544411795e-05,-1.677793509e-01,-9.987057261e-02,9.987057261e-02
5.812000000e-03,9.999363296e-01,-1.266444796e-04,3.213187515e-02,-1.000062974e-01,1.000062974e-01
5.814000000e-03,9.972238397e-01,-1.973384164e-04,2.319146126e-01,-9.974211782e-02,9.974211782e-02
5.816000000e-03,9.905236592e-01,-2.672432378e-04,4.307699717e-01,-9.907909024e-02,9.907909024e-02
5.818000000e-03,9.798625806e-01,-3.360794092e-04,6.279027712e-01,-9.801986600e-02,9.801986600e-02
5.820000000e-03,9.652832353e-01,-4.035716689e-04,8.225247182e-01,-9.656868070e-02,9.656868070e-02
5.822000000e-03,9.468439231e-01,-4.694501294e-04,1.013857560e+00,-9.473133733e-02,9.473133733e-02
5.824000000e-03,9.246183791e-01,-5.334513565e-04,1.201136196e+00,-9.251518305e-02,9.251518304e-02
5.826000000e-03,8.986954785e-01,-5.953194226e-04,1.383611739e+00,-8.992907979e-02,8.992907979e-02
5.828000000e-03,8.691788815e-01,-6.548069302e-04,1.560554506e+00,-8.698336885e-02,8.698336885e-02
5.830000000e-03,8.361866190e-01,-7.116760010e-04,1.731256940e+00,-8.368982950e-02,8.368982950e-02
5.832000000e-03,7.998506202e-01,-7.656992276e-04,1.895036437e+00,-8.006163194e-02,8.006163194e-02
5.834000000e-03,7.603161851e-01,-8.166605821e-04,2.051238078e+00,-7.611328457e-02,7.611328457e-02
5.836000000e-03,7.177414037e-01,-8.643562809e-04,2.199237245e+00,-7.186057600e-02,7.186057600e-02
5.838000000e-03,6.722965237e-01,-9.085955987e-04,2.338442119e+00,-6.732051193e-02,6.732051193e-02
5.840000000e-03,6.241632698e-01,-9.492016317e-04,2.468296050e+00,-6.251124714e-02,6.251124714e-02
5.842000000e-03,5.735341168e-01,-9.860120048e-04,2.588279778e+00,-5.745201288e-02,5.745201288e-02
5.844000000e-03,5.206115201e-01,-1.018879521e-03,2.697913514e+00,-5.216303996e-02,5.216303996e-02
5.846000000e-03,4.656071063e-01,-1.047672750e-03,2.796758855e+00,-4.666547790e-02,4.666547790e-02
5.848000000e-03,4.087408264e-01,-1.072276553e-03,2.884420538e+00,-4.098131030e-02,4.098131030e-02
5.850000000e-03,3.502400771e-01,-1.092592546e-03,2.960548024e+00,-3.513326696e-02,3.513326696e-02
5.852000000e-03,2.903387905e-01,-1.108539488e-03,3.024836895e+00,-2.914473300e-02,2.914473300e-02
5.854000000e-03,2.292764995e-01,-1.120053612e-03,3.077030071e+00,-2.303965531e-02,2.303965531e-02
5.856000000e-03,1.672973794e-01,-1.127088874e-03,3.116918845e+00,-1.684244683e-02,1.684244683e-02
5.858000000e-03,1.046492720e-01,-1.129617142e-03,3.144343708e+00,-1.057788891e-02,1.057788891e-02
5.860000000e-03,4.158269381e-02,-1.127628306e-03,3.159194995e+00,-4.271032212e-03,4.271032212e-03
5.862000000e-03,-2.165016487e-02,-1.121130319e-03,3.161413318e+00,2.052903455e-03,-2.052903455e-03
5.864000000e-03,-8.479644905e-02,-1.110149165e-03,3.150989807e+00,8.368629988e-03,-8.368629988e-03
5.866000000e-03,-1.476036499e-01,-1.094728755e-03,3.127966143e+00,1.465089211e-02,-1.465089211e-02
5.868000000e-03,-2.098206144e-01,-1.074930753e-03,3.092434393e+00,2.087456836e-02,-2.087456836e-02
5.870000000e-03,-2.711985499e-01,-1.050834326e-03,3.044536641e+00,2.701477156e-02,-2.701477156e-02
5.872000000e-03,-3.314920189e-01,-1.022535832e-03,2.984464421e+00,3.304694830e-02,-3.304694830e-02
5.874000000e-03,-3.904599202e-01,-9.901484292e-04,2.912457948e+00,3.894697717e-02,-3.894697717e-02
5.876000000e-03,-4.478664535e-01,-9.538016290e-04,2.828805161e+00,4.469126518e-02,-4.469126518e-02
5.878000000e-03,-5.034820620e-01,-9.136407744e-04,2.733840571e+00,5.025684212e-02,-5.025684212e-02
5.880000000e-03,-5.570843504e-01,-8.698264603e-04,2.627943921e+00,5.562145240e-02,-5.562145240e-02
5.882000000e-03,-6.084589744e-01,-8.225338913e-04,2.511538670e+00,6.076364406e-02,-6.076364405e-02
5.884000000e-03,-6.574004976e-01,-7.719521802e-04,2.385090298e+00,6.566285454e-02,-6.566285454e-02
5.886000000e-03,-7.037132129e-01,-7.182835930e-04,2.249104447e+00,7.029949293e-02,-7.029949293e-02
5.888000000e-03,-7.472119254e-01,-6.617427390e-04,2.104124894e+00,7.465501827e-02,-7.465501827e-02
5.890000000e-03,-7.877226928e-01,-6.025557135e-04,1.950731384e+00,7.871201371e-02,-7.871201371e-02
5.892000000e-03,-8.250835211e-01,-5.409591930e-04,1.789537304e+00,8.245425619e-02,-8.245425619e-02
5.894000000e-03,-8.591450120e-01,-4.771994893e-04,1.621187237e+00,8.586678125e-02,-8.586678125e-02
5.896000000e-03,-8.897709606e-01,-4.115315640e-04,1.446354380e+00,8.893594291e-02,-8.893594291e-02
5.898000000e-03,-9.168389003e-01,-3.442180096e-04,1.265737852e+00,9.164946823e-02,-9.164946823e-02
5.900000000e-03,-9.402405919e-01,-2.755279990e-04,1.080059902e+00,9.399650639e-02,-9.399650639e-02
5.902000000e-03,-9.598824569e-01,-2.057362092e-04,8.900630167e-01,9.596767207e-02,-9.596767207e-02
5.904000000e-03,-9.756859517e-01,-1.351217231e-04,6.965069548e-01,9.755508300e-02,-9.755508300e-02
5.906000000e-03,-9.875878813e-01,-6.396691337e-05,5.001657064e-01,9.875239144e-02,-9.875239144e-02
5.908000000e-03,-9.955406523e-01,7.443686764e-06,3.018243993e-01,9.955480960e-02,-9.955480960e-02
5.910000000e-03,-9.995124634e-01,7.882452114e-05,1.022761593e-01,9.995912879e-02,-9.995912879e-02
5.912000000e-03,-9.994874320e-01,1.498901527e-04,-9.768106178e-02,9.996373222e-02,-9.996373222e-02
5.914000000e-03,-9.954656583e-01,2.203564046e-04,-2.972476766e-01,9.956860147e-02,-9.956860147e-02
5.916000000e-03,-9.874632244e-01,2.899414972e-04,-4.956256599e-01,9.877531660e-02,-9.877531659e-02
5.918000000e-03,-9.755121306e-01,3.583671740e-04,-6.920217392e-01,9.758704977e-02,-9.758704977e-02
5.920000000e-03,-9.596601666e-01,4.253598150e-04,-8.856505675e-01,9.600855264e-02,-9.600855264e-02
5.922000000e-03,-9.399707212e-01,4.906515306e-04,-1.075737863e+00,9.404613727e-02,-9.404613727e-02
5.924000000e-03,-9.165225284e-01,5.539812327e-04,-1.261523507e+00,9.170765096e-02,-9.170765096e-02
5.926000000e-03,-8.894093527e-01,6.150956792e-04,-1.442264581e+00,8.900244484e-02,-8.900244483e-02
5.928000000e-03,-8.587396139e-01,6.737504860e-04,-1.617238339e+00,8.594133644e-02,-8.594133644e-02
5.930000000e-03,-8.246359541e-01,7.297111047e-04,-1.785745097e+00,8.253656652e-02,-8.253656652e-02
5.932000000e-03,-7.872347466e-01,7.827537605e-04,-1.947111032e+00,7.880175003e-02,-7.880175003e-02
5.934000000e-03,-7.466855511e-01,8.326663468e-04,-2.100690875e+00,7.475182174e-02,-7.475182174e-02
5.936000000e-03,-7.031505153e-01,8.792492736e-04,-2.245870492e+00,7.040297646e-02,-7.040297646e-02
5.938000000e-03,-6.568037270e-01,9.223162654e-04,-2.382069339e+00,6.577260432e-02,-6.577260432e-02
5.940000000e-03,-6.078305171e-01,9.616951063e-04,-2.508742788e+00,6.087922122e-02,-6.087922122e-02
5.942000000e-03,-5.564267194e-01,9.972283285e-04,-2.625384295e+00,5.574239478e-02,-5.574239478e-02
5.944000000e-03,-5.027978871e-01,1.028773842e-03,-2.731527437e+00,5.038266609e-02,-5.038266609e-02
5.946000000e-03,-4.471584705e-01,1.056205503e-03,-2.826747769e+00,4.482146760e-02,-4.482146760e-02
5.948000000e-03,-3.897309602e-01,1.079413618e-03,-2.910664524e+00,3.908103739e-02,-3.908103739e-02
5.950000000e-03,-3.307449969e-01,1.098305382e-03,-2.982942138e+00,3.318433023e-02,-3.318433023e-02
5.952000000e-03,-2.704364532e-01,1.112805252e-03,-3.043291586e+00,2.715492584e-02,-2.715492584e-02
5.954000000e-03,-2.090464903e-01,1.122855244e-03,-3.091471544e+00,2.101693455e-02,-2.101693455e-02
5.956000000e-03,-1.468205939e-01,1.128415173e-03,-3.127289351e+00,1.479490091e-02,-1.479490091e-02
5.958000000e-03,-8.400759260e-02,1.129462803e-03,-3.150601778e+00,8.513705541e-03,-8.513705541e-03
5.960000000e-03,-2.085866237e-02,1.125993947e-03,-3.161315603e+00,2.198465632e-03,-2.198465632e-03
5.962000000e-03,4.237367731e-02,1.118022475e-03,-3.159387985e+00,-4.125565483e-03,4.125565483e-03
5.964000000e-03,1.054365735e-01,1.105580264e-03,-3.144826632e+00,-1.043309932e-02,1.043309932e-02
5.966000000e-03,1.680778507e-01,1.088717068e-03,-3.117689771e+00,-1.669891336e-02,1.669891336e-02
5.968000000e-03,2.300470196e-01,1.067500318e-03,-3.078085918e+00,-2.289795192e-02,2.289795192e-02
5.970000000e-03,2.910962782e-01,1.042014857e-03,-3.026173438e+00,-2.900542634e-02,2.900542634e-02
5.972000000e-03,3.509815035e-01,1.012362594e-03,-2.962159921e+00,-3.499691409e-02,3.499691409e-02
5.974000000e-03,4.094632267e-01,9.786621048e-04,-2.886301343e+00,-4.084845646e-02,4.084845645e-02
5.976000000e-03,4.663075916e-01,9.410481490e-04,-2.798901045e+00,-4.653665434e-02,4.653665434e-02
5.978000000e-03,5.212872894e-01,8.996711375e-04,-2.700308525e+00,-5.203876183e-02,5.203876183e-02
5.980000000e-03,5.741824678e-01,8.546965281e-04,-2.590918032e+00,-5.733277713e-02,5.733277713e-02
5.982000000e-03,6.247816100e-01,8.063041652e-04,-2.471166997e+00,-6.239753058e-02,6.239753058e-02
5.984000000e-03,6.728823804e-01,7.546875596e-04,-2.341534280e+00,-6.721276928e-02,6.721276928e-02
5.986000000e-03,7.182924342e-01,7.000531154e-04,-2.202538253e+00,-7.175923811e-02,7.175923810e-02
5.988000000e-03,7.608301859e-01,6.426193044e-04,-2.054734735e+00,-7.601875666e-02,7.601875666e-02
5.990000000e-03,8.003255359e-01,5.826157925e-04,-1.898714759e+00,-7.997429202e-02,7.997429201e-02
5.992000000e-03,8.366205506e-01,5.202825212e-04,-1.735102218e+00,-8.361002681e-02,8.361002681e-02
5.994000000e-03,8.695700938e-01,4.558687484e-04,-1.564551365e+00,-8.691142250e-02,8.691142250e-02
5.996000000e-03,8.990424070e-01,3.896320512e-04,-1.387744196e+00,-8.986527750e-02,8.986527749e-02
5.998000000e-03,9.249196366e-01,3.218372965e-04,-1.205387726e+00,-9.245977993e-02,9.245977993e-02
6.000000000e-03,9.470983050e-01,2.527555814e-04,-1.018211162e+00,-9.468455494e-02,9.468455494e-02
6.002000000e-03,9.654897242e-01,1.826631493e-04,-8.269629827e-01,-9.653070611e-02,9.653070611e-02
6.004000000e-03,9.800203509e-01,1.118402852e-04,-6.324079507e-01,-9.799085106e-02,9.799085106e-02
6.006000000e-03,9.906320800e-01,4.057019514e-05,-4.353240509e-01,-9.905915099e-02,9.905915098e-02
6.008000000e-03,9.972824775e-01,-3.086212671e-05,-2.364993807e-01,-9.973133397e-02,9.973133397e-02
6.010000000e-03,9.999449498e-01,-1.021710373e-04,-3.672899874e-02,-1.000047121e-01,1.000047121e-01
6.012000000e-03,9.986088503e-01,-1.730713872e-04,1.631882549e-01,-9.987819217e-02,9.987819216e-02
6.014000000e-03,9.932795216e-01,-2.432796607e-04,3.624529526e-01,-9.935228013e-02,9.935228013e-02
6.016000000e-03,9.839782747e-01,-3.125151093e-04,5.602682763e-01,-9.842907899e-02,9.842907899e-02
6.018000000e-03,9.707423034e-01,-3.805008751e-04,7.558432038e-01,-9.711228043e-02,9.711228043e-02
6.020000000e-03,9.536245356e-01,-4.469650970e-04,9.483956715e-01,-9.540715007e-02,9.540715007e-02
6.022000000e-03,9.326934215e-01,-5.116419984e-04,1.137155702e+00,-9.332050635e-02,9.332050635e-02
6.024000000e-03,9.080326605e-01,-5.742729499e-04,1.321368484e+00,-9.086069335e-02,9.086069335e-02
6.026000000e-03,8.797408657e-01,-6.346075033e-04,1.500297388e+00,-8.803754732e-02,8.803754732e-02
6.028000000e-03,8.479311702e-01,-6.924043934e-04,1.673226914e+00,-8.486235746e-02,8.486235746e-02
6.030000000e-03,8.127307743e-01,-7.474325022e-04,1.839465554e+00,-8.134782069e-02,8.134782069e-02
6.032000000e-03,7.742804371e-01,-7.994717840e-04,1.998348554e+00,-7.750799089e-02,7.750799089e-02
6.034000000e-03,7.327339135e-01,-8.483141444e-04,2.149240574e+00,-7.335822277e-02,7.335822277e-02
6.036000000e-03,6.882573394e-01,-8.937642729e-04,2.291538228e+00,-6.891511037e-02,6.891511037e-02
6.038000000e-03,6.410285673e-01,-9.356404241e-04,2.424672497e+00,-6.419642077e-02,6.419642077e-02
6.040000000e-03,5.912364553e-01,-9.737751438e-04,2.548111005e+00,-5.922102305e-02,5.922102305e-02
6.042000000e-03,5.390801117e-01,-1.008015939e-03,2.661360148e+00,-5.400881277e-02,5.400881277e-02
6.044000000e-03,4.847680989e-01,-1.038225889e-03,2.763967064e+00,-4.858063248e-02,4.858063248e-02
6.046000000e-03,4.285175993e-01,-1.064284189e-03,2.855521451e+00,-4.295818835e-02,4.295818835e-02
6.048000000e-03,3.705535469e-01,-1.086086638e-03,2.935657202e+00,-3.716396336e-02,3.716396336e-02
6.050000000e-03,3.111077280e-01,-1.103546052e-03,3.004053871e+00,-3.122112740e-02,3.122112740e-02
6.052000000e-03,2.504178540e-01,-1.116592615e-03,3.060437952e+00,-2.515344466e-02,2.515344466e-02
6.054000000e-03,1.887266110e-01,-1.125174157e-03,3.104583979e+00,-1.898517852e-02,1.898517852e-02
6.056000000e-03,1.262806896e-01,-1.129256361e-03,3.136315420e+00,-1.274099460e-02,1.274099460e-02
6.058000000e-03,6.332979800e-02,-1.128822904e-03,3.155505389e+00,-6.445862091e-03,6.445862091e-03
6.060000000e-03,1.256637009e-04,-1.123875519e-03,3.162077147e+00,-1.249539219e-04,1.249539219e-04
6.062000000e-03,-6.307897310e-02,-1.114433989e-03,3.156004417e+00,6.196453912e-03,-6.196453911e-03
6.064000000e-03,-1.260313702e-01,-1.100536070e-03,3.137311482e+00,1.249308341e-02,-1.249308341e-02
6.066000000e-03,-1.884797941e-01,-1.082237336e-03,3.106073090e+00,1.873975568e-02,-1.873975568e-02
6.068000000e-03,-2.501745265e-01,-1.059610960e-03,3.062414159e+00,2.491149155e-02,-2.491149155e-02
6.070000000e-03,-3.108688630e-01,-1.032747420e-03,3.006509270e+00,3.098361155e-02,-3.098361155e-02
6.072000000e-03,-3.703200995e-01,-1.001754138e-03,2.938581976e+00,3.693183454e-02,-3.693183454e-02
6.074000000e-03,-4.282905030e-01,-9.667550490e-04,2.858903903e+00,4.273237480e-02,-4.273237480e-02
6.076000000e-03,-4.845482619e-01,-9.278901082e-04,2.767793669e+00,4.836203718e-02,-4.836203718e-02
6.078000000e-03,-5.388684131e-01,-8.853147278e-04,2.665615603e+00,5.379830984e-02,-5.379830984e-02
6.080000000e-03,-5.910337415e-01,-8.391991580e-04,2.552778296e+00,5.901945424e-02,-5.901945424e-02
6.082000000e-03,-6.408356490e-01,-7.897278053e-04,2.429732958e+00,6.400459212e-02,-6.400459212e-02
6.084000000e-03,-6.880749880e-01,-7.370984953e-04,2.296971624e+00,6.873378895e-02,-6.873378895e-02
6.086000000e-03,-7.325628583e-01,-6.815216818e-04,2.155025179e+00,7.318813366e-02,-7.318813366e-02
6.088000000e-03,-7.741213620e-01,-6.232196048e-04,2.004461235e+00,7.734981424e-02,-7.734981424e-02
6.090000000e-03,-8.125843154e-01,-5.624254023e-04,1.845881869e+00,8.120218900e-02,-8.120218900e-02
6.092000000e-03,-8.477979132e-01,-4.993821776e-04,1.679921204e+00,8.472985310e-02,-8.472985310e-02
6.094000000e-03,-8.796213435e-01,-4.343420274e-04,1.507242884e+00,8.791870014e-02,-8.791870014e-02
6.096000000e-03,-9.079273509e-01,-3.675650338e-04,1.328537414e+00,9.075597859e-02,-9.075597859e-02
6.098000000e-03,-9.326027458e-01,-2.993182240e-04,1.144519398e+00,9.323034276e-02,-9.323034275e-02
6.100000000e-03,-9.535488562e-01,-2.298745030e-04,9.559246879e-01,9.533189817e-02,-9.533189817e-02
6.102000000e-03,-9.706819231e-01,-1.595115616e-04,7.635074334e-01,9.705224116e-02,-9.705224116e-02
6.104000000e-03,-9.839334349e-01,-8.851076666e-05,5.680370715e-01,9.838449241e-02,-9.838449241e-02
6.106000000e-03,-9.932504016e-01,-1.715603559e-05,3.702952476e-01,9.932332455e-02,-9.932332455e-02
6.108000000e-03,-9.985955664e-01,5.426729891e-05,1.710726899e-01,9.986498337e-02,-9.986498337e-02
6.110000000e-03,-9.999475554e-01,1.254736298e-04,-2.883395182e-02,1.000073029e-01,-1.000073029e-01
6.112000000e-03,-9.973009620e-01,1.961782177e-04,-2.286252926e-01,9.974971402e-02,-9.974971402e-02
6.114000000e-03,-9.906663695e-01,2.660983297e-04,-4.275024084e-01,9.909324679e-02,-9.909324678e-02
6.116000000e-03,-9.800703083e-01,3.349543698e-04,-6.246700309e-01,9.804052627e-02,-9.804052627e-02
6.118000000e-03,-9.655551498e-01,4.024709971e-04,-8.193397280e-01,9.659576208e-02,-9.659576207e-02
6.120000000e-03,-9.471789370e-01,4.683782266e-04,-1.010733056e+00,9.476473152e-02,-9.476473152e-02
6.122000000e-03,-9.250151527e-01,5.324125090e-04,-1.198084673e+00,9.255475652e-02,-9.255475652e-02
6.124000000e-03,-8.991524252e-01,5.943177845e-04,-1.380645398e+00,8.997467430e-02,-8.997467430e-02
6.126000000e-03,-8.696941742e-01,6.538465068e-04,-1.557685209e+00,8.703480207e-02,-8.703480207e-02
6.128000000e-03,-8.367581971e-01,7.107606329e-04,-1.728496162e+00,8.374689577e-02,-8.374689577e-02
6.130000000e-03,-8.004761980e-01,7.648325751e-04,-1.892395217e+00,8.012410305e-02,-8.012410305e-02
6.132000000e-03,-7.609932610e-01,8.158461109e-04,-2.048726978e+00,7.618091071e-02,-7.618091071e-02
6.134000000e-03,-7.184672703e-01,8.635972478e-04,-2.196866306e+00,7.193308676e-02,-7.193308676e-02
6.136000000e-03,-6.730682785e-01,9.078950390e-04,-2.336220822e+00,6.739761735e-02,-6.739761735e-02
6.138000000e-03,-6.249778265e-01,9.485623467e-04,-2.466233277e+00,6.259263889e-02,-6.259263889e-02
6.140000000e-03,-5.743882183e-01,9.854365509e-04,-2.586383779e+00,5.753736549e-02,-5.753736549e-02
6.142000000e-03,-5.215017510e-01,1.018370199e-03,-2.696191869e+00,5.225201212e-02,-5.225201212e-02
6.144000000e-03,-4.665299068e-01,1.047231597e-03,-2.795218449e+00,4.675771384e-02,-4.675771383e-02
6.146000000e-03,-4.096925064e-01,1.071905334e-03,-2.883067532e+00,4.107644117e-02,-4.107644117e-02
6.148000000e-03,-3.512168309e-01,1.092292744e-03,-2.959387828e+00,3.523091237e-02,-3.523091237e-02
6.150000000e-03,-2.913367124e-01,1.108312302e-03,-3.023874147e+00,2.924450247e-02,-2.924450247e-02
6.152000000e-03,-2.302915990e-01,1.119899950e-03,-3.076268622e+00,2.314114989e-02,-2.314114989e-02
6.154000000e-03,-1.683255973e-01,1.127009351e-03,-3.116361739e+00,1.694526067e-02,-1.694526067e-02
6.156000000e-03,-1.056864966e-01,1.129612076e-03,-3.143993174e+00,1.068161087e-02,-1.068161087e-02
6.158000000e-03,-4.262477763e-02,1.127697718e-03,-3.159052434e+00,4.375247535e-03,-4.375247535e-03
6.160000000e-03,2.060738900e-02,1.121273931e-03,-3.161479300e+00,-1.948611507e-03,1.948611507e-03
6.162000000e-03,8.375715096e-02,1.110366402e-03,-3.151264068e+00,-8.264678456e-03,8.264678456e-03
6.164000000e-03,1.465719855e-01,1.095018750e-03,-3.128447587e+00,-1.454769668e-02,1.454769668e-02
6.166000000e-03,2.088007092e-01,1.075292345e-03,-3.093121094e+00,-2.077254168e-02,2.077254168e-02
6.168000000e-03,2.701944822e-01,1.051266070e-03,-3.045425854e+00,-2.691432162e-02,2.691432161e-02
6.170000000e-03,3.305078037e-01,1.023036000e-03,-2.985552589e+00,-3.294847677e-02,3.294847677e-02
6.172000000e-03,3.894994933e-01,9.907150220e-04,-2.913740720e+00,-3.885087783e-02,3.885087783e-02
6.174000000e-03,4.469336554e-01,9.544323809e-04,-2.830277408e+00,-4.459792230e-02,4.459792230e-02
6.176000000e-03,5.025806228e-01,9.143331632e-04,-2.735496406e+00,-5.016662896e-02,5.016662896e-02
6.178000000e-03,5.562178748e-01,8.705777173e-04,-2.629776722e+00,-5.553472971e-02,5.553472970e-02
6.180000000e-03,6.076309272e-01,8.233410123e-04,-2.513541108e+00,-6.068075862e-02,6.068075862e-02
6.182000000e-03,6.566141899e-01,7.728119377e-04,-2.387254366e+00,-6.558413780e-02,6.558413780e-02
6.184000000e-03,7.029717890e-01,7.191925490e-04,-2.251421491e+00,-7.022525965e-02,7.022525965e-02
6.186000000e-03,7.465183502e-01,6.626972589e-04,-2.106585649e+00,-7.458556530e-02,7.458556530e-02
6.188000000e-03,7.870797398e-01,6.035519803e-04,-1.953326009e+00,-7.864761878e-02,7.864761878e-02
6.190000000e-03,8.244937612e-01,5.419932228e-04,-1.792255425e+00,-8.239517680e-02,8.239517680e-02
6.192000000e-03,8.586108036e-01,4.782671472e-04,-1.624017984e+00,-8.581325364e-02,8.581325364e-02
6.194000000e-03,8.892944399e-01,4.126285808e-04,-1.449286434e+00,-8.888818113e-02,8.888818113e-02
6.196000000e-03,9.164219728e-01,3.453399984e-04,-1.268759488e+00,-9.160766328e-02,9.160766328e-02
6.198000000e-03,9.398849247e-01,2.766704733e-04,-1.083159037e+00,-9.396082543e-02,9.396082543e-02
6.200000000e-03,9.595894724e-01,2.068946005e-04,-8.932272577e-01,-9.593825778e-02,9.593825778e-02
6.202000000e-03,9.754568214e-01,1.362913992e-04,-6.997236488e-01,-9.753205300e-02,9.753205300e-02
6.204000000e-03,9.874235214e-01,6.514319691e-05,-5.034219907e-01,-9.873583782e-02,9.873583782e-02
6.206000000e-03,9.954417202e-01,-6.265499437e-06,-3.051072526e-01,-9.954479857e-02,9.954479857e-02
6.208000000e-03,9.994793545e-01,-7.764914136e-05,-1.055724542e-01,-9.995570037e-02,9.995570037e-02
6.210000000e-03,9.995202789e-01,-1.487222805e-04,9.438450653e-02,-9.996690012e-02,9.996690011e-02
6.212000000e-03,9.955643295e-01,-2.192007102e-04,2.939640433e-01,-9.957835302e-02,9.957835302e-02
6.214000000e-03,9.876273254e-01,-2.888026018e-04,4.923680789e-01,-9.879161280e-02,9.879161280e-02
6.216000000e-03,9.757410051e-01,-3.572496319e-04,6.888032370e-01,-9.760982548e-02,9.760982548e-02
6.218000000e-03,9.599528995e-01,-4.242680951e-04,8.824840143e-01,-9.603771676e-02,9.603771676e-02
6.220000000e-03,9.403261419e-01,-4.895899984e-04,1.072635922e+00,-9.408157319e-02,9.408157319e-02
6.222000000e-03,9.169392156e-01,-5.529541331e-04,1.258498581e+00,-9.174921698e-02,9.174921698e-02
6.224000000e-03,8.898856402e-01,-6.141071192e-04,1.439328766e+00,-8.904997473e-02,8.904997473e-02
6.226000000e-03,8.592735972e-01,-6.728044187e-04,1.614403375e+00,-8.599464016e-02,8.599464016e-02
6.228000000e-03,8.252254977e-01,-7.288113133e-04,1.783022320e+00,-8.259543090e-02,8.259543090e-02
6.230000000e-03,7.878774932e-01,-7.819038430e-04,1.944511331e+00,-7.886593970e-02,7.886593970e-02
6.232000000e-03,7.473789304e-01,-8.318697019e-04,2.098224644e+00,-7.482108001e-02,7.482108001e-02
6.234000000e-03,7.038917548e-01,-8.785090869e-04,2.243547594e+00,-7.047702639e-02,7.047702639e-02
6.236000000e-03,6.575898624e-01,-9.216354968e-04,2.379899064e+00,-6.585114979e-02,6.585114979e-02
6.238000000e-03,6.086584050e-01,-9.610764780e-04,2.506733813e+00,-6.096194814e-02,6.096194814e-02
6.240000000e-03,5.572930492e-01,-9.966743143e-04,2.623544654e+00,-5.582897235e-02,5.582897235e-02
6.242000000e-03,5.036991944e-01,-1.028286657e-03,2.729864486e+00,-5.047274810e-02,5.047274810e-02
6.244000000e-03,4.480911513e-01,-1.055787096e-03,2.825268157e+00,-4.491469384e-02,4.491469383e-02
6.246000000e-03,3.906912848e-01,-1.079065661e-03,2.909374169e+00,-3.917703505e-02,3.917703505e-02
6.248000000e-03,3.317291252e-01,-1.098029268e-03,2.981846199e+00,-3.328271545e-02,3.328271545e-02
6.250000000e-03,2.714404499e-01,-1.112602084e-03,3.042394446e+00,-2.725530519e-02,2.725530519e-02
6.252000000e-03,2.100663406e-01,-1.122725835e-03,3.090776791e+00,-2.111890664e-02,2.111890664e-02
6.254000000e-03,1.478522197e-01,-1.128360039e-03,3.126799761e+00,-1.489805798e-02,1.489805798e-02
6.256000000e-03,8.504686856e-02,-1.129482167e-03,3.150319311e+00,-8.617635073e-03,8.617635073e-03
6.258000000e-03,2.190143268e-02,-1.126087730e-03,3.161241388e+00,-2.302752041e-03,2.302752041e-03
6.260000000e-03,-4.133158248e-02,-1.118190302e-03,3.159522319e+00,4.021339218e-03,-4.021339218e-03
6.262000000e-03,-1.043993212e-01,-1.105821464e-03,3.145168977e+00,1.032934998e-02,-1.032934998e-02
6.264000000e-03,-1.670495888e-01,-1.089030676e-03,3.118238758e+00,1.659605582e-02,-1.659605582e-02
6.266000000e-03,-2.290318599e-01,-1.067885081e-03,3.078839352e+00,2.279639748e-02,-2.279639748e-02
6.268000000e-03,-2.900982801e-01,-1.042469235e-03,3.027128307e+00,2.890558109e-02,-2.890558109e-02
6.270000000e-03,-3.500046577e-01,-1.012884772e-03,2.963312405e+00,3.489917729e-02,-3.489917729e-02
6.272000000e-03,-4.085114394e-01,-9.792499936e-04,2.887646834e+00,4.075321895e-02,-4.075321895e-02
6.274000000e-03,-4.653846689e-01,-9.416993978e-04,2.800434164e+00,4.644429695e-02,-4.644429695e-02
6.276000000e-03,-5.203969219e-01,-9.003831421e-04,2.702023140e+00,5.194965388e-02,-5.194965388e-02
6.278000000e-03,-5.733282158e-01,-8.554664415e-04,2.592807287e+00,5.724727494e-02,-5.724727494e-02
6.280000000e-03,-6.239668895e-01,-8.071289085e-04,2.473223338e+00,6.231597606e-02,-6.231597606e-02
6.282000000e-03,-6.721104493e-01,-7.555638348e-04,2.343749482e+00,6.713548855e-02,-6.713548855e-02
6.284000000e-03,-7.175663793e-01,-7.009774186e-04,2.204903461e+00,7.168654019e-02,-7.168654019e-02
6.286000000e-03,-7.601529106e-01,-6.435879394e-04,2.057240488e+00,7.595093226e-02,-7.595093226e-02
6.288000000e-03,-7.996997484e-01,-5.836248860e-04,1.901351039e+00,7.991161236e-02,-7.991161236e-02
6.290000000e-03,-8.360487534e-01,-5.213280380e-04,1.737858483e+00,8.355274253e-02,-8.355274253e-02
6.292000000e-03,-8.690545732e-01,-4.569465076e-04,1.567416592e+00,8.685976267e-02,-8.685976267e-02
6.294000000e-03,-8.985852246e-01,-3.907377432e-04,1.390706928e+00,8.981944869e-02,-8.981944869e-02
6.296000000e-03,-9.245226206e-01,-3.229664999e-04,1.208436116e+00,9.241996541e-02,-9.241996541e-02
6.298000000e-03,-9.467630429e-01,-2.539037806e-04,1.021333020e+00,9.465091391e-02,-9.465091391e-02
6.300000000e-03,-9.652175567e-01,-1.838257530e-04,8.301458250e-01,9.650337310e-02,-9.650337310e-02
6.302000000e-03,-9.798123663e-01,-1.130126444e-04,6.356390499e-01,9.796993537e-02,-9.796993537e-02
6.304000000e-03,-9.904891101e-01,-4.174762179e-05,4.385904864e-01,9.904473624e-02,-9.904473624e-02
6.306000000e-03,-9.972050939e-01,2.968434090e-05,2.397880907e-01,9.972347782e-02,-9.972347782e-02
6.308000000e-03,-9.999334619e-01,1.009976021e-04,4.002683240e-02,1.000034460e-01,-1.000034460e-01
6.310000000e-03,-9.986633040e-01,1.719069949e-04,-1.598944849e-01,9.988352110e-02,-9.988352110e-02
6.312000000e-03,-9.933996993e-01,2.421289673e-04,-3.591764174e-01,9.936418283e-02,-9.936418283e-02
6.314000000e-03,-9.841636959e-01,3.113827164e-04,-5.570220782e-01,9.844750786e-02,-9.844750786e-02
6.316000000e-03,-9.709922265e-01,3.793913108e-04,-7.526403235e-01,9.713716178e-02,-9.713716178e-02
6.318000000e-03,-9.539379611e-01,4.458827983e-04,-9.452489167e-01,9.543838439e-02,-9.543838439e-02
6.320000000e-03,-9.330690963e-01,5.105912931e-04,-1.134077656e+00,9.335796876e-02,-9.335796876e-02
6.322000000e-03,-9.084690822e-01,5.732580396e-04,-1.318371455e+00,9.090423403e-02,-9.090423403e-02
6.324000000e-03,-8.802362893e-01,6.336324464e-04,-1.497393360e+00,8.808699217e-02,-8.808699217e-02
6.326000000e-03,-8.484836145e-01,6.914730889e-04,-1.670427501e+00,8.491750876e-02,-8.491750876e-02
6.328000000e-03,-8.133380302e-01,7.465486743e-04,-1.836781950e+00,8.140845789e-02,-8.140845789e-02
6.330000000e-03,-7.749400763e-01,7.986389669e-04,-1.995791490e+00,7.757387153e-02,-7.757387153e-02
6.332000000e-03,-7.334432982e-01,8.475356683e-04,-2.146820275e+00,7.342908339e-02,-7.342908339e-02
6.334000000e-03,-6.890136329e-01,8.930432509e-04,-2.289264372e+00,6.899066762e-02,-6.899066762e-02
6.336000000e-03,-6.418287455e-01,9.349797393e-04,-2.422554177e+00,6.427637252e-02,-6.427637252e-02
6.338000000e-03,-5.920773183e-01,9.731774381e-04,-2.546156691e+00,5.930504958e-02,-5.930504958e-02
6.340000000e-03,-5.399582972e-01,1.007483603e-03,-2.659577655e+00,5.409657808e-02,-5.409657808e-02
6.342000000e-03,-4.856800951e-01,1.037761050e-03,-2.762363521e+00,4.867178561e-02,-4.867178561e-02
6.344000000e-03,-4.294597593e-01,1.063888707e-03,-2.854103270e+00,4.305236480e-02,-4.305236480e-02
6.346000000e-03,-3.715221033e-01,1.085762094e-03,-2.934430053e+00,3.726078654e-02,-3.726078654e-02
6.348000000e-03,-3.120988077e-01,1.103293744e-03,-3.003022661e+00,3.132021014e-02,-3.132021014e-02
6.350000000e-03,-2.514274938e-01,1.116413553e-03,-3.059606806e+00,2.525439074e-02,-2.525439074e-02
6.352000000e-03,-1.897507737e-01,1.125069055e-03,-3.103956220e+00,1.908758428e-02,-1.908758428e-02
6.354000000e-03,-1.273152797e-01,1.129225641e-03,-3.135893558e+00,1.284445054e-02,-1.284445054e-02
6.356000000e-03,-6.437067845e-02,1.128866687e-03,-3.155291110e+00,6.549954513e-03,-6.549954513e-03
6.358000000e-03,-1.168672195e-03,1.123993631e-03,-3.162071310e+00,2.292665826e-04,-2.292665826e-04
6.360000000e-03,6.203800733e-02,1.114625958e-03,-3.156207044e+00,-6.092338138e-03,6.092338138e-03
6.362000000e-03,1.249966098e-01,1.100801128e-03,-3.137721763e+00,-1.238958086e-02,1.238958086e-02
6.364000000e-03,1.874553768e-01,1.082574423e-03,-3.106689384e+00,-1.863728024e-02,1.863728023e-02
6.366000000e-03,2.491645487e-01,1.060018728e-03,-3.063234002e+00,-2.481045300e-02,2.481045300e-02
6.368000000e-03,3.098773634e-01,1.033224239e-03,-3.007529383e+00,-3.088441392e-02,3.088441392e-02
6.370000000e-03,3.693510431e-01,1.002298101e-03,-2.939798280e+00,-3.683487450e-02,3.683487450e-02
6.372000000e-03,4.273477647e-01,9.673639811e-04,-2.860311536e+00,-4.263804007e-02,4.263804007e-02
6.374000000e-03,4.836356115e-01,9.285615739e-04,-2.769387000e+00,-4.827070499e-02,4.827070499e-02
6.376000000e-03,5.379895000e-01,8.860460422e-04,-2.667388262e+00,-5.371034540e-02,5.371034540e-02
6.378000000e-03,5.901920805e-01,8.399873967e-04,-2.554723193e+00,-5.893520931e-02,5.893520931e-02
6.380000000e-03,6.400346056e-01,7.905698162e-04,-2.431842317e+00,-6.392440358e-02,6.392440358e-02
6.382000000e-03,6.873177654e-01,7.379909115e-04,-2.299237010e+00,-6.865797745e-02,6.865797745e-02
6.384000000e-03,7.318524845e-01,6.824609347e-04,-2.157437532e+00,-7.311700236e-02,7.311700236e-02
6.386000000e-03,7.734606777e-01,6.242019385e-04,-2.007010911e+00,-7.728364758e-02,7.728364757e-02
6.388000000e-03,8.119759625e-01,5.634468886e-04,-1.848558670e+00,-8.114125156e-02,8.114125156e-02
6.390000000e-03,8.472443243e-01,5.004387318e-04,-1.682714427e+00,-8.467438856e-02,8.467438856e-02
6.392000000e-03,8.791247324e-01,4.354294246e-04,-1.510141359e+00,-8.786893029e-02,8.786893029e-02
6.394000000e-03,9.074897034e-01,3.686789257e-04,-1.331529551e+00,-9.071210245e-02,9.071210245e-02
6.396000000e-03,9.322258119e-01,3.004541565e-04,-1.147593232e+00,-9.319253578e-02,9.319253578e-02
6.398000000e-03,9.532341433e-01,2.310279336e-04,-9.590679271e-01,-9.530031154e-02,9.530031154e-02
6.400000000e-03,9.704306896e-01,1.606778780e-04,-7.667075089e-01,-9.702700117e-02,9.702700117e-02
6.402000000e-03,9.837466854e-01,8.968530503e-05,-5.712811868e-01,-9.836570002e-02,9.836570001e-02
6.404000000e-03,9.931288829e-01,1.833409917e-05,-3.735704300e-01,-9.931105488e-02,9.931105488e-02
6.406000000e-03,9.985397645e-01,-5.309042094e-05,-1.743658428e-01,-9.985928550e-02,9.985928550e-02
6.408000000e-03,9.999576933e-01,-1.243026435e-04,2.553599712e-02,-1.000081996e-01,1.000081996e-01
6.410000000e-03,9.973769993e-01,-1.950178056e-04,2.253357239e-01,-9.975720171e-02,9.975720171e-02
6.412000000e-03,9.908080021e-01,-2.649531321e-04,4.242343800e-01,-9.910729553e-02,9.910729552e-02
6.414000000e-03,9.802769698e-01,-3.338289662e-04,6.214366111e-01,-9.806107988e-02,9.806107988e-02
6.416000000e-03,9.658260138e-01,-4.013698876e-04,8.161538464e-01,-9.662273837e-02,9.662273837e-02
6.418000000e-03,9.475129205e-01,-4.673058144e-04,1.007607452e+00,-9.479802263e-02,9.479802263e-02
6.420000000e-03,9.254109200e-01,-5.313730824e-04,1.195031845e+00,-9.259422931e-02,9.259422931e-02
6.422000000e-03,8.996083938e-01,-5.933154999e-04,1.377677555e+00,-9.002017093e-02,9.002017093e-02
6.424000000e-03,8.702085207e-01,-6.528853722e-04,1.554814218e+00,-8.708614061e-02,8.708614061e-02
6.426000000e-03,8.373288648e-01,-7.098444917e-04,1.725733503e+00,-8.380387093e-02,8.380387093e-02
6.428000000e-03,8.011009049e-01,-7.639650907e-04,1.889751939e+00,-8.018648700e-02,8.018648700e-02
6.430000000e-03,7.616695091e-01,-8.150307522e-04,2.046213649e+00,-7.624845399e-02,7.624845399e-02
6.432000000e-03,7.191923554e-01,-8.628372753e-04,2.194492977e+00,-7.200551927e-02,7.200551926e-02
6.434000000e-03,6.738393010e-01,-9.071934915e-04,2.333996984e+00,-6.747464945e-02,6.747464945e-02
6.436000000e-03,6.257917034e-01,-9.479220297e-04,2.464167822e+00,-6.267396255e-02,6.267396255e-02
6.438000000e-03,5.752416950e-01,-9.848600249e-04,2.584484966e+00,-5.762265550e-02,5.762265550e-02
6.440000000e-03,5.223914147e-01,-1.017859770e-03,2.694467292e+00,-5.234092744e-02,5.234092744e-02
6.442000000e-03,4.674521997e-01,-1.046789305e-03,2.793675003e+00,-4.684989890e-02,4.684989890e-02
6.444000000e-03,4.106437407e-01,-1.071532947e-03,2.881711390e+00,-4.117152736e-02,4.117152736e-02
6.446000000e-03,3.521932027e-01,-1.091991753e-03,2.958224412e+00,-3.532851945e-02,3.532851945e-02
6.448000000e-03,2.923343174e-01,-1.108083910e-03,3.022908110e+00,-2.934424013e-02,2.934424013e-02
6.450000000e-03,2.313064480e-01,-1.119745070e-03,3.075503827e+00,-2.324261930e-02,2.324261930e-02
6.452000000e-03,1.693536321e-01,-1.126928603e-03,3.115801244e+00,-1.704805607e-02,1.704805607e-02
6.454000000e-03,1.067236064e-01,-1.129605782e-03,3.143639220e+00,-1.078532121e-02,1.078532121e-02
6.456000000e-03,4.366681508e-02,-1.127765903e-03,3.158906436e+00,-4.479458099e-03,4.479458098e-03
6.458000000e-03,-1.956459070e-02,-1.121416323e-03,3.161541843e+00,1.844317438e-03,-1.844317438e-03
6.460000000e-03,-8.271776176e-02,-1.110582432e-03,3.151534902e+00,8.160717933e-03,-8.160717933e-03
6.462000000e-03,-1.455401617e-01,-1.095307553e-03,3.128925627e+00,1.444448541e-02,-1.444448541e-02
6.464000000e-03,-2.077805768e-01,-1.075652767e-03,3.093804431e+00,2.067049240e-02,-2.067049240e-02
6.466000000e-03,-2.691901206e-01,-1.051696669e-03,3.046311753e+00,2.681384239e-02,-2.681384239e-02
6.468000000e-03,-3.295232291e-01,-1.023535055e-03,2.986637509e+00,3.284996940e-02,-3.284996940e-02
6.470000000e-03,-3.885386427e-01,-9.912805369e-04,2.915020323e+00,3.875473622e-02,-3.875473622e-02
6.472000000e-03,-4.460003711e-01,-9.550620944e-04,2.831746576e+00,4.450453090e-02,-4.450453090e-02
6.474000000e-03,-5.016786368e-01,-9.150245572e-04,2.737149264e+00,5.007636123e-02,-5.007636123e-02
6.476000000e-03,-5.553507940e-01,-8.713280271e-04,2.631606662e+00,5.544794660e-02,-5.544794660e-02
6.478000000e-03,-6.068022189e-01,-8.241472375e-04,2.515540812e+00,6.059780717e-02,-6.059780717e-02
6.480000000e-03,-6.558271679e-01,-7.736708544e-04,2.389415837e+00,6.550534971e-02,-6.550534971e-02
6.482000000e-03,-7.022296005e-01,-7.201007226e-04,2.253736085e+00,7.015094998e-02,-7.015094998e-02
6.484000000e-03,-7.458239630e-01,-6.636510578e-04,2.109044112e+00,7.451603119e-02,-7.451603119e-02
6.486000000e-03,-7.864359305e-01,-6.045475904e-04,1.955918510e+00,7.858313829e-02,-7.858313829e-02
6.488000000e-03,-8.239031044e-01,-5.430266629e-04,1.794971596e+00,8.233600777e-02,-8.233600777e-02
6.490000000e-03,-8.580756611e-01,-4.793342848e-04,1.626846965e+00,8.575963268e-02,-8.575963268e-02
6.492000000e-03,-8.888169518e-01,-4.137251485e-04,1.452216911e+00,8.884032266e-02,-8.884032266e-02
6.494000000e-03,-9.160040483e-01,-3.464616115e-04,1.271779743e+00,9.156575867e-02,-9.156575867e-02
6.496000000e-03,-9.395282351e-01,-2.778126465e-04,1.086256993e+00,9.392504225e-02,-9.392504225e-02
6.498000000e-03,-9.592954440e-01,-2.080527666e-04,8.963905269e-01,9.590873912e-02,-9.590873912e-02
6.500000000e-03,-9.752266299e-01,-1.374609269e-04,7.029395817e-01,9.750891690e-02,-9.750891690e-02
6.502000000e-03,-9.872580874e-01,-6.631940951e-05,5.066777273e-01,9.871917680e-02,-9.871917680e-02
6.504000000e-03,-9.953417051e-01,5.087305363e-06,3.083897740e-01,9.953467924e-02,-9.953467924e-02
6.506000000e-03,-9.994451584e-01,7.647367717e-05,1.088686342e-01,9.995216321e-02,-9.995216321e-02
6.508000000e-03,-9.995520384e-01,1.475542466e-04,-9.108784860e-02,9.996995926e-02,-9.996995926e-02
6.510000000e-03,-9.956619176e-01,2.180447774e-04,-2.906800901e-01,9.958799624e-02,-9.958799624e-02
6.512000000e-03,-9.877903520e-01,2.876633924e-04,-4.891099623e-01,9.880780154e-02,-9.880780154e-02
6.514000000e-03,-9.759688182e-01,3.561317013e-04,-6.855839856e-01,9.763249499e-02,-9.763249499e-02
6.516000000e-03,-9.602445881e-01,4.231759137e-04,-8.793165011e-01,9.606677641e-02,-9.606677640e-02
6.518000000e-03,-9.406805397e-01,4.885279336e-04,-1.069532813e+00,9.411690676e-02,-9.411690676e-02
6.520000000e-03,-9.173549054e-01,5.519264319e-04,-1.255472285e+00,9.179068318e-02,-9.179068318e-02
6.522000000e-03,-8.903609596e-01,6.131178912e-04,-1.436391385e+00,8.909740775e-02,-8.909740775e-02
6.524000000e-03,-8.598066456e-01,6.718576195e-04,-1.611566655e+00,8.604785032e-02,-8.604785032e-02
6.526000000e-03,-8.258141436e-01,7.279107291e-04,-1.780297604e+00,8.265420544e-02,-8.265420544e-02
6.528000000e-03,-7.885193827e-01,7.810530750e-04,-1.941909514e+00,7.893004358e-02,-7.893004358e-02
6.530000000e-03,-7.480714967e-01,8.310721521e-04,-2.095756132e+00,7.489025689e-02,-7.489025689e-02
6.532000000e-03,-7.046322285e-01,8.777679445e-04,-2.241222257e+00,7.055099964e-02,-7.055099964e-02
6.534000000e-03,-6.583752825e-01,9.209537255e-04,-2.377726200e+00,6.592962362e-02,-6.592962362e-02
6.536000000e-03,-6.094856307e-01,9.604568041e-04,-2.504722110e+00,6.104460875e-02,-6.104460875e-02
6.538000000e-03,-5.581587726e-01,9.961192158e-04,-2.621702158e+00,5.591548918e-02,-5.591548918e-02
6.540000000e-03,-5.045999537e-01,1.027798354e-03,-2.728198565e+00,5.056277521e-02,-5.056277520e-02
6.542000000e-03,-4.490233445e-01,1.055367540e-03,-2.823785472e+00,4.500787121e-02,-4.500787121e-02
6.544000000e-03,-3.916511844e-01,1.078716531e-03,-2.908080649e+00,3.927299009e-02,-3.927299009e-02
6.546000000e-03,-3.327128927e-01,1.097751959e-03,-2.980747016e+00,3.338106446e-02,-3.338106446e-02
6.548000000e-03,-2.724441513e-01,1.112397705e-03,-3.041493996e+00,2.735565490e-02,-2.735565490e-02
6.550000000e-03,-2.110859624e-01,1.122595204e-03,-3.090078675e+00,2.122085576e-02,-2.122085576e-02
6.552000000e-03,-1.488836846e-01,1.128303679e-03,-3.126306771e+00,1.500119883e-02,-1.500119883e-02
6.554000000e-03,-8.608605200e-02,1.129500301e-03,-3.150033416e+00,8.721555231e-03,-8.721555231e-03
6.556000000e-03,-2.294417915e-02,1.126180287e-03,-3.161163734e+00,2.407035944e-03,-2.407035944e-03
6.558000000e-03,4.028944270e-02,1.118356913e-03,-3.159653215e+00,-3.917108579e-03,3.917108578e-03
6.560000000e-03,1.033619554e-01,1.106061461e-03,-3.145507900e+00,-1.022558940e-02,1.022558940e-02
6.562000000e-03,1.660211452e-01,1.089343100e-03,-3.118784353e+00,-1.649318021e-02,1.649318021e-02
6.564000000e-03,2.280164510e-01,1.068268682e-03,-3.079589436e+00,-2.269481823e-02,2.269481823e-02
6.566000000e-03,2.890999664e-01,1.042922480e-03,-3.028079882e+00,-2.880570439e-02,2.880570439e-02
6.568000000e-03,3.490274312e-01,1.013405848e-03,-2.964461666e+00,-3.480140253e-02,3.480140253e-02
6.570000000e-03,4.075592078e-01,9.798368170e-04,-2.888989185e+00,-4.065793710e-02,4.065793710e-02
6.572000000e-03,4.644612400e-01,9.423496221e-04,-2.801964236e+00,-4.635188904e-02,4.635188904e-02
6.574000000e-03,5.195059883e-01,9.010941672e-04,-2.703734816e+00,-5.186048941e-02,5.186048941e-02
6.576000000e-03,5.724733402e-01,8.562354241e-04,-2.594693722e+00,-5.716171047e-02,5.716171047e-02
6.578000000e-03,6.231514902e-01,8.079527736e-04,-2.475276988e+00,-6.223435375e-02,6.223435375e-02
6.580000000e-03,6.713377871e-01,7.564392880e-04,-2.345962136e+00,-6.705813478e-02,6.705813478e-02
6.582000000e-03,7.168395438e-01,7.019009591e-04,-2.207266269e+00,-7.161376429e-02,7.161376429e-02
6.584000000e-03,7.594748083e-01,6.445558742e-04,-2.059744004e+00,-7.588302524e-02,7.588302524e-02
6.586000000e-03,7.990730910e-01,5.846333444e-04,-1.903985251e+00,-7.984884576e-02,7.984884576e-02
6.588000000e-03,8.354760466e-01,5.223729876e-04,-1.740612856e+00,-8.349536736e-02,8.349536736e-02
6.590000000e-03,8.685381073e-01,4.580237697e-04,-1.570280113e+00,-8.680800835e-02,8.680800835e-02
6.592000000e-03,8.981270647e-01,3.918430101e-04,-1.393668147e+00,-8.977352217e-02,8.977352217e-02
6.594000000e-03,9.241245988e-01,3.240953518e-04,-1.211483191e+00,-9.238005035e-02,9.238005034e-02
6.596000000e-03,9.464267509e-01,2.550517036e-04,-1.024453767e+00,-9.461716992e-02,9.461716992e-02
6.598000000e-03,9.649443392e-01,1.849881567e-04,-8.333277643e-01,-9.647593510e-02,9.647593510e-02
6.600000000e-03,9.796033158e-01,1.141848806e-04,-6.388694575e-01,-9.794891310e-02,9.794891309e-02
6.602000000e-03,9.903450626e-01,4.292500297e-05,-4.418564447e-01,-9.903021376e-02,9.903021376e-02
6.604000000e-03,9.971266254e-01,-2.850652284e-05,-2.430765399e-01,-9.971551319e-02,9.971551319e-02
6.606000000e-03,9.999208862e-01,-9.982405701e-05,-4.332462252e-02,-1.000020710e-01,1.000020710e-01
6.608000000e-03,9.987166714e-01,-1.707424155e-04,1.566005410e-01,-9.988874138e-02,9.988874138e-02
6.610000000e-03,9.935187964e-01,-2.409780107e-04,3.558994915e-01,-9.937597744e-02,9.937597744e-02
6.612000000e-03,9.843480463e-01,-3.102499848e-04,5.537752740e-01,-9.846582963e-02,9.846582963e-02
6.614000000e-03,9.712410932e-01,-3.782813338e-04,7.494366244e-01,-9.716193745e-02,9.716193745e-02
6.616000000e-03,9.542503489e-01,-4.448000145e-04,9.421011335e-01,-9.546951490e-02,9.546951489e-02
6.618000000e-03,9.334437560e-01,-5.095400324e-04,1.130998376e+00,-9.339532961e-02,9.339532960e-02
6.620000000e-03,9.089045157e-01,-5.722425057e-04,1.315372992e+00,-9.094767582e-02,9.094767582e-02
6.622000000e-03,8.807307552e-01,-6.326567002e-04,1.494487704e+00,-8.813634119e-02,8.813634119e-02
6.624000000e-03,8.490351357e-01,-6.905410322e-04,1.667626271e+00,-8.497256767e-02,8.497256767e-02
6.626000000e-03,8.139444012e-01,-7.456640343e-04,1.834096347e+00,-8.146900653e-02,8.146900652e-02
6.628000000e-03,7.755988724e-01,-7.978052810e-04,1.993232254e+00,-7.763966777e-02,7.763966777e-02
6.630000000e-03,7.341518850e-01,-8.467562702e-04,2.144397639e+00,-7.349986413e-02,7.349986413e-02
6.632000000e-03,6.897691769e-01,-8.923212573e-04,2.286988025e+00,-6.906614982e-02,6.906614982e-02
6.634000000e-03,6.426282254e-01,-9.343180373e-04,2.420433220e+00,-6.435625434e-02,6.435625434e-02
6.636000000e-03,5.929175373e-01,-9.725786738e-04,2.544199607e+00,-5.938901159e-02,5.938901159e-02
6.638000000e-03,5.408358952e-01,-1.006950170e-03,2.657792269e+00,-5.418428454e-02,5.418428454e-02
6.640000000e-03,4.865915629e-01,-1.037295083e-03,2.760756972e+00,-4.876288580e-02,4.876288580e-02
6.642000000e-03,4.304014522e-01,-1.063492068e-03,2.852681983e+00,-4.314649442e-02,4.314649442e-02
6.644000000e-03,3.724902555e-01,-1.085436369e-03,2.933199711e+00,-3.735756919e-02,3.735756919e-02
6.646000000e-03,3.130895478e-01,-1.103040237e-03,3.001988184e+00,-3.141925881e-02,3.141925881e-02
6.648000000e-03,2.524368602e-01,-1.116233276e-03,3.058772331e+00,-2.535530934e-02,2.535530934e-02
6.650000000e-03,1.907747300e-01,-1.124962730e-03,3.103325083e+00,-1.918996927e-02,1.918996927e-02
6.652000000e-03,1.283497314e-01,-1.129193692e-03,3.135468284e+00,-1.294789251e-02,1.294789251e-02
6.654000000e-03,6.541148886e-02,-1.128909243e-03,3.155073399e+00,-6.654039811e-03,6.654039811e-03
6.656000000e-03,2.211679418e-03,-1.124110521e-03,3.162062033e+00,-3.335789939e-04,3.335789939e-04
6.658000000e-03,-6.099697407e-02,-1.114816715e-03,3.156406237e+00,5.988215736e-03,-5.988215736e-03
6.660000000e-03,-1.239617134e-01,-1.101064989e-03,3.138128630e+00,1.228606484e-02,-1.228606484e-02
6.662000000e-03,-1.864307555e-01,-1.082910333e-03,3.107302299e+00,1.853478452e-02,-1.853478452e-02
6.664000000e-03,-2.481542999e-01,-1.060425344e-03,3.064050512e+00,2.470938745e-02,-2.470938745e-02
6.666000000e-03,-3.088855268e-01,-1.033699934e-03,3.008546225e+00,3.078518269e-02,-3.078518269e-02
6.668000000e-03,-3.683815848e-01,-1.002840974e-03,2.941011387e+00,3.673787438e-02,-3.673787438e-02
6.670000000e-03,-4.264045614e-01,-9.679718607e-04,2.861716057e+00,4.254365895e-02,-4.254365895e-02
6.672000000e-03,-4.827224349e-01,-9.292320295e-04,2.770977319e+00,4.817932028e-02,-4.817932028e-02
6.674000000e-03,-5.371100017e-01,-8.867763927e-04,2.669158019e+00,5.362232253e-02,-5.362232253e-02
6.676000000e-03,-5.893497774e-01,-8.407747215e-04,2.556665311e+00,5.885090027e-02,-5.885090027e-02
6.678000000e-03,-6.392328659e-01,-7.914109671e-04,2.433949031e+00,6.384414550e-02,-6.384414549e-02
6.680000000e-03,-6.865597952e-01,-7.388825249e-04,2.301499895e+00,6.858209126e-02,-6.858209126e-02
6.682000000e-03,-7.311413146e-01,-6.833994451e-04,2.159847539e+00,7.304579151e-02,-7.304579151e-02
6.684000000e-03,-7.727991520e-01,-6.251835931e-04,2.009558402e+00,7.721739684e-02,-7.721739684e-02
6.686000000e-03,-8.113667263e-01,-5.644677620e-04,1.851233460e+00,8.108022585e-02,-8.108022585e-02
6.688000000e-03,-8.466898138e-01,-5.014947417e-04,1.685505819e+00,8.461883191e-02,-8.461883191e-02
6.690000000e-03,-8.786271649e-01,-4.365163482e-04,1.513038192e+00,8.781906485e-02,-8.781906485e-02
6.692000000e-03,-9.070510687e-01,-3.697924166e-04,1.334520239e+00,9.066812763e-02,-9.066812763e-02
6.694000000e-03,-9.318478639e-01,-3.015897621e-04,1.150665818e+00,9.315462742e-02,-9.315462742e-02
6.696000000e-03,-9.529183934e-01,-2.321811128e-04,9.622101231e-01,9.526862123e-02,-9.526862123e-02
6.698000000e-03,-9.701784004e-01,-1.618440196e-04,7.699067503e-01,9.700165564e-02,-9.700165564e-02
6.700000000e-03,-9.835588658e-01,-9.085974580e-05,5.745246805e-01,9.834680061e-02,-9.834680061e-02
6.702000000e-03,-9.930062839e-01,-1.951214278e-05,3.768452061e-01,9.929867717e-02,-9.929867717e-02
6.704000000e-03,-9.984828763e-01,5.191348524e-05,1.776588060e-01,9.985347898e-02,-9.985347898e-02
6.706000000e-03,-9.999667435e-01,1.231315220e-04,-2.223801464e-02,1.000089875e-01,-1.000089875e-01
6.708000000e-03,-9.974519516e-01,1.938571815e-04,-2.220459101e-01,9.976458088e-02,-9.976458088e-02
6.710000000e-03,-9.909485569e-01,2.638076464e-04,-4.209658902e-01,9.912123645e-02,-9.912123645e-02
6.712000000e-03,-9.804825649e-01,3.327031994e-04,-6.182025152e-01,9.808152681e-02,-9.808152681e-02
6.714000000e-03,-9.660958272e-01,4.002683415e-04,-8.129670769e-01,9.664960955e-02,-9.664960955e-02
6.716000000e-03,-9.478458731e-01,4.662328937e-04,-1.004480752e+00,9.483121060e-02,-9.483121060e-02
6.718000000e-03,-9.258056806e-01,5.303330776e-04,-1.191977718e+00,9.263360137e-02,-9.263360137e-02
6.720000000e-03,-9.000633838e-01,5.923125699e-04,-1.374708213e+00,9.006556963e-02,-9.006556963e-02
6.722000000e-03,-8.707219206e-01,6.519235273e-04,-1.551941536e+00,8.713738442e-02,-8.713738442e-02
6.724000000e-03,-8.378986216e-01,7.089275782e-04,-1.722968967e+00,8.386075492e-02,-8.386075492e-02
6.726000000e-03,-8.017247404e-01,7.630967751e-04,-1.887106604e+00,8.024878371e-02,-8.024878371e-02
6.728000000e-03,-7.623449286e-01,8.142145068e-04,-2.043698094e+00,7.631591431e-02,-7.631591431e-02
6.730000000e-03,-7.199166580e-01,8.620763640e-04,-2.192117261e+00,7.207787344e-02,-7.207787344e-02
6.732000000e-03,-6.746095905e-01,9.064909572e-04,-2.331770606e+00,6.755160815e-02,-6.755160814e-02
6.734000000e-03,-6.266048995e-01,9.472806815e-04,-2.462099686e+00,6.275521802e-02,-6.275521802e-02
6.736000000e-03,-5.760945459e-01,9.842824275e-04,-2.582583341e+00,5.770788283e-02,-5.770788283e-02
6.738000000e-03,-5.232805100e-01,1.017348233e-03,-2.692739783e+00,5.242978582e-02,-5.242978582e-02
6.740000000e-03,-4.683739842e-01,1.046345874e-03,-2.792128518e+00,4.694203301e-02,-4.694203301e-02
6.742000000e-03,-4.115945282e-01,1.071159396e-03,-2.880352112e+00,4.126656876e-02,-4.126656876e-02
6.744000000e-03,-3.531691914e-01,1.091689574e-03,-2.957057778e+00,3.542608809e-02,-3.542608809e-02
6.746000000e-03,-2.933316044e-01,1.107854312e-03,-3.021938784e+00,2.944394587e-02,-2.944394587e-02
6.748000000e-03,-2.323210453e-01,1.119588972e-03,-3.074735685e+00,2.334406343e-02,-2.334406343e-02
6.750000000e-03,-1.703814827e-01,1.126846628e-03,-3.115237359e+00,1.715083293e-02,-1.715083293e-02
6.752000000e-03,-1.077606000e-01,1.129598259e-03,-3.143281845e+00,1.088901982e-02,-1.088901982e-02
6.754000000e-03,-4.470880503e-02,1.127832862e-03,-3.158757002e+00,4.583663789e-03,-4.583663789e-03
6.756000000e-03,1.852177113e-02,1.121557495e-03,-3.161600946e+00,-1.740021363e-03,1.740021363e-03
6.758000000e-03,8.167828257e-02,1.110797253e-03,-3.151802306e+00,-8.056748532e-03,8.056748532e-03
6.760000000e-03,1.445081796e-01,1.095595165e-03,-3.129400264e+00,-1.434125844e-02,1.434125844e-02
6.762000000e-03,2.067602184e-01,1.076012018e-03,-3.094484401e+00,-2.056842064e-02,2.056842064e-02
6.764000000e-03,2.681854661e-01,1.052126124e-03,-3.047194339e+00,-2.671333400e-02,2.671333400e-02
6.766000000e-03,3.285382959e-01,1.024032996e-03,-2.987719180e+00,-3.275142629e-02,3.275142629e-02
6.768000000e-03,3.875773695e-01,9.918449735e-04,-2.916296754e+00,-3.865855245e-02,3.865855245e-02
6.770000000e-03,4.450666017e-01,9.556907689e-04,-2.833212664e+00,-4.441109109e-02,4.441109109e-02
6.772000000e-03,5.007761051e-01,9.157149557e-04,-2.738799146e+00,-4.998603902e-02,4.998603902e-02
6.774000000e-03,5.544831091e-01,8.720773890e-04,-2.633433739e+00,-5.536110317e-02,5.536110317e-02
6.776000000e-03,6.059728505e-01,8.249525661e-04,-2.517537779e+00,-6.051478979e-02,6.051478979e-02
6.778000000e-03,6.550394325e-01,7.745289295e-04,-2.391574708e+00,-6.542649035e-02,6.542649035e-02
6.780000000e-03,7.014866480e-01,7.210081128e-04,-2.256048228e+00,-7.007656399e-02,7.007656399e-02
6.782000000e-03,7.451287643e-01,6.646041346e-04,-2.111500281e+00,-7.444641602e-02,7.444641602e-02
6.784000000e-03,7.857912657e-01,6.055425428e-04,-1.958508882e+00,-7.851857232e-02,7.851857232e-02
6.786000000e-03,8.233115513e-01,5.440595122e-04,-1.797685815e+00,-8.227674918e-02,8.227674918e-02
6.788000000e-03,8.575395852e-01,4.804009009e-04,-1.629674175e+00,-8.570591843e-02,8.570591843e-02
6.790000000e-03,8.883384967e-01,4.148212662e-04,-1.455145808e+00,-8.879236754e-02,8.879236754e-02
6.792000000e-03,9.155851273e-01,3.475828476e-04,-1.274798615e+00,-9.152375445e-02,9.152375445e-02
6.794000000e-03,9.391705234e-01,2.789545175e-04,-1.089353768e+00,-9.388915689e-02,9.388915689e-02
6.796000000e-03,9.590003720e-01,2.092107063e-04,-8.995528210e-01,-9.587911613e-02,9.587911613e-02
6.798000000e-03,9.749953775e-01,1.386303050e-04,-7.061547498e-01,-9.748567472e-02,9.748567472e-02
6.800000000e-03,9.870915793e-01,6.749554995e-05,-5.099329127e-01,-9.870240838e-02,9.870240838e-02
6.802000000e-03,9.952406072e-01,-3.909105772e-06,-3.116719599e-01,-9.952445164e-02,9.952445163e-02
6.804000000e-03,9.994098750e-01,-7.529812979e-05,-1.121646958e-01,-9.994851731e-02,9.994851731e-02
6.806000000e-03,9.995827105e-01,-1.463860523e-04,8.779109158e-02,-9.997290966e-02,9.997290965e-02
6.808000000e-03,9.957584227e-01,-2.168886073e-04,2.873958207e-01,-9.959753113e-02,9.959753113e-02
6.810000000e-03,9.879523040e-01,-2.865238700e-04,4.858513136e-01,-9.882388279e-02,9.882388279e-02
6.812000000e-03,9.761955696e-01,-3.550133833e-04,6.823639883e-01,-9.765505830e-02,9.765505830e-02
6.814000000e-03,9.605352321e-01,-4.220832719e-04,8.761480312e-01,-9.609573154e-02,9.609573154e-02
6.816000000e-03,9.410339141e-01,-4.874653373e-04,1.066428540e+00,-9.415213794e-02,9.415213794e-02
6.818000000e-03,9.177695972e-01,-5.508981303e-04,1.252444624e+00,-9.183204953e-02,9.183204953e-02
6.820000000e-03,8.908353105e-01,-6.121279962e-04,1.433452442e+00,-8.914474385e-02,8.914474385e-02
6.822000000e-03,8.603387587e-01,-6.709100895e-04,1.608728181e+00,-8.610096688e-02,8.610096688e-02
6.824000000e-03,8.264018912e-01,-7.270093530e-04,1.777570951e+00,-8.271289005e-02,8.271289005e-02
6.826000000e-03,7.891604144e-01,-7.802014572e-04,1.939305585e+00,-7.899406159e-02,7.899406158e-02
6.828000000e-03,7.487632492e-01,-8.302736981e-04,2.093285339e+00,-7.495935229e-02,7.495935229e-02
6.830000000e-03,7.053719356e-01,-8.770258473e-04,2.238894481e+00,-7.062489615e-02,7.062489614e-02
6.832000000e-03,6.591599863e-01,-9.202709524e-04,2.375550749e+00,-6.600802573e-02,6.600802573e-02
6.834000000e-03,6.103121933e-01,-9.598360854e-04,2.502707683e+00,-6.112720294e-02,6.112720294e-02
6.836000000e-03,5.590238888e-01,-9.955630336e-04,2.619856811e+00,-5.600194519e-02,5.600194519e-02
6.838000000e-03,5.055001641e-01,-1.027308932e-03,2.726529676e+00,-5.065274730e-02,5.065274730e-02
6.840000000e-03,4.499550493e-01,-1.054946836e-03,2.822299715e+00,-4.510099962e-02,4.510099962e-02
6.842000000e-03,3.926106579e-01,-1.078366227e-03,2.906783966e+00,-3.936890242e-02,3.936890242e-02
6.844000000e-03,3.336962982e-01,-1.097473456e-03,2.979644591e+00,-3.347937716e-02,3.347937716e-02
6.846000000e-03,2.734475563e-01,-1.112192117e-03,3.040590238e+00,-2.745597484e-02,2.745597484e-02
6.848000000e-03,2.121053545e-01,-1.122463352e-03,3.089377197e+00,-2.132278179e-02,2.132278179e-02
6.850000000e-03,1.499149876e-01,-1.128246091e-03,3.125810379e+00,-1.510432337e-02,1.510432337e-02
6.852000000e-03,8.712514179e-02,-1.129517207e-03,3.149744096e+00,-8.825465900e-03,8.825465900e-03
6.854000000e-03,2.398690067e-02,-1.126271620e-03,3.161082641e+00,-2.511317229e-03,2.511317229e-03
6.856000000e-03,-3.924725908e-02,-1.118522306e-03,3.159780674e+00,3.812873678e-03,-3.812873678e-03
6.858000000e-03,-1.023244772e-01,-1.106300255e-03,3.145843401e+00,1.012181770e-02,-1.012181770e-02
6.860000000e-03,-1.649925210e-01,-1.089654338e-03,3.119326555e+00,1.639028667e-02,-1.639028667e-02
6.862000000e-03,-2.270007941e-01,-1.068651121e-03,3.080336171e+00,2.259321430e-02,-2.259321430e-02
6.864000000e-03,-2.881013382e-01,-1.043374590e-03,3.029028163e+00,2.870579636e-02,-2.870579636e-02
6.866000000e-03,-3.480498249e-01,-1.013925822e-03,2.965607702e+00,3.470358991e-02,-3.470358991e-02
6.868000000e-03,-4.066065328e-01,-9.804225745e-04,2.890328392e+00,4.056261103e-02,-4.056261103e-02
6.870000000e-03,-4.635373058e-01,-9.429988213e-04,2.803491260e+00,4.625943070e-02,-4.625943070e-02
6.872000000e-03,-5.186144895e-01,-9.018042120e-04,2.705443550e+00,5.177126853e-02,-5.177126853e-02
6.874000000e-03,-5.716178417e-01,-8.570034752e-04,2.596577334e+00,5.707608382e-02,-5.707608382e-02
6.876000000e-03,-6.223354131e-01,-8.087757598e-04,2.477327945e+00,6.215266373e-02,-6.215266373e-02
6.878000000e-03,-6.705643946e-01,-7.573139183e-04,2.348172237e+00,6.698070807e-02,-6.698070806e-02
6.880000000e-03,-7.161119285e-01,-7.028237360e-04,2.209626676e+00,7.154091048e-02,-7.154091048e-02
6.882000000e-03,-7.587958798e-01,-6.455231078e-04,2.062245279e+00,7.581503567e-02,-7.581503567e-02
6.884000000e-03,-7.984455642e-01,-5.856411669e-04,1.906617391e+00,7.978599231e-02,-7.978599231e-02
6.886000000e-03,-8.349024309e-01,-5.234173688e-04,1.743365337e+00,8.343790135e-02,-8.343790135e-02
6.888000000e-03,-8.680206964e-01,-4.591005336e-04,1.573141927e+00,8.675615959e-02,-8.675615959e-02
6.890000000e-03,-8.976679277e-01,-3.929478507e-04,1.396627850e+00,8.972749799e-02,-8.972749799e-02
6.892000000e-03,-9.237255717e-01,-3.252238512e-04,1.214528949e+00,9.234003478e-02,-9.234003478e-02
6.894000000e-03,-9.460894292e-01,-2.561993491e-04,1.027573399e+00,9.458332299e-02,-9.458332299e-02
6.896000000e-03,-9.646700719e-01,-1.861503592e-04,8.365087970e-01,9.644839216e-02,-9.644839216e-02
6.898000000e-03,-9.793931997e-01,-1.153569926e-04,6.420991702e-01,9.792778427e-02,-9.792778427e-02
6.900000000e-03,-9.901999377e-01,-4.410233746e-05,4.451219224e-01,9.901558354e-02,-9.901558354e-02
6.902000000e-03,-9.970470721e-01,2.732867378e-05,2.463647246e-01,9.970744008e-02,-9.970744008e-02
6.904000000e-03,-9.999072227e-01,9.865040334e-05,4.662236551e-02,1.000005873e-01,-1.000005873e-01
6.906000000e-03,-9.987689523e-01,1.695776505e-04,-1.533064267e-01,9.989385300e-02,-9.989385300e-02
6.908000000e-03,-9.936368126e-01,2.398267918e-04,-3.526221784e-01,9.938766394e-02,-9.938766394e-02
6.910000000e-03,-9.845313260e-01,3.091169157e-04,-5.505278674e-01,9.848404429e-02,-9.848404429e-02
6.912000000e-03,-9.714889033e-01,3.771709454e-04,-7.462321100e-01,9.718660743e-02,-9.718660743e-02
6.914000000e-03,-9.545616986e-01,4.437167469e-04,-9.389523255e-01,9.550054154e-02,-9.550054154e-02
6.916000000e-03,-9.338174003e-01,5.084882174e-04,-1.127917866e+00,9.343258885e-02,-9.343258885e-02
6.918000000e-03,-9.093389603e-01,5.712263493e-04,-1.312373098e+00,9.099101867e-02,-9.099101867e-02
6.920000000e-03,-8.812242631e-01,6.316802658e-04,-1.491580422e+00,8.818559433e-02,-8.818559433e-02
6.922000000e-03,-8.495857332e-01,6.896082244e-04,-1.664823227e+00,8.502753415e-02,-8.502753415e-02
6.924000000e-03,-8.145498868e-01,7.447785831e-04,-1.831408750e+00,8.152946654e-02,-8.152946654e-02
6.926000000e-03,-7.762568247e-01,7.969707271e-04,-1.990670850e+00,7.770537955e-02,-7.770537955e-02
6.928000000e-03,-7.348596731e-01,8.459759510e-04,-2.141972671e+00,7.357056491e-02,-7.357056491e-02
6.930000000e-03,-6.905239706e-01,8.915982931e-04,-2.284709190e+00,6.914155689e-02,-6.914155688e-02
6.932000000e-03,-6.434270062e-01,9.336553189e-04,-2.418309631e+00,6.443606616e-02,-6.443606616e-02
6.934000000e-03,-5.937571111e-01,9.719788514e-04,-2.542239756e+00,5.947290900e-02,-5.947290900e-02
6.936000000e-03,-5.417129049e-01,1.006415643e-03,-2.656003992e+00,5.427193205e-02,-5.427193205e-02
6.938000000e-03,-4.875025014e-01,1.036827987e-03,-2.759147421e+00,4.885393294e-02,-4.885393294e-02
6.940000000e-03,-4.313426768e-01,1.063094272e-03,-2.851257593e+00,4.324057710e-02,-4.324057710e-02
6.942000000e-03,-3.734580025e-01,1.085109464e-03,-2.931966179e+00,3.745431120e-02,-3.745431120e-02
6.944000000e-03,-3.140799474e-01,1.102785529e-03,-3.000950442e+00,3.151827329e-02,-3.151827329e-02
6.946000000e-03,-2.534459519e-01,1.116051784e-03,-3.057934529e+00,2.545620037e-02,-2.545620037e-02
6.948000000e-03,-1.917984787e-01,1.124855180e-03,-3.102690571e+00,1.929233339e-02,-1.929233339e-02
6.950000000e-03,-1.293840434e-01,1.129160515e-03,-3.135039599e+00,1.305132039e-02,-1.305132039e-02
6.952000000e-03,-6.645222812e-02,1.128950571e-03,-3.154852256e+00,6.758117869e-03,-6.758117869e-03
6.954000000e-03,-3.254684234e-03,1.124226188e-03,-3.162049315e+00,4.378910423e-04,-4.378910423e-04
6.956000000e-03,5.995587446e-02,1.115006259e-03,-3.156601997e+00,-5.884086820e-03,5.884086820e-03
6.958000000e-03,1.229266821e-01,1.101327652e-03,-3.138532083e+00,-1.218253544e-02,1.218253544e-02
6.960000000e-03,1.854059315e-01,1.083245065e-03,-3.107911833e+00,-1.843226864e-02,1.843226864e-02
6.962000000e-03,2.471437811e-01,1.060830806e-03,-3.064863690e+00,-2.460829503e-02,2.460829503e-02
6.964000000e-03,3.078933542e-01,1.034174505e-03,-3.009559794e+00,-3.068591797e-02,3.068591797e-02
6.966000000e-03,3.674117257e-01,1.003382756e-03,-2.942221295e+00,-3.664083430e-02,3.664083430e-02
6.968000000e-03,4.254608942e-01,9.685786873e-04,-2.863117464e+00,-4.244923156e-02,4.244923156e-02
6.970000000e-03,4.818087331e-01,9.299014741e-04,-2.772564623e+00,-4.808788317e-02,4.808788317e-02
6.972000000e-03,5.362299191e-01,8.875057784e-04,-2.670924872e+00,-5.353424133e-02,5.353424133e-02
6.974000000e-03,5.885068332e-01,8.415611317e-04,-2.558604648e+00,-5.876652721e-02,5.876652720e-02
6.976000000e-03,6.384304308e-01,7.922512571e-04,-2.436053097e+00,-6.376381796e-02,6.376381796e-02
6.978000000e-03,6.858010780e-01,7.397733344e-04,-2.303760275e+00,-6.850613047e-02,6.850613046e-02
6.980000000e-03,7.304293493e-01,6.843372121e-04,-2.162255196e+00,-7.297450121e-02,7.297450121e-02
6.982000000e-03,7.721367855e-01,6.261645676e-04,-2.012103708e+00,-7.715106210e-02,7.715106209e-02
6.984000000e-03,8.107566074e-01,5.654880212e-04,-1.853906236e+00,-8.101911193e-02,8.101911193e-02
6.986000000e-03,8.461343822e-01,5.025502059e-04,-1.688295378e+00,-8.456318320e-02,8.456318320e-02
6.988000000e-03,8.781286416e-01,4.376027968e-04,-1.515933378e+00,-8.776910388e-02,8.776910388e-02
6.990000000e-03,9.066114472e-01,3.709055052e-04,-1.337509476e+00,-9.062405417e-02,9.062405417e-02
6.992000000e-03,9.314689022e-01,3.027250396e-04,-1.153737151e+00,-9.311661772e-02,9.311661772e-02
6.994000000e-03,9.526016069e-01,2.333340395e-04,-9.653512723e-01,-9.523682728e-02,9.523682728e-02
6.996000000e-03,9.699250558e-01,1.630099851e-04,-7.731051541e-01,-9.697620458e-02,9.697620458e-02
6.998000000e-03,9.833699762e-01,9.203408773e-05,-5.777675493e-01,-9.832779421e-02,9.832779421e-02
7.000000000e-03,9.928826046e-01,2.069016516e-05,-3.801195722e-01,-9.928619144e-02,9.928619144e-02
7.002000000e-03,9.984249019e-01,-5.073649307e-05,-1.809515760e-01,-9.984756384e-02,9.984756384e-02
7.004000000e-03,9.999747058e-01,-1.219602666e-04,1.894000797e-02,-1.000096666e-01,1.000096666e-01
7.006000000e-03,9.975258188e-01,-1.926963464e-04,2.187558547e-01,-9.977185152e-02,9.977185152e-02
7.008000000e-03,9.910880336e-01,-2.626618736e-04,4.176969423e-01,-9.913506954e-02,9.913506954e-02
7.010000000e-03,9.806870934e-01,-3.315770706e-04,6.149677468e-01,-9.810186705e-02,9.810186705e-02
7.012000000e-03,9.663645896e-01,-3.991663599e-04,8.097794231e-01,-9.667637559e-02,9.667637559e-02
7.014000000e-03,9.481777947e-01,-4.651594659e-04,1.001352960e+00,-9.486429542e-02,9.486429542e-02
7.016000000e-03,9.261994341e-01,-5.292924960e-04,1.188922295e+00,-9.267287266e-02,9.267287266e-02
7.018000000e-03,9.005173946e-01,-5.913089955e-04,1.371737376e+00,-9.011087036e-02,9.011087035e-02
7.020000000e-03,8.712343733e-01,-6.509609733e-04,1.549067165e+00,-8.718853343e-02,8.718853343e-02
7.022000000e-03,8.384674670e-01,-7.080098935e-04,1.720202557e+00,-8.391754769e-02,8.391754769e-02
7.024000000e-03,8.023477037e-01,-7.622276295e-04,1.884459217e+00,-8.031099313e-02,8.031099313e-02
7.026000000e-03,7.630195188e-01,-8.133973757e-04,2.041180316e+00,-7.638329161e-02,7.638329161e-02
7.028000000e-03,7.206401775e-01,-8.613145150e-04,2.189739160e+00,-7.215014920e-02,7.215014920e-02
7.030000000e-03,6.753791461e-01,-9.057874367e-04,2.329541692e+00,-6.762849335e-02,6.762849335e-02
7.032000000e-03,6.274174140e-01,-9.466383028e-04,2.460028871e+00,-6.283640523e-02,6.283640523e-02
7.034000000e-03,5.769467701e-01,-9.837037593e-04,2.580678907e+00,-5.779304738e-02,5.779304738e-02
7.036000000e-03,5.241690361e-01,-1.016835589e-03,2.691009345e+00,-5.251858717e-02,5.251858716e-02
7.038000000e-03,4.692952591e-01,-1.045901305e-03,2.790578996e+00,-4.703411604e-02,4.703411604e-02
7.040000000e-03,4.125448680e-01,-1.070784679e-03,2.878989702e+00,-4.136156527e-02,4.136156527e-02
7.042000000e-03,3.541447958e-01,-1.091386207e-03,2.955887927e+00,-3.552361820e-02,3.552361820e-02
7.044000000e-03,2.943285722e-01,-1.107623510e-03,3.020966171e+00,-2.954361957e-02,2.954361957e-02
7.046000000e-03,2.333353899e-01,-1.119431656e-03,3.073964199e+00,-2.344548216e-02,2.344548216e-02
7.048000000e-03,1.714091479e-01,-1.126763428e-03,3.114670084e+00,-1.725359113e-02,1.725359113e-02
7.050000000e-03,1.087974764e-01,-1.129589507e-03,3.142921052e+00,-1.099270659e-02,1.099270659e-02
7.052000000e-03,4.575074633e-02,-1.127898593e-03,3.158604132e+00,-4.687864493e-03,4.687864493e-03
7.054000000e-03,-1.747893140e-02,-1.121697447e-03,3.161656610e+00,1.635723396e-03,-1.635723396e-03
7.056000000e-03,-8.063871453e-02,-1.111010866e-03,3.152066282e+00,7.952770367e-03,-7.952770367e-03
7.058000000e-03,-1.434760402e-01,-1.095881584e-03,3.129871496e+00,1.423801586e-02,-1.423801586e-02
7.060000000e-03,-2.057396351e-01,-1.076370100e-03,3.095161006e+00,2.046632650e-02,-2.046632650e-02
7.062000000e-03,-2.671805199e-01,-1.052554435e-03,3.048073610e+00,2.661279655e-02,-2.661279654e-02
7.064000000e-03,-3.275530054e-01,-1.024529824e-03,2.988797601e+00,3.265284756e-02,-3.265284756e-02
7.066000000e-03,-3.866156746e-01,-9.924083310e-04,2.917570013e+00,3.856232662e-02,-3.856232662e-02
7.068000000e-03,-4.441323481e-01,-9.563184037e-04,2.834675669e+00,4.431760297e-02,-4.431760297e-02
7.070000000e-03,-4.998730287e-01,-9.164043581e-04,2.740446047e+00,4.989566243e-02,-4.989566243e-02
7.072000000e-03,-5.536148210e-01,-8.728258021e-04,2.635257951e+00,5.527419952e-02,-5.527419952e-02
7.074000000e-03,-6.051428229e-01,-8.257569973e-04,2.519532007e+00,6.043170659e-02,-6.043170659e-02
7.076000000e-03,-6.542509844e-01,-7.753861619e-04,2.393730978e+00,6.534755983e-02,-6.534755983e-02
7.078000000e-03,-7.007429324e-01,-7.219147186e-04,2.258357917e+00,7.000210177e-02,-7.000210177e-02
7.080000000e-03,-7.444327551e-01,-6.655564885e-04,2.113954152e+00,7.437671986e-02,-7.437671986e-02
7.082000000e-03,-7.851457461e-01,-6.065368364e-04,1.961097125e+00,7.845392092e-02,-7.845392092e-02
7.084000000e-03,-8.227191025e-01,-5.450917697e-04,1.800398078e+00,8.221740108e-02,-8.221740107e-02
7.086000000e-03,-8.570025764e-01,-4.814669943e-04,1.632499613e+00,8.565211094e-02,-8.565211094e-02
7.088000000e-03,-8.878590752e-01,-4.159169326e-04,1.458073122e+00,8.874431583e-02,-8.874431583e-02
7.090000000e-03,-9.151652103e-01,-3.487037056e-04,1.277816100e+00,9.148165066e-02,-9.148165066e-02
7.092000000e-03,-9.388117900e-01,-2.800960850e-04,1.092449357e+00,9.385316940e-02,-9.385316939e-02
7.094000000e-03,-9.587042567e-01,-2.103684185e-04,9.027141365e-01,9.584938883e-02,-9.584938883e-02
7.096000000e-03,-9.747630645e-01,-1.397995323e-04,7.093691498e-01,9.746232649e-02,-9.746232649e-02
7.098000000e-03,-9.869239975e-01,-6.867161696e-05,5.131875434e-01,9.868553259e-02,-9.868553258e-02
7.100000000e-03,-9.951384267e-01,2.730901930e-06,3.149538068e-01,9.951411576e-02,-9.951411576e-02
7.102000000e-03,-9.993735043e-01,7.412250051e-05,1.154606354e-01,9.994476268e-02,-9.994476268e-02
7.104000000e-03,-9.996122952e-01,1.452176986e-04,-8.449423905e-02,9.997575129e-02,-9.997575129e-02
7.106000000e-03,-9.958538444e-01,2.157322014e-04,-2.841112386e-01,9.960695766e-02,-9.960695766e-02
7.108000000e-03,-9.881131812e-01,2.853840359e-04,-4.825921364e-01,9.883985653e-02,-9.883985653e-02
7.110000000e-03,-9.764212590e-01,3.538946791e-04,-6.791432487e-01,9.767751537e-02,-9.767751537e-02
7.112000000e-03,-9.608248312e-01,4.209901710e-04,-8.729786083e-01,9.612458214e-02,-9.612458214e-02
7.114000000e-03,-9.413862648e-01,4.864022108e-04,-1.063323108e+00,9.418726670e-02,-9.418726670e-02
7.116000000e-03,-9.181832905e-01,5.498692294e-04,-1.249415600e+00,9.187331598e-02,-9.187331597e-02
7.118000000e-03,-8.913086922e-01,6.111374352e-04,-1.430511939e+00,8.919198297e-02,-8.919198297e-02
7.120000000e-03,-8.608699359e-01,6.699618296e-04,-1.605887958e+00,8.615398977e-02,-8.615398977e-02
7.122000000e-03,-8.269887397e-01,7.261071860e-04,-1.774842365e+00,8.277148469e-02,-8.277148469e-02
7.124000000e-03,-7.898005876e-01,7.793489907e-04,-1.936699546e+00,7.905799366e-02,-7.905799366e-02
7.126000000e-03,-7.494541872e-01,8.294743410e-04,-2.090812269e+00,7.502836615e-02,-7.502836615e-02
7.128000000e-03,-7.061108754e-01,8.762827959e-04,-2.236564269e+00,7.069871582e-02,-7.069871582e-02
7.130000000e-03,-6.599439731e-01,9.195871781e-04,-2.373372713e+00,6.608635602e-02,-6.608635602e-02
7.132000000e-03,-6.111380921e-01,9.592143226e-04,-2.500690534e+00,6.120973064e-02,-6.120973064e-02
7.134000000e-03,-5.598883969e-01,9.950057684e-04,-2.618008613e+00,5.608834027e-02,-5.608834027e-02
7.136000000e-03,-5.063998246e-01,1.026818393e-03,-2.724857820e+00,5.074266430e-02,-5.074266430e-02
7.138000000e-03,-4.508862647e-01,1.054524985e-03,-2.820810888e+00,4.519407896e-02,-4.519407896e-02
7.140000000e-03,-3.935697043e-01,1.078014750e-03,-2.905484120e+00,3.946477191e-02,-3.946477191e-02
7.142000000e-03,-3.346793406e-01,1.097193759e-03,-2.978538925e+00,3.357765344e-02,-3.357765344e-02
7.144000000e-03,-2.744506639e-01,1.111985318e-03,-3.039683172e+00,2.755626492e-02,-2.755626492e-02
7.146000000e-03,-2.131245160e-01,1.122330279e-03,-3.088672359e+00,2.142468463e-02,-2.142468463e-02
7.148000000e-03,-1.509461275e-01,1.128187275e-03,-3.125310587e+00,1.520743147e-02,-1.520743147e-02
7.150000000e-03,-8.816413680e-02,1.129532884e-03,-3.149451348e+00,8.929366969e-03,-8.929366969e-03
7.152000000e-03,-2.502959609e-02,1.126361727e-03,-3.160998109e+00,2.615595782e-03,-2.615595782e-03
7.154000000e-03,3.820503277e-02,1.118686483e-03,-3.159904695e+00,-3.708634629e-03,3.708634629e-03
7.156000000e-03,1.012868877e-01,1.106537845e-03,-3.146175480e+00,-1.001803498e-02,1.001803498e-02
7.158000000e-03,1.639637173e-01,1.089964392e-03,-3.119865363e+00,-1.628737529e-02,1.628737529e-02
7.160000000e-03,2.259848902e-01,1.069032398e-03,-3.081079554e+00,-2.249158578e-02,2.249158578e-02
7.162000000e-03,2.871023965e-01,1.043825566e-03,-3.029973149e+00,-2.860585710e-02,2.860585710e-02
7.164000000e-03,3.470718401e-01,1.014444692e-03,-2.966750511e+00,-3.460573954e-02,3.460573954e-02
7.166000000e-03,4.056534155e-01,9.810072653e-04,-2.891664455e+00,-4.046724083e-02,4.046724083e-02
7.168000000e-03,4.626128673e-01,9.436469945e-04,-2.805015234e+00,-4.616692204e-02,4.616692204e-02
7.170000000e-03,5.177224265e-01,9.025132757e-04,-2.707149341e+00,-5.168199133e-02,5.168199133e-02
7.172000000e-03,5.707617214e-01,8.577705940e-04,-2.598458121e+00,-5.699039508e-02,5.699039508e-02
7.174000000e-03,6.215186589e-01,8.095978661e-04,-2.479376207e+00,-6.207090610e-02,6.207090610e-02
7.176000000e-03,6.697902725e-01,7.581877247e-04,-2.350379784e+00,-6.690320848e-02,6.690320848e-02
7.178000000e-03,7.153835342e-01,7.037457484e-04,-2.211984680e+00,-7.146797884e-02,7.146797884e-02
7.180000000e-03,7.581161259e-01,6.464896391e-04,-2.064744310e+00,-7.574696363e-02,7.574696362e-02
7.182000000e-03,7.978171689e-01,5.866483523e-04,-1.909247457e+00,-7.972305205e-02,7.972305205e-02
7.184000000e-03,8.343279070e-01,5.244611807e-04,-1.746115920e+00,-8.338034458e-02,8.338034458e-02
7.186000000e-03,8.675023413e-01,4.601767979e-04,-1.576002029e+00,-8.670421645e-02,8.670421645e-02
7.188000000e-03,8.972078142e-01,3.940522639e-04,-1.399586034e+00,-8.968137619e-02,8.968137619e-02
7.190000000e-03,9.233255397e-01,3.263519968e-04,-1.217573385e+00,-9.229991877e-02,9.229991877e-02
7.192000000e-03,9.457510784e-01,2.573467159e-04,-1.030691914e+00,-9.454937317e-02,9.454937317e-02
7.194000000e-03,9.643947552e-01,1.873123591e-04,-8.396889197e-01,-9.642074429e-02,9.642074429e-02
7.196000000e-03,9.791820180e-01,1.165289791e-04,-6.453281844e-01,-9.790654891e-02,9.790654890e-02
7.198000000e-03,9.900537356e-01,4.527962395e-05,-4.483869159e-01,-9.900084560e-02,9.900084560e-02
7.200000000e-03,9.969664343e-01,-2.615079499e-05,-2.496526413e-01,-9.969925851e-02,9.969925850e-02
7.202000000e-03,9.998924715e-01,-9.747664235e-05,-4.992005778e-02,-9.999899481e-02,9.999899481e-02
7.204000000e-03,9.988201467e-01,-1.684127009e-04,1.500121457e-01,-9.989885594e-02,9.989885594e-02
7.206000000e-03,9.937537479e-01,-2.386753121e-04,3.493444818e-01,-9.939924232e-02,9.939924232e-02
7.208000000e-03,9.847135346e-01,-3.079835103e-04,5.472798619e-01,-9.850215181e-02,9.850215181e-02
7.210000000e-03,9.717356566e-01,-3.760601466e-04,7.430267838e-01,-9.721117168e-02,9.721117168e-02
7.212000000e-03,9.548720099e-01,-4.426329965e-04,9.358024961e-01,-9.553146429e-02,9.553146429e-02
7.214000000e-03,9.341900286e-01,-5.074358492e-04,1.124836129e+00,-9.346974645e-02,9.346974645e-02
7.216000000e-03,9.097724158e-01,-5.702095714e-04,1.309371776e+00,-9.103426253e-02,9.103426253e-02
7.218000000e-03,8.817168122e-01,-6.307031442e-04,1.488671517e+00,-8.823475154e-02,8.823475154e-02
7.220000000e-03,8.501354066e-01,-6.886746663e-04,1.662018371e+00,-8.508240812e-02,8.508240812e-02
7.222000000e-03,8.151544862e-01,-7.438923216e-04,1.828719159e+00,-8.158983785e-02,8.158983785e-02
7.224000000e-03,7.769139326e-01,-7.961353063e-04,1.988107280e+00,-7.777100680e-02,7.777100679e-02
7.226000000e-03,7.355666618e-01,-8.451947115e-04,2.139545373e+00,-7.364118566e-02,7.364118566e-02
7.228000000e-03,6.912780130e-01,-8.908743588e-04,2.282427869e+00,-6.921688873e-02,6.921688873e-02
7.230000000e-03,6.442250871e-01,-9.329915849e-04,2.416183411e+00,-6.451580787e-02,6.451580787e-02
7.232000000e-03,5.945960391e-01,-9.713779717e-04,2.540277138e+00,-5.955674171e-02,5.955674171e-02
7.234000000e-03,5.425893252e-01,-1.005880020e-03,2.654212825e+00,-5.435952053e-02,5.435952053e-02
7.236000000e-03,4.884129095e-01,-1.036359763e-03,2.757534867e+00,-4.894492693e-02,4.894492693e-02
7.238000000e-03,4.322834321e-01,-1.062695320e-03,2.849830101e+00,-4.333461275e-02,4.333461275e-02
7.240000000e-03,3.744253432e-01,-1.084781378e-03,2.930729457e+00,-3.755101246e-02,3.755101246e-02
7.242000000e-03,3.150700053e-01,-1.102529622e-03,2.999909435e+00,-3.161725349e-02,3.161725349e-02
7.244000000e-03,2.544547679e-01,-1.115869079e-03,3.057093400e+00,-2.555706370e-02,2.555706370e-02
7.246000000e-03,1.928220188e-01,-1.124746407e-03,3.102052684e+00,-1.939467652e-02,1.939467652e-02
7.248000000e-03,1.304182146e-01,-1.129126109e-03,3.134607504e+00,-1.315473407e-02,1.315473407e-02
7.250000000e-03,6.749289509e-02,-1.128990670e-03,3.154627681e+00,-6.862188576e-03,6.862188576e-03
7.252000000e-03,4.297685510e-03,-1.124340633e-03,3.162033158e+00,-5.422026143e-04,5.422026143e-04
7.254000000e-03,-5.891470962e-02,-1.115194591e-03,3.156794322e+00,5.779951503e-03,-5.779951503e-03
7.256000000e-03,-1.218915171e-01,-1.101589117e-03,3.138932123e+00,1.207899280e-02,-1.207899280e-02
7.258000000e-03,-1.843809057e-01,-1.083578618e-03,3.108517986e+00,1.832973271e-02,-1.832973271e-02
7.260000000e-03,-2.461329935e-01,-1.061235114e-03,3.065673533e+00,2.450717583e-02,-2.450717583e-02
7.262000000e-03,-3.069008466e-01,-1.034647951e-03,3.010570089e+00,3.058661986e-02,-3.058661986e-02
7.264000000e-03,-3.664414670e-01,-1.003923446e-03,2.943428001e+00,3.654375436e-02,-3.654375436e-02
7.266000000e-03,-4.245167643e-01,-9.691844602e-04,2.864515757e+00,4.235475798e-02,-4.235475798e-02
7.268000000e-03,-4.808945073e-01,-9.305699072e-04,2.774148911e+00,4.799639374e-02,-4.799639373e-02
7.270000000e-03,-5.353492531e-01,-8.882341987e-04,2.672688820e+00,5.344610190e-02,-5.344610189e-02
7.272000000e-03,-5.876632487e-01,-8.423466264e-04,2.560541202e+00,5.868209021e-02,-5.868209021e-02
7.274000000e-03,-6.376273012e-01,-7.930906851e-04,2.438154512e+00,6.368342105e-02,-6.368342105e-02
7.276000000e-03,-6.850416147e-01,-7.406633392e-04,2.306018150e+00,6.843009514e-02,-6.843009514e-02
7.278000000e-03,-7.297165893e-01,-6.852742346e-04,2.164660501e+00,7.290313151e-02,-7.290313151e-02
7.280000000e-03,-7.714735791e-01,-6.271448609e-04,2.014646825e+00,7.708464342e-02,-7.708464342e-02
7.282000000e-03,-8.101456065e-01,-5.665076653e-04,1.856576995e+00,8.095790988e-02,-8.095790988e-02
7.284000000e-03,-8.455780301e-01,-5.036051234e-04,1.691083100e+00,8.450744249e-02,-8.450744249e-02
7.286000000e-03,-8.776291630e-01,-4.386887694e-04,1.518826915e+00,8.771904742e-02,-8.771904742e-02
7.288000000e-03,-9.061708394e-01,-3.720181902e-04,1.340497257e+00,9.057988213e-02,-9.057988213e-02
7.290000000e-03,-9.310889272e-01,-3.038599877e-04,1.156807230e+00,9.307850672e-02,-9.307850672e-02
7.292000000e-03,-9.522837840e-01,-2.344867123e-04,9.684913713e-01,9.520492973e-02,-9.520492973e-02
7.294000000e-03,-9.696706560e-01,-1.641757733e-04,7.763027169e-01,9.695064803e-02,-9.695064802e-02
7.296000000e-03,-9.831800168e-01,-9.320832953e-05,5.810097895e-01,9.830868085e-02,-9.830868084e-02
7.298000000e-03,-9.927578451e-01,-2.186816503e-05,3.833935247e-01,9.927359770e-02,-9.927359770e-02
7.300000000e-03,-9.983658414e-01,4.955944571e-05,1.842441490e-01,9.984154008e-02,-9.984154008e-02
7.302000000e-03,-9.999815803e-01,1.207888785e-04,-1.564198070e-02,1.000102369e-01,-1.000102369e-01
7.304000000e-03,-9.975986009e-01,1.915353018e-04,-2.154655614e-01,9.977901362e-02,-9.977901362e-02
7.306000000e-03,-9.912264321e-01,2.615158152e-04,-4.144275401e-01,9.914879479e-02,-9.914879479e-02
7.308000000e-03,-9.808905550e-01,3.304505812e-04,-6.117323093e-01,9.812210056e-02,-9.812210056e-02
7.310000000e-03,-9.666323007e-01,3.980639441e-04,-8.065908883e-01,9.670303646e-02,-9.670303646e-02
7.312000000e-03,-9.485086848e-01,4.640855321e-04,-9.982240780e-01,9.489727703e-02,-9.489727703e-02
7.314000000e-03,-9.265921799e-01,5.282513386e-04,-1.185865577e+00,9.271204313e-02,-9.271204313e-02
7.316000000e-03,-9.009704257e-01,5.903047778e-04,-1.368765047e+00,9.015607305e-02,-9.015607305e-02
7.318000000e-03,-8.717458781e-01,6.499977110e-04,-1.546191110e+00,8.723958759e-02,-8.723958759e-02
7.320000000e-03,-8.390354001e-01,7.070914386e-04,-1.717434276e+00,8.397424916e-02,-8.397424916e-02
7.322000000e-03,-8.029697941e-01,7.613576546e-04,-1.881809779e+00,8.037311518e-02,-8.037311517e-02
7.324000000e-03,-7.636932789e-01,8.125793597e-04,-2.038660317e+00,7.645058582e-02,-7.645058582e-02
7.326000000e-03,-7.213629130e-01,8.605517289e-04,-2.187358677e+00,7.222234648e-02,-7.222234648e-02
7.328000000e-03,-6.761479670e-01,9.050829308e-04,-2.327310243e+00,6.770530499e-02,-6.770530499e-02
7.330000000e-03,-6.282292458e-01,9.459948943e-04,-2.457955381e+00,6.291752407e-02,-6.291752407e-02
7.332000000e-03,-5.777983666e-01,9.831240210e-04,-2.578771666e+00,5.787814906e-02,-5.787814906e-02
7.334000000e-03,-5.250569919e-01,1.016321839e-03,-2.689275979e+00,5.260733137e-02,-5.260733137e-02
7.336000000e-03,-4.702160235e-01,1.045455598e-03,-2.789026437e+00,4.712614791e-02,-4.712614791e-02
7.338000000e-03,-4.134947590e-01,1.070408797e-03,-2.877624159e+00,4.145651678e-02,-4.145651678e-02
7.340000000e-03,-3.551200150e-01,1.091081654e-03,-2.954714860e+00,3.562110967e-02,-3.562110966e-02
7.342000000e-03,-2.953252199e-01,1.107391502e-03,-3.019990271e+00,2.964326114e-02,-2.964326114e-02
7.344000000e-03,-2.343494807e-01,1.119273122e-03,-3.073189369e+00,2.354687538e-02,-2.354687538e-02
7.346000000e-03,-1.724366266e-01,1.126679002e-03,-3.114099422e+00,1.735633056e-02,-1.735633056e-02
7.348000000e-03,-1.098342344e-01,1.129579527e-03,-3.142556839e+00,1.109638139e-02,-1.109638139e-02
7.350000000e-03,-4.679263787e-02,1.127963098e-03,-3.158447825e+00,4.792060097e-03,-4.792060097e-03
7.352000000e-03,1.643607266e-02,1.121836179e-03,-3.161708835e+00,-1.531423649e-03,1.531423649e-03
7.354000000e-03,7.959905876e-02,1.111223271e-03,-3.152326829e+00,-7.848783549e-03,7.848783549e-03
7.356000000e-03,1.424437448e-01,1.096166812e-03,-3.130339324e+00,-1.413475780e-02,1.413475780e-02
7.358000000e-03,2.047188279e-01,1.076727010e-03,-3.095834243e+00,-2.036421009e-02,2.036421009e-02
7.360000000e-03,2.661752830e-01,1.052981600e-03,-3.048949564e+00,-2.651223014e-02,2.651223014e-02
7.362000000e-03,3.265673585e-01,1.025025537e-03,-2.989872771e+00,-3.255423330e-02,3.255423330e-02
7.364000000e-03,3.856535591e-01,9.929706089e-04,-2.918840098e+00,-3.846605885e-02,3.846605885e-02
7.366000000e-03,4.431976113e-01,9.569449982e-04,-2.836135591e+00,-4.422406663e-02,4.422406663e-02
7.368000000e-03,4.989694084e-01,9.170927636e-04,-2.742089968e+00,-4.980523157e-02,4.980523157e-02
7.370000000e-03,5.527459307e-01,8.735732658e-04,-2.637079297e+00,-5.518723574e-02,5.518723574e-02
7.372000000e-03,6.043121369e-01,8.265605301e-04,-2.521523494e+00,-6.034855764e-02,6.034855764e-02
7.374000000e-03,6.534618246e-01,7.762425508e-04,-2.395884644e+00,-6.526855821e-02,6.526855821e-02
7.376000000e-03,6.999984544e-01,7.228205391e-04,-2.260665149e+00,-6.992756339e-02,6.992756339e-02
7.378000000e-03,7.437359360e-01,6.665081183e-04,-2.116405724e+00,-7.430694279e-02,7.430694279e-02
7.380000000e-03,7.844993723e-01,6.075304702e-04,-1.963683233e+00,-7.838918418e-02,7.838918418e-02
7.382000000e-03,8.221257587e-01,5.461234341e-04,-1.803108382e+00,-8.215796353e-02,8.215796353e-02
7.384000000e-03,8.564646353e-01,4.825325640e-04,-1.635323275e+00,-8.559821027e-02,8.559821027e-02
7.386000000e-03,8.873786879e-01,4.170121466e-04,-1.460998850e+00,-8.869616758e-02,8.869616757e-02
7.388000000e-03,9.147442977e-01,3.498241843e-04,-1.280832195e+00,-9.143944735e-02,9.143944735e-02
7.390000000e-03,9.384520353e-01,2.812373479e-04,-1.095543758e+00,-9.381707980e-02,9.381707980e-02
7.392000000e-03,9.584070985e-01,2.115259018e-04,-9.058744699e-01,-9.581955726e-02,9.581955726e-02
7.394000000e-03,9.745296910e-01,1.409686076e-04,-7.125827780e-01,-9.743887224e-02,9.743887224e-02
7.396000000e-03,9.867553420e-01,6.984760926e-05,-5.164416158e-01,-9.866854944e-02,9.866854943e-02
7.398000000e-03,9.950351636e-01,-1.552695121e-06,-3.182353110e-01,-9.950367163e-02,9.950367162e-02
7.400000000e-03,9.993360465e-01,-7.294679060e-05,-1.187564494e-01,-9.994089933e-02,9.994089933e-02
7.402000000e-03,9.996407925e-01,-1.440491870e-04,8.119729461e-02,-9.997848417e-02,9.997848416e-02
7.404000000e-03,9.959481828e-01,-2.145755607e-04,2.808263475e-01,-9.961627584e-02,9.961627584e-02
7.406000000e-03,9.882729835e-01,-2.842438914e-04,4.793324342e-01,-9.885572274e-02,9.885572274e-02
7.408000000e-03,9.766458862e-01,-3.527755899e-04,6.759217702e-01,-9.769986618e-02,9.769986618e-02
7.410000000e-03,9.611133850e-01,-4.198966121e-04,8.698082357e-01,-9.615332817e-02,9.615332817e-02
7.412000000e-03,9.417375914e-01,-4.853385552e-04,1.060216519e+00,-9.422229300e-02,9.422229300e-02
7.414000000e-03,9.185959850e-01,-5.488397303e-04,1.246385217e+00,-9.191448248e-02,9.191448247e-02
7.416000000e-03,8.917811043e-01,-6.101462095e-04,1.427569879e+00,-8.923912506e-02,8.923912506e-02
7.418000000e-03,8.614001765e-01,-6.690128409e-04,1.603045987e+00,-8.620691894e-02,8.620691894e-02
7.420000000e-03,8.275746886e-01,-7.252042291e-04,1.772111847e+00,-8.282998928e-02,8.282998928e-02
7.422000000e-03,7.904399016e-01,-7.784956764e-04,1.934091401e+00,-7.912183973e-02,7.912183973e-02
7.424000000e-03,7.501443098e-01,-8.286740815e-04,2.088336925e+00,-7.509729839e-02,7.509729839e-02
7.426000000e-03,7.068490470e-01,-8.755387912e-04,2.234231624e+00,-7.077245858e-02,7.077245858e-02
7.428000000e-03,6.607272419e-01,-9.189024035e-04,2.371192096e+00,-6.616461443e-02,6.616461443e-02
7.430000000e-03,6.119633260e-01,-9.585915162e-04,2.498670664e+00,-6.129219175e-02,6.129219175e-02
7.432000000e-03,5.607522960e-01,-9.944474208e-04,2.616157567e+00,-5.617467434e-02,5.617467434e-02
7.434000000e-03,5.072989342e-01,-1.026326737e-03,2.723183001e+00,-5.083252609e-02,5.083252609e-02
7.436000000e-03,4.518169895e-01,-1.054101986e-03,2.819318992e+00,-4.528710915e-02,4.528710914e-02
7.438000000e-03,3.945283226e-01,-1.077662100e-03,2.904181113e+00,-3.956059847e-02,3.956059847e-02
7.440000000e-03,3.356620190e-01,-1.096912868e-03,2.977430018e+00,-3.367589319e-02,3.367589319e-02
7.442000000e-03,2.754534729e-01,-1.111777310e-03,3.038772799e+00,-2.765652502e-02,2.765652502e-02
7.444000000e-03,2.141434455e-01,-1.122195985e-03,3.087964160e+00,-2.152656415e-02,2.152656415e-02
7.446000000e-03,1.519771031e-01,-1.128127232e-03,3.124807395e+00,-1.531052304e-02,1.531052304e-02
7.448000000e-03,8.920303590e-02,-1.129547333e-03,3.149155175e+00,-9.033258324e-03,9.033258324e-03
7.450000000e-03,2.607226428e-02,-1.126450609e-03,3.160910138e+00,-2.719871489e-03,2.719871489e-03
7.452000000e-03,-3.716276490e-02,-1.118849443e-03,3.160025279e+00,3.604391545e-03,-3.604391545e-03
7.454000000e-03,-1.002491879e-01,-1.106774231e-03,3.146504136e+00,9.914241368e-03,-9.914241368e-03
7.456000000e-03,-1.629347353e-01,-1.090273259e-03,3.120400778e+00,1.618444620e-02,-1.618444620e-02
7.458000000e-03,-2.249687405e-01,-1.069412511e-03,3.081819586e+00,2.238993280e-02,-2.238993280e-02
7.460000000e-03,-2.861031426e-01,-1.044275405e-03,3.030914839e+00,2.850588672e-02,-2.850588672e-02
7.462000000e-03,-3.460934777e-01,-1.014962459e-03,2.967890093e+00,3.450785152e-02,-3.450785152e-02
7.464000000e-03,-4.046998569e-01,-9.815908890e-04,2.892997373e+00,4.037182660e-02,-4.037182660e-02
7.466000000e-03,-4.616879256e-01,-9.442941412e-04,2.806536157e+00,4.607436315e-02,-4.607436315e-02
7.468000000e-03,-5.168298004e-01,-9.032213576e-04,2.708852188e+00,5.159265790e-02,-5.159265790e-02
7.470000000e-03,-5.699049802e-01,-8.585367797e-04,2.600336081e+00,5.690464434e-02,-5.690464434e-02
7.472000000e-03,-6.207012286e-01,-8.104190917e-04,2.481421772e+00,6.198908095e-02,-6.198908095e-02
7.474000000e-03,-6.690154219e-01,-7.590607063e-04,2.352584773e+00,6.682563612e-02,-6.682563611e-02
7.476000000e-03,-7.146543616e-01,-7.046669951e-04,2.214340277e+00,7.139496946e-02,-7.139496946e-02
7.478000000e-03,-7.574355472e-01,-6.474554672e-04,2.067241095e+00,7.567880918e-02,-7.567880917e-02
7.480000000e-03,-7.971879056e-01,-5.876548994e-04,1.911875446e+00,7.966002507e-02,-7.966002507e-02
7.482000000e-03,-8.337524754e-01,-5.255044220e-04,1.748864604e+00,8.332269710e-02,-8.332269710e-02
7.484000000e-03,-8.669830425e-01,-4.612525617e-04,1.578860417e+00,8.665217899e-02,-8.665217899e-02
7.486000000e-03,-8.967467246e-01,-3.951562483e-04,1.402542695e+00,8.963515684e-02,-8.963515684e-02
7.488000000e-03,-9.229245032e-01,-3.274797873e-04,1.220616497e+00,9.225970234e-02,-9.225970234e-02
7.490000000e-03,-9.454116987e-01,-2.584938028e-04,1.033809307e+00,9.451532049e-02,-9.451532049e-02
7.492000000e-03,-9.641183894e-01,-1.884741553e-04,8.428681290e-01,9.639299152e-02,-9.639299152e-02
7.494000000e-03,-9.789697712e-01,-1.177008388e-04,6.485564965e-01,9.788520704e-02,-9.788520703e-02
7.496000000e-03,-9.899064565e-01,-4.645686119e-05,4.516514215e-01,9.898599996e-02,-9.898599996e-02
7.498000000e-03,-9.968847118e-01,2.497288776e-05,2.529402864e-01,9.969096847e-02,-9.969096847e-02
7.500000000e-03,-9.998766325e-01,9.630277533e-05,5.321769574e-02,9.999729353e-02,-9.999729353e-02
7.502000000e-03,-9.988702545e-01,1.672475681e-04,-1.467177014e-01,9.990375021e-02,-9.990375021e-02
7.504000000e-03,-9.938696021e-01,2.375235727e-04,-3.460664050e-01,9.941071257e-02,-9.941071257e-02
7.506000000e-03,-9.848946719e-01,3.068497699e-04,-5.440312611e-01,9.852015217e-02,-9.852015217e-02
7.508000000e-03,-9.719813528e-01,3.749489387e-04,-7.398206493e-01,9.723563017e-02,-9.723563017e-02
7.510000000e-03,-9.551812824e-01,4.415487647e-04,-9.326516486e-01,9.556228312e-02,-9.556228312e-02
7.512000000e-03,-9.345616408e-01,5.063829290e-04,-1.121753168e+00,9.350680237e-02,-9.350680237e-02
7.514000000e-03,-9.102048815e-01,5.691921733e-04,-1.306369030e+00,9.107740737e-02,-9.107740737e-02
7.516000000e-03,-8.822084022e-01,6.297253365e-04,-1.485760993e+00,8.828381276e-02,-8.828381276e-02
7.518000000e-03,-8.506841550e-01,6.877403590e-04,-1.659211708e+00,8.513718954e-02,-8.513718954e-02
7.520000000e-03,-8.157581989e-01,7.430052509e-04,-1.826027580e+00,8.165012041e-02,-8.165012041e-02
7.522000000e-03,-7.775701954e-01,7.952990194e-04,-1.985541547e+00,7.783654944e-02,-7.783654944e-02
7.524000000e-03,-7.362728504e-01,8.444125525e-04,-2.137115747e+00,7.371172629e-02,-7.371172629e-02
7.526000000e-03,-6.920313034e-01,8.901494554e-04,-2.280144066e+00,6.929214528e-02,-6.929214528e-02
7.528000000e-03,-6.450224671e-01,9.323268358e-04,-2.414054563e+00,6.459547940e-02,-6.459547940e-02
7.530000000e-03,-5.954343202e-01,9.707760352e-04,-2.538311757e+00,5.964050963e-02,-5.964050963e-02
7.532000000e-03,-5.434651553e-01,1.005343303e-03,-2.652418771e+00,5.444704986e-02,-5.444704986e-02
7.534000000e-03,-4.893227863e-01,1.035890412e-03,-2.755919314e+00,4.903586767e-02,-4.903586767e-02
7.536000000e-03,-4.332237172e-01,1.062295211e-03,-2.848399509e+00,4.342860125e-02,-4.342860125e-02
7.538000000e-03,-3.753922766e-01,1.084452112e-03,-2.929489546e+00,3.764767288e-02,-3.764767288e-02
7.540000000e-03,-3.160597204e-01,1.102272515e-03,-2.998865165e+00,3.171619929e-02,-3.171619929e-02
7.542000000e-03,-2.554633071e-01,1.115685159e-03,-3.056248945e+00,2.565789923e-02,-2.565789923e-02
7.544000000e-03,-1.938453492e-01,1.124636411e-03,-3.101411421e+00,1.949699856e-02,-1.949699856e-02
7.546000000e-03,-1.314522440e-01,1.129090475e-03,-3.134171999e+00,1.325813345e-02,-1.325813345e-02
7.548000000e-03,-6.853348863e-02,1.129029541e-03,-3.154399674e+00,6.966251817e-03,-6.966251817e-03
7.550000000e-03,-5.340682111e-03,1.124453853e-03,-3.162013561e+00,6.465135965e-04,-6.465135964e-04
7.552000000e-03,5.787348069e-02,1.115381708e-03,-3.156983214e+00,-5.675809898e-03,5.675809898e-03
7.554000000e-03,1.208562195e-01,1.101849384e-03,-3.139328747e+00,-1.197543701e-02,1.197543701e-02
7.556000000e-03,1.833556794e-01,1.083910993e-03,-3.109120758e+00,-1.822717684e-02,1.822717684e-02
7.558000000e-03,2.451219381e-01,1.061638267e-03,-3.066480041e+00,-2.440602998e-02,2.440602998e-02
7.560000000e-03,3.059080051e-01,1.035120271e-03,-3.011577109e+00,-3.048728848e-02,3.048728848e-02
7.562000000e-03,3.654708096e-01,1.004463044e-03,-2.944631506e+00,-3.644663466e-02,3.644663466e-02
7.564000000e-03,4.235721724e-01,9.697891788e-04,-2.865910934e+00,-4.226023833e-02,4.226023833e-02
7.566000000e-03,4.799797582e-01,9.312373279e-04,-2.775730181e+00,-4.790485209e-02,4.790485209e-02
7.568000000e-03,5.344680048e-01,8.889616527e-04,-2.674449860e+00,-5.335790431e-02,5.335790431e-02
7.570000000e-03,5.868190250e-01,8.431312047e-04,-2.562474970e+00,-5.859758938e-02,5.859758938e-02
7.572000000e-03,6.368234779e-01,7.939292504e-04,-2.440253275e+00,-6.360295487e-02,6.360295487e-02
7.574000000e-03,6.842814063e-01,7.415525382e-04,-2.308273516e+00,-6.835398537e-02,6.835398537e-02
7.576000000e-03,7.290030356e-01,6.862105116e-04,-2.167063451e+00,-7.283168251e-02,7.283168251e-02
7.578000000e-03,7.708095334e-01,6.281244719e-04,-2.017187750e+00,-7.701814089e-02,7.701814089e-02
7.580000000e-03,8.095337242e-01,5.675266931e-04,-1.859245734e+00,-8.089661975e-02,8.089661975e-02
7.582000000e-03,8.450207581e-01,5.046594931e-04,-1.693868982e+00,-8.445160986e-02,8.445160986e-02
7.584000000e-03,8.771287297e-01,4.397742648e-04,-1.521718800e+00,-8.766889554e-02,8.766889554e-02
7.586000000e-03,9.057292459e-01,3.731304706e-04,-1.343483581e+00,-9.053561154e-02,9.053561154e-02
7.588000000e-03,9.307079393e-01,3.049946053e-04,-1.159876050e+00,-9.304029447e-02,9.304029447e-02
7.590000000e-03,9.519649252e-01,2.356391300e-04,-9.716304167e-01,-9.517292861e-02,9.517292861e-02
7.592000000e-03,9.694152014e-01,1.653413829e-04,-7.794994352e-01,-9.692498600e-02,9.692498600e-02
7.594000000e-03,9.829889878e-01,9.438246993e-05,-5.842513976e-01,-9.828946053e-02,9.828946053e-02
7.596000000e-03,9.926320057e-01,2.304614111e-05,-3.866670602e-01,-9.926089596e-02,9.926089596e-02
7.598000000e-03,9.983056947e-01,-4.838234444e-05,-1.875365217e-01,-9.983540771e-02,9.983540771e-02
7.600000000e-03,9.999873669e-01,-1.196173591e-04,1.234393640e-02,-1.000106984e-01,1.000106984e-01
7.602000000e-03,9.976702976e-01,-1.903740487e-04,2.121750337e-01,-9.978606717e-02,9.978606717e-02
7.604000000e-03,9.913637523e-01,-2.603694722e-04,4.111576871e-01,-9.916241218e-02,9.916241218e-02
7.606000000e-03,9.810929496e-01,-3.293237323e-04,6.084962064e-01,-9.814222733e-02,9.814222733e-02
7.608000000e-03,9.668989602e-01,-3.969610952e-04,8.034014760e-01,-9.672959213e-02,9.672959213e-02
7.610000000e-03,9.488385430e-01,-4.630110934e-04,9.950941102e-01,-9.493015541e-02,9.493015541e-02
7.612000000e-03,9.269839178e-01,-5.272096065e-04,1.182807570e+00,-9.275111274e-02,9.275111274e-02
7.614000000e-03,9.014224767e-01,-5.892999180e-04,1.365791228e+00,-9.020117766e-02,9.020117766e-02
7.616000000e-03,8.722564347e-01,-6.490337417e-04,1.543313372e+00,-8.729054684e-02,8.729054684e-02
7.618000000e-03,8.396024206e-01,-7.061722145e-04,1.714664126e+00,-8.403085928e-02,8.403085928e-02
7.620000000e-03,8.035910110e-01,-7.604868514e-04,1.879158295e+00,-8.043514979e-02,8.043514979e-02
7.622000000e-03,7.643662082e-01,-8.117604597e-04,2.036138101e+00,-7.651779686e-02,7.651779686e-02
7.624000000e-03,7.220848638e-01,-8.597880067e-04,2.184975814e+00,-7.229446518e-02,7.229446518e-02
7.626000000e-03,6.769160523e-01,-9.043774403e-04,2.325076263e+00,-6.778204297e-02,6.778204297e-02
7.628000000e-03,6.290403943e-01,-9.453504566e-04,2.455879216e+00,-6.299857448e-02,6.299857448e-02
7.630000000e-03,5.786493346e-01,-9.825432131e-04,2.576861619e+00,-5.796318778e-02,5.796318778e-02
7.632000000e-03,5.259443766e-01,-1.015806984e-03,2.687539688e+00,-5.269601835e-02,5.269601835e-02
7.634000000e-03,4.711362764e-01,-1.045008753e-03,2.787470845e+00,-4.721812851e-02,4.721812851e-02
7.636000000e-03,4.144442002e-01,-1.070031750e-03,2.876255486e+00,-4.155142319e-02,4.155142319e-02
7.638000000e-03,3.560948479e-01,-1.090775913e-03,2.953538579e+00,-3.571856238e-02,3.571856238e-02
7.640000000e-03,2.963215463e-01,-1.107158290e-03,3.019011086e+00,-2.974287046e-02,2.974287046e-02
7.642000000e-03,2.353633165e-01,-1.119113371e-03,3.072411195e+00,-2.364824299e-02,2.364824299e-02
7.644000000e-03,1.734639178e-01,-1.126593350e-03,3.113525372e+00,-1.745905111e-02,1.745905111e-02
7.646000000e-03,1.108708729e-01,-1.129568317e-03,3.142189208e+00,-1.120004412e-02,1.120004412e-02
7.648000000e-03,4.783447850e-02,-1.128026375e-03,3.158288082e+00,-4.896250488e-03,4.896250488e-03
7.650000000e-03,-1.539319605e-02,-1.121973690e-03,3.161757620e+00,1.427122235e-03,-1.427122235e-03
7.652000000e-03,-7.855931640e-02,-1.111434466e-03,3.152583947e+00,7.744788194e-03,-7.744788194e-03
7.654000000e-03,-1.414112944e-01,-1.096450847e-03,3.130803746e+00,1.403148436e-02,-1.403148436e-02
7.656000000e-03,-2.036977980e-01,-1.077082749e-03,3.096504112e+00,2.026207153e-02,-2.026207153e-02
7.658000000e-03,-2.651697566e-01,-1.053407620e-03,3.049822202e+00,2.641163489e-02,-2.641163489e-02
7.660000000e-03,-3.255813564e-01,-1.025520134e-03,2.990944688e+00,3.245558362e-02,-3.245558362e-02
7.662000000e-03,-3.846910241e-01,-9.935318066e-04,2.920107008e+00,3.836974923e-02,-3.836974922e-02
7.664000000e-03,-4.422623924e-01,-9.575705517e-04,2.837592427e+00,4.413048218e-02,-4.413048218e-02
7.666000000e-03,-4.980652453e-01,-9.177801714e-04,2.743730905e+00,4.971474652e-02,-4.971474652e-02
7.668000000e-03,-5.518764390e-01,-8.743197791e-04,2.638897773e+00,5.510021192e-02,-5.510021192e-02
7.670000000e-03,-6.034807936e-01,-8.273631638e-04,2.523512238e+00,6.026534304e-02,-6.026534304e-02
7.672000000e-03,-6.526719540e-01,-7.770980953e-04,2.398035703e+00,6.518948559e-02,-6.518948559e-02
7.674000000e-03,-6.992532150e-01,-7.237255732e-04,2.262969921e+00,6.985294894e-02,-6.985294894e-02
7.676000000e-03,-7.430383079e-01,-6.674590231e-04,2.118854994e+00,7.423708488e-02,-7.423708488e-02
7.678000000e-03,-7.838521451e-01,-6.085234431e-04,1.966267206e+00,7.832436216e-02,-7.832436216e-02
7.680000000e-03,-8.215315206e-01,-5.471545045e-04,1.805816724e+00,8.209843661e-02,-8.209843661e-02
7.682000000e-03,-8.559257624e-01,-4.835976088e-04,1.638145157e+00,8.554421648e-02,-8.554421648e-02
7.684000000e-03,-8.868973352e-01,-4.181069069e-04,1.463922989e+00,8.864792283e-02,-8.864792283e-02
7.686000000e-03,-9.143223900e-01,-3.509442824e-04,1.283846897e+00,9.139714457e-02,-9.139714457e-02
7.688000000e-03,-9.380912597e-01,-2.823783047e-04,1.098636968e+00,9.378088814e-02,-9.378088814e-02
7.690000000e-03,-9.581088976e-01,-2.126831549e-04,9.090338179e-01,9.578962145e-02,-9.578962145e-02
7.692000000e-03,-9.742952573e-01,-1.421375295e-04,7.157956311e-01,9.741531198e-02,-9.741531198e-02
7.694000000e-03,-9.865856130e-01,-7.102352558e-05,5.196951264e-01,9.865145895e-02,-9.865145895e-02
7.696000000e-03,-9.949308180e-01,3.744866204e-07,3.215164690e-01,9.949311924e-02,-9.949311924e-02
7.698000000e-03,-9.992975015e-01,7.177100133e-05,1.220521341e-01,9.993692725e-02,-9.993692725e-02
7.700000000e-03,-9.996682022e-01,1.428805187e-04,-7.790026184e-02,9.998110828e-02,-9.998110828e-02
7.702000000e-03,-9.960414378e-01,2.134186867e-04,-2.775411509e-01,9.962548565e-02,-9.962548564e-02
7.704000000e-03,-9.884317107e-01,2.831034376e-04,-4.760722105e-01,9.887148142e-02,-9.887148142e-02
7.706000000e-03,-9.768694509e-01,3.516561169e-04,-6.726995565e-01,9.772211070e-02,-9.772211070e-02
7.708000000e-03,-9.614008933e-01,4.188025964e-04,-8.666369168e-01,9.618196959e-02,-9.618196959e-02
7.710000000e-03,-9.420878935e-01,4.842743715e-04,-1.057108776e+00,9.425721679e-02,-9.425721679e-02
7.712000000e-03,-9.190076802e-01,5.478096341e-04,-1.243353478e+00,9.195554898e-02,-9.195554898e-02
7.714000000e-03,-8.922525463e-01,6.091543199e-04,-1.424626267e+00,8.928617006e-02,-8.928617006e-02
7.716000000e-03,-8.619294801e-01,6.680631243e-04,-1.600202273e+00,8.625975432e-02,-8.625975432e-02
7.718000000e-03,-8.281597372e-01,7.243004833e-04,-1.769379402e+00,8.288840377e-02,-8.288840376e-02
7.720000000e-03,-7.910783557e-01,7.776415152e-04,-1.931481151e+00,7.918559972e-02,-7.918559972e-02
7.722000000e-03,-7.508336164e-01,8.278729205e-04,-2.085859309e+00,7.516614894e-02,-7.516614893e-02
7.724000000e-03,-7.075864497e-01,8.747938341e-04,-2.231896549e+00,7.084612435e-02,-7.084612435e-02
7.726000000e-03,-6.615097919e-01,9.182166292e-04,-2.369008899e+00,6.624280086e-02,-6.624280086e-02
7.728000000e-03,-6.127878941e-01,9.579676670e-04,-2.496648076e+00,6.137458618e-02,-6.137458618e-02
7.730000000e-03,-5.616155850e-01,9.938879913e-04,-2.614303676e+00,5.626094729e-02,-5.626094729e-02
7.732000000e-03,-5.081974919e-01,1.025833964e-03,-2.721505219e+00,5.092233259e-02,-5.092233259e-02
7.734000000e-03,-4.527472228e-01,1.053677841e-03,-2.817824029e+00,4.538009006e-02,-4.538009006e-02
7.736000000e-03,-3.954865117e-01,1.077308278e-03,-2.902874947e+00,3.965638199e-02,-3.965638199e-02
7.738000000e-03,-3.366443323e-01,1.096630784e-03,-2.976317872e+00,3.377409630e-02,-3.377409630e-02
7.740000000e-03,-2.764559822e-01,1.111568092e-03,-3.037859120e+00,2.775675503e-02,-2.775675503e-02
7.742000000e-03,-2.151621422e-01,1.122060470e-03,-3.087252602e+00,2.162842026e-02,-2.162842026e-02
7.744000000e-03,-1.530079135e-01,1.128065962e-03,-3.124300803e+00,1.541359794e-02,-1.541359794e-02
7.746000000e-03,-9.024183796e-02,1.129560552e-03,-3.148855575e+00,9.137139851e-03,-9.137139851e-03
7.748000000e-03,-2.711490411e-02,1.126538265e-03,-3.160818728e+00,2.824144238e-03,-2.824144238e-03
7.750000000e-03,3.612045660e-02,1.119011186e-03,-3.160142425e+00,-3.500144541e-03,3.500144541e-03
7.752000000e-03,9.921137911e-02,1.107009413e-03,-3.146829370e+00,-9.810436970e-03,9.810436970e-03
7.754000000e-03,1.619055760e-01,1.090580941e-03,-3.120932798e+00,-1.608149950e-02,1.608149950e-02
7.756000000e-03,2.239523461e-01,1.069791461e-03,-3.082556265e+00,-2.228825546e-02,2.228825546e-02
7.758000000e-03,2.851035774e-01,1.044724109e-03,-3.031853231e+00,-2.840588533e-02,2.840588533e-02
7.760000000e-03,3.451147387e-01,1.015479122e-03,-2.969026447e+00,-3.440992596e-02,3.440992596e-02
7.762000000e-03,4.037458580e-01,9.821734449e-04,-2.894327143e+00,-4.027636846e-02,4.027636846e-02
7.764000000e-03,4.607624816e-01,9.449402607e-04,-2.808054027e+00,-4.598175414e-02,4.598175414e-02
7.766000000e-03,5.159366119e-01,9.039284570e-04,-2.710552087e+00,-5.150326835e-02,5.150326835e-02
7.768000000e-03,5.690476190e-01,8.593020314e-04,-2.602211213e+00,-5.681883170e-02,5.681883170e-02
7.770000000e-03,6.198831230e-01,8.112394357e-04,-2.483464638e+00,-6.190718836e-02,6.190718836e-02
7.772000000e-03,6.682398434e-01,7.599328622e-04,-2.354787204e+00,-6.674799105e-02,6.674799105e-02
7.774000000e-03,7.139244116e-01,7.055874753e-04,-2.216693466e+00,-7.132188241e-02,7.132188241e-02
7.776000000e-03,7.567541446e-01,6.484205908e-04,-2.069735631e+00,-7.561057240e-02,7.561057240e-02
7.778000000e-03,7.965577751e-01,5.886608073e-04,-1.914501355e+00,-7.959691143e-02,7.959691143e-02
7.780000000e-03,8.331761368e-01,5.265470917e-04,-1.751611386e+00,-8.326495897e-02,8.326495897e-02
7.782000000e-03,8.664628004e-01,4.623278237e-04,-1.581717087e+00,-8.660004726e-02,8.660004726e-02
7.784000000e-03,8.962846596e-01,3.962598029e-04,-1.405497831e+00,-8.958883998e-02,8.958883997e-02
7.786000000e-03,9.225224627e-01,3.286072216e-04,-1.223658281e+00,-9.221938555e-02,9.221938555e-02
7.788000000e-03,9.450712905e-01,2.596406084e-04,-1.036925576e+00,-9.448116499e-02,9.448116499e-02
7.790000000e-03,9.638409747e-01,1.896357464e-04,-8.460464213e-01,-9.636513390e-02,9.636513390e-02
7.792000000e-03,9.787564593e-01,1.188725705e-04,-6.517841031e-01,-9.786375868e-02,9.786375868e-02
7.794000000e-03,9.897581005e-01,4.763404789e-05,-4.549154358e-01,-9.897104665e-02,9.897104664e-02
7.796000000e-03,9.968019049e-01,-2.379495336e-05,-2.562276564e-01,-9.968256998e-02,9.968256998e-02
7.798000000e-03,9.998597057e-01,-9.512880354e-05,-5.651527581e-02,-9.999548346e-02,9.999548346e-02
7.800000000e-03,9.989192756e-01,-1.660822534e-04,1.434230976e-01,-9.990853579e-02,9.990853579e-02
7.802000000e-03,9.939843751e-01,-2.363715749e-04,3.427879519e-01,-9.942207467e-02,9.942207467e-02
7.804000000e-03,9.850747378e-01,-3.057156956e-04,5.407820684e-01,-9.853804535e-02,9.853804535e-02
7.806000000e-03,9.722259916e-01,-3.738373229e-04,7.366137099e-01,-9.725998289e-02,9.725998289e-02
7.808000000e-03,9.554895158e-01,-4.404640525e-04,9.294997865e-01,-9.559299799e-02,9.559299798e-02
7.810000000e-03,9.349322362e-01,-5.053294579e-04,1.118668987e+00,-9.354375656e-02,9.354375656e-02
7.812000000e-03,9.106363570e-01,-5.681741559e-04,1.303364862e+00,-9.112045312e-02,9.112045312e-02
7.814000000e-03,8.826990325e-01,-6.287468437e-04,1.482848853e+00,-8.833277793e-02,8.833277793e-02
7.816000000e-03,8.512319781e-01,-6.868053036e-04,1.656403239e+00,-8.519187834e-02,8.519187834e-02
7.818000000e-03,8.163610241e-01,-7.421173720e-04,1.823334014e+00,-8.171031415e-02,8.171031415e-02
7.820000000e-03,7.782256122e-01,-7.944618673e-04,1.982973655e+00,-7.790200741e-02,7.790200740e-02
7.822000000e-03,7.369782379e-01,-8.436294749e-04,2.134683797e+00,-7.378218674e-02,7.378218674e-02
7.824000000e-03,6.927838409e-01,-8.894235837e-04,2.277857782e+00,-6.936732645e-02,6.936732645e-02
7.826000000e-03,6.458191455e-01,-9.316610726e-04,2.411923088e+00,-6.467508066e-02,6.467508066e-02
7.828000000e-03,5.962719536e-01,-9.701730426e-04,2.536343615e+00,-5.972421267e-02,5.972421266e-02
7.830000000e-03,5.443403942e-01,-1.004805492e-03,2.650621832e+00,-5.453451997e-02,5.453451997e-02
7.832000000e-03,4.902321308e-01,-1.035419934e-03,2.754300763e+00,-4.912675507e-02,4.912675507e-02
7.834000000e-03,4.341635311e-01,-1.061893947e-03,2.846965818e+00,-4.352254250e-02,4.352254250e-02
7.836000000e-03,3.763588017e-01,-1.084121667e-03,2.928246449e+00,-3.774429233e-02,3.774429233e-02
7.838000000e-03,3.170490917e-01,-1.102014209e-03,2.997817632e+00,-3.181511059e-02,3.181511059e-02
7.840000000e-03,2.564715684e-01,-1.115500026e-03,3.055401165e+00,-2.575870684e-02,2.575870684e-02
7.842000000e-03,1.948684686e-01,-1.124525191e-03,3.100766785e+00,-1.959929938e-02,1.959929938e-02
7.844000000e-03,1.324861304e-01,-1.129053613e-03,3.133733084e+00,-1.336151840e-02,1.336151840e-02
7.846000000e-03,6.957400762e-02,-1.129067184e-03,3.154168235e+00,-7.070307481e-03,7.070307481e-03
7.848000000e-03,6.383672902e-03,-1.124565851e-03,3.161990524e+00,-7.508238753e-04,7.508238753e-04
7.850000000e-03,-5.683218880e-02,-1.115567613e-03,3.157168671e+00,5.571662119e-03,-5.571662118e-03
7.852000000e-03,-1.198207904e-01,-1.102108452e-03,3.139721956e+00,1.187186819e-02,-1.187186819e-02
7.854000000e-03,-1.823302536e-01,-1.084242188e-03,3.109720147e+00,1.812460114e-02,-1.812460114e-02
7.856000000e-03,-2.441106160e-01,-1.062040266e-03,3.067283213e+00,2.430485757e-02,-2.430485757e-02
7.858000000e-03,-3.049148308e-01,-1.035591465e-03,3.012580852e+00,3.038792394e-02,-3.038792394e-02
7.860000000e-03,-3.644997547e-01,-1.005001550e-03,2.945831807e+00,3.634947531e-02,-3.634947531e-02
7.862000000e-03,-4.226271198e-01,-9.703928423e-04,2.867302993e+00,4.216567270e-02,-4.216567270e-02
7.864000000e-03,-4.790644870e-01,-9.319037356e-04,2.777308431e+00,4.781325833e-02,-4.781325833e-02
7.866000000e-03,-5.335861750e-01,-8.896881396e-04,2.676207990e+00,5.326964869e-02,-5.326964869e-02
7.868000000e-03,-5.859741629e-01,-8.439148658e-04,2.564405950e+00,5.851302480e-02,-5.851302480e-02
7.870000000e-03,-6.360189619e-01,-7.947669520e-04,2.442349384e+00,6.352241950e-02,-6.352241949e-02
7.872000000e-03,-6.835204534e-01,-7.424409305e-04,2.310526371e+00,6.827780125e-02,-6.827780125e-02
7.874000000e-03,-7.282886888e-01,-6.871460421e-04,2.169464043e+00,7.276015428e-02,-7.276015427e-02
7.876000000e-03,-7.701446492e-01,-6.291033996e-04,2.019726480e+00,7.695155458e-02,-7.695155458e-02
7.878000000e-03,-8.089209613e-01,-5.685451035e-04,1.861912451e+00,8.083524162e-02,-8.083524162e-02
7.880000000e-03,-8.444625668e-01,-5.057133138e-04,1.696653021e+00,8.439568535e-02,-8.439568535e-02
7.882000000e-03,-8.766273421e-01,-4.408592817e-04,1.524609029e+00,8.761864828e-02,-8.761864828e-02
7.884000000e-03,-9.052866670e-01,-3.742423451e-04,1.346468442e+00,9.049124247e-02,-9.049124247e-02
7.886000000e-03,-9.303259389e-01,-3.061288911e-04,1.162943609e+00,9.300198100e-02,-9.300198100e-02
7.888000000e-03,-9.516450308e-01,-2.367912914e-04,9.747684051e-01,9.514082395e-02,-9.514082395e-02
7.890000000e-03,-9.691586921e-01,-1.665068126e-04,7.826953055e-01,9.689921853e-02,-9.689921853e-02
7.892000000e-03,-9.827968895e-01,-9.555650765e-05,5.874923702e-01,9.827013330e-02,-9.827013330e-02
7.894000000e-03,-9.925050865e-01,-2.422409211e-05,3.899401751e-01,9.924808624e-02,-9.924808624e-02
7.896000000e-03,-9.982444621e-01,4.720519053e-05,1.908286903e-01,9.982916673e-02,-9.982916673e-02
7.898000000e-03,-9.999920657e-01,1.184457094e-04,-9.045878683e-03,1.000110511e-01,-1.000110511e-01
7.900000000e-03,-9.977409091e-01,1.892125886e-04,-2.088842751e-01,9.979301217e-02,-9.979301217e-02
7.902000000e-03,-9.914999941e-01,2.592228459e-04,-4.078873867e-01,9.917592169e-02,-9.917592169e-02
7.904000000e-03,-9.812942768e-01,3.281965251e-04,-6.052594416e-01,9.816224734e-02,-9.816224733e-02
7.906000000e-03,-9.671645679e-01,3.958578146e-04,-8.002111898e-01,9.675604257e-02,-9.675604257e-02
7.908000000e-03,-9.491673690e-01,4.619361510e-04,-9.919630599e-01,9.496293051e-02,-9.496293051e-02
7.910000000e-03,-9.273746472e-01,5.261673008e-04,-1.179748276e+00,9.279008145e-02,-9.279008145e-02
7.912000000e-03,-9.018735471e-01,5.882944170e-04,-1.362815924e+00,9.024618415e-02,-9.024618415e-02
7.914000000e-03,-8.727660423e-01,6.480690663e-04,-1.540433955e+00,8.734141114e-02,-8.734141114e-02
7.916000000e-03,-8.401685276e-01,7.052522221e-04,-1.711892111e+00,8.408737798e-02,-8.408737798e-02
7.918000000e-03,-8.042113537e-01,7.596152210e-04,-1.876504766e+00,8.049709690e-02,-8.049709689e-02
7.920000000e-03,-7.650383059e-01,8.109406766e-04,-2.033613669e+00,7.658492466e-02,-7.658492466e-02
7.922000000e-03,-7.228060291e-01,8.590233491e-04,-2.182590574e+00,7.236650524e-02,-7.236650524e-02
7.924000000e-03,-6.776834012e-01,9.036709660e-04,-2.322839753e+00,6.785870722e-02,-6.785870722e-02
7.926000000e-03,-6.298508584e-01,9.447049906e-04,-2.453800380e+00,6.307955634e-02,-6.307955634e-02
7.928000000e-03,-5.794996731e-01,9.819613364e-04,-2.574948769e+00,5.804816344e-02,-5.804816344e-02
7.930000000e-03,-5.268311890e-01,1.015291023e-03,-2.685800473e+00,5.278464801e-02,-5.278464801e-02
7.932000000e-03,-4.720560167e-01,1.044560772e-03,-2.785912220e+00,4.731005775e-02,-4.731005775e-02
7.934000000e-03,-4.153931905e-01,1.069653540e-03,-2.874883683e+00,4.164628440e-02,-4.164628440e-02
7.936000000e-03,-3.570692933e-01,1.090468986e-03,-2.952359085e+00,3.581597623e-02,-3.581597623e-02
7.938000000e-03,-2.973175503e-01,1.106923873e-03,-3.018028617e+00,2.984244742e-02,-2.984244742e-02
7.940000000e-03,-2.363768963e-01,1.118952402e-03,-3.071629680e+00,2.374958487e-02,-2.374958487e-02
7.942000000e-03,-1.744910202e-01,1.126506473e-03,-3.112947934e+00,1.756175267e-02,-1.756175267e-02
7.944000000e-03,-1.119073909e-01,1.129555879e-03,-3.141818158e+00,1.130369467e-02,-1.130369467e-02
7.946000000e-03,-4.887626710e-02,1.128088425e-03,-3.158124904e+00,5.000435552e-03,-5.000435552e-03
7.948000000e-03,1.435030268e-02,1.122109981e-03,-3.161802966e+00,-1.322819270e-03,1.322819270e-03
7.950000000e-03,7.751948858e-02,1.111644453e-03,-3.152837635e+00,-7.640784413e-03,7.640784413e-03
7.952000000e-03,1.403786902e-01,1.096733689e-03,-3.131264762e+00,-1.392819565e-02,1.392819565e-02
7.954000000e-03,2.026765466e-01,1.077437316e-03,-3.097170613e+00,-2.015991093e-02,2.015991093e-02
7.956000000e-03,2.641639416e-01,1.053832495e-03,-3.050691522e+00,-2.631101091e-02,2.631101091e-02
7.958000000e-03,3.245950000e-01,1.026013617e-03,-2.992013351e+00,-3.235689864e-02,3.235689864e-02
7.960000000e-03,3.837280705e-01,9.940919234e-04,-2.921370741e+00,-3.827339786e-02,3.827339786e-02
7.962000000e-03,4.413266923e-01,9.581950634e-04,-2.839046177e+00,-4.403684973e-02,4.403684973e-02
7.964000000e-03,4.971605404e-01,9.184665807e-04,-2.745368858e+00,-4.962420739e-02,4.962420739e-02
7.966000000e-03,5.510063470e-01,8.750653412e-04,-2.640713379e+00,-5.501312816e-02,5.501312816e-02
7.968000000e-03,6.026487937e-01,8.281648974e-04,-2.525498237e+00,-6.018206288e-02,6.018206288e-02
7.970000000e-03,6.518813733e-01,7.779527944e-04,-2.400184153e+00,-6.511034205e-02,6.511034205e-02
7.972000000e-03,6.985072149e-01,7.246298200e-04,-2.265272232e+00,-6.977825851e-02,6.977825851e-02
7.974000000e-03,7.423398714e-01,6.684092017e-04,-2.121301958e+00,-7.416714622e-02,7.416714622e-02
7.976000000e-03,7.832040651e-01,6.095157540e-04,-1.968849039e+00,-7.825945494e-02,7.825945494e-02
7.978000000e-03,8.209363887e-01,5.481849796e-04,-1.808523103e+00,-8.203882038e-02,8.203882038e-02
7.980000000e-03,8.553859585e-01,4.846621275e-04,-1.640965258e+00,-8.549012964e-02,8.549012964e-02
7.982000000e-03,8.864150177e-01,4.192012123e-04,-1.466845535e+00,-8.859958165e-02,8.859958165e-02
7.984000000e-03,9.138994876e-01,3.520639987e-04,-1.286860201e+00,-9.135474236e-02,9.135474236e-02
7.986000000e-03,9.377294636e-01,2.835189544e-04,-1.101728982e+00,-9.374459447e-02,9.374459447e-02
7.988000000e-03,9.578096545e-01,2.138401768e-04,-9.121921770e-01,-9.575958143e-02,9.575958143e-02
7.990000000e-03,9.740597638e-01,1.433062967e-04,-7.190077054e-01,-9.739164575e-02,9.739164575e-02
7.992000000e-03,9.864148107e-01,7.219936463e-05,-5.229480716e-01,-9.863426114e-02,9.863426114e-02
7.994000000e-03,9.948253900e-01,8.037222853e-07,-3.247972773e-01,-9.948245863e-02,9.948245863e-02
7.996000000e-03,9.992578695e-01,-7.059513398e-05,-1.253476861e-01,-9.993284646e-02,9.993284646e-02
7.998000000e-03,9.996945245e-01,-1.417116950e-04,7.460314431e-02,-9.998362362e-02,9.998362362e-02
8.000000000e-03,9.961336091e-01,-2.122615804e-04,2.742556523e-01,-9.963458707e-02,9.963458707e-02
8.002000000e-03,9.885893626e-01,-2.819626759e-04,4.728114690e-01,-9.888713253e-02,9.888713253e-02
8.004000000e-03,9.770919529e-01,-3.505362613e-04,6.694766109e-01,-9.774424892e-02,9.774424892e-02
8.006000000e-03,9.616873557e-01,-4.177081251e-04,8.634646552e-01,-9.621050638e-02,9.621050638e-02
8.008000000e-03,9.424371708e-01,-4.832096610e-04,1.053999884e+00,-9.429203804e-02,9.429203804e-02
8.010000000e-03,9.194183756e-01,-5.467789420e-04,1.240320386e+00,-9.199651546e-02,9.199651546e-02
8.012000000e-03,8.927230176e-01,-6.081617677e-04,1.421681105e+00,-8.933311794e-02,8.933311794e-02
8.014000000e-03,8.624578460e-01,-6.671126810e-04,1.597356818e+00,-8.631249587e-02,8.631249587e-02
8.016000000e-03,8.287438848e-01,-7.233959495e-04,1.766645032e+00,-8.294672808e-02,8.294672808e-02
8.018000000e-03,7.917159492e-01,-7.767865080e-04,1.928868800e+00,-7.924927357e-02,7.924927357e-02
8.020000000e-03,7.515221062e-01,-8.270708588e-04,2.083379424e+00,-7.523491771e-02,7.523491771e-02
8.022000000e-03,7.083230826e-01,-8.740479254e-04,2.229559046e+00,-7.091971305e-02,7.091971305e-02
8.024000000e-03,6.622916223e-01,-9.175298560e-04,2.366823125e+00,-6.632091522e-02,6.632091522e-02
8.026000000e-03,6.136117956e-01,-9.573427756e-04,2.494622772e+00,-6.145691384e-02,6.145691384e-02
8.028000000e-03,5.624782630e-01,-9.933274806e-04,2.612446940e+00,-5.634715905e-02,5.634715905e-02
8.030000000e-03,5.090954968e-01,-1.025340076e-03,2.719824477e+00,-5.101208368e-02,5.101208368e-02
8.032000000e-03,4.536769635e-01,-1.053252549e-03,2.816326001e+00,-4.547302161e-02,4.547302161e-02
8.034000000e-03,3.964442705e-01,-1.076953284e-03,2.901565623e+00,-3.975212238e-02,3.975212238e-02
8.036000000e-03,3.376262793e-01,-1.096347508e-03,2.975202488e+00,-3.387226268e-02,3.387226268e-02
8.038000000e-03,2.774581908e-01,-1.111357665e-03,3.036942137e+00,-2.785695484e-02,2.785695484e-02
8.040000000e-03,2.161806047e-01,-1.121923735e-03,3.086537686e+00,-2.173025284e-02,2.173025284e-02
8.042000000e-03,1.540385573e-01,-1.128003464e-03,3.123790813e+00,-1.551665608e-02,1.551665608e-02
8.044000000e-03,9.128054185e-02,-1.129572543e-03,3.148552550e+00,-9.241011439e-03,9.241011439e-03
8.046000000e-03,2.815751445e-02,-1.126624696e-03,3.160723880e+00,-2.928413914e-03,2.928413914e-03
8.048000000e-03,-3.507810900e-02,-1.119171711e-03,3.160256134e+00,3.395893729e-03,-3.395893729e-03
8.050000000e-03,-9.817346238e-02,-1.107243391e-03,3.147151180e+00,9.706621899e-03,-9.706621899e-03
8.052000000e-03,-1.608762405e-01,-1.090887436e-03,3.121461423e+00,1.597853531e-02,-1.597853531e-02
8.054000000e-03,-2.229357080e-01,-1.070169248e-03,3.083289591e+00,2.218655388e-02,-2.218655388e-02
8.056000000e-03,-2.841037020e-01,-1.045171676e-03,3.032788325e+00,2.830585303e-02,-2.830585303e-02
8.058000000e-03,-3.441356244e-01,-1.015994680e-03,2.970159570e+00,3.431196297e-02,-3.431196297e-02
8.060000000e-03,-4.027914199e-01,-9.827549322e-04,2.895653764e+00,4.018086650e-02,-4.018086650e-02
8.062000000e-03,-4.598365364e-01,-9.455853521e-04,2.809568842e+00,4.588909511e-02,-4.588909511e-02
8.064000000e-03,-5.150428622e-01,-9.046345729e-04,2.712249038e+00,5.141382277e-02,-5.141382277e-02
8.066000000e-03,-5.681896388e-01,-8.600663483e-04,2.604083514e+00,5.673295724e-02,-5.673295724e-02
8.068000000e-03,-6.190643431e-01,-8.120588971e-04,2.485504801e+00,6.182522842e-02,-6.182522842e-02
8.070000000e-03,-6.674635379e-01,-7.608041914e-04,2.356987072e+00,6.667027338e-02,-6.667027337e-02
8.072000000e-03,-7.131936849e-01,-7.065071879e-04,2.219044243e+00,7.124871777e-02,-7.124871777e-02
8.074000000e-03,-7.560719186e-01,-6.493850091e-04,2.072227916e+00,7.554225336e-02,-7.554225336e-02
8.076000000e-03,-7.959267781e-01,-5.896660748e-04,1.917125181e+00,7.953371120e-02,-7.953371120e-02
8.078000000e-03,-8.325988918e-01,-5.275891885e-04,1.754356262e+00,8.320713027e-02,-8.320713027e-02
8.080000000e-03,-8.659416158e-01,-4.634025827e-04,1.584572036e+00,8.654782133e-02,-8.654782132e-02
8.082000000e-03,-8.958216194e-01,-3.973629264e-04,1.408451437e+00,8.954242565e-02,-8.954242565e-02
8.084000000e-03,-9.221194187e-01,-3.297342985e-04,1.226698733e+00,9.217896844e-02,-9.217896844e-02
8.086000000e-03,-9.447298542e-01,-2.607871316e-04,1.040040717e+00,9.444690671e-02,-9.444690670e-02
8.088000000e-03,-9.635625115e-01,-1.907971312e-04,8.492237932e-01,9.633717144e-02,-9.633717144e-02
8.090000000e-03,-9.785420828e-01,-1.200441728e-04,6.550110006e-01,9.784220386e-02,-9.784220386e-02
8.092000000e-03,-9.896086678e-01,-4.881118277e-05,4.581789553e-01,9.895598566e-02,-9.895598566e-02
8.094000000e-03,-9.967180135e-01,2.261699307e-05,2.595147476e-01,9.967406305e-02,-9.967406305e-02
8.096000000e-03,-9.998416913e-01,9.395472826e-05,5.981279440e-02,9.999356460e-02,-9.999356460e-02
8.098000000e-03,-9.989672101e-01,1.649167580e-04,-1.401283377e-01,9.991321269e-02,-9.991321269e-02
8.100000000e-03,-9.940980668e-01,2.352193200e-04,-3.395091258e-01,9.943332861e-02,-9.943332861e-02
8.102000000e-03,-9.852537321e-01,3.045812888e-04,-5.375322874e-01,9.855583134e-02,-9.855583134e-02
8.104000000e-03,-9.724695727e-01,3.727253004e-04,-7.334059693e-01,9.728422980e-02,-9.728422980e-02
8.106000000e-03,-9.557967097e-01,4.393788611e-04,-9.263469132e-01,9.562360886e-02,-9.562360886e-02
8.108000000e-03,-9.353018145e-01,5.042754370e-04,-1.115583588e+00,9.358060900e-02,-9.358060900e-02
8.110000000e-03,-9.110668419e-01,5.671555205e-04,-1.300359277e+00,9.116339974e-02,-9.116339974e-02
8.112000000e-03,-8.831887025e-01,6.277676669e-04,-1.479935099e+00,8.838164702e-02,-8.838164701e-02
8.114000000e-03,-8.517788751e-01,6.858695010e-04,-1.653592969e+00,8.524647446e-02,-8.524647446e-02
8.116000000e-03,-8.169629612e-01,7.412286856e-04,-1.820638464e+00,8.177041899e-02,-8.177041899e-02
8.118000000e-03,-7.788801824e-01,7.936238509e-04,-1.980403605e+00,7.796738063e-02,-7.796738062e-02
8.120000000e-03,-7.376828237e-01,8.428454795e-04,-2.132249524e+00,7.385256692e-02,-7.385256692e-02
8.122000000e-03,-6.935356248e-01,8.886967444e-04,-2.275569020e+00,6.944243216e-02,-6.944243216e-02
8.124000000e-03,-6.466151213e-01,9.309942958e-04,-2.409788989e+00,6.475461156e-02,-6.475461156e-02
8.126000000e-03,-5.971089383e-01,9.695689946e-04,-2.534372714e+00,5.980785073e-02,-5.980785073e-02
8.128000000e-03,-5.452150409e-01,1.004266589e-03,-2.648822009e+00,5.462193075e-02,-5.462193075e-02
8.130000000e-03,-4.911409420e-01,1.034948330e-03,-2.752679215e+00,4.921758903e-02,-4.921758903e-02
8.132000000e-03,-4.351028726e-01,1.061491527e-03,-2.845529030e+00,4.361643641e-02,-4.361643641e-02
8.134000000e-03,-3.773249173e-01,1.083790041e-03,-2.927000166e+00,3.784087073e-02,-3.784087073e-02
8.136000000e-03,-3.180381181e-01,1.101754704e-03,-2.996766838e+00,3.191398728e-02,-3.191398728e-02
8.138000000e-03,-2.574795507e-01,1.115313680e-03,-3.054550062e+00,2.585948644e-02,-2.585948644e-02
8.140000000e-03,-1.958913761e-01,1.124412747e-03,-3.100118776e+00,1.970157888e-02,-1.970157888e-02
8.142000000e-03,-1.335198726e-01,1.129015522e-03,-3.133290760e+00,1.346488881e-02,-1.346488881e-02
8.144000000e-03,-7.061445092e-02,1.129103599e-03,-3.153933365e+00,7.174355452e-03,-7.174355452e-03
8.146000000e-03,-7.426656748e-03,1.124676625e-03,-3.161964047e+00,8.551333373e-04,-8.551333373e-04
8.148000000e-03,5.579083508e-02,1.115752304e-03,-3.157350693e+00,-5.467508278e-03,5.467508278e-03
8.150000000e-03,1.187852310e-01,1.102366321e-03,-3.140111750e+00,-1.176828646e-02,1.176828646e-02
8.152000000e-03,1.813046294e-01,1.084572204e-03,-3.110316153e+00,-1.802200572e-02,1.802200572e-02
8.154000000e-03,2.430990284e-01,1.062441109e-03,-3.068083049e+00,-2.420365873e-02,2.420365873e-02
8.156000000e-03,3.039213249e-01,1.036061533e-03,-3.013581319e+00,-3.028852633e-02,3.028852633e-02
8.158000000e-03,3.635283032e-01,1.005538962e-03,-2.947028904e+00,-3.625227643e-02,3.625227643e-02
8.160000000e-03,4.216816075e-01,9.709954502e-04,-2.868691933e+00,-4.207106120e-02,4.207106120e-02
8.162000000e-03,4.781486947e-01,9.325691294e-04,-2.778883660e+00,-4.772161256e-02,4.772161256e-02
8.164000000e-03,5.327037648e-01,8.904136586e-04,-2.677963209e+00,-5.318133511e-02,5.318133511e-02
8.166000000e-03,5.851286633e-01,8.446976088e-04,-2.566334141e+00,-5.842839657e-02,5.842839657e-02
8.168000000e-03,6.352137539e-01,7.956037890e-04,-2.444442836e+00,-6.344181502e-02,6.344181502e-02
8.170000000e-03,6.827587570e-01,7.433285151e-04,-2.312776712e+00,-6.820154284e-02,6.820154284e-02
8.172000000e-03,7.275735497e-01,6.880808251e-04,-2.171862276e+00,-7.268854689e-02,7.268854689e-02
8.174000000e-03,7.694789272e-01,6.300816430e-04,-2.022263014e+00,-7.688488455e-02,7.688488455e-02
8.176000000e-03,8.083073184e-01,5.695628954e-04,-1.864577143e+00,-8.077377556e-02,8.077377555e-02
8.178000000e-03,8.439034569e-01,5.067665843e-04,-1.699435215e+00,-8.433966903e-02,8.433966903e-02
8.180000000e-03,8.761250009e-01,4.419438191e-04,-1.527497600e+00,-8.756830571e-02,8.756830571e-02
8.182000000e-03,9.048431033e-01,3.753538124e-04,-1.349451839e+00,-9.044677495e-02,9.044677495e-02
8.184000000e-03,9.299429264e-01,3.072628439e-04,-1.166009902e+00,-9.296356635e-02,9.296356635e-02
8.186000000e-03,9.513241011e-01,2.379431952e-04,-9.779053331e-01,-9.510861579e-02,9.510861579e-02
8.188000000e-03,9.689011286e-01,1.676720612e-04,-7.858903243e-01,-9.687334565e-02,9.687334565e-02
8.190000000e-03,9.826037220e-01,9.673044142e-05,-5.907327036e-01,-9.825069916e-02,9.825069915e-02
8.192000000e-03,9.923770875e-01,2.540201677e-05,-3.932128657e-01,-9.923516855e-02,9.923516855e-02
8.194000000e-03,9.981821435e-01,-4.602798527e-05,-1.941206514e-01,-9.982281715e-02,9.982281714e-02
8.196000000e-03,9.999956766e-01,-1.172739310e-04,5.747811122e-03,-1.000112951e-01,1.000112951e-01
8.198000000e-03,9.978104351e-01,-1.880509226e-04,2.055932893e-01,-9.979984860e-02,9.979984860e-02
8.200000000e-03,9.916351572e-01,-2.580759377e-04,4.046166427e-01,-9.918932331e-02,9.918932331e-02
8.202000000e-03,9.814945366e-01,-3.270689608e-04,6.020220183e-01,-9.818216055e-02,9.818216055e-02
8.204000000e-03,9.674291234e-01,-3.947541032e-04,7.970200330e-01,-9.678238775e-02,9.678238775e-02
8.206000000e-03,9.494951624e-01,-4.608607060e-04,9.888309304e-01,-9.499560231e-02,9.499560231e-02
8.208000000e-03,9.277643678e-01,-5.251244228e-04,1.176687699e+00,-9.282894922e-02,9.282894922e-02
8.210000000e-03,9.023236364e-01,-5.872882761e-04,1.359839137e+00,-9.029109247e-02,9.029109247e-02
8.212000000e-03,8.732747005e-01,-6.471036858e-04,1.537552862e+00,-8.739218042e-02,8.739218041e-02
8.214000000e-03,8.407337207e-01,-7.043314625e-04,1.709118233e+00,-8.414380521e-02,8.414380521e-02
8.216000000e-03,8.048308216e-01,-7.587427642e-04,1.873849196e+00,-8.055895643e-02,8.055895643e-02
8.218000000e-03,7.657095714e-01,-8.101200114e-04,2.031087025e+00,-7.665196914e-02,7.665196914e-02
8.220000000e-03,7.235264080e-01,-8.582577571e-04,2.180202960e+00,-7.243846658e-02,7.243846657e-02
8.222000000e-03,6.784500129e-01,-9.029635086e-04,2.320600717e+00,-6.793529764e-02,6.793529764e-02
8.224000000e-03,6.306606374e-01,-9.440584968e-04,2.451718874e+00,-6.316046959e-02,6.316046959e-02
8.226000000e-03,5.803493811e-01,-9.813783915e-04,2.573033117e+00,-5.813307595e-02,5.813307595e-02
8.228000000e-03,5.277174284e-01,-1.014773958e-03,2.684058336e+00,-5.287322024e-02,5.287322024e-02
8.230000000e-03,4.729752435e-01,-1.044111655e-03,2.784350564e+00,-4.740193551e-02,4.740193551e-02
8.232000000e-03,4.163417289e-01,-1.069274166e-03,2.873508754e+00,-4.174110031e-02,4.174110031e-02
8.234000000e-03,3.580433504e-01,-1.090160872e-03,2.951176379e+00,-3.591335112e-02,3.591335112e-02
8.236000000e-03,2.983132309e-01,-1.106688252e-03,3.017042864e+00,-2.994199192e-02,2.994199192e-02
8.238000000e-03,2.373902189e-01,-1.118790216e-03,3.070844822e+00,-2.385090092e-02,2.385090092e-02
8.240000000e-03,1.755179328e-01,-1.126418370e-03,3.112367111e+00,-1.766443512e-02,1.766443512e-02
8.242000000e-03,1.129437870e-01,-1.129542211e-03,3.141443690e+00,-1.140733293e-02,1.140733292e-02
8.244000000e-03,4.991800252e-02,-1.128149248e-03,3.157958290e+00,-5.104615177e-03,5.104615177e-03
8.246000000e-03,-1.330739370e-02,-1.122245051e-03,3.161844871e+00,1.218514865e-03,-1.218514865e-03
8.248000000e-03,-7.647957643e-02,-1.111853230e-03,3.153087893e+00,7.536772320e-03,-7.536772320e-03
8.250000000e-03,-1.393459332e-01,-1.097015338e-03,3.131722372e+00,1.382489179e-02,-1.382489179e-02
8.252000000e-03,-2.016550746e-01,-1.077790711e-03,3.097833744e+00,2.005772839e-02,-2.005772839e-02
8.254000000e-03,-2.631578393e-01,-1.054256222e-03,3.051557524e+00,2.621035831e-02,-2.621035831e-02
8.256000000e-03,-3.236082906e-01,-1.026505983e-03,2.993078760e+00,3.225817846e-02,-3.225817846e-02
8.258000000e-03,-3.827646996e-01,-9.946509588e-04,2.922631296e+00,3.817700486e-02,-3.817700486e-02
8.260000000e-03,-4.403905122e-01,-9.588185328e-04,2.840496838e+00,4.394316936e-02,-4.394316936e-02
8.262000000e-03,-4.962552947e-01,-9.191519909e-04,2.747003824e+00,4.953361427e-02,-4.953361427e-02
8.264000000e-03,-5.501356555e-01,-8.758099514e-04,2.642526112e+00,5.492598456e-02,-5.492598456e-02
8.266000000e-03,-6.018161383e-01,-8.289657301e-04,2.527481489e+00,6.009871725e-02,-6.009871725e-02
8.268000000e-03,-6.510900835e-01,-7.788066472e-04,2.402329993e+00,6.503112768e-02,-6.503112768e-02
8.270000000e-03,-6.977604549e-01,-7.255332785e-04,2.267572079e+00,6.970349216e-02,-6.970349216e-02
8.272000000e-03,-7.416406273e-01,-6.693586532e-04,2.123746615e+00,7.409712687e-02,-7.409712687e-02
8.274000000e-03,-7.825551332e-01,-6.105074018e-04,1.971428731e+00,7.819446258e-02,-7.819446258e-02
8.276000000e-03,-8.203403638e-01,-5.492148584e-04,1.811227513e+00,8.197911490e-02,-8.197911490e-02
8.278000000e-03,-8.548452240e-01,-4.857261189e-04,1.643783574e+00,8.543594979e-02,-8.543594978e-02
8.280000000e-03,-8.859317359e-01,-4.202950617e-04,1.469766485e+00,8.855114408e-02,-8.855114408e-02
8.282000000e-03,-9.134755911e-01,-3.531833320e-04,1.289872106e+00,9.131224077e-02,-9.131224077e-02
8.284000000e-03,-9.373666474e-01,-2.846592956e-04,1.104819797e+00,9.370819881e-02,-9.370819881e-02
8.286000000e-03,-9.575093694e-01,-2.149969659e-04,9.153495437e-01,9.572943724e-02,-9.572943724e-02
8.288000000e-03,-9.738232106e-01,-1.444749081e-04,7.222189976e-01,9.736787357e-02,-9.736787357e-02
8.290000000e-03,-9.862429354e-01,-7.337512513e-05,5.262004479e-01,9.861695603e-02,-9.861695603e-02
8.292000000e-03,-9.947188798e-01,-1.981930311e-06,3.280777322e-01,9.947168979e-02,-9.947168979e-02
8.294000000e-03,-9.992171503e-01,6.941918983e-05,1.286431018e-01,9.992865695e-02,-9.992865695e-02
8.296000000e-03,-9.997197593e-01,1.405427171e-04,-7.130594564e-02,9.998603020e-02,-9.998603020e-02
8.298000000e-03,-9.962246969e-01,2.111042432e-04,-2.709698554e-01,9.964358011e-02,-9.964358011e-02
8.300000000e-03,-9.887459391e-01,2.808216074e-04,-4.695502131e-01,9.890267607e-02,-9.890267607e-02
8.302000000e-03,-9.773133920e-01,3.494160244e-04,-6.662529371e-01,9.776628080e-02,-9.776628080e-02
8.304000000e-03,-9.619727719e-01,4.166131994e-04,-8.602914542e-01,9.623893851e-02,-9.623893851e-02
8.306000000e-03,-9.427854228e-01,4.821444249e-04,-1.050889845e+00,9.432675672e-02,-9.432675672e-02
8.308000000e-03,-9.198280709e-01,5.457476551e-04,-1.237285945e+00,9.203738185e-02,-9.203738185e-02
8.310000000e-03,-8.931925178e-01,6.071685539e-04,-1.418734397e+00,8.937996864e-02,-8.937996864e-02
8.312000000e-03,-8.629852737e-01,6.661615120e-04,-1.594509625e+00,8.636514352e-02,-8.636514352e-02
8.314000000e-03,-8.293271309e-01,7.224906287e-04,-1.763908740e+00,8.300496215e-02,-8.300496215e-02
8.316000000e-03,-7.923526814e-01,7.759306558e-04,-1.926254351e+00,7.931286121e-02,-7.931286121e-02
8.318000000e-03,-7.522097784e-01,8.262678975e-04,-2.080897272e+00,7.530360463e-02,-7.530360463e-02
8.320000000e-03,-7.090589450e-01,8.733010658e-04,-2.227219117e+00,7.099322460e-02,-7.099322460e-02
8.322000000e-03,-6.630727323e-01,9.168420847e-04,-2.364634777e+00,6.639895744e-02,-6.639895743e-02
8.324000000e-03,-6.144350296e-01,9.567168428e-04,-2.492594753e+00,6.153917465e-02,-6.153917465e-02
8.326000000e-03,-5.633403291e-01,9.927658893e-04,-2.610587362e+00,5.643330950e-02,-5.643330950e-02
8.328000000e-03,-5.099929478e-01,1.024845071e-03,-2.718140775e+00,5.110177929e-02,-5.110177929e-02
8.330000000e-03,-4.546062107e-01,1.052826111e-03,-2.814824909e+00,4.556590369e-02,-4.556590369e-02
8.332000000e-03,-3.974015980e-01,1.076597119e-03,-2.900253143e+00,3.984781951e-02,-3.984781951e-02
8.334000000e-03,-3.386078590e-01,1.096063038e-03,-2.974083868e+00,3.397039220e-02,-3.397039220e-02
8.336000000e-03,-2.784600975e-01,1.111146029e-03,-3.036021850e+00,2.795712436e-02,-2.795712436e-02
8.338000000e-03,-2.171988321e-01,1.121785779e-03,-3.085819412e+00,2.183206178e-02,-2.183206178e-02
8.340000000e-03,-1.550690337e-01,1.127939740e-03,-3.123277424e+00,1.561969734e-02,-1.561969734e-02
8.342000000e-03,-9.231914643e-02,1.129583305e-03,-3.148246100e+00,9.344872974e-03,-9.344872974e-03
8.344000000e-03,-2.920009415e-02,1.126709901e-03,-3.160625594e+00,3.032680405e-03,-3.032680405e-03
8.346000000e-03,3.403572324e-02,1.119331019e-03,-3.160366404e+00,-3.291639223e-03,3.291639223e-03
8.348000000e-03,9.713543886e-02,1.107476165e-03,-3.147469566e+00,-9.602796269e-03,9.602796269e-03
8.350000000e-03,1.598467301e-01,1.091192744e-03,-3.121986652e+00,-1.587555373e-02,1.587555373e-02
8.352000000e-03,2.219188274e-01,1.070545870e-03,-3.084019562e+00,-2.208482816e-02,2.208482816e-02
8.354000000e-03,2.831035176e-01,1.045618106e-03,-3.033720120e+00,-2.820578995e-02,2.820578995e-02
8.356000000e-03,3.431561356e-01,1.016509132e-03,-2.971289462e+00,-3.421396265e-02,3.421396265e-02
8.358000000e-03,4.018365437e-01,9.833353505e-04,-2.896977236e+00,-4.008532083e-02,4.008532083e-02
8.360000000e-03,4.589100910e-01,9.462294150e-04,-2.811080600e+00,-4.579638615e-02,4.579638615e-02
8.362000000e-03,5.141485522e-01,9.053397048e-04,-2.713943038e+00,-5.132432125e-02,5.132432125e-02
8.364000000e-03,5.673310404e-01,8.608297295e-04,-2.605952981e+00,-5.664702107e-02,5.664702107e-02
8.366000000e-03,6.182448898e-01,8.128774751e-04,-2.487542261e+00,-6.174320123e-02,6.174320123e-02
8.368000000e-03,6.666865064e-01,7.616746928e-04,-2.359184377e+00,-6.659248317e-02,6.659248317e-02
8.370000000e-03,7.124621824e-01,7.074261319e-04,-2.221392605e+00,-7.117547562e-02,7.117547562e-02
8.372000000e-03,7.553888702e-01,6.503487210e-04,-2.074717947e+00,-7.547385215e-02,7.547385215e-02
8.374000000e-03,7.952949151e-01,5.906707008e-04,-1.919746922e+00,-7.947042445e-02,7.947042444e-02
8.376000000e-03,8.320207411e-01,5.286307113e-04,-1.757099229e+00,-8.314921104e-02,8.314921104e-02
8.378000000e-03,8.654194892e-01,4.644768376e-04,-1.587425262e+00,-8.649550124e-02,8.649550124e-02
8.380000000e-03,8.953576047e-01,3.984656177e-04,-1.411403511e+00,-8.949591391e-02,8.949591391e-02
8.382000000e-03,9.217153715e-01,3.308610166e-04,-1.229737851e+00,-9.213845105e-02,9.213845105e-02
8.384000000e-03,9.443873901e-01,2.619333711e-04,-1.043154726e+00,-9.441254568e-02,9.441254568e-02
8.386000000e-03,9.632830001e-01,1.919583085e-04,-8.524002413e-01,-9.630910418e-02,9.630910418e-02
8.388000000e-03,9.783266416e-01,1.212156446e-04,-6.582371856e-01,-9.782054260e-02,9.782054260e-02
8.390000000e-03,9.894581585e-01,4.998826455e-05,-4.614419763e-01,-9.894081702e-02,9.894081702e-02
8.392000000e-03,9.966330379e-01,-2.143900818e-05,-2.628015565e-01,-9.966544769e-02,9.966544769e-02
8.394000000e-03,9.998225892e-01,-9.278055077e-05,-6.311024792e-02,-9.999153697e-02,9.999153697e-02
8.396000000e-03,9.990140578e-01,-1.637510832e-04,1.368334254e-01,-9.991778089e-02,9.991778089e-02
8.398000000e-03,9.942106771e-01,-2.340668092e-04,3.362299303e-01,-9.944447439e-02,9.944447439e-02
8.400000000e-03,9.854316546e-01,-3.034465506e-04,5.342819217e-01,-9.857351012e-02,9.857351012e-02
8.402000000e-03,9.727120959e-01,-3.716128725e-04,7.301974307e-01,-9.730837088e-02,9.730837088e-02
8.404000000e-03,9.561028639e-01,-4.382931917e-04,9.231930322e-01,-9.565411571e-02,9.565411571e-02
8.406000000e-03,9.356703754e-01,-5.032208676e-04,1.112496977e+00,-9.361735963e-02,9.361735963e-02
8.408000000e-03,9.114963357e-01,-5.661362680e-04,1.297352277e+00,-9.120624719e-02,9.120624719e-02
8.410000000e-03,8.836774117e-01,-6.267878072e-04,1.477019736e+00,-8.843041995e-02,8.843041995e-02
8.412000000e-03,8.523248455e-01,-6.849329523e-04,1.650780900e+00,-8.530097785e-02,8.530097785e-02
8.414000000e-03,8.175640096e-01,-7.403391930e-04,1.817940934e+00,-8.183043488e-02,8.183043488e-02
8.416000000e-03,7.795339053e-01,-7.927849712e-04,1.977831401e+00,-7.803266903e-02,7.803266903e-02
8.418000000e-03,7.383866070e-01,-8.420605673e-04,2.129812931e+00,-7.392286676e-02,7.392286676e-02
8.420000000e-03,6.942866543e-01,-8.879689383e-04,2.273277783e+00,-6.951746232e-02,6.951746232e-02
8.422000000e-03,6.474103936e-01,-9.303265061e-04,2.407652269e+00,-6.483407201e-02,6.483407201e-02
8.424000000e-03,5.979452734e-01,-9.689638919e-04,2.532399055e+00,-5.989142373e-02,5.989142373e-02
8.426000000e-03,5.460890945e-01,-1.003726593e-03,2.647019304e+00,-5.470928211e-02,5.470928211e-02
8.428000000e-03,4.920492189e-01,-1.034475599e-03,2.751054673e+00,-4.930836945e-02,4.930836945e-02
8.430000000e-03,4.360417407e-01,-1.061087953e-03,2.844089147e+00,-4.371028287e-02,4.371028287e-02
8.432000000e-03,3.782906224e-01,-1.083457237e-03,2.925750699e+00,-3.793740796e-02,3.793740796e-02
8.434000000e-03,3.190267985e-01,-1.101494001e-03,2.995712784e+00,-3.201282925e-02,3.201282925e-02
8.436000000e-03,2.584872529e-01,-1.115126120e-03,3.053695636e+00,-2.596023790e-02,2.596023790e-02
8.438000000e-03,1.969140704e-01,-1.124299081e-03,3.099467394e+00,-1.980383695e-02,1.980383695e-02
8.440000000e-03,1.345534696e-01,-1.128976204e-03,3.132845027e+00,-1.356824458e-02,1.356824458e-02
8.442000000e-03,7.165481740e-02,-1.129138786e-03,3.153695064e+00,-7.278395619e-03,7.278395619e-03
8.444000000e-03,8.469632515e-03,-1.124786176e-03,3.161934131e+00,-9.594418691e-04,9.594418691e-04
8.446000000e-03,-5.474942067e-02,-1.115935781e-03,3.157529281e+00,5.363348489e-03,-5.363348489e-03
8.448000000e-03,-1.177495423e-01,-1.102622991e-03,3.140498127e+00,1.166469193e-02,-1.166469193e-02
8.450000000e-03,-1.802788080e-01,-1.084901041e-03,3.110908776e+00,1.791939070e-02,-1.791939070e-02
8.452000000e-03,-2.420871763e-01,-1.062840797e-03,3.068879547e+00,2.410243355e-02,-2.410243355e-02
8.454000000e-03,-3.029274883e-01,-1.036530473e-03,3.014578507e+00,3.018909578e-02,-3.018909578e-02
8.456000000e-03,-3.625564563e-01,-1.006075281e-03,2.948222794e+00,3.615503810e-02,-3.615503810e-02
8.458000000e-03,-4.207356364e-01,-9.715970018e-04,2.870077752e+00,4.197640394e-02,-4.197640394e-02
8.460000000e-03,-4.772323822e-01,-9.332335087e-04,2.780455866e+00,4.762991487e-02,-4.762991487e-02
8.462000000e-03,-5.318207750e-01,-8.911382090e-04,2.679715515e+00,5.309296368e-02,-5.309296368e-02
8.464000000e-03,-5.842825271e-01,-8.454794329e-04,2.568259539e+00,5.834370477e-02,-5.834370477e-02
8.466000000e-03,-6.344078550e-01,-7.964397605e-04,2.446533628e+00,6.336114152e-02,-6.336114152e-02
8.468000000e-03,-6.819963177e-01,-7.442152911e-04,2.315024537e+00,6.812521025e-02,-6.812521025e-02
8.470000000e-03,-7.268576191e-01,-6.890148595e-04,2.174258145e+00,7.261686043e-02,-7.261686042e-02
8.472000000e-03,-7.688123680e-01,-6.310592009e-04,2.024797347e+00,7.681813088e-02,-7.681813088e-02
8.474000000e-03,-8.076927962e-01,-5.705800677e-04,1.867239805e+00,8.071222162e-02,-8.071222161e-02
8.476000000e-03,-8.433434289e-01,-5.078193036e-04,1.702215560e+00,8.428356096e-02,-8.428356096e-02
8.478000000e-03,-8.756217066e-01,-4.430278756e-04,1.530384509e+00,8.751786788e-02,-8.751786788e-02
8.480000000e-03,-9.043985553e-01,-3.764648714e-04,1.352433768e+00,9.040220904e-02,-9.040220904e-02
8.482000000e-03,-9.295589022e-01,-3.083964624e-04,1.169074927e+00,9.292505058e-02,-9.292505058e-02
8.484000000e-03,-9.510021365e-01,-2.390948401e-04,9.810411973e-01,9.507630416e-02,-9.507630416e-02
8.486000000e-03,-9.686425110e-01,-1.688371273e-04,7.890844882e-01,9.684736739e-02,-9.684736739e-02
8.488000000e-03,-9.824094856e-01,-9.790426996e-05,5.939723944e-01,9.823115813e-02,-9.823115813e-02
8.490000000e-03,-9.922480090e-01,-2.657991378e-05,3.964851286e-01,9.922214291e-02,-9.922214290e-02
8.492000000e-03,-9.981187389e-01,4.485072994e-05,1.974124012e-01,9.981635897e-02,-9.981635897e-02
8.494000000e-03,-9.999981997e-01,1.161020249e-04,-2.449737309e-03,1.000114302e-01,-1.000114302e-01
8.496000000e-03,-9.978788757e-01,1.868890521e-04,-2.023020798e-01,9.980657647e-02,-9.980657647e-02
8.498000000e-03,-9.917692416e-01,2.569287487e-04,-4.013454584e-01,9.920261703e-02,-9.920261703e-02
8.500000000e-03,-9.816937285e-01,3.259410408e-04,-5.987839400e-01,9.820196696e-02,-9.820196696e-02
8.502000000e-03,-9.676926265e-01,3.936499624e-04,-7.938280092e-01,9.680862765e-02,-9.680862765e-02
8.504000000e-03,-9.498219229e-01,4.597847598e-04,-9.856977253e-01,9.502817077e-02,-9.502817077e-02
8.506000000e-03,-9.281530790e-01,5.240809735e-04,-1.173625841e+00,9.286771600e-02,-9.286771600e-02
8.508000000e-03,-9.027727440e-01,5.862814963e-04,-1.356860871e+00,9.033590255e-02,-9.033590255e-02
8.510000000e-03,-8.737824086e-01,6.461376015e-04,-1.534670097e+00,8.744285462e-02,-8.744285462e-02
8.512000000e-03,-8.412979991e-01,7.034099367e-04,-1.706342497e+00,8.420014090e-02,-8.420014090e-02
8.514000000e-03,-8.054494139e-01,7.578694820e-04,-1.871191587e+00,8.062072833e-02,-8.062072833e-02
8.516000000e-03,-7.663800040e-01,8.092984648e-04,-2.028558172e+00,7.671893024e-02,-7.671893024e-02
8.518000000e-03,-7.242459998e-01,8.574912314e-04,-2.177812974e+00,7.251034911e-02,-7.251034910e-02
8.520000000e-03,-6.792158866e-01,9.022550689e-04,-2.318359156e+00,6.801181416e-02,-6.801181416e-02
8.522000000e-03,-6.314697303e-01,9.434109760e-04,-2.449634701e+00,6.324131412e-02,-6.324131412e-02
8.524000000e-03,-5.811984579e-01,9.807943789e-04,-2.571114667e+00,5.821792522e-02,-5.821792522e-02
8.526000000e-03,-5.286030937e-01,1.014255789e-03,-2.682313280e+00,5.296173495e-02,-5.296173495e-02
8.528000000e-03,-4.738939557e-01,1.043661401e-03,-2.782785880e+00,4.749376171e-02,-4.749376171e-02
8.530000000e-03,-4.172898144e-01,1.068893629e-03,-2.872130698e+00,4.183587080e-02,-4.183587080e-02
8.532000000e-03,-3.590170179e-01,1.089851573e-03,-2.949990463e+00,3.601068695e-02,-3.601068695e-02
8.534000000e-03,-2.993085870e-01,1.106451427e-03,-3.016053829e+00,3.004150384e-02,-3.004150384e-02
8.536000000e-03,-2.384032833e-01,1.118626812e-03,-3.070056624e+00,2.395219101e-02,-2.395219101e-02
8.538000000e-03,-1.765446545e-01,1.126329042e-03,-3.111782901e+00,1.776709836e-02,-1.776709836e-02
8.540000000e-03,-1.139800604e-01,1.129527315e-03,-3.141065805e+00,1.151095877e-02,-1.151095877e-02
8.542000000e-03,-5.095968364e-02,1.128208844e-03,-3.157788241e+00,5.208789249e-03,-5.208789249e-03
8.544000000e-03,1.226447025e-02,1.122378901e-03,-3.161883338e+00,-1.114209135e-03,1.114209135e-03
8.546000000e-03,7.543958108e-02,1.112060797e-03,-3.153334721e+00,-7.432752028e-03,7.432752028e-03
8.548000000e-03,1.383130247e-01,1.097295794e-03,-3.132176574e+00,-1.372157289e-02,1.372157289e-02
8.550000000e-03,2.006333833e-01,1.078142933e-03,-3.098493505e+00,-1.995552404e-02,1.995552404e-02
8.552000000e-03,2.621514508e-01,1.054678803e-03,-3.052420205e+00,-2.610967720e-02,2.610967720e-02
8.554000000e-03,3.226212291e-01,1.026997232e-03,-2.994140912e+00,-3.215942319e-02,3.215942319e-02
8.556000000e-03,3.818009122e-01,9.952089122e-04,-2.923888672e+00,-3.808057033e-02,3.808057033e-02
8.558000000e-03,4.394538529e-01,9.594409591e-04,-2.841944409e+00,-4.384944120e-02,4.384944120e-02
8.560000000e-03,4.953495091e-01,9.198364012e-04,-2.748635801e+00,-4.944296727e-02,4.944296727e-02
8.562000000e-03,5.492643656e-01,8.765536088e-04,-2.644335971e+00,-5.483878120e-02,5.483878120e-02
8.564000000e-03,6.009828281e-01,8.297656610e-04,-2.529461991e+00,-6.001530625e-02,6.001530625e-02
8.566000000e-03,6.502980853e-01,7.796596527e-04,-2.404473219e+00,-6.495184257e-02,6.495184257e-02
8.568000000e-03,6.970129358e-01,7.264359478e-04,-2.269869458e+00,-6.962864998e-02,6.962864998e-02
8.570000000e-03,7.409405765e-01,6.703073765e-04,-2.126188962e+00,-7.402702691e-02,7.402702691e-02
8.572000000e-03,7.819053499e-01,6.114983855e-04,-1.974006278e+00,-7.812938515e-02,7.812938515e-02
8.574000000e-03,8.197434465e-01,5.502441397e-04,-1.813929954e+00,-8.191932023e-02,8.191932023e-02
8.576000000e-03,8.543035595e-01,4.867895819e-04,-1.646600101e+00,-8.538167699e-02,8.538167699e-02
8.578000000e-03,8.854474903e-01,4.213884539e-04,-1.472685837e+00,-8.850261019e-02,8.850261018e-02
8.580000000e-03,9.130507008e-01,3.543022811e-04,-1.292882608e+00,-9.126963985e-02,9.126963985e-02
8.582000000e-03,9.370028114e-01,2.857993272e-04,-1.107909411e+00,-9.367170121e-02,9.367170120e-02
8.584000000e-03,9.572080426e-01,2.161535212e-04,-9.185059146e-01,-9.569918891e-02,9.569918891e-02
8.586000000e-03,9.735855981e-01,1.456433623e-04,-7.254295041e-01,-9.734399547e-02,9.734399547e-02
8.588000000e-03,9.860699872e-01,7.455080582e-05,-5.294522518e-01,-9.859954364e-02,9.859954364e-02
8.590000000e-03,9.946112875e-01,3.160136193e-06,-3.313578302e-01,-9.946081274e-02,9.946081274e-02
8.592000000e-03,9.991753442e-01,-6.824317017e-05,-1.319383775e-01,-9.992435873e-02,9.992435873e-02
8.594000000e-03,9.997439065e-01,-1.393735863e-04,6.800866938e-02,-9.998832801e-02,9.998832800e-02
8.596000000e-03,9.963147008e-01,-2.099466764e-04,2.676837637e-01,-9.965246475e-02,9.965246475e-02
8.598000000e-03,9.889014399e-01,-2.796802335e-04,4.662884463e-01,-9.891811202e-02,9.891811202e-02
8.600000000e-03,9.775337679e-01,-3.482954074e-04,6.630285384e-01,-9.778820633e-02,9.778820633e-02
8.602000000e-03,9.622571416e-01,-4.155178205e-04,8.571173173e-01,-9.626726594e-02,9.626726594e-02
8.604000000e-03,9.431326492e-01,-4.810786642e-04,1.047778662e+00,-9.436137278e-02,9.436137278e-02
8.606000000e-03,9.202367654e-01,-5.447157745e-04,1.234250158e+00,-9.207814812e-02,9.207814812e-02
8.608000000e-03,8.936610463e-01,-6.061746796e-04,1.415786145e+00,-8.942672210e-02,8.942672210e-02
8.610000000e-03,8.635117625e-01,-6.652096183e-04,1.591660697e+00,-8.641769721e-02,8.641769721e-02
8.612000000e-03,8.299094748e-01,-7.215845221e-04,1.761170529e+00,-8.306310593e-02,8.306310593e-02
8.614000000e-03,7.929885517e-01,-7.750739594e-04,1.923637807e+00,-7.937636257e-02,7.937636257e-02
8.616000000e-03,7.528966323e-01,-8.254640372e-04,2.078412856e+00,-7.537220964e-02,7.537220964e-02
8.618000000e-03,7.097940360e-01,-8.725532561e-04,2.224876766e+00,-7.106665892e-02,7.106665892e-02
8.620000000e-03,6.638531209e-01,-9.161533159e-04,2.362443856e+00,-6.647692742e-02,6.647692742e-02
8.622000000e-03,6.152575952e-01,-9.560898692e-04,2.490564024e+00,-6.162136851e-02,6.162136851e-02
8.624000000e-03,5.642017824e-01,-9.922032180e-04,2.608724945e+00,-5.651939856e-02,5.651939856e-02
8.626000000e-03,5.108898440e-01,-1.024348952e-03,2.716454117e+00,-5.119141930e-02,5.119141930e-02
8.628000000e-03,4.555349634e-01,-1.052398529e-03,2.813320754e+00,-4.565873620e-02,4.565873619e-02
8.630000000e-03,3.983584933e-01,-1.076239782e-03,2.898937507e+00,-3.994347330e-02,3.994347330e-02
8.632000000e-03,3.395890703e-01,-1.095777376e-03,2.972962012e+00,-3.406848477e-02,3.406848477e-02
8.634000000e-03,2.794617013e-01,-1.110933185e-03,3.035098260e+00,-2.805726345e-02,2.805726345e-02
8.636000000e-03,2.182168232e-01,-1.121646602e-03,3.085097781e+00,-2.193384698e-02,2.193384698e-02
8.638000000e-03,1.560993413e-01,-1.127874788e-03,3.122760638e+00,-1.572272161e-02,1.572272161e-02
8.640000000e-03,9.335765059e-02,-1.129592838e-03,3.147936225e+00,-9.448724343e-03,9.448724343e-03
8.642000000e-03,3.024264208e-02,-1.126793881e-03,3.160523869e+00,-3.136943596e-03,3.136943596e-03
8.644000000e-03,-3.299330046e-02,-1.119489109e-03,3.160473236e+00,3.187381135e-03,-3.187381135e-03
8.646000000e-03,-9.609730966e-02,-1.107707733e-03,3.147784528e+00,9.498960193e-03,-9.498960192e-03
8.648000000e-03,-1.588170457e-01,-1.091496865e-03,3.122508485e+00,1.577255488e-02,-1.577255488e-02
8.650000000e-03,-2.209017054e-01,-1.070921328e-03,3.084746179e+00,2.198307841e-02,-2.198307841e-02
8.652000000e-03,-2.821030252e-01,-1.046063398e-03,3.034648615e+00,2.810569618e-02,-2.810569618e-02
8.654000000e-03,-3.421762736e-01,-1.017022479e-03,2.972416122e+00,3.411592511e-02,-3.411592511e-02
8.656000000e-03,-4.008812302e-01,-9.839146990e-04,2.898297556e+00,3.998973155e-02,-3.998973155e-02
8.658000000e-03,-4.579831463e-01,-9.468724484e-04,2.812589300e+00,4.570362738e-02,-4.570362738e-02
8.660000000e-03,-5.132536829e-01,-9.060438518e-04,2.715634085e+00,5.123476391e-02,-5.123476391e-02
8.662000000e-03,-5.664718249e-01,-8.615921743e-04,2.607819614e+00,5.656102327e-02,-5.656102327e-02
8.664000000e-03,-6.174247638e-01,-8.136951689e-04,2.489577015e+00,6.166110687e-02,-6.166110687e-02
8.666000000e-03,-6.659087496e-01,-7.625443658e-04,2.361379115e+00,6.651462052e-02,-6.651462052e-02
8.668000000e-03,-7.117299047e-01,-7.083443063e-04,2.223738552e+00,7.110215604e-02,-7.110215604e-02
8.670000000e-03,-7.547050001e-01,-6.513117253e-04,2.077205720e+00,7.540536883e-02,-7.540536883e-02
8.672000000e-03,-7.946621871e-01,-5.916746842e-04,1.922366575e+00,7.940705124e-02,-7.940705124e-02
8.674000000e-03,-8.314416853e-01,-5.296716591e-04,1.759840285e+00,8.309120136e-02,-8.309120136e-02
8.676000000e-03,-8.648964211e-01,-4.655505873e-04,1.590276761e+00,8.644308705e-02,-8.644308705e-02
8.678000000e-03,-8.948926160e-01,-3.995678754e-04,1.414354050e+00,8.944930482e-02,-8.944930482e-02
8.680000000e-03,-9.213103216e-01,-3.319873747e-04,1.232775632e+00,9.209783342e-02,-9.209783342e-02
8.682000000e-03,-9.440438987e-01,-2.630793256e-04,1.046267600e+00,9.437808194e-02,-9.437808194e-02
8.684000000e-03,-9.630024407e-01,-1.931192770e-04,8.555757621e-01,9.628093214e-02,-9.628093214e-02
8.686000000e-03,-9.781101362e-01,-1.223869845e-04,6.614626545e-01,9.779877493e-02,-9.779877493e-02
8.688000000e-03,-9.893065728e-01,-5.116529195e-05,4.647044953e-01,9.892554075e-02,-9.892554075e-02
8.690000000e-03,-9.965469781e-01,2.026099996e-05,2.660880795e-01,9.965672391e-02,-9.965672391e-02
8.692000000e-03,-9.998023993e-01,9.160627235e-05,6.640763279e-02,9.998940056e-02,-9.998940056e-02
8.694000000e-03,-9.990598187e-01,1.625852303e-04,-1.335383642e-01,9.992224040e-02,-9.992224040e-02
8.696000000e-03,-9.943222057e-01,2.329140437e-04,-3.329503691e-01,9.945551198e-02,-9.945551198e-02
8.698000000e-03,-9.856085051e-01,3.023114824e-04,-5.310309747e-01,9.859108165e-02,-9.859108165e-02
8.700000000e-03,-9.729535610e-01,3.705000403e-04,-7.269880979e-01,9.733240610e-02,-9.733240610e-02
8.702000000e-03,-9.564079779e-01,4.372070455e-04,-9.200381469e-01,9.568451850e-02,-9.568451850e-02
8.704000000e-03,-9.360379184e-01,5.021657508e-04,-1.109409155e+00,9.365400841e-02,-9.365400841e-02
8.706000000e-03,-9.119248378e-01,5.651163997e-04,-1.294343866e+00,9.124899543e-02,-9.124899542e-02
8.708000000e-03,-8.841651596e-01,6.258072656e-04,-1.474102765e+00,8.847909669e-02,-8.847909668e-02
8.710000000e-03,-8.528698887e-01,6.839956584e-04,-1.647967035e+00,8.535538844e-02,-8.535538844e-02
8.712000000e-03,-8.181641686e-01,7.394488949e-04,-1.815241426e+00,8.189036175e-02,-8.189036175e-02
8.714000000e-03,-7.801867802e-01,7.919452291e-04,-1.975257045e+00,7.809787254e-02,-7.809787254e-02
8.716000000e-03,-7.390895870e-01,8.412747390e-04,-2.127374022e+00,7.399308618e-02,-7.399308618e-02
8.718000000e-03,-6.950369284e-01,8.872401661e-04,-2.270984072e+00,6.959241686e-02,-6.959241686e-02
8.720000000e-03,-6.482049617e-01,9.296577045e-04,-2.405512930e+00,6.491346194e-02,-6.491346194e-02
8.722000000e-03,-5.987809581e-01,9.683577350e-04,-2.530422642e+00,5.997493158e-02,-5.997493158e-02
8.724000000e-03,-5.469625540e-01,1.003185504e-03,-2.645213720e+00,5.479657395e-02,-5.479657395e-02
8.726000000e-03,-4.929569605e-01,1.034001744e-03,-2.749427138e+00,4.939909622e-02,-4.939909622e-02
8.728000000e-03,-4.369801346e-01,1.060683225e-03,-2.842646169e+00,4.380408178e-02,-4.380408178e-02
8.730000000e-03,-3.792559160e-01,1.083123255e-03,-2.924498050e+00,3.803390392e-02,-3.803390392e-02
8.732000000e-03,-3.200151319e-01,1.101232100e-03,-2.994655471e+00,3.211163640e-02,-3.211163640e-02
8.734000000e-03,-2.594946738e-01,1.114937347e-03,-3.052837887e+00,2.606096112e-02,-2.606096112e-02
8.736000000e-03,-1.979365506e-01,1.124184191e-03,-3.098812640e+00,1.990607348e-02,-1.990607348e-02
8.738000000e-03,-1.355869202e-01,1.128935657e-03,-3.132395886e+00,1.367158559e-02,-1.367158559e-02
8.740000000e-03,-7.269510594e-02,1.129172744e-03,-3.153453332e+00,7.382427868e-03,-7.382427868e-03
8.742000000e-03,-9.512599068e-03,1.124894504e-03,-3.161900775e+00,1.063749357e-03,-1.063749357e-03
8.744000000e-03,5.370794670e-02,1.116118044e-03,-3.157704433e+00,-5.259182866e-03,5.259182866e-03
8.746000000e-03,1.167137256e-01,1.102878461e-03,-3.140881089e+00,-1.156108471e-02,1.156108471e-02
8.748000000e-03,1.792527905e-01,1.085228696e-03,-3.111498014e+00,-1.781675618e-02,1.781675618e-02
8.750000000e-03,2.410750608e-01,1.063239328e-03,-3.069672706e+00,-2.400118215e-02,2.400118215e-02
8.752000000e-03,3.019333222e-01,1.036998286e-03,-3.015572415e+00,-3.008963239e-02,3.008963239e-02
8.754000000e-03,3.615842149e-01,1.006610504e-03,-2.949413477e+00,-3.605776044e-02,3.605776044e-02
8.756000000e-03,4.197892076e-01,9.721974964e-04,-2.871460449e+00,-4.188170101e-02,4.188170101e-02
8.758000000e-03,4.763155505e-01,9.338968729e-04,-2.782025047e+00,-4.753816537e-02,4.753816537e-02
8.760000000e-03,5.309372067e-01,8.918617900e-04,-2.681464906e+00,-5.300453449e-02,5.300453449e-02
8.762000000e-03,5.834357554e-01,8.462603373e-04,-2.570182144e+00,-5.825894950e-02,5.825894950e-02
8.764000000e-03,6.336012658e-01,7.972748656e-04,-2.448621759e+00,-6.328039910e-02,6.328039910e-02
8.766000000e-03,6.812331366e-01,7.451012575e-04,-2.317269844e+00,-6.804880354e-02,6.804880354e-02
8.768000000e-03,7.261408978e-01,6.899481444e-04,-2.176651650e+00,-7.254509497e-02,7.254509496e-02
8.770000000e-03,7.681449725e-01,6.320360723e-04,-2.027329478e+00,-7.675129365e-02,7.675129365e-02
8.772000000e-03,8.070773953e-01,5.715966193e-04,-1.869900437e+00,-8.065057987e-02,8.065057987e-02
8.774000000e-03,8.427824835e-01,5.088714704e-04,-1.704994053e+00,-8.422736120e-02,8.422736120e-02
8.776000000e-03,8.751174598e-01,4.441114502e-04,-1.533269753e+00,-8.746733483e-02,8.746733483e-02
8.778000000e-03,9.039530234e-01,3.775755208e-04,-1.355414226e+00,-9.035754479e-02,9.035754479e-02
8.780000000e-03,9.291738669e-01,3.095297454e-04,-1.172138680e+00,-9.288643371e-02,9.288643371e-02
8.782000000e-03,9.506791373e-01,2.402462250e-04,-9.841759942e-01,-9.504388911e-02,9.504388911e-02
8.784000000e-03,9.683828396e-01,1.700020098e-04,-7.922777937e-01,-9.682128376e-02,9.682128376e-02
8.786000000e-03,9.822141804e-01,9.907799200e-05,-5.972114391e-01,-9.821151024e-02,9.821151024e-02
8.788000000e-03,9.921178510e-01,2.775778189e-05,-3.997569602e-01,-9.920900932e-02,9.920900932e-02
8.790000000e-03,9.980542486e-01,-4.367342581e-05,-2.007039363e-01,-9.980979220e-02,9.980979220e-02
8.792000000e-03,9.999996349e-01,-1.149299926e-04,-8.483391702e-04,-1.000114565e-01,1.000114565e-01
8.794000000e-03,9.979462307e-01,-1.857269782e-04,1.990106503e-01,-9.981319576e-02,9.981319576e-02
8.796000000e-03,9.919022470e-01,-2.557812803e-04,3.980738376e-01,-9.921580283e-02,9.921580283e-02
8.798000000e-03,9.818918526e-01,-3.248127662e-04,5.955452104e-01,-9.822166654e-02,9.822166653e-02
8.800000000e-03,9.679550769e-01,-3.925453934e-04,7.906351218e-01,-9.683476223e-02,9.683476223e-02
8.802000000e-03,9.501476501e-01,-4.587083133e-04,9.825634478e-01,-9.506063585e-02,9.506063585e-02
8.804000000e-03,9.285407806e-01,-5.230369540e-04,1.170562707e+00,-9.290638176e-02,9.290638176e-02
8.806000000e-03,9.032208696e-01,-5.852740788e-04,1.353881129e+00,-9.038061437e-02,9.038061437e-02
8.808000000e-03,8.742891662e-01,-6.451708142e-04,1.531785663e+00,-8.749343370e-02,8.749343370e-02
8.810000000e-03,8.418613623e-01,-7.024876457e-04,1.703564904e+00,-8.425638500e-02,8.425638500e-02
8.812000000e-03,8.060671299e-01,-7.569953753e-04,1.868531943e+00,-8.068241253e-02,8.068241253e-02
8.814000000e-03,7.670496027e-01,-8.084760378e-04,2.026027112e+00,-7.678580788e-02,7.678580788e-02
8.816000000e-03,7.249648038e-01,-8.567237728e-04,2.175420619e+00,-7.258215275e-02,7.258215275e-02
8.818000000e-03,6.799810213e-01,-9.015456477e-04,2.316115073e+00,-6.808825670e-02,6.808825670e-02
8.820000000e-03,6.322781362e-01,-9.427624289e-04,2.447547863e+00,-6.332208986e-02,6.332208986e-02
8.822000000e-03,5.820469023e-01,-9.802092994e-04,2.569193419e+00,-5.830271116e-02,5.830271116e-02
8.824000000e-03,5.294881839e-01,-1.013736517e-03,2.680565305e+00,-5.305019205e-02,5.305019205e-02
8.826000000e-03,4.748121524e-01,-1.043210013e-03,2.781218168e+00,-4.758553625e-02,4.758553625e-02
8.828000000e-03,4.182374459e-01,-1.068511929e-03,2.870749518e+00,-4.193059579e-02,4.193059579e-02
8.830000000e-03,3.599902949e-01,-1.089541088e-03,2.948801337e+00,-3.610798359e-02,3.610798359e-02
8.832000000e-03,3.003036175e-01,-1.106213399e-03,3.015061514e+00,-3.014098309e-02,3.014098309e-02
8.834000000e-03,2.394160884e-01,-1.118462192e-03,3.069265086e+00,-2.405345506e-02,2.405345506e-02
8.836000000e-03,1.775711841e-01,-1.126238488e-03,3.111195306e+00,-1.786974226e-02,1.786974226e-02
8.838000000e-03,1.150162097e-01,-1.129511191e-03,3.140684503e+00,-1.161457209e-02,1.161457209e-02
8.840000000e-03,5.200130933e-02,-1.128267213e-03,3.157614756e+00,-5.312957654e-03,5.312957654e-03
8.842000000e-03,-1.122153345e-02,-1.122511529e-03,3.161918364e+00,1.009902193e-03,-1.009902193e-03
8.844000000e-03,-7.439950365e-02,-1.112267155e-03,3.153578118e+00,7.328723650e-03,-7.328723650e-03
8.846000000e-03,-1.372799657e-01,-1.097575056e-03,3.132627370e+00,1.361823907e-02,-1.361823907e-02
8.848000000e-03,-1.996114737e-01,-1.078493983e-03,3.099149896e+00,1.985329798e-02,-1.985329798e-02
8.850000000e-03,-2.611447770e-01,-1.055100237e-03,3.053279566e+00,2.600896768e-02,-2.600896768e-02
8.852000000e-03,-3.216338166e-01,-1.027487364e-03,2.995199807e+00,3.206063293e-02,-3.206063293e-02
8.854000000e-03,-3.808367095e-01,-9.957657829e-04,2.925142866e+00,3.798409437e-02,-3.798409437e-02
8.856000000e-03,-4.385167156e-01,-9.600623417e-04,2.843388888e+00,4.375566533e-02,-4.375566533e-02
8.858000000e-03,-4.944431846e-01,-9.205198108e-04,2.750264789e+00,4.935226648e-02,-4.935226648e-02
8.860000000e-03,-5.483924781e-01,-8.772963127e-04,2.646142953e+00,5.475151818e-02,-5.475151818e-02
8.862000000e-03,-6.001488642e-01,-8.305646891e-04,2.531439741e+00,5.993182995e-02,-5.993182995e-02
8.864000000e-03,-6.495053798e-01,-7.805118101e-04,2.406613829e+00,6.487248680e-02,-6.487248679e-02
8.866000000e-03,-6.962646584e-01,-7.273378268e-04,2.272164368e+00,6.955373206e-02,-6.955373206e-02
8.868000000e-03,-7.402397195e-01,-6.712553707e-04,2.128628995e+00,7.395684642e-02,-7.395684642e-02
8.870000000e-03,-7.812547160e-01,-6.124887040e-04,1.976581678e+00,7.806422273e-02,-7.806422273e-02
8.872000000e-03,-8.191456373e-01,-5.512728224e-04,1.816630421e+00,8.185943645e-02,-8.185943645e-02
8.874000000e-03,-8.537609657e-01,-4.878525154e-04,1.649414837e+00,8.532731132e-02,-8.532731131e-02
8.876000000e-03,-8.849622815e-01,-4.224813877e-04,1.475603586e+00,8.845398001e-02,-8.845398001e-02
8.878000000e-03,-9.126248172e-01,-3.554208448e-04,1.295891704e+00,9.122693963e-02,-9.122693963e-02
8.880000000e-03,-9.366379561e-01,-2.869390479e-04,1.110997820e+00,9.363510170e-02,-9.363510170e-02
8.882000000e-03,-9.569056746e-01,-2.173098414e-04,9.216612864e-01,9.566883648e-02,-9.566883647e-02
8.884000000e-03,-9.733469263e-01,-1.468116580e-04,7.286392214e-01,9.732001147e-02,-9.732001147e-02
8.886000000e-03,-9.858959662e-01,-7.572640540e-05,5.327034798e-01,9.858202398e-02,-9.858202398e-02
8.888000000e-03,-9.945026132e-01,-4.338338630e-06,3.346375677e-01,9.944982748e-02,-9.944982748e-02
8.890000000e-03,-9.991324510e-01,6.706707626e-05,1.352335096e-01,9.991995181e-02,-9.991995181e-02
8.892000000e-03,-9.997669661e-01,1.382043039e-04,-6.471131915e-02,9.999051704e-02,-9.999051704e-02
8.894000000e-03,-9.964036209e-01,2.087888812e-04,-2.643973808e-01,9.966124098e-02,-9.966124098e-02
8.896000000e-03,-9.890558650e-01,2.785385552e-04,-4.630261723e-01,9.893344035e-02,-9.893344035e-02
8.898000000e-03,-9.777530803e-01,3.471744115e-04,-6.598034185e-01,9.781002547e-02,-9.781002547e-02
8.900000000e-03,-9.625404645e-01,4.144219895e-04,-8.539422481e-01,9.629548865e-02,-9.629548865e-02
8.902000000e-03,-9.434788495e-01,4.800123802e-04,-1.044666340e+00,9.439588619e-02,-9.439588619e-02
8.904000000e-03,-9.206444589e-01,5.436833013e-04,-1.231213029e+00,9.211881422e-02,-9.211881422e-02
8.906000000e-03,-8.941286026e-01,6.051801458e-04,-1.412836353e+00,8.947337827e-02,-8.947337827e-02
8.908000000e-03,-8.640373120e-01,6.642570009e-04,-1.588810038e+00,8.647015690e-02,-8.647015690e-02
8.910000000e-03,-8.304909159e-01,7.206776304e-04,-1.758430402e+00,8.312115935e-02,-8.312115935e-02
8.912000000e-03,-7.936235593e-01,7.742164199e-04,-1.921019169e+00,7.943977757e-02,-7.943977757e-02
8.914000000e-03,-7.535826672e-01,8.246592790e-04,-2.075926180e+00,7.544073265e-02,-7.544073265e-02
8.916000000e-03,-7.105283548e-01,8.718044972e-04,-2.222531994e+00,7.114001593e-02,-7.114001593e-02
8.918000000e-03,-6.646327873e-01,9.154635505e-04,-2.360250364e+00,6.655482508e-02,-6.655482508e-02
8.920000000e-03,-6.160794915e-01,9.554618556e-04,-2.488530585e+00,6.170349533e-02,-6.170349533e-02
8.922000000e-03,-5.650626219e-01,9.916394673e-04,-2.606859689e+00,5.660542614e-02,-5.660542614e-02
8.924000000e-03,-5.117861845e-01,1.023851719e-03,-2.714764503e+00,5.128100362e-02,-5.128100362e-02
8.926000000e-03,-4.564632205e-01,1.051969801e-03,-2.811813539e+00,4.575151903e-02,-4.575151903e-02
8.928000000e-03,-3.993149551e-01,1.075881274e-03,-2.897618718e+00,4.003908364e-02,-4.003908364e-02
8.930000000e-03,-3.405699123e-01,1.095490522e-03,-2.971836922e+00,3.416654028e-02,-3.416654028e-02
8.932000000e-03,-2.804630012e-01,1.110719131e-03,-3.034171368e+00,2.815737203e-02,-2.815737203e-02
8.934000000e-03,-2.192345768e-01,1.121506206e-03,-3.084372794e+00,2.203560831e-02,-2.203560831e-02
8.936000000e-03,-1.571294791e-01,1.127808610e-03,-3.122240455e+00,1.582572877e-02,-1.582572877e-02
8.938000000e-03,-9.439605318e-02,1.129601142e-03,-3.147622925e+00,9.552565432e-03,-9.552565432e-03
8.940000000e-03,-3.128515711e-02,1.126876635e-03,-3.160418706e+00,3.241203375e-03,-3.241203375e-03
8.942000000e-03,3.195084179e-02,1.119645982e-03,-3.160576631e+00,-3.083119581e-03,3.083119581e-03
8.944000000e-03,9.505907592e-02,1.107938097e-03,-3.148096066e+00,-9.395113782e-03,9.395113782e-03
8.946000000e-03,1.577871886e-01,1.091799799e-03,-3.123026920e+00,-1.566953888e-02,1.566953888e-02
8.948000000e-03,2.198843431e-01,1.071295620e-03,-3.085469440e+00,-2.188130475e-02,2.188130475e-02
8.950000000e-03,2.811022259e-01,1.046507553e-03,-3.035573808e+00,-2.800557183e-02,2.800557183e-02
8.952000000e-03,3.411960393e-01,1.017534720e-03,-2.973539549e+00,-3.401785046e-02,3.401785046e-02
8.954000000e-03,3.999254807e-01,9.844929772e-04,-2.899614723e+00,-3.989409877e-02,3.989409877e-02
8.956000000e-03,4.570557033e-01,9.475144517e-04,-2.814094941e+00,-4.561081889e-02,4.561081889e-02
8.958000000e-03,5.123582553e-01,9.067470131e-04,-2.717322179e+00,-5.114515083e-02,5.114515083e-02
8.960000000e-03,5.656119931e-01,8.623536818e-04,-2.609683410e+00,-5.647496394e-02,5.647496394e-02
8.962000000e-03,6.166039662e-01,8.145119775e-04,-2.491609061e+00,-6.157894543e-02,6.157894543e-02
8.964000000e-03,6.651302683e-01,7.634132091e-04,-2.363571285e+00,-6.643668551e-02,6.643668551e-02
8.966000000e-03,7.109968529e-01,7.092617102e-04,-2.226082079e+00,-7.102875912e-02,7.102875912e-02
8.968000000e-03,7.540203089e-01,6.522740212e-04,-2.079691234e+00,-7.533680349e-02,7.533680348e-02
8.970000000e-03,7.940285945e-01,5.926780240e-04,-1.924984136e+00,-7.934359165e-02,7.934359165e-02
8.972000000e-03,8.308617249e-01,5.307120307e-04,-1.762579427e+00,-8.303310129e-02,8.303310129e-02
8.974000000e-03,8.643724121e-01,4.666238304e-04,-1.593126529e+00,-8.639057883e-02,8.639057883e-02
8.976000000e-03,8.944266538e-01,4.006696985e-04,-1.417303050e+00,-8.940259841e-02,8.940259841e-02
8.978000000e-03,9.209042694e-01,3.331133718e-04,-1.235812071e+00,-9.205711560e-02,9.205711560e-02
8.980000000e-03,9.436993803e-01,2.642249939e-04,-1.049379336e+00,-9.434351553e-02,9.434351553e-02
8.982000000e-03,9.627208337e-01,1.942800353e-04,-8.587503522e-01,-9.625265537e-02,9.625265537e-02
8.984000000e-03,9.778925668e-01,1.235581913e-04,-6.646874038e-01,-9.777690086e-02,9.777690086e-02
8.986000000e-03,9.891539108e-01,5.234226369e-05,-4.679665088e-01,-9.891015686e-02,9.891015686e-02
8.988000000e-03,9.964598342e-01,-1.908296971e-05,-2.693743130e-01,-9.964789171e-02,9.964789171e-02
8.990000000e-03,9.997811219e-01,-9.043189427e-05,-6.970494541e-02,-9.998715538e-02,9.998715538e-02
8.992000000e-03,9.991044928e-01,-1.614192005e-04,1.302431578e-01,-9.992659120e-02,9.992659120e-02
8.994000000e-03,9.944326527e-01,-2.317610249e-04,3.296704457e-01,-9.946644138e-02,9.946644138e-02
8.996000000e-03,9.857842833e-01,-3.011760852e-04,5.277794500e-01,-9.860854594e-02,9.860854594e-02
8.998000000e-03,9.731939675e-01,-3.693868050e-04,7.237779741e-01,-9.735633544e-02,9.735633544e-02
9.000000000e-03,9.567120516e-01,-4.361204238e-04,9.168822607e-01,-9.571481720e-02,9.571481720e-02
9.002000000e-03,9.364044431e-01,-5.011100877e-04,1.106320126e+00,-9.369055532e-02,9.369055531e-02
9.004000000e-03,9.123523480e-01,-5.640959166e-04,1.291334047e+00,-9.129164439e-02,9.129164439e-02
9.006000000e-03,8.846519456e-01,-6.248260432e-04,1.471184192e+00,-8.852767717e-02,8.852767717e-02
9.008000000e-03,8.534140041e-01,-6.830576205e-04,1.645151377e+00,-8.540970618e-02,8.540970617e-02
9.010000000e-03,8.187634375e-01,-7.385577924e-04,1.812539944e+00,-8.195019953e-02,8.195019953e-02
9.012000000e-03,7.808388063e-01,-7.911046254e-04,1.972680540e+00,-7.816299109e-02,7.816299109e-02
9.014000000e-03,7.397917631e-01,-8.404879954e-04,2.124932798e+00,-7.406322511e-02,7.406322510e-02
9.016000000e-03,6.957864464e-01,-8.865104289e-04,2.268687891e+00,-6.966729569e-02,6.966729569e-02
9.018000000e-03,6.489988245e-01,-9.289878915e-04,2.403370974e+00,-6.499278124e-02,6.499278124e-02
9.020000000e-03,5.996159913e-01,-9.677505247e-04,2.528443476e+00,-6.005837419e-02,6.005837419e-02
9.022000000e-03,5.478354185e-01,-1.002643325e-03,2.643405258e+00,-5.488380618e-02,5.488380618e-02
9.024000000e-03,4.938641658e-01,-1.033526763e-03,2.747796612e+00,-4.948976926e-02,4.948976925e-02
9.026000000e-03,4.379180530e-01,-1.060277343e-03,2.841200099e+00,-4.389783303e-02,4.389783303e-02
9.028000000e-03,3.802207970e-01,-1.082788094e-03,2.923242218e+00,-3.813035851e-02,3.813035851e-02
9.030000000e-03,3.210031171e-01,-1.100969000e-03,2.993594900e+00,-3.221040861e-02,3.221040861e-02
9.032000000e-03,2.605018125e-01,-1.114747361e-03,3.051976818e+00,-2.616165599e-02,2.616165599e-02
9.034000000e-03,1.989588154e-01,-1.124068078e-03,3.098154516e+00,-2.000828835e-02,2.000828834e-02
9.036000000e-03,1.366202233e-01,-1.128893882e-03,3.131943338e+00,-1.377491172e-02,1.377491172e-02
9.038000000e-03,7.373531538e-02,-1.129205473e-03,3.153208170e+00,-7.486452086e-03,7.486452086e-03
9.040000000e-03,1.055555527e-02,-1.125001607e-03,3.161863978e+00,-1.168055688e-03,1.168055688e-03
9.042000000e-03,-5.266641431e-02,-1.116299093e-03,3.157876151e+00,5.155011522e-03,-5.155011522e-03
9.044000000e-03,-1.156777819e-01,-1.103132732e-03,3.141260633e+00,1.145746491e-02,-1.145746491e-02
9.046000000e-03,-1.782265780e-01,-1.085555172e-03,3.112083867e+00,1.771410228e-02,-1.771410228e-02
9.048000000e-03,-2.400626832e-01,-1.063636702e-03,3.070462526e+00,2.389990465e-02,-2.389990464e-02
9.050000000e-03,-3.009388276e-01,-1.037464971e-03,3.016563043e+00,2.999013626e-02,-2.999013626e-02
9.052000000e-03,-3.606115802e-01,-1.007144633e-03,2.950600952e+00,3.596044356e-02,-3.596044355e-02
9.054000000e-03,-4.188423221e-01,-9.727969334e-04,2.872840022e+00,4.178695252e-02,-4.178695252e-02
9.056000000e-03,-4.753982007e-01,-9.345592210e-04,2.783591202e+00,4.744636415e-02,-4.744636415e-02
9.058000000e-03,-5.300530608e-01,-8.925844007e-04,2.683211380e+00,5.291604764e-02,-5.291604764e-02
9.060000000e-03,-5.825883489e-01,-8.470403210e-04,2.572101953e+00,5.817413086e-02,-5.817413086e-02
9.062000000e-03,-6.327939874e-01,-7.981091033e-04,2.450707226e+00,6.319958783e-02,-6.319958783e-02
9.064000000e-03,-6.804692144e-01,-7.459864133e-04,2.319512630e+00,6.797232280e-02,-6.797232280e-02
9.066000000e-03,-7.254233865e-01,-6.908806787e-04,2.179042786e+00,7.247325059e-02,-7.247325058e-02
9.068000000e-03,-7.674767414e-01,-6.330122561e-04,2.029859403e+00,7.668437292e-02,-7.668437292e-02
9.070000000e-03,-8.064611164e-01,-5.726125491e-04,1.872559035e+00,8.058885039e-02,-8.058885039e-02
9.072000000e-03,-8.422206212e-01,-5.099230836e-04,1.707770692e+00,8.417106981e-02,-8.417106981e-02
9.074000000e-03,-8.746122609e-01,-4.451945417e-04,1.536153329e+00,8.741670664e-02,-8.741670664e-02
9.076000000e-03,-9.035065081e-01,-3.786857595e-04,1.358393209e+00,9.031278223e-02,-9.031278223e-02
9.078000000e-03,-9.287878207e-01,-3.106626917e-04,1.175201157e+00,9.284771580e-02,-9.284771580e-02
9.080000000e-03,-9.503551039e-01,-2.413973484e-04,9.873097204e-01,9.501137066e-02,-9.501137066e-02
9.082000000e-03,-9.681221148e-01,-1.711667074e-04,7.954702373e-01,9.679509481e-02,-9.679509481e-02
9.084000000e-03,-9.820178067e-01,-1.002516062e-04,6.004498341e-01,9.819175551e-02,-9.819175551e-02
9.086000000e-03,-9.919866137e-01,-2.893561980e-05,4.030283569e-01,9.919576781e-02,-9.919576781e-02
9.088000000e-03,-9.979886725e-01,4.249607418e-05,2.039952531e-01,9.980311686e-02,-9.980311686e-02
9.090000000e-03,-9.999999822e-01,1.137578352e-04,4.146414726e-03,1.000113740e-01,-1.000113740e-01
9.092000000e-03,-9.980125000e-01,1.845647023e-04,-1.957190043e-01,9.981970647e-02,-9.981970647e-02
9.094000000e-03,-9.920341734e-01,2.546335335e-04,-3.948017837e-01,9.922888069e-02,-9.922888069e-02
9.096000000e-03,-9.820889085e-01,3.236841382e-04,-5.923058329e-01,9.824125926e-02,-9.824125926e-02
9.098000000e-03,-9.682164742e-01,3.914403974e-04,-7.874413743e-01,9.686079147e-02,-9.686079146e-02
9.100000000e-03,-9.504723437e-01,4.576313678e-04,-9.794281014e-01,9.509299751e-02,-9.509299751e-02
9.102000000e-03,-9.289274720e-01,5.219923656e-04,-1.167498299e+00,9.294494644e-02,-9.294494644e-02
9.104000000e-03,-9.036680126e-01,5.842660245e-04,-1.350899914e+00,9.042522786e-02,-9.042522786e-02
9.106000000e-03,-8.747949727e-01,6.442033250e-04,-1.528899561e+00,8.754391761e-02,-8.754391760e-02
9.108000000e-03,-8.424238097e-01,7.015645905e-04,-1.700785457e+00,8.431253743e-02,-8.431253743e-02
9.110000000e-03,-8.066839691e-01,7.561204451e-04,-1.865870266e+00,8.074400896e-02,-8.074400896e-02
9.112000000e-03,-7.677183671e-01,8.076527313e-04,-2.023493847e+00,7.685260198e-02,-7.685260198e-02
9.114000000e-03,-7.256828190e-01,8.559553823e-04,-2.173025898e+00,7.265387744e-02,-7.265387744e-02
9.116000000e-03,-6.807454163e-01,9.008352456e-04,-2.313868470e+00,6.816462516e-02,-6.816462516e-02
9.118000000e-03,-6.330858543e-01,9.421128562e-04,-2.445458363e+00,6.340279671e-02,-6.340279671e-02
9.120000000e-03,-5.828947136e-01,9.796231535e-04,-2.567269377e+00,5.838743367e-02,-5.838743367e-02
9.122000000e-03,-5.303726982e-01,1.013216142e-03,-2.678814415e+00,5.313859143e-02,-5.313859143e-02
9.124000000e-03,-4.757298326e-01,1.042757489e-03,-2.779647430e+00,4.767725901e-02,-4.767725901e-02
9.126000000e-03,-4.191846225e-01,1.068129066e-03,-2.869365215e+00,4.202527515e-02,-4.202527515e-02
9.128000000e-03,-3.609631802e-01,1.089229417e-03,-2.947609004e+00,3.620524096e-02,-3.620524096e-02
9.130000000e-03,-3.012983212e-01,1.105974167e-03,-3.014065918e+00,3.024042954e-02,-3.024042954e-02
9.132000000e-03,-2.404286330e-01,1.118296355e-03,-3.068470209e+00,2.415469293e-02,-2.415469293e-02
9.134000000e-03,-1.785975206e-01,1.126146709e-03,-3.110604327e+00,1.797236673e-02,-1.797236673e-02
9.136000000e-03,-1.160522339e-01,1.129493837e-03,-3.140299784e+00,1.171817277e-02,-1.171817277e-02
9.138000000e-03,-5.304287844e-02,1.128324354e-03,-3.157437836e+00,5.417120279e-03,-5.417120279e-03
9.140000000e-03,1.017858445e-02,1.122642936e-03,-3.161949951e+00,-9.055941515e-04,9.055941515e-04
9.142000000e-03,7.335934530e-02,1.112472303e-03,-3.153818085e+00,-7.224687299e-03,7.224687299e-03
9.144000000e-03,1.362467574e-01,1.097853124e-03,-3.133074757e+00,-1.351489043e-02,1.351489043e-02
9.146000000e-03,1.985893470e-01,1.078843859e-03,-3.099802915e+00,-1.975105032e-02,1.975105032e-02
9.148000000e-03,2.601378192e-01,1.055520522e-03,-3.054135606e+00,-2.590822986e-02,2.590822986e-02
9.150000000e-03,3.206460543e-01,1.027976378e-03,-2.996255444e+00,-3.196180779e-02,3.196180779e-02
9.152000000e-03,3.798720925e-01,9.963215704e-04,-2.926393879e+00,-3.788757710e-02,3.788757710e-02
9.154000000e-03,4.375791013e-01,9.606826798e-04,-2.844830274e+00,-4.366184186e-02,4.366184186e-02
9.156000000e-03,4.935363222e-01,9.212022191e-04,-2.751890784e+00,-4.926151200e-02,4.926151200e-02
9.158000000e-03,5.475199941e-01,8.780380622e-04,-2.647947056e+00,-5.466419560e-02,5.466419560e-02
9.160000000e-03,5.993142473e-01,8.313628138e-04,-2.533414738e+00,-5.984828845e-02,5.984828845e-02
9.162000000e-03,6.487119676e-01,7.813631184e-04,-2.408751821e+00,-6.479306045e-02,6.479306045e-02
9.164000000e-03,6.955156236e-01,7.282389145e-04,-2.274456807e+00,-6.947873847e-02,6.947873847e-02
9.166000000e-03,7.395380574e-01,6.722026345e-04,-2.131066713e+00,-7.388658547e-02,7.388658547e-02
9.168000000e-03,7.806032322e-01,6.134783561e-04,-1.979154927e+00,-7.799897539e-02,7.799897538e-02
9.170000000e-03,8.185469371e-01,5.523009054e-04,-1.819328912e+00,-8.179946362e-02,8.179946362e-02
9.172000000e-03,8.532174430e-01,4.889149181e-04,-1.652227779e+00,-8.527285281e-02,8.527285281e-02
9.174000000e-03,8.844761099e-01,4.235738619e-04,-1.478519730e+00,-8.840525360e-02,8.840525360e-02
9.176000000e-03,9.121979408e-01,3.565390218e-04,-1.298899389e+00,-9.118414018e-02,9.118414017e-02
9.178000000e-03,9.362720818e-01,2.880784564e-04,-1.114085019e+00,-9.359840034e-02,9.359840033e-02
9.180000000e-03,9.566022655e-01,2.184659251e-04,-9.248156555e-01,-9.563837996e-02,9.563837996e-02
9.182000000e-03,9.731071958e-01,1.479797941e-04,-7.318481461e-01,-9.729592160e-02,9.729592160e-02
9.184000000e-03,9.857208727e-01,7.690192261e-05,-5.359541282e-01,-9.856439708e-02,9.856439708e-02
9.186000000e-03,9.943928570e-01,5.516536347e-06,-3.379169412e-01,-9.943873404e-02,9.943873404e-02
9.188000000e-03,9.990884710e-01,-6.589090940e-05,-1.385284947e-01,-9.991543619e-02,9.991543619e-02
9.190000000e-03,9.997889380e-01,-1.370348711e-04,6.141389852e-02,-9.999259729e-02,9.999259729e-02
9.192000000e-03,9.964914571e-01,-2.076308589e-04,2.611107103e-01,-9.966990879e-02,9.966990879e-02
9.194000000e-03,9.892092140e-01,-2.773965740e-04,4.597633946e-01,-9.894866106e-02,9.894866106e-02
9.196000000e-03,9.779713291e-01,-3.460530379e-04,6.565775808e-01,-9.783173822e-02,9.783173822e-02
9.198000000e-03,9.628227403e-01,-4.133257078e-04,8.507662498e-01,-9.632360660e-02,9.632360660e-02
9.200000000e-03,9.438240235e-01,-4.789455741e-04,1.041552881e+00,-9.443029691e-02,9.443029691e-02
9.202000000e-03,9.210511509e-01,-5.426502366e-04,1.228174560e+00,-9.215938011e-02,9.215938011e-02
9.204000000e-03,8.945951862e-01,-6.041849537e-04,1.409885024e+00,-8.951993712e-02,8.951993712e-02
9.206000000e-03,8.645619215e-01,-6.633036609e-04,1.585957650e+00,-8.652252251e-02,8.652252251e-02
9.208000000e-03,8.310714534e-01,-7.197699547e-04,1.755688363e+00,-8.317912234e-02,8.317912234e-02
9.210000000e-03,7.942577035e-01,-7.733580382e-04,1.918398442e+00,-7.950310616e-02,7.950310616e-02
9.212000000e-03,7.542678823e-01,-8.238536237e-04,2.073437245e+00,-7.550917359e-02,7.550917359e-02
9.214000000e-03,7.112619007e-01,-8.710547899e-04,2.220184804e+00,-7.121329555e-02,7.121329554e-02
9.216000000e-03,6.654117306e-01,-9.147727893e-04,2.358054306e+00,-6.663265034e-02,6.663265034e-02
9.218000000e-03,6.169007175e-01,-9.548328024e-04,2.486494439e+00,-6.178555503e-02,6.178555503e-02
9.220000000e-03,5.659228467e-01,-9.910746379e-04,2.604991597e+00,-5.669139213e-02,5.669139213e-02
9.222000000e-03,5.126819682e-01,-1.023353372e-03,2.713071937e+00,-5.137053215e-02,5.137053215e-02
9.224000000e-03,4.573909811e-01,-1.051539929e-03,2.810303266e+00,-4.584425210e-02,4.584425210e-02
9.226000000e-03,4.002709826e-01,-1.075521596e-03,2.896296776e+00,-4.013465042e-02,4.013465042e-02
9.228000000e-03,3.415503837e-01,-1.095202476e-03,2.970708599e+00,-3.426455862e-02,3.426455862e-02
9.230000000e-03,2.814639959e-01,-1.110503870e-03,3.033241175e+00,-2.825744997e-02,2.825744997e-02
9.232000000e-03,2.202520920e-01,-1.121364589e-03,3.083644451e+00,-2.213734566e-02,2.213734566e-02
9.234000000e-03,1.581594459e-01,-1.127741205e-03,3.121716875e+00,-1.592871871e-02,1.592871871e-02
9.236000000e-03,9.543435308e-02,-1.129608218e-03,3.147306201e+00,-9.656396130e-03,9.656396130e-03
9.238000000e-03,3.232763812e-02,-1.126958162e-03,3.160310105e+00,-3.345459628e-03,3.345459628e-03
9.240000000e-03,-3.090834835e-02,-1.119801636e-03,3.160676586e+00,2.978854672e-03,-2.978854672e-03
9.242000000e-03,-9.402073877e-02,-1.108167255e-03,3.148404179e+00,9.291257151e-03,-9.291257151e-03
9.244000000e-03,-1.567571598e-01,-1.092101545e-03,3.123541959e+00,1.556650583e-02,-1.556650583e-02
9.246000000e-03,-2.188667416e-01,-1.071668747e-03,3.086189344e+00,2.177950728e-02,-2.177950728e-02
9.248000000e-03,-2.801011207e-01,-1.046950569e-03,3.036495699e+00,2.790541702e-02,-2.790541702e-02
9.250000000e-03,-3.402154338e-01,-1.018045854e-03,2.974659740e+00,3.391973880e-02,-3.391973880e-02
9.252000000e-03,-3.989692961e-01,-9.850701843e-04,2.900928735e+00,3.979842259e-02,-3.979842259e-02
9.254000000e-03,-4.561277632e-01,-9.481554243e-04,2.815597520e+00,4.551796078e-02,-4.551796078e-02
9.256000000e-03,-5.114622702e-01,-9.074491880e-04,2.719007316e+00,5.105548210e-02,-5.105548210e-02
9.258000000e-03,-5.647515460e-01,-8.631142511e-04,2.611544367e+00,5.638884318e-02,-5.638884318e-02
9.260000000e-03,-6.157824978e-01,-8.153278999e-04,2.493638396e+00,6.149671699e-02,-6.149671699e-02
9.262000000e-03,-6.643510635e-01,-7.642812220e-04,2.365760883e+00,6.635867823e-02,-6.635867823e-02
9.264000000e-03,-7.102630275e-01,-7.101783424e-04,2.228423184e+00,7.095528492e-02,-7.095528492e-02
9.266000000e-03,-7.533347974e-01,-6.532356074e-04,2.082174485e+00,7.526815618e-02,-7.526815618e-02
9.268000000e-03,-7.933941381e-01,-5.936807190e-04,1.927599603e+00,7.928004574e-02,-7.928004574e-02
9.270000000e-03,-8.302808607e-01,-5.317518250e-04,1.765316651e+00,8.297491089e-02,-8.297491089e-02
9.272000000e-03,-8.638474628e-01,-4.676965660e-04,1.595974565e+00,8.633797662e-02,-8.633797662e-02
9.274000000e-03,-8.939597186e-01,-4.017710857e-04,1.420250509e+00,8.935579475e-02,-8.935579475e-02
9.276000000e-03,-9.204972154e-01,-3.342390064e-04,1.238847166e+00,9.201629764e-02,-9.201629764e-02
9.278000000e-03,-9.433538353e-01,-2.653703748e-04,1.052489931e+00,9.430884649e-02,-9.430884649e-02
9.280000000e-03,-9.624381795e-01,-1.954405823e-04,8.619240080e-01,9.622427389e-02,-9.622427389e-02
9.282000000e-03,-9.776739335e-01,-1.247292636e-04,6.679114300e-01,9.775492042e-02,-9.775492042e-02
9.284000000e-03,-9.890001729e-01,-5.351917849e-05,4.712280132e-01,9.889466537e-02,-9.889466537e-02
9.286000000e-03,-9.963716062e-01,1.790491869e-05,2.726602535e-01,9.963895111e-02,-9.963895111e-02
9.288000000e-03,-9.997587568e-01,8.925741782e-05,7.300218220e-02,9.998480142e-02,-9.998480142e-02
9.290000000e-03,-9.991480800e-01,1.602529951e-04,-1.269478096e-01,9.993083330e-02,-9.993083330e-02
9.292000000e-03,-9.945420179e-01,2.306077540e-04,-3.263901636e-01,9.947726257e-02,-9.947726257e-02
9.294000000e-03,-9.859589891e-01,3.000403604e-04,-5.245273512e-01,9.862590295e-02,-9.862590295e-02
9.296000000e-03,-9.734333154e-01,3.682731679e-04,-7.205670630e-01,9.738015886e-02,-9.738015886e-02
9.298000000e-03,-9.570150844e-01,4.350333275e-04,-9.137253770e-01,9.574501177e-02,-9.574501177e-02
9.300000000e-03,-9.367699491e-01,5.000538794e-04,-1.103229893e+00,9.372700030e-02,-9.372700029e-02
9.302000000e-03,-9.127788656e-01,5.630748198e-04,-1.288322823e+00,9.133419404e-02,-9.133419404e-02
9.304000000e-03,-8.851377693e-01,6.238441411e-04,-1.468264017e+00,8.857616134e-02,-8.857616134e-02
9.306000000e-03,-8.539571911e-01,6.821188395e-04,-1.642333929e+00,8.546393100e-02,-8.546393099e-02
9.308000000e-03,-8.193618158e-01,7.376658865e-04,-1.809836489e+00,8.200994817e-02,-8.200994817e-02
9.310000000e-03,-7.814899830e-01,7.902631611e-04,-1.970101890e+00,7.822802461e-02,-7.822802461e-02
9.312000000e-03,-7.404931343e-01,8.397003376e-04,-2.122489263e+00,7.413328346e-02,-7.413328346e-02
9.314000000e-03,-6.965352075e-01,8.857797272e-04,-2.266389242e+00,6.974209873e-02,-6.974209873e-02
9.316000000e-03,-6.497919814e-01,9.283170678e-04,-2.401226403e+00,6.507202985e-02,-6.507202985e-02
9.318000000e-03,-6.004503723e-01,9.671422617e-04,-2.526461559e+00,6.014175146e-02,-6.014175145e-02
9.320000000e-03,-5.487076870e-01,1.002100055e-03,-2.641593920e+00,5.497097871e-02,-5.497097871e-02
9.322000000e-03,-4.947708339e-01,1.033050658e-03,-2.746163097e+00,4.958038845e-02,-4.958038845e-02
9.324000000e-03,-4.388554950e-01,1.059870307e-03,-2.839750939e+00,4.399153653e-02,-4.399153653e-02
9.326000000e-03,-3.811852644e-01,1.082451755e-03,-2.921983207e+00,3.822677161e-02,-3.822677161e-02
9.328000000e-03,-3.219907531e-01,1.100704703e-03,-2.992531072e+00,3.230914578e-02,-3.230914578e-02
9.330000000e-03,-2.615086678e-01,1.114556162e-03,-3.051112428e+00,2.626232240e-02,-2.626232240e-02
9.332000000e-03,-1.999808637e-01,1.123950743e-03,-3.097493020e+00,2.011048145e-02,-2.011048145e-02
9.334000000e-03,-1.376533778e-01,1.128850879e-03,-3.131487382e+00,1.387822287e-02,-1.387822287e-02
9.336000000e-03,-7.477544462e-02,1.129236975e-03,-3.152959577e+00,7.590468159e-03,-7.590468159e-03
9.338000000e-03,-1.159849999e-02,1.125107487e-03,-3.161823743e+00,1.272360748e-03,-1.272360748e-03
9.340000000e-03,5.162482462e-02,1.116478928e-03,-3.158044433e+00,-5.050834569e-03,5.050834569e-03
9.342000000e-03,1.146417123e-01,1.103385802e-03,-3.141636760e+00,-1.135383265e-02,1.135383265e-02
9.344000000e-03,1.772001716e-01,1.085880466e-03,-3.112666335e+00,-1.761142911e-02,1.761142911e-02
9.346000000e-03,2.390500443e-01,1.064032920e-03,-3.071249005e+00,-2.379860114e-02,2.379860114e-02
9.348000000e-03,2.999440056e-01,1.037930527e-03,-3.017550389e+00,-2.989060751e-02,2.989060750e-02
9.350000000e-03,3.596385532e-01,1.007677666e-03,-2.951785217e+00,-3.586308755e-02,3.586308755e-02
9.352000000e-03,4.178949810e-01,9.733953121e-04,-2.874216470e+00,-4.169215857e-02,4.169215857e-02
9.354000000e-03,4.744803337e-01,9.352205525e-04,-2.785154328e+00,-4.735451132e-02,4.735451132e-02
9.356000000e-03,5.291683383e-01,8.933060404e-04,-2.684954934e+00,-5.282750322e-02,5.282750322e-02
9.358000000e-03,5.817403087e-01,8.478193833e-04,-2.574018964e+00,-5.808924893e-02,5.808924893e-02
9.360000000e-03,6.319860206e-01,7.989424728e-04,-2.452790027e+00,-6.311870782e-02,6.311870782e-02
9.362000000e-03,6.797045519e-01,7.468707576e-04,-2.321752893e+00,-6.789576812e-02,6.789576812e-02
9.364000000e-03,7.247050861e-01,6.918124615e-04,-2.181431552e+00,-7.240132736e-02,7.240132736e-02
9.366000000e-03,7.668076754e-01,6.339877512e-04,-2.032387120e+00,-7.661736876e-02,7.661736876e-02
9.368000000e-03,8.058439602e-01,5.736278559e-04,-1.875215595e+00,-8.052703324e-02,8.052703324e-02
9.370000000e-03,8.416578427e-01,5.109741421e-04,-1.710545473e+00,-8.411468686e-02,8.411468686e-02
9.372000000e-03,8.741061106e-01,4.462771489e-04,-1.539035235e+00,-8.736598334e-02,8.736598334e-02
9.374000000e-03,9.030590099e-01,3.797955863e-04,-1.361370715e+00,-9.026792143e-02,9.026792143e-02
9.376000000e-03,9.284007641e-01,3.117953001e-04,-1.178262357e+00,-9.280889688e-02,9.280889688e-02
9.378000000e-03,9.500300367e-01,2.425482093e-04,-9.904423726e-01,-9.497874885e-02,9.497874885e-02
9.380000000e-03,9.678603368e-01,1.723312187e-04,-7.986618155e-01,-9.676880056e-02,9.676880056e-02
9.382000000e-03,9.818203647e-01,1.014251114e-04,-6.036875758e-01,-9.817189396e-02,9.817189396e-02
9.384000000e-03,9.918542973e-01,3.011342623e-05,-4.062993151e-01,-9.918241839e-02,9.918241838e-02
9.386000000e-03,9.979220108e-01,-4.131867632e-05,-2.072863479e-01,-9.979633294e-02,9.979633294e-02
9.388000000e-03,9.999992417e-01,-1.125855541e-04,-7.444485771e-03,-1.000111827e-01,1.000111827e-01
9.390000000e-03,9.980776837e-01,-1.834022256e-04,1.924271453e-01,-9.982610859e-02,9.982610859e-02
9.392000000e-03,9.921650206e-01,-2.534855098e-04,3.915293003e-01,-9.924185061e-02,9.924185061e-02
9.394000000e-03,9.822848959e-01,-3.225551581e-04,5.890658110e-01,-9.826074511e-02,9.826074511e-02
9.396000000e-03,9.684768183e-01,-3.903349755e-04,7.842467701e-01,-9.688671533e-02,9.688671533e-02
9.398000000e-03,9.507960034e-01,-4.565539245e-04,9.762916895e-01,-9.512525573e-02,9.512525573e-02
9.400000000e-03,9.293131529e-01,-5.209472093e-04,1.164432621e+00,-9.298341001e-02,9.298341001e-02
9.402000000e-03,9.041141725e-01,-5.832573346e-04,1.347917230e+00,-9.046974298e-02,9.046974298e-02
9.404000000e-03,8.752998275e-01,-6.432351351e-04,1.526011797e+00,-8.759430627e-02,8.759430627e-02
9.406000000e-03,8.429853407e-01,-7.006407721e-04,1.698004161e+00,-8.436859814e-02,8.436859814e-02
9.408000000e-03,8.072999307e-01,-7.552446924e-04,1.863206559e+00,-8.080551754e-02,8.080551754e-02
9.410000000e-03,7.683862963e-01,-8.068285462e-04,2.020958382e+00,-7.691931248e-02,7.691931248e-02
9.412000000e-03,7.264000449e-01,-8.551860605e-04,2.170628812e+00,-7.272552309e-02,7.272552309e-02
9.414000000e-03,6.815090708e-01,-9.001238636e-04,2.311619350e+00,-6.824091946e-02,6.824091946e-02
9.416000000e-03,6.338928836e-01,-9.414622587e-04,2.443366202e+00,-6.348343459e-02,6.348343459e-02
9.418000000e-03,5.837418907e-01,-9.790359420e-04,2.565342542e+00,-5.847209267e-02,5.847209267e-02
9.420000000e-03,5.312566354e-01,-1.012694664e-03,2.677060610e+00,-5.322693301e-02,5.322693301e-02
9.422000000e-03,4.766469953e-01,-1.042303831e-03,2.778073669e+00,-4.776892991e-02,4.776892991e-02
9.424000000e-03,4.201313430e-01,-1.067745042e-03,2.867977790e+00,-4.211990881e-02,4.211990880e-02
9.426000000e-03,3.619356729e-01,-1.088916562e-03,2.946413464e+00,-3.630245894e-02,3.630245894e-02
9.428000000e-03,3.022926972e-01,-1.105733731e-03,3.013067043e+00,-3.033984310e-02,3.033984310e-02
9.430000000e-03,2.414409160e-01,-1.118129302e-03,3.067671994e+00,-2.425590453e-02,2.425590453e-02
9.432000000e-03,1.796236628e-01,-1.126053706e-03,3.110009963e+00,-1.807497165e-02,1.807497165e-02
9.434000000e-03,1.170881318e-01,-1.129475255e-03,3.139911649e+00,-1.182176071e-02,1.182176071e-02
9.436000000e-03,5.408438985e-02,-1.128380267e-03,3.157257481e+00,-5.521277011e-03,5.521277011e-03
9.438000000e-03,-9.135624375e-03,-1.122773122e-03,3.161978098e+00,8.012851253e-04,-8.012851253e-04
9.440000000e-03,-7.231910713e-02,-1.112676240e-03,3.154054621e+00,7.120643089e-03,-7.120643089e-03
9.442000000e-03,-1.352134008e-01,-1.098129998e-03,3.133518737e+00,1.341152708e-02,-1.341152708e-02
9.444000000e-03,-1.975670043e-01,-1.079192562e-03,3.100452562e+00,1.964878117e-02,-1.964878117e-02
9.446000000e-03,-2.591305783e-01,-1.055939660e-03,3.054988323e+00,2.580746387e-02,-2.580746387e-02
9.448000000e-03,-3.196579431e-01,-1.028464274e-03,2.997307821e+00,3.186294788e-02,-3.186294788e-02
9.450000000e-03,-3.789070623e-01,-9.968762739e-04,2.927641708e+00,3.779101860e-02,-3.779101860e-02
9.452000000e-03,-4.366410109e-01,-9.613019728e-04,2.846268565e+00,4.356797089e-02,-4.356797089e-02
9.454000000e-03,-4.926289229e-01,-9.218836251e-04,2.753513786e+00,4.917070393e-02,-4.917070393e-02
9.456000000e-03,-5.466469144e-01,-8.787788565e-04,2.649748278e+00,5.457681356e-02,-5.457681355e-02
9.458000000e-03,-5.984789785e-01,-8.321600340e-04,2.535386978e+00,5.976468185e-02,-5.976468185e-02
9.460000000e-03,-6.479178497e-01,-7.822135767e-04,2.410887193e+00,6.471356362e-02,-6.471356362e-02
9.462000000e-03,-6.947658322e-01,-7.291392099e-04,2.276746771e+00,6.940366930e-02,-6.940366930e-02
9.464000000e-03,-7.388355906e-01,-6.731491672e-04,2.133502113e+00,7.381624415e-02,-7.381624415e-02
9.466000000e-03,-7.799508992e-01,-6.144673409e-04,1.981726023e+00,7.793364319e-02,-7.793364319e-02
9.468000000e-03,-8.179473464e-01,-5.533283875e-04,1.822025423e+00,8.173940180e-02,-8.173940180e-02
9.470000000e-03,-8.526729922e-01,-4.899767890e-04,1.655038923e+00,8.521830155e-02,-8.521830154e-02
9.472000000e-03,-8.839889761e-01,-4.246658753e-04,1.481434266e+00,8.835643103e-02,-8.835643103e-02
9.474000000e-03,-9.117700720e-01,-3.576568110e-04,1.301905662e+00,9.114124152e-02,-9.114124152e-02
9.476000000e-03,-9.359051890e-01,-2.892175515e-04,1.117171007e+00,9.356159715e-02,-9.356159715e-02
9.478000000e-03,-9.562978158e-01,-2.196217712e-04,9.279690185e-01,9.560781941e-02,-9.560781941e-02
9.480000000e-03,-9.728664066e-01,-1.491477691e-04,7.350562746e-01,9.727172588e-02,-9.727172588e-02
9.482000000e-03,-9.855447069e-01,-7.807735616e-05,5.392041935e-01,9.854666296e-02,-9.854666296e-02
9.484000000e-03,-9.942820190e-01,-6.694728064e-06,3.411959471e-01,9.942753243e-02,-9.942753243e-02
9.486000000e-03,-9.990434041e-01,6.471467085e-05,1.418233290e-01,9.991081188e-02,-9.991081187e-02
9.488000000e-03,-9.998098224e-01,1.358652893e-04,-5.811641108e-02,9.999456877e-02,-9.999456877e-02
9.490000000e-03,-9.965782092e-01,2.064726106e-04,-2.578237557e-01,9.967846818e-02,-9.967846818e-02
9.492000000e-03,-9.893614870e-01,2.762542910e-04,-4.565001168e-01,9.896377413e-02,-9.896377413e-02
9.494000000e-03,-9.781885140e-01,3.449312879e-04,-6.533510288e-01,9.785334453e-02,-9.785334453e-02
9.496000000e-03,-9.631039686e-01,4.122289763e-04,-8.475893260e-01,9.635161976e-02,-9.635161976e-02
9.498000000e-03,-9.441681708e-01,4.778782468e-04,-1.038438290e+00,9.446460490e-02,-9.446460490e-02
9.500000000e-03,-9.214568408e-01,5.416165816e-04,-1.225134755e+00,9.219984574e-02,-9.219984574e-02
9.502000000e-03,-8.950607966e-01,6.031891044e-04,-1.406932161e+00,8.956639857e-02,-8.956639857e-02
9.504000000e-03,-8.650855904e-01,6.623495993e-04,-1.583103538e+00,8.657479401e-02,-8.657479400e-02
9.506000000e-03,-8.316510869e-01,7.188614960e-04,-1.752944413e+00,8.323699485e-02,-8.323699484e-02
9.508000000e-03,-7.948909837e-01,7.724988151e-04,-1.915775628e+00,7.956634826e-02,-7.956634825e-02
9.510000000e-03,-7.549522768e-01,8.230470721e-04,-2.070946055e+00,7.557753239e-02,-7.557753239e-02
9.512000000e-03,-7.119946728e-01,8.703041351e-04,-2.217835199e+00,7.128649769e-02,-7.128649769e-02
9.514000000e-03,-6.661899501e-01,9.140810328e-04,-2.355855682e+00,6.671040312e-02,-6.671040312e-02
9.516000000e-03,-6.177212724e-01,9.542027106e-04,-2.484455587e+00,6.186754751e-02,-6.186754751e-02
9.518000000e-03,-5.667824559e-01,9.905087303e-04,-2.603120672e+00,5.677729646e-02,-5.677729646e-02
9.520000000e-03,-5.135771941e-01,1.022853912e-03,-2.711376419e+00,5.146000480e-02,-5.146000480e-02
9.522000000e-03,-4.583182440e-01,1.051108913e-03,-2.808789935e+00,4.593693529e-02,-4.593693529e-02
9.524000000e-03,-4.012265746e-01,1.075160748e-03,-2.894971684e+00,4.023017354e-02,-4.023017353e-02
9.526000000e-03,-3.425304836e-01,1.094913239e-03,-2.969577044e+00,3.436253968e-02,-3.436253968e-02
9.528000000e-03,-2.824646844e-01,1.110287400e-03,-3.032307683e+00,2.835749718e-02,-2.835749718e-02
9.530000000e-03,-2.212693676e-01,1.121221752e-03,-3.082912754e+00,2.223905894e-02,-2.223905894e-02
9.532000000e-03,-1.591892407e-01,1.127672572e-03,-3.121189899e+00,1.603169133e-02,-1.603169133e-02
9.534000000e-03,-9.647254917e-02,1.129614064e-03,-3.146986054e+00,9.760216323e-03,-9.760216323e-03
9.536000000e-03,-3.337008395e-02,1.127038464e-03,-3.160198066e+00,3.449712241e-03,-3.449712241e-03
9.538000000e-03,2.986582130e-02,1.119956072e-03,-3.160773104e+00,-2.874586523e-03,2.874586523e-03
9.540000000e-03,9.298229934e-02,1.108395208e-03,-3.148708868e+00,-9.187390413e-03,9.187390413e-03
9.542000000e-03,1.557269605e-01,1.092402103e-03,-3.124053599e+00,-1.546345584e-02,1.546345584e-02
9.544000000e-03,2.178489019e-01,1.072040708e-03,-3.086905890e+00,-2.167768612e-02,2.167768612e-02
9.546000000e-03,2.790997109e-01,1.047392446e-03,-3.037414287e+00,-2.780523185e-02,2.780523185e-02
9.548000000e-03,3.392344582e-01,1.018555880e-03,-2.975776696e+00,-3.382159024e-02,3.382159024e-02
9.550000000e-03,3.980126775e-01,9.856463199e-04,-2.902239592e+00,-3.970270312e-02,3.970270312e-02
9.552000000e-03,4.551993268e-01,9.487953654e-04,-2.817097036e+00,-4.542505315e-02,4.542505315e-02
9.554000000e-03,5.105657288e-01,9.081503757e-04,-2.720689495e+00,-5.096575784e-02,5.096575784e-02
9.556000000e-03,5.638904845e-01,8.638738816e-04,-2.613402483e+00,-5.630266107e-02,5.630266107e-02
9.558000000e-03,6.149603596e-01,8.161429354e-04,-2.495665018e+00,-6.141442166e-02,6.141442166e-02
9.560000000e-03,6.635711360e-01,7.651484034e-04,-2.367947907e+00,-6.628059876e-02,6.628059876e-02
9.562000000e-03,7.095284295e-01,7.110942021e-04,-2.230761865e+00,-7.088173353e-02,7.088173353e-02
9.564000000e-03,7.526484664e-01,6.541964830e-04,-2.084655471e+00,-7.519942699e-02,7.519942699e-02
9.566000000e-03,7.927588186e-01,5.946827682e-04,-1.930212973e+00,-7.921641359e-02,7.921641359e-02
9.568000000e-03,8.296990932e-01,5.327910408e-04,-1.768051955e+00,-8.291663022e-02,8.291663022e-02
9.570000000e-03,8.633215737e-01,4.687687927e-04,-1.598820864e+00,-8.628528049e-02,8.628528049e-02
9.572000000e-03,8.934918108e-01,4.028720358e-04,-1.423196422e+00,-8.930889388e-02,8.930889388e-02
9.574000000e-03,9.200891600e-01,3.353642774e-04,-1.241880913e+00,-9.197537958e-02,9.197537957e-02
9.576000000e-03,9.430072640e-01,2.665154670e-04,-1.055599381e+00,-9.427407486e-02,9.427407486e-02
9.578000000e-03,9.621544782e-01,1.966009167e-04,-8.650967262e-01,-9.619578773e-02,9.619578772e-02
9.580000000e-03,9.774542366e-01,1.259002003e-04,-6.711347296e-01,-9.773283365e-02,9.773283364e-02
9.582000000e-03,9.888453590e-01,5.469603506e-05,-4.744890049e-01,-9.887906629e-02,9.887906629e-02
9.584000000e-03,9.962822943e-01,-1.672684819e-05,-2.759458974e-01,-9.962990212e-02,9.962990212e-02
9.586000000e-03,9.997353041e-01,-8.808284426e-05,-7.629933958e-02,-9.998233869e-02,9.998233869e-02
9.588000000e-03,9.991905803e-01,-1.590866154e-04,1.236523234e-01,-9.993496669e-02,9.993496669e-02
9.590000000e-03,9.946503011e-01,-2.294542322e-04,3.231095265e-01,-9.948797554e-02,9.948797554e-02
9.592000000e-03,9.861326224e-01,-2.989043092e-04,5.212746818e-01,-9.864315267e-02,9.864315267e-02
9.594000000e-03,9.736716043e-01,-3.671591301e-04,7.173553680e-01,-9.740387635e-02,9.740387635e-02
9.596000000e-03,9.573170761e-01,-4.339457580e-04,9.105674993e-01,-9.577510219e-02,9.577510219e-02
9.598000000e-03,9.371344360e-01,-4.989971271e-04,1.100138461e+00,-9.376334331e-02,9.376334331e-02
9.600000000e-03,9.132043902e-01,-5.620531105e-04,1.285310197e+00,-9.137664433e-02,9.137664433e-02
9.602000000e-03,8.856226300e-01,-6.228615604e-04,1.465342245e+00,-8.862454916e-02,8.862454916e-02
9.604000000e-03,8.544994491e-01,-6.811793164e-04,1.639514695e+00,-8.551806284e-02,8.551806284e-02
9.606000000e-03,8.199593026e-01,-7.367731781e-04,1.807131066e+00,-8.206960758e-02,8.206960758e-02
9.608000000e-03,7.821403095e-01,-7.894208370e-04,1.967521096e+00,-7.829297303e-02,7.829297303e-02
9.610000000e-03,7.411936999e-01,-8.389117663e-04,2.120043418e+00,-7.420326117e-02,7.420326117e-02
9.612000000e-03,6.972832109e-01,-8.850480619e-04,2.264088128e+00,-6.981682590e-02,6.981682590e-02
9.614000000e-03,6.505844314e-01,-9.276452343e-04,2.399079220e+00,-6.515120766e-02,6.515120766e-02
9.616000000e-03,6.012841000e-01,-9.665329465e-04,2.524476894e+00,-6.022506330e-02,6.022506330e-02
9.618000000e-03,5.495793586e-01,-1.001555694e-03,2.639779709e+00,-5.505809143e-02,5.505809143e-02
9.620000000e-03,4.956769637e-01,-1.032573429e-03,2.744526594e+00,-4.967095371e-02,4.967095371e-02
9.622000000e-03,4.397924597e-01,-1.059462118e-03,2.838298689e+00,-4.408519218e-02,4.408519218e-02
9.624000000e-03,3.821493171e-01,-1.082114238e-03,2.920721017e+00,-3.832314313e-02,3.832314313e-02
9.626000000e-03,3.229780388e-01,-1.100439208e-03,2.991463989e+00,-3.240784780e-02,3.240784780e-02
9.628000000e-03,2.625152386e-01,-1.114363751e-03,3.050244720e+00,-2.636296024e-02,2.636296024e-02
9.630000000e-03,2.010026946e-01,-1.123832185e-03,3.096828156e+00,-2.021265267e-02,2.021265267e-02
9.632000000e-03,1.386863825e-01,-1.128806648e-03,3.131028020e+00,-1.398151892e-02,1.398151892e-02
9.634000000e-03,7.581549251e-02,-1.129267247e-03,3.152707555e+00,-7.694475975e-03,7.694475975e-03
9.636000000e-03,1.264143210e-02,-1.125212142e-03,3.161780067e+00,-1.376664424e-03,1.376664424e-03
9.638000000e-03,-5.058317877e-02,-1.116657548e-03,3.158209279e+00,4.946652122e-03,-4.946652122e-03
9.640000000e-03,-1.136055180e-01,-1.103637672e-03,3.142009469e+00,1.125018804e-02,-1.125018803e-02
9.642000000e-03,-1.761735724e-01,-1.086204579e-03,3.113245417e+00,1.750873679e-02,-1.750873679e-02
9.644000000e-03,-2.380371454e-01,-1.064427980e-03,3.072032144e+00,2.369727174e-02,-2.369727174e-02
9.646000000e-03,-2.989488573e-01,-1.038394954e-03,3.018534453e+00,2.979104623e-02,-2.979104623e-02
9.648000000e-03,-3.586651349e-01,-1.008209603e-03,2.952966271e+00,3.576569253e-02,-3.576569253e-02
9.650000000e-03,-4.169471853e-01,-9.739926319e-04,2.875589791e+00,4.159731926e-02,-4.159731926e-02
9.652000000e-03,-4.735619505e-01,-9.358808666e-04,2.786714425e+00,4.726260697e-02,-4.726260697e-02
9.654000000e-03,-5.282830401e-01,-8.940267084e-04,2.686695568e+00,5.273890134e-02,-5.273890134e-02
9.656000000e-03,-5.808916356e-01,-8.485975232e-04,2.575933174e+00,5.800430381e-02,-5.800430381e-02
9.658000000e-03,-6.311773663e-01,-7.997749732e-04,2.454870160e+00,6.303775913e-02,-6.303775913e-02
9.660000000e-03,-6.789391500e-01,-7.477542893e-04,2.323990630e+00,6.781913957e-02,-6.781913957e-02
9.662000000e-03,-7.239859973e-01,-6.927434916e-04,2.183817945e+00,7.232932538e-02,-7.232932538e-02
9.664000000e-03,-7.661377751e-01,-6.349625568e-04,2.034912626e+00,7.655028126e-02,-7.655028126e-02
9.666000000e-03,-8.052259274e-01,-5.746425387e-04,1.877870115e+00,8.046512849e-02,-8.046512848e-02
9.668000000e-03,-8.410941486e-01,-5.120246447e-04,1.713318392e+00,8.405821240e-02,-8.405821240e-02
9.670000000e-03,-8.735990093e-01,-4.473592706e-04,1.541915465e+00,8.731516501e-02,-8.731516501e-02
9.672000000e-03,-9.026105293e-01,-3.809049998e-04,1.364346739e+00,9.022296243e-02,-9.022296243e-02
9.674000000e-03,-9.280126975e-01,-3.129275692e-04,1.181322274e+00,9.276997699e-02,-9.276997699e-02
9.676000000e-03,-9.497039359e-01,-2.436988063e-04,9.935739474e-01,9.494602372e-02,-9.494602371e-02
9.678000000e-03,-9.675975059e-01,-1.734955426e-04,8.018525248e-01,9.674240104e-02,-9.674240104e-02
9.680000000e-03,-9.816218547e-01,-1.025985063e-04,6.069246608e-01,9.815192562e-02,-9.815192562e-02
9.682000000e-03,-9.917209018e-01,-3.129119990e-05,4.095698313e-01,9.916896106e-02,-9.916896106e-02
9.684000000e-03,-9.978542634e-01,4.014123350e-05,2.105772173e-01,9.978944046e-02,-9.978944046e-02
9.686000000e-03,-9.999974133e-01,1.114131505e-04,1.074254872e-02,1.000108826e-01,-1.000108826e-01
9.688000000e-03,-9.981417815e-01,1.822395494e-04,-1.891350771e-01,9.983240211e-02,-9.983240211e-02
9.690000000e-03,-9.922947884e-01,2.523372103e-04,-3.882563910e-01,9.925471256e-02,-9.925471256e-02
9.692000000e-03,-9.824798148e-01,3.214258271e-04,-5.858251484e-01,9.828012407e-02,-9.828012407e-02
9.694000000e-03,-9.687361088e-01,3.892291290e-04,-7.810513128e-01,9.691253380e-02,-9.691253380e-02
9.696000000e-03,-9.511186286e-01,4.554759845e-04,-9.731542156e-01,9.515741046e-02,-9.515741046e-02
9.698000000e-03,-9.296978228e-01,5.199014863e-04,-1.161365677e+00,9.302177243e-02,-9.302177243e-02
9.700000000e-03,-9.045593489e-01,5.822480102e-04,-1.344933079e+00,9.051415969e-02,-9.051415969e-02
9.702000000e-03,-8.758037302e-01,6.422662454e-04,-1.523122373e+00,8.764459964e-02,-8.764459964e-02
9.704000000e-03,-8.435459545e-01,6.997161914e-04,-1.695221017e+00,8.442456707e-02,-8.442456707e-02
9.706000000e-03,-8.079150141e-01,7.543681180e-04,-1.860540825e+00,8.086693822e-02,-8.086693822e-02
9.708000000e-03,-7.690533896e-01,8.060034834e-04,-2.018420718e+00,7.698593930e-02,-7.698593930e-02
9.710000000e-03,-7.271164805e-01,8.544158085e-04,-2.168229366e+00,7.279708963e-02,-7.279708963e-02
9.712000000e-03,-6.822719838e-01,8.994115025e-04,-2.309367715e+00,6.831713953e-02,-6.831713953e-02
9.714000000e-03,-6.346992234e-01,9.408106369e-04,-2.441271384e+00,6.356400341e-02,-6.356400341e-02
9.716000000e-03,-5.845884328e-01,9.784476653e-04,-2.563412916e+00,5.855668805e-02,-5.855668805e-02
9.718000000e-03,-5.321399947e-01,1.012172085e-03,-2.675303892e+00,5.331521668e-02,-5.331521668e-02
9.720000000e-03,-4.775636394e-01,1.041849039e-03,-2.776496886e+00,4.786054885e-02,-4.786054885e-02
9.722000000e-03,-4.210776065e-01,1.067359856e-03,-2.866587245e+00,4.221449663e-02,-4.221449663e-02
9.724000000e-03,-3.629077718e-01,1.088602522e-03,-2.945214719e+00,3.639963743e-02,-3.639963743e-02
9.726000000e-03,-3.032867444e-01,1.105492093e-03,-3.012064891e+00,3.043922365e-02,-3.043922365e-02
9.728000000e-03,-2.424529364e-01,1.117961032e-03,-3.066870442e+00,2.435708974e-02,-2.435708974e-02
9.730000000e-03,-1.806496095e-01,1.125959477e-03,-3.109412217e+00,1.817755690e-02,-1.817755690e-02
9.732000000e-03,-1.181239024e-01,1.129455444e-03,-3.139520098e+00,1.192533579e-02,-1.192533579e-02
9.734000000e-03,-5.512584242e-02,1.128434953e-03,-3.157073692e+00,5.625427737e-03,-5.625427737e-03
9.736000000e-03,8.092654361e-03,1.122902086e-03,-3.162002805e+00,-6.969752274e-04,6.969752274e-04
9.738000000e-03,7.127879030e-02,1.112878967e-03,-3.154287726e+00,-7.016591133e-03,7.016591133e-03
9.740000000e-03,1.341798972e-01,1.098405677e-03,-3.133959307e+00,-1.330814915e-02,1.330814915e-02
9.742000000e-03,1.965444466e-01,1.079540091e-03,-3.101098836e+00,-1.954649065e-02,1.954649065e-02
9.744000000e-03,2.581230556e-01,1.056357648e-03,-3.055837716e+00,-2.570666979e-02,2.570666979e-02
9.746000000e-03,3.186694842e-01,1.028951051e-03,-2.998356937e+00,-3.176405331e-02,3.176405331e-02
9.748000000e-03,3.779416198e-01,9.974298930e-04,-2.928886352e+00,-3.769441899e-02,3.769441899e-02
9.750000000e-03,4.357024455e-01,9.619202201e-04,-2.847703760e+00,-4.347405253e-02,4.347405253e-02
9.752000000e-03,4.917209878e-01,9.225640283e-04,-2.755133792e+00,-4.907984237e-02,4.907984237e-02
9.754000000e-03,5.457732401e-01,8.795186948e-04,-2.651546618e+00,-5.448937214e-02,5.448937214e-02
9.756000000e-03,5.976430587e-01,8.329563490e-04,-2.537356460e+00,-5.968101023e-02,5.968101023e-02
9.758000000e-03,6.471230270e-01,7.830631840e-04,-2.413019942e+00,-6.463399639e-02,6.463399638e-02
9.760000000e-03,6.940152850e-01,7.300387122e-04,-2.279034259e+00,-6.932852463e-02,6.932852463e-02
9.762000000e-03,7.381323202e-01,6.740949675e-04,-2.135935191e+00,-7.374582252e-02,7.374582252e-02
9.764000000e-03,7.792977178e-01,6.154556572e-04,-1.984294963e+00,-7.786822621e-02,7.786822621e-02
9.766000000e-03,8.173468658e-01,5.543552677e-04,-1.824719953e+00,-8.167925106e-02,8.167925106e-02
9.768000000e-03,8.521276138e-01,4.910381269e-04,-1.657848267e+00,-8.516365757e-02,8.516365757e-02
9.770000000e-03,8.835008807e-01,4.257574266e-04,-1.484347190e+00,-8.830751233e-02,8.830751233e-02
9.772000000e-03,9.113412114e-01,3.587742111e-04,-1.304910518e+00,-9.109824372e-02,9.109824372e-02
9.774000000e-03,9.355372781e-01,2.903563320e-04,-1.120255780e+00,-9.352469218e-02,9.352469217e-02
9.776000000e-03,9.559923258e-01,2.207773784e-04,-9.311213720e-01,-9.557715484e-02,9.557715484e-02
9.778000000e-03,9.726245590e-01,1.503155820e-04,-7.382636034e-01,-9.724742435e-02,9.724742435e-02
9.780000000e-03,9.853674690e-01,7.925270476e-05,-5.424536723e-01,-9.852882163e-02,9.852882163e-02
9.782000000e-03,9.941700994e-01,7.872912502e-06,-3.444745818e-01,-9.941622265e-02,9.941622265e-02
9.784000000e-03,9.989972503e-01,-6.353836191e-05,-1.451180091e-01,-9.990607887e-02,9.990607887e-02
9.786000000e-03,9.998296191e-01,-1.346955596e-04,5.481886041e-02,-9.999643146e-02,9.999643146e-02
9.788000000e-03,9.966638771e-01,-2.053141378e-04,2.545365207e-01,-9.968691913e-02,9.968691913e-02
9.790000000e-03,9.895126836e-01,-2.751117075e-04,4.532363423e-01,-9.897877954e-02,9.897877953e-02
9.792000000e-03,9.784046347e-01,-3.438091626e-04,6.501237661e-01,-9.787484439e-02,9.787484439e-02
9.794000000e-03,9.633841492e-01,-4.111317964e-04,8.444114801e-01,-9.637952810e-02,9.637952810e-02
9.796000000e-03,9.445112909e-01,-4.768103997e-04,1.035322568e+00,-9.449881013e-02,9.449881013e-02
9.798000000e-03,9.218615284e-01,-5.405823374e-04,1.222093617e+00,-9.224021107e-02,9.224021107e-02
9.800000000e-03,8.955254333e-01,-6.021925988e-04,1.403977767e+00,-8.961276259e-02,8.961276259e-02
9.802000000e-03,8.656083183e-01,-6.613948172e-04,1.580247703e+00,-8.662697131e-02,8.662697131e-02
9.804000000e-03,8.322298157e-01,-7.179522553e-04,1.750198556e+00,-8.329477680e-02,8.329477680e-02
9.806000000e-03,7.955233992e-01,-7.716387516e-04,1.913150730e+00,-7.962950379e-02,7.962950379e-02
9.808000000e-03,7.556358501e-01,-8.222396251e-04,2.068452611e+00,-7.564580897e-02,7.564580897e-02
9.810000000e-03,7.127266703e-01,-8.695525334e-04,2.215483181e+00,-7.135962229e-02,7.135962229e-02
9.812000000e-03,6.669674449e-01,-9.133882819e-04,2.353654495e+00,-6.678808332e-02,6.678808332e-02
9.814000000e-03,6.185411554e-01,-9.535715807e-04,2.482414033e+00,-6.194947270e-02,6.194947269e-02
9.816000000e-03,5.676414484e-01,-9.899417451e-04,2.601246915e+00,-5.686313902e-02,5.686313902e-02
9.818000000e-03,5.144718614e-01,-1.022353338e-03,2.709677951e+00,-5.154942147e-02,5.154942147e-02
9.820000000e-03,4.592450084e-01,-1.050676753e-03,2.807273548e+00,-4.602956852e-02,4.602956852e-02
9.822000000e-03,4.021817301e-01,-1.074798730e-03,2.893643443e+00,-4.032565289e-02,4.032565289e-02
9.824000000e-03,3.435102108e-01,-1.094622811e-03,2.968442259e+00,-3.446048336e-02,3.446048336e-02
9.826000000e-03,2.834650656e-01,-1.110069723e-03,3.031370892e+00,-2.845751353e-02,2.845751353e-02
9.828000000e-03,2.222864025e-01,-1.121077696e-03,3.082177703e+00,-2.234074802e-02,2.234074802e-02
9.830000000e-03,1.602188624e-01,-1.127602713e-03,3.120659527e+00,-1.613464651e-02,1.613464651e-02
9.832000000e-03,9.751064030e-02,-1.129618682e-03,3.146662483e+00,-9.864025899e-03,9.864025898e-03
9.834000000e-03,3.441249348e-02,-1.127117540e-03,3.160082589e+00,-3.553961102e-03,3.553961102e-03
9.836000000e-03,-2.882326175e-02,-1.120109290e-03,3.160866183e+00,2.770315246e-03,-2.770315246e-03
9.838000000e-03,-9.194375875e-02,-1.108621955e-03,3.149010130e+00,9.083513680e-03,-9.083513679e-03
9.840000000e-03,-1.546965918e-01,-1.092701472e-03,3.124561841e+00,1.536038903e-02,-1.536038903e-02
9.842000000e-03,-2.168308253e-01,-1.072411504e-03,3.087619079e+00,2.157584138e-02,-2.157584138e-02
9.844000000e-03,-2.780979975e-01,-1.047833184e-03,3.038329570e+00,2.770501643e-02,-2.770501643e-02
9.846000000e-03,-3.382531136e-01,-1.019064798e-03,2.976890414e+00,3.372340488e-02,-3.372340488e-02
9.848000000e-03,-3.970556259e-01,-9.862213831e-04,2.903547292e+00,3.960694045e-02,-3.960694045e-02
9.850000000e-03,-4.542703953e-01,-9.494342744e-04,2.818593488e+00,4.533209610e-02,-4.533209610e-02
9.852000000e-03,-5.096686319e-01,-9.088505755e-04,2.722368715e+00,5.087597813e-02,-5.087597813e-02
9.854000000e-03,-5.630288096e-01,-8.646325722e-04,2.615257756e+00,5.621641771e-02,-5.621641771e-02
9.856000000e-03,-6.141375523e-01,-8.169570830e-04,2.497688925e+00,6.133205952e-02,-6.133205952e-02
9.858000000e-03,-6.627904866e-01,-7.660147525e-04,2.370132356e+00,6.620244719e-02,-6.620244718e-02
9.860000000e-03,-7.087930596e-01,-7.120092882e-04,2.233098120e+00,7.080810503e-02,-7.080810503e-02
9.862000000e-03,-7.519613166e-01,-6.551566469e-04,2.087134189e+00,7.513061600e-02,-7.513061600e-02
9.864000000e-03,-7.921226367e-01,-5.956841705e-04,1.932824243e+00,7.915269526e-02,-7.915269526e-02
9.866000000e-03,-8.291164232e-01,-5.338296769e-04,1.770785335e+00,8.285825935e-02,-8.285825935e-02
9.868000000e-03,-8.627947455e-01,-4.698405095e-04,1.601665424e+00,8.623249050e-02,-8.623249050e-02
9.870000000e-03,-8.930229311e-01,-4.039725477e-04,1.426140787e+00,8.926189585e-02,-8.926189585e-02
9.872000000e-03,-9.196801037e-01,-3.364891836e-04,1.244913309e+00,9.193436145e-02,-9.193436145e-02
9.874000000e-03,-9.426596669e-01,-2.676602693e-04,1.058707682e+00,9.423920067e-02,-9.423920066e-02
9.876000000e-03,-9.618697302e-01,-1.977610372e-04,8.682685032e-01,9.616719691e-02,-9.616719691e-02
9.878000000e-03,-9.772334765e-01,-1.270709999e-04,6.743572992e-01,9.771064055e-02,-9.771064055e-02
9.880000000e-03,-9.886894693e-01,-5.587283214e-05,4.777494805e-01,9.886335965e-02,-9.886335965e-02
9.882000000e-03,-9.961918987e-01,1.554875950e-05,2.792312411e-01,9.962074474e-02,-9.962074474e-02
9.884000000e-03,-9.997107638e-01,8.690817488e-05,7.959641395e-02,9.997976720e-02,-9.997976720e-02
9.886000000e-03,-9.992319935e-01,1.579200626e-04,-1.203567027e-01,9.993899136e-02,-9.993899136e-02
9.888000000e-03,-9.947575023e-01,2.283004607e-04,-3.198285378e-01,9.949858028e-02,-9.949858028e-02
9.890000000e-03,-9.863051828e-01,2.977679329e-04,-5.180214452e-01,9.866029508e-02,-9.866029508e-02
9.892000000e-03,-9.739088340e-01,3.660446930e-04,-7.141428926e-01,9.742748787e-02,-9.742748787e-02
9.894000000e-03,-9.576180264e-01,4.328577165e-04,-9.074086311e-01,9.580508841e-02,-9.580508841e-02
9.896000000e-03,-9.374979034e-01,4.979398320e-04,-1.097045831e+00,9.379958433e-02,-9.379958433e-02
9.898000000e-03,-9.136289214e-01,5.610307897e-04,-1.282296173e+00,9.141899522e-02,-9.141899522e-02
9.900000000e-03,-8.861065273e-01,6.218783020e-04,-1.462418880e+00,8.867284056e-02,-8.867284056e-02
9.902000000e-03,-8.550407775e-01,6.802390523e-04,-1.636693677e+00,8.557210166e-02,-8.557210166e-02
9.904000000e-03,-8.205558975e-01,7.358796681e-04,-1.804423677e+00,8.212917772e-02,-8.212917772e-02
9.906000000e-03,-7.827897851e-01,7.885776543e-04,-1.964938162e+00,7.835783628e-02,-7.835783628e-02
9.908000000e-03,-7.418934593e-01,8.381222823e-04,-2.117595268e+00,7.427315815e-02,-7.427315815e-02
9.910000000e-03,-6.980304557e-01,8.843154337e-04,-2.261784550e+00,6.989147712e-02,-6.989147712e-02
9.912000000e-03,-6.513761736e-01,9.269723917e-04,-2.396929427e+00,6.523031460e-02,-6.523031460e-02
9.914000000e-03,-6.021171736e-01,9.659225798e-04,-2.522489482e+00,6.030830962e-02,-6.030830962e-02
9.916000000e-03,-5.504504323e-01,1.001010244e-03,-2.637962626e+00,5.514514426e-02,-5.514514426e-02
9.918000000e-03,-4.965825543e-01,1.032095077e-03,-2.742887106e+00,4.976146494e-02,-4.976146493e-02
9.920000000e-03,-4.407289458e-01,1.059052777e-03,-2.836843351e+00,4.417879986e-02,-4.417879986e-02
9.922000000e-03,-3.831129540e-01,1.081775544e-03,-2.919455650e+00,3.841947296e-02,-3.841947296e-02
9.924000000e-03,-3.239649732e-01,1.100172516e-03,-2.990393652e+00,3.250651457e-02,-3.250651457e-02
9.926000000e-03,-2.635215238e-01,1.114170128e-03,-3.049373693e+00,2.646356940e-02,-2.646356940e-02
9.928000000e-03,-2.020243067e-01,1.123712404e-03,-3.096159922e+00,2.031480191e-02,-2.031480191e-02
9.930000000e-03,-1.397192364e-01,1.128761188e-03,-3.130565252e+00,1.408479976e-02,-1.408479976e-02
9.932000000e-03,-7.685545792e-02,1.129296292e-03,-3.152452102e+00,7.798475421e-03,-7.798475421e-03
9.934000000e-03,-1.368435045e-02,1.125315574e-03,-3.161732952e+00,1.480966602e-03,-1.480966602e-03
9.936000000e-03,4.954147789e-02,1.116834953e-03,-3.158370690e+00,-4.842464294e-03,4.842464294e-03
9.938000000e-03,1.125692002e-01,1.103888342e-03,-3.142378761e+00,-1.114653118e-02,1.114653118e-02
9.940000000e-03,1.751467816e-01,1.086527510e-03,-3.113821112e+00,-1.740602541e-02,1.740602541e-02
9.942000000e-03,2.370239875e-01,1.064821882e-03,-3.072811940e+00,-2.359591656e-02,2.359591656e-02
9.944000000e-03,2.979533838e-01,1.038858252e-03,-3.019515233e+00,-2.969145256e-02,2.969145256e-02
9.946000000e-03,3.576913265e-01,1.008740443e-03,-2.954144112e+00,-3.566825860e-02,3.566825860e-02
9.948000000e-03,4.159989359e-01,9.745888921e-04,-2.876959983e+00,-4.150243470e-02,4.150243470e-02
9.950000000e-03,4.726430522e-01,9.365401626e-04,-2.788271490e+00,-4.717065120e-02,4.717065120e-02
9.952000000e-03,5.273971672e-01,8.947464037e-04,-2.688433279e+00,-5.265024208e-02,5.265024208e-02
9.954000000e-03,5.800423306e-01,8.493747400e-04,-2.577844583e+00,-5.791929558e-02,5.791929558e-02
9.956000000e-03,6.303680254e-01,8.006066035e-04,-2.456947622e+00,-6.295674188e-02,6.295674188e-02
9.958000000e-03,6.781730095e-01,7.486370076e-04,-2.326225839e+00,-6.774243725e-02,6.774243725e-02
9.960000000e-03,7.232661209e-01,6.936737681e-04,-2.186201962e+00,-7.225724471e-02,7.225724471e-02
9.962000000e-03,7.654670415e-01,6.359366715e-04,-2.037435919e+00,-7.648311048e-02,7.648311048e-02
9.964000000e-03,8.046070186e-01,5.756565964e-04,-1.880522593e+00,-8.040313620e-02,8.040313620e-02
9.966000000e-03,8.405295395e-01,5.130745903e-04,-1.716089448e+00,-8.400164650e-02,8.400164649e-02
9.968000000e-03,8.730909577e-01,4.484409056e-04,-1.544794019e+00,-8.726425168e-02,8.726425168e-02
9.970000000e-03,9.021610668e-01,3.820139990e-04,-1.367321280e+00,-9.017790528e-02,9.017790528e-02
9.972000000e-03,9.276236214e-01,3.140594979e-04,-1.184380907e+00,-9.273095619e-02,9.273095619e-02
9.974000000e-03,9.493768021e-01,2.448491382e-04,-9.967044412e-01,-9.491319529e-02,9.491319529e-02
9.976000000e-03,9.673336224e-01,1.746596777e-04,-8.050423619e-01,-9.671589627e-02,9.671589627e-02
9.978000000e-03,9.814222767e-01,1.037717895e-04,-6.101610856e-01,-9.813185050e-02,9.813185049e-02
9.980000000e-03,9.915864275e-01,3.246893952e-05,-4.128399020e-01,-9.915539586e-02,9.915539586e-02
9.982000000e-03,9.977854305e-01,-3.896374701e-05,-2.138678575e-01,-9.978243942e-02,9.978243942e-02
9.984000000e-03,9.999944970e-01,-1.102406256e-04,-1.404059998e-02,-1.000104738e-01,1.000104738e-01
9.986000000e-03,9.982047936e-01,-1.810766749e-04,1.858428030e-01,-9.983858703e-02,9.983858703e-02
9.988000000e-03,9.924234768e-01,-2.511886363e-04,3.849830593e-01,-9.926746654e-02,9.926746654e-02
9.990000000e-03,9.826736649e-01,-3.202961465e-04,5.825838484e-01,-9.829939611e-02,9.829939611e-02
9.992000000e-03,9.689943455e-01,-3.881228590e-04,7.778550059e-01,-9.693824683e-02,9.693824683e-02
9.994000000e-03,9.514402192e-01,-4.543975490e-04,9.700156830e-01,-9.518946168e-02,9.518946167e-02
9.996000000e-03,9.300814814e-01,-5.188551977e-04,1.158297469e+00,-9.306003366e-02,9.306003366e-02
9.998000000e-03,9.050035412e-01,-5.812380524e-04,1.341947465e+00,-9.055847792e-02,9.055847792e-02
1.000000000e-02,8.763066800e-01,-6.412966570e-04,1.520231291e+00,-8.769479767e-02,8.769479767e-02
1.000200000e-02,8.441056508e-01,-6.987908496e-04,1.692436029e+00,-8.448044416e-02,8.448044416e-02
1.000400000e-02,8.085292186e-01,-7.534907230e-04,1.857873068e+00,-8.092827093e-02,8.092827093e-02
1.000600000e-02,7.697196462e-01,-8.051775437e-04,2.015880858e+00,-7.705248237e-02,7.705248237e-02
1.000800000e-02,7.278321251e-01,-8.536446269e-04,2.165827560e+00,-7.286857697e-02,7.286857697e-02
1.001000000e-02,6.830341547e-01,-8.986981628e-04,2.307113568e+00,-6.839328528e-02,6.839328528e-02
1.001200000e-02,6.355048727e-01,-9.401579917e-04,2.439173909e+00,-6.364450307e-02,6.364450307e-02
1.001400000e-02,5.854343390e-01,-9.778583243e-04,2.561480501e+00,-5.864121973e-02,5.864121973e-02
1.001600000e-02,5.330227751e-01,-1.011648405e-03,2.673544265e+00,-5.340344235e-02,5.340344235e-02
1.001800000e-02,4.784797640e-01,-1.041393114e-03,2.774917082e+00,-4.795211572e-02,4.795211572e-02
1.002000000e-02,4.220234119e-01,-1.066973508e-03,2.865193582e+00,-4.230903854e-02,4.230903854e-02
1.002200000e-02,3.638794759e-01,-1.088287298e-03,2.944012769e+00,-3.649677632e-02,3.649677632e-02
1.002400000e-02,3.042804616e-01,-1.105249253e-03,3.011059462e+00,-3.053857108e-02,3.053857108e-02
1.002600000e-02,2.434646930e-01,-1.117791546e-03,3.066065554e+00,-2.445824845e-02,2.445824845e-02
1.002800000e-02,1.816753597e-01,-1.125864023e-03,3.108811087e+00,-1.828012238e-02,1.828012238e-02
1.003000000e-02,1.191595445e-01,-1.129434404e-03,3.139125132e+00,-1.202889789e-02,1.202889789e-02
1.003200000e-02,5.616723502e-02,-1.128488412e-03,3.156886468e+00,-5.729572343e-03,5.729572343e-03
1.003400000e-02,-7.049675543e-03,-1.123029829e-03,3.162024072e+00,5.926645713e-04,-5.926645713e-04
1.003600000e-02,-7.023839592e-02,-1.113080484e-03,3.154517400e+00,6.912531544e-03,-6.912531543e-03
1.003800000e-02,-1.331462476e-01,-1.098680161e-03,3.134396468e+00,1.320475674e-02,-1.320475674e-02
1.004000000e-02,-1.955216751e-01,-1.079886445e-03,3.101741737e+00,1.944417886e-02,-1.944417886e-02
1.004200000e-02,-2.571152520e-01,-1.056774488e-03,3.056683786e+00,2.560584775e-02,-2.560584775e-02
1.004400000e-02,-3.176806786e-01,-1.029436709e-03,2.999402792e+00,3.166512419e-02,-3.166512419e-02
1.004600000e-02,-3.769757662e-01,-9.979824271e-04,2.930127810e+00,3.759777838e-02,-3.759777838e-02
1.004800000e-02,-4.347634061e-01,-9.625374209e-04,2.849135857e+00,4.338008687e-02,-4.338008687e-02
1.005000000e-02,-4.908125176e-01,-9.232434278e-04,2.756750802e+00,4.898892742e-02,-4.898892742e-02
1.005200000e-02,-5.448989720e-01,-8.802575763e-04,2.653342073e+00,5.440187144e-02,-5.440187144e-02
1.005400000e-02,-5.968064887e-01,-8.337517578e-04,2.539323182e+00,5.959727369e-02,-5.959727369e-02
1.005600000e-02,-6.463275003e-01,-7.839119395e-04,2.415150066e+00,6.455435884e-02,-6.455435884e-02
1.005800000e-02,-6.932639828e-01,-7.309374204e-04,2.281319267e+00,6.925330453e-02,-6.925330453e-02
1.006000000e-02,-7.374282467e-01,-6.750400345e-04,2.138365946e+00,7.367532067e-02,-7.367532067e-02
1.006200000e-02,-7.786436885e-01,-6.164433040e-04,1.986861745e+00,7.780272452e-02,-7.780272452e-02
1.006400000e-02,-8.167454962e-01,-5.553815449e-04,1.827412497e+00,8.161901146e-02,-8.161901146e-02
1.006600000e-02,-8.515813084e-01,-4.920989305e-04,1.660655807e+00,8.510892095e-02,-8.510892095e-02
1.006800000e-02,-8.830118242e-01,-4.268485149e-04,1.487258499e+00,8.825849757e-02,-8.825849757e-02
1.007000000e-02,-9.109113593e-01,-3.598912208e-04,1.307913954e+00,9.105514681e-02,-9.105514681e-02
1.007200000e-02,-9.351683494e-01,-2.914947966e-04,1.123339334e+00,9.348768546e-02,-9.348768546e-02
1.007400000e-02,-9.556857958e-01,-2.219327454e-04,9.342727125e-01,9.554638630e-02,-9.554638630e-02
1.007600000e-02,-9.723816534e-01,-1.514832312e-04,7.414701292e-01,9.722301702e-02,-9.722301702e-02
1.007800000e-02,-9.851891591e-01,-8.042796715e-05,5.457025610e-01,9.851087311e-02,-9.851087311e-02
1.008000000e-02,-9.940570982e-01,-9.051088370e-06,3.477528418e-01,9.940480472e-02,-9.940480471e-02
1.008200000e-02,-9.989500098e-01,6.236198384e-05,1.484125312e-01,9.990123718e-02,-9.990123718e-02
1.008400000e-02,-9.998483281e-01,1.335256834e-04,-5.152125011e-02,9.999818538e-02,-9.999818538e-02
1.008600000e-02,-9.967484608e-01,2.041554416e-04,-2.512490087e-01,9.969526163e-02,-9.969526163e-02
1.008800000e-02,-9.896628038e-01,2.739688246e-04,-4.499720748e-01,9.899367727e-02,-9.899367727e-02
1.009000000e-02,-9.786196911e-01,3.426866633e-04,-6.468957961e-01,9.789623778e-02,-9.789623778e-02
1.009200000e-02,-9.636632818e-01,4.100341693e-04,-8.412327157e-01,9.640733160e-02,-9.640733160e-02
1.009400000e-02,-9.448533835e-01,4.757420339e-04,-1.032205721e+00,9.453291255e-02,-9.453291255e-02
1.009600000e-02,-9.222652130e-01,5.395475051e-04,-1.219051150e+00,9.228047605e-02,-9.228047605e-02
1.009800000e-02,-8.959890958e-01,6.011954381e-04,-1.401021847e+00,8.965902912e-02,-8.965902912e-02
1.010000000e-02,-8.661301045e-01,6.604393155e-04,-1.577390149e+00,8.667905439e-02,-8.667905438e-02
1.010200000e-02,-8.328076391e-01,7.170422335e-04,-1.747450796e+00,8.335246814e-02,-8.335246814e-02
1.010400000e-02,-7.961549492e-01,7.707778487e-04,-1.910523750e+00,7.969257271e-02,-7.969257271e-02
1.010600000e-02,-7.563186013e-01,8.214312837e-04,-2.065956918e+00,7.571400326e-02,-7.571400325e-02
1.010800000e-02,-7.134578925e-01,8.687999858e-04,-2.213128753e+00,7.143266925e-02,-7.143266925e-02
1.011000000e-02,-6.677442141e-01,9.126945374e-04,-2.351450747e+00,6.686569086e-02,-6.686569086e-02
1.011200000e-02,-6.193603654e-01,9.529394135e-04,-2.480369779e+00,6.203133048e-02,-6.203133048e-02
1.011400000e-02,-5.684998235e-01,9.893736830e-04,-2.599370328e+00,5.694891972e-02,-5.694891971e-02
1.011600000e-02,-5.153659690e-01,1.021851653e-03,-2.707976535e+00,5.163878206e-02,-5.163878206e-02
1.011800000e-02,-4.601712732e-01,1.050243451e-03,-2.805754108e+00,4.612215166e-02,-4.612215166e-02
1.012000000e-02,-4.031364482e-01,1.074435543e-03,-2.892312053e+00,4.042108837e-02,-4.042108837e-02
1.012200000e-02,-3.444895643e-01,1.094331192e-03,-2.967304244e+00,3.455838955e-02,-3.455838955e-02
1.012400000e-02,-2.844651384e-01,1.109850837e-03,-3.030430803e+00,2.855749893e-02,-2.855749893e-02
1.012600000e-02,-2.233031956e-01,1.120932420e-03,-3.081439299e+00,2.244241280e-02,-2.244241280e-02
1.012800000e-02,-1.612483097e-01,1.127531628e-03,-3.120125761e+00,1.623758413e-02,-1.623758413e-02
1.013000000e-02,-9.854862536e-02,1.129622071e-03,-3.146335488e+00,9.967824743e-03,-9.967824743e-03
1.013200000e-02,-3.545486557e-02,1.127195390e-03,-3.159963675e+00,3.658206096e-03,-3.658206096e-03
1.013400000e-02,2.778067085e-02,1.120261289e-03,-3.160955823e+00,-2.666040956e-03,2.666040956e-03
1.013600000e-02,9.090511814e-02,1.108847496e-03,-3.149307967e+00,-8.979627065e-03,8.979627065e-03
1.013800000e-02,1.536660548e-01,1.092999653e-03,-3.125066684e+00,-1.525730551e-02,1.525730551e-02
1.014000000e-02,2.158125128e-01,1.072781132e-03,-3.088328909e+00,-2.147397317e-02,2.147397317e-02
1.014200000e-02,2.770959815e-01,1.048272782e-03,-3.039241549e+00,-2.760477087e-02,2.760477087e-02
1.014400000e-02,3.372714010e-01,1.019572607e-03,-2.978000894e+00,-3.362518284e-02,3.362518284e-02
1.014600000e-02,3.960981423e-01,9.867953735e-04,-2.904851833e+00,-3.951113470e-02,3.951113470e-02
1.014800000e-02,4.533409696e-01,9.500721505e-04,-2.820086873e+00,-4.523908974e-02,4.523908974e-02
1.015000000e-02,5.087709806e-01,9.095497866e-04,-2.724044973e+00,-5.078614308e-02,5.078614308e-02
1.015200000e-02,5.621665222e-01,8.653903222e-04,-2.617110184e+00,-5.613011319e-02,5.613011319e-02
1.015400000e-02,6.133140769e-01,8.177703420e-04,-2.499710115e+00,-6.124963066e-02,6.124963066e-02
1.015600000e-02,6.620091162e-01,7.668802682e-04,-2.372314226e+00,-6.612422359e-02,6.612422359e-02
1.015800000e-02,7.080569187e-01,7.129235997e-04,-2.235431945e+00,-7.073439951e-02,7.073439951e-02
1.016000000e-02,7.512733488e-01,6.561160981e-04,-2.089610637e+00,-7.506172327e-02,7.506172327e-02
1.016200000e-02,7.914855931e-01,5.966849247e-04,-1.935433411e+00,-7.908889082e-02,7.908889082e-02
1.016400000e-02,8.285328511e-01,5.348677323e-04,-1.773516789e+00,-8.279979834e-02,8.279979834e-02
1.016600000e-02,8.622669786e-01,4.709117152e-04,-1.604508242e+00,-8.617960669e-02,8.617960669e-02
1.016800000e-02,8.925530798e-01,4.050726200e-04,-1.429083601e+00,-8.921480072e-02,8.921480072e-02
1.017000000e-02,9.192700469e-01,3.376137237e-04,-1.247944351e+00,-9.189324332e-02,9.189324332e-02
1.017200000e-02,9.423110443e-01,2.688047804e-04,-1.061814832e+00,-9.420422395e-02,9.420422395e-02
1.017400000e-02,9.615839358e-01,1.989209426e-04,-8.714393357e-01,-9.613850149e-02,9.613850149e-02
1.017600000e-02,9.770116532e-01,1.282416614e-04,-6.775791351e-01,-9.768834115e-02,9.768834115e-02
1.017800000e-02,9.885325041e-01,5.704956843e-05,-4.810094364e-01,-9.884754546e-02,9.884754546e-02
1.018000000e-02,9.961004192e-01,-1.437065390e-05,-2.825162810e-01,-9.961147899e-02,9.961147899e-02
1.018200000e-02,9.996851360e-01,-8.573341096e-05,-8.289340173e-02,-9.997708694e-02,9.997708694e-02
1.018400000e-02,9.992723197e-01,-1.567533379e-04,1.170609510e-01,-9.994290731e-02,9.994290731e-02
1.018600000e-02,9.948636214e-01,-2.271464409e-04,3.165472013e-01,-9.950907678e-02,9.950907678e-02
1.018800000e-02,9.864766703e-01,-2.966312326e-04,5.147676452e-01,-9.867733016e-02,9.867733016e-02
1.019000000e-02,9.741450042e-01,-3.649298576e-04,7.109296403e-01,-9.745099341e-02,9.745099341e-02
1.019200000e-02,9.579179349e-01,-4.317692040e-04,9.042487757e-01,-9.583497041e-02,9.583497041e-02
1.019400000e-02,9.378603510e-01,-4.968819952e-04,1.093952008e+00,-9.383572330e-02,9.383572330e-02
1.019600000e-02,9.140524587e-01,-5.600078586e-04,1.279280754e+00,-9.146124665e-02,9.146124665e-02
1.019800000e-02,8.865894606e-01,-6.208943672e-04,1.459493923e+00,-8.872103550e-02,8.872103550e-02
1.020000000e-02,8.555811757e-01,-6.792980482e-04,1.633870879e+00,-8.562604738e-02,8.562604738e-02
1.020200000e-02,8.211515997e-01,-7.349853577e-04,1.801714325e+00,-8.218865851e-02,8.218865851e-02
1.020400000e-02,7.834384092e-01,-7.877336136e-04,1.962353090e+00,-7.842261429e-02,7.842261428e-02
1.020600000e-02,7.425924115e-01,-8.373318866e-04,2.115144813e+00,-7.434297434e-02,7.434297434e-02
1.020800000e-02,6.987769412e-01,-8.835818436e-04,2.259478512e+00,-6.996605230e-02,6.996605230e-02
1.021000000e-02,6.521672072e-01,-9.262985406e-04,2.394777027e+00,-6.530935058e-02,6.530935058e-02
1.021200000e-02,6.029495922e-01,-9.653111623e-04,2.520499326e+00,-6.039149034e-02,6.039149034e-02
1.021400000e-02,5.513209073e-01,-1.000463706e-03,2.636142673e+00,-5.523213710e-02,5.523213710e-02
1.021600000e-02,4.974876046e-01,-1.031615603e-03,2.741244634e+00,-4.985192203e-02,4.985192202e-02
1.021800000e-02,4.416649526e-01,-1.058642283e-03,2.835384927e+00,-4.427235949e-02,4.427235949e-02
1.022000000e-02,3.840761742e-01,-1.081435674e-03,2.918187106e+00,-3.851576099e-02,3.851576099e-02
1.022200000e-02,3.249515551e-01,-1.099904628e-03,2.989320062e+00,-3.260514598e-02,3.260514598e-02
1.022400000e-02,2.645275224e-01,-1.113975292e-03,3.048499348e+00,-2.656414977e-02,2.656414977e-02
1.022600000e-02,2.030456991e-01,-1.123591401e-03,3.095488320e+00,-2.041692905e-02,2.041692905e-02
1.022800000e-02,1.407519383e-01,-1.128714501e-03,3.130099078e+00,-1.418806528e-02,1.418806528e-02
1.023000000e-02,7.789533972e-02,-1.129324107e-03,3.152193220e+00,-7.902466383e-03,7.902466383e-03
1.023200000e-02,1.472725392e-02,-1.125417781e-03,3.161682398e+00,-1.585267170e-03,1.585267170e-03
1.023400000e-02,-4.849972312e-02,-1.117011143e-03,3.158528665e+00,4.738271197e-03,-4.738271197e-03
1.023600000e-02,-1.115327598e-01,-1.104137810e-03,3.142744633e+00,1.104286220e-02,-1.104286220e-02
1.023800000e-02,-1.741198003e-01,-1.086849260e-03,3.114393419e+00,1.730329510e-02,-1.730329510e-02
1.024000000e-02,-2.360105718e-01,-1.065214625e-03,3.073588394e+00,2.349453572e-02,-2.349453572e-02
1.024200000e-02,-2.969575862e-01,-1.039320419e-03,3.020492728e+00,2.959182658e-02,-2.959182658e-02
1.024400000e-02,-3.567171289e-01,-1.009270186e-03,2.955318740e+00,3.557078587e-02,-3.557078587e-02
1.024600000e-02,-4.150502341e-01,-9.751840922e-04,2.878327046e+00,4.140750500e-02,-4.140750500e-02
1.024800000e-02,-4.717236397e-01,-9.371984397e-04,2.789825522e+00,4.707864412e-02,-4.707864412e-02
1.025000000e-02,-5.265107205e-01,-8.954651256e-04,2.690168065e+00,5.256152554e-02,-5.256152554e-02
1.025200000e-02,-5.791923945e-01,-8.501510328e-04,2.579753187e+00,5.783422435e-02,-5.783422435e-02
1.025400000e-02,-6.295579986e-01,-8.014373628e-04,2.459022411e+00,6.287565613e-02,-6.287565613e-02
1.025600000e-02,-6.774061313e-01,-7.495189115e-04,2.328458517e+00,6.766566124e-02,-6.766566123e-02
1.025800000e-02,-7.225454576e-01,-6.946032900e-04,2.188583601e+00,7.218508544e-02,-7.218508544e-02
1.026000000e-02,-7.647954750e-01,-6.369100944e-04,2.039956995e+00,7.641585650e-02,-7.641585650e-02
1.026200000e-02,-8.039872344e-01,-5.766700278e-04,1.883173025e+00,8.034105644e-02,-8.034105644e-02
1.026400000e-02,-8.399640161e-01,-5.141239777e-04,1.718858637e+00,8.394498921e-02,-8.394498921e-02
1.026600000e-02,-8.725819563e-01,-4.495220528e-04,1.547670892e+00,8.721324343e-02,-8.721324343e-02
1.026800000e-02,-9.017106228e-01,-3.831225826e-04,1.370294332e+00,9.013275003e-02,-9.013275002e-02
1.027000000e-02,-9.272335361e-01,-3.151910850e-04,1.187438251e+00,9.269183450e-02,-9.269183450e-02
1.027200000e-02,-9.490486354e-01,-2.459992037e-04,9.998338508e-01,9.488026362e-02,-9.488026362e-02
1.027400000e-02,-9.670686865e-01,-1.758236229e-04,8.082313232e-01,9.668928629e-02,-9.668928629e-02
1.027600000e-02,-9.812216311e-01,-1.049449599e-04,6.133968466e-01,9.811166862e-02,-9.811166862e-02
1.027800000e-02,-9.914508745e-01,-3.364664384e-05,4.161095236e-01,9.914172279e-02,-9.914172279e-02
1.028000000e-02,-9.977155121e-01,3.778621814e-05,2.171582651e-01,9.977532984e-02,-9.977532983e-02
1.028200000e-02,-9.999904929e-01,1.090679809e-04,1.733863596e-02,1.000099561e-01,-1.000099561e-01
1.028400000e-02,-9.982667197e-01,1.799136035e-04,-1.825503268e-01,9.984466333e-02,-9.984466333e-02
1.028600000e-02,-9.925510855e-01,2.500397890e-04,-3.817093088e-01,9.928011253e-02,-9.928011253e-02
1.028800000e-02,-9.828664460e-01,3.191661174e-04,-5.793419146e-01,9.831856121e-02,-9.831856121e-02
1.029000000e-02,-9.692515280e-01,3.870161669e-04,-7.746578527e-01,9.696385442e-02,-9.696385442e-02
1.029200000e-02,-9.517607747e-01,4.533186192e-04,-9.668760951e-01,9.522140934e-02,-9.522140933e-02
1.029400000e-02,-9.304641281e-01,5.178083446e-04,-1.155228001e+00,9.309819365e-02,-9.309819364e-02
1.029600000e-02,-9.054467490e-01,5.802274622e-04,-1.338960391e+00,9.060269764e-02,-9.060269764e-02
1.029800000e-02,-8.768086766e-01,6.403263709e-04,-1.517338556e+00,8.774490030e-02,-8.774490030e-02
1.030000000e-02,-8.446644287e-01,6.978647476e-04,-1.689649200e+00,8.453622935e-02,-8.453622935e-02
1.030200000e-02,-8.091425435e-01,7.526125083e-04,-1.855203289e+00,8.098951560e-02,-8.098951560e-02
1.030400000e-02,-7.703850655e-01,8.043507281e-04,-2.013338805e+00,7.711894162e-02,-7.711894162e-02
1.030600000e-02,-7.285469779e-01,8.528725167e-04,-2.163423398e+00,7.293998504e-02,-7.293998504e-02
1.030800000e-02,-6.837955824e-01,8.979838455e-04,-2.304856911e+00,6.846935663e-02,-6.846935663e-02
1.031000000e-02,-6.363098307e-01,9.395043237e-04,-2.437073781e+00,6.372493350e-02,-6.372493350e-02
1.031200000e-02,-5.862796083e-01,9.772679195e-04,-2.559545300e+00,5.872568762e-02,-5.872568762e-02
1.031400000e-02,-5.339049757e-01,1.011123624e-03,-2.671781729e+00,5.349160993e-02,-5.349160993e-02
1.031600000e-02,-4.793953681e-01,1.040936056e-03,-2.773334259e+00,4.804363042e-02,-4.804363042e-02
1.031800000e-02,-4.229687582e-01,1.066586001e-03,-2.863796802e+00,4.240353442e-02,-4.240353442e-02
1.032000000e-02,-3.648507842e-01,1.087970890e-03,-2.942807617e+00,3.659387551e-02,-3.659387551e-02
1.032200000e-02,-3.052738478e-01,1.105005210e-03,-3.010050757e+00,3.063788530e-02,-3.063788530e-02
1.032400000e-02,-2.444761848e-01,1.117620844e-03,-3.065257330e+00,2.455938056e-02,-2.455938056e-02
1.032600000e-02,-1.827009123e-01,1.125767344e-03,-3.108206576e+00,1.838266797e-02,-1.838266797e-02
1.032800000e-02,-1.201950569e-01,1.129412136e-03,-3.138726751e+00,1.213244691e-02,-1.213244691e-02
1.033000000e-02,-5.720856652e-02,1.128540643e-03,-3.156695810e+00,5.833710716e-03,-5.833710716e-03
1.033200000e-02,6.006689055e-03,1.123156350e-03,-3.162041900e+00,-4.883532705e-04,4.883532705e-04
1.033400000e-02,6.919792513e-02,1.113280789e-03,-3.154743641e+00,-6.808464434e-03,6.808464434e-03
1.033600000e-02,1.321124531e-01,1.098953450e-03,-3.134830219e+00,-1.310134996e-02,1.310134996e-02
1.033800000e-02,1.944986908e-01,1.080231625e-03,-3.102381263e+00,-1.934184592e-02,1.934184592e-02
1.034000000e-02,2.561071688e-01,1.057190178e-03,-3.057526530e+00,-2.550499786e-02,2.550499786e-02
1.034200000e-02,3.166915274e-01,1.029921247e-03,-3.000445383e+00,-3.156616062e-02,3.156616062e-02
1.034400000e-02,3.760095025e-01,9.985338755e-04,-2.931366080e+00,-3.750109686e-02,3.750109686e-02
1.034600000e-02,4.338238938e-01,9.631535746e-04,-2.850564854e+00,-4.328607402e-02,4.328607402e-02
1.034800000e-02,4.899035136e-01,9.239218230e-04,-2.758364812e+00,-4.889795918e-02,4.889795918e-02
1.035000000e-02,5.440241111e-01,8.809955002e-04,-2.655134642e+00,-5.431431156e-02,5.431431156e-02
1.035200000e-02,5.959692694e-01,8.345462596e-04,-2.541287142e+00,-5.951347231e-02,5.951347231e-02
1.035400000e-02,6.455312705e-01,7.847598422e-04,-2.417277562e+00,-6.447465107e-02,6.447465107e-02
1.035600000e-02,6.925119264e-01,7.318353333e-04,-2.283601793e+00,-6.917800910e-02,6.917800910e-02
1.035800000e-02,7.367233710e-01,6.759843671e-04,-2.140794375e+00,-7.360473867e-02,7.360473867e-02
1.036000000e-02,7.779888122e-01,6.174302801e-04,-1.989426365e+00,-7.773713819e-02,7.773713819e-02
1.036200000e-02,8.161432379e-01,5.564072178e-04,-1.830103054e+00,-8.155868307e-02,8.155868307e-02
1.036400000e-02,8.510340766e-01,4.931591988e-04,-1.663461541e+00,-8.505409174e-02,8.505409174e-02
1.036600000e-02,8.825218070e-01,4.279391388e-04,-1.490168191e+00,-8.820938679e-02,8.820938679e-02
1.036800000e-02,9.104805163e-01,3.610078391e-04,-1.310915968e+00,-9.101195085e-02,9.101195085e-02
1.037000000e-02,9.347984034e-01,2.926329442e-04,-1.126421665e+00,-9.345057705e-02,9.345057704e-02
1.037200000e-02,9.553782261e-01,2.230878709e-04,-9.374230367e-01,-9.551551382e-02,9.551551382e-02
1.037400000e-02,9.721376900e-01,1.526507157e-04,-7.446758483e-01,-9.719850393e-02,9.719850393e-02
1.037600000e-02,9.850097774e-01,8.160314206e-05,-5.489508560e-01,-9.849281743e-02,9.849281743e-02
1.037800000e-02,9.939430157e-01,1.022925439e-05,-3.510307234e-01,-9.939327864e-02,9.939327864e-02
1.038000000e-02,9.989016826e-01,-6.118553793e-05,-1.517068920e-01,-9.989628681e-02,9.989628681e-02
1.038200000e-02,9.998659494e-01,-1.323556620e-04,4.822358376e-02,-9.999983050e-02,9.999983050e-02
1.038400000e-02,9.968319602e-01,-2.029965233e-04,2.479612234e-01,-9.970349568e-02,9.970349567e-02
1.038600000e-02,9.898118474e-01,-2.728256438e-04,4.467073177e-01,-9.900846731e-02,9.900846730e-02
1.038800000e-02,9.788336829e-01,-3.415637912e-04,6.436671224e-01,-9.791752467e-02,9.791752467e-02
1.039000000e-02,9.639413661e-01,-4.089360961e-04,8.380530361e-01,-9.643503022e-02,9.643503022e-02
1.039200000e-02,9.451944482e-01,-4.746731506e-04,1.029087750e+00,-9.456691214e-02,9.456691214e-02
1.039400000e-02,9.226678944e-01,-5.385120859e-04,1.216007356e+00,-9.232064065e-02,9.232064065e-02
1.039600000e-02,8.964517836e-01,-6.001976234e-04,1.398064402e+00,-8.970519812e-02,8.970519812e-02
1.039800000e-02,8.666509485e-01,-6.594830954e-04,1.574530879e+00,-8.673104316e-02,8.673104316e-02
1.040000000e-02,8.333845566e-01,-7.161314317e-04,1.744701134e+00,-8.341006880e-02,8.341006880e-02
1.040200000e-02,7.967856331e-01,-7.699161074e-04,1.907894692e+00,-7.975555493e-02,7.975555492e-02
1.040400000e-02,7.570005297e-01,-8.206220487e-04,2.063458977e+00,-7.578211517e-02,7.578211517e-02
1.040600000e-02,7.141883386e-01,-8.680464930e-04,2.210771918e+00,-7.150563851e-02,7.150563851e-02
1.040800000e-02,6.685202569e-01,-9.119998001e-04,2.349244442e+00,-6.694322567e-02,6.694322567e-02
1.041000000e-02,6.201789017e-01,-9.523062096e-04,2.478322826e+00,-6.211312079e-02,6.211312079e-02
1.041200000e-02,5.693575801e-01,-9.888045447e-04,2.597490913e+00,-5.703463846e-02,5.703463846e-02
1.041400000e-02,5.162595159e-01,-1.021348856e-03,2.706272174e+00,-5.172808648e-02,5.172808648e-02
1.041600000e-02,4.610970373e-01,-1.049809006e-03,2.804231615e+00,-4.621468463e-02,4.621468463e-02
1.041800000e-02,4.040907276e-01,-1.074071188e-03,2.890977517e+00,-4.051647988e-02,4.051647988e-02
1.042000000e-02,3.454685431e-01,-1.094038382e-03,2.966163002e+00,-3.465625815e-02,3.465625815e-02
1.042200000e-02,2.854649018e-01,-1.109630745e-03,3.029487418e+00,-2.865745326e-02,2.865745325e-02
1.042400000e-02,2.243197457e-01,-1.120785925e-03,3.080697543e+00,-2.254405316e-02,2.254405316e-02
1.042600000e-02,1.622775816e-01,-1.127459315e-03,3.119588600e+00,-1.634050409e-02,1.634050409e-02
1.042800000e-02,9.958650321e-02,-1.129624230e-03,3.146005071e+00,-1.007161274e-02,1.007161274e-02
1.043000000e-02,3.649719910e-02,-1.127272013e-03,3.159841322e+00,-3.762447111e-03,3.762447111e-03
1.043200000e-02,-2.673804972e-02,-1.120412070e-03,3.161042025e+00,2.561763765e-03,-2.561763765e-03
1.043400000e-02,-8.986637864e-02,-1.109071831e-03,3.149602378e+00,8.875730681e-03,-8.875730681e-03
1.043600000e-02,-1.526353506e-01,-1.093296645e-03,3.125568127e+00,1.515420540e-02,-1.515420540e-02
1.043800000e-02,-2.147939655e-01,-1.073149593e-03,3.089035379e+00,2.137208160e-02,-2.137208160e-02
1.044000000e-02,-2.760936641e-01,-1.048711239e-03,3.040150220e+00,2.750449529e-02,-2.750449529e-02
1.044200000e-02,-3.362893215e-01,-1.020079307e-03,2.979108134e+00,3.352692422e-02,-3.352692422e-02
1.044400000e-02,-3.951402279e-01,-9.873682904e-04,2.906153213e+00,3.941528596e-02,-3.941528596e-02
1.044600000e-02,-4.524110507e-01,-9.507089931e-04,2.821577191e+00,4.514603417e-02,-4.514603417e-02
1.044800000e-02,-5.078727758e-01,-9.102480081e-04,2.725718268e+00,5.069625278e-02,-5.069625278e-02
1.045000000e-02,-5.613036233e-01,-8.661471308e-04,2.618959765e+00,5.604374761e-02,-5.604374761e-02
1.045200000e-02,-6.124899343e-01,-8.185827112e-04,2.501728586e+00,6.116713516e-02,-6.116713516e-02
1.045400000e-02,-6.612270255e-01,-7.677449496e-04,2.374493515e+00,6.604592806e-02,-6.604592806e-02
1.045600000e-02,-7.073200074e-01,-7.138371357e-04,2.237763338e+00,7.066061703e-02,-7.066061703e-02
1.045800000e-02,-7.505845637e-01,-6.570748355e-04,2.092084812e+00,7.499274889e-02,-7.499274889e-02
1.046000000e-02,-7.908476884e-01,-5.976850298e-04,1.938040473e+00,7.902500034e-02,-7.902500034e-02
1.046200000e-02,-8.279483778e-01,-5.359052059e-04,1.776246313e+00,8.274124726e-02,-8.274124726e-02
1.046400000e-02,-8.617382737e-01,-4.719824086e-04,1.607349314e+00,8.612662913e-02,-8.612662913e-02
1.046600000e-02,-8.920822576e-01,-4.061722518e-04,1.432024860e+00,8.916760854e-02,-8.916760854e-02
1.046800000e-02,-9.188589901e-01,-3.387378966e-04,1.250974035e+00,9.185202522e-02,-9.185202522e-02
1.047000000e-02,-9.419613966e-01,-2.699489991e-04,1.064920826e+00,9.416914476e-02,-9.416914476e-02
1.047200000e-02,-9.612970954e-01,-2.000806316e-04,8.746092202e-01,9.610970147e-02,-9.610970147e-02
1.047400000e-02,-9.767887670e-01,-1.294121833e-04,6.808002338e-01,9.766593548e-02,-9.766593548e-02
1.047600000e-02,-9.883744635e-01,-5.822624266e-05,4.842688689e-01,9.883162373e-02,-9.883162373e-02
1.047800000e-02,-9.960078562e-01,1.319253265e-05,2.858010135e-01,9.960210487e-02,-9.960210487e-02
1.048000000e-02,-9.996584206e-01,8.455855377e-05,8.619029933e-02,9.997429792e-02,-9.997429792e-02
1.048200000e-02,-9.993115589e-01,1.555864428e-04,-1.137650719e-01,9.994671454e-02,-9.994671453e-02
1.048400000e-02,-9.949686581e-01,2.259921740e-04,-3.132655204e-01,9.951946503e-02,-9.951946503e-02
1.048600000e-02,-9.866470847e-01,2.954942096e-04,-5.115132851e-01,9.869425789e-02,-9.869425789e-02
1.048800000e-02,-9.743801147e-01,3.638146252e-04,-7.077156147e-01,9.747439294e-02,-9.747439293e-02
1.049000000e-02,-9.582168014e-01,4.306802219e-04,-9.010879366e-01,9.586474816e-02,-9.586474816e-02
1.049200000e-02,-9.382217783e-01,4.958236179e-04,-1.090856995e+00,9.387176020e-02,-9.387176019e-02
1.049400000e-02,-9.144750016e-01,5.589843184e-04,-1.276263944e+00,9.150339859e-02,-9.150339859e-02
1.049600000e-02,-8.870714295e-01,6.199097568e-04,-1.456567378e+00,8.876913392e-02,-8.876913392e-02
1.049800000e-02,-8.561206432e-01,6.783563051e-04,-1.631046303e+00,8.567989995e-02,-8.567989995e-02
1.050000000e-02,-8.217464086e-01,7.340902477e-04,-1.799003013e+00,8.224804989e-02,-8.224804989e-02
1.050200000e-02,-7.840861810e-01,7.868887160e-04,-1.959765883e+00,7.848730698e-02,-7.848730698e-02
1.050400000e-02,-7.432905559e-01,8.365405800e-04,-2.112692058e+00,7.441270965e-02,-7.441270965e-02
1.050600000e-02,-6.995226665e-01,8.828472922e-04,-2.257170016e+00,7.004055138e-02,-7.004055138e-02
1.050800000e-02,-6.529575314e-01,9.256236818e-04,-2.392622021e+00,6.538831550e-02,-6.538831550e-02
1.051000000e-02,-6.037813549e-01,9.646986948e-04,-2.518506429e+00,6.047460536e-02,-6.047460536e-02
1.051200000e-02,-5.521907824e-01,9.999160783e-04,-2.634319853e+00,5.531906985e-02,-5.531906985e-02
1.051400000e-02,-4.983921138e-01,1.031135005e-03,-2.739599179e+00,4.994232488e-02,-4.994232488e-02
1.051600000e-02,-4.426004788e-01,1.058230638e-03,-2.833923419e+00,4.436587095e-02,-4.436587095e-02
1.051800000e-02,-3.850389766e-01,1.081094627e-03,-2.916915388e+00,3.861200712e-02,-3.861200712e-02
1.052000000e-02,-3.259377836e-01,1.099635543e-03,-2.988243219e+00,3.270374191e-02,-3.270374191e-02
1.052200000e-02,-2.655332332e-01,1.113779245e-03,-3.047621688e+00,2.666470124e-02,-2.666470124e-02
1.052400000e-02,-2.040668706e-01,1.123469175e-03,-3.094813351e+00,2.051903397e-02,-2.051903397e-02
1.052600000e-02,-1.417844870e-01,1.128666586e-03,-3.129629499e+00,1.429131536e-02,-1.429131536e-02
1.052800000e-02,-7.893513678e-02,1.129350695e-03,-3.151930909e+00,8.006448748e-03,-8.006448748e-03
1.053000000e-02,-1.577014136e-02,1.125518764e-03,-3.161628404e+00,1.689566012e-03,-1.689566012e-03
1.053200000e-02,4.745791558e-02,1.117186118e-03,-3.158683204e+00,-4.634072946e-03,4.634072946e-03
1.053400000e-02,1.104961982e-01,1.104386078e-03,-3.143107087e+00,-1.093918121e-02,1.093918121e-02
1.053600000e-02,1.730926295e-01,1.087169827e-03,-3.114962339e+00,-1.720054597e-02,1.720054597e-02
1.053800000e-02,2.349968993e-01,1.065606210e-03,-3.074361504e+00,-2.339312931e-02,2.339312931e-02
1.054000000e-02,2.959614655e-01,1.039781455e-03,-3.021466937e+00,-2.949216840e-02,2.949216840e-02
1.054200000e-02,3.557425433e-01,1.009798831e-03,-2.956490152e+00,-3.547327445e-02,3.547327445e-02
1.054400000e-02,4.141010807e-01,9.757782313e-04,-2.879690978e+00,-4.131253025e-02,4.131253024e-02
1.054600000e-02,4.708037140e-01,9.378556973e-04,-2.791376519e+00,-4.698658583e-02,4.698658583e-02
1.054800000e-02,5.256237011e-01,8.961828735e-04,-2.691899925e+00,-5.247275183e-02,5.247275182e-02
1.055000000e-02,5.783418284e-01,8.509264007e-04,-2.581658984e+00,-5.774909020e-02,5.774909020e-02
1.055200000e-02,6.287472871e-01,8.022672503e-04,-2.461094525e+00,-6.279450198e-02,6.279450198e-02
1.055400000e-02,6.766385161e-01,7.504000001e-04,-2.330688662e+00,-6.758881161e-02,6.758881161e-02
1.055600000e-02,7.218240084e-01,6.955320563e-04,-2.190962859e+00,-7.211284763e-02,7.211284763e-02
1.055800000e-02,7.641230766e-01,6.378828244e-04,-2.042475851e+00,-7.634851938e-02,7.634851938e-02
1.056000000e-02,8.033665756e-01,5.776828319e-04,-1.885821408e+00,-8.027888928e-02,8.027888928e-02
1.056200000e-02,8.393975788e-01,5.151728058e-04,-1.721625956e+00,-8.388824060e-02,8.388824060e-02
1.056400000e-02,8.720720057e-01,4.506027109e-04,-1.550546081e+00,-8.716214030e-02,8.716214029e-02
1.056600000e-02,9.012591979e-01,3.842307495e-04,-1.373265894e+00,-9.008749672e-02,9.008749672e-02
1.056800000e-02,9.268424422e-01,3.163223292e-04,-1.190494303e+00,-9.265261198e-02,9.265261198e-02
1.057000000e-02,9.487194362e-01,2.471490017e-04,-1.002962173e+00,-9.484722872e-02,9.484722872e-02
1.057200000e-02,9.668026986e-01,1.769873767e-04,-8.114194052e-01,-9.666257112e-02,9.666257112e-02
1.057400000e-02,9.810199181e-01,1.061180161e-04,-6.166319403e-01,-9.809138001e-02,9.809138001e-02
1.057600000e-02,9.913142430e-01,3.482431154e-05,-4.193786925e-01,-9.912794187e-02,9.912794187e-02
1.057800000e-02,9.976445084e-01,-3.660864817e-05,-2.204484365e-01,-9.976811170e-02,9.976811170e-02
1.058000000e-02,9.999854009e-01,-1.078952175e-04,-2.063665309e-02,-1.000093296e-01,1.000093296e-01
1.058200000e-02,9.983275598e-01,-1.787503363e-04,1.792576520e-01,-9.985063102e-02,9.985063102e-02
1.058400000e-02,9.926776145e-01,-2.488906697e-04,3.784351430e-01,-9.929265052e-02,9.929265052e-02
1.058600000e-02,9.830581578e-01,-3.180357411e-04,5.760993506e-01,-9.833761936e-02,9.833761936e-02
1.058800000e-02,9.695076561e-01,-3.859090537e-04,7.714598568e-01,-9.698935651e-02,9.698935651e-02
1.059000000e-02,9.520802949e-01,-4.522391962e-04,9.637354554e-01,-9.525325341e-02,9.525325341e-02
1.059200000e-02,9.308457626e-01,-5.167609283e-04,1.152157276e+00,-9.313625235e-02,9.313625235e-02
1.059400000e-02,9.058889717e-01,-5.792162409e-04,1.335971860e+00,-9.064681880e-02,9.064681880e-02
1.059600000e-02,8.773097193e-01,-6.393553882e-04,1.514444170e+00,-8.779490747e-02,8.779490747e-02
1.059800000e-02,8.452222878e-01,-6.969378864e-04,1.686860533e+00,-8.459192257e-02,8.459192257e-02
1.060000000e-02,8.097549881e-01,-7.517334748e-04,1.852531492e+00,-8.105067216e-02,8.105067216e-02
1.060200000e-02,7.710496467e-01,-8.035230375e-04,2.010794562e+00,-7.718531698e-02,7.718531697e-02
1.060400000e-02,7.292610381e-01,-8.520994787e-04,2.161016883e+00,-7.301131376e-02,7.301131376e-02
1.060600000e-02,6.845562663e-01,-8.972685513e-04,2.302597747e+00,-6.854535349e-02,6.854535349e-02
1.060800000e-02,6.371140964e-01,-9.388496336e-04,2.434971002e+00,-6.380529461e-02,6.380529461e-02
1.061000000e-02,5.871242398e-01,-9.766764515e-04,2.557607314e+00,-5.881009162e-02,5.881009162e-02
1.061200000e-02,5.347865954e-01,-1.010597743e-03,2.670016286e+00,-5.357971932e-02,5.357971932e-02
1.061400000e-02,4.803104507e-01,-1.040477865e-03,2.771748419e+00,-4.813509286e-02,4.813509286e-02
1.061600000e-02,4.239136444e-01,-1.066197332e-03,2.862396906e+00,-4.249798417e-02,4.249798417e-02
1.061800000e-02,3.658216956e-01,-1.087653298e-03,2.941599264e+00,-3.669093489e-02,3.669093489e-02
1.062000000e-02,3.062669019e-01,-1.104759965e-03,3.009038778e+00,-3.073716618e-02,3.073716618e-02
1.062200000e-02,2.454874106e-01,-1.117448926e-03,3.064445771e+00,-2.466048595e-02,2.466048595e-02
1.062400000e-02,1.837262662e-01,-1.125669441e-03,3.107598684e+00,-1.848519356e-02,1.848519356e-02
1.062600000e-02,1.212304386e-01,-1.129388639e-03,3.138324955e+00,-1.223598273e-02,1.223598273e-02
1.062800000e-02,5.824983578e-02,-1.128591646e-03,3.156501718e+00,-5.937842743e-03,5.937842743e-03
1.063000000e-02,-4.963696034e-03,-1.123281650e-03,3.162056287e+00,3.840414384e-04,-3.840414384e-04
1.063200000e-02,-6.815737906e-02,-1.113479884e-03,3.154966451e+00,6.704389918e-03,-6.704389918e-03
1.063400000e-02,-1.310785149e-01,-1.099225544e-03,3.135260560e+00,1.299792894e-02,-1.299792894e-02
1.063600000e-02,-1.934754950e-01,-1.080575629e-03,3.103017414e+00,1.923949194e-02,-1.923949194e-02
1.063800000e-02,-2.550988069e-01,-1.057604717e-03,3.058365947e+00,2.540412022e-02,-2.540412022e-02
1.064000000e-02,-3.157020317e-01,-1.030404665e-03,3.001484711e+00,3.146716271e-02,-3.146716270e-02
1.064200000e-02,-3.750428298e-01,-9.990842376e-04,2.932601162e+00,3.740437455e-02,-3.740437455e-02
1.064400000e-02,-4.328839095e-01,-9.637686806e-04,2.851990750e+00,4.319201409e-02,-4.319201408e-02
1.064600000e-02,-4.889939766e-01,-9.245992131e-04,2.759975821e+00,4.880693774e-02,-4.880693774e-02
1.064800000e-02,-5.431486584e-01,-8.817324657e-04,2.656924323e+00,5.422669260e-02,-5.422669260e-02
1.065000000e-02,-5.951314018e-01,-8.353398535e-04,2.543248337e+00,5.942960619e-02,-5.942960619e-02
1.065200000e-02,-6.447343384e-01,-7.856068911e-04,2.419402429e+00,6.439487316e-02,-6.439487316e-02
1.065400000e-02,-6.917591166e-01,-7.327324501e-04,2.285881835e+00,6.910263841e-02,-6.910263841e-02
1.065600000e-02,-7.360176939e-01,-6.769279644e-04,2.143220475e+00,7.353407660e-02,-7.353407659e-02
1.065800000e-02,-7.773330896e-01,-6.184165846e-04,1.991988821e+00,7.767146730e-02,-7.767146730e-02
1.066000000e-02,-8.155400919e-01,-5.574322855e-04,1.832791619e+00,8.149826596e-02,-8.149826596e-02
1.066200000e-02,-8.504859190e-01,-4.942189307e-04,1.666265465e+00,8.499917001e-02,-8.499917001e-02
1.066400000e-02,-8.820308298e-01,-4.290292971e-04,1.493076261e+00,8.816018005e-02,-8.816018005e-02
1.066600000e-02,-9.100486828e-01,-3.621240646e-04,1.313916556e+00,9.096865588e-02,-9.096865588e-02
1.066800000e-02,-9.344274404e-01,-2.937707733e-04,1.129502772e+00,9.341336697e-02,-9.341336697e-02
1.067000000e-02,-9.550696171e-01,-2.242427538e-04,9.405723412e-01,9.548453743e-02,-9.548453743e-02
1.067200000e-02,-9.718926690e-01,-1.538180342e-04,7.478807573e-01,9.717388509e-02,-9.717388509e-02
1.067400000e-02,-9.848293242e-01,-8.277822818e-05,5.521985538e-01,9.847465460e-02,-9.847465460e-02
1.067600000e-02,-9.938278519e-01,-1.140740929e-05,3.543082232e-01,9.938164445e-02,-9.938164445e-02
1.067800000e-02,-9.988522686e-01,6.000902546e-05,1.550010877e-01,9.989122777e-02,-9.989122777e-02
1.068000000e-02,-9.998824829e-01,1.311854966e-04,-4.492586495e-02,1.000013668e-01,-1.000013668e-01
1.068200000e-02,-9.969143752e-01,2.018373842e-04,-2.446731684e-01,9.971162126e-02,-9.971162126e-02
1.068400000e-02,-9.899598142e-01,2.716821661e-04,-4.434420747e-01,9.902314964e-02,-9.902314964e-02
1.068600000e-02,-9.790466098e-01,3.404405475e-04,-6.404377484e-01,9.793870504e-02,-9.793870504e-02
1.068800000e-02,-9.642184017e-01,4.078375780e-04,-8.348724448e-01,9.646262393e-02,-9.646262393e-02
1.069000000e-02,-9.455344847e-01,4.736037509e-04,-1.025968660e+00,9.460080885e-02,-9.460080885e-02
1.069200000e-02,-9.230695720e-01,5.374760808e-04,-1.212962240e+00,9.236070481e-02,-9.236070481e-02
1.069400000e-02,-8.969134961e-01,5.991991558e-04,-1.395105436e+00,8.975126953e-02,-8.975126953e-02
1.069600000e-02,-8.671708497e-01,6.585261579e-04,-1.571669896e+00,8.678293759e-02,-8.678293758e-02
1.069800000e-02,-8.339605674e-01,7.152198508e-04,-1.741949574e+00,8.346757873e-02,-8.346757872e-02
1.070000000e-02,-7.974154503e-01,7.690535284e-04,-1.905263559e+00,7.981845038e-02,-7.981845038e-02
1.070200000e-02,-7.576816346e-01,8.198119209e-04,-2.060958791e+00,7.585014465e-02,-7.585014465e-02
1.070400000e-02,-7.149180077e-01,8.672920560e-04,-2.208412677e+00,7.157852998e-02,-7.157852998e-02
1.070600000e-02,-6.692955724e-01,9.113040706e-04,-2.347035581e+00,6.702068764e-02,-6.702068764e-02
1.070800000e-02,-6.209967633e-01,9.516719697e-04,-2.476273177e+00,6.219484352e-02,-6.219484352e-02
1.071000000e-02,-5.702147173e-01,9.882343306e-04,-2.595608672e+00,5.712029516e-02,-5.712029516e-02
1.071200000e-02,-5.171525012e-01,1.020844948e-03,-2.704564868e+00,5.181733462e-02,-5.181733462e-02
1.071400000e-02,-4.620222999e-01,1.049373419e-03,-2.802706071e+00,4.630716733e-02,-4.630716733e-02
1.071600000e-02,-4.050445675e-01,1.073705663e-03,-2.889639836e+00,4.061182732e-02,-4.061182732e-02
1.071800000e-02,-3.464471461e-01,1.093744383e-03,-2.965018533e+00,3.475408905e-02,-3.475408905e-02
1.072000000e-02,-2.864643546e-01,1.109409445e-03,-3.028540736e+00,2.875737641e-02,-2.875737641e-02
1.072200000e-02,-2.253360518e-01,1.120638211e-03,-3.079952436e+00,2.264566900e-02,-2.264566900e-02
1.072400000e-02,-1.633066770e-01,1.127385777e-03,-3.119048046e+00,1.644340628e-02,-1.644340628e-02
1.072600000e-02,-1.006242727e-01,1.129625161e-03,-3.145671232e+00,1.017538979e-02,-1.017538979e-02
1.072800000e-02,-3.753949292e-02,1.127347410e-03,-3.159715532e+00,3.866684033e-03,-3.866684033e-03
1.073000000e-02,2.569539951e-02,1.120561631e-03,-3.161124788e+00,-2.457483788e-03,2.457483788e-03
1.073200000e-02,8.882754138e-02,1.109294959e-03,-3.149893363e+00,-8.771824642e-03,8.771824642e-03
1.073400000e-02,1.516044804e-01,1.093592448e-03,-3.126066170e+00,-1.505108879e-02,1.505108879e-02
1.073600000e-02,2.137751846e-01,1.073516887e-03,-3.089738488e+00,-2.127016677e-02,2.127016677e-02
1.073800000e-02,2.750910463e-01,1.049148556e-03,-3.041055585e+00,-2.740418978e-02,2.740418978e-02
1.074000000e-02,3.353068762e-01,1.020584898e-03,-2.980212133e+00,-3.342862913e-02,3.342862913e-02
1.074200000e-02,3.941818836e-01,9.879401332e-04,-2.907451433e+00,-3.931939434e-02,3.931939434e-02
1.074400000e-02,4.514806396e-01,9.513448013e-04,-2.823064439e+00,-4.505292948e-02,4.505292948e-02
1.074600000e-02,5.069740185e-01,9.109452395e-04,-2.727388597e+00,-5.060630732e-02,5.060630732e-02
1.074800000e-02,5.604401137e-01,8.669029971e-04,-2.620806496e+00,-5.595732107e-02,5.595732107e-02
1.075000000e-02,6.116651254e-01,8.193941900e-04,-2.503744335e+00,-6.108457313e-02,6.108457313e-02
1.075200000e-02,6.604442156e-01,7.686087959e-04,-2.376670221e+00,-6.596756068e-02,6.596756068e-02
1.075400000e-02,7.065823267e-01,7.147498951e-04,-2.240092297e+00,-7.058675768e-02,7.058675768e-02
1.075600000e-02,7.498949621e-01,6.580328581e-04,-2.094556710e+00,-7.492369292e-02,7.492369292e-02
1.075800000e-02,7.902089235e-01,5.986844847e-04,-1.940645427e+00,-7.896102390e-02,7.896102390e-02
1.076000000e-02,8.273630037e-01,5.369420965e-04,-1.778973905e+00,-8.268260616e-02,8.268260616e-02
1.076200000e-02,8.612086314e-01,4.730525885e-04,-1.610188638e+00,-8.607355788e-02,8.607355788e-02
1.076400000e-02,8.916104649e-01,4.072714416e-04,-1.434964561e+00,-8.912031935e-02,8.912031935e-02
1.076600000e-02,9.184469336e-01,3.398617010e-04,-1.254002359e+00,-9.181070719e-02,9.181070719e-02
1.076800000e-02,9.416107241e-01,2.710929241e-04,-1.068025662e+00,-9.413396312e-02,9.413396312e-02
1.077000000e-02,9.610092091e-01,2.012401029e-04,-8.777781533e-01,-9.608079690e-02,9.608079690e-02
1.077200000e-02,9.765648182e-01,1.305825645e-04,-6.840205920e-01,-9.764342357e-02,9.764342357e-02
1.077400000e-02,9.882153477e-01,5.940285354e-05,-4.875277747e-01,-9.881559449e-02,9.881559449e-02
1.077600000e-02,9.959142096e-01,-1.201439706e-05,-2.890854352e-01,-9.959262240e-02,9.959262240e-02
1.077800000e-02,9.996306177e-01,-8.338360459e-05,-8.948710317e-02,-9.997140014e-02,9.997140013e-02
1.078000000e-02,9.993497109e-01,-1.544193784e-04,1.104690692e-01,-9.995041303e-02,9.995041303e-02
1.078200000e-02,9.950726125e-01,-2.248376613e-04,3.099834987e-01,-9.952974502e-02,9.952974502e-02
1.078400000e-02,9.868164257e-01,-2.943568651e-04,5.082583686e-01,-9.871107825e-02,9.871107825e-02
1.078600000e-02,9.746141652e-01,-3.626989971e-04,7.045008191e-01,-9.749768642e-02,9.749768642e-02
1.078800000e-02,9.585146254e-01,-4.295907712e-04,8.979261173e-01,-9.589442162e-02,9.589442162e-02
1.079000000e-02,9.385821850e-01,-4.947647011e-04,1.087760796e+00,-9.390769497e-02,9.390769497e-02
1.079200000e-02,9.148965496e-01,-5.579601700e-04,1.273245745e+00,-9.154545098e-02,9.154545098e-02
1.079400000e-02,8.875524333e-01,-6.189244721e-04,1.453639249e+00,-8.881713578e-02,8.881713578e-02
1.079600000e-02,8.566591794e-01,-6.774138241e-04,1.628219953e+00,-8.573365932e-02,8.573365932e-02
1.079800000e-02,8.223403236e-01,-7.331943390e-04,1.796289743e+00,-8.230735179e-02,8.230735179e-02
1.080000000e-02,7.847330999e-01,-7.860429623e-04,1.957176545e+00,-7.855191428e-02,7.855191428e-02
1.080200000e-02,7.439878917e-01,-8.357483633e-04,2.110237004e+00,-7.448236401e-02,7.448236401e-02
1.080400000e-02,7.002676307e-01,-8.821117804e-04,2.254859065e+00,-7.011497425e-02,7.011497425e-02
1.080600000e-02,6.537471452e-01,-9.249478160e-04,2.390464413e+00,-6.546720930e-02,6.546720930e-02
1.080800000e-02,6.046124607e-01,-9.640851777e-04,2.516510791e+00,-6.055765459e-02,6.055765459e-02
1.081000000e-02,5.530600568e-01,-9.993673632e-04,2.632494166e+00,-5.540594242e-02,5.540594242e-02
1.081200000e-02,4.992960808e-01,-1.030653287e-03,2.737950745e+00,-5.003267341e-02,5.003267341e-02
1.081400000e-02,4.435355236e-01,-1.057817842e-03,2.832458828e+00,-4.445933415e-02,4.445933414e-02
1.081600000e-02,3.860013601e-01,-1.080752404e-03,2.915640497e+00,-3.870821125e-02,3.870821125e-02
1.081800000e-02,3.269236574e-01,-1.099365261e-03,2.987163126e+00,-3.280230227e-02,3.280230227e-02
1.082000000e-02,2.665386551e-01,-1.113581986e-03,3.046740711e+00,-2.676522371e-02,2.676522371e-02
1.082200000e-02,2.050878201e-01,-1.123345728e-03,3.094135014e+00,-2.062111658e-02,2.062111658e-02
1.082400000e-02,1.428168815e-01,-1.128617444e-03,3.129156515e+00,-1.439454990e-02,1.439454990e-02
1.082600000e-02,7.997484797e-02,-1.129376053e-03,3.151665169e+00,-8.110422403e-03,8.110422403e-03
1.082800000e-02,1.681301165e-02,-1.125618523e-03,3.161570971e+00,-1.793863017e-03,1.793863017e-03
1.083000000e-02,-4.641605642e-02,-1.117359878e-03,3.158834307e+00,4.529869654e-03,-4.529869654e-03
1.083200000e-02,-1.094595163e-01,-1.104633144e-03,3.143466122e+00,1.083548832e-02,-1.083548832e-02
1.083400000e-02,-1.720652704e-01,-1.087489211e-03,3.115527870e+00,1.709777812e-02,-1.709777812e-02
1.083600000e-02,-2.339829712e-01,-1.065996635e-03,3.075131270e+00,2.329169746e-02,-2.329169746e-02
1.083800000e-02,-2.949650229e-01,-1.040241361e-03,3.022437859e+00,2.939247815e-02,-2.939247815e-02
1.084000000e-02,-3.547675707e-01,-1.010326377e-03,2.957658348e+00,3.537572443e-02,-3.537572443e-02
1.084200000e-02,-4.131514768e-01,-9.763713089e-04,2.881051777e+00,4.121751055e-02,-4.121751055e-02
1.084400000e-02,-4.698832761e-01,-9.385119346e-04,2.792924479e+00,4.689447642e-02,-4.689447642e-02
1.084600000e-02,-5.247361099e-01,-8.968996464e-04,2.693628857e+00,5.238392103e-02,-5.238392103e-02
1.084800000e-02,-5.774906332e-01,-8.517008430e-04,2.583561973e+00,5.766389323e-02,-5.766389323e-02
1.085000000e-02,-6.279358915e-01,-8.030962651e-04,2.463163962e+00,6.271327952e-02,-6.271327952e-02
1.085200000e-02,-6.758701648e-01,-7.512802722e-04,2.332916271e+00,6.751188845e-02,-6.751188845e-02
1.085400000e-02,-7.211017739e-01,-6.964600659e-04,2.193339733e+00,7.204053138e-02,-7.204053138e-02
1.085600000e-02,-7.634498470e-01,-6.388548606e-04,2.044992486e+00,7.628109921e-02,-7.628109921e-02
1.085800000e-02,-8.027450429e-01,-5.786950075e-04,1.888467739e+00,8.021663479e-02,-8.021663479e-02
1.086000000e-02,-8.388302284e-01,-5.162210735e-04,1.724391403e+00,8.383140073e-02,-8.383140073e-02
1.086200000e-02,-8.715611063e-01,-4.516828789e-04,1.553419584e+00,8.711094234e-02,-8.711094234e-02
1.086400000e-02,-9.008067926e-01,-3.853384983e-04,1.376235963e+00,9.004214541e-02,-9.004214541e-02
1.086600000e-02,-9.264503399e-01,-3.174532292e-04,1.193549060e+00,9.261328867e-02,-9.261328867e-02
1.086800000e-02,-9.483892050e-01,-2.482985307e-04,1.006089404e+00,9.481409065e-02,-9.481409065e-02
1.087000000e-02,-9.665356590e-01,-1.781509380e-04,8.146066045e-01,9.663575080e-02,-9.663575080e-02
1.087200000e-02,-9.808171378e-01,-1.072909568e-04,6.198663632e-01,9.807098469e-02,-9.807098469e-02
1.087400000e-02,-9.911765330e-01,-3.600194136e-05,4.226474051e-01,9.911405310e-02,-9.911405310e-02
1.087600000e-02,-9.975724193e-01,3.543103837e-05,2.237383680e-01,9.976078504e-02,-9.976078504e-02
1.087800000e-02,-9.999792211e-01,1.067223367e-04,2.393464776e-02,1.000085943e-01,-1.000085943e-01
1.088000000e-02,-9.983873139e-01,1.775868747e-04,-1.759647822e-01,9.985649008e-02,-9.985649008e-02
1.088200000e-02,-9.928030636e-01,2.477412797e-04,-3.751605656e-01,9.930508048e-02,-9.930508048e-02
1.088400000e-02,-9.832488002e-01,3.169050188e-04,-5.728561599e-01,9.835657053e-02,-9.835657053e-02
1.088600000e-02,-9.697627295e-01,3.848015206e-04,-7.682610216e-01,9.701475310e-02,-9.701475310e-02
1.088800000e-02,-9.523987793e-01,4.511592813e-04,-9.605937673e-01,9.528499386e-02,-9.528499386e-02
1.089000000e-02,-9.312263845e-01,5.157129498e-04,-1.149085298e+00,9.317420974e-02,-9.317420974e-02
1.089200000e-02,-9.063302090e-01,5.782043895e-04,-1.332981876e+00,9.069084134e-02,-9.069084134e-02
1.089400000e-02,-8.778098076e-01,6.383837101e-04,-1.511548137e+00,8.784481913e-02,-8.784481913e-02
1.089600000e-02,-8.457792273e-01,6.960102670e-04,-1.684070031e+00,8.464752376e-02,-8.464752376e-02
1.089800000e-02,-8.103665519e-01,7.508536236e-04,-1.849857679e+00,8.111174055e-02,-8.111174055e-02
1.090000000e-02,-7.717133891e-01,8.026944728e-04,-2.008248131e+00,7.725160836e-02,-7.725160836e-02
1.090200000e-02,-7.299743050e-01,8.513255137e-04,-2.158608017e+00,7.308256306e-02,-7.308256306e-02
1.090400000e-02,-6.853162055e-01,8.965522810e-04,-2.300336078e+00,6.862127578e-02,-6.862127578e-02
1.090600000e-02,-6.379176691e-01,9.381939222e-04,-2.432865574e+00,6.388558630e-02,-6.388558630e-02
1.090800000e-02,-5.879682326e-01,9.760839210e-04,-2.555666546e+00,5.889443165e-02,-5.889443165e-02
1.091000000e-02,-5.356676334e-01,1.010070763e-03,-2.668247939e+00,5.366777041e-02,-5.366777041e-02
1.091200000e-02,-4.812250107e-01,1.040018543e-03,-2.770159564e+00,4.822650293e-02,-4.822650293e-02
1.091400000e-02,-4.248580694e-01,1.065807504e-03,-2.860993897e+00,4.259238769e-02,-4.259238769e-02
1.091600000e-02,-3.667922090e-01,1.087334523e-03,-2.940387710e+00,3.678795435e-02,-3.678795435e-02
1.091800000e-02,-3.072596228e-01,1.104513518e-03,-3.008023525e+00,3.083641363e-02,-3.083641363e-02
1.092000000e-02,-2.464983693e-01,1.117275792e-03,-3.063630879e+00,2.476156451e-02,-2.476156451e-02
1.092200000e-02,-1.847514201e-01,1.125570313e-03,-3.106987410e+00,1.858769904e-02,-1.858769904e-02
1.092400000e-02,-1.222656884e-01,1.129363913e-03,-3.137919745e+00,1.233950523e-02,-1.233950523e-02
1.092600000e-02,-5.929104168e-02,1.128641421e-03,-3.156304192e+00,6.041968310e-03,-6.041968310e-03
1.092800000e-02,3.920697612e-03,1.123405727e-03,-3.162067235e+00,-2.797291885e-04,2.797291885e-04
1.093000000e-02,6.711675885e-02,1.113677767e-03,-3.155185828e+00,-6.600308108e-03,6.600308108e-03
1.093200000e-02,1.300444341e-01,1.099496441e-03,-3.135687490e+00,-1.289449377e-02,1.289449377e-02
1.093400000e-02,1.924520888e-01,1.080918458e-03,-3.103650190e+00,-1.913711703e-02,1.913711703e-02
1.093600000e-02,2.540901675e-01,1.058018107e-03,-3.059202038e+00,-2.530321494e-02,2.530321494e-02
1.093800000e-02,3.147121926e-01,1.030886961e-03,-3.002520773e+00,-3.136813056e-02,3.136813056e-02
1.094000000e-02,3.740757490e-01,9.996335128e-04,-2.933833053e+00,-3.730761155e-02,3.730761155e-02
1.094200000e-02,4.319434543e-01,9.643827381e-04,-2.853413544e+00,-4.309790716e-02,4.309790716e-02
1.094400000e-02,4.880839076e-01,9.252755974e-04,-2.761583828e+00,-4.871586320e-02,4.871586320e-02
1.094600000e-02,5.422726149e-01,8.824684720e-04,-2.658711113e+00,-5.413901464e-02,5.413901464e-02
1.094800000e-02,5.942928868e-01,8.361325388e-04,-2.545206765e+00,-5.934567542e-02,5.934567542e-02
1.095000000e-02,6.439367050e-01,7.864530854e-04,-2.421524664e+00,-6.431502519e-02,6.431502519e-02
1.095200000e-02,6.910055543e-01,7.336287698e-04,-2.288159390e+00,-6.902719255e-02,6.902719255e-02
1.095400000e-02,7.353112161e-01,6.778708253e-04,-2.145644243e+00,-7.346333453e-02,7.346333453e-02
1.095600000e-02,7.766765213e-01,6.194022163e-04,-1.994549111e+00,-7.760571191e-02,7.760571191e-02
1.095800000e-02,8.149360586e-01,5.584567468e-04,-1.835478191e+00,-8.143776019e-02,8.143776019e-02
1.096000000e-02,8.499368362e-01,4.952781248e-04,-1.669067576e+00,-8.494415580e-02,8.494415580e-02
1.096200000e-02,8.815388931e-01,4.301189887e-04,-1.495982707e+00,-8.811087741e-02,8.811087741e-02
1.096400000e-02,9.096158593e-01,3.632398962e-04,-1.316915714e+00,-9.092526194e-02,9.092526194e-02
1.096600000e-02,9.340554610e-01,2.949082829e-04,-1.132582650e+00,-9.337605527e-02,9.337605527e-02
1.096800000e-02,9.547599691e-01,2.253973927e-04,-9.437206224e-01,-9.545345717e-02,9.545345717e-02
1.097000000e-02,9.716465907e-01,1.549851852e-04,-7.510848527e-01,-9.714916055e-02,9.714916055e-02
1.097200000e-02,9.846477997e-01,8.395322424e-05,-5.554456509e-01,-9.845638464e-02,9.845638464e-02
1.097400000e-02,9.937116069e-01,1.258555178e-05,-3.575853375e-01,-9.936990213e-02,9.936990213e-02
1.097600000e-02,9.988017681e-01,-5.883244771e-05,-1.582951148e-01,-9.988606006e-02,9.988606005e-02
1.097800000e-02,9.998979288e-01,-1.300151885e-04,4.162809727e-02,-1.000027944e-01,1.000027944e-01
1.098000000e-02,9.969957056e-01,-2.006780255e-04,2.413848472e-01,-9.971963837e-02,9.971963837e-02
1.098200000e-02,9.901067040e-01,-2.705383929e-04,4.401763493e-01,-9.903772424e-02,9.903772424e-02
1.098400000e-02,9.792584717e-01,-3.393169335e-04,6.372076778e-01,-9.795977886e-02,9.795977886e-02
1.098600000e-02,9.644943884e-01,-4.067386163e-04,8.316909452e-01,-9.649011270e-02,9.649011270e-02
1.098800000e-02,9.458734926e-01,-4.725338359e-04,1.022848454e+00,-9.463460264e-02,9.463460264e-02
1.099000000e-02,9.234702455e-01,-5.364394911e-04,1.209915804e+00,-9.240066850e-02,9.240066850e-02
1.099200000e-02,8.973742329e-01,-5.982000363e-04,1.392144952e+00,-8.979724330e-02,8.979724330e-02
1.099400000e-02,8.676898075e-01,-6.575685039e-04,1.568807203e+00,-8.683473760e-02,8.683473760e-02
1.099600000e-02,8.345356710e-01,-7.143074919e-04,1.739196120e+00,-8.352499785e-02,8.352499785e-02
1.099800000e-02,7.980443999e-01,-7.681901128e-04,1.902630353e+00,-7.988125900e-02,7.988125900e-02
1.100000000e-02,7.583619153e-01,-8.190009012e-04,2.058456363e+00,-7.591809162e-02,7.591809162e-02
1.100200000e-02,7.156468991e-01,-8.665366754e-04,2.206051034e+00,-7.165134358e-02,7.165134358e-02
1.100400000e-02,6.700701598e-01,-9.106073497e-04,2.344824166e+00,-6.709807671e-02,6.709807671e-02
1.100600000e-02,6.218139493e-01,-9.510366945e-04,2.474220834e+00,-6.227649860e-02,6.227649860e-02
1.100800000e-02,5.710712342e-01,-9.876630415e-04,2.593723608e+00,-5.720588972e-02,5.720588972e-02
1.101000000e-02,5.180449239e-01,-1.020339929e-03,2.702854620e+00,-5.190652639e-02,5.190652639e-02
1.101200000e-02,4.629470598e-01,-1.048936690e-03,2.801177479e+00,-4.639959965e-02,4.639959965e-02
1.101400000e-02,4.059979667e-01,-1.073338971e-03,2.888299012e+00,-4.070713057e-02,4.070713057e-02
1.101600000e-02,3.474253722e-01,-1.093449193e-03,2.963870838e+00,-3.485188214e-02,3.485188214e-02
1.101800000e-02,2.874634958e-01,-1.109186939e-03,3.027590760e+00,-2.885726828e-02,2.885726828e-02
1.102000000e-02,2.263521128e-01,-1.120489277e-03,3.079203978e+00,-2.274726021e-02,2.274726021e-02
1.102200000e-02,1.643355947e-01,-1.127311011e-03,3.118504098e+00,-1.654629057e-02,1.654629057e-02
1.102400000e-02,1.016619328e-01,-1.129624864e-03,3.145333970e+00,-1.027915576e-02,1.027915576e-02
1.102600000e-02,3.858174590e-02,-1.127421581e-03,3.159586305e+00,-3.970916748e-03,3.970916748e-03
1.102800000e-02,-2.465272135e-02,-1.120709974e-03,3.161204112e+00,2.353201137e-03,-2.353201137e-03
1.103000000e-02,-8.778860748e-02,-1.109516881e-03,3.150180921e+00,8.667909060e-03,-8.667909060e-03
1.103200000e-02,-1.505734452e-01,-1.093887060e-03,3.126560812e+00,1.494795582e-02,-1.494795582e-02
1.103400000e-02,-2.127561711e-01,-1.073883013e-03,3.090438237e+00,2.116822881e-02,-2.116822881e-02
1.103600000e-02,-2.740881293e-01,-1.049584731e-03,3.041957641e+00,2.730385446e-02,-2.730385446e-02
1.103800000e-02,-3.343240661e-01,-1.021089378e-03,2.981312890e+00,3.333029767e-02,-3.333029767e-02
1.104000000e-02,-3.932231104e-01,-9.885109012e-04,2.908746489e+00,3.922345995e-02,-3.922345995e-02
1.104200000e-02,-4.505497374e-01,-9.519795747e-04,2.824548616e+00,4.495977578e-02,-4.495977578e-02
1.104400000e-02,-5.060747096e-01,-9.116414799e-04,2.729055960e+00,5.051630682e-02,-5.051630682e-02
1.104600000e-02,-5.595759944e-01,-8.676579204e-04,2.622650377e+00,5.587083365e-02,-5.587083365e-02
1.104800000e-02,-6.108396512e-01,-8.202047773e-04,2.505757360e+00,6.100194464e-02,-6.100194464e-02
1.105000000e-02,-6.596606872e-01,-7.694718060e-04,2.378844342e+00,6.588912154e-02,-6.588912154e-02
1.105200000e-02,-7.058438773e-01,-7.156618770e-04,2.242418819e+00,7.051282155e-02,-7.051282155e-02
1.105400000e-02,-7.492045447e-01,-6.589901649e-04,2.097026330e+00,7.485455545e-02,-7.485455545e-02
1.105600000e-02,-7.895692988e-01,-5.996832883e-04,1.943248269e+00,7.889696155e-02,-7.889696155e-02
1.105800000e-02,-8.267767296e-01,-5.379784029e-04,1.781699562e+00,8.262387512e-02,-8.262387512e-02
1.106000000e-02,-8.606780522e-01,-4.741222538e-04,1.613026210e+00,8.602039299e-02,-8.602039299e-02
1.106200000e-02,-8.911377023e-01,-4.083701884e-04,1.437902701e+00,8.907293321e-02,-8.907293321e-02
1.106400000e-02,-9.180338781e-01,-3.409851356e-04,1.257029318e+00,9.176928929e-02,-9.176928929e-02
1.106600000e-02,-9.412590273e-01,-2.722365542e-04,1.071129336e+00,9.409867908e-02,-9.409867907e-02
1.106800000e-02,-9.607202775e-01,-2.023993553e-04,8.809461314e-01,9.605178781e-02,-9.605178781e-02
1.107000000e-02,-9.763398071e-01,-1.317528036e-04,6.872402060e-01,9.762080543e-02,-9.762080543e-02
1.107200000e-02,-9.880551569e-01,-6.057939981e-05,4.907861501e-01,9.879945775e-02,-9.879945775e-02
1.107400000e-02,-9.958194796e-01,1.083624840e-05,2.923695424e-01,9.958303159e-02,-9.958303159e-02
1.107600000e-02,-9.996017274e-01,8.220856471e-05,9.278380967e-02,9.996839360e-02,-9.996839360e-02
1.107800000e-02,-9.993867758e-01,1.532521461e-04,-1.071729462e-01,9.995400280e-02,-9.995400280e-02
1.108000000e-02,-9.951754844e-01,2.236829040e-04,-3.067011397e-01,9.953991673e-02,-9.953991673e-02
1.108200000e-02,-9.869846931e-01,2.932192005e-04,-5.050028992e-01,9.872779123e-02,-9.872779123e-02
1.108400000e-02,-9.748471554e-01,3.615829744e-04,-7.012852571e-01,9.752087384e-02,-9.752087384e-02
1.108600000e-02,-9.588114067e-01,4.285008531e-04,-8.947633211e-01,9.592399075e-02,-9.592399075e-02
1.108800000e-02,-9.389415706e-01,4.937052462e-04,-1.084663413e+00,9.394352758e-02,-9.394352758e-02
1.109000000e-02,-9.153171024e-01,5.569354146e-04,-1.270226161e+00,9.158740378e-02,-9.158740378e-02
1.109200000e-02,-8.880324716e-01,6.179385141e-04,-1.450709539e+00,8.886504101e-02,-8.886504101e-02
1.109400000e-02,-8.571967836e-01,6.764706061e-04,-1.625391831e+00,8.578732542e-02,-8.578732542e-02
1.109600000e-02,-8.229333439e-01,7.322976328e-04,-1.793574520e+00,8.236656416e-02,-8.236656416e-02
1.109800000e-02,-7.853791650e-01,7.851963536e-04,-1.954585077e+00,7.861643614e-02,-7.861643614e-02
1.110000000e-02,-7.446844182e-01,8.349552375e-04,-2.107779655e+00,7.455193734e-02,-7.455193734e-02
1.110200000e-02,-7.010118332e-01,8.813753090e-04,-2.252545660e+00,7.018932086e-02,-7.018932085e-02
1.110400000e-02,-6.545360478e-01,9.242709441e-04,-2.388304204e+00,6.554603187e-02,-6.554603187e-02
1.110600000e-02,-6.054429088e-01,9.634706118e-04,-2.514512416e+00,6.064063795e-02,-6.064063795e-02
1.110800000e-02,-5.539287296e-01,9.988175610e-04,-2.630665616e+00,5.549275472e-02,-5.549275472e-02
1.111000000e-02,-5.001995046e-01,1.030170447e-03,-2.736299332e+00,5.012296751e-02,-5.012296751e-02
1.111200000e-02,-4.444700859e-01,1.057403895e-03,-2.830991155e+00,4.455274898e-02,-4.455274898e-02
1.111400000e-02,-3.869633237e-01,1.080409005e-03,-2.914362434e+00,3.880437327e-02,-3.880437327e-02
1.111600000e-02,-3.279091756e-01,1.099093784e-03,-2.986079783e+00,3.290082694e-02,-3.290082694e-02
1.111800000e-02,-2.675437870e-01,1.113383515e-03,-3.045856421e+00,2.686571705e-02,-2.686571705e-02
1.112000000e-02,-2.061085464e-01,1.123221058e-03,-3.093453312e+00,2.072317675e-02,-2.072317675e-02
1.112200000e-02,-1.438491207e-01,1.128567073e-03,-3.128680127e+00,1.449776877e-02,-1.449776877e-02
1.112400000e-02,-8.101447216e-02,1.129400183e-03,-3.151396001e+00,8.214387235e-03,-8.214387235e-03
1.112600000e-02,-1.785586364e-02,1.125717057e-03,-3.161510098e+00,1.898158070e-03,-1.898158070e-03
1.112800000e-02,4.537414676e-02,1.117532422e-03,-3.158981973e+00,-4.425661434e-03,4.425661434e-03
1.113000000e-02,1.084227154e-01,1.104879008e-03,-3.143821737e+00,-1.073178364e-02,1.073178364e-02
1.113200000e-02,1.710377241e-01,1.087807412e-03,-3.116090011e+00,-1.699499167e-02,1.699499167e-02
1.113400000e-02,2.329687886e-01,1.066385901e-03,-3.075897690e+00,-2.319024027e-02,2.319024027e-02
1.113600000e-02,2.939682593e-01,1.040700135e-03,-3.023405493e+00,-2.929275592e-02,2.929275592e-02
1.113800000e-02,3.537922121e-01,1.010852825e-03,-2.958823327e+00,-3.527813593e-02,3.527813593e-02
1.114000000e-02,4.122014235e-01,9.769633243e-04,-2.882409442e+00,-4.112244602e-02,4.112244602e-02
1.114200000e-02,4.689623271e-01,9.391671510e-04,-2.794469401e+00,-4.680231599e-02,4.680231599e-02
1.114400000e-02,5.238479478e-01,8.976154436e-04,-2.695354858e+00,-5.229503324e-02,5.229503324e-02
1.114600000e-02,5.766388096e-01,8.524743587e-04,-2.585462151e+00,-5.757863353e-02,5.757863353e-02
1.114800000e-02,6.271238128e-01,8.039244062e-04,-2.465230720e+00,-6.263198884e-02,6.263198884e-02
1.115000000e-02,6.751010782e-01,7.521597271e-04,-2.335141343e+00,-6.743489185e-02,6.743489185e-02
1.115200000e-02,7.203787549e-01,6.973873178e-04,-2.195714222e+00,-7.196813676e-02,7.196813676e-02
1.115400000e-02,7.627757868e-01,6.398262017e-04,-2.047506896e+00,-7.621359606e-02,7.621359606e-02
1.115600000e-02,8.021226369e-01,5.797065536e-04,-1.891112016e+00,-8.015429304e-02,8.015429304e-02
1.115800000e-02,8.382619655e-01,5.172687797e-04,-1.727154973e+00,-8.377446967e-02,8.377446967e-02
1.116000000e-02,8.710492588e-01,4.527625554e-04,-1.556291396e+00,-8.705964962e-02,8.705964962e-02
1.116200000e-02,9.003534073e-01,3.864458279e-04,-1.379204534e+00,-8.999669615e-02,8.999669615e-02
1.116400000e-02,9.260572298e-01,3.185837839e-04,-1.196602519e+00,-9.257386460e-02,9.257386460e-02
1.116600000e-02,9.480579421e-01,2.494477897e-04,-1.009215540e+00,-9.478084943e-02,9.478084943e-02
1.116800000e-02,9.662675678e-01,1.793143056e-04,-8.177929177e-01,-9.660882535e-02,9.660882535e-02
1.117000000e-02,9.806132906e-01,1.084637808e-04,-6.231001117e-01,-9.805048268e-02,9.805048268e-02
1.117200000e-02,9.910377447e-01,3.717953201e-05,-4.259156580e-01,-9.910005652e-02,9.910005652e-02
1.117400000e-02,9.974992451e-01,-3.425339002e-05,-2.270280562e-01,-9.975334985e-02,9.975334984e-02
1.117600000e-02,9.999719534e-01,-1.055493399e-04,-2.723261640e-02,-1.000077503e-01,1.000077503e-01
1.117800000e-02,9.984459819e-01,-1.764232199e-04,1.726717210e-01,-9.986224051e-02,9.986224051e-02
1.118000000e-02,9.929274326e-01,-2.465916201e-04,3.718855800e-01,-9.931740242e-02,9.931740242e-02
1.118200000e-02,9.834383730e-01,-3.157739517e-04,5.696123460e-01,-9.837541470e-02,9.837541469e-02
1.118400000e-02,9.700167479e-01,-3.836935690e-04,7.650613507e-01,-9.704004415e-02,9.704004415e-02
1.118600000e-02,9.527162276e-01,-4.500788755e-04,9.574510342e-01,-9.531663065e-02,9.531663065e-02
1.118800000e-02,9.316059933e-01,-5.146644102e-04,1.146012070e+00,-9.321206577e-02,9.321206577e-02
1.119000000e-02,9.067704604e-01,-5.771919090e-04,1.329990442e+00,-9.073476523e-02,9.073476523e-02
1.119200000e-02,8.783089410e-01,-6.374113374e-04,1.508650459e+00,-8.789463523e-02,8.789463523e-02
1.119400000e-02,8.463352468e-01,-6.950818904e-04,1.681277697e+00,-8.470303287e-02,8.470303287e-02
1.119600000e-02,8.109772341e-01,-7.499729556e-04,1.847181854e+00,-8.117272070e-02,8.117272070e-02
1.119800000e-02,7.723762920e-01,-8.018650348e-04,2.005699516e+00,-7.731781571e-02,7.731781571e-02
1.120000000e-02,7.306867778e-01,-8.505506226e-04,2.156196803e+00,-7.315373285e-02,7.315373285e-02
1.120200000e-02,6.860753992e-01,-8.958350354e-04,2.298071907e+00,-6.869712343e-02,6.869712343e-02
1.120400000e-02,6.387205478e-01,-9.375371902e-04,2.430757499e+00,-6.396580850e-02,6.396580850e-02
1.120600000e-02,5.888115857e-01,-9.754903288e-04,2.553722998e+00,-5.897870761e-02,5.897870760e-02
1.120800000e-02,5.365480886e-01,-1.009542684e-03,2.666476689e+00,-5.375576313e-02,5.375576313e-02
1.121000000e-02,4.821390473e-01,-1.039558089e-03,2.768567695e+00,-4.831786054e-02,4.831786054e-02
1.121200000e-02,4.258020322e-01,-1.065416517e-03,2.859587775e+00,-4.268674487e-02,4.268674487e-02
1.121400000e-02,3.677623233e-01,-1.087014566e-03,2.939172958e+00,-3.688493379e-02,3.688493379e-02
1.121600000e-02,3.082520095e-01,-1.104265869e-03,3.007005000e+00,-3.093562753e-02,3.093562753e-02
1.121800000e-02,2.475090599e-01,-1.117101443e-03,3.062812654e+00,-2.486261614e-02,2.486261613e-02
1.122000000e-02,1.857763731e-01,-1.125469961e-03,3.106372757e+00,-1.869018431e-02,1.869018431e-02
1.122200000e-02,1.233008052e-01,-1.129337959e-03,3.137511122e+00,-1.244301432e-02,1.244301432e-02
1.122400000e-02,6.033218308e-02,-1.128689969e-03,3.156103233e+00,-6.146087305e-03,6.146087304e-03
1.122600000e-02,-2.877694925e-03,-1.123528582e-03,3.162074743e+00,1.754166343e-04,-1.754166343e-04
1.122800000e-02,-6.607606562e-02,-1.113874439e-03,3.155401774e+00,6.496219119e-03,-6.496219119e-03
1.123000000e-02,-1.290102119e-01,-1.099766143e-03,3.136111009e+00,1.279104457e-02,-1.279104457e-02
1.123200000e-02,-1.914284731e-01,-1.081260111e-03,3.104279589e+00,1.903472130e-02,-1.903472130e-02
1.123400000e-02,-2.530812517e-01,-1.058430345e-03,3.060034801e+00,2.520228214e-02,-2.520228214e-02
1.123600000e-02,-3.137220111e-01,-1.031368136e-03,3.003553569e+00,3.126906429e-02,-3.126906429e-02
1.123800000e-02,-3.731082613e-01,-1.000181701e-03,2.935061752e+00,3.721080796e-02,-3.721080796e-02
1.124000000e-02,-4.310025292e-01,-9.649957464e-04,2.854833234e+00,4.300375335e-02,-4.300375335e-02
1.124200000e-02,-4.871733077e-01,-9.259509750e-04,2.763188831e+00,4.862473567e-02,-4.862473567e-02
1.124400000e-02,-5.413959814e-01,-8.832035183e-04,2.660495011e+00,5.405127779e-02,-5.405127779e-02
1.124600000e-02,-5.934537252e-01,-8.369243144e-04,2.547162424e+00,5.926168009e-02,-5.926168009e-02
1.124800000e-02,-6.431383710e-01,-7.872984242e-04,2.423644265e+00,6.423510726e-02,-6.423510726e-02
1.125000000e-02,-6.902512403e-01,-7.345242914e-04,2.290434456e+00,6.895167160e-02,-6.895167160e-02
1.125200000e-02,-7.346039383e-01,-6.788129487e-04,2.148065677e+00,7.339251254e-02,-7.339251254e-02
1.125400000e-02,-7.760191081e-01,-6.203871742e-04,1.997107230e+00,7.753987209e-02,-7.753987209e-02
1.125600000e-02,-8.143311388e-01,-5.594806005e-04,1.838162766e+00,8.137716582e-02,-8.137716582e-02
1.125800000e-02,-8.493868287e-01,-4.963367802e-04,1.671867872e+00,8.488904919e-02,-8.488904919e-02
1.126000000e-02,-8.810459973e-01,-4.312082124e-04,1.498887526e+00,8.806147891e-02,-8.806147891e-02
1.126200000e-02,-9.091820463e-01,-3.643553326e-04,1.319913440e+00,9.088176910e-02,-9.088176910e-02
1.126400000e-02,-9.336824653e-01,-2.960454717e-04,1.135661295e+00,9.333864199e-02,-9.333864199e-02
1.126600000e-02,-9.544492824e-01,-2.265517864e-04,9.468678769e-01,9.542227307e-02,-9.542227306e-02
1.126800000e-02,-9.713994554e-01,-1.561521677e-04,7.542881310e-01,9.712433032e-02,-9.712433032e-02
1.127000000e-02,-9.844652039e-01,-8.512812898e-05,5.586921438e-01,9.843800758e-02,-9.843800758e-02
1.127200000e-02,-9.935942809e-01,-1.376368057e-05,3.608620629e-01,9.935805172e-02,-9.935805172e-02
1.127400000e-02,-9.987501810e-01,5.765580595e-05,1.615889696e-01,9.988078368e-02,-9.988078368e-02
1.127600000e-02,-9.999122869e-01,1.288447389e-04,-3.833028430e-02,1.000041132e-01,-1.000041132e-01
1.127800000e-02,-9.970759515e-01,1.995184485e-04,-2.380962634e-01,9.972754700e-02,-9.972754699e-02
1.128000000e-02,-9.902525168e-01,2.693943254e-04,-4.369101450e-01,9.905219111e-02,-9.905219111e-02
1.128200000e-02,-9.794692682e-01,3.381929504e-04,-6.339769139e-01,9.798074612e-02,-9.798074612e-02
1.128400000e-02,-9.647693258e-01,4.056392121e-04,-8.285085409e-01,9.651749650e-02,-9.651749650e-02
1.128600000e-02,-9.462114715e-01,4.714634069e-04,-1.019727135e+00,9.466829349e-02,-9.466829349e-02
1.128800000e-02,-9.238699143e-01,5.354023177e-04,-1.206868052e+00,9.244053167e-02,-9.244053166e-02
1.129000000e-02,-8.978339935e-01,5.972002660e-04,-1.389182954e+00,8.984311938e-02,-8.984311938e-02
1.129200000e-02,-8.682078214e-01,6.566101347e-04,-1.565942803e+00,8.688644315e-02,-8.688644315e-02
1.129400000e-02,-8.351098667e-01,7.133943559e-04,-1.736440773e+00,8.358232611e-02,-8.358232611e-02
1.129600000e-02,-7.986724814e-01,7.673258615e-04,-1.899995077e+00,7.994398073e-02,-7.994398072e-02
1.129800000e-02,-7.590413709e-01,8.181889907e-04,-2.055951696e+00,7.598595599e-02,-7.598595599e-02
1.130000000e-02,-7.163750119e-01,8.657803522e-04,-2.203686991e+00,7.172407923e-02,-7.172407923e-02
1.130200000e-02,-6.708440182e-01,9.099096381e-04,-2.342610201e+00,6.717539279e-02,-6.717539279e-02
1.130400000e-02,-6.226304589e-01,9.504003848e-04,-2.472165800e+00,6.235808593e-02,-6.235808593e-02
1.130600000e-02,-5.719271298e-01,9.870906779e-04,-2.591835722e+00,5.729142205e-02,-5.729142205e-02
1.130800000e-02,-5.189367831e-01,1.019833801e-03,-2.701141432e+00,5.199566169e-02,-5.199566169e-02
1.131000000e-02,-4.638713161e-01,1.048498820e-03,-2.799645839e+00,4.649198150e-02,-4.649198150e-02
1.131200000e-02,-4.069509243e-01,1.072971111e-03,-2.886955045e+00,4.080238954e-02,-4.080238954e-02
1.131400000e-02,-3.484032203e-01,1.093152814e-03,-2.962719918e+00,3.494963731e-02,-3.494963731e-02
1.131600000e-02,-2.884623243e-01,1.108963226e-03,-3.026637491e+00,2.895712876e-02,-2.895712876e-02
1.131800000e-02,-2.273679275e-01,1.120339124e-03,-3.078452170e+00,2.284882666e-02,-2.284882666e-02
1.132000000e-02,-1.653643337e-01,1.127235020e-03,-3.117956758e+00,1.664915687e-02,-1.664915687e-02
1.132200000e-02,-1.026994822e-01,1.129623337e-03,-3.144993287e+00,1.038291056e-02,-1.038291055e-02
1.132400000e-02,-3.962395691e-02,1.127494525e-03,-3.159453641e+00,4.075145143e-03,-4.075145143e-03
1.132600000e-02,2.361001636e-02,1.120857097e-03,-3.161279997e+00,-2.248915926e-03,2.248915926e-03
1.132800000e-02,8.674957808e-02,1.109737595e-03,-3.150465052e+00,-8.563984049e-03,8.563984049e-03
1.133000000e-02,1.495422463e-01,1.094180483e-03,-3.127052053e+00,-1.484480658e-02,1.484480658e-02
1.133200000e-02,2.117369262e-01,1.074247971e-03,-3.091134623e+00,-2.106626782e-02,2.106626782e-02
1.133400000e-02,2.730849141e-01,1.050019765e-03,-3.042856388e+00,-2.720348943e-02,2.720348943e-02
1.133600000e-02,3.333408923e-01,1.021592748e-03,-2.982410404e+00,-3.323192995e-02,3.323192995e-02
1.133800000e-02,3.922639095e-01,9.890805939e-04,-2.910038381e+00,-3.912748289e-02,3.912748289e-02
1.134000000e-02,4.496183450e-01,9.526133124e-04,-2.826029720e+00,-4.486657317e-02,4.486657317e-02
1.134200000e-02,5.051748503e-01,9.123367285e-04,-2.730720353e+00,-5.042625136e-02,5.042625136e-02
1.134400000e-02,5.587112664e-01,8.684118997e-04,-2.624491404e+00,-5.578428545e-02,5.578428545e-02
1.134600000e-02,6.100135123e-01,8.210144725e-04,-2.507767660e+00,-6.091924979e-02,6.091924979e-02
1.134800000e-02,6.588764411e-01,7.703339790e-04,-2.381015874e+00,-6.581061072e-02,6.581061072e-02
1.135000000e-02,7.051046601e-01,7.165730802e-04,-2.244742902e+00,-7.043880870e-02,7.043880870e-02
1.135200000e-02,7.485133122e-01,6.599467548e-04,-2.099493669e+00,-7.478533655e-02,7.478533654e-02
1.135400000e-02,7.889288152e-01,6.006814395e-04,-1.945848998e+00,-7.883281338e-02,7.883281338e-02
1.135600000e-02,8.261895560e-01,5.390141241e-04,-1.784423281e+00,-8.256505419e-02,8.256505419e-02
1.135800000e-02,8.601465367e-01,4.751914033e-04,-1.615862027e+00,-8.596713453e-02,8.596713453e-02
1.136000000e-02,8.906639702e-01,4.094684910e-04,-1.440839277e+00,-8.902545017e-02,8.902545017e-02
1.136200000e-02,9.176198238e-01,3.421081993e-04,-1.260054910e+00,-9.172777156e-02,9.172777156e-02
1.136400000e-02,9.409063065e-01,2.733798881e-04,-1.074231845e+00,-9.406329266e-02,9.406329266e-02
1.136600000e-02,9.604303007e-01,2.035583875e-04,-8.841131512e-01,-9.602267423e-02,9.602267423e-02
1.136800000e-02,9.761137338e-01,1.329228994e-04,-6.904590725e-01,-9.759808109e-02,9.759808109e-02
1.137000000e-02,9.878938912e-01,6.175588017e-05,-4.940439915e-01,-9.878321353e-02,9.878321353e-02
1.137200000e-02,9.957236663e-01,-9.658087951e-06,-2.956533315e-01,-9.957333244e-02,9.957333244e-02
1.137400000e-02,9.995717497e-01,-8.103343539e-05,-9.608041522e-02,-9.996527831e-02,9.996527831e-02
1.137600000e-02,9.994227535e-01,-1.520847470e-04,1.038767066e-01,-9.995748382e-02,9.995748382e-02
1.137800000e-02,9.952772736e-01,-2.225279033e-04,3.034184471e-01,-9.954998015e-02,9.954998015e-02
1.138000000e-02,9.871518869e-01,-2.920812168e-04,5.017468804e-01,-9.874439681e-02,9.874439681e-02
1.138200000e-02,9.750790851e-01,-3.604665583e-04,6.980689322e-01,-9.754395517e-02,9.754395517e-02
1.138400000e-02,9.591071449e-01,-4.274104690e-04,8.915995516e-01,-9.595345554e-02,9.595345554e-02
1.138600000e-02,9.392999347e-01,-4.926452541e-04,1.081564850e+00,-9.397925800e-02,9.397925800e-02
1.138800000e-02,9.157366595e-01,-5.559100533e-04,1.267205195e+00,-9.162925695e-02,9.162925695e-02
1.139000000e-02,8.885115438e-01,-6.169518839e-04,1.447778251e+00,-8.891284957e-02,8.891284957e-02
1.139200000e-02,8.577334553e-01,-6.755266522e-04,1.622561942e+00,-8.584089819e-02,8.584089819e-02
1.139400000e-02,8.235254690e-01,-7.314001299e-04,1.790857345e+00,-8.242568692e-02,8.242568692e-02
1.139600000e-02,7.860243758e-01,-7.843488906e-04,1.951991483e+00,-7.868087247e-02,7.868087247e-02
1.139800000e-02,7.453801345e-01,-8.341612033e-04,2.105320012e+00,-7.462142957e-02,7.462142957e-02
1.140000000e-02,7.017552731e-01,-8.806378788e-04,2.250229805e+00,-7.026359110e-02,7.026359110e-02
1.140200000e-02,6.553242384e-01,-9.235930666e-04,2.386141397e+00,-6.562478314e-02,6.562478314e-02
1.140400000e-02,6.062726983e-01,-9.628549979e-04,2.512511306e+00,-6.072355533e-02,6.072355533e-02
1.140600000e-02,5.547967998e-01,-9.982666723e-04,2.628834204e+00,-5.557950665e-02,5.557950665e-02
1.140800000e-02,5.011023843e-01,-1.029686486e-03,2.734644942e+00,-5.021320708e-02,5.021320708e-02
1.141000000e-02,4.454041646e-01,-1.056988797e-03,2.829520403e+00,-4.464611534e-02,4.464611534e-02
1.141200000e-02,3.879248663e-01,-1.080064431e-03,2.913081200e+00,-3.890049307e-02,3.890049307e-02
1.141400000e-02,3.288943371e-01,-1.098821111e-03,2.984993192e+00,-3.299931582e-02,3.299931582e-02
1.141600000e-02,2.685486279e-01,-1.113183834e-03,3.044968817e+00,-2.696618118e-02,2.696618118e-02
1.141800000e-02,2.071290486e-01,-1.123095166e-03,3.092768245e+00,-2.082521438e-02,2.082521438e-02
1.142000000e-02,1.448812033e-01,-1.128515475e-03,3.128200336e+00,-1.460097188e-02,1.460097188e-02
1.142200000e-02,8.205400822e-02,-1.129423085e-03,3.151123404e+00,-8.318343131e-03,8.318343131e-03
1.142400000e-02,1.889869622e-02,-1.125814367e-03,3.161445786e+00,-2.002451058e-03,2.002451058e-03
1.142600000e-02,-4.433218774e-02,-1.117703751e-03,3.159126203e+00,4.321448399e-03,-4.321448399e-03
1.142800000e-02,-1.073857965e-01,-1.105123670e-03,3.144173932e+00,1.062806728e-02,-1.062806728e-02
1.143000000e-02,-1.700099918e-01,-1.088124430e-03,3.116648763e+00,1.689218674e-02,-1.689218674e-02
1.143200000e-02,-2.319543525e-01,-1.066774007e-03,3.076660764e+00,2.308875785e-02,-2.308875785e-02
1.143400000e-02,-2.929711760e-01,-1.041157776e-03,3.024369838e+00,2.919300182e-02,-2.919300182e-02
1.143600000e-02,-3.528164687e-01,-1.011378172e-03,2.959985087e+00,3.518050905e-02,-3.518050905e-02
1.143800000e-02,-4.112509217e-01,-9.775542770e-04,2.883763971e+00,4.102733675e-02,-4.102733674e-02
1.144000000e-02,-4.680408679e-01,-9.398213457e-04,2.796011283e+00,4.671010465e-02,-4.671010465e-02
1.144200000e-02,-5.229592159e-01,-8.983302642e-04,2.697077927e+00,5.220608856e-02,-5.220608856e-02
1.144400000e-02,-5.757863588e-01,-8.532469470e-04,2.587359517e+00,5.749331119e-02,-5.749331119e-02
1.144600000e-02,-6.263110519e-01,-8.047516727e-04,2.467294795e+00,6.255063002e-02,-6.255063002e-02
1.144800000e-02,-6.743312573e-01,-7.530383638e-04,2.337363874e+00,6.735782189e-02,-6.735782189e-02
1.145000000e-02,-7.196549523e-01,-6.983138111e-04,2.198086322e+00,7.189566384e-02,-7.189566384e-02
1.145200000e-02,-7.621008968e-01,-6.407968468e-04,2.050019079e+00,7.614600999e-02,-7.614600999e-02
1.145400000e-02,-8.014993583e-01,-5.807174691e-04,1.893754236e+00,8.009186408e-02,-8.009186408e-02
1.145600000e-02,-8.376927906e-01,-5.183159231e-04,1.729916664e+00,8.371744747e-02,-8.371744747e-02
1.145800000e-02,-8.705364637e-01,-4.538417395e-04,1.559161516e+00,8.700826220e-02,-8.700826220e-02
1.146000000e-02,-8.998990425e-01,-3.875527372e-04,1.382171604e+00,8.995114898e-02,-8.995114898e-02
1.146200000e-02,-9.256631123e-01,-3.197139921e-04,1.199654676e+00,9.253433983e-02,-9.253433983e-02
1.146400000e-02,-9.477256478e-01,-2.505967772e-04,1.012340578e+00,9.474750510e-02,-9.474750510e-02
1.146600000e-02,-9.659984255e-01,-1.804774780e-04,8.209783411e-01,9.658179481e-02,-9.658179481e-02
1.146800000e-02,-9.804083765e-01,-1.096364869e-04,6.263331824e-01,9.802987401e-02,-9.802987400e-02
1.147000000e-02,-9.908978783e-01,-3.835708223e-05,4.291834476e-01,9.908595213e-02,-9.908595213e-02
1.147200000e-02,-9.974249856e-01,3.307570441e-05,2.303174974e-01,9.974580614e-02,-9.974580613e-02
1.147400000e-02,-9.999635979e-01,1.043762282e-04,3.053055541e-02,1.000067974e-01,-1.000067974e-01
1.147600000e-02,-9.985035637e-01,1.752593731e-04,-1.693784719e-01,9.986788231e-02,-9.986788231e-02
1.147800000e-02,-9.930507214e-01,2.454416923e-04,-3.686101899e-01,9.932961631e-02,-9.932961631e-02
1.148000000e-02,-9.836268759e-01,3.146425412e-04,-5.663679124e-01,9.839415185e-02,-9.839415184e-02
1.148200000e-02,-9.702697111e-01,3.825852000e-04,-7.618608475e-01,9.706522963e-02,-9.706522963e-02
1.148400000e-02,-9.530326395e-01,4.489979802e-04,-9.543072595e-01,9.534816375e-02,-9.534816375e-02
1.148600000e-02,-9.319845886e-01,5.136153108e-04,-1.142937595e+00,9.324982040e-02,-9.324982039e-02
1.148800000e-02,-9.072097252e-01,5.761788007e-04,-1.326997561e+00,9.077859041e-02,-9.077859040e-02
1.149000000e-02,-8.788071189e-01,6.364382713e-04,-1.505751140e+00,8.794435571e-02,-8.794435571e-02
1.149200000e-02,-8.468903456e-01,6.941527577e-04,-1.678483533e+00,8.475844984e-02,-8.475844984e-02
1.149400000e-02,-8.115870340e-01,7.490914716e-04,-1.844504020e+00,8.123361255e-02,-8.123361255e-02
1.149600000e-02,-7.730383547e-01,8.010347245e-04,-2.003148719e+00,7.738393894e-02,-7.738393894e-02
1.149800000e-02,-7.313984557e-01,8.497748062e-04,-2.153783242e+00,7.322482306e-02,-7.322482306e-02
1.150000000e-02,-6.868338465e-01,8.951168152e-04,-2.295805235e+00,6.877289633e-02,-6.877289633e-02
1.150200000e-02,-6.395227316e-01,9.368794382e-04,-2.428646780e+00,6.404596111e-02,-6.404596111e-02
1.150400000e-02,-5.896542983e-01,9.748956752e-04,-2.551776671e+00,5.906291940e-02,-5.906291940e-02
1.150600000e-02,-5.374279601e-01,1.009013507e-03,-2.664702539e+00,5.384369736e-02,-5.384369736e-02
1.150800000e-02,-4.830525593e-01,1.039096504e-03,-2.766972815e+00,4.840916558e-02,-4.840916558e-02
1.151000000e-02,-4.267455318e-01,1.065024370e-03,-2.858178542e+00,4.278105562e-02,-4.278105562e-02
1.151200000e-02,-3.687320376e-01,1.086693425e-03,-2.937955008e+00,3.698187311e-02,-3.698187311e-02
1.151400000e-02,-3.092440608e-01,1.104017019e-03,-3.005983203e+00,3.103480778e-02,-3.103480778e-02
1.151600000e-02,-2.485194812e-01,1.116925879e-03,-3.061991097e+00,2.496364071e-02,-2.496364071e-02
1.151800000e-02,-1.868011240e-01,1.125368385e-03,-3.105754725e+00,1.879264924e-02,-1.879264924e-02
1.152000000e-02,-1.243357879e-01,1.129310776e-03,-3.137099085e+00,1.254650987e-02,-1.254650987e-02
1.152200000e-02,-6.137325884e-02,1.128737288e-03,-3.155898839e+00,6.250199613e-03,-6.250199613e-03
1.152400000e-02,1.834689108e-03,1.123650215e-03,-3.162078810e+00,-7.110388931e-05,7.110388931e-05
1.152600000e-02,6.503530051e-02,1.114069899e-03,-3.155614286e+00,-6.392123062e-03,6.392123062e-03
1.152800000e-02,1.279758493e-01,1.100034648e-03,-3.136531116e+00,-1.268758146e-02,1.268758146e-02
1.153000000e-02,1.904046492e-01,1.081600588e-03,-3.104905611e+00,-1.893230487e-02,1.893230487e-02
1.153200000e-02,2.520720606e-01,1.058841432e-03,-3.060864234e+00,-2.510132192e-02,2.510132192e-02
1.153400000e-02,3.127314883e-01,1.031848189e-03,-3.004583098e+00,-3.116996401e-02,3.116996401e-02
1.153600000e-02,3.721403677e-01,1.000728800e-03,-2.936287259e+00,-3.711396389e-02,3.711396389e-02
1.153800000e-02,4.300611353e-01,9.656077050e-04,-2.856249818e+00,-4.290955276e-02,4.290955276e-02
1.154000000e-02,4.862621778e-01,9.266253453e-04,-2.764790828e+00,-4.853355524e-02,4.853355524e-02
1.154200000e-02,5.405187590e-01,8.839376037e-04,-2.662276014e+00,-5.396348214e-02,5.396348214e-02
1.154400000e-02,5.926139181e-01,8.377151795e-04,-2.549115312e+00,-5.917762029e-02,5.917762029e-02
1.154600000e-02,6.423393374e-01,7.881429065e-04,-2.425761229e+00,-6.415511945e-02,6.415511945e-02
1.154800000e-02,6.894961753e-01,7.354190139e-04,-2.292707031e+00,-6.887607563e-02,6.887607563e-02
1.155000000e-02,7.338958614e-01,6.797543337e-04,-2.150484774e+00,-7.332161071e-02,7.332161071e-02
1.155200000e-02,7.753608507e-01,6.213714572e-04,-1.999663176e+00,-7.747394792e-02,7.747394792e-02
1.155400000e-02,8.137253331e-01,5.605038456e-04,-1.840845341e+00,-8.131648293e-02,8.131648293e-02
1.155600000e-02,8.488358972e-01,4.973948957e-04,-1.674666349e+00,-8.483385023e-02,8.483385023e-02
1.155800000e-02,8.805521431e-01,4.322969670e-04,-1.501790714e+00,-8.801198462e-02,8.801198462e-02
1.156000000e-02,9.087472442e-01,3.654703727e-04,-1.322909730e+00,-9.083817738e-02,9.083817738e-02
1.156200000e-02,9.333084540e-01,2.971823384e-04,-1.138738705e+00,-9.330112717e-02,9.330112717e-02
1.156400000e-02,9.541375575e-01,2.277059337e-04,-9.500141014e-01,-9.539098515e-02,9.539098515e-02
1.156600000e-02,9.711512633e-01,1.573189803e-04,-7.574905888e-01,-9.709939443e-02,9.709939443e-02
1.156800000e-02,9.842815372e-01,8.630294113e-05,-5.619380289e-01,-9.841952343e-02,9.841952343e-02
1.157000000e-02,9.934758740e-01,1.494179439e-05,-3.641383956e-01,-9.934609322e-02,9.934609322e-02
1.157200000e-02,9.986975074e-01,-5.647910147e-05,-1.648826487e-01,-9.987539865e-02,9.987539865e-02
1.157400000e-02,9.999255572e-01,-1.276741492e-04,3.503242963e-02,-1.000053231e-01,1.000053231e-01
1.157600000e-02,9.971551127e-01,-1.983586545e-04,2.348074206e-01,-9.973534713e-02,9.973534713e-02
1.157800000e-02,9.903972523e-01,-2.682499648e-04,4.336434655e-01,-9.906655022e-02,9.906655022e-02
1.158000000e-02,9.796789992e-01,-3.370685993e-04,6.307454604e-01,-9.800160678e-02,9.800160678e-02
1.158200000e-02,9.650432137e-01,-4.045393666e-04,8.253252353e-01,-9.654477530e-02,9.654477530e-02
1.158400000e-02,9.465484210e-01,-4.703924651e-04,1.016604706e+00,-9.470188135e-02,9.470188135e-02
1.158600000e-02,9.242685781e-01,-5.343645619e-04,1.203818987e+00,-9.248029427e-02,9.248029427e-02
1.158800000e-02,8.982927774e-01,-5.961998461e-04,1.386219445e+00,-8.988889773e-02,8.988889773e-02
1.159000000e-02,8.687248908e-01,-6.556510511e-04,1.563076700e+00,-8.693805418e-02,8.693805418e-02
1.159200000e-02,8.356831539e-01,-7.124804438e-04,1.733683537e+00,-8.363956344e-02,8.363956344e-02
1.159400000e-02,7.992996940e-01,-7.664607755e-04,1.897357734e+00,-8.000661548e-02,8.000661548e-02
1.159600000e-02,7.597200009e-01,-8.173761900e-04,2.053444792e+00,-7.605373771e-02,7.605373771e-02
1.159800000e-02,7.171023455e-01,-8.650230871e-04,2.201320551e+00,-7.179673685e-02,7.179673685e-02
1.160000000e-02,6.716171469e-01,-9.092109368e-04,2.340393688e+00,-6.725263579e-02,6.725263579e-02
1.160200000e-02,6.234462911e-01,-9.497630411e-04,2.470108076e+00,-6.243960542e-02,6.243960542e-02
1.160400000e-02,5.727824033e-01,-9.865172405e-04,2.589945017e+00,-5.737689205e-02,5.737689205e-02
1.160600000e-02,5.198280777e-01,-1.019326563e-03,2.699425305e+00,-5.208474043e-02,5.208474043e-02
1.160800000e-02,4.647950678e-01,-1.048059810e-03,2.798111154e+00,-4.658431276e-02,4.658431276e-02
1.161000000e-02,4.079034391e-01,-1.072602084e-03,2.885607938e+00,-4.089760412e-02,4.089760412e-02
1.161200000e-02,3.493806894e-01,-1.092855245e-03,2.961565776e+00,-3.504735447e-02,3.504735447e-02
1.161400000e-02,2.894608390e-01,-1.108738306e-03,3.025680929e+00,-2.905695773e-02,2.905695773e-02
1.161600000e-02,2.283834949e-01,-1.120187753e-03,3.077697013e+00,-2.295036827e-02,2.295036827e-02
1.161800000e-02,1.663928927e-01,-1.127157802e-03,3.117406027e+00,-1.675200505e-02,1.675200505e-02
1.162000000e-02,1.037369199e-01,-1.129620581e-03,3.144649182e+00,-1.048665405e-02,1.048665405e-02
1.162200000e-02,4.066612481e-02,-1.127566243e-03,3.159317539e+00,-4.179369105e-03,4.179369105e-03
1.162400000e-02,-2.256728569e-02,-1.121003001e-03,3.161352443e+00,2.144628269e-03,-2.144628269e-03
1.162600000e-02,-8.571045431e-02,-1.109957102e-03,3.150745756e+00,8.460049721e-03,-8.460049721e-03
1.162800000e-02,-1.485108847e-01,-1.094472716e-03,3.127539892e+00,1.474164119e-02,-1.474164119e-02
1.163000000e-02,-2.107174509e-01,-1.074611760e-03,3.091827646e+00,2.096428391e-02,-2.096428391e-02
1.163200000e-02,-2.720814018e-01,-1.050453656e-03,3.043751825e+00,2.710309482e-02,-2.710309482e-02
1.163400000e-02,-3.323573558e-01,-1.022095006e-03,2.983504674e+00,3.313352608e-02,-3.313352608e-02
1.163600000e-02,-3.913042819e-01,-9.896492105e-04,2.911327107e+00,3.903146327e-02,-3.903146327e-02
1.163800000e-02,-4.486864636e-01,-9.532460139e-04,2.827507749e+00,4.477332175e-02,-4.477332175e-02
1.164000000e-02,-5.042744414e-01,-9.130309846e-04,2.732381776e+00,5.033614104e-02,-5.033614104e-02
1.164200000e-02,-5.578459306e-01,-8.691649344e-04,2.626329577e+00,5.569767656e-02,-5.569767656e-02
1.164400000e-02,-6.091867099e-01,-8.218232744e-04,2.509775231e+00,6.083648867e-02,-6.083648866e-02
1.164600000e-02,-6.580914783e-01,-7.711953140e-04,2.383184817e+00,6.573202830e-02,-6.573202830e-02
1.164800000e-02,-7.043646758e-01,-7.174835040e-04,2.247064542e+00,7.036471923e-02,-7.036471923e-02
1.165000000e-02,-7.478212655e-01,-6.609026267e-04,2.101958724e+00,7.471603628e-02,-7.471603628e-02
1.165200000e-02,-7.882874734e-01,-6.016789373e-04,1.948447609e+00,7.876857945e-02,-7.876857945e-02
1.165400000e-02,-8.256014837e-01,-5.400492589e-04,1.787145059e+00,8.250614345e-02,-8.250614345e-02
1.165600000e-02,-8.596140854e-01,-4.762600359e-04,1.618696086e+00,8.591378254e-02,-8.591378254e-02
1.165800000e-02,-8.901892692e-01,-4.105663481e-04,1.443774285e+00,8.897787029e-02,-8.897787028e-02
1.166000000e-02,-9.172047712e-01,-3.432308908e-04,1.263079131e+00,9.168615404e-02,-9.168615403e-02
1.166200000e-02,-9.405525622e-01,-2.745229246e-04,1.077333186e+00,9.402780393e-02,-9.402780393e-02
1.166400000e-02,-9.601392791e-01,-2.047171983e-04,8.872792091e-01,9.599345619e-02,-9.599345619e-02
1.166600000e-02,-9.758865987e-01,-1.340928505e-04,6.936771878e-01,9.757525058e-02,-9.757525058e-02
1.166800000e-02,-9.877315508e-01,-6.293229335e-05,4.973012956e-01,9.876686185e-02,-9.876686185e-02
1.167000000e-02,-9.956267698e-01,8.479916991e-06,2.989367990e-01,9.956352497e-02,-9.956352497e-02
1.167200000e-02,-9.995406845e-01,7.985821791e-05,9.937691625e-02,9.996205427e-02,-9.996205427e-02
1.167400000e-02,-9.994576439e-01,1.509171824e-04,-1.005803541e-01,9.996085611e-02,-9.996085611e-02
1.167600000e-02,-9.953779801e-01,2.213726605e-04,-3.001354245e-01,9.955993528e-02,-9.955993528e-02
1.167800000e-02,-9.873180068e-01,2.909429154e-04,-4.984903157e-01,9.876089497e-02,-9.876089497e-02
1.168000000e-02,-9.753099541e-01,3.593497501e-04,-6.948518479e-01,9.756693038e-02,-9.756693038e-02
1.168200000e-02,-9.594018398e-01,4.263196198e-04,-8.884348121e-01,9.598281594e-02,-9.598281594e-02
1.168400000e-02,-9.396572770e-01,4.915847261e-04,-1.078465110e+00,9.401488618e-02,-9.401488618e-02
1.168600000e-02,-9.161552203e-01,5.548840873e-04,-1.264182851e+00,9.167101044e-02,-9.167101044e-02
1.168800000e-02,-8.889896494e-01,6.159645825e-04,-1.444845387e+00,8.896056140e-02,-8.896056140e-02
1.169000000e-02,-8.582691938e-01,6.745819634e-04,-1.619730287e+00,8.589437758e-02,-8.589437758e-02
1.169200000e-02,-8.241166983e-01,7.305018314e-04,-1.788138223e+00,8.248472001e-02,-8.248472001e-02
1.169400000e-02,-7.866687314e-01,7.835005744e-04,-1.949395765e+00,7.874522320e-02,-7.874522320e-02
1.169600000e-02,-7.460750400e-01,8.333662617e-04,-2.102858080e+00,7.469084062e-02,-7.469084062e-02
1.169800000e-02,-7.024979496e-01,8.798994906e-04,-2.247911502e+00,7.033778491e-02,-7.033778491e-02
1.170000000e-02,-6.561117160e-01,9.229141844e-04,-2.383975994e+00,6.570346302e-02,-6.570346302e-02
1.170200000e-02,-6.071018282e-01,9.622383365e-04,-2.510507462e+00,6.080640665e-02,-6.080640665e-02
1.170400000e-02,-5.556642664e-01,9.977146975e-04,-2.626999933e+00,5.566619811e-02,-5.566619811e-02
1.170600000e-02,-5.020047189e-01,1.029201405e-03,-2.732987577e+00,5.030339203e-02,-5.030339203e-02
1.170800000e-02,-4.463377588e-01,1.056572550e-03,-2.828046572e+00,4.473943314e-02,-4.473943314e-02
1.171000000e-02,-3.888859869e-01,1.079718681e-03,-2.911796798e+00,3.899657056e-02,-3.899657056e-02
1.171200000e-02,-3.298791408e-01,1.098547242e-03,-2.983903353e+00,3.309776881e-02,-3.309776881e-02
1.171400000e-02,-2.695531767e-01,1.112982941e-03,-3.044077900e+00,2.706661596e-02,-2.706661596e-02
1.171600000e-02,-2.081493254e-01,1.122968053e-03,-3.092079813e+00,2.092722935e-02,-2.092722935e-02
1.171800000e-02,-1.459131284e-01,1.128462649e-03,-3.127717141e+00,1.470415910e-02,-1.470415910e-02
1.172000000e-02,-8.309345501e-02,1.129444757e-03,-3.150847379e+00,8.422289977e-03,-8.422289977e-03
1.172200000e-02,-1.994150823e-02,1.125910451e-03,-3.161378034e+00,2.106741868e-03,-2.106741868e-03
1.172400000e-02,4.329018050e-02,1.117873864e-03,-3.159266996e+00,-4.217230663e-03,4.217230663e-03
1.172600000e-02,1.063487608e-01,1.105367131e-03,-3.144522706e+00,-1.052433937e-02,1.052433937e-02
1.172800000e-02,1.689820745e-01,1.088440265e-03,-3.117204124e+00,-1.678936343e-02,1.678936343e-02
1.173000000e-02,2.309396641e-01,1.067160952e-03,-3.077420491e+00,-2.298725031e-02,2.298725031e-02
1.173200000e-02,2.919737740e-01,1.041614285e-03,-3.025330893e+00,-2.909321597e-02,2.909321597e-02
1.173400000e-02,3.518403414e-01,1.011902419e-03,-2.961143627e+00,-3.508284390e-02,3.508284390e-02
1.173600000e-02,4.102999726e-01,9.781441662e-04,-2.885115363e+00,-4.093218284e-02,4.093218284e-02
1.173800000e-02,4.671188995e-01,9.404745179e-04,-2.797550123e+00,-4.661784250e-02,4.661784250e-02
1.174000000e-02,5.220699151e-01,8.990441077e-04,-2.698798062e+00,-5.211708710e-02,5.211708710e-02
1.174200000e-02,5.749332816e-01,8.540186071e-04,-2.589254068e+00,-5.740792630e-02,5.740792630e-02
1.174400000e-02,6.254976096e-01,8.055780637e-04,-2.469356187e+00,-6.246920315e-02,6.246920315e-02
1.174600000e-02,6.735607027e-01,7.539161812e-04,-2.339583863e+00,-6.728067866e-02,6.728067866e-02
1.174800000e-02,7.189303667e-01,6.992395447e-04,-2.200456030e+00,-7.182311272e-02,7.182311272e-02
1.175000000e-02,7.614251777e-01,6.417667947e-04,-2.052529031e+00,-7.607834109e-02,7.607834109e-02
1.175200000e-02,8.008752078e-01,5.817277528e-04,-1.896394396e+00,-8.002934800e-02,8.002934800e-02
1.175400000e-02,8.371227045e-01,5.193625026e-04,-1.732676474e+00,-8.366033420e-02,8.366033420e-02
1.175600000e-02,8.700227216e-01,4.549204298e-04,-1.562029939e+00,-8.695678012e-02,8.695678012e-02
1.175800000e-02,8.994436988e-01,3.886592248e-04,-1.385137171e+00,-8.990550396e-02,8.990550396e-02
1.176000000e-02,9.252679878e-01,3.208438524e-04,-1.202705528e+00,-9.249471439e-02,9.249471439e-02
1.176200000e-02,9.473923225e-01,2.517454922e-04,-1.015464515e+00,-9.471405770e-02,9.471405770e-02
1.176400000e-02,9.657282324e-01,1.816404541e-04,-8.241628715e-01,-9.655465919e-02,9.655465919e-02
1.176600000e-02,9.802023959e-01,1.108090736e-04,-6.295655717e-01,-9.800915869e-02,9.800915869e-02
1.176800000e-02,9.907569340e-01,3.953459071e-05,-4.324507702e-01,-9.907173994e-02,9.907173994e-02
1.177000000e-02,9.973496412e-01,-3.189798282e-05,-2.336066880e-01,-9.973815391e-02,9.973815391e-02
1.177200000e-02,9.999541545e-01,-1.032030029e-04,-3.382846120e-02,-1.000057358e-01,1.000057358e-01
1.177400000e-02,9.985600593e-01,-1.740953357e-04,1.660850385e-01,-9.987341546e-02,9.987341546e-02
1.177600000e-02,9.931729300e-01,-2.442914975e-04,3.653343988e-01,-9.934172215e-02,9.934172215e-02
1.177800000e-02,9.838143088e-01,-3.135107883e-04,5.631228627e-01,-9.841278196e-02,9.841278195e-02
1.178000000e-02,9.705216187e-01,-3.814764148e-04,7.586595155e-01,-9.709030952e-02,9.709030952e-02
1.178200000e-02,9.533480146e-01,-4.479165963e-04,9.511624467e-01,-9.537959312e-02,9.537959312e-02
1.178400000e-02,9.323621701e-01,-5.125656526e-04,1.139861877e+00,-9.328747358e-02,9.328747358e-02
1.178600000e-02,9.076480032e-01,-5.751650655e-04,1.324003237e+00,-9.082231683e-02,9.082231683e-02
1.178800000e-02,8.793043407e-01,-6.354645129e-04,1.502850183e+00,-8.799398052e-02,8.799398052e-02
1.179000000e-02,8.474445231e-01,-6.932228699e-04,1.675687544e+00,-8.481377460e-02,8.481377460e-02
1.179200000e-02,8.121959511e-01,-7.482091728e-04,1.841824179e+00,-8.129441602e-02,8.129441602e-02
1.179400000e-02,7.736995764e-01,-8.002035429e-04,2.000595742e+00,-7.744997799e-02,7.744997799e-02
1.179600000e-02,7.321093380e-01,-8.489980654e-04,2.151367339e+00,-7.329583361e-02,7.329583361e-02
1.179800000e-02,6.875915466e-01,-8.943976212e-04,2.293536066e+00,-6.884859443e-02,6.884859443e-02
1.180000000e-02,6.403242197e-01,-9.362206671e-04,2.426533419e+00,-6.412604404e-02,6.412604404e-02
1.180200000e-02,5.904963695e-01,-9.742999612e-04,2.549827569e+00,-5.914706694e-02,5.914706694e-02
1.180400000e-02,5.383072470e-01,-1.008483232e-03,2.662925489e+00,-5.393157302e-02,5.393157302e-02
1.180600000e-02,4.839655459e-01,-1.038633789e-03,2.765374924e+00,-4.850041797e-02,4.850041796e-02
1.180800000e-02,4.276885672e-01,-1.064631065e-03,2.856766200e+00,-4.287531982e-02,4.287531982e-02
1.181000000e-02,3.697013508e-01,-1.086371103e-03,2.936733863e+00,-3.707877219e-02,3.707877219e-02
1.181200000e-02,3.102357757e-01,-1.103766969e-03,3.004958137e+00,-3.113395427e-02,3.113395427e-02
1.181400000e-02,2.495296322e-01,-1.116749100e-03,3.061166209e+00,-2.506463813e-02,2.506463813e-02
1.181600000e-02,1.878256717e-01,-1.125265584e-03,3.105133314e+00,-1.889509372e-02,1.889509372e-02
1.181800000e-02,1.253706353e-01,-1.129282365e-03,3.136683636e+00,-1.264999177e-02,1.264999177e-02
1.182000000e-02,6.241426783e-02,-1.128783380e-03,3.155691013e+00,-6.354305122e-03,6.354305121e-03
1.182200000e-02,-7.916812951e-04,-1.123770626e-03,3.162079438e+00,-3.320893307e-05,3.320893307e-05
1.182400000e-02,-6.399446466e-02,-1.114264146e-03,3.155823366e+00,6.288020051e-03,-6.288020051e-03
1.182600000e-02,-1.269413475e-01,-1.100301957e-03,3.136947811e+00,1.258410455e-02,-1.258410455e-02
1.182800000e-02,-1.893806182e-01,-1.081939888e-03,3.105528256e+00,1.882986783e-02,-1.882986783e-02
1.183000000e-02,-2.510625953e-01,-1.059251367e-03,3.061690338e+00,2.500033439e-02,-2.500033439e-02
1.183200000e-02,-3.117406253e-01,-1.032327120e-03,3.005609358e+00,3.107082981e-02,-3.107082981e-02
1.183400000e-02,-3.711720693e-01,-1.001274811e-03,2.937509571e+00,3.701707945e-02,-3.701707945e-02
1.183600000e-02,-4.291192734e-01,-9.662186131e-04,2.857663294e+00,4.281530548e-02,-4.281530548e-02
1.183800000e-02,-4.853505189e-01,-9.272987077e-04,2.766389817e+00,4.844232202e-02,-4.844232202e-02
1.184000000e-02,-5.396409485e-01,-8.846707276e-04,2.664054121e+00,5.387562778e-02,-5.387562778e-02
1.184200000e-02,-5.917734663e-01,-8.385051333e-04,2.551065428e+00,5.909349611e-02,-5.909349611e-02
1.184400000e-02,-6.415396050e-01,-7.889865314e-04,2.427875554e+00,6.407506185e-02,-6.407506185e-02
1.184600000e-02,-6.887403603e-01,-7.363129364e-04,2.294977111e+00,6.880040474e-02,-6.880040474e-02
1.184800000e-02,-7.331869862e-01,-6.806949792e-04,2.152901532e+00,7.325062912e-02,-7.325062912e-02
1.185000000e-02,-7.747017498e-01,-6.223550643e-04,2.002216948e+00,7.740793947e-02,-7.740793947e-02
1.185200000e-02,-8.131186422e-01,-5.615264809e-04,1.843525914e+00,8.125571157e-02,-8.125571157e-02
1.185400000e-02,-8.482840423e-01,-4.984524700e-04,1.677463004e+00,8.477855899e-02,-8.477855899e-02
1.185600000e-02,-8.800573310e-01,-4.333852513e-04,1.504692268e+00,8.796239458e-02,-8.796239458e-02
1.185800000e-02,-9.083114535e-01,-3.665850151e-04,1.325904580e+00,9.079448685e-02,-9.079448685e-02
1.186000000e-02,-9.329334274e-01,-2.983188818e-04,1.141814877e+00,9.326351085e-02,-9.326351085e-02
1.186200000e-02,-9.538247945e-01,-2.288598332e-04,9.531592924e-01,9.535959347e-02,-9.535959347e-02
1.186400000e-02,-9.709020147e-01,-1.584856218e-04,7.606922225e-01,9.707435291e-02,-9.707435291e-02
1.186600000e-02,-9.840967997e-01,-8.747765937e-05,5.651833026e-01,9.840093221e-02,-9.840093221e-02
1.186800000e-02,-9.933563863e-01,-1.611989195e-05,3.674143323e-01,9.933402664e-02,-9.933402664e-02
1.187000000e-02,-9.986437473e-01,5.530233555e-05,1.681761484e-01,9.986990497e-02,-9.986990497e-02
1.187200000e-02,-9.999377397e-01,1.265034205e-04,-3.173453685e-02,1.000064243e-01,-1.000064243e-01
1.187400000e-02,-9.972331891e-01,1.971986446e-04,-2.315183223e-01,9.974303877e-02,-9.974303877e-02
1.187600000e-02,-9.905409103e-01,2.671053124e-04,-4.303763142e-01,9.908080156e-02,-9.908080156e-02
1.187800000e-02,-9.798876645e-01,3.359438815e-04,-6.275133207e-01,9.802236084e-02,-9.802236084e-02
1.188000000e-02,-9.653160517e-01,4.034390810e-04,-8.221410319e-01,9.657194908e-02,-9.657194908e-02
1.188200000e-02,-9.468843408e-01,4.693210115e-04,-1.013481172e+00,9.473536619e-02,-9.473536618e-02
1.188400000e-02,-9.246662364e-01,5.333262248e-04,-1.200768612e+00,9.251995627e-02,-9.251995627e-02
1.188600000e-02,-8.987505841e-01,5.951987776e-04,-1.383254428e+00,8.993457829e-02,-8.993457829e-02
1.188800000e-02,-8.692410151e-01,6.546912542e-04,-1.560208897e+00,8.698957063e-02,-8.698957063e-02
1.189000000e-02,-8.362555321e-01,7.115657567e-04,-1.730924415e+00,8.369670978e-02,-8.369670978e-02
1.189200000e-02,-7.999260371e-01,7.655948557e-04,-1.894718327e+00,8.006916320e-02,-8.006916320e-02
1.189400000e-02,-7.603978043e-01,8.165625001e-04,-2.050935654e+00,7.612143668e-02,-7.612143668e-02
1.189600000e-02,-7.178288989e-01,8.642648809e-04,-2.198951716e+00,7.186931638e-02,-7.186931638e-02
1.189800000e-02,-6.723895450e-01,9.085112463e-04,-2.338174628e+00,6.732980562e-02,-6.732980562e-02
1.190000000e-02,-6.242614451e-01,9.491246641e-04,-2.468047665e+00,6.252105698e-02,-6.252105698e-02
1.190200000e-02,-5.736370536e-01,9.859427299e-04,-2.588051494e+00,5.746229963e-02,-5.746229963e-02
1.190400000e-02,-5.207188068e-01,1.018818216e-03,-2.697706242e+00,5.217376251e-02,-5.217376251e-02
1.190600000e-02,-4.657183139e-01,1.047619659e-03,-2.796573425e+00,4.667659335e-02,-4.667659335e-02
1.190800000e-02,-4.088555102e-01,1.072231890e-03,-2.884257692e+00,4.099277421e-02,-4.099277421e-02
1.191000000e-02,-3.503577784e-01,1.092556488e-03,-2.960408412e+00,3.514503349e-02,-3.514503349e-02
1.191200000e-02,-2.904590388e-01,1.108512180e-03,-3.024721075e+00,2.915675510e-02,-2.915675510e-02
1.191400000e-02,-2.293988138e-01,1.120035163e-03,-3.076938508e+00,2.305188490e-02,-2.305188490e-02
1.191600000e-02,-1.674212707e-01,1.127079358e-03,-3.116851903e+00,1.685483501e-02,-1.685483501e-02
1.191800000e-02,-1.047742448e-01,1.129616597e-03,-3.144301656e+00,1.059038614e-02,-1.059038614e-02
1.192000000e-02,-4.170824848e-02,1.127636734e-03,-3.159178001e+00,4.283588521e-03,-4.283588521e-03
1.192200000e-02,2.152453047e-02,1.121147686e-03,-3.161421450e+00,-2.040338279e-03,2.040338279e-03
1.192400000e-02,8.467123730e-02,1.110175402e-03,-3.151023032e+00,-8.356106190e-03,8.356106190e-03
1.192600000e-02,1.474793615e-01,1.094763758e-03,-3.128024329e+00,-1.463845977e-02,1.463845977e-02
1.192800000e-02,2.096977463e-01,1.074974380e-03,-3.092517307e+00,-2.086227720e-02,2.086227720e-02
1.193000000e-02,2.710775935e-01,1.050886404e-03,-3.044643951e+00,-2.700267071e-02,2.700267071e-02
1.193200000e-02,3.313734578e-01,1.022596152e-03,-2.984595697e+00,-3.303508617e-02,3.303508617e-02
1.193400000e-02,3.903442286e-01,9.902167506e-04,-2.912612666e+00,-3.893540118e-02,3.893540118e-02
1.193600000e-02,4.477540940e-01,9.538776783e-04,-2.828982703e+00,-4.468002163e-02,4.468002163e-02
1.193800000e-02,5.033734838e-01,9.137242475e-04,-2.734040227e+00,-5.024597596e-02,5.024597596e-02
1.194000000e-02,5.569799879e-01,8.699170235e-04,-2.628164892e+00,-5.561100709e-02,5.561100709e-02
1.194200000e-02,6.083592448e-01,8.226311823e-04,-2.511780072e+00,-6.075366136e-02,6.075366136e-02
1.194400000e-02,6.573057996e-01,7.720558101e-04,-2.385351167e+00,-6.565337438e-02,6.565337438e-02
1.194600000e-02,7.036239253e-01,7.183931473e-04,-2.249383738e+00,-7.029055321e-02,7.029055321e-02
1.194800000e-02,7.471284052e-01,6.618577797e-04,-2.104421492e+00,-7.464665474e-02,7.464665474e-02
1.195000000e-02,7.876452740e-01,6.026757805e-04,-1.951044102e+00,-7.870425983e-02,7.870425982e-02
1.195200000e-02,8.250125132e-01,5.410838063e-04,-1.789864892e+00,-8.244714294e-02,8.244714294e-02
1.195400000e-02,8.590806990e-01,4.773281504e-04,-1.621528385e+00,-8.586033709e-02,8.586033709e-02
1.195600000e-02,8.897135998e-01,4.116637585e-04,-1.446707723e+00,-8.893019360e-02,8.893019360e-02
1.195800000e-02,9.167887209e-01,3.443532089e-04,-1.266101977e+00,-9.164443677e-02,9.164443677e-02
1.196000000e-02,9.401977946e-01,2.756656625e-04,-1.080433354e+00,-9.399221290e-02,9.399221290e-02
1.196200000e-02,9.598472129e-01,2.058757864e-04,-8.904443019e-01,-9.596413372e-02,9.596413371e-02
1.196400000e-02,9.756584019e-01,1.352626558e-04,-6.968945484e-01,-9.755231392e-02,9.755231392e-02
1.196600000e-02,9.875681358e-01,6.410863807e-05,-5.005580586e-01,-9.875040272e-02,9.875040272e-02
1.196800000e-02,9.955287902e-01,-7.301736809e-06,-3.022199412e-01,-9.955360919e-02,9.955360919e-02
1.197000000e-02,9.995085320e-01,-7.868291357e-05,-1.026733092e-01,-9.995872149e-02,9.995872149e-02
1.197200000e-02,9.994914471e-01,-1.497494537e-04,9.728389209e-02,-9.996411965e-02,9.996411965e-02
1.197400000e-02,9.954776038e-01,-2.202171769e-04,2.968520753e-01,-9.956978209e-02,9.956978209e-02
1.197600000e-02,9.874830526e-01,-2.898042975e-04,4.952332088e-01,-9.877728569e-02,9.877728569e-02
1.197800000e-02,9.755397620e-01,-3.582325509e-04,6.916340077e-01,-9.758979946e-02,9.758979946e-02
1.198000000e-02,9.596954909e-01,-4.252283069e-04,8.852691061e-01,-9.601207192e-02,9.601207192e-02
1.198200000e-02,9.400135971e-01,-4.905236633e-04,1.075364197e+00,-9.405041208e-02,9.405041208e-02
1.198400000e-02,9.165727845e-01,-5.538575177e-04,1.261159131e+00,-9.171266420e-02,9.171266420e-02
1.198600000e-02,8.894667880e-01,-6.149766110e-04,1.441910952e+00,-8.900817646e-02,8.900817646e-02
1.198800000e-02,8.588039987e-01,-6.736365408e-04,1.616896870e+00,-8.594776353e-02,8.594776353e-02
1.199000000e-02,8.247070310e-01,-7.296027381e-04,1.785417155e+00,-8.254366337e-02,8.254366337e-02
1.199200000e-02,7.873122313e-01,-7.826514059e-04,1.946797927e+00,-7.880948827e-02,7.880948827e-02
1.199400000e-02,7.467691338e-01,-8.325704135e-04,2.100393859e+00,-7.476017042e-02,7.476017042e-02
1.199600000e-02,7.032398618e-01,-8.791601451e-04,2.245590754e+00,-7.041190220e-02,7.041190220e-02
1.199800000e-02,6.568984799e-01,-9.222342982e-04,2.381807998e+00,-6.578207142e-02,6.578207142e-02
1.200000000e-02,6.079302977e-01,-9.616206282e-04,2.508500887e+00,-6.088919183e-02,6.088919183e-02
1.200200000e-02,5.565311286e-01,-9.971616373e-04,2.625162803e+00,-5.575282902e-02,5.575282902e-02
1.200400000e-02,5.029065073e-01,-1.028715204e-03,2.731327239e+00,-5.039352225e-02,5.039352225e-02
1.200600000e-02,4.472708674e-01,-1.056155153e-03,2.826569665e+00,-4.483270226e-02,4.483270226e-02
1.200800000e-02,3.898466845e-01,-1.079371758e-03,2.910509228e+00,-3.909260562e-02,3.909260562e-02
1.201000000e-02,3.308635857e-01,-1.098272179e-03,2.982810269e+00,-3.319618578e-02,3.319618578e-02
1.201200000e-02,2.705574322e-01,-1.112780838e-03,3.043183672e+00,-2.716702130e-02,2.716702130e-02
1.201400000e-02,2.091693758e-01,-1.122839718e-03,3.091388017e+00,-2.102922156e-02,2.102922156e-02
1.201600000e-02,1.469448947e-01,-1.128408595e-03,3.127230544e+00,-1.480733033e-02,1.480733033e-02
1.201800000e-02,8.413281141e-02,-1.129465201e-03,3.150567927e+00,-8.526227662e-03,8.526227661e-03
1.202000000e-02,2.098429855e-02,-1.126005311e-03,3.161306844e+00,-2.211030386e-03,2.211030386e-03
1.202200000e-02,-4.224812616e-02,-1.118042760e-03,3.159404352e+00,4.113008340e-03,-4.113008340e-03
1.202400000e-02,-1.053116094e-01,-1.105609388e-03,3.144868060e+00,1.042060000e-02,-1.042060000e-02
1.202600000e-02,-1.679539734e-01,-1.088754915e-03,3.117756094e+00,1.668652185e-02,-1.668652185e-02
1.202800000e-02,-2.299247244e-01,-1.067546737e-03,3.078176870e+00,2.288571777e-02,-2.288571777e-02
1.203000000e-02,-2.909760543e-01,-1.042069661e-03,3.026288657e+00,2.899339846e-02,-2.899339846e-02
1.203200000e-02,-3.508638314e-01,-1.012425566e-03,2.962298945e+00,3.498514059e-02,-3.498514059e-02
1.203400000e-02,-4.093485771e-01,-9.787329913e-04,2.886463616e+00,4.083698441e-02,-4.083698441e-02
1.203600000e-02,-4.661964229e-01,-9.411266670e-04,2.799085920e+00,4.652552963e-02,-4.652552963e-02
1.203800000e-02,-5.211800463e-01,-8.997569731e-04,2.700515261e+00,5.202802893e-02,-5.202802893e-02
1.204000000e-02,-5.740795790e-01,-8.547893381e-04,2.591145803e+00,5.732247897e-02,-5.732247897e-02
1.204200000e-02,-6.246834869e-01,-8.064035784e-04,2.471414892e+00,6.238770833e-02,-6.238770833e-02
1.204400000e-02,-6.727894154e-01,-7.547931785e-04,2.341801306e+00,6.720346223e-02,-6.720346223e-02
1.204600000e-02,-7.182049991e-01,-7.001645176e-04,2.202823345e+00,7.175048346e-02,-7.175048346e-02
1.204800000e-02,-7.607486303e-01,-6.427360446e-04,2.055036751e+00,7.601058943e-02,-7.601058943e-02
1.205000000e-02,-8.002501860e-01,-5.827374037e-04,1.899032493e+00,7.996674486e-02,-7.996674486e-02
1.205200000e-02,-8.365517076e-01,-5.204085172e-04,1.735434398e+00,8.360312991e-02,-8.360312991e-02
1.205400000e-02,-8.695080330e-01,-4.559986252e-04,1.564896663e+00,8.690520344e-02,-8.690520344e-02
1.205600000e-02,-8.989873766e-01,-3.897652896e-04,1.388101231e+00,8.985976113e-02,-8.985976113e-02
1.205800000e-02,-9.248718567e-01,-3.219733637e-04,1.205755071e+00,9.245498833e-02,-9.245498833e-02
1.206000000e-02,-9.470579666e-01,-2.528939333e-04,1.018587348e+00,9.468050726e-02,-9.468050726e-02
1.206200000e-02,-9.654569886e-01,-1.828032326e-04,8.273465053e-01,9.652741854e-02,-9.652741854e-02
1.206400000e-02,-9.799953490e-01,-1.119815398e-04,6.327972762e-01,9.798833675e-02,-9.798833675e-02
1.206600000e-02,-9.906149118e-01,-4.071205618e-05,4.357176224e-01,9.905741998e-02,-9.905741998e-02
1.206800000e-02,-9.972732117e-01,3.072022653e-05,2.368956245e-01,9.973039319e-02,-9.973039319e-02
1.207000000e-02,-9.999436234e-01,1.020296654e-04,3.712633020e-02,1.000045653e-01,-1.000045653e-01
1.207200000e-02,-9.986154685e-01,1.729311089e-04,-1.627914245e-01,9.987883996e-02,-9.987883996e-02
1.207400000e-02,-9.932940581e-01,2.431410369e-04,-3.620582102e-01,9.935371991e-02,-9.935371991e-02
1.207600000e-02,-9.840006714e-01,3.123786944e-04,-5.598772004e-01,9.843130501e-02,-9.843130500e-02
1.207800000e-02,-9.707724706e-01,3.803672145e-04,-7.554573582e-01,9.711528378e-02,-9.711528378e-02
1.208000000e-02,-9.536623526e-01,4.468347253e-04,-9.480165991e-01,9.541091874e-02,-9.541091874e-02
1.208200000e-02,-9.327387373e-01,5.115154369e-04,-1.136784919e+00,9.332502528e-02,-9.332502527e-02
1.208400000e-02,-9.080852938e-01,5.741507046e-04,-1.321007472e+00,9.086594445e-02,-9.086594445e-02
1.208600000e-02,-8.798006060e-01,6.344900632e-04,-1.499947591e+00,8.804350961e-02,-8.804350961e-02
1.208800000e-02,-8.479977787e-01,6.922922279e-04,-1.672889732e+00,8.486900709e-02,-8.486900709e-02
1.209000000e-02,-8.128039845e-01,7.473260600e-04,-1.839142335e+00,8.135513106e-02,-8.135513106e-02
1.209200000e-02,-7.743599564e-01,7.993714906e-04,-1.998040590e+00,7.751593279e-02,-7.751593279e-02
1.209400000e-02,-7.328194238e-01,8.482204009e-04,-2.148949096e+00,7.336676442e-02,-7.336676442e-02
1.209600000e-02,-6.883484988e-01,8.936774543e-04,-2.291264402e+00,6.892421762e-02,-6.892421762e-02
1.209800000e-02,-6.411250113e-01,9.355608774e-04,-2.424417418e+00,6.420605722e-02,-6.420605721e-02
1.210000000e-02,-5.913377982e-01,9.737031872e-04,-2.547875693e+00,5.923115014e-02,-5.923115014e-02
1.210200000e-02,-5.391859483e-01,1.007951860e-03,-2.661145543e+00,5.401939002e-02,-5.401939001e-02
1.210400000e-02,-4.848780059e-01,1.038169944e-03,-2.763774026e+00,4.859161759e-02,-4.859161759e-02
1.210600000e-02,-4.286311372e-01,1.064236602e-03,-2.855350751e+00,4.296953738e-02,-4.296953738e-02
1.210800000e-02,-3.706702618e-01,1.086047598e-03,-2.935509522e+00,3.717563094e-02,-3.717563094e-02
1.211000000e-02,-3.112271531e-01,1.103515717e-03,-3.003929802e+00,3.123306688e-02,-3.123306688e-02
1.211200000e-02,-2.505395117e-01,1.116571106e-03,-3.060337991e+00,2.516560829e-02,-2.516560828e-02
1.211400000e-02,-1.888500150e-01,1.125161559e-03,-3.104508524e+00,1.899751765e-02,-1.899751765e-02
1.211600000e-02,-1.264053463e-01,1.129252725e-03,-3.136264774e+00,1.275345990e-02,-1.275345990e-02
1.211800000e-02,-6.345520893e-02,1.128828244e-03,-3.155479754e+00,6.458403718e-03,-6.458403718e-03
1.212000000e-02,-2.513273793e-04,1.123889814e-03,-3.162076626e+00,1.375217193e-04,-1.375217193e-04
1.212200000e-02,6.295355918e-02,1.114457182e-03,-3.156029012e+00,-6.183910200e-03,6.183910200e-03
1.212400000e-02,1.259067076e-01,1.100568068e-03,-3.137361094e+00,-1.248061395e-02,1.248061395e-02
1.212600000e-02,1.883563812e-01,1.082278011e-03,-3.106147522e+00,-1.872741032e-02,1.872741032e-02
1.212800000e-02,2.500528568e-01,1.059660149e-03,-3.062513111e+00,-2.489931967e-02,2.489931967e-02
1.213000000e-02,3.107494231e-01,1.032804927e-03,-3.006632348e+00,-3.097166182e-02,3.097166182e-02
1.213200000e-02,3.702033671e-01,1.001819733e-03,-2.938728688e+00,-3.692015474e-02,3.692015474e-02
1.213400000e-02,4.281769448e-01,9.668284701e-04,-2.859073662e+00,-4.272101163e-02,4.272101163e-02
1.213600000e-02,4.844383320e-01,9.279710612e-04,-2.767985796e+00,-4.835103609e-02,4.835103609e-02
1.213800000e-02,5.387625510e-01,8.854028890e-04,-2.665829330e+00,-5.378771481e-02,5.378771481e-02
1.214000000e-02,5.909323707e-01,8.392941749e-04,-2.553012768e+00,-5.900930765e-02,5.900930765e-02
1.214200000e-02,6.407391747e-01,7.898292979e-04,-2.429987238e+00,-6.399493454e-02,6.399493454e-02
1.214400000e-02,6.879837960e-01,7.372060579e-04,-2.297244695e+00,-6.872465900e-02,6.872465900e-02
1.214600000e-02,7.324773133e-01,6.816348841e-04,-2.155315948e+00,-7.317956784e-02,7.317956784e-02
1.214800000e-02,7.740418061e-01,6.233379943e-04,-2.004768541e+00,-7.734184681e-02,7.734184681e-02
1.215000000e-02,8.125110667e-01,5.625485054e-04,-1.846204481e+00,-8.119485182e-02,8.119485182e-02
1.215200000e-02,8.477312646e-01,4.995095021e-04,-1.680257834e+00,-8.472317551e-02,8.472317551e-02
1.215400000e-02,8.795615615e-01,4.344730642e-04,-1.507592185e+00,-8.791270884e-02,8.791270884e-02
1.215600000e-02,9.078746746e-01,3.676992588e-04,-1.328897989e+00,-9.075069754e-02,9.075069754e-02
1.215800000e-02,9.325573858e-01,2.994551007e-04,-1.144889806e+00,-9.322579307e-02,9.322579307e-02
1.216000000e-02,9.535109940e-01,2.300134838e-04,-9.563034465e-01,-9.532809805e-02,9.532809805e-02
1.216200000e-02,9.706517100e-01,1.596520909e-04,-7.638930287e-01,-9.704920579e-02,9.704920579e-02
1.216400000e-02,9.839109917e-01,8.865228245e-05,-5.684279615e-01,-9.838223394e-02,9.838223394e-02
1.216600000e-02,9.932358180e-01,1.729797199e-05,-3.706898692e-01,-9.932185200e-02,9.932185200e-02
1.216800000e-02,9.985889009e-01,-5.412550947e-05,-1.714694652e-01,-9.986430264e-02,9.986430264e-02
1.217000000e-02,9.999488344e-01,-1.253325543e-04,2.843660955e-02,-1.000074167e-01,1.000074167e-01
1.217200000e-02,9.973101806e-01,-1.960384203e-04,2.282289722e-01,-9.975062190e-02,9.975062190e-02
1.217400000e-02,9.906834908e-01,-2.659603694e-04,4.271086947e-01,-9.909494512e-02,9.909494512e-02
1.217600000e-02,9.800952638e-01,-3.348187983e-04,6.242804983e-01,-9.804300826e-02,9.804300826e-02
1.217800000e-02,9.655878396e-01,-4.023383565e-04,8.189559341e-01,-9.659901780e-02,9.659901780e-02
1.218000000e-02,9.472192306e-01,-4.682490473e-04,1.010356535e+00,-9.476874796e-02,9.476874796e-02
1.218200000e-02,9.250628888e-01,-5.322873075e-04,1.197716931e+00,-9.255951761e-02,9.255951761e-02
1.218400000e-02,8.992074130e-01,-5.941970616e-04,1.380287906e+00,-8.998016101e-02,8.998016101e-02
1.218600000e-02,8.697561938e-01,-6.537307451e-04,1.557339396e+00,-8.704099245e-02,8.704099245e-02
1.218800000e-02,8.368270004e-01,-7.106502954e-04,1.728163411e+00,-8.375376507e-02,8.375376507e-02
1.219000000e-02,8.005515100e-01,-7.647281030e-04,1.892076859e+00,-8.013162381e-02,8.013162381e-02
1.219200000e-02,7.610747806e-01,-8.157479219e-04,2.048424285e+00,-7.618905285e-02,7.618905285e-02
1.219400000e-02,7.185546714e-01,-8.635057346e-04,2.196580489e+00,-7.194181771e-02,7.194181771e-02
1.219600000e-02,6.731612115e-01,-9.078105675e-04,2.335953024e+00,-6.740690221e-02,6.740690221e-02
1.219800000e-02,6.250759200e-01,-9.484852547e-04,2.465984569e+00,-6.260244053e-02,6.260244053e-02
1.220000000e-02,5.744910799e-01,-9.853671467e-04,2.586155155e+00,-5.754764471e-02,5.754764471e-02
1.220200000e-02,5.216089695e-01,-1.018308760e-03,2.695984244e+00,-5.226272783e-02,5.226272782e-02
1.220400000e-02,4.666410533e-01,-1.047178369e-03,2.795032653e+00,-4.676882316e-02,4.676882316e-02
1.220600000e-02,4.098071366e-01,-1.071860530e-03,2.882904308e+00,-4.108789971e-02,4.108789971e-02
1.220800000e-02,3.513344863e-01,-1.092256542e-03,2.959247828e+00,-3.524267429e-02,3.524267429e-02
1.221000000e-02,2.914569226e-01,-1.108284849e-03,3.023757931e+00,-2.925652074e-02,2.925652074e-02
1.221200000e-02,2.304138832e-01,-1.119881354e-03,3.076176656e+00,-2.315337646e-02,2.315337646e-02
1.221400000e-02,1.684494666e-01,-1.126999687e-03,3.116294389e+00,-1.695764663e-02,1.695764663e-02
1.221600000e-02,1.058114557e-01,-1.129611383e-03,3.143950710e+00,-1.069410671e-02,1.069410671e-02
1.221800000e-02,4.275032677e-02,-1.127705998e-03,3.159035026e+00,-4.387803277e-03,4.387803277e-03
1.222000000e-02,-2.048175184e-02,-1.121291151e-03,3.161487018e+00,1.936046069e-03,-1.936046069e-03
1.222200000e-02,-8.363192818e-02,-1.110392494e-03,3.151296881e+00,8.252153569e-03,-8.252153569e-03
1.222400000e-02,-1.464476778e-01,-1.095053608e-03,3.128505363e+00,1.453526242e-02,-1.453526242e-02
1.222600000e-02,-2.086778137e-01,-1.075335831e-03,3.093203602e+00,2.076024779e-02,-2.076024779e-02
1.222800000e-02,-2.700734904e-01,-1.051318010e-03,3.045532764e+00,2.690221724e-02,-2.690221724e-02
1.223000000e-02,-3.303891993e-01,-1.023096186e-03,2.985683474e+00,3.293661032e-02,-3.293661032e-02
1.223200000e-02,-3.893837506e-01,-9.907832135e-04,2.913895057e+00,3.883929674e-02,-3.883929674e-02
1.223400000e-02,-4.468212373e-01,-9.545083050e-04,2.830454580e+00,4.458667290e-02,-4.458667290e-02
1.223600000e-02,-5.024719787e-01,-9.144165164e-04,2.735695703e+00,5.015575622e-02,-5.015575622e-02
1.223800000e-02,-5.561134393e-01,-8.706681663e-04,2.629997348e+00,5.552427711e-02,-5.552427711e-02
1.224000000e-02,-6.075311178e-01,-8.234381953e-04,2.513782181e+00,6.067076796e-02,-6.067076796e-02
1.224200000e-02,-6.565194058e-01,-7.729154663e-04,2.387514922e+00,6.557464904e-02,-6.557464904e-02
1.224400000e-02,-7.028824093e-01,-7.193020090e-04,2.251700487e+00,7.021631073e-02,-7.021631073e-02
1.224600000e-02,-7.464347321e-01,-6.628122126e-04,2.106881971e+00,7.457719199e-02,-7.457719199e-02
1.224800000e-02,-7.870022178e-01,-6.036719681e-04,1.953638471e+00,7.863985458e-02,-7.863985458e-02
1.225000000e-02,-8.244226453e-01,-5.421177649e-04,1.792582778e+00,8.238805275e-02,-8.238805275e-02
1.225200000e-02,-8.585463781e-01,-4.783957456e-04,1.624358919e+00,8.580679823e-02,-8.580679823e-02
1.225400000e-02,-8.892369625e-01,-4.127607212e-04,1.449639587e+00,8.888242018e-02,-8.888242018e-02
1.225600000e-02,-9.163716732e-01,-3.454751525e-04,1.269123447e+00,9.160261981e-02,-9.160261981e-02
1.225800000e-02,-9.398420043e-01,-2.768081005e-04,1.083532347e+00,9.395651962e-02,-9.395651962e-02
1.226000000e-02,-9.595541026e-01,-2.070341505e-04,8.936084259e-01,9.593470685e-02,-9.593470685e-02
1.226200000e-02,-9.754291437e-01,-1.364323140e-04,7.001111509e-01,9.752927114e-02,-9.752927114e-02
1.226400000e-02,-9.874036465e-01,-6.528491305e-05,5.038142771e-01,9.873383616e-02,-9.873383616e-02
1.226600000e-02,-9.954297275e-01,6.123548686e-06,3.055027547e-01,9.954358511e-02,-9.954358511e-02
1.226800000e-02,-9.994752921e-01,7.750752362e-05,1.059695904e-01,9.995527997e-02,-9.995527997e-02
1.227000000e-02,-9.995241629e-01,1.485815621e-04,-9.398732428e-02,9.996727445e-02,-9.996727445e-02
1.227200000e-02,-9.955761445e-01,2.190614538e-04,-2.935684032e-01,9.957952059e-02,-9.957952059e-02
1.227400000e-02,-9.876470241e-01,2.886653643e-04,-4.919755631e-01,9.879356895e-02,-9.879356895e-02
1.227600000e-02,-9.757685087e-01,3.571149621e-04,-6.884154151e-01,9.761256237e-02,-9.761256237e-02
1.227800000e-02,-9.599880980e-01,4.241365314e-04,-8.821024371e-01,9.604122346e-02,-9.604122346e-02
1.228000000e-02,-9.403688946e-01,4.894620670e-04,-1.072262115e+00,9.408583567e-02,-9.408583567e-02
1.228200000e-02,-9.169893516e-01,5.528303455e-04,-1.258134039e+00,9.175421820e-02,-9.175421819e-02
1.228400000e-02,-8.899429589e-01,6.139879705e-04,-1.438974948e+00,8.905569469e-02,-8.905569469e-02
1.228600000e-02,-8.593378694e-01,6.726903853e-04,-1.614061694e+00,8.600105598e-02,-8.600105598e-02
1.228800000e-02,-8.252964665e-01,7.287028511e-04,-1.782694144e+00,8.260251693e-02,-8.260251693e-02
1.229000000e-02,-7.879548747e-01,7.818013859e-04,-1.944197971e+00,7.887366761e-02,-7.887366761e-02
1.229200000e-02,-7.474624152e-01,8.317736595e-04,-2.097927354e+00,7.482941889e-02,-7.482941889e-02
1.229400000e-02,-7.039810090e-01,8.784198432e-04,-2.243267563e+00,7.048594289e-02,-7.048594289e-02
1.229600000e-02,-6.576845292e-01,9.215534088e-04,-2.379637410e+00,6.586060826e-02,-6.586060826e-02
1.229800000e-02,-6.087581058e-01,9.610018739e-04,-2.506491583e+00,6.097191077e-02,-6.097191077e-02
1.230000000e-02,-5.573973853e-01,9.966074924e-04,-2.623322818e+00,5.583939928e-02,-5.583939928e-02
1.230200000e-02,-5.038077486e-01,1.028227885e-03,-2.729663930e+00,5.048359765e-02,-5.048359765e-02
1.230400000e-02,-4.482034895e-01,1.055736608e-03,-2.825089683e+00,4.492592261e-02,-4.492592261e-02
1.230600000e-02,-3.908069579e-01,1.079023660e-03,-2.909218491e+00,3.918859816e-02,-3.918859816e-02
1.230800000e-02,-3.318476705e-01,1.097995920e-03,-2.981713939e+00,3.329456665e-02,-3.329456665e-02
1.231000000e-02,-2.715613934e-01,1.112577524e-03,-3.042286133e+00,2.726739709e-02,-2.726739709e-02
1.231200000e-02,-2.101891987e-01,1.122710161e-03,-3.090692858e+00,2.113119089e-02,-2.113119089e-02
1.231400000e-02,-1.479765011e-01,1.128353314e-03,-3.126740545e+00,1.491048544e-02,-1.491048544e-02
1.231600000e-02,-8.517207629e-02,1.129484417e-03,-3.150285047e+00,8.630156070e-03,-8.630156070e-03
1.231800000e-02,-2.202706604e-02,1.126098946e-03,-3.161232214e+00,2.315316499e-03,-2.315316499e-03
1.232000000e-02,4.120602586e-02,1.118210440e-03,-3.159538271e+00,-4.008781542e-03,4.008781542e-03
1.232200000e-02,1.042743434e-01,1.105850443e-03,-3.145209992e+00,-1.031684930e-02,1.031684930e-02
1.232400000e-02,1.669256896e-01,1.089068380e-03,-3.118304672e+00,-1.658366212e-02,1.658366212e-02
1.232600000e-02,2.289095346e-01,1.067931359e-03,-3.078929901e+00,-2.278416033e-02,2.278416033e-02
1.232800000e-02,2.899780181e-01,1.042523903e-03,-3.027243129e+00,-2.889354942e-02,2.889354942e-02
1.233000000e-02,3.498869397e-01,1.012947611e-03,-2.963451041e+00,-3.488739921e-02,3.488739921e-02
1.233200000e-02,4.083967363e-01,9.793207516e-04,-2.887808730e+00,-4.074174155e-02,4.074174155e-02
1.233400000e-02,4.652734393e-01,9.417777924e-04,-2.800618671e+00,-4.643316615e-02,4.643316615e-02
1.233600000e-02,5.202896105e-01,9.004688597e-04,-2.702229522e+00,-5.193891416e-02,5.193891416e-02
1.233800000e-02,5.732252518e-01,8.555591393e-04,-2.593034718e+00,-5.723696927e-02,5.723696927e-02
1.234000000e-02,6.238686846e-01,8.072282158e-04,-2.473470908e+00,-6.230614564e-02,6.230614564e-02
1.234200000e-02,6.720173963e-01,7.556693546e-04,-2.344016202e+00,-6.712617269e-02,6.712617269e-02
1.234400000e-02,7.174788501e-01,7.010887289e-04,-2.205188263e+00,-7.167777614e-02,7.167777614e-02
1.234600000e-02,7.600712553e-01,6.437045952e-04,-2.057542235e+00,-7.594275507e-02,7.594275507e-02
1.234800000e-02,7.996242936e-01,5.837464206e-04,-1.901668524e+00,-7.990405472e-02,7.990405472e-02
1.235000000e-02,8.359798007e-01,5.214539656e-04,-1.738190435e+00,-8.354583468e-02,8.354583468e-02
1.235200000e-02,8.689923985e-01,4.570763246e-04,-1.567761685e+00,-8.685353222e-02,8.685353222e-02
1.235400000e-02,8.985300764e-01,3.908709304e-04,-1.391063781e+00,-8.981392055e-02,8.981392055e-02
1.235600000e-02,9.244747194e-01,3.231025247e-04,-1.208803303e+00,-9.241516169e-02,9.241516169e-02
1.235800000e-02,9.467225804e-01,2.540420993e-04,-1.021709072e+00,-9.464685383e-02,9.464685383e-02
1.236000000e-02,9.651846946e-01,1.839658122e-04,-8.305292390e-01,-9.650007288e-02,9.650007288e-02
1.236200000e-02,9.797872360e-01,1.131538842e-04,-6.360282922e-01,-9.796740821e-02,9.796740821e-02
1.236400000e-02,9.904718120e-01,4.188947736e-05,-4.389840006e-01,-9.904299226e-02,9.904299226e-02
1.236600000e-02,9.971956973e-01,-2.954243681e-05,-2.401843032e-01,-9.972252398e-02,9.972252397e-02
1.236800000e-02,9.999320044e-01,-1.008562169e-04,-4.042415881e-02,-1.000032861e-01,1.000032861e-01
1.237000000e-02,9.986697914e-01,-1.717666940e-04,1.594976334e-01,-9.988415581e-02,9.988415581e-02
1.237200000e-02,9.934141056e-01,-2.419903118e-04,3.587816278e-01,-9.936560960e-02,9.936560959e-02
1.237400000e-02,9.841859635e-01,-3.112462607e-04,5.566309291e-01,-9.844972098e-02,9.844972097e-02
1.237600000e-02,9.710222664e-01,-3.792576005e-04,7.522543790e-01,-9.714015240e-02,9.714015240e-02
1.237800000e-02,9.539756532e-01,-4.457523681e-04,9.448697202e-01,-9.544214056e-02,9.544214056e-02
1.238000000e-02,9.331142898e-01,-5.104646646e-04,1.133706724e+00,-9.336247545e-02,9.336247545e-02
1.238200000e-02,9.085215965e-01,-5.731357192e-04,1.318010270e+00,-9.090947322e-02,9.090947322e-02
1.238400000e-02,8.802959142e-01,-6.335149232e-04,1.497043368e+00,-8.809294291e-02,8.809294291e-02
1.238600000e-02,8.485501117e-01,-6.913608328e-04,1.670090100e+00,-8.492414726e-02,8.492414725e-02
1.238800000e-02,8.134111338e-01,-7.464421342e-04,1.836458489e+00,-8.141575760e-02,8.141575759e-02
1.239000000e-02,7.750194940e-01,-7.985385688e-04,1.995483263e+00,-7.758180326e-02,7.758180325e-02
1.239200000e-02,7.335287124e-01,-8.474418137e-04,2.146528515e+00,-7.343761542e-02,7.343761542e-02
1.239400000e-02,6.891047021e-01,-8.929563152e-04,2.288990245e+00,-6.899976584e-02,6.899976584e-02
1.239600000e-02,6.419251053e-01,-9.349000700e-04,2.422298779e+00,-6.428600054e-02,6.428600054e-02
1.239800000e-02,5.921785837e-01,-9.731053540e-04,2.545921045e+00,-5.931516890e-02,5.931516890e-02
1.240000000e-02,5.400640630e-01,-1.007419392e-03,2.659362702e+00,-5.410714824e-02,5.410714824e-02
1.240200000e-02,4.857899385e-01,-1.037704969e-03,2.762170120e+00,-4.868276435e-02,4.868276434e-02
1.240400000e-02,4.295732410e-01,-1.063840980e-03,2.853932195e+00,-4.306370820e-02,4.306370820e-02
1.240600000e-02,3.716387696e-01,-1.085722913e-03,2.934281988e+00,-3.727244925e-02,3.727244925e-02
1.240800000e-02,3.122181919e-01,-1.103263265e-03,3.002898198e+00,-3.133214552e-02,3.133214552e-02
1.241000000e-02,2.515491187e-01,-1.116391897e-03,3.059506443e+00,-2.526655106e-02,2.526655106e-02
1.241200000e-02,1.898741529e-01,-1.125056310e-03,3.103880358e+00,-1.909992092e-02,1.909992092e-02
1.241400000e-02,1.274399198e-01,-1.129221856e-03,3.135842501e+00,-1.285691417e-02,1.285691417e-02
1.241600000e-02,6.449608100e-02,-1.128871880e-03,3.155265062e+00,-6.562495288e-03,6.562495288e-03
1.241800000e-02,1.294335780e-03,-1.124007779e-03,3.162070374e+00,-2.418343560e-04,2.418343560e-04
1.242000000e-02,-6.191258522e-02,-1.114649005e-03,3.156231225e+00,6.079793621e-03,-6.079793621e-03
1.242200000e-02,-1.248719307e-01,-1.100832982e-03,3.137770964e+00,1.237710977e-02,-1.237710977e-02
1.242400000e-02,-1.873319392e-01,-1.082614957e-03,3.106763409e+00,1.862493243e-02,-1.862493243e-02
1.242600000e-02,-2.490428463e-01,-1.060067779e-03,3.063332553e+00,2.479827786e-02,-2.479827786e-02
1.242800000e-02,-3.097578829e-01,-1.033281611e-03,3.007652068e+00,3.087246013e-02,-3.087246013e-02
1.243000000e-02,-3.692342621e-01,-1.002363565e-03,2.939944607e+00,3.682318986e-02,-3.682318986e-02
1.243200000e-02,-4.272341504e-01,-9.674372753e-04,2.860480920e+00,4.262667131e-02,-4.262667131e-02
1.243400000e-02,-4.835256181e-01,-9.286424052e-04,2.769578764e+00,4.825969757e-02,-4.825969757e-02
1.243600000e-02,-5.378835674e-01,-8.861340873e-04,2.667601640e+00,5.369974333e-02,-5.369974333e-02
1.243800000e-02,-5.900906322e-01,-8.400823035e-04,2.554957330e+00,5.892505499e-02,-5.892505499e-02
1.244000000e-02,-6.399380474e-01,-7.906712053e-04,2.432096278e+00,6.391473762e-02,-6.391473761e-02
1.244200000e-02,-6.872264833e-01,-7.380983774e-04,2.299509779e+00,6.864883850e-02,-6.864883850e-02
1.244400000e-02,-7.317668436e-01,-6.825740476e-04,2.157728019e+00,7.310842695e-02,-7.310842695e-02
1.244600000e-02,-7.733810204e-01,-6.243202461e-04,2.007317953e+00,7.727567001e-02,-7.727567001e-02
1.244800000e-02,-8.119026074e-01,-5.635699179e-04,1.848881040e+00,8.113390374e-02,-8.113390374e-02
1.245000000e-02,-8.471775647e-01,-5.005659908e-04,1.683050836e+00,8.466769987e-02,-8.466769987e-02
1.245200000e-02,-8.790648351e-01,-4.355604044e-04,1.510490462e+00,8.786292747e-02,-8.786292747e-02
1.245400000e-02,-9.074369082e-01,-3.688131025e-04,1.331889951e+00,9.070680951e-02,-9.070680951e-02
1.245600000e-02,-9.321803298e-01,-3.005909938e-04,1.147963489e+00,9.318797388e-02,-9.318797388e-02
1.245800000e-02,-9.531961561e-01,-2.311668842e-04,9.594465602e-01,9.529649892e-02,-9.529649892e-02
1.246000000e-02,-9.704003493e-01,-1.608183863e-04,7.670930038e-01,9.702395309e-02,-9.702395309e-02
1.246200000e-02,-9.837241133e-01,-8.982680909e-05,5.716720021e-01,9.836342865e-02,-9.836342865e-02
1.246400000e-02,-9.931141692e-01,-1.847603320e-05,3.739650029e-01,9.930956932e-02,-9.930956931e-02
1.246600000e-02,-9.985329681e-01,5.294862451e-05,1.747625954e-01,9.985859167e-02,-9.985859167e-02
1.246800000e-02,-9.999588413e-01,1.241615517e-04,-2.513865131e-02,1.000083003e-01,-1.000083003e-01
1.247000000e-02,-9.973860872e-01,1.948779826e-04,-2.249393738e-01,9.975809652e-02,-9.975809652e-02
1.247200000e-02,-9.908249935e-01,2.648151371e-04,-4.238406105e-01,9.910898087e-02,-9.910898087e-02
1.247400000e-02,-9.803017968e-01,3.336933509e-04,-6.210469968e-01,9.806354902e-02,-9.806354902e-02
1.247600000e-02,-9.658585771e-01,4.012371943e-04,-8.157699453e-01,9.662598143e-02,-9.662598143e-02
1.247800000e-02,-9.475530899e-01,4.671765737e-04,-1.007230799e+00,9.480202664e-02,-9.480202664e-02
1.248000000e-02,-9.254585349e-01,5.312478112e-04,-1.194663947e+00,9.259897827e-02,-9.259897827e-02
1.248200000e-02,-8.996632637e-01,5.931946991e-04,-1.377319882e+00,9.002564584e-02,-9.002564584e-02
1.248400000e-02,-8.702704263e-01,6.527695249e-04,-1.554468202e+00,8.709231958e-02,-8.709231958e-02
1.248600000e-02,-8.373975585e-01,7.097340611e-04,-1.725400526e+00,8.381072925e-02,-8.381072925e-02
1.248800000e-02,-8.011761120e-01,7.638605184e-04,-1.889433333e+00,8.019399725e-02,-8.019399725e-02
1.249000000e-02,-7.617509289e-01,8.149324564e-04,-2.045910688e+00,7.625658613e-02,-7.625658613e-02
1.249200000e-02,-7.192796622e-01,8.627456489e-04,-2.194206872e+00,7.201424079e-02,-7.201424079e-02
1.249400000e-02,-6.739321458e-01,9.071089011e-04,-2.333728880e+00,6.748392547e-02,-6.748392547e-02
1.249600000e-02,-6.258897149e-01,9.478448135e-04,-2.463918791e+00,6.268375597e-02,-6.268375597e-02
1.249800000e-02,-5.753444813e-01,9.847904916e-04,-2.584256003e+00,5.763292718e-02,-5.763292718e-02
1.250000000e-02,-5.224985647e-01,1.017798197e-03,-2.694259313e+00,5.235163629e-02,-5.235163629e-02
1.250200000e-02,-4.675632850e-01,1.046735940e-03,-2.793488841e+00,4.686100210e-02,-4.686100210e-02
1.250400000e-02,-4.107583171e-01,1.071488003e-03,-2.881547788e+00,4.118298051e-02,-4.118298051e-02
1.250600000e-02,-3.523108120e-01,1.091955409e-03,-2.958084024e+00,3.534027674e-02,-3.534027674e-02
1.250800000e-02,-2.924544893e-01,1.108056311e-03,-3.022791498e+00,2.935625456e-02,-2.935625456e-02
1.251000000e-02,-2.314287019e-01,1.119726328e-03,-3.075411457e+00,2.325484283e-02,-2.325484283e-02
1.251200000e-02,-1.694774793e-01,1.126918791e-03,-3.115733485e+00,1.706043981e-02,-1.706043981e-02
1.251400000e-02,-1.068485515e-01,1.129604941e-03,-3.143596344e+00,1.079781564e-02,-1.079781564e-02
1.251600000e-02,-4.379235855e-02,1.127774035e-03,-3.158888614e+00,4.492013259e-03,-4.492013259e-03
1.251800000e-02,1.943895092e-02,1.121433396e-03,-3.161549146e+00,-1.831751753e-03,1.831751753e-03
1.252000000e-02,8.259252808e-02,1.110608378e-03,-3.151567301e+00,-8.148191970e-03,8.148191970e-03
1.252200000e-02,1.454158349e-01,1.095342268e-03,-3.128982993e+00,-1.443204926e-02,1.443204926e-02
1.252400000e-02,2.076576540e-01,1.075696112e-03,-3.093886533e+00,-2.065819579e-02,2.065819579e-02
1.252600000e-02,2.690690934e-01,1.051748471e-03,-3.046418265e+00,-2.680173449e-02,2.680173449e-02
1.252800000e-02,3.294045814e-01,1.023595107e-03,-2.986768003e+00,-3.283809863e-02,3.283809863e-02
1.253000000e-02,3.884228491e-01,9.913485985e-04,-2.915174278e+00,-3.874315005e-02,3.874315005e-02
1.253200000e-02,4.458878945e-01,9.551378933e-04,-2.831923377e+00,-4.449327566e-02,4.449327566e-02
1.253400000e-02,5.015699270e-01,9.151077905e-04,-2.737348203e+00,-5.006548192e-02,5.006548192e-02
1.253600000e-02,5.552462857e-01,8.714183619e-04,-2.631826943e+00,-5.543748673e-02,5.543748673e-02
1.253800000e-02,6.067023300e-01,8.242443125e-04,-2.515781555e+00,-6.058780857e-02,6.058780857e-02
1.254000000e-02,6.557322978e-01,7.737742816e-04,-2.389676080e+00,-6.549585235e-02,6.549585235e-02
1.254200000e-02,7.021401286e-01,7.202100882e-04,-2.254014787e+00,-7.014199185e-02,7.014199185e-02
1.254400000e-02,7.457402471e-01,6.637659246e-04,-2.109340157e+00,-7.450764812e-02,7.450764812e-02
1.254600000e-02,7.863583054e-01,6.046674990e-04,-1.956230716e+00,-7.857536379e-02,7.857536379e-02
1.254800000e-02,8.238318804e-01,5.431511339e-04,-1.795298714e+00,-8.232887293e-02,8.232887293e-02
1.255000000e-02,8.580111231e-01,4.794628204e-04,-1.627187686e+00,-8.575316603e-02,8.575316603e-02
1.255200000e-02,8.887593578e-01,4.138572348e-04,-1.452569873e+00,-8.883455006e-02,8.883455006e-02
1.255400000e-02,9.159536287e-01,3.465967201e-04,-1.272143536e+00,-9.156070320e-02,9.156070319e-02
1.255600000e-02,9.394851915e-01,2.779502374e-04,-1.086630161e+00,-9.392072413e-02,9.392072412e-02
1.255800000e-02,9.592599484e-01,2.081922894e-04,-8.967715778e-01,-9.590517562e-02,9.590517562e-02
1.256000000e-02,9.751988244e-01,1.376018237e-04,-7.033269918e-01,-9.750612226e-02,9.750612226e-02
1.256200000e-02,9.872380831e-01,6.646111701e-05,-5.070699475e-01,-9.871716220e-02,9.871716220e-02
1.256400000e-02,9.953295820e-01,-4.945353898e-06,-3.087852359e-01,-9.953345274e-02,9.953345274e-02
1.256600000e-02,9.994409650e-01,-7.633204936e-05,-1.092657563e-01,-9.995172970e-02,9.995172970e-02
1.256800000e-02,9.995557914e-01,-1.474135088e-04,9.069065422e-02,-9.997032049e-02,9.997032049e-02
1.257000000e-02,9.956736021e-01,-2.179054923e-04,2.902844117e-01,-9.958915076e-02,9.958915076e-02
1.257200000e-02,9.878099212e-01,-2.875261171e-04,4.887173822e-01,-9.880974474e-02,9.880974474e-02
1.257400000e-02,9.759961939e-01,-3.559969847e-04,6.851960736e-01,-9.763521909e-02,9.763521909e-02
1.257600000e-02,9.602796608e-01,-4.230442945e-04,8.789348084e-01,-9.607027051e-02,9.607027051e-02
1.257800000e-02,9.407231691e-01,-4.883999381e-04,1.069158866e+00,-9.412115691e-02,9.412115691e-02
1.258000000e-02,9.174049211e-01,-5.518025719e-04,1.255107579e+00,-9.179567237e-02,9.179567237e-02
1.258200000e-02,8.904181617e-01,-6.129986620e-04,1.436037378e+00,-8.910311603e-02,8.910311603e-02
1.258400000e-02,8.598708052e-01,-6.717434980e-04,1.611224763e+00,-8.605425487e-02,8.605425487e-02
1.258600000e-02,8.258850042e-01,-7.278021715e-04,1.779969195e+00,-8.266128064e-02,8.266128064e-02
1.258800000e-02,7.885966609e-01,-7.809505154e-04,1.941595900e+00,-7.893776114e-02,7.893776114e-02
1.259000000e-02,7.481548835e-01,-8.309760007e-04,2.095458567e+00,-7.489858595e-02,7.489858595e-02
1.259200000e-02,7.047213904e-01,-8.776785858e-04,2.240941931e+00,-7.055990690e-02,7.055990690e-02
1.259400000e-02,6.584698630e-01,-9.208715168e-04,2.377464234e+00,-6.593907346e-02,6.593907346e-02
1.259600000e-02,6.095852517e-01,-9.603820741e-04,2.504479553e+00,-6.105456337e-02,6.105456337e-02
1.259800000e-02,5.582630356e-01,-9.960522633e-04,2.621479978e+00,-5.592590879e-02,5.592590879e-02
1.260000000e-02,5.047084419e-01,-1.027739447e-03,2.727997651e+00,-5.057361813e-02,5.057361813e-02
1.260200000e-02,4.491356240e-01,-1.055316914e-03,2.823606628e+00,-4.501909409e-02,4.501909409e-02
1.260400000e-02,3.917668062e-01,-1.078674388e-03,2.907924590e+00,-3.928454806e-02,3.928454806e-02
1.260600000e-02,3.328313944e-01,-1.097718468e-03,2.980614366e+00,-3.339291129e-02,3.339291129e-02
1.260800000e-02,2.725650591e-01,-1.112373000e-03,3.041385285e+00,-2.736774321e-02,2.736774321e-02
1.261000000e-02,2.112087929e-01,-1.122579383e-03,3.089994337e+00,-2.123313723e-02,2.123313723e-02
1.261200000e-02,1.490079466e-01,-1.128296805e-03,3.126247145e+00,-1.501362434e-02,1.501362434e-02
1.261400000e-02,8.621124850e-02,-1.129502403e-03,3.149998740e+00,-8.734075091e-03,8.734075091e-03
1.261600000e-02,2.306980957e-02,-1.126191356e-03,3.161154146e+00,-2.419600093e-03,2.419600093e-03
1.261800000e-02,-4.016388073e-02,-1.118376904e-03,3.159668753e+00,3.904550383e-03,-3.904550383e-03
1.262000000e-02,-1.032369640e-01,-1.106090295e-03,3.145548503e+00,1.021308737e-02,-1.021308737e-02
1.262200000e-02,-1.658972242e-01,-1.089380661e-03,3.118849858e+00,1.648078435e-02,-1.648078435e-02
1.262400000e-02,-2.278940958e-01,-1.068314821e-03,3.079679582e+00,2.268257810e-02,-2.268257810e-02
1.262600000e-02,-2.889796664e-01,-1.042977011e-03,3.028194307e+00,2.879366894e-02,-2.879366894e-02
1.262800000e-02,-3.489096674e-01,-1.013468554e-03,2.964599914e+00,3.478961989e-02,-3.478961988e-02
1.263000000e-02,-4.074444512e-01,-9.799074467e-04,2.889150701e+00,4.064645438e-02,-4.064645438e-02
1.263200000e-02,-4.643499494e-01,-9.424278932e-04,2.802148376e+00,4.634075215e-02,-4.634075215e-02
1.263400000e-02,-5.193986087e-01,-9.011797667e-04,2.703940843e+00,5.184974290e-02,-5.184974290e-02
1.263600000e-02,-5.723703011e-01,-8.563280097e-04,2.594920813e+00,5.715139731e-02,-5.715139731e-02
1.263800000e-02,-6.230532036e-01,-8.080519751e-04,2.475524234e+00,6.222451516e-02,-6.222451516e-02
1.264000000e-02,-6.712446460e-01,-7.565447087e-04,2.346228548e+00,6.704881013e-02,-6.704881013e-02
1.264200000e-02,-7.167519207e-01,-7.020121775e-04,2.207550783e+00,7.160499085e-02,-7.160499085e-02
1.264400000e-02,-7.593930535e-01,-6.446724455e-04,2.060045481e+00,7.587483810e-02,-7.587483810e-02
1.264600000e-02,-7.989975314e-01,-5.847548025e-04,1.904302486e+00,7.984127766e-02,-7.984127766e-02
1.264800000e-02,-8.354069844e-01,-5.224988467e-04,1.740944581e+00,8.348844856e-02,-8.348844856e-02
1.265000000e-02,-8.684758187e-01,-4.581535267e-04,1.570625001e+00,8.680176651e-02,-8.680176651e-02
1.265200000e-02,-8.980717987e-01,-3.919761460e-04,1.394024818e+00,8.976798226e-02,-8.976798226e-02
1.265400000e-02,-9.240765765e-01,-3.242313343e-04,1.211850220e+00,9.237523452e-02,-9.237523452e-02
1.265600000e-02,-9.463861642e-01,-2.551899889e-04,1.024829685e+00,9.461309743e-02,-9.461309743e-02
1.265800000e-02,-9.649113506e-01,-1.851281918e-04,8.337110693e-01,9.647262224e-02,-9.647262224e-02
1.266000000e-02,-9.795780571e-01,-1.143261055e-04,6.392586164e-01,9.794637310e-02,-9.794637310e-02
1.266200000e-02,-9.903276347e-01,-4.306685297e-05,4.422499012e-01,9.902845679e-02,-9.902845679e-02
1.266400000e-02,-9.971170981e-01,2.836461496e-05,2.434727207e-01,9.971454627e-02,-9.971454627e-02
1.266600000e-02,-9.999192976e-01,9.968265871e-05,4.372194344e-02,1.000018980e-01,-1.000018980e-01
1.266800000e-02,-9.987230279e-01,1.706020922e-04,-1.562036688e-01,9.988936300e-02,-9.988936300e-02
1.267000000e-02,-9.935330725e-01,2.408393235e-04,-3.555046550e-01,9.937739118e-02,-9.937739118e-02
1.267200000e-02,-9.843701850e-01,3.101134884e-04,-5.533840521e-01,9.846802985e-02,-9.846802984e-02
1.267400000e-02,-9.712710058e-01,3.781475739e-04,-7.490505815e-01,9.716491534e-02,-9.716491534e-02
1.267600000e-02,-9.542879159e-01,4.446695260e-04,-9.417218134e-01,9.547325855e-02,-9.547325855e-02
1.267800000e-02,-9.334888272e-01,5.094133371e-04,-1.130627296e+00,9.339982405e-02,-9.339982405e-02
1.268000000e-02,-9.089569108e-01,5.721201102e-04,-1.315011634e+00,9.095290309e-02,-9.095290309e-02
1.268200000e-02,-8.807902648e-01,6.325390940e-04,-1.494137515e+00,8.814228039e-02,-8.814228038e-02
1.268400000e-02,-8.491015217e-01,6.904286856e-04,-1.667288651e+00,8.497919504e-02,-8.497919503e-02
1.268600000e-02,-8.140173982e-01,7.455573964e-04,-1.833772646e+00,8.147629556e-02,-8.147629556e-02
1.268800000e-02,-7.756781885e-01,7.977047783e-04,-1.992923766e+00,7.764758932e-02,-7.764758932e-02
1.269000000e-02,-7.342372030e-01,8.466623047e-04,-2.144105598e+00,7.350838653e-02,-7.350838653e-02
1.269200000e-02,-6.898601557e-01,8.922342046e-04,-2.286713598e+00,6.907523899e-02,-6.907523899e-02
1.269400000e-02,-6.427245011e-01,9.342382455e-04,-2.420177506e+00,6.436587393e-02,-6.436587393e-02
1.269600000e-02,-5.930187249e-01,9.725064621e-04,-2.543963627e+00,5.939912314e-02,-5.939912314e-02
1.269800000e-02,-5.409415902e-01,1.006885828e-03,-2.657576967e+00,5.419484760e-02,-5.419484760e-02
1.270000000e-02,-4.867013426e-01,1.037238866e-03,-2.760563210e+00,4.877385814e-02,-4.877385814e-02
1.270200000e-02,-4.305148775e-01,1.063444202e-03,-2.852510534e+00,4.315783217e-02,-4.315783217e-02
1.270400000e-02,-3.726068730e-01,1.085397046e-03,-2.933051262e+00,3.736922701e-02,-3.736922701e-02
1.270600000e-02,-3.132088911e-01,1.103009613e-03,-3.001863328e+00,3.143119007e-02,-3.143119007e-02
1.270800000e-02,-2.525584520e-01,1.116211473e-03,-3.058671567e+00,2.536746635e-02,-2.536746635e-02
1.271000000e-02,-1.908980842e-01,1.124949837e-03,-3.103248815e+00,1.920230341e-02,-1.920230341e-02
1.271200000e-02,-1.284743547e-01,1.129189760e-03,-3.135416816e+00,1.296035444e-02,-1.296035444e-02
1.271400000e-02,-6.553688290e-02,1.128914287e-03,-3.155046938e+00,6.666579719e-03,-6.666579719e-03
1.271600000e-02,-2.337342773e-03,1.124124522e-03,-3.162060683e+00,3.461467295e-04,-3.461467295e-04
1.271800000e-02,6.087154390e-02,1.114839616e-03,-3.156430005e+00,-5.975670429e-03,5.975670429e-03
1.272000000e-02,1.238370179e-01,1.101096699e-03,-3.138177420e+00,-1.227359212e-02,1.227359212e-02
1.272200000e-02,1.863072935e-01,1.082950725e-03,-3.107375916e+00,-1.852243428e-02,1.852243428e-02
1.272400000e-02,2.480325649e-01,1.060474256e-03,-3.064148662e+00,-2.469720907e-02,2.469720907e-02
1.272600000e-02,3.087660057e-01,1.033757171e-03,-3.008668515e+00,-3.077322486e-02,3.077322486e-02
1.272800000e-02,3.682647555e-01,1.002906307e-03,-2.941157329e+00,-3.672618492e-02,3.672618492e-02
1.273000000e-02,4.262908911e-01,9.680450281e-04,-2.861885066e+00,-4.253228461e-02,4.253228461e-02
1.273200000e-02,4.826123781e-01,9.293127390e-04,-2.771168720e+00,-4.816830654e-02,4.816830654e-02
1.273400000e-02,5.370039986e-01,8.868643216e-04,-2.669371047e+00,-5.361171343e-02,5.361171343e-02
1.273600000e-02,5.892482518e-01,8.408695182e-04,-2.556899114e+00,-5.884073823e-02,5.884073823e-02
1.273800000e-02,6.391362238e-01,7.915122525e-04,-2.434202673e+00,-6.383447116e-02,6.383447116e-02
1.274000000e-02,6.864684230e-01,7.389898939e-04,-2.301772362e+00,-6.857294331e-02,6.857294331e-02
1.274200000e-02,7.310555778e-01,6.835124685e-04,-2.160137743e+00,-7.303720653e-02,7.303720653e-02
1.274400000e-02,7.727193933e-01,6.253018189e-04,-2.009865181e+00,-7.720940915e-02,7.720940915e-02
1.274600000e-02,8.112932647e-01,5.645907173e-04,-1.851555587e+00,-8.107286740e-02,8.107286740e-02
1.274800000e-02,8.466229431e-01,5.016219349e-04,-1.685842008e+00,-8.461213212e-02,8.461213212e-02
1.275000000e-02,8.785671525e-01,4.366472708e-04,-1.513387096e+00,-8.781305052e-02,8.781305052e-02
1.275200000e-02,9.069981545e-01,3.699265450e-04,-1.334880465e+00,-9.066282280e-02,9.066282280e-02
1.275400000e-02,9.318022596e-01,3.017265599e-04,-1.151035924e+00,-9.315005331e-02,9.315005331e-02
1.275600000e-02,9.528802813e-01,2.323200330e-04,-9.625886302e-01,-9.526479612e-02,9.526479612e-02
1.275800000e-02,9.701479329e-01,1.619845067e-04,-7.702921445e-01,-9.699859484e-02,9.699859484e-02
1.276000000e-02,9.835361647e-01,9.100123802e-05,-5.749154207e-01,-9.834451635e-02,9.834451635e-02
1.276200000e-02,9.929914400e-01,1.965407431e-05,-3.772397297e-01,-9.929717859e-02,9.929717859e-02
1.276400000e-02,9.984759490e-01,-5.177168195e-05,-1.780555355e-01,-9.985277207e-02,9.985277207e-02
1.276600000e-02,9.999677604e-01,-1.229904140e-04,2.184066573e-02,-1.000090751e-01,1.000090751e-01
1.276800000e-02,9.974609088e-01,-1.937173330e-04,2.216495307e-01,-9.976546261e-02,9.976546261e-02
1.277000000e-02,9.909654184e-01,-2.636696167e-04,4.205720653e-01,-9.912290880e-02,9.912290880e-02
1.277200000e-02,9.805072634e-01,-3.325675404e-04,6.178128197e-01,-9.808398310e-02,9.808398310e-02
1.277400000e-02,9.661282639e-01,-4.001355957e-04,8.125830691e-01,-9.665283995e-02,9.665283995e-02
1.277600000e-02,9.478859183e-01,-4.661035920e-04,1.004103968e+00,-9.483520219e-02,9.483520219e-02
1.277800000e-02,9.258531742e-01,-5.302077369e-04,1.191609664e+00,-9.263833819e-02,9.263833819e-02
1.278000000e-02,9.001181357e-01,-5.921916914e-04,1.374350360e+00,-9.007103274e-02,9.007103274e-02
1.278200000e-02,8.707837121e-01,-6.518075945e-04,1.551595316e+00,-8.714355197e-02,8.714355197e-02
1.278400000e-02,8.379672055e-01,-7.088170546e-04,1.722635764e+00,-8.386760226e-02,8.386760226e-02
1.278600000e-02,8.017998424e-01,-7.629921028e-04,1.886787751e+00,-8.025628345e-02,8.025628345e-02
1.278800000e-02,7.624262485e-01,-8.141161042e-04,2.043394865e+00,-7.632403646e-02,7.632403646e-02
1.279000000e-02,7.200038705e-01,-8.619846246e-04,2.191830869e+00,-7.208658552e-02,7.208658552e-02
1.279200000e-02,6.747023469e-01,-9.064062479e-04,2.331502197e+00,-6.756087532e-02,6.756087532e-02
1.279400000e-02,6.267028289e-01,-9.472033411e-04,2.461850332e+00,-6.276500323e-02,6.276500323e-02
1.279600000e-02,5.761972567e-01,-9.842127651e-04,2.582354040e+00,-5.771814695e-02,5.771814695e-02
1.279800000e-02,5.233875915e-01,-1.017286527e-03,2.692531452e+00,-5.244048780e-02,5.244048780e-02
1.280000000e-02,4.684850082e-01,-1.046292372e-03,2.791941990e+00,-4.695313005e-02,4.695313005e-02
1.280200000e-02,4.117090507e-01,-1.071114311e-03,2.880188133e+00,-4.127801650e-02,4.127801650e-02
1.280400000e-02,3.532867544e-01,-1.091653087e-03,2.956917002e+00,-3.543784075e-02,3.543784075e-02
1.280600000e-02,2.934517379e-01,-1.107826569e-03,3.021821776e+00,-2.945595645e-02,2.945595645e-02
1.280800000e-02,2.324432689e-01,-1.119570083e-03,3.074642913e+00,-2.335628390e-02,2.335628390e-02
1.281000000e-02,1.705053076e-01,-1.126836669e-03,3.115169192e+00,-1.716321443e-02,1.716321443e-02
1.281200000e-02,1.078855310e-01,-1.129597270e-03,3.143238558e+00,-1.090151283e-02,1.090151283e-02
1.281400000e-02,4.483434270e-02,-1.127840846e-03,3.158738766e+00,-4.596218354e-03,4.596218354e-03
1.281600000e-02,-1.839612886e-02,-1.121574421e-03,3.161607835e+00,1.727455444e-03,-1.727455444e-03
1.281800000e-02,-8.155303812e-02,-1.110823054e-03,3.151834292e+00,8.044221507e-03,-8.044221507e-03
1.282000000e-02,-1.443838338e-01,-1.095629736e-03,3.129457220e+00,1.432882040e-02,-1.432882040e-02
1.282200000e-02,-2.066372685e-01,-1.076055223e-03,3.094566098e+00,2.055612132e-02,-2.055612132e-02
1.282400000e-02,-2.680644037e-01,-1.052177788e-03,3.047300451e+00,2.670122259e-02,-2.670122259e-02
1.282600000e-02,-3.284196052e-01,-1.024092914e-03,2.987849283e+00,3.273955123e-02,-3.273955123e-02
1.282800000e-02,-3.874615249e-01,-9.919129050e-04,2.916450327e+00,3.864696120e-02,-3.864696120e-02
1.283000000e-02,-4.449540667e-01,-9.557664426e-04,2.833389093e+00,4.439983002e-02,-4.439983002e-02
1.283200000e-02,-5.006673296e-01,-9.157980690e-04,2.738997725e+00,4.997515316e-02,-4.997515316e-02
1.283400000e-02,-5.543785281e-01,-8.721676094e-04,2.633653675e+00,5.535063605e-02,-5.535063605e-02
1.283600000e-02,-6.058728821e-01,-8.250495330e-04,2.517778192e+00,6.050478326e-02,-6.050478326e-02
1.283800000e-02,-6.549444765e-01,-7.746322551e-04,2.391834638e+00,6.541698442e-02,-6.541698442e-02
1.284000000e-02,-7.013970841e-01,-7.211173839e-04,2.256326634e+00,7.006759668e-02,-7.006759668e-02
1.284200000e-02,-7.450449507e-01,-6.647189144e-04,2.111796049e+00,7.443802318e-02,-7.443802318e-02
1.284400000e-02,-7.857135376e-01,-6.056623721e-04,1.958820832e+00,7.851078752e-02,-7.851078752e-02
1.284600000e-02,-8.232402194e-01,-5.441839120e-04,1.798012697e+00,8.226960355e-02,-8.226960355e-02
1.284800000e-02,-8.574749348e-01,-4.805293736e-04,1.630014683e+00,8.569944054e-02,-8.569944054e-02
1.285000000e-02,-8.882807863e-01,-4.149532981e-04,1.455498580e+00,8.878658330e-02,-8.878658330e-02
1.285200000e-02,-9.155345877e-01,-3.477179108e-04,1.275162241e+00,9.151868698e-02,-9.151868698e-02
1.285400000e-02,-9.391273567e-01,-2.790920718e-04,1.089726793e+00,9.388482646e-02,-9.388482646e-02
1.285600000e-02,-9.589647507e-01,-2.093502018e-04,8.999337542e-01,9.587554005e-02,-9.587554005e-02
1.285800000e-02,-9.749674442e-01,-1.387711838e-04,7.065420676e-01,9.748286730e-02,-9.748286730e-02
1.286000000e-02,-9.870714456e-01,-6.763724866e-05,5.103250663e-01,9.870038084e-02,-9.870038084e-02
1.286200000e-02,-9.952283537e-01,3.767153728e-06,3.120673811e-01,9.952321209e-02,-9.952321209e-02
1.286400000e-02,-9.994055506e-01,7.515649205e-05,1.125618034e-01,9.994807071e-02,-9.994807071e-02
1.286600000e-02,-9.995863325e-01,1.462452952e-04,-8.739388550e-02,9.997325778e-02,-9.997325778e-02
1.286800000e-02,-9.957699766e-01,2.167492938e-04,-2.870001045e-01,9.959867260e-02,-9.959867259e-02
1.287000000e-02,-9.879717438e-01,2.863865571e-04,-4.854586697e-01,9.882581303e-02,-9.882581303e-02
1.287200000e-02,-9.762228174e-01,3.548786201e-04,-6.819759867e-01,9.765776960e-02,-9.765776960e-02
1.287400000e-02,-9.605701790e-01,4.219515974e-04,-8.757662236e-01,9.609921306e-02,-9.609921306e-02
1.287600000e-02,-9.410764202e-01,4.873372779e-04,-1.066054453e+00,9.415637575e-02,-9.415637575e-02
1.287800000e-02,-9.178194926e-01,5.507741981e-04,-1.252079753e+00,9.183702668e-02,-9.183702668e-02
1.288000000e-02,-8.908923958e-01,6.120086867e-04,-1.433098247e+00,8.915044045e-02,-8.915044045e-02
1.288200000e-02,-8.604028055e-01,6.707958800e-04,-1.608386078e+00,8.610736014e-02,-8.610736014e-02
1.288400000e-02,-8.264726435e-01,7.269007000e-04,-1.777242309e+00,8.271995442e-02,-8.271995442e-02
1.288600000e-02,-7.892375892e-01,7.800987954e-04,-1.938991716e+00,7.900176880e-02,-7.900176880e-02
1.288800000e-02,-7.488465379e-01,8.301774379e-04,-2.092987500e+00,7.496767154e-02,-7.496767154e-02
1.289000000e-02,-7.054610051e-01,8.769363735e-04,-2.238613861e+00,7.063379415e-02,-7.063379415e-02
1.289200000e-02,-6.592544805e-01,9.201886230e-04,-2.375288472e+00,6.601746692e-02,-6.601746692e-02
1.289400000e-02,-6.104117344e-01,9.597612295e-04,-2.502464798e+00,6.113714956e-02,-6.113714956e-02
1.289600000e-02,-5.591280787e-01,9.954959506e-04,-2.619634287e+00,5.601235746e-02,-5.601235746e-02
1.289800000e-02,-5.056085861e-01,1.027249890e-03,-2.726328404e+00,5.066358360e-02,-5.066358360e-02
1.290000000e-02,-4.500672699e-01,1.054896072e-03,-2.822120501e+00,4.511221660e-02,-4.511221660e-02
1.290200000e-02,-3.927262283e-01,1.078323943e-03,-2.906627525e+00,3.938045523e-02,-3.938045523e-02
1.290400000e-02,-3.338147562e-01,1.097439821e-03,-2.979511550e+00,3.349121961e-02,-3.349121961e-02
1.290600000e-02,-2.735684284e-01,1.112167265e-03,-3.040481128e+00,2.746805957e-02,-2.746805957e-02
1.290800000e-02,-2.122281573e-01,1.122447384e-03,-3.089292455e+00,2.133506047e-02,-2.133506047e-02
1.291000000e-02,-1.500392300e-01,1.128239069e-03,-3.125750343e+00,1.511674690e-02,-1.511674690e-02
1.291200000e-02,-8.725032693e-02,1.129519161e-03,-3.149709006e+00,8.837984610e-03,-8.837984610e-03
1.291400000e-02,-2.411252800e-02,1.126282541e-03,-3.161072638e+00,2.523881054e-03,-2.523881054e-03
1.291600000e-02,3.912169191e-02,1.118542151e-03,-3.159795798e+00,-3.800314976e-03,3.800314976e-03
1.291800000e-02,1.021994723e-01,1.106328944e-03,-3.145883592e+00,-1.010931434e-02,1.010931434e-02
1.292000000e-02,1.648685783e-01,1.089691757e-03,-3.119391651e+00,-1.637788865e-02,1.637788865e-02
1.292200000e-02,2.268784091e-01,1.068697120e-03,-3.080425913e+00,-2.258097120e-02,2.258097120e-02
1.292400000e-02,2.879810004e-01,1.043428985e-03,-3.029142191e+00,-2.869375714e-02,2.869375714e-02
1.292600000e-02,3.479320155e-01,1.013988395e-03,-2.965745561e+00,-3.469180271e-02,3.469180271e-02
1.292800000e-02,4.064917229e-01,9.804930756e-04,-2.890489530e+00,-4.055112298e-02,4.055112298e-02
1.293000000e-02,4.634259544e-01,9.430769688e-04,-2.803675033e+00,-4.624828774e-02,4.624828774e-02
1.293200000e-02,5.185070419e-01,9.018896933e-04,-2.705649223e+00,-5.176051522e-02,5.176051522e-02
1.293400000e-02,5.715147276e-01,8.570959485e-04,-2.596804084e+00,-5.706576317e-02,5.706576317e-02
1.293600000e-02,6.222370448e-01,8.088748553e-04,-2.477574866e+00,-6.214281700e-02,6.214281700e-02
1.293800000e-02,6.704711655e-01,7.574192398e-04,-2.348438342e+00,-6.697137463e-02,6.697137463e-02
1.294000000e-02,7.160242114e-01,7.029348623e-04,-2.209910901e+00,-7.153212766e-02,7.153212766e-02
1.294200000e-02,7.587140255e-01,6.456395945e-04,-2.062546486e+00,-7.580683859e-02,7.580683859e-02
1.294400000e-02,7.983699000e-01,5.857625483e-04,-1.906934376e+00,-7.977841374e-02,7.977841374e-02
1.294600000e-02,8.348332593e-01,5.235431594e-04,-1.743696833e+00,-8.343097161e-02,8.343097161e-02
1.294800000e-02,8.679582940e-01,4.592302304e-04,-1.573486608e+00,-8.674990638e-02,8.674990638e-02
1.295000000e-02,8.976125441e-01,3.930809352e-04,-1.396984338e+00,-8.972194632e-02,8.972194632e-02
1.295200000e-02,9.236774283e-01,3.253597911e-04,-1.214895818e+00,-9.233520685e-02,9.233520685e-02
1.295400000e-02,9.460487186e-01,2.563376009e-04,-1.027949183e+00,-9.457923810e-02,9.457923810e-02
1.295600000e-02,9.646369568e-01,1.862903699e-04,-8.368919925e-01,-9.644506665e-02,9.644506665e-02
1.295800000e-02,9.793678125e-01,1.154982024e-04,-6.424882451e-01,-9.792523143e-02,9.792523143e-02
1.296000000e-02,9.901823801e-01,4.424418174e-05,-4.455153208e-01,-9.901381359e-02,9.901381359e-02
1.296200000e-02,9.970374142e-01,-2.718676226e-05,-2.467608733e-01,-9.970646010e-02,9.970646010e-02
1.296400000e-02,9.999055031e-01,-9.850899204e-05,-4.701968051e-02,-1.000004012e-01,1.000004012e-01
1.296600000e-02,9.987751779e-01,-1.694373049e-04,1.529095342e-01,-9.989446152e-02,9.989446152e-02
1.296800000e-02,9.936509585e-01,-2.396880731e-04,3.522272956e-01,-9.938906466e-02,9.938906465e-02
1.297000000e-02,9.845533356e-01,-3.089803787e-04,5.501365732e-01,-9.848623159e-02,9.848623159e-02
1.297200000e-02,9.715186886e-01,-3.770371359e-04,7.458459691e-01,-9.718957258e-02,9.718957258e-02
1.297400000e-02,9.545991406e-01,-4.435862001e-04,9.385728821e-01,-9.550427268e-02,9.550427268e-02
1.297600000e-02,9.338623491e-01,-5.083614553e-04,1.127546637e+00,-9.343707105e-02,9.343707105e-02
1.297800000e-02,9.093912363e-01,-5.711038788e-04,1.312011568e+00,-9.099623402e-02,9.099623402e-02
1.298000000e-02,8.812836571e-01,-6.315625767e-04,1.491230038e+00,-8.819152197e-02,8.819152197e-02
1.298200000e-02,8.496520079e-01,-6.894957872e-04,1.664485388e+00,-8.503415037e-02,8.503415037e-02
1.298400000e-02,8.146227770e-01,-7.446718475e-04,1.831084808e+00,-8.153674489e-02,8.153674489e-02
1.298600000e-02,7.763360391e-01,-7.968701200e-04,1.990362101e+00,-7.771329092e-02,7.771329092e-02
1.298800000e-02,7.349448949e-01,-8.458818745e-04,2.141680349e+00,-7.357907767e-02,7.357907767e-02
1.299000000e-02,6.906148588e-01,-8.915111234e-04,2.284434464e+00,-6.915063700e-02,6.915063700e-02
1.299200000e-02,6.435231976e-01,-9.335754048e-04,2.418053600e+00,-6.444567730e-02,6.444567730e-02
1.299400000e-02,5.938582210e-01,-9.719065123e-04,2.542003442e+00,-5.948301275e-02,5.948301275e-02
1.299600000e-02,5.418185289e-01,-1.006351168e-03,2.655788342e+00,-5.428248801e-02,5.428248801e-02
1.299800000e-02,4.876122172e-01,-1.036771634e-03,2.758953296e+00,-4.886489888e-02,4.886489888e-02
1.300000000e-02,4.314560457e-01,-1.063046267e-03,2.851085770e+00,-4.325190919e-02,4.325190919e-02
1.300200000e-02,3.735745711e-01,-1.085069998e-03,2.931817345e+00,-3.746596411e-02,3.746596411e-02
1.300400000e-02,3.141992496e-01,-1.102754760e-03,3.000825193e+00,-3.153020043e-02,3.153020043e-02
1.300600000e-02,2.535675106e-01,-1.116029836e-03,3.057833364e+00,-2.546835404e-02,2.546835404e-02
1.300800000e-02,1.919218079e-01,-1.124842140e-03,3.102613896e+00,-1.930466500e-02,1.930466500e-02
1.301000000e-02,1.295086498e-01,-1.129156434e-03,3.134987720e+00,-1.306378062e-02,1.306378062e-02
1.301200000e-02,6.657761351e-02,-1.128955467e-03,3.154825381e+00,-6.770656898e-03,6.770656898e-03
1.301400000e-02,3.380347223e-03,-1.124240042e-03,3.162047551e+00,-4.504587265e-04,4.504587265e-04
1.301600000e-02,-5.983043637e-02,-1.115029014e-03,3.156625350e+00,5.871540736e-03,-5.871540736e-03
1.301800000e-02,-1.228019705e-01,-1.101359218e-03,3.138580462e+00,1.217006113e-02,-1.217006113e-02
1.302000000e-02,-1.852824451e-01,-1.083285315e-03,3.107985043e+00,1.841991598e-02,-1.841991598e-02
1.302200000e-02,-2.470220137e-01,-1.060879579e-03,3.064961438e+00,2.459611341e-02,-2.459611341e-02
1.302400000e-02,-3.077737927e-01,-1.034231606e-03,3.009681690e+00,3.067395611e-02,-3.067395611e-02
1.302600000e-02,-3.672948483e-01,-1.003447957e-03,2.942366851e+00,3.662914003e-02,-3.662914003e-02
1.302800000e-02,-4.253471682e-01,-9.686517278e-04,2.863286098e+00,4.243785164e-02,-4.243785164e-02
1.303000000e-02,-4.816986132e-01,-9.299820618e-04,2.772755661e+00,4.807686312e-02,-4.807686311e-02
1.303200000e-02,-5.361238457e-01,-8.875935910e-04,2.671137550e+00,5.352362521e-02,-5.352362521e-02
1.303400000e-02,-5.884052304e-01,-8.416558181e-04,2.558838115e+00,5.875635746e-02,-5.875635746e-02
1.303600000e-02,-6.383337050e-01,-7.923524386e-04,2.436306420e+00,6.375413526e-02,-6.375413526e-02
1.303800000e-02,-6.857096159e-01,-7.398806065e-04,2.304032441e+00,6.849697353e-02,-6.849697353e-02
1.304000000e-02,-7.303435167e-01,-6.844501458e-04,2.162545116e+00,7.296590665e-02,-7.296590665e-02
1.304200000e-02,-7.720569256e-01,-6.262827113e-04,2.012410223e+00,7.714306429e-02,-7.714306429e-02
1.304400000e-02,-8.106830395e-01,-5.656109025e-04,1.854228121e+00,8.101174286e-02,-8.101174286e-02
1.304600000e-02,-8.460674006e-01,-5.026773334e-04,1.688631345e+00,8.455647232e-02,-8.455647232e-02
1.304800000e-02,-8.780685141e-01,-4.377336621e-04,1.516282084e+00,8.776307804e-02,-8.776307804e-02
1.305000000e-02,-9.065584142e-01,-3.710395850e-04,1.337869527e+00,9.061873746e-02,-9.061873746e-02
1.305200000e-02,-9.314231758e-01,-3.028617978e-04,1.154107107e+00,9.311203140e-02,-9.311203140e-02
1.305400000e-02,-9.525633698e-01,-2.334729292e-04,9.657296531e-01,9.523298969e-02,-9.523298969e-02
1.305600000e-02,-9.698944611e-01,-1.631504509e-04,7.734904472e-01,9.697313107e-02,-9.697313107e-02
1.305800000e-02,-9.833471462e-01,-9.217556794e-05,5.781582139e-01,9.832549706e-02,-9.832549706e-02
1.306000000e-02,-9.928676305e-01,-2.083209404e-05,3.805140462e-01,9.928467985e-02,-9.928467984e-02
1.306200000e-02,-9.984178438e-01,5.059468307e-05,1.813482819e-01,9.984684385e-02,-9.984684384e-02
1.306400000e-02,-9.999755917e-01,1.218191426e-04,-1.854265639e-02,1.000097411e-01,-1.000097411e-01
1.306600000e-02,-9.975346452e-01,1.925564726e-04,-2.183594465e-01,9.977272017e-02,-9.977272017e-02
1.306800000e-02,-9.911047652e-01,2.625238094e-04,-4.173030626e-01,9.913672890e-02,-9.913672890e-02
1.307000000e-02,-9.807116634e-01,3.314413681e-04,-6.145779705e-01,9.810431048e-02,-9.810431048e-02
1.307200000e-02,-9.663968996e-01,3.990335617e-04,-8.093953089e-01,9.667959332e-02,-9.667959332e-02
1.307400000e-02,-9.482177156e-01,4.650301031e-04,-1.000976044e+00,9.486827457e-02,-9.486827457e-02
1.307600000e-02,-9.262468062e-01,5.291670858e-04,-1.188554084e+00,9.267759733e-02,-9.267759733e-02
1.307800000e-02,-9.005720285e-01,5.911880395e-04,-1.371379343e+00,9.011632166e-02,-9.011632166e-02
1.308000000e-02,-8.712960506e-01,6.508449551e-04,-1.548720742e+00,8.719468956e-02,-8.719468955e-02
1.308200000e-02,-8.385359410e-01,7.078992771e-04,-1.719869129e+00,8.392438403e-02,-8.392438403e-02
1.308400000e-02,-8.024227006e-01,7.621228572e-04,-1.884140116e+00,8.031848234e-02,-8.031848234e-02
1.308600000e-02,-7.631007386e-01,8.132988664e-04,-2.040876819e+00,7.639140375e-02,-7.639140375e-02
1.308800000e-02,-7.207272956e-01,8.612226627e-04,-2.189452481e+00,7.215885183e-02,-7.215885183e-02
1.309000000e-02,-6.754718140e-01,9.057026086e-04,-2.329272977e+00,6.763775167e-02,-6.763775167e-02
1.309200000e-02,-6.275152612e-01,9.465608383e-04,-2.459779195e+00,6.284618220e-02,-6.284618220e-02
1.309400000e-02,-5.770494053e-01,9.836339680e-04,-2.580449268e+00,5.780330393e-02,-5.780330393e-02
1.309600000e-02,-5.242760489e-01,1.016773750e-03,-2.690800661e+00,5.252928227e-02,-5.252928227e-02
1.309800000e-02,-4.694062216e-01,1.045847665e-03,-2.790392101e+00,4.704520693e-02,-4.704520693e-02
1.310000000e-02,-4.126593365e-01,1.070739453e-03,-2.878825344e+00,4.137300759e-02,-4.137300759e-02
1.310200000e-02,-3.542623125e-01,1.091349577e-03,-2.955746764e+00,3.553536621e-02,-3.553536621e-02
1.310400000e-02,-2.944486672e-01,1.107595621e-03,-3.020848766e+00,2.955562628e-02,-2.955562628e-02
1.310600000e-02,-2.334575830e-01,1.119412620e-03,-3.073871023e+00,2.345769956e-02,-2.345769956e-02
1.310800000e-02,-1.715329504e-01,1.126753321e-03,-3.114601509e+00,1.726597037e-02,-1.726597037e-02
1.311000000e-02,-1.089223932e-01,1.129588370e-03,-3.142877352e+00,1.100519816e-02,-1.100519816e-02
1.311200000e-02,-4.587627807e-02,1.127906430e-03,-3.158585482e+00,4.700418450e-03,-4.700418450e-03
1.311400000e-02,1.735328678e-02,1.121714226e-03,-3.161663085e+00,-1.623157256e-03,1.623157256e-03
1.311600000e-02,8.051345945e-02,1.111036521e-03,-3.152097855e+00,-7.940242293e-03,7.940242293e-03
1.311800000e-02,1.433516755e-01,1.095916012e-03,-3.129928042e+00,-1.422557595e-02,1.422557595e-02
1.312000000e-02,2.056166581e-01,1.076413163e-03,-3.095242297e+00,-2.045402449e-02,2.045402449e-02
1.312200000e-02,2.670594224e-01,1.052605961e-03,-3.048179322e+00,-2.660068164e-02,2.660068164e-02
1.312400000e-02,3.274342716e-01,1.024589607e-03,-2.988927312e+00,-3.264096820e-02,3.264096820e-02
1.312600000e-02,3.864997793e-01,9.924761325e-04,-2.917723204e+00,-3.855073032e-02,3.855073032e-02
1.312800000e-02,4.440197548e-01,9.563939522e-04,-2.834851727e+00,-4.430633608e-02,4.430633608e-02
1.313000000e-02,4.997641876e-01,9.164873513e-04,-2.740644268e+00,-4.988477002e-02,4.988477002e-02
1.313200000e-02,5.535101674e-01,8.729159083e-04,-2.635477542e+00,-5.526372515e-02,5.526372515e-02
1.313400000e-02,6.050427751e-01,8.258538560e-04,-2.519772090e+00,-6.042169213e-02,6.042169212e-02
1.313600000e-02,6.541559426e-01,7.754893860e-04,-2.393990594e+00,-6.533804533e-02,6.533804533e-02
1.313800000e-02,7.006532766e-01,7.220238952e-04,-2.258636027e+00,-6.999312527e-02,6.999312527e-02
1.314000000e-02,7.443488439e-01,6.656711810e-04,-2.114249644e+00,-7.436831727e-02,7.436831727e-02
1.314200000e-02,7.850679150e-01,6.066565863e-04,-1.961408817e+00,-7.844612584e-02,7.844612584e-02
1.314400000e-02,8.226476627e-01,5.452160980e-04,-1.800724724e+00,-8.221024466e-02,8.221024466e-02
1.314600000e-02,8.569378136e-01,4.815954040e-04,-1.632839907e+00,-8.564562182e-02,8.564562182e-02
1.314800000e-02,8.878012484e-01,4.160489101e-04,-1.458425703e+00,-8.873851995e-02,8.873851995e-02
1.315000000e-02,9.151145507e-01,3.488387232e-04,-1.278179559e+00,-9.147657120e-02,9.147657120e-02
1.315200000e-02,9.387685002e-01,2.802336027e-04,-1.092822239e+00,-9.384882666e-02,9.384882666e-02
1.315400000e-02,9.586685098e-01,2.105078864e-04,-9.030949516e-01,-9.584580019e-02,9.584580019e-02
1.315600000e-02,9.747350034e-01,1.399403928e-04,-7.097563748e-01,-9.745950630e-02,9.745950630e-02
1.315800000e-02,9.869037344e-01,6.881330673e-05,-5.135796299e-01,-9.868349211e-02,9.868349211e-02
1.316000000e-02,9.951260427e-01,-2.588949464e-06,-3.153491869e-01,-9.951286317e-02,9.951286317e-02
1.316200000e-02,9.993690489e-01,-7.398085299e-05,-1.158577281e-01,-9.994430298e-02,9.994430298e-02
1.316400000e-02,9.996157862e-01,-1.450769225e-04,8.409702171e-02,-9.997608632e-02,9.997608631e-02
1.316600000e-02,9.958652679e-01,-2.155928595e-04,2.837154850e-01,-9.960808608e-02,9.960808607e-02
1.316800000e-02,9.881324915e-01,-2.852466856e-04,4.821994290e-01,-9.884177382e-02,9.884177382e-02
1.317000000e-02,9.764483788e-01,-3.537598695e-04,6.787551579e-01,-9.768021387e-02,9.768021387e-02
1.317200000e-02,9.608596521e-01,-4.208584412e-04,8.725966860e-01,-9.612805106e-02,9.612805106e-02
1.317400000e-02,9.414286476e-01,-4.862740876e-04,1.062948882e+00,-9.419149217e-02,9.419149217e-02
1.317600000e-02,9.182330657e-01,-5.497452250e-04,1.249050566e+00,-9.187828109e-02,9.187828109e-02
1.317800000e-02,8.913656607e-01,-6.110180456e-04,1.430157556e+00,-8.919766788e-02,8.919766788e-02
1.318000000e-02,8.609338699e-01,-6.698475322e-04,1.605545644e+00,-8.616037174e-02,8.616037174e-02
1.318200000e-02,8.270593836e-01,-7.259984378e-04,1.774513489e+00,-8.277853821e-02,8.277853821e-02
1.318400000e-02,7.898776589e-01,-7.792462267e-04,1.936385424e+00,-7.906569051e-02,7.906569051e-02
1.318600000e-02,7.495373777e-01,-8.293779720e-04,2.090514156e+00,-7.503667557e-02,7.503667557e-02
1.318800000e-02,7.061998524e-01,-8.761932073e-04,2.236283356e+00,-7.070760456e-02,7.070760456e-02
1.319000000e-02,6.600383808e-01,-9.195047281e-04,2.373110125e+00,-6.609578856e-02,6.609578856e-02
1.319200000e-02,6.112375531e-01,-9.591393409e-04,2.500447320e+00,-6.121966924e-02,6.121966924e-02
1.319400000e-02,5.599925134e-01,-9.949385549e-04,2.617785746e+00,-5.609874520e-02,5.609874520e-02
1.319600000e-02,5.065081802e-01,-1.026759217e-03,2.724656192e+00,-5.075349394e-02,5.075349394e-02
1.319800000e-02,4.509984262e-01,-1.054474082e-03,2.820631304e+00,-4.520529002e-02,4.520529002e-02
1.320000000e-02,3.936852232e-01,-1.077972324e-03,2.905327298e+00,-3.947631955e-02,3.947631955e-02
1.320200000e-02,3.347977549e-01,-1.097159980e-03,2.978405493e+00,-3.358949149e-02,3.358949149e-02
1.320400000e-02,2.745715000e-01,-1.111960321e-03,3.039573664e+00,-2.756834604e-02,2.756834604e-02
1.320600000e-02,2.132472909e-01,-1.122314164e-03,3.088587211e+00,-2.143696050e-02,2.143696050e-02
1.320800000e-02,1.510703501e-01,-1.128180106e-03,3.125250141e+00,-1.521985302e-02,1.521985302e-02
1.321000000e-02,8.828931045e-02,-1.129534690e-03,3.149415846e+00,-8.941884514e-03,8.941884514e-03
1.321200000e-02,2.515522020e-02,-1.126372500e-03,3.160987692e+00,-2.628159271e-03,2.628159270e-03
1.321400000e-02,-3.807946053e-02,-1.118706181e-03,3.159919405e+00,3.696075435e-03,-3.696075435e-03
1.321600000e-02,-1.011618694e-01,-1.106566389e-03,3.146215258e+00,1.000553030e-02,-1.000553030e-02
1.321800000e-02,-1.638397530e-01,-1.090001667e-03,3.119930051e+00,1.627497514e-02,-1.627497514e-02
1.322000000e-02,-2.258624756e-01,-1.069078256e-03,3.081168892e+00,2.247933973e-02,-2.247933973e-02
1.322200000e-02,-2.869820210e-01,-1.043879823e-03,3.030086780e+00,2.859381412e-02,-2.859381412e-02
1.322400000e-02,-3.469539851e-01,-1.014507132e-03,2.966887981e+00,3.459394780e-02,-3.459394780e-02
1.322600000e-02,-4.055385523e-01,-9.810776380e-04,2.891825214e+00,4.045574747e-02,-4.045574747e-02
1.322800000e-02,-4.625014553e-01,-9.437250184e-04,2.805198640e+00,4.615577302e-02,-4.615577302e-02
1.323000000e-02,-5.176149111e-01,-9.025986388e-04,2.707354660e+00,5.167123124e-02,-5.167123124e-02
1.323200000e-02,-5.706585325e-01,-8.578629549e-04,2.598684531e+00,5.698006695e-02,-5.698006695e-02
1.323400000e-02,-6.214202091e-01,-8.096968556e-04,2.479622804e+00,6.206105123e-02,-6.206105123e-02
1.323600000e-02,-6.696969556e-01,-7.582929469e-04,2.350645580e+00,6.689386627e-02,-6.689386627e-02
1.323800000e-02,-7.152957233e-01,-7.038567825e-04,2.212268614e+00,7.145918665e-02,-7.145918665e-02
1.324000000e-02,-7.580341722e-01,-6.466060412e-04,2.065045246e+00,7.573875661e-02,-7.573875661e-02
1.324200000e-02,-7.977414000e-01,-5.867696568e-04,1.909564192e+00,7.971546304e-02,-7.971546304e-02
1.324400000e-02,-8.342586260e-01,-5.245869026e-04,1.746447188e+00,8.337340391e-02,-8.337340391e-02
1.324600000e-02,-8.674398252e-01,-4.603064345e-04,1.576346504e+00,8.669795188e-02,-8.669795187e-02
1.324800000e-02,-8.971523130e-01,-3.941852968e-04,1.399942339e+00,8.967581277e-02,-8.967581277e-02
1.325000000e-02,-9.232772753e-01,-3.264878940e-04,1.217940095e+00,9.229507874e-02,-9.229507874e-02
1.325200000e-02,-9.457102438e-01,-2.574849340e-04,1.031067563e+00,9.454527588e-02,-9.454527588e-02
1.325400000e-02,-9.643615137e-01,-1.874523453e-04,8.400720054e-01,9.641740614e-02,-9.641740614e-02
1.325600000e-02,-9.791565026e-01,-1.166701737e-04,6.457171748e-01,9.790398324e-02,-9.790398324e-02
1.325800000e-02,-9.900360482e-01,-4.542146237e-05,4.487802556e-01,9.899906268e-02,-9.899906267e-02
1.326000000e-02,-9.969566456e-01,2.600887997e-05,2.500487575e-01,9.969826545e-02,-9.969826545e-02
1.326200000e-02,-9.998906208e-01,9.733521821e-05,5.031736643e-02,9.999879560e-02,-9.999879560e-02
1.326400000e-02,-9.988262414e-01,1.682723332e-04,-1.496152333e-01,9.989945137e-02,-9.989945137e-02
1.326600000e-02,-9.937677635e-01,2.385365620e-04,-3.489495529e-01,9.940063001e-02,-9.940063001e-02
1.326800000e-02,-9.847354151e-01,3.078469328e-04,-5.468884958e-01,9.850432620e-02,-9.850432620e-02
1.327000000e-02,-9.717653146e-01,3.759262878e-04,-7.426405453e-01,9.721412409e-02,-9.721412409e-02
1.327200000e-02,-9.549093267e-01,4.425023917e-04,-9.354229298e-01,9.553518291e-02,-9.553518291e-02
1.327400000e-02,-9.342348550e-01,5.073090206e-04,-1.124464753e+00,9.347421641e-02,-9.347421641e-02
1.327600000e-02,-9.098245725e-01,5.700870262e-04,-1.309010075e+00,9.103946595e-02,-9.103946595e-02
1.327800000e-02,-8.817760908e-01,6.305853724e-04,-1.488320938e+00,8.824066761e-02,-8.824066761e-02
1.328000000e-02,-8.502015698e-01,6.885621388e-04,-1.661680315e+00,8.508901320e-02,-8.508901320e-02
1.328200000e-02,-8.152272697e-01,7.437854885e-04,-1.828394978e+00,8.159710552e-02,-8.159710552e-02
1.328400000e-02,-7.769930452e-01,7.960345947e-04,-1.987798270e+00,7.777890798e-02,-7.777890798e-02
1.328600000e-02,-7.356517872e-01,8.451005242e-04,-2.139252770e+00,7.364968877e-02,-7.364968877e-02
1.328800000e-02,-6.913688107e-01,8.907870724e-04,-2.282152844e+00,6.922595978e-02,-6.922595978e-02
1.329000000e-02,-6.443211941e-01,9.329115484e-04,-2.415927063e+00,6.452541057e-02,-6.452541057e-02
1.329200000e-02,-5.946970711e-01,9.713055052e-04,-2.540040492e+00,5.956683766e-02,-5.956683766e-02
1.329400000e-02,-5.426948782e-01,1.005815413e-03,-2.653996827e+00,5.437006936e-02,-5.437006936e-02
1.329600000e-02,-4.885225614e-01,1.036303275e-03,-2.757340381e+00,4.895588646e-02,-4.895588646e-02
1.329800000e-02,-4.323967444e-01,1.062647175e-03,-2.849657905e+00,4.334593916e-02,-4.334593916e-02
1.330000000e-02,-3.745418628e-01,1.084741770e-03,-2.930580239e+00,3.756266046e-02,-3.756266046e-02
1.330200000e-02,-3.151892662e-01,1.102498709e-03,-2.999783792e+00,3.162917649e-02,-3.162917649e-02
1.330400000e-02,-2.545762933e-01,1.115846984e-03,-3.056991834e+00,2.556921403e-02,-2.556921403e-02
1.330600000e-02,-1.929453228e-01,1.124733220e-03,-3.101975602e+00,1.940700560e-02,-1.940700560e-02
1.330800000e-02,-1.305428040e-01,1.129121881e-03,-3.134555214e+00,1.316719259e-02,-1.316719259e-02
1.331000000e-02,-6.761827169e-02,1.128995419e-03,-3.154600392e+00,6.874726711e-03,-6.874726711e-03
1.331200000e-02,-4.423347996e-03,1.124354338e-03,-3.162030979e+00,5.547702335e-04,-5.547702335e-04
1.331400000e-02,5.878926375e-02,1.115217199e-03,-3.156817262e+00,-5.767404655e-03,5.767404655e-03
1.331600000e-02,1.217667895e-01,1.101620538e-03,-3.138980090e+00,-1.206651689e-02,1.206651689e-02
1.331800000e-02,1.842573951e-01,1.083618726e-03,-3.108590788e+00,-1.831737764e-02,1.831737764e-02
1.332000000e-02,2.460111937e-01,1.061283748e-03,-3.065770879e+00,-2.449499100e-02,2.449499100e-02
1.332200000e-02,3.067812448e-01,1.034704917e-03,-3.010691590e+00,-3.057465399e-02,3.057465399e-02
1.332400000e-02,3.663245415e-01,1.003988516e-03,-2.943573171e+00,-3.653205530e-02,3.653205529e-02
1.332600000e-02,4.244029825e-01,9.692573737e-04,-2.864684016e+00,-4.234337251e-02,4.234337251e-02
1.332800000e-02,4.807843242e-01,9.306503730e-04,-2.774339585e+00,-4.798536739e-02,4.798536739e-02
1.333000000e-02,5.352431095e-01,8.883218949e-04,-2.672901147e+00,-5.343547876e-02,5.343547876e-02
1.333200000e-02,5.875615689e-01,8.424412024e-04,-2.560774333e+00,-5.867191277e-02,5.867191277e-02
1.333400000e-02,6.375304918e-01,7.931917628e-04,-2.438407516e+00,-6.367373000e-02,6.367373000e-02
1.333600000e-02,6.849500629e-01,7.407705142e-04,-2.306290014e+00,-6.842092923e-02,6.842092923e-02
1.333800000e-02,7.296306611e-01,6.853870785e-04,-2.164950138e+00,-7.289452740e-02,7.289452740e-02
1.334000000e-02,7.713936181e-01,6.272629224e-04,-2.014953076e+00,-7.707663551e-02,7.707663551e-02
1.334200000e-02,8.100719324e-01,5.666304724e-04,-1.856898637e+00,-8.095053019e-02,8.095053019e-02
1.334400000e-02,8.455109376e-01,5.037321849e-04,-1.691418846e+00,-8.450072054e-02,8.450072054e-02
1.334600000e-02,8.775689204e-01,4.388195773e-04,-1.519175422e+00,-8.771301008e-02,8.771301008e-02
1.334800000e-02,9.061176876e-01,3.721522214e-04,-1.340857133e+00,-9.057455354e-02,9.057455354e-02
1.335000000e-02,9.310430787e-01,3.039967061e-04,-1.157177034e+00,-9.307390820e-02,9.307390820e-02
1.335200000e-02,9.522454222e-01,2.346255713e-04,-9.688696253e-01,-9.520107966e-02,9.520107966e-02
1.335400000e-02,9.696399342e-01,1.643162176e-04,-7.766879084e-01,-9.694756180e-02,9.694756180e-02
1.335600000e-02,9.831570579e-01,9.334979759e-05,-5.814003782e-01,-9.830637081e-02,9.830637081e-02
1.335800000e-02,9.927427410e-01,2.201009112e-05,-3.837879487e-01,-9.927207309e-02,9.927207309e-02
1.336000000e-02,9.983586524e-01,-4.941762914e-05,-1.846408310e-01,-9.984080700e-02,9.984080700e-02
1.336200000e-02,9.999823351e-01,-1.206477386e-04,1.524462687e-02,-1.000102983e-01,1.000102983e-01
1.336400000e-02,9.976072965e-01,-1.913954028e-04,2.150691247e-01,-9.977986919e-02,9.977986919e-02
1.336600000e-02,9.912430338e-01,-2.613777166e-04,4.140336058e-01,-9.915044116e-02,9.915044116e-02
1.336800000e-02,9.809149965e-01,-3.303148353e-04,6.113424527e-01,-9.812453113e-02,9.812453113e-02
1.337000000e-02,9.666644840e-01,-3.979310937e-04,8.062066682e-01,-9.670624151e-02,9.670624151e-02
1.337200000e-02,9.485484814e-01,-4.639561084e-04,9.978470310e-01,-9.490124375e-02,9.490124375e-02
1.337400000e-02,9.266394307e-01,-5.281258591e-04,1.185497211e+00,-9.271675565e-02,9.271675565e-02
1.337600000e-02,9.010249416e-01,-5.901837444e-04,1.368406834e+00,-9.016151254e-02,9.016151254e-02
1.337800000e-02,8.718074412e-01,-6.498816076e-04,1.545844483e+00,-8.724573228e-02,8.724573228e-02
1.338000000e-02,8.391037642e-01,-7.069807295e-04,1.717100622e+00,-8.398107450e-02,8.398107449e-02
1.338200000e-02,8.030446858e-01,-7.612527824e-04,1.881490432e+00,-8.038059386e-02,8.038059386e-02
1.338400000e-02,7.637743987e-01,-8.124807438e-04,2.038356553e+00,-7.645868794e-02,7.645868794e-02
1.338600000e-02,7.214499366e-01,-8.604597638e-04,2.187071711e+00,-7.223103964e-02,7.223103964e-02
1.338800000e-02,6.762405463e-01,-9.049979841e-04,2.327041223e+00,-6.771455443e-02,6.771455443e-02
1.339000000e-02,6.283270108e-01,-9.459173057e-04,2.457705382e+00,-6.292729281e-02,6.292729281e-02
1.339200000e-02,5.779009262e-01,-9.830541008e-04,2.578541688e+00,-5.788839803e-02,5.788839803e-02
1.339400000e-02,5.251639360e-01,-1.016259867e-03,2.689066942e+00,-5.261801958e-02,5.261801958e-02
1.339600000e-02,4.703269244e-01,-1.045401821e-03,2.788839177e+00,-4.713723263e-02,4.713723263e-02
1.339800000e-02,4.136091733e-01,-1.070363431e-03,2.877459424e+00,-4.146795368e-02,4.146795368e-02
1.340000000e-02,3.552374852e-01,-1.091044880e-03,2.954573310e+00,-3.563285301e-02,3.563285301e-02
1.340200000e-02,2.954452762e-01,-1.107363468e-03,3.019872471e+00,-2.965526397e-02,2.965526397e-02
1.340400000e-02,2.344716431e-01,-1.119253940e-03,3.073095790e+00,-2.355908970e-02,2.355908970e-02
1.340600000e-02,1.725604066e-01,-1.126668747e-03,3.114030439e+00,-1.736870753e-02,1.736870753e-02
1.340800000e-02,1.099591369e-01,-1.129578241e-03,3.142512727e+00,-1.110887152e-02,1.110887152e-02
1.341000000e-02,4.691816353e-02,-1.127970786e-03,3.158428761e+00,-4.804613432e-03,4.804613432e-03
1.341200000e-02,-1.631042583e-02,-1.121852811e-03,3.161714895e+00,1.518857302e-03,-1.518857302e-03
1.341400000e-02,-7.947379319e-02,-1.111248780e-03,3.152357989e+00,7.836254441e-03,-7.836254441e-03
1.341600000e-02,-1.423193614e-01,-1.096201096e-03,3.130395459e+00,1.412231603e-02,-1.412231603e-02
1.341800000e-02,-2.045958241e-01,-1.076769932e-03,3.095915128e+00,2.035190541e-02,-2.035190541e-02
1.342000000e-02,-2.660541506e-01,-1.053032989e-03,3.049054877e+00,2.650011176e-02,-2.650011176e-02
1.342200000e-02,-3.264485819e-01,-1.025085186e-03,2.990002090e+00,3.254234967e-02,-3.254234967e-02
1.342400000e-02,-3.855376132e-01,-9.930382803e-04,2.918992906e+00,3.845445750e-02,-3.845445750e-02
1.342600000e-02,-4.430849598e-01,-9.570204213e-04,2.836311277e+00,4.421279394e-02,-4.421279394e-02
1.342800000e-02,-4.988605019e-01,-9.171756366e-04,2.742287829e+00,4.979433262e-02,-4.979433262e-02
1.343000000e-02,-5.526412045e-01,-8.736632575e-04,2.637298542e+00,5.517675413e-02,-5.517675412e-02
1.343200000e-02,-6.042120099e-01,-8.266572806e-04,2.521763247e+00,6.033853526e-02,-6.033853526e-02
1.343400000e-02,-6.533666972e-01,-7.763456732e-04,2.396143945e+00,6.525903515e-02,-6.525903515e-02
1.343600000e-02,-6.999087069e-01,-7.229296210e-04,2.260942963e+00,6.991857773e-02,-6.991857773e-02
1.343800000e-02,-7.436519273e-01,-6.666227235e-04,2.116700939e+00,7.429853046e-02,-7.429853046e-02
1.344000000e-02,-7.844214383e-01,-6.076501405e-04,1.963994669e+00,7.838137882e-02,-7.838137882e-02
1.344200000e-02,-8.220542112e-01,-5.462476910e-04,1.803434792e+00,8.215079635e-02,-8.215079635e-02
1.344400000e-02,-8.563997602e-01,-4.826609105e-04,1.635663355e+00,8.559170993e-02,-8.559170993e-02
1.344600000e-02,-8.873207447e-01,-4.171440695e-04,1.461351240e+00,8.869036007e-02,-8.869036007e-02
1.344800000e-02,-9.146935182e-01,-3.499591560e-04,1.281195486e+00,9.143435590e-02,-9.143435590e-02
1.345000000e-02,-9.384086225e-01,-2.813748288e-04,1.095916497e+00,9.381272477e-02,-9.381272477e-02
1.345200000e-02,-9.583712259e-01,-2.116653420e-04,9.062551665e-01,9.581595606e-02,-9.581595606e-02
1.345400000e-02,-9.745015021e-01,-1.411094497e-04,7.129699098e-01,9.743603927e-02,-9.743603927e-02
1.345600000e-02,-9.867349496e-01,-6.998928995e-05,5.168336348e-01,9.866649603e-02,-9.866649603e-02
1.345800000e-02,-9.950226491e-01,1.410742385e-06,3.186306496e-01,9.950240599e-02,-9.950240599e-02
1.346000000e-02,-9.993314601e-01,7.280513345e-05,1.191535266e-01,9.994042653e-02,-9.994042653e-02
1.346200000e-02,-9.996441525e-01,1.439083919e-04,-8.080006644e-02,9.997880609e-02,-9.997880609e-02
1.346400000e-02,-9.959594758e-01,2.144361907e-04,-2.804305569e-01,9.961739120e-02,-9.961739119e-02
1.346600000e-02,-9.882921643e-01,2.841065037e-04,-4.789396638e-01,9.885762708e-02,-9.885762708e-02
1.346800000e-02,-9.766728780e-01,3.526407339e-04,-6.755335907e-01,9.770255187e-02,-9.770255187e-02
1.347000000e-02,-9.611480800e-01,4.197648272e-04,-8.694261992e-01,9.615678448e-02,-9.615678448e-02
1.347200000e-02,-9.417798508e-01,4.852103682e-04,-1.059842153e+00,9.422650611e-02,-9.422650611e-02
1.347400000e-02,-9.186456398e-01,5.487156539e-04,-1.246020019e+00,9.191943555e-02,-9.191943554e-02
1.347600000e-02,-8.918379560e-01,6.100267398e-04,-1.427215310e+00,8.924479827e-02,-8.924479827e-02
1.347800000e-02,-8.614639977e-01,6.688984557e-04,-1.602703463e+00,8.621328962e-02,-8.621328961e-02
1.348000000e-02,-8.276452241e-01,7.250953858e-04,-1.771782739e+00,8.283703195e-02,-8.283703194e-02
1.348200000e-02,-7.905168693e-01,7.783928103e-04,-1.933777024e+00,7.912952621e-02,-7.912952621e-02
1.348400000e-02,-7.502274021e-01,8.285776038e-04,-2.088038538e+00,7.510559797e-02,-7.510559797e-02
1.348600000e-02,-7.069379315e-01,8.754490878e-04,-2.233950419e+00,7.078133806e-02,-7.078133805e-02
1.348800000e-02,-6.608215631e-01,9.188198331e-04,-2.370929197e+00,6.617403829e-02,-6.617403829e-02
1.349000000e-02,-6.120627068e-01,9.585164089e-04,-2.498427123e+00,6.130212232e-02,-6.130212232e-02
1.349200000e-02,-5.608563390e-01,9.943800769e-04,-2.615934358e+00,5.618507191e-02,-5.618507191e-02
1.349400000e-02,-5.074072234e-01,1.026267426e-03,-2.722981016e+00,5.084334908e-02,-5.084334908e-02
1.349600000e-02,-4.519290918e-01,1.054050945e-03,-2.819139039e+00,4.529831428e-02,-4.529831427e-02
1.349800000e-02,-3.946437898e-01,1.077619533e-03,-2.904023911e+00,3.957214093e-02,-3.957214093e-02
1.350000000e-02,-3.357803894e-01,1.096878946e-03,-2.977296196e+00,3.368772683e-02,-3.368772683e-02
1.350200000e-02,-2.755742730e-01,1.111752167e-03,-3.038662892e+00,2.766860252e-02,-2.766860252e-02
1.350400000e-02,-2.142661924e-01,1.122179723e-03,-3.087878608e+00,2.153883721e-02,-2.153883721e-02
1.350600000e-02,-1.521013059e-01,1.128119915e-03,-3.124746540e+00,1.532294258e-02,-1.532294258e-02
1.350800000e-02,-8.932819792e-02,1.129548991e-03,-3.149119260e+00,9.045774691e-03,-9.045774691e-03
1.351000000e-02,-2.619788504e-02,1.126461235e-03,-3.160899307e+00,2.732434627e-03,-2.732434627e-03
1.351200000e-02,3.703718773e-02,1.118868995e-03,-3.160039575e+00,-3.591831873e-03,3.591831873e-03
1.351400000e-02,1.001241565e-01,1.106802630e-03,-3.146543502e+00,-9.901735386e-03,9.901735386e-03
1.351600000e-02,1.628107496e-01,1.090310392e-03,-3.120465057e+00,-1.617204392e-02,1.617204392e-02
1.351800000e-02,2.248462963e-01,1.069458230e-03,-3.081908520e+00,-2.237768381e-02,2.237768381e-02
1.352000000e-02,2.859827295e-01,1.044329526e-03,-3.031028073e+00,-2.849384000e-02,2.849384000e-02
1.352200000e-02,3.459755773e-01,1.015024766e-03,-2.968027174e+00,-3.449605525e-02,3.449605525e-02
1.352400000e-02,4.045849406e-01,9.816611330e-04,-2.893157753e+00,-4.036032795e-02,4.036032795e-02
1.352600000e-02,4.615764530e-01,9.443720414e-04,-2.806719195e+00,-4.606320809e-02,4.606320809e-02
1.352800000e-02,5.167222171e-01,9.033066024e-04,-2.709057151e+00,-5.158189105e-02,5.158189105e-02
1.353000000e-02,5.698017165e-01,8.586290281e-04,-2.600562151e+00,-5.689430875e-02,5.689430875e-02
1.353200000e-02,6.206026974e-01,8.105179750e-04,-2.481668043e+00,-6.197921795e-02,6.197921795e-02
1.353400000e-02,6.689220172e-01,7.591658291e-04,-2.352850262e+00,-6.681628514e-02,6.681628514e-02
1.353600000e-02,7.145664570e-01,7.047779370e-04,-2.214623922e+00,-7.138616791e-02,7.138616791e-02
1.353800000e-02,7.573534942e-01,6.475717844e-04,-2.067541761e+00,-7.567059224e-02,7.567059224e-02
1.354000000e-02,7.971120322e-01,5.877761270e-04,-1.912191931e+00,-7.965242561e-02,7.965242561e-02
1.354200000e-02,8.336830851e-01,5.256300751e-04,-1.749195643e+00,-8.331574550e-02,8.331574550e-02
1.354400000e-02,8.669204127e-01,4.613821379e-04,-1.579204685e+00,-8.664590305e-02,8.664590305e-02
1.354600000e-02,8.966911058e-01,3.952892295e-04,-1.402898816e+00,-8.962958166e-02,8.962958166e-02
1.354800000e-02,9.228761178e-01,3.276156417e-04,-1.220983047e+00,-9.225485022e-02,9.225485022e-02
1.355000000e-02,9.453707401e-01,2.586319870e-04,-1.034184821e+00,-9.451121081e-02,9.451121081e-02
1.355200000e-02,9.640850215e-01,1.886141169e-04,-8.432511043e-01,-9.638964074e-02,9.638964074e-02
1.355400000e-02,9.789441274e-01,1.178420181e-04,-6.489454022e-01,-9.788262854e-02,9.788262854e-02
1.355600000e-02,9.898886393e-01,4.659869359e-05,-4.520447023e-01,-9.898420407e-02,9.898420406e-02
1.355800000e-02,9.968747925e-01,-2.483096939e-05,-2.533363697e-01,-9.968996235e-02,9.968996235e-02
1.356000000e-02,9.998746507e-01,-9.616133850e-05,-5.361499760e-02,-9.999708121e-02,9.999708121e-02
1.356200000e-02,9.988762182e-01,-1.671071784e-04,1.463207697e-01,-9.990433254e-02,9.990433254e-02
1.356400000e-02,9.938834875e-01,-2.373847915e-04,3.456714306e-01,-9.941208723e-02,9.941208723e-02
1.356600000e-02,9.849164234e-01,-3.067131521e-04,5.436398235e-01,-9.852231365e-02,9.852231365e-02
1.356800000e-02,9.720108834e-01,-3.748150307e-04,7.394343137e-01,-9.723856984e-02,9.723856984e-02
1.357000000e-02,9.552184740e-01,-4.414181019e-04,9.322719599e-01,-9.556598921e-02,9.556598921e-02
1.357200000e-02,9.346063447e-01,-5.062560339e-04,1.121381644e+00,-9.351126007e-02,9.351126007e-02
1.357400000e-02,9.102569189e-01,-5.690695534e-04,1.306007157e+00,-9.108259885e-02,9.108259885e-02
1.357600000e-02,8.822675651e-01,-6.296074821e-04,1.485410219e+00,-8.828971726e-02,8.828971726e-02
1.357800000e-02,8.507502069e-01,-6.876277414e-04,1.658873434e+00,-8.514378346e-02,8.514378346e-02
1.358000000e-02,8.158308754e-01,-7.428983204e-04,1.825703159e+00,-8.165737738e-02,8.165737738e-02
1.358200000e-02,7.776492061e-01,-7.951982035e-04,1.985232277e+00,-7.784444043e-02,7.784444043e-02
1.358400000e-02,7.363578792e-01,-8.443182544e-04,2.136822864e+00,-7.372021975e-02,7.372021975e-02
1.358600000e-02,6.921220104e-01,-8.900620523e-04,2.279868741e+00,-6.930120725e-02,6.930120725e-02
1.358800000e-02,6.451184897e-01,-9.322466771e-04,2.413797898e+00,-6.460507363e-02,6.460507363e-02
1.359000000e-02,5.955352742e-01,-9.707034414e-04,2.538074778e+00,-5.965059777e-02,5.965059777e-02
1.359200000e-02,5.435706371e-01,-1.005278565e-03,2.652202425e+00,-5.445759157e-02,5.445759157e-02
1.359400000e-02,4.894323741e-01,-1.035833788e-03,2.755724467e+00,-4.904682079e-02,4.904682079e-02
1.359600000e-02,4.333369728e-01,-1.062246927e-03,2.848226939e+00,-4.343992197e-02,4.343992197e-02
1.359800000e-02,3.755087471e-01,-1.084412362e-03,2.929339945e+00,-3.765931594e-02,3.765931594e-02
1.360000000e-02,3.161789400e-01,-1.102241457e-03,2.998739129e+00,-3.172811815e-02,3.172811815e-02
1.360200000e-02,2.555847991e-01,-1.115662918e-03,3.056146979e+00,-2.567004620e-02,2.567004620e-02
1.360400000e-02,1.939686277e-01,-1.124623076e-03,3.101333933e+00,-1.950932508e-02,1.950932508e-02
1.360600000e-02,1.315768162e-01,-1.129086099e-03,3.134119298e+00,-1.327059023e-02,1.327059023e-02
1.360800000e-02,6.865885631e-02,-1.129034142e-03,3.154371972e+00,-6.978789046e-03,6.978789046e-03
1.361000000e-02,5.466343957e-03,-1.124467412e-03,3.162010968e+00,-6.590811369e-04,6.590811369e-04
1.361200000e-02,-5.774802717e-02,-1.115404171e-03,3.157005740e+00,5.663262300e-03,-5.663262300e-03
1.361400000e-02,-1.207314760e-01,-1.101880660e-03,3.139376302e+00,1.196295953e-02,-1.196295953e-02
1.361600000e-02,-1.832321447e-01,-1.083950959e-03,3.109193152e+00,1.821481937e-02,-1.821481937e-02
1.361800000e-02,-2.450001062e-01,-1.061686762e-03,3.066576986e+00,2.439384194e-02,-2.439384194e-02
1.362000000e-02,-3.057883632e-01,-1.035177101e-03,3.011698215e+00,3.047531861e-02,-3.047531861e-02
1.362200000e-02,-3.653538361e-01,-1.004527982e-03,2.944776290e+00,3.643493082e-02,-3.643493082e-02
1.362400000e-02,-4.234583351e-01,-9.698619652e-04,2.866078817e+00,4.224884731e-02,-4.224884731e-02
1.362600000e-02,-4.798695123e-01,-9.313176716e-04,2.775920491e+00,4.789381946e-02,-4.789381946e-02
1.362800000e-02,-5.343617911e-01,-8.890492325e-04,2.674661837e+00,5.334727418e-02,-5.334727418e-02
1.363000000e-02,-5.867172682e-01,-8.432256703e-04,2.562707766e+00,5.858740425e-02,-5.858740425e-02
1.363200000e-02,-6.367265850e-01,-7.940302241e-04,2.440505959e+00,6.359325548e-02,-6.359325548e-02
1.363400000e-02,-6.841897647e-01,-7.416596162e-04,2.308545077e+00,6.834481050e-02,-6.834481050e-02
1.363600000e-02,-7.289170117e-01,-6.863232657e-04,2.167352804e+00,7.282306885e-02,-7.282306885e-02
1.363800000e-02,-7.707294713e-01,-6.282424512e-04,2.017493737e+00,7.701012289e-02,-7.701012289e-02
1.364000000e-02,-8.094599440e-01,-5.676494259e-04,1.859567133e+00,8.088922946e-02,-8.088922946e-02
1.364200000e-02,-8.449535548e-01,-5.047864885e-04,1.694204506e+00,8.444487683e-02,-8.444487683e-02
1.364400000e-02,-8.770683721e-01,-4.399050151e-04,1.522067108e+00,8.766284671e-02,-8.766284671e-02
1.364600000e-02,-9.056759753e-01,-3.732644529e-04,1.343843280e+00,9.053027109e-02,-9.053027109e-02
1.364800000e-02,-9.306619688e-01,-3.051312838e-04,1.160245702e+00,9.303568375e-02,-9.303568375e-02
1.365000000e-02,-9.519264386e-01,-2.357779582e-04,9.720085436e-01,9.516906606e-02,-9.516906606e-02
1.365200000e-02,-9.693843525e-01,-1.654818056e-04,7.798845247e-01,9.692188707e-02,-9.692188707e-02
1.365400000e-02,-9.829659001e-01,-9.452392568e-05,5.846419099e-01,9.828713762e-02,-9.828713762e-02
1.365600000e-02,-9.926167715e-01,-2.318806424e-05,3.870614337e-01,9.925935834e-02,-9.925935834e-02
1.365800000e-02,-9.982983749e-01,4.824052146e-05,1.879331793e-01,9.983466154e-02,-9.983466154e-02
1.366000000e-02,-9.999879907e-01,1.194762033e-04,-1.194658077e-02,1.000107467e-01,-1.000107467e-01
1.366200000e-02,-9.976788625e-01,1.902341247e-04,-2.117785690e-01,9.978690967e-02,-9.978690967e-02
1.366400000e-02,-9.913802241e-01,2.602313394e-04,-4.107636987e-01,9.916404555e-02,-9.916404555e-02
1.366600000e-02,-9.811172624e-01,3.291879432e-04,-6.081062698e-01,9.814464504e-02,-9.814464504e-02
1.366800000e-02,-9.669310168e-01,3.968281927e-04,-8.030171505e-01,9.673278450e-02,-9.673278450e-02
1.367000000e-02,-9.488782153e-01,4.628816089e-04,-9.947169326e-01,9.493410969e-02,-9.493410969e-02
1.367200000e-02,-9.270310470e-01,5.270840578e-04,-1.182439049e+00,9.275581311e-02,-9.275581311e-02
1.367400000e-02,-9.014768745e-01,5.891788072e-04,-1.365432837e+00,9.020660533e-02,-9.020660533e-02
1.367600000e-02,-8.723178834e-01,6.489175531e-04,-1.542966543e+00,8.729668010e-02,-8.729668010e-02
1.367800000e-02,-8.396706746e-01,7.060614127e-04,-1.714330247e+00,8.403767360e-02,-8.403767360e-02
1.368000000e-02,-8.036657974e-01,7.603818796e-04,-1.878838701e+00,8.044261793e-02,-8.044261793e-02
1.368200000e-02,-7.644472278e-01,8.116617374e-04,-2.035834070e+00,7.652588896e-02,-7.652588896e-02
1.368400000e-02,-7.221717928e-01,8.596959288e-04,-2.184688562e+00,7.230314887e-02,-7.230314887e-02
1.368600000e-02,-6.770085430e-01,9.042923750e-04,-2.324806938e+00,6.779128354e-02,-6.779128354e-02
1.368800000e-02,-6.291380768e-01,9.452727441e-04,-2.455628895e+00,6.300833496e-02,-6.300833496e-02
1.369000000e-02,-5.787518184e-01,9.824731641e-04,-2.576631303e+00,5.797342915e-02,-5.797342915e-02
1.369200000e-02,-5.260512517e-01,1.015744878e-03,-2.687330299e+00,5.270669966e-02,-5.270669966e-02
1.369400000e-02,-4.712471156e-01,1.044954840e-03,-2.787283219e+00,4.722920704e-02,-4.722920704e-02
1.369600000e-02,-4.145585602e-01,1.069986245e-03,-2.876090374e+00,4.156285465e-02,-4.156285465e-02
1.369800000e-02,-3.562122714e-01,1.090738997e-03,-2.953396641e+00,3.573030104e-02,-3.573030104e-02
1.370000000e-02,-2.964415639e-01,1.107130111e-03,-3.018892890e+00,2.975486940e-02,-2.975486940e-02
1.370200000e-02,-2.354854481e-01,1.119094041e-03,-3.072317214e+00,2.366045422e-02,-2.366045422e-02
1.370400000e-02,-1.735876751e-01,1.126582948e-03,-3.113455980e+00,1.747142580e-02,-1.747142580e-02
1.370600000e-02,-1.109957610e-01,1.129566883e-03,-3.142144684e+00,1.121253279e-02,-1.121253279e-02
1.370800000e-02,-4.795999796e-02,1.128033916e-03,-3.158268604e+00,4.908803187e-03,-4.908803187e-03
1.371000000e-02,1.526754713e-02,1.121990176e-03,-3.161763266e+00,-1.414555696e-03,1.414555696e-03
1.371200000e-02,7.843404047e-02,1.111459830e-03,-3.152614693e+00,-7.732258065e-03,7.732258064e-03
1.371400000e-02,1.412868924e-01,1.096484987e-03,-3.130859470e+00,-1.401904074e-02,1.401904074e-02
1.371600000e-02,2.035747674e-01,1.077125530e-03,-3.096584592e+00,-2.024976419e-02,2.024976419e-02
1.371800000e-02,2.650485893e-01,1.053458871e-03,-3.049927115e+00,-2.639951305e-02,2.639951304e-02
1.372000000e-02,3.254625370e-01,1.025579649e-03,-2.991073615e+00,-3.244369574e-02,3.244369574e-02
1.372200000e-02,3.845750277e-01,9.935993478e-04,-2.920259433e+00,-3.835814284e-02,3.835814284e-02
1.372400000e-02,4.421496829e-01,9.576458492e-04,-2.837767742e+00,-4.411920371e-02,4.411920371e-02
1.372600000e-02,4.979562735e-01,9.178629242e-04,-2.743928407e+00,-4.970384105e-02,4.970384105e-02
1.372800000e-02,5.517716405e-01,8.744096562e-04,-2.639116673e+00,-5.508972308e-02,5.508972308e-02
1.373000000e-02,6.033805874e-01,8.274598059e-04,-2.523751661e+00,-6.025531276e-02,6.025531276e-02
1.373200000e-02,6.525767409e-01,7.772011159e-04,-2.398294691e+00,-6.517995398e-02,6.517995398e-02
1.373400000e-02,6.991633758e-01,7.238345603e-04,-2.263247439e+00,-6.984395412e-02,6.984395412e-02
1.373600000e-02,7.429542017e-01,6.675735409e-04,-2.119149931e+00,-7.422866282e-02,7.422866282e-02
1.373800000e-02,7.837741083e-01,6.086430337e-04,-1.966578384e+00,-7.831654653e-02,7.831654653e-02
1.374000000e-02,8.214598653e-01,5.472786896e-04,-1.806142898e+00,-8.209125866e-02,8.209125866e-02
1.374200000e-02,8.558607752e-01,4.837258919e-04,-1.638485023e+00,-8.553770493e-02,8.553770493e-02
1.374400000e-02,8.868392758e-01,4.182387750e-04,-1.464275187e+00,-8.864210370e-02,8.864210370e-02
1.374600000e-02,9.142714906e-01,3.510792082e-04,-1.284210019e+00,-9.139204114e-02,9.139204114e-02
1.374800000e-02,9.380477239e-01,2.825157487e-04,-1.099009563e+00,-9.377652082e-02,9.377652082e-02
1.375000000e-02,9.580728995e-01,2.128225674e-04,-9.094143955e-01,-9.578600769e-02,9.578600769e-02
1.375200000e-02,9.742669408e-01,1.422783530e-04,-7.161826692e-01,-9.741246624e-02,9.741246624e-02
1.375400000e-02,9.865650913e-01,7.116519702e-05,-5.200870774e-01,-9.864939261e-02,9.864939261e-02
1.375600000e-02,9.949181731e-01,-2.325337711e-07,-3.219117656e-01,-9.949184057e-02,9.949184057e-02
1.375800000e-02,9.992927842e-01,-7.162933470e-05,-1.224491956e-01,-9.993644135e-02,9.993644135e-02
1.376000000e-02,9.996714312e-01,-1.427397048e-04,7.750302326e-02,-9.998141709e-02,9.998141709e-02
1.376200000e-02,9.960526002e-01,-2.132792886e-04,2.771453237e-01,-9.962658795e-02,9.962658794e-02
1.376400000e-02,9.884507619e-01,-2.829660128e-04,4.756793776e-01,-9.887337279e-02,9.887337279e-02
1.376600000e-02,9.768963147e-01,-3.515212148e-04,6.723112886e-01,-9.772478359e-02,9.772478359e-02
1.376800000e-02,9.614354623e-01,-4.186707566e-04,8.662547666e-01,-9.618541330e-02,9.618541330e-02
1.377000000e-02,9.421300294e-01,-4.841461211e-04,1.056734272e+00,-9.426141755e-02,9.426141755e-02
1.377200000e-02,9.190572145e-01,-5.476854859e-04,1.242988117e+00,-9.196049000e-02,9.196049000e-02
1.377400000e-02,8.923092810e-01,-6.090347704e-04,1.424271511e+00,-8.929183158e-02,8.929183158e-02
1.377600000e-02,8.619931883e-01,-6.679486516e-04,1.599859539e+00,-8.626611370e-02,8.626611370e-02
1.377800000e-02,8.282301641e-01,-7.241915450e-04,1.769050062e+00,-8.289543557e-02,8.289543557e-02
1.378000000e-02,7.911552198e-01,-7.775385471e-04,1.931166521e+00,-7.919327583e-02,7.919327583e-02
1.378200000e-02,7.509166103e-01,-8.277763342e-04,2.085560648e+00,-7.517443866e-02,7.517443866e-02
1.378400000e-02,7.076752414e-01,-8.747040160e-04,2.231615051e+00,-7.085499455e-02,7.085499454e-02
1.378600000e-02,6.616040265e-01,-9.181339384e-04,2.368745690e+00,-6.625221604e-02,6.625221604e-02
1.378800000e-02,6.128871947e-01,-9.578924340e-04,2.496404207e+00,-6.138450871e-02,6.138450871e-02
1.379000000e-02,5.617195544e-01,-9.938205172e-04,2.614080123e+00,-5.627133750e-02,5.627133749e-02
1.379200000e-02,5.083057145e-01,-1.025774519e-03,2.721302877e+00,-5.093314891e-02,5.093314891e-02
1.379400000e-02,4.528592658e-01,-1.053626661e-03,2.817643706e+00,-4.539128925e-02,4.539128925e-02
1.379600000e-02,3.956019271e-01,-1.077265570e-03,2.902717364e+00,-3.966791927e-02,3.966791926e-02
1.379800000e-02,3.367626585e-01,-1.096596718e-03,2.976183660e+00,-3.378592552e-02,3.378592552e-02
1.380000000e-02,2.765767461e-01,-1.111542804e-03,3.037748816e+00,-2.776882890e-02,2.776882889e-02
1.380200000e-02,2.152848609e-01,-1.122044061e-03,3.087166646e+00,-2.164069049e-02,2.164069049e-02
1.380400000e-02,1.531320962e-01,-1.128058497e-03,3.124239539e+00,-1.542601547e-02,1.542601547e-02
1.380600000e-02,9.036698821e-02,-1.129562062e-03,3.148819248e+00,-9.149655027e-03,9.149655027e-03
1.380800000e-02,2.724052138e-02,-1.126548743e-03,3.160807483e+00,-2.836707012e-03,2.836707012e-03
1.381000000e-02,-3.599487463e-02,-1.119030591e-03,3.160156307e+00,3.487584404e-03,-3.487584404e-03
1.381200000e-02,-9.908633463e-02,-1.107037667e-03,3.146868323e+00,9.797929696e-03,-9.797929696e-03
1.381400000e-02,-1.617815690e-01,-1.090617930e-03,3.120996668e+00,1.606909510e-02,-1.606909510e-02
1.381600000e-02,-2.238298725e-01,-1.069837039e-03,3.082644795e+00,2.227600354e-02,-2.227600354e-02
1.381800000e-02,-2.849831269e-01,-1.044778093e-03,3.031966068e+00,2.839383488e-02,-2.839383488e-02
1.382000000e-02,-3.449967930e-01,-1.015541296e-03,2.969163139e+00,3.439812517e-02,-3.439812517e-02
1.382200000e-02,-4.036308888e-01,-9.822435602e-04,2.894487144e+00,4.026486452e-02,-4.026486452e-02
1.382400000e-02,-4.606509485e-01,-9.450180370e-04,2.808236696e+00,4.597059305e-02,-4.597059305e-02
1.382600000e-02,-5.158289610e-01,-9.040135833e-04,2.710756695e+00,5.149249474e-02,-5.149249474e-02
1.382800000e-02,-5.689442807e-01,-8.593941673e-04,2.602436941e+00,5.680848865e-02,-5.680848865e-02
1.383000000e-02,-6.197845106e-01,-8.113382127e-04,2.483710584e+00,6.189731724e-02,-6.189731724e-02
1.383200000e-02,-6.681463511e-01,-7.600378854e-04,2.355052384e+00,6.673863132e-02,-6.673863132e-02
1.383400000e-02,-7.138364134e-01,-7.056983247e-04,2.216976820e+00,7.131307151e-02,-7.131307150e-02
1.383600000e-02,-7.566719923e-01,-6.485368232e-04,2.070036026e+00,7.560234555e-02,-7.560234555e-02
1.383800000e-02,-7.964817973e-01,-5.887819578e-04,1.914817589e+00,7.958930153e-02,-7.958930153e-02
1.384000000e-02,-8.331066372e-01,-5.266726758e-04,1.751942195e+00,8.325799646e-02,-8.325799646e-02
1.384200000e-02,-8.664000571e-01,-4.624573394e-04,1.582061148e+00,8.659375997e-02,-8.659375997e-02
1.384400000e-02,-8.962289232e-01,-3.963927322e-04,1.405853768e+00,8.958325305e-02,-8.958325305e-02
1.384600000e-02,-9.224739564e-01,-3.287430330e-04,1.224024671e+00,9.221452134e-02,-9.221452134e-02
1.384800000e-02,-9.450302080e-01,-2.597787587e-04,1.037300954e+00,9.447704293e-02,-9.447704293e-02
1.385000000e-02,-9.638074805e-01,-1.897756832e-04,8.464292860e-01,9.636177048e-02,-9.636177048e-02
1.385200000e-02,-9.787306873e-01,-1.190137342e-04,6.521729235e-01,9.786116735e-02,-9.786116735e-02
1.385400000e-02,-9.897401536e-01,-4.777587411e-05,4.553086572e-01,9.896923777e-02,-9.896923777e-02
1.385600000e-02,-9.967918549e-01,2.365303181e-05,2.566237062e-01,9.968155080e-02,-9.968155080e-02
1.385800000e-02,-9.998575930e-01,9.498735417e-05,5.691257046e-02,9.999525803e-02,-9.999525803e-02
1.386000000e-02,-9.989251085e-01,1.659418419e-04,-1.430261468e-01,9.990910503e-02,-9.990910503e-02
1.386200000e-02,-9.939981302e-01,2.362327626e-04,-3.423929323e-01,9.942343630e-02,-9.942343630e-02
1.386400000e-02,-9.850963602e-01,3.055790377e-04,-5.403905597e-01,9.854019392e-02,-9.854019392e-02
1.386600000e-02,-9.722553947e-01,3.737033658e-04,-7.362272776e-01,9.726290981e-02,-9.726290981e-02
1.386800000e-02,-9.555265822e-01,4.403333319e-04,-9.291199758e-01,9.559669155e-02,-9.559669155e-02
1.387000000e-02,-9.349768176e-01,5.052024965e-04,-1.118297316e+00,9.354820201e-02,-9.354820201e-02
1.387200000e-02,-9.106882752e-01,5.680514615e-04,-1.303002819e+00,9.112563266e-02,-9.112563266e-02
1.387400000e-02,-8.827580797e-01,6.286289068e-04,-1.482497884e+00,8.833867087e-02,-8.833867086e-02
1.387600000e-02,-8.512979184e-01,6.866925959e-04,-1.656064748e+00,8.519846110e-02,-8.519846110e-02
1.387800000e-02,-8.164335937e-01,7.420103441e-04,-1.823009354e+00,8.171756041e-02,-8.171756041e-02
1.388000000e-02,-7.783045209e-01,7.943609473e-04,-1.982664125e+00,7.790988819e-02,-7.790988819e-02
1.388200000e-02,-7.370631702e-01,8.435350663e-04,-2.134390634e+00,7.379067053e-02,-7.379067053e-02
1.388400000e-02,-6.928744572e-01,8.893360639e-04,-2.277582159e+00,6.937637933e-02,-6.937637933e-02
1.388600000e-02,-6.459150834e-01,9.315807917e-04,-2.411666107e+00,6.468466642e-02,-6.468466642e-02
1.388800000e-02,-5.963728295e-01,9.701003217e-04,-2.536106303e+00,5.973429298e-02,-5.973429298e-02
1.389000000e-02,-5.444458047e-01,1.004740622e-03,-2.650405138e+00,5.454505453e-02,-5.454505453e-02
1.389200000e-02,-4.903416544e-01,1.035363174e-03,-2.754105554e+00,4.913770176e-02,-4.913770175e-02
1.389400000e-02,-4.342767298e-01,1.061845524e-03,-2.846792875e+00,4.353385753e-02,-4.353385753e-02
1.389600000e-02,-3.764752228e-01,1.084081774e-03,-2.928096463e+00,3.775593046e-02,-3.775593046e-02
1.389800000e-02,-3.171682698e-01,1.101983007e-03,-2.997691203e+00,3.182702528e-02,-3.182702528e-02
1.390000000e-02,-2.565930268e-01,1.115477639e-03,-3.055298799e+00,2.577085045e-02,-2.577085045e-02
1.390200000e-02,-1.949917217e-01,1.124511708e-03,-3.100688891e+00,1.961162334e-02,-1.961162334e-02
1.390400000e-02,-1.326106852e-01,1.129049089e-03,-3.133679972e+00,1.337397343e-02,-1.337397343e-02
1.390600000e-02,-6.969936624e-02,1.129071637e-03,-3.154140119e+00,7.082843788e-03,-7.082843788e-03
1.390800000e-02,-6.509333971e-03,1.124579262e-03,-3.161987516e+00,7.633913234e-04,-7.633913234e-04
1.391000000e-02,5.670672777e-02,1.115589929e-03,-3.157190783e+00,-5.559113784e-03,5.559113784e-03
1.391200000e-02,1.196960311e-01,1.102139584e-03,-3.139769100e+00,-1.185938915e-02,1.185938915e-02
1.391400000e-02,1.822066949e-01,1.084282012e-03,-3.109792134e+00,-1.811224129e-02,1.811224129e-02
1.391600000e-02,2.439887520e-01,1.062088622e-03,-3.067379756e+00,-2.429266634e-02,2.429266634e-02
1.391800000e-02,3.047951489e-01,1.035648160e-03,-3.012701564e+00,-3.037595007e-02,3.037595007e-02
1.392000000e-02,3.643827334e-01,1.005066356e-03,-2.945976205e+00,-3.633776670e-02,3.633776670e-02
1.392200000e-02,4.225132271e-01,9.704655016e-04,-2.867470501e+00,-4.215427616e-02,4.215427616e-02
1.392400000e-02,4.789541782e-01,9.319839572e-04,-2.777498378e+00,-4.780221943e-02,4.780221943e-02
1.392600000e-02,5.334798913e-01,8.897756028e-04,-2.676419617e+00,-5.325901157e-02,5.325901157e-02
1.392800000e-02,5.858723292e-01,8.440092208e-04,-2.564638410e+00,-5.850283200e-02,5.850283200e-02
1.393000000e-02,6.359219856e-01,7.948678216e-04,-2.442601748e+00,-6.351271177e-02,6.351271177e-02
1.393200000e-02,6.834287221e-01,7.425479112e-04,-2.310797629e+00,-6.826861742e-02,6.826861742e-02
1.393400000e-02,7.282025694e-01,6.872587062e-04,-2.169753112e+00,-7.275153107e-02,7.275153107e-02
1.393600000e-02,7.700644861e-01,6.292212965e-04,-2.020032203e+00,-7.694352648e-02,7.694352648e-02
1.393800000e-02,8.088470751e-01,5.686677618e-04,-1.862233606e+00,-8.082784073e-02,8.082784073e-02
1.394000000e-02,8.443952528e-01,5.058402430e-04,-1.696988323e+00,-8.438894126e-02,8.438894126e-02
1.394200000e-02,8.765668696e-01,4.409899743e-04,-1.524957138e+00,-8.761258796e-02,8.761258796e-02
1.394400000e-02,9.052332778e-01,3.743762784e-04,-1.346827966e+00,-9.048589015e-02,9.048589015e-02
1.394600000e-02,9.302798464e-01,3.062655296e-04,-1.163313109e+00,-9.299735809e-02,9.299735809e-02
1.394800000e-02,9.516064194e-01,2.369300886e-04,-9.751464044e-01,-9.513694893e-02,9.513694893e-02
1.395000000e-02,9.691277162e-01,1.666472136e-04,-7.830802926e-01,-9.689610690e-02,9.689610690e-02
1.395200000e-02,9.827736729e-01,9.569795096e-05,-5.878828057e-01,-9.826779750e-02,9.826779750e-02
1.395400000e-02,9.924897221e-01,2.436601213e-05,-3.903344976e-01,-9.924653561e-02,9.924653561e-02
1.395600000e-02,9.982370114e-01,-4.706336130e-05,-1.912253231e-01,-9.982840747e-02,9.982840747e-02
1.395800000e-02,9.999925584e-01,-1.183045381e-04,8.648521676e-03,-1.000110863e-01,1.000110863e-01
1.396000000e-02,9.977493432e-01,-1.890726397e-04,2.084877828e-01,-9.979384159e-02,9.979384159e-02
1.396200000e-02,9.915163359e-01,-2.590846792e-04,4.074933447e-01,-9.917754206e-02,9.917754206e-02
1.396400000e-02,9.813184611e-01,-3.280606929e-04,6.048694255e-01,-9.816465218e-02,9.816465218e-02
1.396600000e-02,9.671964978e-01,-3.957248601e-04,7.998267592e-01,-9.675922226e-02,9.675922226e-02
1.396800000e-02,9.492069169e-01,-4.618066059e-04,9.915857521e-01,-9.496687235e-02,9.496687235e-02
1.397000000e-02,9.274216549e-01,-5.260416832e-04,1.179379600e+00,-9.279476966e-02,9.279476966e-02
1.397200000e-02,9.019278267e-01,-5.881732292e-04,1.362457354e+00,-9.025160000e-02,9.025159999e-02
1.397400000e-02,8.728273767e-01,-6.479527927e-04,1.540086924e+00,-8.734753295e-02,8.734753295e-02
1.397600000e-02,8.402366716e-01,-7.051413279e-04,1.711558007e+00,-8.409418129e-02,8.409418129e-02
1.397800000e-02,8.042860348e-01,-7.595101495e-04,1.876184926e+00,-8.050455449e-02,8.050455449e-02
1.398000000e-02,7.651192254e-01,-8.108418480e-04,2.033309372e+00,-7.659300672e-02,7.659300672e-02
1.398200000e-02,7.228928634e-01,-8.589311586e-04,2.182303036e+00,-7.237517945e-02,7.237517945e-02
1.398400000e-02,6.777758031e-01,-9.035857823e-04,2.322570124e+00,-6.786793889e-02,6.786793889e-02
1.398600000e-02,6.299484585e-01,-9.446271542e-04,2.453549737e+00,-6.308930856e-02,6.308930856e-02
1.398800000e-02,5.796020809e-01,-9.818911587e-04,2.574718116e+00,-5.805839721e-02,5.805839721e-02
1.399000000e-02,5.269379952e-01,-1.015228785e-03,2.685590732e+00,-5.279532240e-02,5.279532240e-02
1.399200000e-02,4.721667941e-01,-1.044506722e-03,2.785724229e+00,-4.732113008e-02,4.732113008e-02
1.399400000e-02,4.155074962e-01,-1.069607894e-03,2.874718195e+00,-4.165771041e-02,4.165771041e-02
1.399600000e-02,3.571866702e-01,-1.090431927e-03,2.952216760e+00,-3.582771021e-02,3.582771021e-02
1.399800000e-02,2.974375290e-01,-1.106895549e-03,3.017910025e+00,-2.985444245e-02,2.985444245e-02
1.400000000e-02,2.364989970e-01,-1.118932926e-03,3.071535295e+00,-2.376179299e-02,2.376179299e-02
1.400200000e-02,1.746147547e-01,-1.126495923e-03,3.112878135e+00,-1.757412506e-02,1.757412506e-02
1.400400000e-02,1.120322643e-01,-1.129554297e-03,3.141773222e+00,-1.131618186e-02,1.131618186e-02
1.400600000e-02,4.900178020e-02,-1.128095818e-03,3.158105012e+00,-5.012987602e-03,5.012987602e-03
1.400800000e-02,-1.422465183e-02,-1.122126319e-03,3.161808197e+00,1.310252551e-03,-1.310252551e-03
1.401000000e-02,-7.739420243e-02,-1.111669671e-03,3.152867968e+00,7.628253276e-03,-7.628253276e-03
1.401200000e-02,-1.402542697e-01,-1.096767686e-03,3.131320076e+00,1.391575020e-02,-1.391575020e-02
1.401400000e-02,-2.025534894e-01,-1.077479956e-03,3.097250687e+00,2.014760094e-02,-2.014760094e-02
1.401600000e-02,-2.640427397e-01,-1.053883607e-03,3.050796036e+00,2.629888561e-02,-2.629888561e-02
1.401800000e-02,-3.244761381e-01,-1.026072997e-03,2.992141886e+00,3.234500651e-02,-3.234500651e-02
1.402000000e-02,-3.836120239e-01,-9.941593343e-04,2.921522784e+00,3.826178645e-02,-3.826178645e-02
1.402200000e-02,-4.412139250e-01,-9.582702355e-04,2.839221119e+00,4.402556547e-02,-4.402556547e-02
1.402400000e-02,-4.970515033e-01,-9.185492132e-04,2.745566000e+00,4.961329541e-02,-4.961329541e-02
1.402600000e-02,-5.509014761e-01,-8.751551037e-04,2.640931933e+00,5.500263210e-02,-5.500263210e-02
1.402800000e-02,-6.025485085e-01,-8.282614310e-04,2.525737329e+00,6.017202471e-02,-6.017202471e-02
1.403000000e-02,-6.517860748e-01,-7.780557131e-04,2.400442827e+00,6.510080191e-02,-6.510080190e-02
1.403200000e-02,-6.984172840e-01,-7.247387122e-04,2.265549453e+00,6.976925453e-02,-6.976925453e-02
1.403400000e-02,-7.422556679e-01,-6.685236320e-04,2.121596618e+00,7.415871443e-02,-7.415871443e-02
1.403600000e-02,-7.831259257e-01,-6.096352648e-04,1.969159959e+00,7.825162904e-02,-7.825162904e-02
1.403800000e-02,-8.208646258e-01,-5.483090930e-04,1.808849039e+00,8.203163167e-02,-8.203163167e-02
1.404000000e-02,-8.553208590e-01,-4.847903472e-04,1.641304909e+00,8.548360687e-02,-8.548360687e-02
1.404200000e-02,-8.863568421e-01,-4.193330256e-04,1.467197541e+00,8.859375090e-02,-8.859375090e-02
1.404400000e-02,-9.138484684e-01,-3.521988784e-04,1.287223156e+00,9.134962696e-02,-9.134962696e-02
1.404600000e-02,-9.376858049e-01,-2.836563612e-04,1.102101433e+00,9.374021485e-02,-9.374021485e-02
1.404800000e-02,-9.577735308e-01,-2.139795613e-04,9.125726352e-01,9.575595512e-02,-9.575595512e-02
1.405000000e-02,-9.740313196e-01,-1.434471015e-04,7.193946495e-01,9.738878725e-02,-9.738878725e-02
1.405200000e-02,-9.863941597e-01,-7.234102668e-05,5.233399543e-01,9.863218187e-02,-9.863218187e-02
1.405400000e-02,-9.948126148e-01,-9.456751025e-07,3.251925315e-01,9.948116691e-02,-9.948116691e-02
1.405600000e-02,-9.992530211e-01,7.045345804e-05,1.257447314e-01,9.993234746e-02,-9.993234746e-02
1.405800000e-02,-9.996976225e-01,1.415708624e-04,-7.420589577e-02,9.998391934e-02,-9.998391933e-02
1.406000000e-02,-9.961446410e-01,2.121221544e-04,-2.738597890e-01,9.963567631e-02,-9.963567631e-02
1.406200000e-02,-9.886082843e-01,2.818252140e-04,-4.724185738e-01,9.888901095e-02,-9.888901095e-02
1.406400000e-02,-9.771186886e-01,3.504013132e-04,-6.690882551e-01,9.774690900e-02,-9.774690900e-02
1.406600000e-02,-9.617217986e-01,4.175762304e-04,-8.630823916e-01,9.621393749e-02,-9.621393748e-02
1.406800000e-02,-9.424791832e-01,4.830813472e-04,-1.053625241e+00,9.429622645e-02,-9.429622645e-02
1.407000000e-02,-9.194677895e-01,5.466547221e-04,-1.239954862e+00,9.200144442e-02,-9.200144442e-02
1.407200000e-02,-8.927796354e-01,6.080421385e-04,-1.421326162e+00,8.933876775e-02,-8.933876775e-02
1.407400000e-02,-8.625214412e-01,6.669981208e-04,-1.597013874e+00,8.631884393e-02,-8.631884393e-02
1.407600000e-02,-8.288142032e-01,7.232869164e-04,-1.766315460e+00,8.295374901e-02,-8.295374901e-02
1.407800000e-02,-7.917927096e-01,7.766834380e-04,-1.928553918e+00,7.925693930e-02,-7.925693930e-02
1.408000000e-02,-7.516050016e-01,8.269741642e-04,-2.083080489e+00,7.524319758e-02,-7.524319758e-02
1.408200000e-02,-7.084117816e-01,8.739579927e-04,-2.229277255e+00,7.092857396e-02,-7.092857395e-02
1.408400000e-02,-6.623857701e-01,9.174470449e-04,-2.366559605e+00,6.633032172e-02,-6.633032172e-02
1.408600000e-02,-6.137110158e-01,9.572674172e-04,-2.494378576e+00,6.146682832e-02,-6.146682832e-02
1.408800000e-02,-5.625821588e-01,9.932598762e-04,-2.612223045e+00,5.635754187e-02,-5.635754187e-02
1.409000000e-02,-5.092036527e-01,1.025280496e-03,-2.719621778e+00,5.102289332e-02,-5.102289332e-02
1.409200000e-02,-4.537889472e-01,1.053201232e-03,-2.816145309e+00,4.548421484e-02,-4.548421484e-02
1.409400000e-02,-3.965596340e-01,1.076910435e-03,-2.901407660e+00,3.976365444e-02,-3.976365444e-02
1.409600000e-02,-3.377445613e-01,1.096313297e-03,-2.975067886e+00,3.388408746e-02,-3.388408746e-02
1.409800000e-02,-2.775789184e-01,1.111332231e-03,-3.036831434e+00,2.786902507e-02,-2.786902507e-02
1.410000000e-02,-2.163032952e-01,1.121907178e-03,-3.086451325e+00,2.174252023e-02,-2.174252023e-02
1.410200000e-02,-1.541627200e-01,1.127995852e-03,-3.123729139e+00,1.552907158e-02,-1.552907158e-02
1.410400000e-02,-9.140568019e-02,1.129573905e-03,-3.148515810e+00,9.253525409e-03,-9.253525409e-03
1.410600000e-02,-2.828312808e-02,1.126635027e-03,-3.160712221e+00,2.940976310e-03,-2.940976310e-03
1.410800000e-02,3.495252238e-02,1.119190969e-03,-3.160269601e+00,-3.383333141e-03,3.383333141e-03
1.411000000e-02,9.804840497e-02,1.107271500e-03,-3.147189721e+00,-9.694113347e-03,9.694113347e-03
1.411200000e-02,1.607522124e-01,1.090924283e-03,-3.121524883e+00,-1.596612881e-02,1.596612881e-02
1.411400000e-02,2.228132051e-01,1.070214686e-03,-3.083377717e+00,-2.217429905e-02,2.217429904e-02
1.411600000e-02,2.839832142e-01,1.045225523e-03,-3.032900765e+00,-2.829379887e-02,2.829379887e-02
1.411800000e-02,3.440176335e-01,1.016056721e-03,-2.970295873e+00,-3.430015768e-02,3.430015768e-02
1.412000000e-02,4.026763978e-01,9.828249188e-04,-2.895813386e+00,-4.016935729e-02,4.016935729e-02
1.412200000e-02,4.597249430e-01,9.456630046e-04,-2.809751143e+00,-4.587792800e-02,4.587792800e-02
1.412400000e-02,5.149351437e-01,9.047195808e-04,-2.712453290e+00,-5.140304242e-02,5.140304242e-02
1.412600000e-02,5.680862259e-01,8.601583715e-04,-2.604308901e+00,-5.672260676e-02,5.672260676e-02
1.412800000e-02,6.189656495e-01,8.121575678e-04,-2.485750422e+00,-6.181534919e-02,6.181534919e-02
1.413000000e-02,6.673699582e-01,7.609091149e-04,-2.357251944e+00,-6.666090490e-02,6.666090490e-02
1.413200000e-02,7.131055932e-01,7.066179448e-04,-2.219327306e+00,-7.123989752e-02,7.123989752e-02
1.413400000e-02,7.559896672e-01,6.495011564e-04,-2.072528039e+00,-7.553401661e-02,7.553401661e-02
1.413600000e-02,7.958506959e-01,5.897871481e-04,-1.917441164e+00,-7.952609087e-02,7.952609087e-02
1.413800000e-02,8.325292831e-01,5.277147036e-04,-1.754686841e+00,-8.320015684e-02,8.320015684e-02
1.414000000e-02,8.658787589e-01,4.635320377e-04,-1.584915890e+00,-8.654152269e-02,8.654152269e-02
1.414200000e-02,8.957657657e-01,3.974958037e-04,-1.408807190e+00,-8.953682699e-02,8.953682699e-02
1.414400000e-02,9.220707914e-01,3.298700666e-04,-1.227064963e+00,-9.217409214e-02,9.217409214e-02
1.414600000e-02,9.446886479e-01,2.609252478e-04,-1.040415958e+00,-9.444277227e-02,9.444277227e-02
1.414800000e-02,9.635288910e-01,1.909370431e-04,-8.496065468e-01,-9.633379539e-02,9.633379539e-02
1.415000000e-02,9.785161824e-01,1.201853209e-04,-6.553997354e-01,-9.783959971e-02,9.783959971e-02
1.415200000e-02,9.895905912e-01,4.895300266e-05,-4.585721167e-01,-9.895416382e-02,9.895416381e-02
1.415400000e-02,9.967078330e-01,-2.247506849e-05,-2.599107636e-01,-9.967303080e-02,9.967303080e-02
1.415600000e-02,9.998394475e-01,-9.381326651e-05,-6.021008140e-02,-9.999332607e-02,9.999332607e-02
1.415800000e-02,9.989729120e-01,-1.647763248e-04,1.397313684e-01,-9.991376883e-02,9.991376883e-02
1.416000000e-02,9.941116916e-01,-2.350804768e-04,3.391140615e-01,-9.943467721e-02,9.943467721e-02
1.416200000e-02,9.852752254e-01,-3.044445909e-04,5.371407081e-01,-9.855796700e-02,9.855796700e-02
1.416400000e-02,9.724988484e-01,-3.725912944e-04,7.330194406e-01,-9.728714397e-02,9.728714397e-02
1.416600000e-02,9.558336509e-01,-4.392480829e-04,9.259669809e-01,-9.562728990e-02,9.562728990e-02
1.416800000e-02,9.353462734e-01,-5.041484096e-04,1.115211772e+00,-9.358504218e-02,9.358504218e-02
1.417000000e-02,9.111186407e-01,-5.670327516e-04,1.299997063e+00,-9.116856734e-02,9.116856734e-02
1.417200000e-02,8.832476340e-01,-6.276496477e-04,1.479583936e+00,-8.838752837e-02,8.838752837e-02
1.417400000e-02,8.518447038e-01,-6.857567033e-04,1.653254261e+00,-8.525304605e-02,8.525304605e-02
1.417600000e-02,8.170354238e-01,-7.411215606e-04,1.820313566e+00,-8.177765454e-02,8.177765454e-02
1.417800000e-02,7.789589891e-01,-7.935228269e-04,1.980093815e+00,-7.797525119e-02,7.797525119e-02
1.418000000e-02,7.377676594e-01,-8.427509604e-04,2.131956081e+00,-7.386104104e-02,7.386104103e-02
1.418200000e-02,6.936261503e-01,-8.886091081e-04,2.275293099e+00,-6.945147594e-02,6.945147594e-02
1.418400000e-02,6.467109745e-01,-9.309138929e-04,2.409531692e+00,-6.476418884e-02,6.476418884e-02
1.418600000e-02,5.972097360e-01,-9.694961466e-04,2.534135070e+00,-5.981792321e-02,5.981792321e-02
1.418800000e-02,5.453203800e-01,-1.004201587e-03,2.648604968e+00,-5.463245816e-02,5.463245816e-02
1.419000000e-02,4.912504012e-01,-1.034891434e-03,2.752483646e+00,-4.922852927e-02,4.922852927e-02
1.419200000e-02,4.352160143e-01,-1.061442965e-03,2.845355714e+00,-4.362774573e-02,4.362774573e-02
1.419400000e-02,3.774412890e-01,-1.083750007e-03,2.926849797e+00,-3.785250390e-02,3.785250390e-02
1.419600000e-02,3.181572546e-01,-1.101723358e-03,2.996640016e+00,-3.192589779e-02,3.192589779e-02
1.419800000e-02,2.576009754e-01,-1.115291146e-03,3.054447295e+00,-2.587162666e-02,2.587162666e-02
1.420000000e-02,1.960146035e-01,-1.124399117e-03,3.100040475e+00,-1.971390027e-02,1.971390027e-02
1.420200000e-02,1.336444100e-01,-1.129010850e-03,3.133237237e+00,-1.347734209e-02,1.347734209e-02
1.420400000e-02,7.073980035e-02,-1.129107904e-03,3.153904836e+00,-7.186890825e-03,7.186890825e-03
1.420600000e-02,7.552316904e-03,-1.124689889e-03,3.161960625e+00,-8.677006793e-04,8.677006793e-04
1.420800000e-02,-5.566536668e-02,-1.115774474e-03,3.157372391e+00,5.454959221e-03,-5.454959221e-03
1.421000000e-02,-1.186604561e-01,-1.102397309e-03,3.140158482e+00,1.175580587e-02,-1.175580587e-02
1.421200000e-02,-1.811810469e-01,-1.084611886e-03,3.110387733e+00,1.800964351e-02,-1.800964350e-02
1.421400000e-02,-2.429771325e-01,-1.062489326e-03,3.068179189e+00,2.419146432e-02,-2.419146432e-02
1.421600000e-02,-3.038016030e-01,-1.036118092e-03,3.013701635e+00,3.027654850e-02,-3.027654850e-02
1.421800000e-02,-3.634112342e-01,-1.005603637e-03,2.947172916e+00,3.624056305e-02,-3.624056305e-02
1.422000000e-02,-4.215676594e-01,-9.710679822e-04,2.868859064e+00,4.205965914e-02,-4.205965914e-02
1.422200000e-02,-4.780383232e-01,-9.326492289e-04,2.779073243e+00,4.771056740e-02,-4.771056739e-02
1.422400000e-02,-5.325974112e-01,-8.905010052e-04,2.678174485e+00,5.317069102e-02,-5.317069102e-02
1.422600000e-02,-5.850267529e-01,-8.447918532e-04,2.566566264e+00,5.841819610e-02,-5.841819610e-02
1.422800000e-02,-6.351166943e-01,-7.957045543e-04,2.444694879e+00,6.343209898e-02,-6.343209897e-02
1.423000000e-02,-6.826669362e-01,-7.434353984e-04,2.313047668e+00,6.819235008e-02,-6.819235008e-02
1.423200000e-02,-7.274873349e-01,-6.881933990e-04,2.172151060e+00,7.267991415e-02,-7.267991415e-02
1.423400000e-02,-7.693986632e-01,-6.301994574e-04,2.022568472e+00,7.687684637e-02,-7.687684637e-02
1.423600000e-02,-8.082333262e-01,-5.696854791e-04,1.864898053e+00,8.076636407e-02,-8.076636407e-02
1.423800000e-02,-8.438360323e-01,-5.068934472e-04,1.699770294e+00,8.433291388e-02,-8.433291388e-02
1.424000000e-02,-8.760644136e-01,-4.420744538e-04,1.527845508e+00,8.756223391e-02,-8.756223391e-02
1.424200000e-02,-9.047895955e-01,-3.754876965e-04,1.349811186e+00,9.044141078e-02,-9.044141078e-02
1.424400000e-02,-9.298967120e-01,-3.073994422e-04,1.166379249e+00,9.295893126e-02,-9.295893126e-02
1.424600000e-02,-9.512853650e-01,-2.380819613e-04,9.782832044e-01,9.510472830e-02,-9.510472830e-02
1.424800000e-02,-9.688700257e-01,-1.678124402e-04,7.862752086e-01,9.687022132e-02,-9.687022132e-02
1.425000000e-02,-9.825803766e-01,-9.687187212e-05,5.911230619e-01,9.824835048e-02,-9.824835048e-02
1.425200000e-02,-9.923615931e-01,-2.554393353e-05,3.936071369e-01,9.923360491e-02,-9.923360491e-02
1.425400000e-02,-9.981745619e-01,4.588614994e-05,1.945172589e-01,9.982204481e-02,-9.982204480e-02
1.425600000e-02,-9.999960383e-01,1.171327442e-04,-5.350453172e-03,1.000113171e-01,-1.000113171e-01
1.425800000e-02,-9.978187385e-01,1.879109490e-04,-2.051967699e-01,9.980066494e-02,-9.980066494e-02
1.426000000e-02,-9.916513691e-01,2.579377371e-04,-4.042225474e-01,9.919093068e-02,-9.919093068e-02
1.426200000e-02,-9.815185922e-01,3.269330857e-04,-6.016319231e-01,9.818455253e-02,-9.818455252e-02
1.426400000e-02,-9.674609265e-01,3.946210970e-04,-7.966354978e-01,9.678555476e-02,-9.678555476e-02
1.426600000e-02,-9.495345859e-01,4.607311005e-04,-9.884534928e-01,9.499953170e-02,-9.499953170e-02
1.426800000e-02,-9.278112539e-01,5.249987362e-04,-1.176318868e+00,9.283362527e-02,-9.283362527e-02
1.427000000e-02,-9.023777977e-01,5.871670112e-04,-1.359480389e+00,9.029649648e-02,-9.029649648e-02
1.427200000e-02,-8.733359204e-01,6.469873275e-04,-1.537205630e+00,8.739829078e-02,-8.739829078e-02
1.427400000e-02,-8.408017545e-01,7.042204759e-04,-1.708783906e+00,8.415059749e-02,-8.415059749e-02
1.427600000e-02,-8.049053971e-01,7.586375932e-04,-1.873529110e+00,8.056640347e-02,-8.056640347e-02
1.427800000e-02,-7.657903906e-01,8.100210765e-04,-2.030782461e+00,7.666004116e-02,-7.666004116e-02
1.428000000e-02,-7.236131475e-01,8.581654540e-04,-2.179915136e+00,7.244713130e-02,-7.244713130e-02
1.428200000e-02,-6.785423260e-01,9.028782065e-04,-2.320330783e+00,6.794452042e-02,-6.794452042e-02
1.428400000e-02,-6.307581548e-01,9.439805367e-04,-2.451467910e+00,6.317021353e-02,-6.317021353e-02
1.428600000e-02,-5.804517130e-01,9.813080851e-04,-2.572802127e+00,5.814330211e-02,-5.814330211e-02
1.428800000e-02,-5.278241655e-01,1.014711587e-03,-2.683848243e+00,5.288388771e-02,-5.288388771e-02
1.429000000e-02,-4.730859590e-01,1.044057467e-03,-2.784162209e+00,4.741300164e-02,-4.741300164e-02
1.429200000e-02,-4.164559801e-01,1.069228380e-03,-2.873342888e+00,4.175252084e-02,-4.175252084e-02
1.429400000e-02,-3.581606803e-01,1.090123670e-03,-2.951033668e+00,3.592508040e-02,-3.592508040e-02
1.429600000e-02,-2.984331705e-01,1.106659783e-03,-3.016923877e+00,2.995398303e-02,-2.995398303e-02
1.429800000e-02,-2.375122886e-01,1.118770593e-03,-3.070750036e+00,2.386310592e-02,-2.386310592e-02
1.430000000e-02,-1.756416444e-01,1.126407672e-03,-3.112296903e+00,1.767680520e-02,-1.767680520e-02
1.430200000e-02,-1.130686458e-01,1.129540482e-03,-3.141398343e+00,1.141981862e-02,-1.141981862e-02
1.430400000e-02,-5.004350915e-02,1.128156494e-03,-3.157937984e+00,5.117166564e-03,-5.117166564e-03
1.430600000e-02,1.318174104e-02,1.122261242e-03,-3.161849688e+00,-1.205947980e-03,1.205947980e-03
1.430800000e-02,7.635428019e-02,1.111878302e-03,-3.153117813e+00,-7.524240189e-03,7.524240189e-03
1.431000000e-02,1.392214945e-01,1.097049191e-03,-3.131777275e+00,-1.381244453e-02,1.381244453e-02
1.431200000e-02,2.015319909e-01,1.077833209e-03,-3.097913412e+00,-2.004541577e-02,2.004541577e-02
1.431400000e-02,2.630366029e-01,1.054307196e-03,-3.051661637e+00,-2.619822957e-02,2.619822957e-02
1.431600000e-02,3.234893862e-01,1.026565228e-03,-2.993206902e+00,-3.224628209e-02,3.224628209e-02
1.431800000e-02,3.826486027e-01,9.947182394e-04,-2.922782955e+00,-3.816538845e-02,3.816538845e-02
1.432000000e-02,4.402776870e-01,9.588935792e-04,-2.840671408e+00,-4.393187935e-02,4.393187935e-02
1.432200000e-02,4.961461925e-01,9.192345030e-04,-2.747200606e+00,-4.952269580e-02,4.952269580e-02
1.432400000e-02,5.500307125e-01,8.758995992e-04,-2.642744320e+00,-5.491548129e-02,5.491548129e-02
1.432600000e-02,6.017157741e-01,8.290621551e-04,-2.527720249e+00,-6.008867120e-02,6.008867120e-02
1.432800000e-02,6.509946995e-01,7.789094638e-04,-2.402588351e+00,-6.502157901e-02,6.502157901e-02
1.433000000e-02,6.976704325e-01,7.256420757e-04,-2.267849002e+00,-6.969447905e-02,6.969447905e-02
1.433200000e-02,7.415563266e-01,6.694729958e-04,-2.124040996e+00,-7.408868536e-02,7.408868536e-02
1.433400000e-02,7.824768911e-01,6.106268326e-04,-1.971739393e+00,-7.818662643e-02,7.818662643e-02
1.433600000e-02,8.202684933e-01,5.493388998e-04,-1.811553213e+00,-8.197191544e-02,8.197191544e-02
1.433800000e-02,8.547800125e-01,4.858542750e-04,-1.644123009e+00,-8.542941582e-02,8.542941582e-02
1.434000000e-02,8.858734441e-01,4.204268200e-04,-1.470118299e+00,-8.854530173e-02,8.854530173e-02
1.434200000e-02,9.134244521e-01,3.533181655e-04,-1.290234892e+00,-9.130711340e-02,9.130711339e-02
1.434400000e-02,9.373228657e-01,2.847966652e-04,-1.105192104e+00,-9.370380691e-02,9.370380691e-02
1.434600000e-02,9.574731202e-01,2.151363224e-04,-9.157298821e-01,-9.572579838e-02,9.572579838e-02
1.434800000e-02,9.737946387e-01,1.446156940e-04,-7.226058472e-01,-9.736500231e-02,9.736500230e-02
1.435000000e-02,9.862221551e-01,7.351677763e-05,-5.265922619e-01,-9.861486383e-02,9.861486383e-02
1.435200000e-02,9.947059742e-01,2.123882942e-06,-3.284729436e-01,-9.947038503e-02,9.947038503e-02
1.435400000e-02,9.992121710e-01,-6.927750472e-05,-1.290401303e-01,-9.992814485e-02,9.992814485e-02
1.435600000e-02,9.997227262e-01,-1.404018661e-04,7.090868756e-02,-9.998631281e-02,9.998631281e-02
1.435800000e-02,9.962355981e-01,-2.109647895e-04,2.705739564e-01,-9.964465629e-02,9.964465629e-02
1.436000000e-02,9.887647311e-01,-2.806841087e-04,4.691572562e-01,-9.890454152e-02,9.890454152e-02
1.436200000e-02,9.773399996e-01,-3.492810305e-04,6.658644937e-01,-9.776892807e-02,9.776892807e-02
1.436400000e-02,9.620070887e-01,-4.164812501e-04,8.599090777e-01,-9.624235700e-02,9.624235700e-02
1.436600000e-02,9.428273116e-01,-4.820160478e-04,1.050515064e+00,-9.433093277e-02,9.433093277e-02
1.436800000e-02,9.198773642e-01,-5.456233636e-04,1.236920259e+00,-9.204229876e-02,9.204229875e-02
1.437000000e-02,8.932490185e-01,-6.070488450e-04,1.418379268e+00,-8.938560674e-02,8.938560673e-02
1.437200000e-02,8.630487558e-01,-6.660468644e-04,1.594166472e+00,-8.637148027e-02,8.637148027e-02
1.437400000e-02,8.293973406e-01,-7.223815009e-04,1.763578937e+00,-8.301197221e-02,8.301197221e-02
1.437600000e-02,7.924293380e-01,-7.758274841e-04,1.925939216e+00,-7.932051655e-02,7.932051655e-02
1.437800000e-02,7.522925753e-01,-8.261710945e-04,2.080598065e+00,-7.531187464e-02,7.531187464e-02
1.438000000e-02,7.091475510e-01,-8.732110185e-04,2.226937035e+00,-7.100207620e-02,7.100207620e-02
1.438200000e-02,6.631667932e-01,-9.167591533e-04,2.364370947e+00,-6.640835524e-02,6.640835524e-02
1.438400000e-02,6.145341693e-01,-9.566413590e-04,2.492350231e+00,-6.154908107e-02,6.154908107e-02
1.438600000e-02,5.634441511e-01,-9.926981548e-04,2.610363125e+00,-5.644368493e-02,5.644368493e-02
1.438800000e-02,5.101010370e-01,-1.024785357e-03,2.717937720e+00,-5.111258223e-02,5.111258223e-02
1.439000000e-02,4.547181349e-01,-1.052774656e-03,2.814643847e+00,-4.557709095e-02,4.557709095e-02
1.439200000e-02,3.975169095e-01,-1.076554128e-03,2.900094799e+00,-3.985934636e-02,3.985934636e-02
1.439400000e-02,3.387260967e-01,-1.096028684e-03,2.973948876e+00,-3.398221254e-02,3.398221254e-02
1.439600000e-02,2.785807887e-01,-1.111120449e-03,3.035910749e+00,-2.796919092e-02,2.796919092e-02
1.439800000e-02,2.173214941e-01,-1.121769075e-03,3.085732646e+00,-2.184432632e-02,2.184432632e-02
1.440000000e-02,1.551931760e-01,-1.127931980e-03,3.123215341e+00,-1.563211080e-02,1.563211080e-02
1.440200000e-02,9.244427273e-02,-1.129584519e-03,3.148208947e+00,-9.357385725e-03,9.357385725e-03
1.440400000e-02,2.932570401e-02,-1.126720084e-03,3.160613520e+00,-3.045242410e-03,3.045242409e-03
1.440600000e-02,-3.391013210e-02,-1.119350131e-03,3.160379457e+00,3.279078197e-03,-3.279078197e-03
1.440800000e-02,-9.701036865e-02,-1.107504128e-03,3.147507695e+00,9.590286452e-03,-9.590286452e-03
1.441000000e-02,-1.597226809e-01,-1.091229448e-03,3.122049703e+00,1.586314515e-02,-1.586314515e-02
1.441200000e-02,-2.217962954e-01,-1.070591168e-03,3.084107284e+00,2.207257042e-02,-2.207257042e-02
1.441400000e-02,-2.829829926e-01,-1.045671816e-03,3.033832162e+00,2.819373208e-02,-2.819373208e-02
1.441600000e-02,-3.430380997e-01,-1.016571040e-03,2.971425376e+00,3.420215287e-02,-3.420215287e-02
1.441800000e-02,-4.017214688e-01,-9.834052082e-04,2.897136478e+00,4.007380636e-02,-4.007380636e-02
1.442000000e-02,-4.587984373e-01,-9.463069434e-04,2.811262533e+00,4.578521304e-02,-4.578521304e-02
1.442200000e-02,-5.140407663e-01,-9.054245940e-04,2.714146935e+00,5.131353417e-02,-5.131353417e-02
1.442400000e-02,-5.672275532e-01,-8.609216399e-04,2.606178027e+00,5.663666315e-02,-5.663666315e-02
1.442600000e-02,-6.181461151e-01,-8.129760393e-04,2.487787556e+00,6.173331390e-02,-6.173331390e-02
1.442800000e-02,-6.665928392e-01,-7.617795166e-04,2.359448939e+00,6.658310597e-02,-6.658310597e-02
1.443000000e-02,-7.123739972e-01,-7.075367961e-04,2.221675378e+00,7.116664604e-02,-7.116664604e-02
1.443200000e-02,-7.553065198e-01,-6.504647831e-04,2.075017798e+00,7.546560550e-02,-7.546560550e-02
1.443400000e-02,-7.952187287e-01,-5.907916967e-04,1.920062654e+00,7.946279370e-02,-7.946279370e-02
1.443600000e-02,-8.319510233e-01,-5.287561572e-04,1.757429578e+00,8.314222672e-02,-8.314222671e-02
1.443800000e-02,-8.653565188e-01,-4.646062318e-04,1.587768908e+00,8.648919126e-02,-8.648919126e-02
1.444000000e-02,-8.953016336e-01,-3.985984428e-04,1.411759079e+00,8.949030352e-02,-8.949030352e-02
1.444200000e-02,-9.216666234e-01,-3.309967414e-04,1.230103920e+00,9.213356267e-02,-9.213356267e-02
1.444400000e-02,-9.443460601e-01,-2.620714530e-04,1.043529831e+00,9.440839886e-02,-9.440839886e-02
1.444600000e-02,-9.632492533e-01,-1.920981953e-04,8.527828833e-01,9.630571551e-02,-9.630571551e-02
1.444800000e-02,-9.783006130e-01,-1.213567769e-04,6.586258342e-01,9.781792563e-02,-9.781792563e-02
1.445000000e-02,-9.894399522e-01,-5.013007796e-05,4.618350775e-01,9.893898221e-02,-9.893898221e-02
1.445200000e-02,-9.966227267e-01,2.129708072e-05,2.631975382e-01,9.966440238e-02,-9.966440238e-02
1.445400000e-02,-9.998202143e-01,9.263907679e-05,6.350752683e-02,9.999128534e-02,-9.999128534e-02
1.445600000e-02,-9.990196288e-01,1.636106285e-04,-1.364364380e-01,9.991832394e-02,-9.991832394e-02
1.445800000e-02,-9.942241716e-01,2.339279353e-04,-3.358348218e-01,9.944580995e-02,-9.944580995e-02
1.446000000e-02,-9.854530187e-01,3.033098129e-04,-5.338902721e-01,9.857563285e-02,-9.857563285e-02
1.446200000e-02,-9.727412442e-01,3.714788177e-04,-7.298108062e-01,9.731127230e-02,-9.731127230e-02
1.446400000e-02,-9.561396797e-01,4.381623560e-04,-9.228129787e-01,9.565778421e-02,-9.565778421e-02
1.446600000e-02,-9.357147116e-01,5.030937741e-04,-1.112125014e+00,9.362178054e-02,-9.362178054e-02
1.446800000e-02,-9.115480150e-01,5.660134249e-04,-1.296989893e+00,9.121140284e-02,-9.121140284e-02
1.447000000e-02,-8.837362274e-01,6.266697058e-04,-1.476668379e+00,8.843628971e-02,-8.843628971e-02
1.447200000e-02,-8.523905625e-01,6.848200648e-04,-1.650441975e+00,8.530753826e-02,-8.530753826e-02
1.447400000e-02,-8.176363651e-01,7.402319708e-04,-1.817615797e+00,8.183765970e-02,-8.183765970e-02
1.447600000e-02,-7.796126098e-01,7.926838432e-04,-1.977521352e+00,7.804052937e-02,-7.804052937e-02
1.447800000e-02,-7.384713460e-01,8.419659377e-04,-2.129519210e+00,7.393133119e-02,-7.393133119e-02
1.448000000e-02,-6.943770888e-01,8.878811856e-04,-2.273001563e+00,6.952649699e-02,-6.952649699e-02
1.448200000e-02,-6.475061620e-01,9.302459813e-04,-2.407394656e+00,6.484364080e-02,-6.484364080e-02
1.448400000e-02,-5.980459928e-01,9.688909168e-04,-2.532161079e+00,5.990148837e-02,-5.990148837e-02
1.448600000e-02,-5.461943621e-01,1.003661459e-03,-2.646801916e+00,5.471980235e-02,-5.471980235e-02
1.448800000e-02,-4.921586137e-01,1.034418568e-03,-2.750858743e+00,4.931930322e-02,-4.931930322e-02
1.449000000e-02,-4.361548254e-01,1.061039252e-03,-2.843915458e+00,4.372158646e-02,-4.372158646e-02
1.449200000e-02,-3.784069446e-01,1.083417061e-03,-2.925599946e+00,3.794903617e-02,-3.794903617e-02
1.449400000e-02,-3.191458932e-01,1.101462510e-03,-2.995585569e+00,3.202473557e-02,-3.202473557e-02
1.449600000e-02,-2.586086438e-01,1.115103440e-03,-3.053592469e+00,2.597237472e-02,-2.597237472e-02
1.449800000e-02,-1.970372721e-01,1.124285303e-03,-3.099388687e+00,1.981615575e-02,-1.981615575e-02
1.450000000e-02,-1.346779895e-01,1.128971384e-03,-3.132791094e+00,1.358069608e-02,-1.358069608e-02
1.450200000e-02,-7.178015750e-02,1.129142942e-03,-3.153666122e+00,7.290930044e-03,-7.290930044e-03
1.450400000e-02,-8.595291621e-03,1.124799293e-03,-3.161930294e+00,9.720090914e-04,-9.720090914e-04
1.450600000e-02,5.462394504e-02,1.115957805e-03,-3.157550565e+00,-5.350798724e-03,5.350798724e-03
1.450800000e-02,1.176247519e-01,1.102653834e-03,-3.140544448e+00,-1.165220981e-02,1.165220981e-02
1.451000000e-02,1.801552019e-01,1.084940580e-03,-3.110979947e+00,-1.790702613e-02,1.790702613e-02
1.451200000e-02,2.419652486e-01,1.062888874e-03,-3.068975285e+00,-2.409023598e-02,2.409023598e-02
1.451400000e-02,3.028077267e-01,1.036586896e-03,-3.014698428e+00,-3.017711398e-02,3.017711398e-02
1.451600000e-02,3.624393396e-01,1.006139823e-03,-2.948366420e+00,-3.614331998e-02,3.614331998e-02
1.451800000e-02,4.206216331e-01,9.716694066e-04,-2.870244507e+00,-4.196499637e-02,4.196499637e-02
1.452000000e-02,4.771219481e-01,9.333134859e-04,-2.780645084e+00,-4.761886346e-02,4.761886346e-02
1.452200000e-02,5.317143516e-01,8.912254388e-04,-2.679926440e+00,-5.308231262e-02,5.308231262e-02
1.452400000e-02,5.841805401e-01,8.455735666e-04,-2.568491327e+00,-5.833349666e-02,5.833349666e-02
1.452600000e-02,6.343107121e-01,7.965404215e-04,-2.446785351e+00,-6.335141717e-02,6.335141717e-02
1.452800000e-02,6.819044075e-01,7.443220769e-04,-2.315295190e+00,-6.811600855e-02,6.811600854e-02
1.453000000e-02,7.267713090e-01,6.891273432e-04,-2.174546645e+00,-7.260821817e-02,7.260821817e-02
1.453200000e-02,7.687320033e-01,6.311769326e-04,-2.025102540e+00,-7.681008263e-02,7.681008263e-02
1.453400000e-02,8.076186981e-01,5.707025767e-04,-1.867560471e+00,-8.070479955e-02,8.070479955e-02
1.453600000e-02,8.432758937e-01,5.079460999e-04,-1.702550417e+00,-8.427679476e-02,8.427679476e-02
1.453800000e-02,8.755610045e-01,4.431584523e-04,-1.530732217e+00,-8.751178460e-02,8.751178460e-02
1.454000000e-02,9.043449289e-01,3.765987063e-04,-1.352792938e+00,-9.039683302e-02,9.039683302e-02
1.454200000e-02,9.295125660e-01,3.085330203e-04,-1.169444121e+00,-9.292040330e-02,9.292040330e-02
1.454400000e-02,9.509632757e-01,2.392335750e-04,-9.814189402e-01,-9.507240422e-02,9.507240422e-02
1.454600000e-02,9.686112811e-01,1.689774843e-04,-7.894692693e-01,-9.684423036e-02,9.684423036e-02
1.454800000e-02,9.823860114e-01,9.804568789e-05,-5.943626750e-01,-9.822879658e-02,9.822879658e-02
1.455000000e-02,9.922323845e-01,2.672182714e-05,-3.968793480e-01,-9.922056626e-02,9.922056626e-02
1.455200000e-02,9.981110266e-01,-4.470888865e-05,-1.978089831e-01,-9.981557355e-02,9.981557354e-02
1.455400000e-02,9.999984303e-01,-1.159608229e-04,2.052378847e-03,-1.000114391e-01,1.000114391e-01
1.455600000e-02,9.978870482e-01,-1.867490539e-04,2.019055337e-01,-9.980737973e-02,9.980737973e-02
1.455800000e-02,9.917853235e-01,-2.567905143e-04,4.009513104e-01,-9.920421140e-02,9.920421140e-02
1.456000000e-02,9.817176555e-01,-3.258051229e-04,5.983937662e-01,-9.820434606e-02,9.820434606e-02
1.456200000e-02,9.677243028e-01,-3.935169045e-04,7.934433697e-01,-9.681178197e-02,9.681178197e-02
1.456400000e-02,9.498612219e-01,-4.596550939e-04,9.853201583e-01,-9.503208770e-02,9.503208770e-02
1.456600000e-02,9.281998436e-01,-5.239552182e-04,1.173256856e+00,-9.287237988e-02,9.287237988e-02
1.456800000e-02,9.028267871e-01,-5.861601545e-04,1.356501945e+00,-9.034129473e-02,9.034129473e-02
1.457000000e-02,8.738435141e-01,-6.460211583e-04,1.534322663e+00,-8.744895353e-02,8.744895353e-02
1.457200000e-02,8.413659227e-01,-7.032988579e-04,1.706007945e+00,-8.420692215e-02,8.420692215e-02
1.457400000e-02,8.055238839e-01,-7.577642116e-04,1.870871256e+00,-8.062816481e-02,8.062816481e-02
1.457600000e-02,7.664607227e-01,-8.091994238e-04,2.028253342e+00,-7.672699221e-02,7.672699221e-02
1.457800000e-02,7.243326444e-01,-8.573988159e-04,2.177524864e+00,-7.251900433e-02,7.251900433e-02
1.458000000e-02,6.793081106e-01,-9.021696484e-04,2.318088918e+00,-6.802102803e-02,6.802102803e-02
1.458200000e-02,6.315671650e-01,-9.433328922e-04,2.449383416e+00,-6.325104979e-02,6.325104979e-02
1.458400000e-02,5.813007136e-01,-9.807239440e-04,2.570883339e+00,-5.822814375e-02,5.822814375e-02
1.458600000e-02,5.287097615e-01,-1.014193285e-03,2.682102835e+00,-5.297239548e-02,5.297239548e-02
1.458800000e-02,4.740046091e-01,-1.043607077e-03,2.782597159e+00,-4.750482162e-02,4.750482162e-02
1.459000000e-02,4.174040109e-01,-1.068847702e-03,2.871964456e+00,-4.184728586e-02,4.184728586e-02
1.459200000e-02,3.591343009e-01,-1.089814228e-03,2.949847365e+00,-3.602241151e-02,3.602241151e-02
1.459400000e-02,2.994284874e-01,-1.106422813e-03,3.015934447e+00,-3.005349103e-02,3.005349103e-02
1.459600000e-02,2.385253218e-01,-1.118607043e-03,3.069961435e+00,-2.396439288e-02,2.396439288e-02
1.459800000e-02,1.766683430e-01,-1.126318196e-03,3.111712286e+00,-1.777946612e-02,1.777946612e-02
1.460000000e-02,1.141049042e-01,-1.129525438e-03,3.141020046e+00,-1.152344296e-02,1.152344296e-02
1.460200000e-02,5.108518365e-02,-1.128215942e-03,3.157767521e+00,-5.221339959e-03,5.221339959e-03
1.460400000e-02,-1.213881592e-02,-1.122394945e-03,3.161887740e+00,1.101642098e-03,-1.101642098e-03
1.460600000e-02,-7.531427489e-02,-1.112085724e-03,3.153364228e+00,7.420218917e-03,-7.420218917e-03
1.460800000e-02,-1.381885677e-01,-1.097329503e-03,3.132231068e+00,1.370912382e-02,-1.370912382e-02
1.461000000e-02,-2.005102733e-01,-1.078185291e-03,3.098572767e+00,1.994320880e-02,-1.994320880e-02
1.461200000e-02,-2.620301799e-01,-1.054729639e-03,3.052523919e+00,2.609754503e-02,-2.609754503e-02
1.461400000e-02,-3.225022823e-01,-1.027056343e-03,2.994268662e+00,3.214752260e-02,-3.214752260e-02
1.461600000e-02,-3.816847652e-01,-9.952760624e-04,2.924039948e+00,3.806894892e-02,-3.806894892e-02
1.461800000e-02,-4.393409702e-01,-9.595158798e-04,2.842118606e+00,4.383814543e-02,-4.383814543e-02
1.462000000e-02,-4.952403419e-01,-9.199187927e-04,2.748832223e+00,4.943204231e-02,-4.943204231e-02
1.462200000e-02,-5.491593506e-01,-8.766431418e-04,2.644553832e+00,5.482827074e-02,-5.482827074e-02
1.462400000e-02,-6.008823852e-01,-8.298619772e-04,2.529700420e+00,6.000525232e-02,-6.000525232e-02
1.462600000e-02,-6.502026161e-01,-7.797623673e-04,2.404731262e+00,6.494228538e-02,-6.494228538e-02
1.462800000e-02,-6.969228220e-01,-7.265446498e-04,2.270146084e+00,6.961962774e-02,-6.961962774e-02
1.463000000e-02,-7.408561786e-01,-6.704216313e-04,2.126483064e+00,7.401857569e-02,-7.401857569e-02
1.463200000e-02,-7.818270053e-01,-6.116177363e-04,1.974316681e+00,7.812153876e-02,-7.812153876e-02
1.463400000e-02,-8.196714685e-01,-5.503681091e-04,1.814255416e+00,8.191211004e-02,-8.191211004e-02
1.463600000e-02,-8.542382360e-01,-4.869176743e-04,1.646939321e+00,8.537513183e-02,-8.537513183e-02
1.463800000e-02,-8.853890824e-01,-4.215201570e-04,1.473037458e+00,8.849675623e-02,-8.849675623e-02
1.464000000e-02,-9.129994421e-01,-3.544370683e-04,1.293245224e+00,9.126450050e-02,-9.126450050e-02
1.464200000e-02,-9.369589069e-01,-2.859366594e-04,1.108281572e+00,9.366729703e-02,-9.366729703e-02
1.464400000e-02,-9.571716679e-01,-2.162928494e-04,9.188861328e-01,9.569553751e-02,-9.569553751e-02
1.464600000e-02,-9.735568985e-01,-1.457841292e-04,7.258162588e-01,9.734111144e-02,-9.734111144e-02
1.464800000e-02,-9.860490776e-01,-7.469244862e-05,5.298439966e-01,9.859743852e-02,-9.859743852e-02
1.465000000e-02,-9.945982515e-01,-3.302088472e-06,3.317529984e-01,9.945949495e-02,-9.945949494e-02
1.465200000e-02,-9.991702339e-01,6.810147604e-05,1.323353889e-01,9.992383354e-02,-9.992383354e-02
1.465400000e-02,-9.997467423e-01,1.392327169e-04,-6.761140220e-02,9.998859751e-02,-9.998859751e-02
1.465600000e-02,-9.963254715e-01,2.098071951e-04,-2.672878294e-01,9.965352787e-02,-9.965352787e-02
1.465800000e-02,-9.889201024e-01,2.795426980e-04,-4.658954282e-01,9.891996451e-02,-9.891996451e-02
1.466000000e-02,-9.775602474e-01,3.481603678e-04,-6.626400080e-01,9.779084078e-02,-9.779084078e-02
1.466200000e-02,-9.622913323e-01,4.153858166e-04,-8.567348283e-01,9.627067182e-02,-9.627067182e-02
1.466400000e-02,-9.431744144e-01,4.809502240e-04,-1.047403744e+00,9.436553646e-02,-9.436553646e-02
1.466600000e-02,-9.202859382e-01,5.445914115e-04,-1.233884310e+00,9.208305296e-02,-9.208305296e-02
1.466800000e-02,-8.937174299e-01,6.060548912e-04,-1.415430830e+00,8.943234848e-02,-8.943234848e-02
1.467000000e-02,-8.635751315e-01,6.650948835e-04,-1.591317336e+00,8.642402264e-02,-8.642402264e-02
1.467200000e-02,-8.299795758e-01,7.214752996e-04,-1.760840495e+00,8.307010511e-02,-8.307010511e-02
1.467400000e-02,-7.930651044e-01,7.749706861e-04,-1.923322419e+00,7.938400750e-02,-7.938400750e-02
1.467600000e-02,-7.529793305e-01,8.253671260e-04,-2.078113377e+00,7.538046977e-02,-7.538046977e-02
1.467800000e-02,-7.098825490e-01,8.724630945e-04,-2.224594391e+00,7.107550121e-02,-7.107550121e-02
1.468000000e-02,-6.639470948e-01,9.160702645e-04,-2.362179716e+00,6.648631651e-02,-6.648631651e-02
1.468200000e-02,-6.153566543e-01,9.560142600e-04,-2.490319175e+00,6.163126686e-02,-6.163126686e-02
1.468400000e-02,-5.643055305e-01,9.921353534e-04,-2.608500365e+00,5.652976659e-02,-5.652976659e-02
1.468600000e-02,-5.109978663e-01,1.024289104e-03,-2.716250706e+00,5.120221554e-02,-5.120221554e-02
1.468800000e-02,-4.556468279e-01,1.052346935e-03,-2.813139324e+00,4.566991748e-02,-4.566991748e-02
1.469000000e-02,-3.984737526e-01,1.076196650e-03,-2.898778784e+00,3.995499492e-02,-3.995499492e-02
1.469200000e-02,-3.397072636e-01,1.095742879e-03,-2.972826630e+00,3.408030065e-02,-3.408030065e-02
1.469400000e-02,-2.795823560e-01,1.110907459e-03,-3.034986761e+00,2.806932634e-02,-2.806932634e-02
1.469600000e-02,-2.183394567e-01,1.121629752e-03,-3.085010611e+00,2.194610864e-02,-2.194610864e-02
1.469800000e-02,-1.562234632e-01,1.127866880e-03,-3.122698145e+00,1.573513301e-02,-1.573513301e-02
1.470000000e-02,-9.348276471e-02,1.129593904e-03,-3.147898659e+00,9.461235862e-03,-9.461235862e-03
1.470200000e-02,-3.036824804e-02,1.126803916e-03,-3.160511381e+00,3.149505196e-03,-3.149505196e-03
1.470400000e-02,3.286770494e-02,1.119508074e-03,-3.160485876e+00,-3.174819686e-03,3.174819686e-03
1.470600000e-02,9.597222680e-02,1.107735552e-03,-3.147822244e+00,-9.486449125e-03,9.486449125e-03
1.470800000e-02,1.586929757e-01,1.091533426e-03,-3.122571127e+00,-1.576014423e-02,1.576014423e-02
1.471000000e-02,2.207791444e-01,1.070966485e-03,-3.084833497e+00,-2.197081779e-02,2.197081779e-02
1.471200000e-02,2.819824632e-01,1.046116971e-03,-3.034760259e+00,-2.809363462e-02,2.809363462e-02
1.471400000e-02,3.420581928e-01,1.017084254e-03,-2.972551646e+00,-3.410411085e-02,3.410411085e-02
1.471600000e-02,4.007661028e-01,9.839844278e-04,-2.898456418e+00,-3.997821184e-02,3.997821184e-02
1.471800000e-02,4.578714325e-01,9.469498528e-04,-2.812770865e+00,-4.569244827e-02,4.569244827e-02
1.472000000e-02,5.131458297e-01,9.061286222e-04,-2.715837627e+00,-5.122397011e-02,5.122397010e-02
1.472200000e-02,5.663682633e-01,8.616839718e-04,-2.608044318e+00,-5.655065794e-02,5.655065794e-02
1.472400000e-02,6.173259081e-01,8.137936265e-04,-2.489821983e+00,-6.165121145e-02,6.165121145e-02
1.472600000e-02,6.658149950e-01,7.626490896e-04,-2.361643368e+00,-6.650523460e-02,6.650523460e-02
1.472800000e-02,7.116416263e-01,7.084548778e-04,-2.224021032e+00,-7.109331714e-02,7.109331714e-02
1.473000000e-02,7.546225506e-01,6.514277021e-04,-2.077505299e+00,-7.539711230e-02,7.539711229e-02
1.473200000e-02,7.945858964e-01,5.917956026e-04,-1.922682054e+00,-7.939941008e-02,7.939941008e-02
1.473400000e-02,8.313718584e-01,5.297970357e-04,-1.760170404e+00,-8.308420614e-02,8.308420614e-02
1.473600000e-02,8.648333373e-01,4.656799205e-04,-1.590620198e+00,-8.643676574e-02,8.643676574e-02
1.473800000e-02,8.948365276e-01,3.997006482e-04,-1.414709433e+00,-8.944368270e-02,8.944368270e-02
1.474000000e-02,9.212614527e-01,3.321230562e-04,-1.233141539e+00,-9.209293297e-02,9.209293297e-02
1.474200000e-02,9.440024449e-01,2.632173731e-04,-1.046642569e+00,-9.437392275e-02,9.437392275e-02
1.474400000e-02,9.629685677e-01,1.932591385e-04,-8.559582922e-01,-9.627753085e-02,9.627753085e-02
1.474600000e-02,9.780839794e-01,1.225281008e-04,-6.618512166e-01,-9.779614513e-02,9.779614513e-02
1.474800000e-02,9.892882368e-01,5.130709872e-05,-4.650975357e-01,-9.892369297e-02,9.892369297e-02
1.475000000e-02,9.965365363e-01,-2.011906977e-05,-2.664840266e-01,-9.965566553e-02,9.965566553e-02
1.475200000e-02,9.997998934e-01,-9.146478629e-05,-6.680490319e-02,-9.998913582e-02,9.998913582e-02
1.475400000e-02,9.990652588e-01,-1.624447542e-04,1.331413591e-01,-9.992277035e-02,9.992277035e-02
1.475600000e-02,9.943355699e-01,-2.327751392e-04,3.325552168e-01,-9.945683451e-02,9.945683451e-02
1.475800000e-02,9.856297400e-01,-3.021747050e-04,5.306392553e-01,-9.859319147e-02,9.859319147e-02
1.476000000e-02,9.729825817e-01,-3.703659369e-04,7.266013779e-01,-9.733529476e-02,9.733529476e-02
1.476200000e-02,9.564446684e-01,-4.370761525e-04,9.196579726e-01,-9.568817446e-02,9.568817446e-02
1.476400000e-02,9.360821319e-01,-5.020385914e-04,1.109037046e+00,-9.365841705e-02,9.365841705e-02
1.476600000e-02,9.119763977e-01,-5.649934825e-04,1.293981312e+00,-9.125413911e-02,9.125413911e-02
1.476800000e-02,8.842238595e-01,-6.256890821e-04,1.473751215e+00,-8.848495485e-02,8.848495485e-02
1.477000000e-02,8.529354940e-01,-6.838826812e-04,1.647627894e+00,-8.536193767e-02,8.536193766e-02
1.477200000e-02,8.182364168e-01,-7.393415758e-04,1.814916051e+00,-8.189757584e-02,8.189757584e-02
1.477400000e-02,7.802653825e-01,-7.918439972e-04,1.974946737e+00,-7.810572265e-02,7.810572265e-02
1.477600000e-02,7.391742292e-01,-8.411799991e-04,2.127080021e+00,-7.400154092e-02,7.400154092e-02
1.477800000e-02,6.951272718e-01,-8.871522972e-04,2.270707555e+00,-6.960144241e-02,6.960144241e-02
1.478000000e-02,6.483006451e-01,-9.295770577e-04,2.405255002e+00,-6.492302222e-02,6.492302222e-02
1.478200000e-02,5.988815990e-01,-9.682846330e-04,2.530184334e+00,-5.998498837e-02,5.998498836e-02
1.478400000e-02,5.470677499e-01,-1.003120239e-03,2.644995985e+00,-5.480708702e-02,5.480708702e-02
1.478600000e-02,4.930662907e-01,-1.033944577e-03,2.749230848e+00,-4.941002353e-02,4.941002353e-02
1.478800000e-02,4.370931620e-01,-1.060634385e-03,2.842472108e+00,-4.381537963e-02,4.381537963e-02
1.479000000e-02,3.793721886e-01,-1.083082936e-03,2.924346913e+00,-3.804552715e-02,3.804552715e-02
1.479200000e-02,3.201341847e-01,-1.101200464e-03,2.994527864e+00,-3.212353852e-02,3.212353852e-02
1.479400000e-02,2.596160308e-01,-1.114914521e-03,3.052734320e+00,-2.607309453e-02,2.607309453e-02
1.479600000e-02,1.980597264e-01,-1.124170266e-03,3.098733527e+00,-1.991838967e-02,1.991838967e-02
1.479800000e-02,1.357114224e-01,-1.128930689e-03,3.132341543e+00,-1.368403530e-02,1.368403530e-02
1.480000000e-02,7.282043656e-02,-1.129176752e-03,3.153423976e+00,-7.394961331e-03,7.394961331e-03
1.480200000e-02,9.638256987e-03,-1.124907472e-03,3.161896523e+00,-1.076316446e-03,1.076316446e-03
1.480400000e-02,-5.358246397e-02,-1.116139922e-03,3.157725304e+00,5.246632405e-03,-5.246632405e-03
1.480600000e-02,-1.165889198e-01,-1.102909160e-03,3.140926998e+00,1.154860106e-02,-1.154860106e-02
1.480800000e-02,-1.791291608e-01,-1.085268093e-03,3.111568778e+00,1.780438927e-02,-1.780438927e-02
1.481000000e-02,-2.409531015e-01,-1.063287266e-03,3.069768042e+00,2.398898143e-02,-2.398898143e-02
1.481200000e-02,-3.018135209e-01,-1.037054573e-03,3.015691942e+00,3.007764664e-02,-3.007764664e-02
1.481400000e-02,-3.614670508e-01,-1.006674915e-03,2.949556717e+00,3.604603759e-02,-3.604603759e-02
1.481600000e-02,-4.196751492e-01,-9.722697738e-04,2.871626828e+00,4.187028794e-02,-4.187028794e-02
1.481800000e-02,-4.762050539e-01,-9.339767277e-04,2.782213901e+00,4.752710772e-02,-4.752710772e-02
1.482000000e-02,-5.308307137e-01,-8.919489029e-04,2.681675479e+00,5.299387648e-02,-5.299387648e-02
1.482200000e-02,-5.833336918e-01,-8.463543600e-04,2.570413595e+00,5.824873375e-02,-5.824873375e-02
1.482400000e-02,-6.335040399e-01,-7.973754221e-04,2.448873161e+00,6.327066645e-02,-6.327066645e-02
1.482600000e-02,-6.811411371e-01,-7.452079457e-04,2.317540193e+00,6.803959291e-02,-6.803959291e-02
1.482800000e-02,-7.260544925e-01,-6.900605377e-04,2.176939864e+00,7.253644320e-02,-7.253644320e-02
1.483000000e-02,-7.680645070e-01,-6.321537212e-04,2.027634405e+00,7.674323533e-02,-7.674323533e-02
1.483200000e-02,-8.070031914e-01,-5.717190534e-04,1.870220858e+00,8.064314723e-02,-8.064314723e-02
1.483400000e-02,-8.427148378e-01,-5.089982001e-04,1.705328687e+00,8.422058396e-02,-8.422058396e-02
1.483600000e-02,-8.750566429e-01,-4.442419688e-04,1.533617260e+00,8.746124009e-02,-8.746124009e-02
1.483800000e-02,-9.038992785e-01,-3.777093063e-04,1.355773218e+00,9.035215692e-02,-9.035215691e-02
1.484000000e-02,-9.291274088e-01,-3.096662628e-04,1.172507720e+00,9.288177426e-02,-9.288177426e-02
1.484200000e-02,-9.506401519e-01,-2.403849284e-04,9.845536083e-01,9.503997670e-02,-9.503997670e-02
1.484400000e-02,-9.683514828e-01,-1.701423446e-04,7.926624711e-01,9.681813405e-02,-9.681813405e-02
1.484600000e-02,-9.821905775e-01,-9.921939701e-05,5.976016416e-01,9.820913582e-02,-9.820913581e-02
1.484800000e-02,-9.921020964e-01,-2.789969167e-05,4.001511274e-01,9.920741968e-02,-9.920741967e-02
1.485000000e-02,-9.980464054e-01,4.353157874e-05,2.011004921e-01,9.980899370e-02,-9.980899370e-02
1.485200000e-02,-9.999997344e-01,1.147887754e-04,1.245697711e-03,1.000114523e-01,-1.000114523e-01
1.485400000e-02,-9.979542724e-01,1.855869557e-04,-1.986140779e-01,9.981398594e-02,-9.981398594e-02
1.485600000e-02,-9.919181989e-01,2.556430123e-04,-3.976796372e-01,9.921738419e-02,-9.921738419e-02
1.485800000e-02,-9.819156508e-01,3.246768056e-04,-5.951549583e-01,9.822403277e-02,-9.822403277e-02
1.486000000e-02,-9.679866263e-01,3.924122840e-04,-7.902503785e-01,9.683790386e-02,-9.683790386e-02
1.486200000e-02,-9.501868246e-01,4.585785873e-04,-9.821857518e-01,9.506454032e-02,-9.506454032e-02
1.486400000e-02,-9.285874234e-01,5.229111301e-04,-1.170193569e+00,9.291103346e-02,-9.291103346e-02
1.486600000e-02,-9.032747943e-01,5.851526602e-04,-1.353522025e+00,9.038599470e-02,-9.038599470e-02
1.486800000e-02,-8.743501572e-01,6.450542864e-04,-1.531438028e+00,8.749952115e-02,-8.749952114e-02
1.487000000e-02,-8.419291756e-01,7.023764748e-04,-1.703230129e+00,8.426315521e-02,-8.426315521e-02
1.487200000e-02,-8.061414944e-01,7.568900056e-04,-1.868211367e+00,8.068983844e-02,-8.068983844e-02
1.487400000e-02,-7.671302210e-01,8.083768909e-04,-2.025722016e+00,7.679385979e-02,-7.679385979e-02
1.487600000e-02,-7.250513534e-01,8.566312450e-04,-2.175132224e+00,7.259079847e-02,-7.259079846e-02
1.487800000e-02,-6.800731563e-01,9.014601090e-04,-2.315844531e+00,6.809746164e-02,-6.809746164e-02
1.488000000e-02,-6.323754881e-01,9.426842215e-04,-2.447296257e+00,6.333181723e-02,-6.333181723e-02
1.488200000e-02,-5.821490818e-01,9.801387359e-04,-2.568961755e+00,5.831292205e-02,-5.831292205e-02
1.488400000e-02,-5.295947824e-01,1.013673879e-03,-2.680354509e+00,5.306084563e-02,-5.306084563e-02
1.488600000e-02,-4.749227437e-01,1.043155552e-03,-2.781029083e+00,4.759658992e-02,-4.759658992e-02
1.488800000e-02,-4.183515877e-01,1.068465862e-03,-2.870582900e+00,4.194200536e-02,-4.194200535e-02
1.489000000e-02,-3.601075307e-01,1.089503600e-03,-2.948657853e+00,3.611970343e-02,-3.611970343e-02
1.489200000e-02,-3.004234786e-01,1.106184639e-03,-3.014941736e+00,3.015296632e-02,-3.015296632e-02
1.489400000e-02,-2.395380955e-01,1.118442276e-03,-3.069169495e+00,2.406565378e-02,-2.406565378e-02
1.489600000e-02,-1.776948494e-01,1.126227495e-03,-3.111124283e+00,1.788210769e-02,-1.788210769e-02
1.489800000e-02,-1.151410385e-01,1.129509165e-03,-3.140638332e+00,1.162705477e-02,-1.162705477e-02
1.490000000e-02,-5.212680257e-02,1.128274162e-03,-3.157593622e+00,5.325507674e-03,-5.325507674e-03
1.490200000e-02,1.109587760e-02,1.122527426e-03,-3.161922352e+00,-9.973350172e-04,9.973350171e-04
1.490400000e-02,7.427418766e-02,1.112291936e-03,-3.153607212e+00,-7.316189573e-03,7.316189573e-03
1.490600000e-02,1.371554907e-01,1.097608622e-03,-3.132681453e+00,-1.360578821e-02,1.360578821e-02
1.490800000e-02,1.994883375e-01,1.078536199e-03,-3.099228752e+00,-1.984098013e-02,1.984098013e-02
1.491000000e-02,2.610234718e-01,1.055150934e-03,-3.053382880e+00,-2.599683209e-02,2.599683209e-02
1.491200000e-02,3.215148277e-01,1.027546340e-03,-2.995327165e+00,-3.204872813e-02,3.204872813e-02
1.491400000e-02,3.807205126e-01,9.958328026e-04,-2.925293759e+00,-3.797246798e-02,3.797246798e-02
1.491600000e-02,4.384037753e-01,9.601371365e-04,-2.843562713e+00,-4.374436382e-02,4.374436382e-02
1.491800000e-02,4.943339526e-01,9.206020817e-04,-2.750460850e+00,-4.934133505e-02,4.934133505e-02
1.492000000e-02,5.482873912e-01,8.773857307e-04,-2.646360467e+00,-5.474100054e-02,5.474100054e-02
1.492200000e-02,6.000483425e-01,8.306608966e-04,-2.531677838e+00,-5.992176816e-02,5.992176816e-02
1.492400000e-02,6.494098254e-01,7.806144224e-04,-2.406871557e+00,-6.486292110e-02,6.486292109e-02
1.492600000e-02,6.961744534e-01,7.274464334e-04,-2.272440697e+00,-6.954470070e-02,6.954470070e-02
1.492800000e-02,7.401552246e-01,6.713695375e-04,-2.128922819e+00,-7.394838551e-02,7.394838551e-02
1.493000000e-02,7.811762690e-01,6.126079745e-04,-1.976891822e+00,-7.805636610e-02,7.805636610e-02
1.493200000e-02,8.190735520e-01,5.513967196e-04,-1.816955645e+00,-8.185221553e-02,8.185221553e-02
1.493400000e-02,8.536955302e-01,4.879805439e-04,-1.649753841e+00,-8.532075497e-02,8.532075497e-02
1.493600000e-02,8.849037576e-01,4.226130354e-04,-1.475955014e+00,-8.844811446e-02,8.844811445e-02
1.493800000e-02,9.125734389e-01,3.555555854e-04,-1.296254150e+00,-9.122178833e-02,9.122178833e-02
1.494000000e-02,9.365939288e-01,2.870763426e-04,-1.111369835e+00,-9.363068525e-02,9.363068525e-02
1.494200000e-02,9.568691744e-01,2.174491411e-04,-9.220413839e-01,-9.566517253e-02,9.566517253e-02
1.494400000e-02,9.733180993e-01,1.469524058e-04,-7.290258808e-01,-9.731711469e-02,9.731711468e-02
1.494600000e-02,9.858749274e-01,7.586803835e-05,-5.330951548e-01,-9.857990594e-02,9.857990594e-02
1.494800000e-02,9.944894469e-01,4.480290406e-06,-3.350326922e-01,-9.944849666e-02,9.944849666e-02
1.495000000e-02,9.991272098e-01,-6.692537328e-05,-1.356305036e-01,-9.991941352e-02,9.991941352e-02
1.495200000e-02,9.997696709e-01,-1.380634163e-04,6.431404329e-02,-9.999077343e-02,9.999077343e-02
1.495400000e-02,9.964142610e-01,-2.086493725e-04,2.640014117e-01,-9.966229104e-02,9.966229104e-02
1.495600000e-02,9.890743978e-01,-2.784009832e-04,4.626330933e-01,-9.893527988e-02,9.893527987e-02
1.495800000e-02,9.777794317e-01,-3.470393263e-04,6.594148014e-01,-9.781264710e-02,9.781264710e-02
1.496000000e-02,9.625745291e-01,-4.142899313e-04,8.535596469e-01,-9.629888190e-02,9.629888190e-02
1.496200000e-02,9.435204911e-01,-4.798838770e-04,1.044291285e+00,-9.440003750e-02,9.440003750e-02
1.496400000e-02,9.206935110e-01,-5.435588670e-04,1.230847019e+00,-9.212370699e-02,9.212370699e-02
1.496600000e-02,8.941848690e-01,-6.050602781e-04,1.412480852e+00,-8.947899293e-02,8.947899293e-02
1.496800000e-02,8.641005677e-01,-6.641421790e-04,1.588466468e+00,-8.647647099e-02,8.647647099e-02
1.497000000e-02,8.305609080e-01,-7.205683134e-04,1.758100137e+00,-8.312814763e-02,8.312814763e-02
1.497200000e-02,7.937000080e-01,-7.741130451e-04,1.920703530e+00,-7.944741210e-02,7.944741210e-02
1.497400000e-02,7.536652667e-01,-8.245622596e-04,2.075626428e+00,-7.544898289e-02,7.544898289e-02
1.497600000e-02,7.106167748e-01,-8.717142213e-04,2.222249328e+00,-7.114884890e-02,7.114884890e-02
1.497800000e-02,6.647266742e-01,-9.153803791e-04,2.359985915e+00,-6.656420545e-02,6.656420545e-02
1.498000000e-02,6.161784699e-01,-9.553861211e-04,2.488285409e+00,-6.171338560e-02,6.171338560e-02
1.498200000e-02,5.651662960e-01,-9.915714728e-04,2.606634768e+00,-5.661578675e-02,5.661578675e-02
1.498400000e-02,5.118941397e-01,-1.023791736e-03,2.714560736e+00,-5.129179315e-02,5.129179314e-02
1.498600000e-02,4.565750252e-01,-1.051918070e-03,2.811631741e+00,-4.576269433e-02,4.576269433e-02
1.498800000e-02,3.994301622e-01,-1.075838002e-03,2.897459615e+00,-4.005060002e-02,4.005060002e-02
1.499000000e-02,3.406880610e-01,-1.095455881e-03,2.971701150e+00,-3.417835169e-02,3.417835169e-02
1.499200000e-02,2.805836191e-01,-1.110693260e-03,3.034059471e+00,-2.816943123e-02,2.816943123e-02
1.499400000e-02,2.193571817e-01,-1.121489208e-03,3.084285220e+00,-2.204786709e-02,2.204786709e-02
1.499600000e-02,1.572535805e-01,-1.127800554e-03,3.122177553e+00,-1.583813811e-02,1.583813811e-02
1.499800000e-02,9.452115499e-02,-1.129602060e-03,3.147584947e+00,-9.565075705e-03,9.565075705e-03
1.500000000e-02,3.141075904e-02,-1.126886522e-03,3.160405804e+00,-3.253764556e-03,3.253764556e-03
1.500200000e-02,-3.182524201e-02,-1.119664800e-03,3.160588856e+00,3.070557721e-03,-3.070557721e-03
1.500400000e-02,-9.493398054e-02,-1.107965770e-03,3.148133370e+00,9.382601477e-03,-9.382601477e-03
1.500600000e-02,-1.576630978e-01,-1.091836217e-03,3.123089153e+00,1.565712616e-02,-1.565712616e-02
1.500800000e-02,-2.197617532e-01,-1.071340637e-03,3.085556353e+00,2.186904125e-02,-2.186904125e-02
1.501000000e-02,-2.809816270e-01,-1.046560989e-03,3.035685054e+00,2.799350660e-02,-2.799350660e-02
1.501200000e-02,-3.410779137e-01,-1.017596361e-03,2.973674683e+00,3.400603174e-02,-3.400603173e-02
1.501400000e-02,-3.998103008e-01,-9.845625770e-04,2.899773205e+00,3.988257382e-02,-3.988257382e-02
1.501600000e-02,-4.569439297e-01,-9.475917320e-04,2.814276137e+00,4.559963379e-02,-4.559963379e-02
1.501800000e-02,-5.122503348e-01,-9.068316647e-04,2.717525364e+00,5.113435031e-02,-5.113435031e-02
1.502000000e-02,-5.655083574e-01,-8.624453664e-04,2.609907772e+00,5.646459120e-02,-5.646459120e-02
1.502200000e-02,-6.165050297e-01,-8.146103283e-04,2.491853702e+00,6.156904194e-02,-6.156904193e-02
1.502400000e-02,-6.650364266e-01,-7.635178330e-04,2.363835228e+00,6.642729088e-02,-6.642729088e-02
1.502600000e-02,-7.109084812e-01,-7.093721887e-04,2.226364268e+00,7.101991090e-02,-7.101991090e-02
1.502800000e-02,-7.539377606e-01,-6.523899125e-04,2.079990540e+00,7.532853707e-02,-7.532853707e-02
1.503000000e-02,-7.939521997e-01,-5.927988648e-04,1.925299363e+00,7.933594009e-02,-7.933594009e-02
1.503200000e-02,-8.307917892e-01,-5.308373377e-04,1.762909314e+00,8.302609518e-02,-8.302609518e-02
1.503400000e-02,-8.643092150e-01,-4.667531026e-04,1.593469758e+00,8.638424619e-02,-8.638424619e-02
1.503600000e-02,-8.943704481e-01,-4.008024188e-04,1.417658247e+00,8.939696457e-02,-8.939696457e-02
1.503800000e-02,-9.208552798e-01,-3.332490096e-04,1.236177816e+00,9.205220308e-02,-9.205220308e-02
1.504000000e-02,-9.436578028e-01,-2.643630068e-04,1.049754167e+00,9.433934398e-02,-9.433934398e-02
1.504200000e-02,-9.626868345e-01,-1.944198715e-04,8.591327698e-01,9.624924146e-02,-9.624924146e-02
1.504400000e-02,-9.778662818e-01,-1.236992914e-04,6.650758790e-01,9.777425825e-02,-9.777425825e-02
1.504600000e-02,-9.891354452e-01,-5.248406367e-05,4.683594881e-01,9.890829612e-02,-9.890829611e-02
1.504800000e-02,-9.964492617e-01,1.894103695e-05,2.697702250e-01,9.964682028e-02,-9.964682028e-02
1.505000000e-02,-9.997784849e-01,9.029039630e-05,7.010220686e-02,9.998687753e-02,-9.998687753e-02
1.505200000e-02,-9.991098019e-01,1.612787031e-04,-1.298461354e-01,9.992710806e-02,-9.992710806e-02
1.505400000e-02,-9.944458866e-01,2.316220900e-04,-3.292752500e-01,9.946775087e-02,-9.946775087e-02
1.505600000e-02,-9.858053890e-01,3.010392683e-04,-5.273876613e-01,9.861064283e-02,-9.861064283e-02
1.505800000e-02,-9.732228607e-01,3.692526531e-04,-7.233911591e-01,9.735921134e-02,-9.735921134e-02
1.506000000e-02,-9.567486167e-01,4.359894734e-04,-9.165019661e-01,9.571846062e-02,-9.571846061e-02
1.506200000e-02,-9.364485339e-01,5.009828625e-04,-1.105947872e+00,9.369495168e-02,-9.369495168e-02
1.506400000e-02,-9.124037882e-01,5.639729254e-04,-1.290971323e+00,9.129677612e-02,-9.129677611e-02
1.506600000e-02,-8.847105296e-01,6.247077778e-04,-1.470832448e+00,8.853352374e-02,-8.853352373e-02
1.506800000e-02,-8.534794975e-01,6.829445537e-04,-1.644812020e+00,8.541624421e-02,-8.541624421e-02
1.507000000e-02,-8.188355785e-01,7.384503765e-04,-1.812214331e+00,8.195740289e-02,-8.195740289e-02
1.507200000e-02,-7.809173063e-01,7.910032897e-04,-1.972369973e+00,7.817083096e-02,-7.817083096e-02
1.507400000e-02,-7.398763082e-01,8.403931454e-04,-2.124638519e+00,7.407167014e-02,-7.407167014e-02
1.507600000e-02,-6.958766987e-01,8.864224436e-04,-2.268411077e+00,6.967631212e-02,-6.967631212e-02
1.507800000e-02,-6.490944230e-01,9.289071229e-04,-2.403112730e+00,6.500233301e-02,-6.500233301e-02
1.508000000e-02,-5.997165537e-01,9.676772958e-04,-2.528204836e+00,6.006842310e-02,-6.006842310e-02
1.508200000e-02,-5.479405427e-01,1.002577928e-03,-2.643187177e+00,5.489431206e-02,-5.489431206e-02
1.508400000e-02,-4.939734314e-01,1.033469461e-03,-2.747599961e+00,4.950069008e-02,-4.950069008e-02
1.508600000e-02,-4.380310231e-01,1.060228363e-03,-2.841025665e+00,4.390912514e-02,-4.390912514e-02
1.508800000e-02,-3.803370198e-01,1.082747633e-03,-2.923090699e+00,3.814197674e-02,-3.814197674e-02
1.509000000e-02,-3.211221279e-01,1.100937221e-03,-2.993466900e+00,3.222230651e-02,-3.222230651e-02
1.509200000e-02,-2.606231354e-01,1.114724389e-03,-3.051872851e+00,2.617378598e-02,-2.617378598e-02
1.509400000e-02,-1.990819652e-01,1.124054006e-03,-3.098074996e+00,2.002060192e-02,-2.002060192e-02
1.509600000e-02,-1.367447076e-01,1.128888766e-03,-3.131888584e+00,1.378735964e-02,-1.378735964e-02
1.509800000e-02,-7.386063641e-02,1.129209334e-03,-3.153178401e+00,7.498984574e-03,-7.498984574e-03
1.510000000e-02,-1.068121187e-02,1.125014428e-03,-3.161859313e+00,1.180622630e-03,-1.180622630e-03
1.510200000e-02,5.254092461e-02,1.116320824e-03,-3.157896608e+00,-5.142460379e-03,5.142460379e-03
1.510400000e-02,1.155529609e-01,1.103163286e-03,-3.141306131e+00,-1.144497976e-02,1.144497976e-02
1.510600000e-02,1.781029249e-01,1.085594426e-03,-3.112154224e+00,-1.770173304e-02,1.770173304e-02
1.510800000e-02,2.399406923e-01,1.063684501e-03,-3.070557459e+00,-2.388770078e-02,2.388770078e-02
1.511000000e-02,3.008189868e-01,1.037521122e-03,-3.016682174e+00,-2.997814657e-02,2.997814657e-02
1.511200000e-02,3.604943688e-01,1.007208912e-03,-2.950743805e+00,-3.594871599e-02,3.594871599e-02
1.511400000e-02,4.187282088e-01,9.728690833e-04,-2.873006024e+00,-4.177553397e-02,4.177553397e-02
1.511600000e-02,4.752876417e-01,9.346389534e-04,-2.783779691e+00,-4.743530028e-02,4.743530028e-02
1.511800000e-02,5.299464983e-01,8.926713967e-04,-2.683421601e+00,-5.290538269e-02,5.290538269e-02
1.512000000e-02,5.824862090e-01,8.471342328e-04,-2.572333067e+00,-5.816390748e-02,5.816390747e-02
1.512200000e-02,6.326966785e-01,7.982095553e-04,-2.450958307e+00,-6.318984690e-02,6.318984690e-02
1.512400000e-02,6.803771256e-01,7.460930038e-04,-2.319782675e+00,-6.796310326e-02,6.796310326e-02
1.512600000e-02,7.253368861e-01,6.909929815e-04,-2.179330715e+00,-7.246458931e-02,7.246458931e-02
1.512800000e-02,7.673961753e-01,6.331298221e-04,-2.030164064e+00,-7.667630455e-02,7.667630455e-02
1.513000000e-02,8.063868068e-01,5.727349082e-04,-1.872879210e+00,-8.058140719e-02,8.058140719e-02
1.513200000e-02,8.421528651e-01,5.100497465e-04,-1.708105101e+00,-8.416428154e-02,8.416428154e-02
1.513400000e-02,8.745513293e-01,4.453250020e-04,-1.536500636e+00,-8.741060044e-02,8.741060043e-02
1.513600000e-02,9.034526447e-01,3.788194954e-04,-1.358752023e+00,-9.030738252e-02,9.030738252e-02
1.513800000e-02,9.287412409e-01,3.107991685e-04,-1.175570044e+00,-9.284304417e-02,9.284304417e-02
1.514000000e-02,9.503159940e-01,2.415360203e-04,-9.876872053e-01,-9.500744580e-02,9.500744580e-02
1.514200000e-02,9.680906311e-01,1.713070198e-04,-7.958548106e-01,-9.679193241e-02,9.679193241e-02
1.514400000e-02,9.819940751e-01,1.003929982e-04,-6.008399580e-01,-9.818936822e-02,9.818936821e-02
1.514600000e-02,9.919707291e-01,2.907752585e-05,-4.034224714e-01,-9.919416516e-02,9.919416516e-02
1.514800000e-02,9.979806985e-01,-4.235422147e-05,-2.043917823e-01,-9.980230527e-02,9.980230527e-02
1.515000000e-02,9.999999507e-01,-1.136166031e-04,-4.543772913e-03,-1.000113567e-01,1.000113567e-01
1.515200000e-02,9.980204110e-01,-1.844246555e-04,1.953224061e-01,-9.982048357e-02,9.982048356e-02
1.515400000e-02,9.920499953e-01,-2.544952321e-04,3.944075314e-01,-9.923044905e-02,9.923044905e-02
1.515600000e-02,9.821125780e-01,-3.235481352e-04,5.919155030e-01,-9.824361262e-02,9.824361261e-02
1.515800000e-02,9.682478968e-01,-3.913072366e-04,7.870565276e-01,-9.686392041e-02,9.686392040e-02
1.516000000e-02,9.505113937e-01,-4.575015817e-04,9.790502769e-01,-9.509688953e-02,9.509688952e-02
1.516200000e-02,9.289739932e-01,-5.218664732e-04,1.167129008e+00,-9.294958596e-02,9.294958596e-02
1.516400000e-02,9.037218189e-01,-5.841445292e-04,1.350540633e+00,-9.043059634e-02,9.043059634e-02
1.516600000e-02,8.748558490e-01,-6.440867128e-04,1.528551726e+00,-8.754999357e-02,8.754999357e-02
1.516800000e-02,8.424915126e-01,-7.014533275e-04,1.700450459e+00,-8.431929659e-02,8.431929659e-02
1.517000000e-02,8.067582278e-01,-7.560149763e-04,1.865549445e+00,-8.075142428e-02,8.075142428e-02
1.517200000e-02,7.677988847e-01,-8.075534785e-04,2.023188486e+00,-7.686064382e-02,7.686064382e-02
1.517400000e-02,7.257692736e-01,-8.558627422e-04,2.172737218e+00,-7.266251364e-02,7.266251364e-02
1.517600000e-02,6.808374621e-01,-9.007495889e-04,2.313597625e+00,-6.817382117e-02,6.817382117e-02
1.517800000e-02,6.331831232e-01,-9.420345253e-04,2.445206436e+00,-6.341251577e-02,6.341251577e-02
1.518000000e-02,5.829968167e-01,-9.795524616e-04,2.567037376e+00,-5.839763692e-02,5.839763692e-02
1.518200000e-02,5.304792272e-01,-1.013153371e-03,2.678603267e+00,-5.314923806e-02,5.314923806e-02
1.518400000e-02,4.758403616e-01,-1.042702892e-03,2.779457981e+00,-4.768830645e-02,4.768830645e-02
1.518600000e-02,4.192987093e-01,-1.068082860e-03,2.869198220e+00,-4.203667922e-02,4.203667922e-02
1.518800000e-02,3.610803688e-01,-1.089191787e-03,2.947465133e+00,-3.621695606e-02,3.621695606e-02
1.519000000e-02,3.014181429e-01,-1.105945262e-03,3.013945745e+00,-3.025240882e-02,3.025240882e-02
1.519200000e-02,2.405506086e-01,-1.118276293e-03,3.068374216e+00,-2.416688849e-02,2.416688849e-02
1.519400000e-02,1.787211625e-01,-1.126135569e-03,3.110532896e+00,-1.798472980e-02,1.798472980e-02
1.519600000e-02,1.161770476e-01,-1.129491663e-03,3.140253202e+00,-1.173065392e-02,1.173065392e-02
1.519800000e-02,5.316836479e-02,-1.128331155e-03,3.157416289e+00,-5.429669595e-03,5.429669595e-03
1.520000000e-02,-1.005292720e-02,-1.122658686e-03,3.161953524e+00,8.930268514e-04,-8.930268514e-04
1.520200000e-02,-7.323401963e-02,-1.112496938e-03,3.153846765e+00,7.212152269e-03,-7.212152269e-03
1.520400000e-02,-1.361222644e-01,-1.097886546e-03,3.133128429e+00,1.350243779e-02,-1.350243779e-02
1.520600000e-02,-1.984661846e-01,-1.078885934e-03,3.099881365e+00,1.973872987e-02,-1.973872987e-02
1.520800000e-02,-2.600164798e-01,-1.055571082e-03,3.054238519e+00,2.589609088e-02,-2.589609088e-02
1.521000000e-02,-3.205270232e-01,-1.028035220e-03,2.996382409e+00,3.194989880e-02,-3.194989880e-02
1.521200000e-02,-3.797558457e-01,-9.963884595e-04,2.926544388e+00,3.787594573e-02,-3.787594573e-02
1.521400000e-02,-4.374661036e-01,-9.607573488e-04,2.845003726e+00,4.365053462e-02,-4.365053462e-02
1.521600000e-02,-4.934270255e-01,-9.212843692e-04,2.752086485e+00,4.925057411e-02,-4.925057411e-02
1.521800000e-02,-5.474148353e-01,-8.781273651e-04,2.648164223e+00,5.465367080e-02,-5.465367079e-02
1.522000000e-02,-5.992136471e-01,-8.314589124e-04,2.533652503e+00,5.983821882e-02,-5.983821882e-02
1.522200000e-02,-6.486163281e-01,-7.814656283e-04,2.409009234e+00,6.478348625e-02,-6.478348625e-02
1.522400000e-02,-6.954253274e-01,-7.283474258e-04,2.274732837e+00,6.946969800e-02,-6.946969800e-02
1.522600000e-02,-7.394534654e-01,-6.723167134e-04,2.131360258e+00,7.387811487e-02,-7.387811487e-02
1.522800000e-02,-7.805246829e-01,-6.135975463e-04,1.979464812e+00,7.799110853e-02,-7.799110853e-02
1.523000000e-02,-8.184747444e-01,-5.524247302e-04,1.819653897e+00,8.179223197e-02,-8.179223197e-02
1.523200000e-02,-8.531518957e-01,-4.890428826e-04,1.652566566e+00,8.526628529e-02,-8.526628529e-02
1.523400000e-02,-8.844174701e-01,-4.237054542e-04,1.478870964e+00,8.839937646e-02,-8.839937646e-02
1.523600000e-02,-9.121464429e-01,-3.566737158e-04,1.299261665e+00,9.117897692e-02,-9.117897692e-02
1.523800000e-02,-9.362279318e-01,-2.882157134e-04,1.114456889e+00,9.359397161e-02,-9.359397161e-02
1.524000000e-02,-9.565656400e-01,-2.186051963e-04,9.251956320e-01,9.563470348e-02,-9.563470348e-02
1.524200000e-02,-9.730782411e-01,-1.481205225e-04,7.322347098e-01,9.729301206e-02,-9.729301206e-02
1.524400000e-02,-9.856997048e-01,-7.704354554e-05,5.363457332e-01,9.856226612e-02,-9.856226612e-02
1.524600000e-02,-9.943795603e-01,-5.658487474e-06,3.383120216e-01,9.943739018e-02,-9.943739018e-02
1.524800000e-02,-9.990830988e-01,6.574919771e-05,1.389254706e-01,9.991488480e-02,-9.991488480e-02
1.525000000e-02,-9.997915119e-01,1.368939655e-04,-6.101661442e-02,9.999284058e-02,-9.999284058e-02
1.525200000e-02,-9.965019666e-01,2.074913229e-04,-2.607147067e-01,9.967094579e-02,-9.967094579e-02
1.525400000e-02,-9.892276172e-01,2.772589655e-04,-4.593702551e-01,9.895048762e-02,-9.895048762e-02
1.525600000e-02,-9.779975523e-01,3.459179073e-04,-6.561888775e-01,9.783434703e-02,-9.783434702e-02
1.525800000e-02,-9.628566787e-01,4.131935953e-04,-8.503835369e-01,9.632698723e-02,-9.632698723e-02
1.526000000e-02,-9.438655415e-01,4.788170080e-04,-1.041177690e+00,9.443443585e-02,-9.443443585e-02
1.526200000e-02,-9.211000822e-01,5.425257311e-04,-1.227808389e+00,9.216426080e-02,-9.216426080e-02
1.526400000e-02,-8.946513354e-01,6.040650067e-04,-1.409529338e+00,8.952554004e-02,-8.952554004e-02
1.526600000e-02,-8.646250639e-01,6.631887519e-04,-1.585613873e+00,8.652882527e-02,-8.652882527e-02
1.526800000e-02,-8.311413367e-01,7.196605433e-04,-1.755357867e+00,8.318609973e-02,-8.318609973e-02
1.527000000e-02,-7.943340481e-01,7.732545619e-04,-1.918082551e+00,7.951073027e-02,-7.951073027e-02
1.527200000e-02,-7.543503829e-01,8.237564963e-04,-2.073137221e+00,7.551741394e-02,-7.551741394e-02
1.527400000e-02,-7.113502274e-01,8.709643998e-04,-2.219901847e+00,7.122211919e-02,-7.122211918e-02
1.527600000e-02,-6.655055304e-01,9.146894978e-04,-2.357789547e+00,6.664202199e-02,-6.664202199e-02
1.527800000e-02,-6.169996151e-01,9.547569428e-04,-2.486248937e+00,6.179543720e-02,-6.179543720e-02
1.528000000e-02,-5.660264467e-01,9.910065134e-04,-2.604766335e+00,5.670174532e-02,-5.670174532e-02
1.528200000e-02,-5.127898563e-01,1.023293255e-03,-2.712867814e+00,5.138131495e-02,-5.138131495e-02
1.528400000e-02,-4.575027259e-01,1.051488060e-03,-2.810121099e+00,4.585542139e-02,-4.585542139e-02
1.528600000e-02,-4.003861372e-01,1.075478182e-03,-2.896137294e+00,4.014616154e-02,-4.014616154e-02
1.528800000e-02,-3.416684877e-01,1.095167692e-03,-2.970572438e+00,3.427636554e-02,-3.427636554e-02
1.529000000e-02,-2.815845770e-01,1.110477853e-03,-3.033128881e+00,2.826950548e-02,-2.826950548e-02
1.529200000e-02,-2.203746681e-01,1.121347444e-03,-3.083556473e+00,2.214960155e-02,-2.214960155e-02
1.529400000e-02,-1.582835267e-01,1.127733001e-03,-3.121653563e+00,1.594112597e-02,-1.594112597e-02
1.529600000e-02,-9.555944245e-02,1.129608987e-03,-3.147267811e+00,9.668905144e-03,-9.668905144e-03
1.529800000e-02,-3.245323586e-02,1.126967902e-03,-3.160296789e+00,3.358020376e-03,-3.358020376e-03
1.530000000e-02,3.078274447e-02,1.119820307e-03,-3.160688397e+00,-2.966292416e-03,2.966292416e-03
1.530200000e-02,9.389563101e-02,1.108194784e-03,-3.148441070e+00,-9.278743622e-03,9.278743622e-03
1.530400000e-02,1.566330484e-01,1.092137820e-03,-3.123603782e+00,-1.555409106e-02,1.555409106e-02
1.530600000e-02,2.187441229e-01,1.071713624e-03,-3.086275852e+00,-2.176724093e-02,2.176724093e-02
1.530800000e-02,2.799804851e-01,1.047003868e-03,-3.036606548e+00,-2.789334812e-02,2.789334812e-02
1.531000000e-02,3.400972636e-01,1.018107361e-03,-2.974794485e+00,-3.390791562e-02,3.390791562e-02
1.531200000e-02,3.988540639e-01,9.851396550e-04,-2.901086837e+00,-3.978689242e-02,3.978689242e-02
1.531400000e-02,4.560159297e-01,9.482325803e-04,-2.815778347e+00,-4.550676971e-02,4.550676971e-02
1.531600000e-02,5.113542827e-01,9.075337208e-04,-2.719210145e+00,-5.104467489e-02,5.104467489e-02
1.531800000e-02,5.646478362e-01,8.632058226e-04,-2.611768387e+00,-5.637846304e-02,5.637846304e-02
1.532000000e-02,6.156834805e-01,8.154261439e-04,-2.493882711e+00,-6.148680544e-02,6.148680544e-02
1.532200000e-02,6.642571347e-01,7.643857457e-04,-2.366024516e+00,-6.634927489e-02,6.634927489e-02
1.532400000e-02,7.101745627e-01,7.102887279e-04,-2.228705081e+00,-7.094642740e-02,7.094642740e-02
1.532600000e-02,7.532521503e-01,6.533514132e-04,-2.082473519e+00,-7.525987989e-02,7.525987989e-02
1.532800000e-02,7.933176393e-01,5.938014821e-04,-1.927914578e+00,-7.927238378e-02,7.927238378e-02
1.533000000e-02,8.302108161e-01,5.318770623e-04,-1.765646307e+00,-8.296789390e-02,8.296789390e-02
1.533200000e-02,8.637841525e-01,4.678257769e-04,-1.596317585e+00,-8.633163267e-02,8.633163267e-02
1.533400000e-02,8.939033957e-01,4.019037534e-04,-1.420605520e+00,-8.935014919e-02,8.935014919e-02
1.533600000e-02,9.204481052e-01,3.343746005e-04,-1.239212749e+00,-9.201137306e-02,9.201137306e-02
1.533800000e-02,9.433121341e-01,2.655083530e-04,-1.052864624e+00,-9.430466258e-02,9.430466258e-02
1.534000000e-02,9.624040540e-01,1.955803929e-04,-8.623063129e-01,-9.622084737e-02,9.622084737e-02
1.534200000e-02,9.776475204e-01,1.248703475e-04,-6.682998179e-01,-9.775226500e-02,9.775226500e-02
1.534400000e-02,9.889815776e-01,5.366097152e-05,-4.716209309e-01,-9.889279166e-02,9.889279166e-02
1.534600000e-02,9.963609032e-01,-1.776298352e-05,-2.730561299e-01,-9.963786662e-02,9.963786662e-02
1.534800000e-02,9.997559888e-01,-8.911590808e-05,-7.339943428e-02,-9.998451047e-02,9.998451047e-02
1.535000000e-02,9.991532581e-01,-1.601124767e-04,1.265507704e-01,-9.993133706e-02,9.993133706e-02
1.535200000e-02,9.945551214e-01,-2.304687887e-04,3.259949249e-01,-9.947855902e-02,9.947855902e-02
1.535400000e-02,9.859799656e-01,-2.999035041e-04,5.241354936e-01,-9.862798691e-02,9.862798691e-02
1.535600000e-02,9.734620810e-01,-3.681389677e-04,7.201801533e-01,-9.738302200e-02,9.738302200e-02
1.535800000e-02,9.570515241e-01,-4.349023201e-04,9.133449625e-01,-9.574864264e-02,9.574864264e-02
1.536000000e-02,9.368139171e-01,-4.999265887e-04,1.102857495e+00,-9.373138437e-02,9.373138437e-02
1.536200000e-02,9.128301862e-01,-5.629517548e-04,1.287959930e+00,-9.133931380e-02,9.133931380e-02
1.536400000e-02,8.851962372e-01,-6.237257939e-04,1.467912081e+00,-8.858199630e-02,8.858199630e-02
1.536600000e-02,8.540225726e-01,-6.820056833e-04,1.641994357e+00,-8.547045783e-02,8.547045783e-02
1.536800000e-02,8.194338494e-01,-7.375583738e-04,1.809510639e+00,-8.201714078e-02,8.201714077e-02
1.537000000e-02,7.815683806e-01,-7.901617218e-04,1.969791064e+00,-7.823585423e-02,7.823585423e-02
1.537200000e-02,7.405775824e-01,-8.396053774e-04,2.122194705e+00,-7.414171878e-02,7.414171878e-02
1.537400000e-02,6.966253686e-01,-8.856916258e-04,2.266112130e+00,-6.975110602e-02,6.975110602e-02
1.537600000e-02,6.498874948e-01,-9.282361776e-04,2.400967845e+00,-6.508157309e-02,6.508157309e-02
1.537800000e-02,6.005508560e-01,-9.670689059e-04,2.526222588e+00,-6.015179249e-02,6.015179249e-02
1.538000000e-02,5.488127393e-01,-1.002034527e-03,2.641375493e+00,-5.498147739e-02,5.498147738e-02
1.538200000e-02,4.948800346e-01,-1.032993220e-03,2.745966086e+00,-4.959130279e-02,4.959130279e-02
1.538400000e-02,4.389684076e-01,-1.059821188e-03,2.839576132e+00,-4.400282288e-02,4.400282288e-02
1.538600000e-02,3.813014373e-01,-1.082411152e-03,2.921831304e+00,-3.823838484e-02,3.823838484e-02
1.538800000e-02,3.221097218e-01,-1.100672779e-03,2.992402681e+00,-3.232103945e-02,3.232103945e-02
1.539000000e-02,2.616299565e-01,-1.114533044e-03,3.051008061e+00,-2.627444895e-02,2.627444895e-02
1.539200000e-02,2.001039874e-01,-1.123936524e-03,3.097413095e+00,-2.012279239e-02,2.012279239e-02
1.539400000e-02,1.377778441e-01,-1.128845615e-03,3.131432218e+00,-1.389066897e-02,1.389066897e-02
1.539600000e-02,7.490075590e-02,-1.129240687e-03,3.152929395e+00,-7.602999659e-03,7.602999659e-03
1.539800000e-02,1.172415513e-02,-1.125120161e-03,3.161818663e+00,-1.284927529e-03,1.284927529e-03
1.540000000e-02,-5.149932810e-02,-1.116500513e-03,3.158064476e+00,5.038282758e-03,-5.038282758e-03
1.540200000e-02,-1.145168762e-01,-1.103416211e-03,3.141681846e+00,1.134134600e-02,-1.134134600e-02
1.540400000e-02,-1.770764952e-01,-1.085919578e-03,3.112736284e+00,1.759905756e-02,-1.759905756e-02
1.540600000e-02,-2.389280221e-01,-1.064080579e-03,3.071343536e+00,2.378639415e-02,-2.378639415e-02
1.540800000e-02,-2.998241255e-01,-1.037986542e-03,3.017669125e+00,2.987861389e-02,-2.987861389e-02
1.541000000e-02,-3.595212946e-01,-1.007741813e-03,2.951927683e+00,3.585135528e-02,-3.585135528e-02
1.541200000e-02,-4.177808128e-01,-9.734673344e-04,2.874382096e+00,4.168073455e-02,-4.168073455e-02
1.541400000e-02,-4.743697125e-01,-9.353001623e-04,2.785342452e+00,4.734344123e-02,-4.734344123e-02
1.541600000e-02,-5.290617063e-01,-8.933929194e-04,2.685164804e+00,5.281683134e-02,-5.281683134e-02
1.541800000e-02,-5.816380925e-01,-8.479131839e-04,2.574249740e+00,5.807901793e-02,-5.807901793e-02
1.542000000e-02,-6.318886288e-01,-7.990428201e-04,2.453040787e+00,6.310895860e-02,-6.310895860e-02
1.542200000e-02,-6.796123740e-01,-7.469772502e-04,2.322022634e+00,6.788653968e-02,-6.788653968e-02
1.542400000e-02,-7.246184907e-01,-6.919246737e-04,2.181719195e+00,7.239265660e-02,-7.239265660e-02
1.542600000e-02,-7.667270087e-01,-6.341052342e-04,2.032691515e+00,7.660929035e-02,-7.660929035e-02
1.542800000e-02,-8.057695449e-01,-5.737501399e-04,1.875535525e+00,8.051957948e-02,-8.051957948e-02
1.543000000e-02,-8.415899763e-01,-5.111007381e-04,1.710879658e+00,8.410788756e-02,-8.410788756e-02
1.543200000e-02,-8.740450644e-01,-4.464075507e-04,1.539382339e+00,8.735986569e-02,-8.735986569e-02
1.543400000e-02,-9.030050281e-01,-3.799292724e-04,1.361729350e+00,9.026250989e-02,-9.026250989e-02
1.543600000e-02,-9.283540626e-01,-3.119317360e-04,1.178631089e+00,9.280421308e-02,-9.280421308e-02
1.543800000e-02,-9.499908022e-01,-2.426868494e-04,9.908197279e-01,9.497481154e-02,-9.497481154e-02
1.544000000e-02,-9.678287262e-01,-1.724715086e-04,7.990462843e-01,9.676562547e-02,-9.676562547e-02
1.544200000e-02,-9.817965045e-01,-1.015664902e-04,6.040776208e-01,9.816949380e-02,-9.816949380e-02
1.544400000e-02,-9.918382827e-01,-3.025532840e-05,4.066933766e-01,9.918080274e-02,-9.918080274e-02
1.544600000e-02,-9.979139059e-01,4.117681812e-05,2.076828501e-01,9.979550828e-02,-9.979550828e-02
1.544800000e-02,-9.999990790e-01,1.124443071e-04,7.841843173e-03,1.000111523e-01,-1.000111523e-01
1.545000000e-02,-9.980854638e-01,1.832621547e-04,-1.920305217e-01,9.982687260e-02,-9.982687260e-02
1.545200000e-02,-9.921807124e-01,2.533471751e-04,-3.911349965e-01,9.924340596e-02,-9.924340596e-02
1.545400000e-02,-9.823084368e-01,3.224191127e-04,-5.886754037e-01,9.826308559e-02,-9.826308559e-02
1.545600000e-02,-9.685081140e-01,3.902017635e-04,-7.838618205e-01,9.688983157e-02,-9.688983157e-02
1.545800000e-02,-9.508349287e-01,4.564240785e-04,-9.759137369e-01,9.512913528e-02,-9.512913527e-02
1.546000000e-02,-9.293595523e-01,5.208212486e-04,-1.164063177e+00,9.298803735e-02,-9.298803735e-02
1.546200000e-02,-9.041678603e-01,5.831357628e-04,-1.347557771e+00,9.047509961e-02,-9.047509961e-02
1.546400000e-02,-8.753605892e-01,6.431184385e-04,-1.525663762e+00,8.760037076e-02,-8.760037076e-02
1.546600000e-02,-8.430529331e-01,7.005294172e-04,-1.697668940e+00,8.437534625e-02,-8.437534625e-02
1.546800000e-02,-8.073740837e-01,7.551391245e-04,-1.862885494e+00,8.081292228e-02,-8.081292228e-02
1.547000000e-02,-7.684667132e-01,8.067291876e-04,-2.020652756e+00,7.692734424e-02,-7.692734424e-02
1.547200000e-02,-7.264864043e-01,8.550933083e-04,-2.170339848e+00,7.273414976e-02,-7.273414976e-02
1.547400000e-02,-6.816010273e-01,9.000380889e-04,-2.311348202e+00,6.825010654e-02,-6.825010654e-02
1.547600000e-02,-6.339900695e-01,9.413838043e-04,-2.443113955e+00,6.349314534e-02,-6.349314533e-02
1.547800000e-02,-5.838439174e-01,9.789651217e-04,-2.565110204e+00,5.848228825e-02,-5.848228825e-02
1.548000000e-02,-5.313630949e-01,1.012631761e-03,-2.676849111e+00,5.323757266e-02,-5.323757266e-02
1.548200000e-02,-4.767574618e-01,1.042249097e-03,-2.777883855e+00,4.777997109e-02,-4.777997109e-02
1.548400000e-02,-4.202453749e-01,1.067698695e-03,-2.867810420e+00,4.213130736e-02,-4.213130736e-02
1.548600000e-02,-3.620528141e-01,1.088878789e-03,-2.946269207e+00,3.631416929e-02,-3.631416929e-02
1.548800000e-02,-3.024124794e-01,1.105704682e-03,-3.012946476e+00,3.035181841e-02,-3.035181841e-02
1.549000000e-02,-2.415628601e-01,1.118109093e-03,-3.067575599e+00,2.426809692e-02,-2.426809692e-02
1.549200000e-02,-1.797472811e-01,1.126042418e-03,-3.109938125e+00,1.808733236e-02,-1.808733236e-02
1.549400000e-02,-1.172129302e-01,1.129472933e-03,-3.139864655e+00,1.183424032e-02,-1.183424032e-02
1.549600000e-02,-5.420986917e-02,1.128386921e-03,-3.157235520e+00,5.533825610e-03,-5.533825609e-03
1.549800000e-02,9.009965866e-03,1.122788725e-03,-3.161981257e+00,-7.887177142e-04,7.887177142e-04
1.550000000e-02,7.219377193e-02,1.112700729e-03,-3.154082888e+00,-7.108107120e-03,7.108107120e-03
1.550200000e-02,1.350888901e-01,1.098163276e-03,-3.133571998e+00,-1.339907268e-02,1.339907268e-02
1.550400000e-02,1.974438159e-01,1.079234495e-03,-3.100530605e+00,-1.963645814e-02,1.963645814e-02
1.550600000e-02,2.590092050e-01,1.055990081e-03,-3.055090835e+00,-2.579532149e-02,2.579532149e-02
1.550800000e-02,3.195388701e-01,1.028522981e-03,-2.997434393e+00,-3.185103471e-02,3.185103471e-02
1.551000000e-02,3.787907657e-01,9.969430325e-04,-2.927791834e+00,-3.777938227e-02,3.777938227e-02
1.551200000e-02,4.365279559e-01,9.613765159e-04,-2.846441644e+00,-4.355665794e-02,4.355665794e-02
1.551400000e-02,4.925195616e-01,9.219656545e-04,-2.753709126e+00,-4.915975959e-02,4.915975959e-02
1.551600000e-02,5.465416839e-01,8.788680443e-04,-2.649965098e+00,-5.456628159e-02,5.456628159e-02
1.551800000e-02,5.983782998e-01,8.322560236e-04,-2.535624411e+00,-5.975460438e-02,5.975460438e-02
1.552000000e-02,6.478221253e-01,7.823159841e-04,-2.411144289e+00,-6.470398093e-02,6.470398093e-02
1.552200000e-02,6.946754449e-01,7.292476258e-04,-2.277022503e+00,-6.939461973e-02,6.939461973e-02
1.552400000e-02,7.387509019e-01,6.732631578e-04,-2.133795378e+00,-7.380776387e-02,7.380776387e-02
1.552600000e-02,7.798722476e-01,6.145864505e-04,-1.982035648e+00,-7.792576612e-02,7.792576612e-02
1.552800000e-02,8.178750465e-01,5.534521399e-04,-1.822350170e+00,-8.173215943e-02,8.173215943e-02
1.553000000e-02,8.526073331e-01,4.901046893e-04,-1.655377493e+00,-8.521172285e-02,8.521172285e-02
1.553200000e-02,8.839302204e-01,4.247974120e-04,-1.481785306e+00,-8.835054230e-02,8.835054230e-02
1.553400000e-02,9.117184546e-01,3.577914581e-04,-1.302267767e+00,-9.113606632e-02,9.113606632e-02
1.553600000e-02,9.358609163e-01,2.893547706e-04,-1.117542731e+00,-9.355715616e-02,9.355715616e-02
1.553800000e-02,9.562610649e-01,2.197610137e-04,-9.283488736e-01,-9.560413039e-02,9.560413039e-02
1.554000000e-02,9.728373244e-01,1.492884781e-04,-7.354427421e-01,-9.726880359e-02,9.726880359e-02
1.554200000e-02,9.855234098e-01,7.821896892e-05,-5.395957281e-01,-9.854451908e-02,9.854451908e-02
1.554400000e-02,9.942685920e-01,6.836678380e-06,-3.415909830e-01,-9.942617553e-02,9.942617553e-02
1.554600000e-02,9.990379010e-01,-6.457295062e-05,-1.422202866e-01,-9.991024739e-02,9.991024739e-02
1.554800000e-02,9.998122652e-01,-1.357243658e-04,5.771911917e-02,-9.999479895e-02,9.999479895e-02
1.555000000e-02,9.965885881e-01,-2.063330475e-04,2.574277182e-01,-9.967949211e-02,9.967949211e-02
1.555200000e-02,9.893797605e-01,-2.761166463e-04,4.561069173e-01,-9.896558771e-02,9.896558771e-02
1.555400000e-02,9.782146090e-01,-3.447961120e-04,6.529622397e-01,-9.785594051e-02,9.785594051e-02
1.555600000e-02,9.631377808e-01,-4.120968097e-04,8.472065019e-01,-9.635498776e-02,9.635498776e-02
1.555800000e-02,9.442095650e-01,-4.777496181e-04,1.038062962e+00,-9.446873146e-02,9.446873146e-02
1.556000000e-02,9.215056515e-01,-5.414920051e-04,1.224768423e+00,-9.220471435e-02,9.220471435e-02
1.556200000e-02,8.951168285e-01,-6.030690782e-04,1.406576291e+00,-8.957198976e-02,8.957198976e-02
1.556400000e-02,8.651486196e-01,-6.622346035e-04,1.582759552e+00,-8.658108542e-02,8.658108542e-02
1.556600000e-02,8.317208612e-01,-7.187519904e-04,1.752613688e+00,-8.324396132e-02,8.324396132e-02
1.556800000e-02,7.949672242e-01,-7.723952375e-04,1.915459486e+00,-7.957396194e-02,7.957396194e-02
1.557000000e-02,7.550346785e-01,-8.229498368e-04,2.070645759e+00,-7.558576284e-02,7.558576284e-02
1.557200000e-02,7.120829063e-01,-8.702136308e-04,2.217551951e+00,-7.129531199e-02,7.129531199e-02
1.557400000e-02,6.662836626e-01,-9.139976215e-04,2.355590614e+00,-6.671976602e-02,6.671976602e-02
1.557600000e-02,6.178200891e-01,-9.541267259e-04,2.484209760e+00,-6.187742158e-02,6.187742158e-02
1.557800000e-02,5.668859816e-01,-9.904404759e-04,2.602895068e+00,-5.678764221e-02,5.678764221e-02
1.558000000e-02,5.136850150e-01,-1.022793660e-03,2.711171940e+00,-5.147078086e-02,5.147078086e-02
1.558200000e-02,4.584299288e-01,-1.051056906e-03,2.808607399e+00,-4.594809857e-02,4.594809857e-02
1.558400000e-02,4.013416767e-01,-1.075117193e-03,2.894811822e+00,-4.024167939e-02,4.024167939e-02
1.558600000e-02,3.426485427e-01,-1.094878311e-03,2.969440494e+00,-3.437434210e-02,3.437434210e-02
1.558800000e-02,2.825852285e-01,-1.110261238e-03,3.032194991e+00,-2.836954897e-02,2.836954897e-02
1.559000000e-02,2.213919147e-01,-1.121204461e-03,3.082824372e+00,-2.225131192e-02,2.225131192e-02
1.559200000e-02,1.593133007e-01,-1.127664221e-03,3.121126178e+00,-1.604409649e-02,1.604409649e-02
1.559400000e-02,9.659762595e-02,-1.129614686e-03,3.146947251e+00,-9.772724063e-03,9.772724063e-03
1.559600000e-02,3.349567738e-02,-1.127048056e-03,3.160184335e+00,-3.462272543e-03,3.462272543e-03
1.559800000e-02,-2.974021344e-02,-1.119974597e-03,3.160784500e+00,2.862023884e-03,-2.862023884e-03
1.560000000e-02,-9.285717933e-02,-1.108422591e-03,3.148745346e+00,9.174875674e-03,-9.174875673e-03
1.560200000e-02,-1.556028287e-01,-1.092438234e-03,3.124115013e+00,1.545103904e-02,-1.545103904e-02
1.560400000e-02,-2.177262547e-01,-1.072085444e-03,3.086991995e+00,2.166541692e-02,-2.166541692e-02
1.560600000e-02,-2.789790387e-01,-1.047445608e-03,3.037524737e+00,2.779315930e-02,-2.779315930e-02
1.560800000e-02,-3.391162435e-01,-1.018617254e-03,2.975911050e+00,3.380976262e-02,-3.380976262e-02
1.561000000e-02,-3.978973930e-01,-9.857156614e-04,2.902397314e+00,3.969116774e-02,-3.969116774e-02
1.561200000e-02,-4.550874336e-01,-9.488723971e-04,2.817277494e+00,4.541385612e-02,-4.541385612e-02
1.561400000e-02,-5.104576742e-01,-9.082347895e-04,2.720891968e+00,5.095494395e-02,-5.095494395e-02
1.561600000e-02,-5.637867008e-01,-8.639653398e-04,2.613626161e+00,5.629227355e-02,-5.629227355e-02
1.561800000e-02,-6.148612616e-01,-8.162410725e-04,2.495909006e+00,6.140450205e-02,-6.140450205e-02
1.562000000e-02,-6.634771201e-01,-7.652528269e-04,2.368211230e+00,6.627118673e-02,-6.627118673e-02
1.562200000e-02,-7.094398716e-01,-7.112044944e-04,2.231043470e+00,7.087286671e-02,-7.087286671e-02
1.562400000e-02,-7.525657207e-01,-6.543122031e-04,2.084954232e+00,7.519114085e-02,-7.519114084e-02
1.562600000e-02,-7.926822159e-01,-5.948034534e-04,1.930527695e+00,7.920874124e-02,-7.920874124e-02
1.562800000e-02,-8.296289398e-01,-5.329162083e-04,1.768381379e+00,8.290960236e-02,-8.290960236e-02
1.563000000e-02,-8.632581502e-01,-4.688979422e-04,1.599163675e+00,8.627892523e-02,-8.627892523e-02
1.563200000e-02,-8.934353708e-01,-4.030046508e-04,1.423551247e+00,8.930323661e-02,-8.930323661e-02
1.563400000e-02,-9.200399292e-01,-3.354998276e-04,1.242246334e+00,9.197044293e-02,-9.197044293e-02
1.563600000e-02,-9.429654392e-01,-2.666534104e-04,1.055973936e+00,9.426987858e-02,-9.426987858e-02
1.563800000e-02,-9.621202266e-01,-1.967407016e-04,8.654789178e-01,9.619234859e-02,-9.619234859e-02
1.564000000e-02,-9.774276954e-01,-1.260412677e-04,6.715230297e-01,9.773016541e-02,-9.773016541e-02
1.564200000e-02,-9.888266341e-01,-5.483782098e-05,4.748818606e-01,9.887717963e-02,-9.887717962e-02
1.564400000e-02,-9.962714607e-01,1.658491077e-05,2.763417378e-01,9.962880456e-02,-9.962880456e-02
1.564600000e-02,-9.997324050e-01,8.794132291e-05,7.669658184e-02,9.998203464e-02,-9.998203464e-02
1.564800000e-02,-9.991956274e-01,1.589460760e-04,-1.232552678e-01,9.993545735e-02,-9.993545735e-02
1.565000000e-02,-9.946632743e-01,2.293152368e-04,-3.227142453e-01,9.948925895e-02,-9.948925895e-02
1.565200000e-02,-9.861534696e-01,2.987674136e-04,-5.208827556e-01,9.864522370e-02,-9.864522370e-02
1.565400000e-02,-9.737002424e-01,3.670248817e-04,-7.169683641e-01,9.740672673e-02,-9.740672672e-02
1.565600000e-02,-9.573533904e-01,4.338146937e-04,-9.101869653e-01,9.577872051e-02,-9.577872050e-02
1.565800000e-02,-9.371782813e-01,4.988697709e-04,-1.099765918e+00,9.376771510e-02,-9.376771510e-02
1.566000000e-02,-9.132555912e-01,5.619299717e-04,-1.284947136e+00,9.138175212e-02,-9.138175211e-02
1.566200000e-02,-8.856809819e-01,6.227431313e-04,-1.464990117e+00,8.863037251e-02,-8.863037250e-02
1.566400000e-02,-8.545647186e-01,6.810660708e-04,-1.639174908e+00,8.552457847e-02,-8.552457847e-02
1.566600000e-02,-8.200312288e-01,7.366655687e-04,-1.806804979e+00,8.207678944e-02,-8.207678944e-02
1.566800000e-02,-7.822186046e-01,7.893192942e-04,-1.967210012e+00,7.830079239e-02,-7.830079239e-02
1.567000000e-02,-7.412780510e-01,8.388166960e-04,-2.119748583e+00,7.421168677e-02,-7.421168677e-02
1.567200000e-02,-6.973732806e-01,8.849598443e-04,-2.263810719e+00,6.982582404e-02,-6.982582404e-02
1.567400000e-02,-6.506798595e-01,9.275642223e-04,-2.398820347e+00,6.516074237e-02,-6.516074237e-02
1.567600000e-02,-6.013845050e-01,9.664594638e-04,-2.524237592e+00,6.023509645e-02,-6.023509645e-02
1.567800000e-02,-5.496843389e-01,1.001490035e-03,-2.639560935e+00,5.506858290e-02,-5.506858290e-02
1.568000000e-02,-4.957860995e-01,1.032515856e-03,-2.744329224e+00,4.968186154e-02,-4.968186154e-02
1.568200000e-02,-4.399053147e-01,1.059412861e-03,-2.838123510e+00,4.409647275e-02,-4.409647275e-02
1.568400000e-02,-3.822654399e-01,1.082073494e-03,-2.920568731e+00,3.833475134e-02,-3.833475134e-02
1.568600000e-02,-3.230969652e-01,1.100407140e-03,-2.991335206e+00,3.241973723e-02,-3.241973723e-02
1.568800000e-02,-2.626364929e-01,1.114340487e-03,-3.050139952e+00,2.637508334e-02,-2.637508334e-02
1.569000000e-02,-2.011257919e-01,1.123817818e-03,-3.096747824e+00,2.022496098e-02,-2.022496098e-02
1.569200000e-02,-1.388108307e-01,1.128801235e-03,-3.130972445e+00,1.399396320e-02,-1.399396320e-02
1.569400000e-02,-7.594079391e-02,1.129270811e-03,-3.152676959e+00,7.707006472e-03,-7.707006472e-03
1.569600000e-02,-1.276708564e-02,1.125224668e-03,-3.161774573e+00,1.389231031e-03,-1.389231031e-03
1.569800000e-02,5.045767555e-02,1.116678986e-03,-3.158228909e+00,-4.934099657e-03,4.934099657e-03
1.570000000e-02,1.134806670e-01,1.103667937e-03,-3.142054143e+00,-1.123769991e-02,1.123769991e-02
1.570200000e-02,1.760498729e-01,1.086243549e-03,-3.113314957e+00,-1.749636293e-02,1.749636293e-02
1.570400000e-02,2.379150919e-01,1.064475499e-03,-3.072126272e+00,-2.368506164e-02,2.368506164e-02
1.570600000e-02,2.988289380e-01,1.038450833e-03,-3.018652793e+00,-2.977904871e-02,2.977904871e-02
1.570800000e-02,3.585478293e-01,1.008273618e-03,-2.953108349e+00,-3.575395557e-02,3.575395557e-02
1.571000000e-02,4.168329624e-01,9.740645264e-04,-2.875755040e+00,-4.158588979e-02,4.158588979e-02
1.571200000e-02,4.734512672e-01,9.359603535e-04,-2.786902184e+00,-4.725153068e-02,4.725153068e-02
1.571400000e-02,5.281763388e-01,8.941134699e-04,-2.686905086e+00,-5.272822254e-02,5.272822254e-02
1.571600000e-02,5.807893432e-01,8.486912125e-04,-2.576163613e+00,-5.799406520e-02,5.799406520e-02
1.571800000e-02,6.310798917e-01,7.998752155e-04,-2.455120598e+00,-6.302800165e-02,6.302800165e-02
1.572000000e-02,6.788468831e-01,7.478606838e-04,-2.324260066e+00,-6.780990224e-02,6.780990224e-02
1.572200000e-02,7.238993069e-01,6.928556128e-04,-2.184105302e+00,-7.232064513e-02,7.232064513e-02
1.572400000e-02,7.660570080e-01,6.350799564e-04,-2.035216755e+00,-7.654219281e-02,7.654219281e-02
1.572600000e-02,8.051514065e-01,5.747647473e-04,-1.878189799e+00,-8.045766417e-02,8.045766417e-02
1.572800000e-02,8.410261719e-01,5.121511735e-04,-1.713652353e+00,-8.405140208e-02,8.405140207e-02
1.573000000e-02,8.735378486e-01,4.474896137e-04,-1.542262368e+00,-8.730903590e-02,8.730903590e-02
1.573200000e-02,9.025564292e-01,3.810386360e-04,-1.364705196e+00,-9.021753906e-02,9.021753906e-02
1.573400000e-02,9.279658743e-01,3.130639641e-04,-1.181690852e+00,-9.276528104e-02,9.276528104e-02
1.573600000e-02,9.496645770e-01,2.438374145e-04,-9.939511726e-01,-9.494207396e-02,9.494207395e-02
1.573800000e-02,9.675657685e-01,1.736358098e-04,-8.022368888e-01,-9.673921327e-02,9.673921327e-02
1.574000000e-02,9.815978657e-01,1.027398716e-04,-6.073146265e-01,-9.814951259e-02,9.814951258e-02
1.574200000e-02,9.917047573e-01,3.143309802e-05,-4.099638394e-01,-9.916733242e-02,9.916733242e-02
1.574400000e-02,9.978460278e-01,-3.999936998e-05,-2.109736921e-01,-9.978860272e-02,9.978860272e-02
1.574600000e-02,9.999971196e-01,-1.112718888e-04,-1.113990491e-02,-1.000108391e-01,1.000108391e-01
1.574800000e-02,9.981494309e-01,-1.820994545e-04,1.887384284e-01,-9.983315304e-02,9.983315303e-02
1.575000000e-02,9.923103502e-01,-2.521988423e-04,3.878620361e-01,-9.925625491e-02,9.925625491e-02
1.575200000e-02,9.825032269e-01,-3.212897395e-04,5.854346641e-01,-9.828245166e-02,9.828245166e-02
1.575400000e-02,9.687672775e-01,-3.890958658e-04,7.806662606e-01,-9.691563734e-02,9.691563734e-02
1.575600000e-02,9.511574293e-01,-4.553460786e-04,9.727761352e-01,-9.516127754e-02,9.516127754e-02
1.575800000e-02,9.297441003e-01,-5.197754572e-04,1.160996080e+00,-9.302638758e-02,9.302638758e-02
1.576000000e-02,9.046129181e-01,-5.821263619e-04,1.344573444e+00,-9.051950445e-02,9.051950445e-02
1.576200000e-02,8.758643770e-01,-6.421494643e-04,1.522774137e+00,-8.765065265e-02,8.765065265e-02
1.576400000e-02,8.436134364e-01,-6.996047446e-04,1.694885574e+00,-8.443130412e-02,8.443130412e-02
1.576600000e-02,8.079890612e-01,-7.542624510e-04,1.860219516e+00,-8.087433237e-02,8.087433237e-02
1.576800000e-02,7.691337058e-01,-8.059040187e-04,2.018114827e+00,-7.699396098e-02,7.699396098e-02
1.577000000e-02,7.272027446e-01,-8.543229439e-04,2.167940116e+00,-7.280570676e-02,7.280570676e-02
1.577200000e-02,6.823638510e-01,-8.993256094e-04,2.309096264e+00,-6.832631766e-02,6.832631766e-02
1.577400000e-02,6.347963262e-01,-9.407320588e-04,2.441018817e+00,-6.357370582e-02,6.357370582e-02
1.577600000e-02,5.846903829e-01,-9.783767164e-04,2.563180242e+00,-5.856687597e-02,5.856687597e-02
1.577800000e-02,5.322463845e-01,-1.012109049e-03,2.675092043e+00,-5.332584935e-02,5.332584935e-02
1.578000000e-02,4.776740434e-01,-1.041794168e-03,2.776306708e+00,-4.787158376e-02,4.787158376e-02
1.578200000e-02,4.211915832e-01,-1.067313369e-03,2.866419499e+00,-4.222588966e-02,4.222588966e-02
1.578400000e-02,3.630248655e-01,-1.088564606e-03,2.945070075e+00,-3.641134301e-02,3.641134301e-02
1.578600000e-02,3.034064868e-01,-1.105462899e-03,3.011943928e+00,-3.045119497e-02,3.045119497e-02
1.578800000e-02,2.425748487e-01,-1.117940676e-03,3.066773645e+00,-2.436927894e-02,2.436927894e-02
1.579000000e-02,1.807732043e-01,-1.125948041e-03,3.109339971e+00,-1.818991523e-02,1.818991523e-02
1.579200000e-02,1.182486854e-01,-1.129452973e-03,3.139472693e+00,-1.193781384e-02,1.193781384e-02
1.579400000e-02,5.525131459e-02,-1.128441459e-03,3.157051317e+00,-5.637975604e-03,5.637975604e-03
1.579600000e-02,-7.966994727e-03,-1.122917541e-03,3.162005549e+00,6.844077185e-04,-6.844077185e-04
1.579800000e-02,-7.115344568e-02,-1.112903310e-03,3.154315579e+00,7.004054237e-03,-7.004054237e-03
1.580000000e-02,-1.340553688e-01,-1.098438810e-03,3.134012158e+00,1.329569300e-02,-1.329569300e-02
1.580200000e-02,-1.964212324e-01,-1.079581882e-03,3.101176473e+00,1.953416505e-02,-1.953416505e-02
1.580400000e-02,-2.580016483e-01,-1.056407930e-03,3.055939829e+00,2.569452404e-02,-2.569452404e-02
1.580600000e-02,-3.185503694e-01,-1.029009623e-03,2.998483116e+00,3.175213597e-02,-3.175213597e-02
1.580800000e-02,-3.778252737e-01,-9.974965204e-04,2.929036094e+00,3.768277772e-02,-3.768277772e-02
1.581000000e-02,-4.355893334e-01,-9.619946366e-04,2.847876466e+00,4.346273387e-02,-4.346273387e-02
1.581200000e-02,-4.916115619e-01,-9.226459364e-04,2.755328772e+00,4.906889159e-02,-4.906889159e-02
1.581400000e-02,-5.456679380e-01,-8.796077669e-04,2.651763091e+00,5.447883302e-02,-5.447883302e-02
1.581600000e-02,-5.975423016e-01,-8.330522290e-04,2.537593561e+00,5.967092493e-02,-5.967092493e-02
1.581800000e-02,-6.470272177e-01,-7.831654885e-04,2.413276722e+00,6.462440523e-02,-6.462440522e-02
1.582000000e-02,-6.939248066e-01,-7.301470320e-04,2.279309692e+00,6.931946596e-02,-6.931946596e-02
1.582200000e-02,-7.380475346e-01,-6.742088695e-04,2.136228176e+00,7.373733257e-02,-7.373733257e-02
1.582400000e-02,-7.792189640e-01,-6.155746859e-04,1.984604329e+00,7.786033893e-02,-7.786033893e-02
1.582600000e-02,-8.172744588e-01,-5.544789473e-04,1.825044461e+00,8.167199798e-02,-8.167199798e-02
1.582800000e-02,-8.520618430e-01,-4.911659626e-04,1.658186620e+00,8.515706771e-02,-8.515706771e-02
1.583000000e-02,-8.834420092e-01,-4.258889074e-04,1.484698036e+00,8.830161203e-02,-8.830161203e-02
1.583200000e-02,-9.112894745e-01,-3.589088110e-04,1.305272453e+00,9.109305657e-02,-9.109305657e-02
1.583400000e-02,-9.354928828e-01,-2.904935130e-04,1.120627357e+00,9.352023893e-02,-9.352023892e-02
1.583600000e-02,-9.559554496e-01,-2.209165918e-04,9.315011052e-01,9.557345330e-02,-9.557345330e-02
1.583800000e-02,-9.725953494e-01,-1.504562711e-04,7.386499744e-01,9.724448931e-02,-9.724448931e-02
1.584000000e-02,-9.853460427e-01,-7.939430714e-05,5.428451360e-01,9.852666484e-02,-9.852666484e-02
1.584200000e-02,-9.941565421e-01,-8.014861819e-06,3.448695727e-01,9.941485272e-02,-9.941485272e-02
1.584400000e-02,-9.989916163e-01,6.339663327e-05,1.455149478e-01,9.990550129e-02,-9.990550129e-02
1.584600000e-02,-9.998319308e-01,1.345546184e-04,-5.442156112e-02,9.999664854e-02,-9.999664854e-02
1.584800000e-02,-9.966741254e-01,2.051745476e-04,-2.541404495e-01,9.968792999e-02,-9.968792999e-02
1.585000000e-02,-9.895308274e-01,2.749740265e-04,-4.528430832e-01,9.898058015e-02,-9.898058015e-02
1.585200000e-02,-9.784306016e-01,3.436739414e-04,-6.497348915e-01,9.787742755e-02,-9.787742755e-02
1.585400000e-02,-9.634178352e-01,4.109995757e-04,-8.440285451e-01,9.638288348e-02,-9.638288348e-02
1.585600000e-02,-9.445525613e-01,4.766817082e-04,-1.034947104e+00,9.450292430e-02,-9.450292430e-02
1.585800000e-02,-9.219102182e-01,5.404576897e-04,-1.221727125e+00,9.224506759e-02,-9.224506759e-02
1.586000000e-02,-8.955813479e-01,6.020724933e-04,-1.403621713e+00,8.961834204e-02,-8.961834204e-02
1.586200000e-02,-8.656712340e-01,6.612797343e-04,-1.579903510e+00,8.663325138e-02,-8.663325138e-02
1.586400000e-02,-8.322994810e-01,7.178426551e-04,-1.749867602e+00,8.330173236e-02,-8.330173236e-02
1.586600000e-02,-7.955995354e-01,7.715350725e-04,-1.912834336e+00,7.963710705e-02,-7.963710705e-02
1.586800000e-02,-7.557181528e-01,8.221422816e-04,-2.068152045e+00,7.565402951e-02,-7.565402951e-02
1.587000000e-02,-7.128148105e-01,8.694619147e-04,-2.215199643e+00,7.136842724e-02,-7.136842724e-02
1.587200000e-02,-6.670610700e-01,9.133047505e-04,-2.353389119e+00,6.679743747e-02,-6.679743747e-02
1.587400000e-02,-6.186398910e-01,9.534954705e-04,-2.482167881e+00,6.195933865e-02,-6.195933865e-02
1.587600000e-02,-5.677448998e-01,9.898733605e-04,-2.601020970e+00,5.687347732e-02,-5.687347732e-02
1.587800000e-02,-5.145796149e-01,1.022292953e-03,-2.709473117e+00,5.156019078e-02,-5.156019078e-02
1.588000000e-02,-4.593566330e-01,1.050624608e-03,-2.807090645e+00,4.604072577e-02,-4.604072576e-02
1.588200000e-02,-4.022967796e-01,1.074755034e-03,-2.893483201e+00,4.033715346e-02,-4.033715346e-02
1.588400000e-02,-3.436282250e-01,1.094587739e-03,-2.968305320e+00,3.447228127e-02,-3.447228127e-02
1.588600000e-02,-2.835855726e-01,1.110043414e-03,-3.031257803e+00,2.846956160e-02,-2.846956160e-02
1.588800000e-02,-2.224089205e-01,1.121060257e-03,-3.082088917e+00,2.235299808e-02,-2.235299808e-02
1.589000000e-02,-1.603429014e-01,1.127594213e-03,-3.120595398e+00,1.614704956e-02,-1.614704956e-02
1.589200000e-02,-9.763570437e-02,1.129619155e-03,-3.146623267e+00,9.876532352e-03,-9.876532352e-03
1.589400000e-02,-3.453808247e-02,1.127126984e-03,-3.160068444e+00,3.566520945e-03,-3.566520945e-03
1.589600000e-02,2.869765005e-02,1.120127667e-03,-3.160877165e+00,-2.757752238e-03,2.757752238e-03
1.589800000e-02,9.181862662e-02,1.108649192e-03,-3.149046196e+00,-9.070997743e-03,9.070997743e-03
1.590000000e-02,1.545724396e-01,1.092737460e-03,-3.124622846e+00,-1.534797022e-02,1.534797021e-02
1.590200000e-02,2.167081496e-01,1.072456098e-03,-3.087704779e+00,-2.156356935e-02,2.156356935e-02
1.590400000e-02,2.779772887e-01,1.047886207e-03,-3.038439622e+00,-2.769294025e-02,2.769294025e-02
1.590600000e-02,3.381348545e-01,1.019126038e-03,-2.977024378e+00,-3.371157284e-02,3.371157284e-02
1.590800000e-02,3.969402893e-01,9.862905948e-04,-2.903704633e+00,-3.959539987e-02,3.959539987e-02
1.591000000e-02,4.541584425e-01,9.495111811e-04,-2.818773576e+00,-4.532089313e-02,4.532089313e-02
1.591200000e-02,5.095605105e-01,9.089348696e-04,-2.722570831e+00,-5.086515756e-02,5.086515756e-02
1.591400000e-02,5.629249520e-01,8.647239166e-04,-2.615481091e+00,-5.620602281e-02,5.620602281e-02
1.591600000e-02,6.140383738e-01,8.170551126e-04,-2.497932586e+00,-6.132213187e-02,6.132213187e-02
1.591800000e-02,6.626963838e-01,7.661190751e-04,-2.370395368e+00,-6.619302647e-02,6.619302647e-02
1.592000000e-02,7.087044088e-01,7.121194868e-04,-2.233379432e+00,-7.079922893e-02,7.079922893e-02
1.592200000e-02,7.518784723e-01,6.552722808e-04,-2.087432677e+00,-7.512232000e-02,7.512232000e-02
1.592400000e-02,7.920459301e-01,5.958047772e-04,-1.933138712e+00,-7.914501254e-02,7.914501254e-02
1.592600000e-02,8.290461611e-01,5.339547743e-04,-1.771114528e+00,-8.285122063e-02,8.285122063e-02
1.592800000e-02,8.627312088e-01,4.699695972e-04,-1.602008025e+00,-8.622612393e-02,8.622612392e-02
1.593000000e-02,8.929663740e-01,4.041051095e-04,-1.426495425e+00,-8.925622689e-02,8.925622689e-02
1.593200000e-02,9.196307523e-01,3.366246895e-04,-1.245278567e+00,-9.192941276e-02,9.192941276e-02
1.593400000e-02,9.426177185e-01,2.677981774e-04,-1.059082099e+00,-9.423499203e-02,9.423499203e-02
1.593600000e-02,9.618353526e-01,1.979007961e-04,-8.686505813e-01,-9.616374518e-02,9.616374518e-02
1.593800000e-02,9.772068071e-01,1.272120507e-04,-6.747455110e-01,-9.770795950e-02,9.770795950e-02
1.594000000e-02,9.886706148e-01,5.601461074e-05,-4.781422738e-01,-9.886146002e-02,9.886146002e-02
1.594200000e-02,9.961809345e-01,-1.540681999e-05,-2.796270451e-01,-9.961963413e-02,9.961963413e-02
1.594400000e-02,9.997077337e-01,-8.676664206e-05,-7.999364600e-02,-9.997945004e-02,9.997945004e-02
1.594600000e-02,9.992369097e-01,-1.577795024e-04,1.199596311e-01,-9.993946892e-02,9.993946892e-02
1.594800000e-02,9.947703451e-01,-2.281614353e-04,3.194332145e-01,-9.949985066e-02,9.949985065e-02
1.595000000e-02,9.863259008e-01,-2.976309980e-04,5.176294510e-01,-9.866235318e-02,9.866235318e-02
1.595200000e-02,9.739373444e-01,-3.659103964e-04,7.137557949e-01,-9.743032548e-02,9.743032548e-02
1.595400000e-02,9.576542152e-01,-4.327265951e-04,9.070279779e-01,-9.580869418e-02,9.580869417e-02
1.595600000e-02,9.375416259e-01,-4.978124102e-04,1.096673145e+00,-9.380394383e-02,9.380394383e-02
1.595800000e-02,9.136800026e-01,-5.609075770e-04,1.281932944e+00,-9.142409102e-02,9.142409102e-02
1.596000000e-02,8.861647631e-01,-6.217597912e-04,1.462066559e+00,-8.867865229e-02,8.867865229e-02
1.596200000e-02,8.551059350e-01,-6.801257172e-04,1.636353675e+00,-8.557860607e-02,8.557860607e-02
1.596400000e-02,8.206277162e-01,-7.357719619e-04,1.804097353e+00,-8.213634881e-02,8.213634881e-02
1.596600000e-02,7.828679777e-01,-7.884760076e-04,1.964626821e+00,-7.836564538e-02,7.836564538e-02
1.596800000e-02,7.419777131e-01,-8.380271017e-04,2.117300154e+00,-7.428157402e-02,7.428157402e-02
1.597000000e-02,6.981204340e-01,-8.842270998e-04,2.261506845e+00,-6.990046611e-02,6.990046611e-02
1.597200000e-02,6.514715164e-01,-9.268912576e-04,2.396670240e+00,-6.523984077e-02,6.523984077e-02
1.597400000e-02,6.022174998e-01,-9.658489701e-04,2.522249850e+00,-6.031833487e-02,6.031833487e-02
1.597600000e-02,5.505553406e-01,-1.000944453e-03,2.637743507e+00,-5.515562850e-02,5.515562850e-02
1.597800000e-02,4.966916251e-01,-1.032037368e-03,2.742689376e+00,-4.977236625e-02,4.977236625e-02
1.598000000e-02,4.408417431e-01,-1.059003380e-03,2.836667801e+00,-4.419007465e-02,4.419007465e-02
1.598200000e-02,3.832290267e-01,-1.081734658e-03,2.919302981e+00,-3.843107614e-02,3.843107614e-02
1.598400000e-02,3.240838572e-01,-1.100140303e-03,2.990264476e+00,-3.251839975e-02,3.251839975e-02
1.598600000e-02,2.636427437e-01,-1.114146717e-03,3.049268526e+00,-2.647568904e-02,2.647568904e-02
1.598800000e-02,2.021473777e-01,-1.123697889e-03,3.096079185e+00,-2.032710756e-02,2.032710756e-02
1.599000000e-02,1.398436664e-01,-1.128755628e-03,3.130509267e+00,-1.409724220e-02,1.409724220e-02
1.599200000e-02,7.698074932e-02,-1.129299707e-03,3.152421093e+00,-7.811004903e-03,7.811004903e-03
1.599400000e-02,1.381000227e-02,-1.125327952e-03,3.161727044e+00,-1.493533022e-03,1.493533022e-03
1.599600000e-02,-4.941596811e-02,-1.116856244e-03,3.158389905e+00,4.829911187e-03,-4.829911187e-03
1.599800000e-02,-1.124443343e-01,-1.103918461e-03,3.142423023e+00,1.113404159e-02,-1.113404159e-02
1.600000000e-02,-1.750230590e-01,-1.086566337e-03,3.113890244e+00,1.739364927e-02,-1.739364927e-02
1.600200000e-02,-2.369019029e-01,-1.064869261e-03,3.072905666e+00,2.358370336e-02,-2.358370336e-02
1.600400000e-02,-2.978334254e-01,-1.038913994e-03,3.019633177e+00,2.967945114e-02,-2.967945114e-02
1.600600000e-02,-3.575739739e-01,-1.008804325e-03,2.954285804e+00,3.565651696e-02,-3.565651696e-02
1.600800000e-02,-4.158846585e-01,-9.746606585e-04,2.877124856e+00,4.149099978e-02,-4.149099978e-02
1.601000000e-02,-4.725323068e-01,-9.366195264e-04,2.788458884e+00,4.715956873e-02,-4.715956873e-02
1.601200000e-02,-5.272903968e-01,-8.948330476e-04,2.688642444e+00,5.263955637e-02,-5.263955637e-02
1.601400000e-02,-5.799399621e-01,-8.494683177e-04,2.578074684e+00,5.790904938e-02,-5.790904938e-02
1.601600000e-02,-6.302704681e-01,-8.007067406e-04,2.457197738e+00,6.294697614e-02,-6.294697614e-02
1.601800000e-02,-6.780806536e-01,-7.487433038e-04,2.326494970e+00,6.773319103e-02,-6.773319103e-02
1.602000000e-02,-7.231793357e-01,-6.937857982e-04,2.186489033e+00,7.224855499e-02,-7.224855499e-02
1.602200000e-02,-7.653861740e-01,-6.360539875e-04,2.037739780e+00,7.647501200e-02,-7.647501200e-02
1.602400000e-02,-8.045323921e-01,-5.757787293e-04,1.880842030e+00,8.039566134e-02,-8.039566134e-02
1.602600000e-02,-8.404614526e-01,-5.132010517e-04,1.716423184e+00,8.399482516e-02,-8.399482516e-02
1.602800000e-02,-8.730296826e-01,-4.485711898e-04,1.545140719e+00,8.725811114e-02,-8.725811114e-02
1.603000000e-02,-9.021068484e-01,-3.821475850e-04,1.367679558e+00,9.017247008e-02,-9.017247008e-02
1.603200000e-02,-9.275766766e-01,-3.141958516e-04,1.184749330e+00,9.272624808e-02,-9.272624808e-02
1.603400000e-02,-9.493373186e-01,-2.449877142e-04,9.970815360e-01,9.490923309e-02,-9.490923309e-02
1.603600000e-02,-9.673017581e-01,-1.747999220e-04,8.054266205e-01,9.671269582e-02,-9.671269582e-02
1.603800000e-02,-9.813981591e-01,-1.039131412e-04,6.105509715e-01,9.812942460e-02,-9.812942460e-02
1.604000000e-02,-9.915701530e-01,-3.261083341e-05,4.132338561e-01,9.915375422e-02,-9.915375422e-02
1.604200000e-02,-9.977770641e-01,3.882187834e-05,2.142643045e-01,9.978158860e-02,-9.978158860e-02
1.604400000e-02,-9.999940722e-01,1.100993495e-04,1.443795455e-02,1.000104172e-01,-1.000104172e-01
1.604600000e-02,-9.982123121e-01,1.809365562e-04,-1.854461298e-01,9.983932487e-02,-9.983932486e-02
1.604800000e-02,-9.924389085e-01,2.510502353e-04,-3.845886537e-01,9.926899588e-02,-9.926899588e-02
1.605000000e-02,-9.826969482e-01,3.201600167e-04,-5.821932875e-01,9.830171082e-02,-9.830171082e-02
1.605200000e-02,-9.690253872e-01,3.879895448e-04,-7.774698515e-01,9.694133767e-02,-9.694133767e-02
1.605400000e-02,-9.514788952e-01,4.542675834e-04,-9.696374752e-01,9.519331628e-02,-9.519331628e-02
1.605600000e-02,-9.301276370e-01,5.187291004e-04,-1.157927720e+00,9.306463661e-02,-9.306463661e-02
1.605800000e-02,-9.050569919e-01,5.811163277e-04,-1.341587653e+00,9.056381082e-02,-9.056381082e-02
1.606000000e-02,-8.763672121e-01,6.411797916e-04,-1.519882857e+00,8.770083919e-02,-8.770083919e-02
1.606200000e-02,-8.441730221e-01,6.986793109e-04,-1.692100364e+00,8.448717014e-02,-8.448717014e-02
1.606400000e-02,-8.086031597e-01,7.533849570e-04,-1.857551515e+00,8.093565447e-02,-8.093565447e-02
1.606600000e-02,-7.697998616e-01,8.050779733e-04,-2.015574703e+00,7.706049395e-02,-7.706049395e-02
1.606800000e-02,-7.279182939e-01,8.535516503e-04,-2.165538027e+00,7.287718455e-02,-7.287718455e-02
1.607000000e-02,-6.831259323e-01,8.986121517e-04,-2.306841815e+00,6.840245445e-02,-6.840245445e-02
1.607200000e-02,-6.356018923e-01,9.400792901e-04,-2.438921022e+00,6.365419716e-02,-6.365419715e-02
1.607400000e-02,-5.855362124e-01,9.777872469e-04,-2.561247492e+00,5.865139997e-02,-5.865139997e-02
1.607600000e-02,-5.331290951e-01,1.011585236e-03,-2.673332065e+00,5.341406803e-02,-5.341406803e-02
1.607800000e-02,-4.785901054e-01,1.041338106e-03,-2.774726540e+00,4.796314435e-02,-4.796314435e-02
1.608000000e-02,-4.221373334e-01,1.066926882e-03,-2.865025460e+00,4.232042603e-02,-4.232042603e-02
1.608200000e-02,-3.639965220e-01,1.088249238e-03,-2.943867740e+00,3.650847712e-02,-3.650847712e-02
1.608400000e-02,-3.044001642e-01,1.105219913e-03,-3.010938105e+00,3.055053841e-02,-3.055053841e-02
1.608600000e-02,-2.435865735e-01,1.117771043e-03,-3.065968354e+00,2.447043446e-02,-2.447043446e-02
1.608800000e-02,-1.817989308e-01,1.125852439e-03,-3.108738434e+00,1.829247832e-02,-1.829247832e-02
1.609000000e-02,-1.192843119e-01,1.129431785e-03,-3.139077315e+00,1.204137437e-02,-1.204137437e-02
1.609200000e-02,-5.629269989e-02,1.128494769e-03,-3.156863679e+00,5.742119466e-03,-5.742119466e-03
1.609400000e-02,6.924014916e-03,1.123045137e-03,-3.162026402e+00,-5.800969780e-04,5.800969780e-04
1.609600000e-02,7.011304203e-02,1.113104680e-03,-3.154544839e+00,-6.899993735e-03,6.899993735e-03
1.609800000e-02,1.330217017e-01,1.098713150e-03,-3.134448908e+00,-1.319229885e-02,1.319229885e-02
1.610000000e-02,1.953984352e-01,1.079928095e-03,-3.101818967e+00,-1.943185071e-02,1.943185071e-02
1.610200000e-02,2.569938110e-01,1.056824631e-03,-3.056785497e+00,-2.559369864e-02,2.559369864e-02
1.610400000e-02,3.175615221e-01,1.029495146e-03,-2.999528578e+00,-3.165320269e-02,3.165320269e-02
1.610600000e-02,3.768593706e-01,9.980489234e-04,-2.930277168e+00,-3.758613217e-02,3.758613217e-02
1.610800000e-02,4.346502369e-01,9.626117111e-04,-2.849308189e+00,-4.336876252e-02,4.336876252e-02
1.611000000e-02,4.907030274e-01,9.233252147e-04,-2.756945419e+00,-4.897797022e-02,4.897797022e-02
1.611200000e-02,5.447935985e-01,8.803465329e-04,-2.653558198e+00,-5.439132519e-02,5.439132519e-02
1.611400000e-02,5.967056533e-01,8.338475284e-04,-2.539559950e+00,-5.958718057e-02,5.958718057e-02
1.611600000e-02,6.462316063e-01,7.840141410e-04,-2.415406530e+00,-6.454475921e-02,6.454475921e-02
1.611800000e-02,6.931734135e-01,7.310456442e-04,-2.281594401e+00,-6.924423679e-02,6.924423679e-02
1.612000000e-02,7.373433644e-01,6.751538479e-04,-2.138658651e+00,-7.366682106e-02,7.366682106e-02
1.612200000e-02,7.785648326e-01,6.165622518e-04,-1.987170850e+00,-7.779482704e-02,7.779482704e-02
1.612400000e-02,8.166729820e-01,5.555051515e-04,-1.827736766e+00,-8.161174768e-02,8.161174768e-02
1.612600000e-02,8.515154260e-01,4.922267016e-04,-1.660993943e+00,-8.510231993e-02,8.510231993e-02
1.612800000e-02,8.829528369e-01,4.269799396e-04,-1.487609150e+00,-8.825258569e-02,8.825258569e-02
1.613000000e-02,9.108595030e-01,3.600257736e-04,-1.308275718e+00,-9.104994773e-02,9.104994773e-02
1.613200000e-02,9.351238315e-01,2.916319394e-04,-1.123710764e+00,-9.348321996e-02,9.348321996e-02
1.613400000e-02,9.556487943e-01,2.220719297e-04,-9.346523236e-01,-9.554267223e-02,9.554267223e-02
1.613600000e-02,9.723523163e-01,1.516239006e-04,-7.418564032e-01,-9.722006924e-02,9.722006924e-02
1.613800000e-02,9.851676036e-01,8.056955902e-05,-5.460939533e-01,-9.850870341e-02,9.850870341e-02
1.614000000e-02,9.940434106e-01,9.193036542e-06,-3.481477873e-01,-9.940342176e-02,9.940342176e-02
1.614200000e-02,9.989442448e-01,-6.222024697e-05,-1.488094508e-01,-9.990064651e-02,9.990064651e-02
1.614400000e-02,9.998505087e-01,-1.333847247e-04,5.112394385e-02,-9.999838935e-02,9.999838935e-02
1.614600000e-02,9.967585785e-01,-2.040158246e-04,2.508529044e-01,-9.969625943e-02,9.969625943e-02
1.614800000e-02,9.896808179e-01,-2.738311077e-04,4.495787564e-01,-9.899546491e-02,9.899546490e-02
1.615000000e-02,9.786455297e-01,-3.425513971e-04,6.465068365e-01,-9.789880811e-02,9.789880811e-02
1.615200000e-02,9.636968415e-01,-4.099018947e-04,8.408496702e-01,-9.641067434e-02,9.641067434e-02
1.615400000e-02,9.448945301e-01,-4.756132800e-04,1.031830121e+00,-9.453701434e-02,9.453701434e-02
1.615600000e-02,9.223137820e-01,-5.394227866e-04,1.218684498e+00,-9.228532048e-02,9.228532048e-02
1.615800000e-02,8.960448930e-01,-6.010752537e-04,1.400665609e+00,-8.966459682e-02,8.966459682e-02
1.616000000e-02,8.661929067e-01,-6.603241459e-04,1.577045749e+00,-8.668532309e-02,8.668532309e-02
1.616200000e-02,8.328771953e-01,-7.169325392e-04,1.747119612e+00,-8.335941278e-02,8.335941278e-02
1.616400000e-02,7.962309811e-01,-7.706740684e-04,1.910207106e+00,-7.970016552e-02,7.970016552e-02
1.616600000e-02,7.564008049e-01,-8.213338323e-04,2.065656080e+00,-7.572221388e-02,7.572221387e-02
1.616800000e-02,7.135459392e-01,-8.687092530e-04,2.212844925e+00,-7.144146485e-02,7.144146485e-02
1.617000000e-02,6.678377517e-01,-9.126108861e-04,2.351185063e+00,-6.687503626e-02,6.687503626e-02
1.617200000e-02,6.194590199e-01,-9.528631782e-04,2.480123301e+00,-6.204118831e-02,6.204118831e-02
1.617400000e-02,5.686032004e-01,-9.893051685e-04,2.599144042e+00,-5.695925056e-02,5.695925056e-02
1.617600000e-02,5.154736549e-01,-1.021791133e-03,2.707771346e+00,-5.164954461e-02,5.164954461e-02
1.617800000e-02,4.602828376e-01,-1.050191168e-03,2.805570837e+00,-4.613330287e-02,4.613330287e-02
1.618000000e-02,4.032514448e-01,-1.074391706e-03,2.892151432e+00,-4.043258365e-02,4.043258365e-02
1.618200000e-02,3.446075335e-01,-1.094295976e-03,2.967166916e+00,-3.457018294e-02,3.457018294e-02
1.618400000e-02,2.845856082e-01,-1.109824383e-03,3.030317317e+00,-2.856954326e-02,2.856954326e-02
1.618600000e-02,2.234256844e-01,-1.120914834e-03,3.081350109e+00,-2.245465992e-02,2.245465992e-02
1.618800000e-02,1.613723277e-01,-1.127522980e-03,3.120061222e+00,-1.624998506e-02,1.624998506e-02
1.619000000e-02,9.867367657e-02,-1.129622395e-03,3.146295860e+00,-9.980329897e-03,9.980329897e-03
1.619200000e-02,3.558044998e-02,-1.127204686e-03,3.159949115e+00,-3.670765467e-03,3.670765467e-03
1.619400000e-02,-2.765505543e-02,-1.120279519e-03,3.160966391e+00,2.653477591e-03,-2.653477591e-03
1.619600000e-02,-9.077997403e-02,-1.108874588e-03,3.149343620e+00,8.967109944e-03,-8.967109944e-03
1.619800000e-02,-1.535418824e-01,-1.093035498e-03,3.125127279e+00,1.524488469e-02,-1.524488469e-02
1.620000000e-02,-2.156898087e-01,-1.072825586e-03,3.088414204e+00,2.146169831e-02,-2.146169831e-02
1.620200000e-02,-2.769752363e-01,-1.048325668e-03,3.039351202e+00,2.759269107e-02,-2.759269107e-02
1.620400000e-02,-3.371530976e-01,-1.019633713e-03,2.978134468e+00,3.361334639e-02,-3.361334639e-02
1.620600000e-02,-3.959827538e-01,-9.868644558e-04,2.905008793e+00,3.949958893e-02,-3.949958893e-02
1.620800000e-02,-4.532289573e-01,-9.501489326e-04,2.820266592e+00,4.522788083e-02,-4.522788083e-02
1.621000000e-02,-5.086627924e-01,-9.096339614e-04,2.724246732e+00,5.077531585e-02,-5.077531585e-02
1.621200000e-02,-5.620625909e-01,-8.654815531e-04,2.617333176e+00,5.611971094e-02,-5.611971093e-02
1.621400000e-02,-6.132148180e-01,-8.178682642e-04,2.499953448e+00,6.123969497e-02,-6.123969497e-02
1.621600000e-02,-6.619149265e-01,-7.669844903e-04,2.372576927e+00,6.611479420e-02,-6.611479420e-02
1.621800000e-02,-7.079681750e-01,-7.130337049e-04,2.235712965e+00,7.072551413e-02,-7.072551413e-02
1.622000000e-02,-7.511904059e-01,-6.562316459e-04,2.089908851e+00,7.505341743e-02,-7.505341743e-02
1.622200000e-02,-7.914087827e-01,-5.968054532e-04,1.935747626e+00,7.908119773e-02,-7.908119773e-02
1.622400000e-02,-8.284624804e-01,-5.349927596e-04,1.773845749e+00,8.279274877e-02,-8.279274876e-02
1.622600000e-02,-8.622033289e-01,-4.710407411e-04,1.604850632e+00,8.617322882e-02,-8.617322882e-02
1.622800000e-02,-8.924964057e-01,-4.052051288e-04,1.429438052e+00,8.920912006e-02,-8.920912006e-02
1.623000000e-02,-9.192205750e-01,-3.377491854e-04,1.248309445e+00,9.188828258e-02,-9.188828258e-02
1.623200000e-02,-9.422689724e-01,-2.689426533e-04,1.062189109e+00,9.420000297e-02,-9.420000297e-02
1.623400000e-02,-9.615494321e-01,-1.990606755e-04,8.718212998e-01,9.613503715e-02,-9.613503715e-02
1.623600000e-02,-9.769848557e-01,-1.283826954e-04,6.779672583e-01,9.768564730e-02,-9.768564730e-02
1.623800000e-02,-9.885135201e-01,-5.719133961e-05,4.814021668e-01,9.884563287e-02,-9.884563287e-02
1.624000000e-02,-9.960893245e-01,1.422871245e-05,2.829120482e-01,9.961035532e-02,-9.961035532e-02
1.624200000e-02,-9.996819749e-01,8.559186684e-05,8.329062313e-02,9.997675667e-02,-9.997675667e-02
1.624400000e-02,-9.992771050e-01,1.566127572e-04,-1.166638638e-01,9.994337177e-02,-9.994337177e-02
1.624600000e-02,-9.948763338e-01,2.270073856e-04,-3.161518362e-01,9.951033412e-02,-9.951033411e-02
1.624800000e-02,-9.864972590e-01,2.964942588e-04,-5.143755832e-01,9.867937533e-02,-9.867937533e-02
1.625000000e-02,-9.741733870e-01,3.647955131e-04,-7.105424493e-01,9.745381825e-02,-9.745381825e-02
1.625200000e-02,-9.579539981e-01,4.316380260e-04,-9.038680038e-01,9.583856362e-02,-9.583856362e-02
1.625400000e-02,-9.379039505e-01,4.967545082e-04,-1.093579178e+00,9.384007051e-02,-9.384007051e-02
1.625600000e-02,-9.141034201e-01,5.598845725e-04,-1.278917357e+00,9.146633047e-02,-9.146633047e-02
1.625800000e-02,-8.866475803e-01,6.207757748e-04,-1.459141411e+00,8.872683560e-02,-8.872683560e-02
1.626000000e-02,-8.556462212e-01,6.791846239e-04,-1.633530662e+00,8.563254058e-02,-8.563254058e-02
1.626200000e-02,-8.212233108e-01,7.348775550e-04,-1.801387764e+00,8.219581883e-02,-8.219581883e-02
1.626400000e-02,-7.835164992e-01,7.876318636e-04,-1.962041491e+00,7.843041311e-02,-7.843041311e-02
1.626600000e-02,-7.426765681e-01,8.372365961e-04,-2.114849422e+00,7.435138047e-02,-7.435138047e-02
1.626800000e-02,-6.988668279e-01,8.834933937e-04,-2.259200511e+00,6.997503213e-02,-6.997503213e-02
1.627000000e-02,-6.522624646e-01,9.262172850e-04,-2.394517526e+00,6.531886819e-02,-6.531886819e-02
1.627200000e-02,-6.030498394e-01,9.652374261e-04,-2.520259363e+00,6.040150768e-02,-6.040150768e-02
1.627400000e-02,-5.514257433e-01,1.000397783e-03,-2.635923208e+00,5.524261411e-02,-5.524261411e-02
1.627600000e-02,-4.975966103e-01,1.031557758e-03,-2.741046544e+00,4.986281681e-02,-4.986281681e-02
1.627800000e-02,-4.417776921e-01,1.058592748e-03,-2.835209005e+00,4.428362848e-02,-4.428362848e-02
1.628000000e-02,-3.841921967e-01,1.081394645e-03,-2.918034055e+00,3.852735913e-02,-3.852735913e-02
1.628200000e-02,-3.250703966e-01,1.099872271e-03,-2.989190494e+00,3.261702689e-02,-3.261702689e-02
1.628400000e-02,-2.646487076e-01,1.113951735e-03,-3.048393782e+00,2.657626594e-02,-2.657626594e-02
1.628600000e-02,-2.031687435e-01,1.123576739e-03,-3.095407177e+00,2.042923203e-02,-2.042923202e-02
1.628800000e-02,-1.408763499e-01,1.128708793e-03,-3.130042682e+00,1.420050586e-02,-1.420050586e-02
1.629000000e-02,-7.802062098e-02,1.129327375e-03,-3.152161798e+00,7.914994836e-03,-7.914994835e-03
1.629200000e-02,-1.485290387e-02,1.125430012e-03,-3.161676075e+00,1.597833388e-03,-1.597833388e-03
1.629400000e-02,4.837420691e-02,1.117032288e-03,-3.158547466e+00,-4.725717463e-03,4.725717463e-03
1.629600000e-02,1.114078793e-01,1.104167785e-03,-3.142788484e+00,-1.103037115e-02,1.103037115e-02
1.629800000e-02,1.739960548e-01,1.086887944e-03,-3.114462143e+00,-1.729091668e-02,1.729091668e-02
1.630000000e-02,2.358884562e-01,1.065261865e-03,-3.073681717e+00,-2.348231943e-02,2.348231943e-02
1.630200000e-02,2.968375887e-01,1.039376024e-03,-3.020610277e+00,-2.957982127e-02,2.957982127e-02
1.630400000e-02,3.565997295e-01,1.009333936e-03,-2.955460044e+00,-3.555903956e-02,3.555903956e-02
1.630600000e-02,4.149359021e-01,9.752557306e-04,-2.878491541e+00,-4.139606464e-02,4.139606464e-02
1.630800000e-02,4.716128324e-01,9.372776807e-04,-2.790012550e+00,-4.706755547e-02,4.706755547e-02
1.631000000e-02,5.264038811e-01,8.955516522e-04,-2.690376878e+00,-5.255083294e-02,5.255083294e-02
1.631200000e-02,5.790899501e-01,8.502444990e-04,-2.579982949e+00,-5.782397056e-02,5.782397056e-02
1.631400000e-02,6.294603588e-01,8.015373948e-04,-2.459272205e+00,-6.286588214e-02,6.286588214e-02
1.631600000e-02,6.773136865e-01,7.496251094e-04,-2.328727343e+00,-6.765640614e-02,6.765640614e-02
1.631800000e-02,7.224585777e-01,6.947152291e-04,-2.188870385e+00,-7.217638625e-02,7.217638625e-02
1.632000000e-02,7.647145073e-01,6.370273270e-04,-2.040260589e+00,-7.640774799e-02,7.640774799e-02
1.632200000e-02,8.039125026e-01,5.767920852e-04,-1.883492215e+00,-8.033357105e-02,8.033357105e-02
1.632400000e-02,8.398958190e-01,5.142503718e-04,-1.719192148e+00,-8.393815687e-02,8.393815686e-02
1.632600000e-02,8.725205668e-01,4.496522781e-04,-1.548017389e+00,-8.720709145e-02,8.720709145e-02
1.632800000e-02,9.016562863e-01,3.832561185e-04,-1.370652431e+00,-9.012730301e-02,9.012730301e-02
1.633000000e-02,9.271864698e-01,3.153273974e-04,-1.187806518e+00,-9.268711424e-02,9.268711424e-02
1.633200000e-02,9.490090275e-01,2.461377476e-04,-1.000210815e+00,-9.487628898e-02,9.487628898e-02
1.633400000e-02,9.670366955e-01,1.759638441e-04,-8.086154761e-01,-9.668607317e-02,9.668607317e-02
1.633600000e-02,9.811973849e-01,1.050862979e-04,-6.137866523e-01,-9.810922986e-02,9.810922986e-02
1.633800000e-02,9.914344700e-01,3.378853337e-05,-4.165034234e-01,-9.914006815e-02,9.914006815e-02
1.634000000e-02,9.977070150e-01,-3.764434446e-05,-2.175546839e-01,-9.977446593e-02,9.977446593e-02
1.634200000e-02,9.999899370e-01,-1.089266904e-04,-1.773598847e-02,-1.000098864e-01,1.000098864e-01
1.634400000e-02,9.982741074e-01,-1.797734611e-04,1.821536295e-01,-9.984538808e-02,9.984538808e-02
1.634600000e-02,9.925663872e-01,-2.499013552e-04,3.813148529e-01,-9.928162885e-02,9.928162885e-02
1.634800000e-02,9.828896005e-01,-3.190299457e-04,5.789512776e-01,-9.832086304e-02,9.832086304e-02
1.635000000e-02,9.692824427e-01,-3.868828018e-04,7.742725966e-01,-9.696693255e-02,9.696693255e-02
1.635200000e-02,9.517993260e-01,-4.531885941e-04,9.664977605e-01,-9.522525146e-02,9.522525146e-02
1.635400000e-02,9.305101618e-01,-5.176821794e-04,1.154858101e+00,-9.310278440e-02,9.310278440e-02
1.635600000e-02,9.055000810e-01,-5.801056614e-04,1.338600404e+00,-9.060801867e-02,9.060801867e-02
1.635800000e-02,8.768690937e-01,-6.402094215e-04,1.516989922e+00,-8.775093032e-02,8.775093032e-02
1.636000000e-02,8.447316893e-01,-6.977531173e-04,1.689313314e+00,-8.454294425e-02,8.454294425e-02
1.636200000e-02,8.092163786e-01,-7.525066435e-04,1.854881492e+00,-8.099688853e-02,8.099688853e-02
1.636400000e-02,7.704651799e-01,-8.042510522e-04,2.013032386e+00,-7.712694310e-02,7.712694310e-02
1.636600000e-02,7.286330512e-01,-8.527794282e-04,2.163133581e+00,-7.294858307e-02,7.294858307e-02
1.636800000e-02,6.838872705e-01,-8.978977166e-04,2.304584856e+00,-6.847851683e-02,6.847851682e-02
1.637000000e-02,6.364067669e-01,-9.394254989e-04,2.436820575e+00,-6.373461924e-02,6.373461924e-02
1.637200000e-02,5.863814049e-01,-9.771967139e-04,2.559311955e+00,-5.873586016e-02,5.873586016e-02
1.637400000e-02,5.340112257e-01,-1.011060323e-03,2.671569179e+00,-5.350222860e-02,5.350222860e-02
1.637600000e-02,4.795056467e-01,-1.040880911e-03,2.773143354e+00,-4.805465276e-02,4.805465276e-02
1.637800000e-02,4.230826243e-01,-1.066539234e-03,2.863628305e+00,-4.241491635e-02,4.241491635e-02
1.638000000e-02,3.649677825e-01,-1.087932688e-03,2.942662202e+00,-3.660557152e-02,3.660557152e-02
1.638200000e-02,3.053935105e-01,-1.104975725e-03,3.009929005e+00,-3.064984862e-02,3.064984862e-02
1.638400000e-02,2.445980333e-01,-1.117600194e-03,3.065159728e+00,-2.457156335e-02,2.457156335e-02
1.638600000e-02,1.828244595e-01,-1.125755613e-03,3.108133515e+00,-1.839502151e-02,1.839502151e-02
1.638800000e-02,1.203198087e-01,-1.129409369e-03,3.138678523e+00,-1.214492180e-02,1.214492180e-02
1.639000000e-02,5.733402396e-02,-1.128546852e-03,3.156672608e+00,-5.846257082e-03,5.846257082e-03
1.639200000e-02,-5.881027574e-03,-1.123171511e-03,3.162043815e+00,4.757856063e-04,-4.757856063e-04
1.639400000e-02,-6.907256210e-02,-1.113304840e-03,3.154770668e+00,6.795925727e-03,-6.795925726e-03
1.639600000e-02,-1.319878898e-01,-1.098986295e-03,3.134882248e+00,1.308889035e-02,-1.308889035e-02
1.639800000e-02,-1.943754254e-01,-1.080273133e-03,3.102458087e+00,1.932951523e-02,-1.932951523e-02
1.640000000e-02,-2.559856941e-01,-1.057240182e-03,3.057627840e+00,2.549284540e-02,-2.549284540e-02
1.640200000e-02,-3.165723293e-01,-1.029979549e-03,3.000570777e+00,3.155423498e-02,-3.155423498e-02
1.640400000e-02,-3.758930576e-01,-9.986002409e-04,2.931515054e+00,3.748944573e-02,-3.748944573e-02
1.640600000e-02,-4.337106677e-01,-9.632277386e-04,2.850736813e+00,4.327474399e-02,-4.327474399e-02
1.640800000e-02,-4.897939590e-01,-9.240034888e-04,2.758559068e+00,4.888699556e-02,-4.888699556e-02
1.641000000e-02,-5.439186662e-01,-8.810843413e-04,2.655350419e+00,5.430375819e-02,-5.430375819e-02
1.641200000e-02,-5.958683558e-01,-8.346419208e-04,2.541523577e+00,5.950337139e-02,-5.950337139e-02
1.641400000e-02,-6.454352918e-01,-7.848619408e-04,2.417533710e+00,6.446504299e-02,-6.446504299e-02
1.641600000e-02,-6.924212663e-01,-7.319434612e-04,2.283876628e+00,6.916893228e-02,-6.916893228e-02
1.641800000e-02,-7.366383922e-01,-6.760980920e-04,2.141086800e+00,7.359622941e-02,-7.359622941e-02
1.642000000e-02,-7.779098543e-01,-6.175491471e-04,1.989735210e+00,7.772923052e-02,-7.772923052e-02
1.642200000e-02,-8.160706168e-01,-5.565307516e-04,1.830427083e+00,8.155140860e-02,-8.155140860e-02
1.642400000e-02,-8.509680826e-01,-4.932869054e-04,1.663799459e+00,8.504747957e-02,-8.504747957e-02
1.642600000e-02,-8.824627040e-01,-4.280705075e-04,1.490518647e+00,8.820346335e-02,-8.820346335e-02
1.642800000e-02,-9.104285407e-01,-3.611423446e-04,1.311277560e+00,9.100673983e-02,-9.100673983e-02
1.643000000e-02,-9.347537629e-01,-2.927700486e-04,1.126792948e+00,9.344609929e-02,-9.344609929e-02
1.643200000e-02,-9.553410993e-01,-2.232270261e-04,9.378025251e-01,9.551178723e-02,-9.551178723e-02
1.643400000e-02,-9.721082254e-01,-1.527913651e-04,7.450620249e-01,9.719554340e-02,-9.719554340e-02
1.643600000e-02,-9.849880929e-01,-8.174472328e-05,5.493421766e-01,9.849063481e-02,-9.849063481e-02
1.643800000e-02,-9.939291978e-01,-1.037120129e-05,3.514256232e-01,9.939188266e-02,-9.939188266e-02
1.644000000e-02,-9.988957866e-01,6.104379298e-05,1.521037918e-01,9.989568305e-02,-9.989568304e-02
1.644200000e-02,-9.998679990e-01,1.322146858e-04,-4.782627096e-02,1.000000214e-01,-1.000000214e-01
1.644400000e-02,-9.968419472e-01,2.028568796e-04,-2.475650864e-01,9.970448041e-02,-9.970448041e-02
1.644600000e-02,-9.898297318e-01,2.726878910e-04,-4.463139406e-01,9.901024197e-02,-9.901024197e-02
1.644800000e-02,-9.788593932e-01,3.414284801e-04,-6.432780782e-01,9.792008216e-02,-9.792008216e-02
1.645000000e-02,-9.639747994e-01,4.088037679e-04,-8.376698806e-01,9.643836032e-02,-9.643836032e-02
1.645200000e-02,-9.452354710e-01,4.745443343e-04,-1.028712015e+00,9.457100153e-02,-9.457100153e-02
1.645400000e-02,-9.227163425e-01,5.383872967e-04,-1.215640545e+00,9.232547298e-02,-9.232547298e-02
1.645600000e-02,-8.965074633e-01,6.000773603e-04,-1.397707980e+00,8.971075406e-02,-8.971075406e-02
1.645800000e-02,-8.667136372e-01,6.593678393e-04,-1.574186272e+00,8.673730050e-02,-8.673730050e-02
1.646000000e-02,-8.334540035e-01,7.160216435e-04,-1.744369721e+00,8.341700252e-02,-8.341700252e-02
1.646200000e-02,-7.968615607e-01,7.698122260e-04,-1.907577798e+00,7.976313729e-02,-7.976313729e-02
1.646400000e-02,-7.570826342e-01,8.205244896e-04,-2.063157868e+00,7.579031587e-02,-7.579031587e-02
1.646600000e-02,-7.142762917e-01,8.679556465e-04,-2.210487799e+00,7.151442474e-02,-7.151442473e-02
1.646800000e-02,-6.686137069e-01,9.119160291e-04,-2.348978449e+00,6.695256229e-02,-6.695256229e-02
1.647000000e-02,-6.202774750e-01,9.522298494e-04,-2.478076023e+00,6.212297048e-02,-6.212297048e-02
1.647200000e-02,-5.694608824e-01,9.887359005e-04,-2.597264286e+00,5.704496183e-02,-5.704496183e-02
1.647400000e-02,-5.163671343e-01,1.021288202e-03,-2.706066630e+00,5.173884225e-02,-5.173884225e-02
1.647600000e-02,-4.612085414e-01,1.049756585e-03,-2.804047976e+00,4.622582979e-02,-4.622582979e-02
1.647800000e-02,-4.042056714e-01,1.074027210e-03,-2.890816517e+00,4.052796986e-02,-4.052796986e-02
1.648000000e-02,-3.455864670e-01,1.094003023e-03,-2.966025285e+00,3.466804701e-02,-3.466804701e-02
1.648200000e-02,-2.855853343e-01,1.109604145e-03,-3.029373534e+00,2.866949384e-02,-2.866949384e-02
1.648400000e-02,-2.244422052e-01,1.120768192e-03,-3.080607949e+00,2.255629734e-02,-2.255629734e-02
1.648600000e-02,-1.624015784e-01,1.127450519e-03,-3.119523653e+00,1.635290289e-02,-1.635290289e-02
1.648800000e-02,-9.971154144e-02,1.129624407e-03,-3.145965031e+00,1.008411658e-02,-1.008411658e-02
1.649000000e-02,-3.662277879e-02,1.127281161e-03,-3.159826349e+00,3.775005995e-03,-3.775005995e-03
1.649200000e-02,2.661243074e-02,1.120430153e-03,-3.161052179e+00,-2.549200058e-03,2.549200058e-03
1.649400000e-02,8.974122268e-02,1.109098777e-03,-3.149637618e+00,-8.863212391e-03,8.863212391e-03
1.649600000e-02,1.525111581e-01,1.093332346e-03,-3.125628312e+00,-1.514178258e-02,1.514178258e-02
1.649800000e-02,2.146712332e-01,1.073193907e-03,-3.089120269e+00,-2.135980393e-02,2.135980393e-02
1.650000000e-02,2.759728827e-01,1.048763988e-03,-3.040259476e+00,-2.749241187e-02,2.749241187e-02
1.650200000e-02,3.361709740e-01,1.020140280e-03,-2.979241318e+00,-3.351508337e-02,3.351508337e-02
1.650400000e-02,3.950247875e-01,9.874372433e-04,-2.906309793e+00,-3.940373502e-02,3.940373502e-02
1.650600000e-02,4.522989790e-01,9.507856505e-04,-2.821756540e+00,-4.513481934e-02,4.513481934e-02
1.650800000e-02,5.077645210e-01,9.103320636e-04,-2.725919670e+00,-5.068541890e-02,5.068541889e-02
1.651000000e-02,5.611996183e-01,8.662382482e-04,-2.619182413e+00,-5.603333801e-02,5.603333801e-02
1.651200000e-02,6.123905951e-01,8.186805263e-04,-2.501971591e+00,-6.115719145e-02,6.115719145e-02
1.651400000e-02,6.611327492e-01,7.678490712e-04,-2.374755906e+00,-6.603649001e-02,6.603649001e-02
1.651600000e-02,7.072311710e-01,7.139471473e-04,-2.238044065e+00,-7.065172238e-02,7.065172238e-02
1.651800000e-02,7.505015224e-01,6.571902973e-04,-2.092382751e+00,-7.498443321e-02,7.498443321e-02
1.652000000e-02,7.907707744e-01,5.978054800e-04,-1.938354434e+00,-7.901729689e-02,7.901729689e-02
1.652200000e-02,8.278778985e-01,5.360301629e-04,-1.776575041e+00,-8.273418683e-02,8.273418683e-02
1.652400000e-02,8.616745111e-01,4.721113727e-04,-1.607691494e+00,-8.612023997e-02,8.612023997e-02
1.652600000e-02,8.920254665e-01,4.063047073e-04,-1.432379123e+00,-8.916191618e-02,8.916191618e-02
1.652800000e-02,9.188093977e-01,3.388733139e-04,-1.251338966e+00,-9.184705244e-02,9.184705244e-02
1.653000000e-02,9.419192012e-01,2.700868366e-04,-1.065294964e+00,-9.416491143e-02,9.416491143e-02
1.653200000e-02,9.612624657e-01,2.002203383e-04,-8.749910699e-01,-9.610622453e-02,9.610622453e-02
1.653400000e-02,9.767618415e-01,1.295532004e-04,-6.811882681e-01,-9.766322883e-02,9.766322883e-02
1.653600000e-02,9.883553499e-01,5.836800626e-05,-4.846615362e-01,-9.882969819e-02,9.882969819e-02
1.653800000e-02,9.959966309e-01,-1.305058941e-05,-2.861967435e-01,-9.960096815e-02,9.960096815e-02
1.654000000e-02,9.996551285e-01,-8.441699850e-05,-8.658750965e-02,-9.997395455e-02,9.997395455e-02
1.654200000e-02,9.993162131e-01,-1.554458416e-04,1.133679697e-01,-9.994716590e-02,9.994716590e-02
1.654400000e-02,9.949812401e-01,-2.258530890e-04,3.128701141e-01,-9.952070932e-02,9.952070932e-02
1.654600000e-02,9.866675441e-01,-2.953571970e-04,5.111211559e-01,-9.869629013e-02,9.869629013e-02
1.654800000e-02,9.744083697e-01,-3.636802330e-04,7.073283306e-01,-9.747720500e-02,9.747720500e-02
1.655000000e-02,9.582527390e-01,-4.305489873e-04,9.007070464e-01,-9.586832880e-02,9.586832880e-02
1.655200000e-02,9.382652549e-01,-4.956960658e-04,1.090484022e+00,-9.387609510e-02,9.387609510e-02
1.655400000e-02,9.145258432e-01,-5.588609589e-04,1.275900379e+00,-9.150847042e-02,9.150847042e-02
1.655600000e-02,8.871294329e-01,-6.197910831e-04,1.456214676e+00,-8.877492240e-02,8.877492240e-02
1.655800000e-02,8.561855765e-01,-6.782427918e-04,1.630705873e+00,-8.568638193e-02,8.568638192e-02
1.656000000e-02,8.218180120e-01,-7.339823487e-04,1.798676216e+00,-8.225519944e-02,8.225519944e-02
1.656200000e-02,7.841641683e-01,-7.867868627e-04,1.959454028e+00,-7.849509551e-02,7.849509551e-02
1.656400000e-02,7.433746151e-01,-8.364451798e-04,2.112396390e+00,-7.442110603e-02,7.442110603e-02
1.656600000e-02,6.996124615e-01,-8.827587266e-04,2.256891718e+00,-7.004952203e-02,7.004952203e-02
1.656800000e-02,6.530527032e-01,-9.255423049e-04,2.392362206e+00,-6.539782455e-02,6.539782455e-02
1.657000000e-02,6.038815230e-01,-9.646248319e-04,2.518266136e+00,-6.048461478e-02,6.048461478e-02
1.657200000e-02,5.522955461e-01,-9.998500250e-04,2.634100042e+00,-5.532953961e-02,5.532953961e-02
1.657400000e-02,4.985010543e-01,-1.031077026e-03,2.739400731e+00,-4.995321313e-02,4.995321313e-02
1.657600000e-02,4.427131604e-01,-1.058180964e-03,2.833747125e+00,-4.437713413e-02,4.437713413e-02
1.657800000e-02,3.851549486e-01,-1.081053456e-03,2.916761955e+00,-3.862360021e-02,3.862360021e-02
1.658000000e-02,3.260565824e-01,-1.099603041e-03,2.988113260e+00,-3.271561854e-02,3.271561854e-02
1.658200000e-02,2.656543837e-01,-1.113755542e-03,3.047515722e+00,-2.667681392e-02,2.667681392e-02
1.658400000e-02,2.041898883e-01,-1.123454366e-03,3.094731802e+00,-2.053133427e-02,2.053133427e-02
1.658600000e-02,1.419088801e-01,-1.128660730e-03,3.129572693e+00,-1.430375408e-02,1.430375408e-02
1.658800000e-02,7.906040776e-02,-1.129353814e-03,3.151899074e+00,-8.018976158e-03,8.018976158e-03
1.659000000e-02,1.589578931e-02,-1.125530847e-03,3.161621667e+00,-1.702132016e-03,1.702132016e-03
1.659200000e-02,-4.733239309e-02,-1.117207117e-03,3.158701591e+00,4.621518598e-03,-4.621518597e-03
1.659400000e-02,-1.103713031e-01,-1.104415908e-03,3.143150526e+00,1.092668872e-02,-1.092668872e-02
1.659600000e-02,-1.729688612e-01,-1.087208369e-03,3.115030655e+00,1.718816529e-02,-1.718816529e-02
1.659800000e-02,-2.348747529e-01,-1.065653310e-03,3.074454424e+00,2.338090996e-02,-2.338090995e-02
1.660000000e-02,-2.958414292e-01,-1.039836925e-03,3.021584090e+00,2.948015923e-02,-2.948015923e-02
1.660200000e-02,-3.556250972e-01,-1.009862448e-03,2.956631069e+00,3.546152348e-02,-3.546152348e-02
1.660400000e-02,-4.139866944e-01,-9.758497419e-04,2.879855096e+00,4.130108447e-02,-4.130108447e-02
1.660600000e-02,-4.706928449e-01,-9.379348154e-04,2.791563181e+00,4.697549101e-02,-4.697549101e-02
1.660800000e-02,-5.255167927e-01,-8.962692826e-04,2.692108386e+00,5.246205234e-02,-5.246205234e-02
1.661000000e-02,-5.782393081e-01,-8.510197554e-04,2.581888409e+00,5.773882883e-02,-5.773882883e-02
1.661200000e-02,-6.286495648e-01,-8.023671772e-04,2.461343997e+00,6.278471976e-02,-6.278471976e-02
1.661400000e-02,-6.765459826e-01,-7.505060996e-04,2.330957183e+00,6.757954765e-02,-6.757954765e-02
1.661600000e-02,-7.217370338e-01,-6.956439041e-04,2.191249356e+00,7.210413899e-02,-7.210413899e-02
1.661800000e-02,-7.640420087e-01,-6.379999735e-04,2.042779178e+00,7.634040087e-02,-7.634040087e-02
1.662000000e-02,-8.032917385e-01,-5.778048136e-04,1.886140352e+00,8.027139337e-02,-8.027139337e-02
1.662200000e-02,-8.393292717e-01,-5.152991325e-04,1.721959242e+00,8.388139726e-02,-8.388139726e-02
1.662400000e-02,-8.720105018e-01,-4.507328772e-04,1.550892376e+00,8.715597689e-02,-8.715597689e-02
1.662600000e-02,-9.012047432e-01,-3.843642350e-04,1.373623813e+00,9.008203790e-02,-9.008203790e-02
1.662800000e-02,-9.267952543e-01,-3.164586001e-04,1.190862415e+00,9.264787957e-02,-9.264787957e-02
1.663000000e-02,-9.486797040e-01,-2.472875131e-04,1.003339005e+00,9.484324165e-02,-9.484324165e-02
1.663200000e-02,-9.667705809e-01,-1.771275748e-04,8.118034520e-01,9.665934533e-02,-9.665934533e-02
1.663400000e-02,-9.809955433e-01,-1.062593402e-04,6.170216654e-01,9.808892839e-02,-9.808892839e-02
1.663600000e-02,-9.912977085e-01,-3.496619657e-05,4.197725375e-01,9.912627423e-02,-9.912627423e-02
1.663800000e-02,-9.976358805e-01,3.646676961e-05,2.208448266e-01,9.976723472e-02,-9.976723472e-02
1.664000000e-02,-9.999847140e-01,1.077539128e-04,2.103400311e-02,1.000092468e-01,-1.000092468e-01
1.664200000e-02,-9.983348167e-01,1.786101704e-04,-1.788609310e-01,9.985134268e-02,-9.985134268e-02
1.664400000e-02,-9.926927860e-01,2.487522032e-04,-3.780406374e-01,9.929415383e-02,-9.929415383e-02
1.664600000e-02,-9.830811835e-01,3.178995276e-04,-5.757086379e-01,9.833990830e-02,-9.833990830e-02
1.664800000e-02,-9.695384437e-01,3.857756380e-04,-7.710744993e-01,9.699242194e-02,-9.699242193e-02
1.665000000e-02,-9.521187214e-01,4.521091118e-04,-9.633569942e-01,9.525708305e-02,-9.525708305e-02
1.665200000e-02,-9.308916743e-01,5.166346953e-04,-1.151787225e+00,9.314083090e-02,-9.314083090e-02
1.665400000e-02,-9.059421851e-01,5.790943641e-04,-1.335611698e+00,9.065212795e-02,-9.065212794e-02
1.665600000e-02,-8.773700215e-01,6.392383550e-04,-1.514095338e+00,8.780092598e-02,-8.780092598e-02
1.665800000e-02,-8.452894377e-01,6.968261647e-04,-1.686524425e+00,8.459862638e-02,-8.459862638e-02
1.666000000e-02,-8.098287172e-01,7.516275115e-04,-1.852209452e+00,8.105803447e-02,-8.105803447e-02
1.666200000e-02,-7.711296601e-01,8.034232562e-04,-2.010487879e+00,7.719330834e-02,-7.719330834e-02
1.666400000e-02,-7.293470160e-01,8.520062784e-04,-2.160726783e+00,7.301990222e-02,-7.301990222e-02
1.666600000e-02,-6.846478648e-01,8.971823048e-04,-2.302325390e+00,6.855450471e-02,-6.855450471e-02
1.666800000e-02,-6.372109492e-01,9.387706857e-04,-2.434717476e+00,6.381497199e-02,-6.381497199e-02
1.667000000e-02,-5.872259595e-01,9.766051178e-04,-2.557373634e+00,5.882025646e-02,-5.882025646e-02
1.667200000e-02,-5.348927754e-01,1.010534309e-03,-2.669803386e+00,5.359033097e-02,-5.359033097e-02
1.667400000e-02,-4.804206664e-01,1.040422584e-03,-2.771557151e+00,4.814610889e-02,-4.814610889e-02
1.667600000e-02,-4.240274550e-01,1.066150426e-03,-2.862228034e+00,4.250936054e-02,-4.250936054e-02
1.667800000e-02,-3.659386460e-01,1.087614953e-03,-2.941453463e+00,3.670262610e-02,-3.670262609e-02
1.668000000e-02,-3.063865245e-01,1.104730335e-03,-3.008916631e+00,3.074912548e-02,-3.074912548e-02
1.668200000e-02,-2.456092270e-01,1.117428130e-03,-3.064347768e+00,2.467266551e-02,-2.467266551e-02
1.668400000e-02,-1.838497893e-01,1.125657562e-03,-3.107525215e+00,1.849754469e-02,-1.849754469e-02
1.668600000e-02,-1.213551745e-01,1.129385724e-03,-3.138276316e+00,1.224845603e-02,-1.224845603e-02
1.668800000e-02,-5.837528566e-02,1.128597707e-03,-3.156478102e+00,5.950388337e-03,-5.950388337e-03
1.669000000e-02,4.838033833e-03,1.123296663e-03,-3.162057788e+00,-3.714737170e-04,3.714737170e-04
1.669200000e-02,6.803200704e-02,1.113503789e-03,-3.154993064e+00,-6.691850325e-03,6.691850325e-03
1.669400000e-02,1.309539344e-01,1.099258245e-03,-3.135312178e+00,-1.298546762e-02,1.298546761e-02
1.669600000e-02,1.933522042e-01,1.080616995e-03,-3.103093831e+00,-1.922715872e-02,1.922715872e-02
1.669800000e-02,2.549772988e-01,1.057654584e-03,-3.058466857e+00,-2.539196442e-02,2.539196442e-02
1.670000000e-02,3.155827922e-01,1.030462831e-03,-3.001609711e+00,-3.145523293e-02,3.145523293e-02
1.670200000e-02,3.749263356e-01,9.991504721e-04,-2.932749751e+00,-3.739271851e-02,3.739271851e-02
1.670400000e-02,4.327706266e-01,9.638427182e-04,-2.852162336e+00,-4.318067839e-02,4.318067839e-02
1.670600000e-02,4.888843579e-01,9.246807578e-04,-2.760169716e+00,-4.879596771e-02,4.879596771e-02
1.670800000e-02,5.430431423e-01,8.818211913e-04,-2.657139752e+00,-5.421613211e-02,5.421613211e-02
1.671000000e-02,5.950304102e-01,8.354354052e-04,-2.543484438e+00,-5.941949748e-02,5.941949748e-02
1.671200000e-02,6.446382752e-01,7.857088869e-04,-2.419658260e+00,-6.438525663e-02,6.438525663e-02
1.671400000e-02,6.916683658e-01,7.328404821e-04,-2.286156371e+00,-6.909355253e-02,6.909355253e-02
1.671600000e-02,7.359326185e-01,6.770416006e-04,-2.143512619e+00,-7.352555769e-02,7.352555769e-02
1.671800000e-02,7.772540297e-01,6.185353705e-04,-1.992297405e+00,-7.766354944e-02,7.766354944e-02
1.672000000e-02,8.154673638e-01,5.575557463e-04,-1.833115408e+00,-8.149098080e-02,8.149098080e-02
1.672200000e-02,8.504198134e-01,4.943465725e-04,-1.666603165e+00,-8.499254669e-02,8.499254669e-02
1.672400000e-02,8.819716112e-01,4.291606096e-04,-1.493426521e+00,-8.815424506e-02,8.815424506e-02
1.672600000e-02,9.099965879e-01,3.622585227e-04,-1.314277976e+00,-9.096343294e-02,9.096343293e-02
1.672800000e-02,9.343826775e-01,2.939078393e-04,-1.129873907e+00,-9.340887697e-02,9.340887696e-02
1.673000000e-02,9.550323651e-01,2.243818796e-04,-9.409517064e-01,-9.548079833e-02,9.548079832e-02
1.673200000e-02,9.718630770e-01,1.539586635e-04,-7.482668361e-01,-9.717091183e-02,9.717091183e-02
1.673400000e-02,9.848075106e-01,8.291979862e-05,-5.525898022e-01,-9.847245908e-02,9.847245908e-02
1.673600000e-02,9.938139037e-01,1.154935476e-05,-3.547030767e-01,-9.938023544e-02,9.938023544e-02
1.673800000e-02,9.988462418e-01,-5.986727257e-05,-1.553979674e-01,-9.989061091e-02,9.989061091e-02
1.674000000e-02,9.998844015e-01,-1.310445031e-04,4.452854605e-02,-1.000015446e-01,1.000015446e-01
1.674200000e-02,9.969242315e-01,-2.016977140e-04,2.442769991e-01,-9.971259292e-02,9.971259292e-02
1.674400000e-02,9.899775688e-01,-2.715443776e-04,4.430486393e-01,-9.902491132e-02,9.902491132e-02
1.674600000e-02,9.790721918e-01,-3.403051918e-04,6.400486201e-01,-9.794124970e-02,9.794124970e-02
1.674800000e-02,9.642517087e-01,-4.077051963e-04,8.344891796e-01,-9.646594139e-02,9.646594139e-02
1.675000000e-02,9.455753836e-01,-4.734748725e-04,1.025592790e+00,-9.460488584e-02,9.460488584e-02
1.675200000e-02,9.231178992e-01,-5.373512211e-04,1.212595269e+00,-9.236552504e-02,9.236552504e-02
1.675400000e-02,8.969690583e-01,-5.990788140e-04,1.394748831e+00,-8.975681371e-02,8.975681371e-02
1.675600000e-02,8.672334247e-01,-6.584108154e-04,1.571325083e+00,-8.678918355e-02,8.678918355e-02
1.675800000e-02,8.340299051e-01,-7.151099688e-04,1.741617933e+00,-8.347450150e-02,8.347450150e-02
1.676000000e-02,7.974912733e-01,-7.689495462e-04,1.904946415e+00,-7.982602229e-02,7.982602229e-02
1.676200000e-02,7.577636398e-01,-8.197142544e-04,2.060657412e+00,-7.585833541e-02,7.585833541e-02
1.676400000e-02,7.150058672e-01,-8.672010956e-04,2.208128269e+00,-7.158730683e-02,7.158730683e-02
1.676600000e-02,6.693889348e-01,-9.112201801e-04,2.346769281e+00,-6.703001549e-02,6.703001549e-02
1.676800000e-02,6.210952552e-01,-9.515954847e-04,2.476026050e+00,-6.220468507e-02,6.220468507e-02
1.677000000e-02,5.703179450e-01,-9.881655569e-04,2.595381706e+00,-5.713061105e-02,5.713061105e-02
1.677200000e-02,5.172600519e-01,-1.020784160e-03,2.704358970e+00,-5.182808360e-02,5.182808360e-02
1.677400000e-02,4.621337434e-01,-1.049320861e-03,2.802522065e+00,-4.631830643e-02,4.631830643e-02
1.677600000e-02,4.051594582e-01,-1.073661545e-03,2.889478458e+00,-4.062331198e-02,4.062331198e-02
1.677800000e-02,3.465650247e-01,-1.093708880e-03,2.964880427e+00,-3.476587335e-02,3.476587335e-02
1.678000000e-02,2.865847496e-01,-1.109382700e-03,3.028426456e+00,-2.876941323e-02,2.876941323e-02
1.678200000e-02,2.254584818e-01,-1.120620330e-03,3.079862437e+00,-2.265791021e-02,2.265791021e-02
1.678400000e-02,1.634306524e-01,-1.127376833e-03,3.118982690e+00,-1.645580292e-02,1.645580292e-02
1.678600000e-02,1.007492978e-01,-1.129625190e-03,3.145630779e+00,-1.018789230e-02,1.018789230e-02
1.678800000e-02,3.766506776e-02,-1.127356411e-03,3.159700145e+00,-3.879242417e-03,3.879242417e-03
1.679000000e-02,-2.556977709e-02,-1.120579568e-03,3.161134527e+00,2.444919752e-03,-2.444919752e-03
1.679200000e-02,-8.870237371e-02,-1.109321760e-03,3.149928190e+00,8.759305195e-03,-8.759305195e-03
1.679400000e-02,-1.514802680e-01,-1.093628005e-03,3.126125946e+00,1.503866400e-02,-1.503866400e-02
1.679600000e-02,-2.136524242e-01,-1.073561060e-03,3.089822973e+00,2.125788631e-02,-2.125788631e-02
1.679800000e-02,-2.749702288e-01,-1.049201167e-03,3.041164442e+00,2.739210276e-02,-2.739210276e-02
1.680000000e-02,-3.351884846e-01,-1.020645737e-03,2.980344926e+00,3.341678389e-02,-3.341678389e-02
1.680200000e-02,-3.940663914e-01,-9.880089566e-04,2.907607631e+00,3.930783825e-02,-3.930783825e-02
1.680400000e-02,-4.513685087e-01,-9.514213341e-04,2.823243418e+00,4.504170874e-02,-4.504170874e-02
1.680600000e-02,-5.068656972e-01,-9.110291757e-04,2.727589642e+00,5.059546680e-02,-5.059546680e-02
1.680800000e-02,-5.603360352e-01,-8.669940010e-04,2.621028802e+00,5.594690412e-02,-5.594690412e-02
1.681000000e-02,-6.115657059e-01,-8.194918977e-04,2.503987013e+00,6.107462141e-02,-6.107462140e-02
1.681200000e-02,-6.603498526e-01,-7.687128167e-04,2.376932300e+00,6.595811398e-02,-6.595811398e-02
1.681400000e-02,-7.064933976e-01,-7.148598131e-04,2.240372730e+00,7.057785378e-02,-7.057785378e-02
1.681600000e-02,-7.498118225e-01,-6.581482337e-04,2.094854376e+00,7.491536742e-02,-7.491536742e-02
1.681800000e-02,-7.901319058e-01,-5.988048564e-04,1.940959134e+00,7.895331009e-02,-7.895331009e-02
1.682000000e-02,-8.272924159e-01,-5.370669832e-04,1.779302400e+00,8.267553490e-02,-8.267553490e-02
1.682200000e-02,-8.611447558e-01,-4.731814907e-04,1.610530607e+00,8.606715743e-02,-8.606715743e-02
1.682400000e-02,-8.915535569e-01,-4.074038439e-04,1.435318636e+00,8.911461531e-02,-8.911461531e-02
1.682600000e-02,-9.183972208e-01,-3.399970738e-04,1.254367125e+00,9.180572238e-02,-9.180572238e-02
1.682800000e-02,-9.415684053e-01,-2.712307262e-04,1.068399661e+00,9.412971745e-02,-9.412971745e-02
1.683000000e-02,-9.609744535e-01,-2.013797833e-04,8.781598881e-01,9.607730737e-02,-9.607730737e-02
1.683200000e-02,-9.765377647e-01,-1.307235645e-04,6.844085368e-01,9.764070412e-02,-9.764070412e-02
1.683400000e-02,-9.881961046e-01,-5.954460943e-05,4.879203782e-01,9.881365600e-02,-9.881365600e-02
1.683600000e-02,-9.959028538e-01,1.187245217e-05,2.894811275e-01,9.959147262e-02,-9.959147262e-02
1.683800000e-02,-9.996271946e-01,8.324203832e-05,8.988430198e-02,9.997104366e-02,-9.997104366e-02
1.684000000e-02,-9.993542342e-01,1.542787569e-04,-1.100719522e-01,9.995085130e-02,-9.995085129e-02
1.684200000e-02,-9.950850641e-01,2.246985468e-04,-3.095880515e-01,9.953097626e-02,-9.953097626e-02
1.684400000e-02,-9.868367557e-01,2.942198139e-04,-5.078661726e-01,9.871309756e-02,-9.871309755e-02
1.684600000e-02,-9.746422925e-01,3.625645572e-04,-7.041134425e-01,9.750048570e-02,-9.750048570e-02
1.684800000e-02,-9.585504374e-01,4.294594802e-04,-8.975451092e-01,9.589798969e-02,-9.589798969e-02
1.685000000e-02,-9.386255386e-01,4.946370842e-04,-1.087387680e+00,9.391201757e-02,-9.391201756e-02
1.685200000e-02,-9.149472714e-01,5.578367372e-04,-1.272882013e+00,9.155051081e-02,-9.155051081e-02
1.685400000e-02,-8.876103204e-01,6.188057173e-04,-1.453286356e+00,8.882291261e-02,-8.882291261e-02
1.685600000e-02,-8.567240003e-01,6.773002219e-04,-1.627879309e+00,8.574013006e-02,-8.574013006e-02
1.685800000e-02,-8.224118192e-01,7.330863439e-04,-1.795962711e+00,8.231449056e-02,-8.231449056e-02
1.686000000e-02,-7.848109843e-01,7.859410060e-04,-1.956864432e+00,7.855969253e-02,-7.855969253e-02
1.686200000e-02,-7.440718535e-01,8.356528536e-04,-2.109941060e+00,7.449075063e-02,-7.449075063e-02
1.686400000e-02,-7.003573341e-01,8.820230992e-04,-2.254580471e+00,7.012393572e-02,-7.012393572e-02
1.686600000e-02,-6.538422314e-01,9.248663178e-04,-2.390204285e+00,6.547670977e-02,-6.547670977e-02
1.686800000e-02,-6.047125496e-01,9.640111885e-04,-2.516270168e+00,6.056765608e-02,-6.056765608e-02
1.687000000e-02,-5.531647481e-01,9.993011789e-04,-2.632274011e+00,5.541640493e-02,-5.541640493e-02
1.687200000e-02,-4.994049559e-01,1.030595172e-03,-2.737751937e+00,5.004355510e-02,-5.004355510e-02
1.687400000e-02,-4.436481471e-01,1.057768029e-03,-2.832282163e+00,4.447059151e-02,-4.447059151e-02
1.687600000e-02,-3.861172816e-01,1.080711092e-03,-2.915486681e+00,3.871979927e-02,-3.871979927e-02
1.687800000e-02,-3.270424134e-01,1.099332616e-03,-2.987032775e+00,3.281417461e-02,-3.281417461e-02
1.688000000e-02,-2.666597707e-01,1.113558137e-03,-3.046634346e+00,2.677733288e-02,-2.677733288e-02
1.688200000e-02,-2.052108110e-01,1.123330771e-03,-3.094053060e+00,2.063341418e-02,-2.063341418e-02
1.688400000e-02,-1.429412559e-01,1.128611439e-03,-3.129099299e+00,1.440698674e-02,-1.440698674e-02
1.688600000e-02,-8.010010854e-02,1.129379025e-03,-3.151632921e+00,8.122948757e-03,-8.122948757e-03
1.688800000e-02,-1.693865747e-02,1.125630459e-03,-3.161563819e+00,1.806428793e-03,-1.806428793e-03
1.689000000e-02,4.629052778e-02,1.117380730e-03,-3.158852280e+00,-4.517314705e-03,4.517314705e-03
1.689200000e-02,1.093346068e-01,1.104662829e-03,-3.143509148e+00,-1.082299440e-02,1.082299440e-02
1.689400000e-02,1.719414795e-01,1.087527610e-03,-3.115595777e+00,-1.708539519e-02,1.708539519e-02
1.689600000e-02,2.338607940e-01,1.066043596e-03,-3.075223787e+00,-2.327947504e-02,2.327947504e-02
1.689800000e-02,2.948449478e-01,1.040296694e-03,-3.022554616e+00,-2.938046511e-02,2.938046511e-02
1.690000000e-02,3.546500780e-01,1.010389862e-03,-2.957798878e+00,-3.536396882e-02,3.536396882e-02
1.690200000e-02,4.130370363e-01,9.764426916e-04,-2.881215517e+00,-4.120605936e-02,4.120605936e-02
1.690400000e-02,4.697723454e-01,9.385909298e-04,-2.793110775e+00,-4.688337545e-02,4.688337545e-02
1.690600000e-02,5.246291326e-01,8.969859380e-04,-2.693836964e+00,-5.237321467e-02,5.237321467e-02
1.690800000e-02,5.773880371e-01,8.517940861e-04,-2.583791059e+00,-5.765362430e-02,5.765362430e-02
1.691000000e-02,6.278380868e-01,8.031960868e-04,-2.463413111e+00,-6.270348908e-02,6.270348908e-02
1.691200000e-02,6.757775427e-01,7.513862733e-04,-2.333184487e+00,-6.750261564e-02,6.750261564e-02
1.691400000e-02,7.210147047e-01,6.965718225e-04,-2.193625943e+00,-7.203181329e-02,7.203181329e-02
1.691600000e-02,7.633686789e-01,6.389719259e-04,-2.045295545e+00,-7.627297070e-02,7.627297070e-02
1.691800000e-02,8.026701005e-01,5.788169135e-04,-1.888786436e+00,-8.020912836e-02,8.020912836e-02
1.692000000e-02,8.387618113e-01,5.163473325e-04,-1.724724462e+00,-8.382454640e-02,8.382454640e-02
1.692200000e-02,8.714994881e-01,4.518129860e-04,-1.553765675e+00,-8.710476752e-02,8.710476752e-02
1.692400000e-02,9.007522198e-01,3.854719334e-04,-1.376593701e+00,-9.003667479e-02,9.003667478e-02
1.692600000e-02,9.264030306e-01,3.175894586e-04,-1.193917016e+00,-9.260854412e-02,9.260854412e-02
1.692800000e-02,9.483493485e-01,2.484370097e-04,-1.006466105e+00,-9.481009115e-02,9.481009115e-02
1.693000000e-02,9.665034145e-01,1.782911129e-04,-8.149905447e-01,-9.663251234e-02,9.663251234e-02
1.693200000e-02,9.807926344e-01,1.074322670e-04,-6.202560072e-01,-9.806852022e-02,9.806852022e-02
1.693400000e-02,9.911598686e-01,3.614382175e-05,-4.230411950e-01,-9.911237248e-02,9.911237248e-02
1.693600000e-02,9.975636607e-01,-3.528915509e-05,-2.241347290e-01,-9.975989498e-02,9.975989498e-02
1.693800000e-02,9.999784031e-01,-1.065810179e-04,-2.433199486e-02,-1.000084984e-01,1.000084984e-01
1.694000000e-02,9.983944399e-01,-1.774466855e-04,1.755680379e-01,-9.985718866e-02,9.985718866e-02
1.694200000e-02,9.928181050e-01,-2.476027806e-04,3.747660105e-01,-9.930657078e-02,9.930657078e-02
1.694400000e-02,9.832716970e-01,-3.167687637e-04,5.724653719e-01,-9.835884658e-02,9.835884658e-02
1.694600000e-02,9.697933900e-01,-3.846680544e-04,7.678755633e-01,-9.701780581e-02,9.701780581e-02
1.694800000e-02,9.524370810e-01,-4.510291376e-04,9.602151800e-01,-9.528881101e-02,9.528881101e-02
1.695000000e-02,9.312721742e-01,-5.155866491e-04,1.148715096e+00,-9.317877608e-02,9.317877608e-02
1.695200000e-02,9.063833036e-01,-5.780824368e-04,1.332621539e+00,-9.069613861e-02,9.069613861e-02
1.695400000e-02,8.778699948e-01,-6.382665931e-04,1.511199106e+00,-8.785082614e-02,8.785082614e-02
1.695600000e-02,8.458462664e-01,-6.958984540e-04,1.683733702e+00,-8.465421649e-02,8.465421649e-02
1.695800000e-02,8.104401748e-01,-7.507475618e-04,1.849535397e+00,-8.111909223e-02,8.111909223e-02
1.696000000e-02,7.717933014e-01,-8.025945862e-04,2.007941185e+00,-7.725958960e-02,7.725958960e-02
1.696200000e-02,7.300601872e-01,-8.512322018e-04,2.158317634e+00,-7.309114194e-02,7.309114194e-02
1.696400000e-02,6.854077142e-01,-8.964659169e-04,2.300063419e+00,-6.863041801e-02,6.863041801e-02
1.696600000e-02,6.380144383e-01,-9.381148512e-04,2.432611729e+00,-6.389525531e-02,6.389525531e-02
1.696800000e-02,5.880698753e-01,-9.760124594e-04,2.555432531e+00,-5.890458878e-02,5.890458878e-02
1.697000000e-02,5.357737432e-01,-1.010007197e-03,2.668034689e+00,-5.367837504e-02,5.367837504e-02
1.697200000e-02,4.813351634e-01,-1.039963126e-03,2.769967932e+00,-4.823751265e-02,4.823751265e-02
1.697400000e-02,4.249718244e-01,-1.065760458e-03,2.860824650e+00,-4.260375848e-02,4.260375848e-02
1.697600000e-02,3.669091114e-01,-1.087296036e-03,2.940241524e+00,-3.679964074e-02,3.679964074e-02
1.697800000e-02,3.073792052e-01,-1.104483743e-03,3.007900984e+00,-3.084836889e-02,3.084836889e-02
1.698000000e-02,2.466201535e-01,-1.117254850e-03,3.063532474e+00,-2.477374084e-02,2.477374084e-02
1.698200000e-02,1.848749191e-01,-1.125558287e-03,3.106913535e+00,-1.860004774e-02,1.860004774e-02
1.698400000e-02,1.223904084e-01,-1.129360850e-03,3.137870695e+00,-1.235197692e-02,1.235197692e-02
1.698600000e-02,5.941648385e-02,-1.128647334e-03,3.156280162e+00,-6.054513119e-03,6.054513119e-03
1.698800000e-02,-3.795034829e-03,-1.123420593e-03,3.162068322e+00,2.671614237e-04,-2.671614237e-04
1.699000000e-02,-6.699137796e-02,-1.113701526e-03,3.155212028e+00,6.587767643e-03,-6.587767643e-03
1.699200000e-02,-1.299198365e-01,-1.099528998e-03,3.135738697e+00,1.288203075e-02,-1.288203075e-02
1.699400000e-02,-1.923287726e-01,-1.080959683e-03,3.103726200e+00,1.912478130e-02,-1.912478130e-02
1.699600000e-02,-2.539686260e-01,-1.058067834e-03,3.059302547e+00,2.529105582e-02,-2.529105582e-02
1.699800000e-02,-3.145929117e-01,-1.030944993e-03,3.002645380e+00,3.135619667e-02,-3.135619667e-02
1.700000000e-02,-3.739592057e-01,-9.996996163e-04,2.933981258e+00,3.729595061e-02,-3.729595061e-02
1.700200000e-02,-4.318301147e-01,-9.644566493e-04,2.853584756e+00,4.308656581e-02,-4.308656581e-02
1.700400000e-02,-4.879742249e-01,-9.253570208e-04,2.761777361e+00,4.870488679e-02,-4.870488679e-02
1.700600000e-02,-5.421670276e-01,-8.825570819e-04,2.658926194e+00,5.412844705e-02,-5.412844705e-02
1.700800000e-02,-5.941918172e-01,-8.362279809e-04,2.545442533e+00,5.933555892e-02,-5.933555892e-02
1.701000000e-02,-6.438405573e-01,-7.865549782e-04,2.421780178e+00,6.430540023e-02,-6.430540023e-02
1.701200000e-02,-6.909147129e-01,-7.337367057e-04,2.288433627e+00,6.901809762e-02,-6.901809762e-02
1.701400000e-02,-7.352260443e-01,-6.779843726e-04,2.145936106e+00,7.345480599e-02,-7.345480599e-02
1.701600000e-02,-7.765973596e-01,-6.195209212e-04,1.994857433e+00,7.759778387e-02,-7.759778387e-02
1.701800000e-02,-8.148632237e-01,-5.585801344e-04,1.835801740e+00,8.143046435e-02,-8.143046435e-02
1.702000000e-02,-8.498706192e-01,-4.954057018e-04,1.669405057e+00,8.493752135e-02,-8.493752135e-02
1.702200000e-02,-8.814795588e-01,-4.302502449e-04,1.496332771e+00,8.810493086e-02,-8.810493086e-02
1.702400000e-02,-9.095636451e-01,-3.633743068e-04,1.317276962e+00,9.092002708e-02,-9.092002708e-02
1.702600000e-02,-9.340105756e-01,-2.950453103e-04,1.132953636e+00,9.337155303e-02,-9.337155302e-02
1.702800000e-02,-9.547225920e-01,-2.255364891e-04,9.440998641e-01,9.544970555e-02,-9.544970555e-02
1.703000000e-02,-9.716168713e-01,-1.551257943e-04,7.514708332e-01,9.714617455e-02,-9.714617455e-02
1.703200000e-02,-9.846258569e-01,-8.409478377e-05,5.558368268e-01,9.845417621e-02,-9.845417621e-02
1.703400000e-02,-9.936975285e-01,-1.272749567e-05,3.579801444e-01,9.936848010e-02,-9.936848010e-02
1.703600000e-02,-9.987956104e-01,5.869068703e-05,1.586919740e-01,9.988543010e-02,-9.988543010e-02
1.703800000e-02,-9.998997163e-01,1.298741779e-04,-4.123077269e-02,1.000029590e-01,-1.000029590e-01
1.704000000e-02,-9.970054313e-01,2.005383289e-04,-2.409886461e-01,9.972059696e-02,-9.972059696e-02
1.704200000e-02,-9.901243289e-01,2.704005689e-04,-4.397828560e-01,9.903947295e-02,-9.903947295e-02
1.704400000e-02,-9.792839253e-01,3.391815332e-04,-6.368184657e-01,9.796231068e-02,-9.796231068e-02
1.704600000e-02,-9.645275689e-01,4.066061812e-04,-8.313075709e-01,9.649341751e-02,-9.649341751e-02
1.704800000e-02,-9.459142675e-01,4.724048955e-04,-1.022472450e+00,9.463866724e-02,-9.463866724e-02
1.705000000e-02,-9.235184516e-01,5.363145610e-04,-1.209548674e+00,9.240547662e-02,-9.240547662e-02
1.705200000e-02,-8.974296775e-01,5.980796161e-04,-1.391788165e+00,8.980277571e-02,-8.980277571e-02
1.705400000e-02,-8.677522688e-01,6.574530752e-04,-1.568462185e+00,8.684097219e-02,-8.684097219e-02
1.705600000e-02,-8.346048993e-01,7.141975162e-04,-1.738864250e+00,8.353190968e-02,-8.353190968e-02
1.705800000e-02,-7.981201184e-01,7.680860299e-04,-1.902312959e+00,7.988882044e-02,-7.988882044e-02
1.706000000e-02,-7.584438211e-01,8.189031273e-04,-2.058154714e+00,7.592627243e-02,-7.592627243e-02
1.706200000e-02,-7.157346648e-01,8.664456014e-04,-2.205766337e+00,7.166011104e-02,-7.166011104e-02
1.706400000e-02,-6.701634344e-01,9.105233399e-04,-2.344557559e+00,6.710739577e-02,-6.710739577e-02
1.706600000e-02,-6.219123598e-01,9.509600849e-04,-2.473973382e+00,6.228633199e-02,-6.228633199e-02
1.706800000e-02,-5.711743871e-01,9.875941382e-04,-2.593496301e+00,5.721619812e-02,-5.721619812e-02
1.707000000e-02,-5.181524067e-01,1.020279008e-03,-2.702648368e+00,5.191726858e-02,-5.191726858e-02
1.707200000e-02,-4.630584427e-01,1.048883994e-03,-2.800993106e+00,4.641073267e-02,-4.641073267e-02
1.707400000e-02,-4.061128043e-01,1.073294712e-03,-2.888137255e+00,4.071860990e-02,-4.071860990e-02
1.707600000e-02,-3.475432053e-01,1.093413547e-03,-2.963732343e+00,3.486366188e-02,-3.486366188e-02
1.707800000e-02,-2.875838532e-01,1.109160049e-03,-3.027476083e+00,2.886930133e-02,-2.886930133e-02
1.708000000e-02,-2.264745132e-01,1.120471250e-03,-3.079113576e+00,2.275949844e-02,-2.275949844e-02
1.708200000e-02,-1.644595487e-01,1.127301920e-03,-3.118438334e+00,1.655868506e-02,-1.655868506e-02
1.708400000e-02,-1.017869446e-01,1.129624744e-03,-3.145293105e+00,1.029165694e-02,-1.029165694e-02
1.708600000e-02,-3.870731575e-02,1.127430434e-03,-3.159570504e+00,3.983474618e-03,-3.983474618e-03
1.708800000e-02,2.452709562e-02,1.120727763e-03,-3.161213437e+00,-2.340636786e-03,2.340636786e-03
1.709000000e-02,8.766342824e-02,1.109543536e-03,-3.150215335e+00,-8.655388471e-03,8.655388470e-03
1.709200000e-02,1.504492130e-01,1.093922475e-03,-3.126620178e+00,-1.493552906e-02,1.493552906e-02
1.709400000e-02,2.126333827e-01,1.073927045e-03,-3.090522317e+00,-2.115594557e-02,2.115594557e-02
1.709600000e-02,2.739672758e-01,1.049637205e-03,-3.042066099e+00,-2.729176386e-02,2.729176386e-02
1.709800000e-02,3.342056306e-01,1.021150083e-03,-2.981445293e+00,-3.331844806e-02,3.331844805e-02
1.710000000e-02,3.931075667e-01,9.885795952e-04,-2.908902306e+00,-3.921189871e-02,3.921189871e-02
1.710200000e-02,4.504375474e-01,9.520559828e-04,-2.824727225e+00,-4.494854914e-02,4.494854914e-02
1.710400000e-02,5.059663220e-01,9.117252966e-04,-2.729256646e+00,-5.050545967e-02,5.050545967e-02
1.710600000e-02,5.594718425e-01,8.677488106e-04,-2.622872339e+00,-5.586040937e-02,5.586040937e-02
1.710800000e-02,6.107401515e-01,8.203023776e-04,-2.505999710e+00,-6.099198492e-02,6.099198492e-02
1.711000000e-02,6.595662377e-01,7.695757260e-04,-2.379106109e+00,-6.587966620e-02,6.587966620e-02
1.711200000e-02,7.057548557e-01,7.157717012e-04,-2.242698958e+00,-7.050390840e-02,7.050390840e-02
1.711400000e-02,7.491213068e-01,6.591054541e-04,-2.097323721e+00,-7.484622013e-02,7.484622013e-02
1.711600000e-02,7.894921776e-01,5.998035815e-04,-1.943561722e+00,-7.888923740e-02,7.888923740e-02
1.711800000e-02,8.267060334e-01,5.381032192e-04,-1.782027824e+00,-8.261679302e-02,8.261679302e-02
1.712000000e-02,8.606140638e-01,4.742510940e-04,-1.613367968e+00,-8.601398127e-02,8.601398127e-02
1.712200000e-02,8.910806775e-01,4.085025372e-04,-1.438256588e+00,-8.906721749e-02,8.906721749e-02
1.712400000e-02,9.179840449e-01,3.411204638e-04,-1.257393920e+00,-9.176429244e-02,9.176429244e-02
1.712600000e-02,9.412165851e-01,2.723743207e-04,-1.071503194e+00,-9.409442107e-02,9.409442107e-02
1.712800000e-02,9.606853959e-01,2.025390092e-04,-8.813277509e-01,-9.604828569e-02,9.604828569e-02
1.713000000e-02,9.763126256e-01,1.318937864e-04,-6.876280610e-01,-9.761807318e-02,9.761807318e-02
1.713200000e-02,9.880357842e-01,6.072114784e-05,-4.911786895e-01,-9.879750631e-02,9.879750631e-02
1.713400000e-02,9.958079933e-01,-1.069430202e-05,-2.927651966e-01,-9.958186876e-02,9.958186876e-02
1.713600000e-02,9.995981733e-01,-8.206698758e-05,-9.318099653e-02,-9.996802403e-02,9.996802402e-02
1.713800000e-02,9.993911681e-01,-1.531115043e-04,1.067758149e-01,-9.995442796e-02,9.995442796e-02
1.714000000e-02,9.951878055e-01,-2.235437600e-04,3.063056521e-01,-9.954113492e-02,9.954113492e-02
1.714200000e-02,9.870048938e-01,-2.930821107e-04,5.046106368e-01,-9.872979760e-02,9.872979760e-02
1.714400000e-02,9.748751549e-01,-3.614484870e-04,7.008977884e-01,-9.752366034e-02,9.752366034e-02
1.714600000e-02,9.588470931e-01,-4.283695060e-04,8.943821955e-01,-9.592754626e-02,9.592754626e-02
1.714800000e-02,9.389848011e-01,-4.935775644e-04,1.084290154e+00,-9.394783787e-02,9.394783787e-02
1.715000000e-02,9.153677042e-01,-5.568119088e-04,1.269862262e+00,-9.159245162e-02,9.159245161e-02
1.715200000e-02,8.880902423e-01,-6.178196782e-04,1.450356455e+00,-8.887080620e-02,8.887080620e-02
1.715400000e-02,8.572614922e-01,-6.763569152e-04,1.625050974e+00,-8.579378492e-02,8.579378491e-02
1.715600000e-02,8.230047318e-01,-7.321895416e-04,1.793247253e+00,-8.237369213e-02,8.237369213e-02
1.715800000e-02,7.854569465e-01,-7.850942943e-04,1.954272708e+00,-7.862420408e-02,7.862420408e-02
1.716000000e-02,7.447682824e-01,-8.348596183e-04,2.107483434e+00,-7.456031420e-02,7.456031420e-02
1.716200000e-02,7.011014447e-01,-8.812865122e-04,2.252266771e+00,-7.019827313e-02,7.019827313e-02
1.716400000e-02,6.546310483e-01,-9.241893247e-04,2.388043763e+00,-6.555552376e-02,6.555552376e-02
1.716600000e-02,6.055429184e-01,-9.633964963e-04,2.514271463e+00,-6.065063149e-02,6.065063149e-02
1.716800000e-02,5.540333484e-01,-9.987512457e-04,2.630445116e+00,-5.550320996e-02,5.550320996e-02
1.717000000e-02,5.003083142e-01,-1.030112197e-03,2.736100165e+00,-5.013384264e-02,5.013384264e-02
1.717200000e-02,4.445826511e-01,-1.057353943e-03,2.830814119e+00,-4.456400051e-02,4.456400051e-02
1.717400000e-02,3.870791945e-01,-1.080367551e-03,2.914208236e+00,-3.881595621e-02,3.881595621e-02
1.717600000e-02,3.280278887e-01,-1.099060994e-03,2.985949041e+00,-3.291269497e-02,3.291269497e-02
1.717800000e-02,2.676648677e-01,-1.113359521e-03,3.045749656e+00,-2.687782272e-02,2.687782272e-02
1.718000000e-02,2.062315104e-01,-1.123205954e-03,3.093370952e+00,-2.073547164e-02,2.073547164e-02
1.718200000e-02,1.439734763e-01,-1.128560921e-03,3.128622501e+00,-1.451020372e-02,1.451020372e-02
1.718400000e-02,8.113972218e-02,-1.129403007e-03,3.151363340e+00,-8.226912519e-03,8.226912519e-03
1.718600000e-02,1.798150719e-02,-1.125728845e-03,3.161502532e+00,-1.910723604e-03,1.910723604e-03
1.718800000e-02,-4.524861211e-02,-1.117553128e-03,3.158999532e+00,4.413105898e-03,-4.413105898e-03
1.719000000e-02,-1.082977916e-01,-1.104908548e-03,3.143864351e+00,1.071928831e-02,-1.071928831e-02
1.719200000e-02,-1.709139108e-01,-1.087845669e-03,3.116157510e+00,1.698260651e-02,-1.698260651e-02
1.719400000e-02,-2.328465808e-01,-1.066432722e-03,3.075989804e+00,2.317801480e-02,-2.317801480e-02
1.719600000e-02,-2.938481457e-01,-1.040755331e-03,3.023521854e+00,2.928073904e-02,-2.928073904e-02
1.719800000e-02,-3.536746730e-01,-1.010916177e-03,2.958963469e+00,3.526637569e-02,-3.526637569e-02
1.720000000e-02,-4.120869289e-01,-9.770345790e-04,2.882572804e+00,4.111098943e-02,-4.111098943e-02
1.720200000e-02,-4.688513349e-01,-9.392460230e-04,2.794655331e+00,4.679120889e-02,-4.679120888e-02
1.720400000e-02,-5.237409019e-01,-8.977016176e-04,2.695562612e+00,5.228432003e-02,-5.228432002e-02
1.720600000e-02,-5.765361379e-01,-8.525674901e-04,2.585690899e+00,5.756835704e-02,-5.756835704e-02
1.720800000e-02,-6.270259259e-01,-8.040241225e-04,2.465479546e+00,6.262219018e-02,-6.262219018e-02
1.721000000e-02,-6.750083676e-01,-7.522656297e-04,2.335409253e+00,6.742561020e-02,-6.742561020e-02
1.721200000e-02,-7.202915913e-01,-6.974989832e-04,2.196000144e+00,7.195940923e-02,-7.195940923e-02
1.721400000e-02,-7.626945187e-01,-6.399431833e-04,2.047809687e+00,7.620545755e-02,-7.620545755e-02
1.721600000e-02,-8.020475893e-01,-5.798283836e-04,1.891430465e+00,8.014677609e-02,-8.014677609e-02
1.721800000e-02,-8.381934385e-01,-5.173949709e-04,1.727487807e+00,8.376760435e-02,-8.376760435e-02
1.722000000e-02,-8.709875264e-01,-4.528926034e-04,1.556637283e+00,8.705346338e-02,-8.705346338e-02
1.722200000e-02,-9.002987164e-01,-3.865792124e-04,1.379562092e+00,8.999121372e-02,-8.999121372e-02
1.722400000e-02,-9.260097991e-01,-3.187199717e-04,1.196970318e+00,9.256910792e-02,-9.256910792e-02
1.722600000e-02,-9.480179613e-01,-2.495862361e-04,1.009592109e+00,9.477683750e-02,-9.477683750e-02
1.722800000e-02,-9.662351967e-01,-1.794544570e-04,8.181767509e-01,9.660557423e-02,-9.660557423e-02
1.723000000e-02,-9.805886586e-01,-1.086050768e-04,6.234896743e-01,9.804800536e-02,-9.804800536e-02
1.723200000e-02,-9.910209505e-01,-3.732140761e-05,4.263093923e-01,9.909836291e-02,-9.909836291e-02
1.723400000e-02,-9.974903556e-01,3.411150217e-05,2.274243876e-01,9.975244671e-02,-9.975244671e-02
1.723600000e-02,-9.999710043e-01,1.054080072e-04,2.762996014e-02,1.000076412e-01,-1.000076412e-01
1.723800000e-02,-9.984529770e-01,1.762830074e-04,-1.722749538e-01,9.986292600e-02,-9.986292600e-02
1.724000000e-02,-9.929423439e-01,2.464530887e-04,-3.714909760e-01,9.931887970e-02,-9.931887970e-02
1.724200000e-02,-9.834611409e-01,3.156376552e-04,-5.692214831e-01,9.837767785e-02,-9.837767785e-02
1.724400000e-02,-9.700472813e-01,3.835600524e-04,-7.646757919e-01,9.704308414e-02,-9.704308414e-02
1.724600000e-02,-9.527544045e-01,4.499486728e-04,-9.570723212e-01,9.532043531e-02,-9.532043531e-02
1.724800000e-02,-9.316516609e-01,5.145380420e-04,-1.145641717e+00,9.321661989e-02,-9.321661989e-02
1.725000000e-02,-9.068234361e-01,5.770698806e-04,-1.329629931e+00,9.074005060e-02,-9.074005060e-02
1.725200000e-02,-8.783690131e-01,6.372941368e-04,-1.508301230e+00,8.790063072e-02,-8.790063072e-02
1.725400000e-02,-8.464021750e-01,6.949699863e-04,-1.680941147e+00,8.470971450e-02,-8.470971450e-02
1.725600000e-02,-8.110507507e-01,7.498667953e-04,-1.846859330e+00,8.118006175e-02,-8.118006175e-02
1.725800000e-02,-7.724561031e-01,8.017650431e-04,-2.005392307e+00,7.732578682e-02,-7.732578682e-02
1.726000000e-02,-7.307725643e-01,8.504571992e-04,-2.155906136e+00,7.316230215e-02,-7.316230215e-02
1.726200000e-02,-6.861668180e-01,8.957485538e-04,-2.297798946e+00,6.870625665e-02,-6.870625665e-02
1.726400000e-02,-6.388172333e-01,9.374579963e-04,-2.430503335e+00,6.397546913e-02,-6.397546913e-02
1.726600000e-02,-5.889131513e-01,9.754187393e-04,-2.553488648e+00,5.898885701e-02,-5.898885701e-02
1.726800000e-02,-5.366541282e-01,1.009478986e-03,-2.666263090e+00,5.376636072e-02,-5.376636072e-02
1.727000000e-02,-4.822491368e-01,1.039502535e-03,-2.768375701e+00,4.832886393e-02,-4.832886393e-02
1.727200000e-02,-4.259157314e-01,1.065369331e-03,-2.859418153e+00,4.269811008e-02,-4.269811008e-02
1.727400000e-02,-3.678791776e-01,1.086975936e-03,-2.939026387e+00,3.689661536e-02,-3.689661536e-02
1.727600000e-02,-3.083715515e-01,1.104235950e-03,-3.006882065e+00,3.094757875e-02,-3.094757875e-02
1.727800000e-02,-2.476308117e-01,1.117080355e-03,-3.062713848e+00,2.487478921e-02,-2.487478921e-02
1.728000000e-02,-1.858998478e-01,1.125457787e-03,-3.106298475e+00,1.870253056e-02,-1.870253056e-02
1.728200000e-02,-1.234255091e-01,1.129334748e-03,-3.137461660e+00,1.245548438e-02,-1.245548438e-02
1.728400000e-02,-6.045761741e-02,1.128695734e-03,-3.156078789e+00,6.158631315e-03,-6.158631315e-03
1.728600000e-02,2.752031697e-03,1.123543301e-03,-3.162075415e+00,-1.628488396e-04,1.628488396e-04
1.728800000e-02,6.595067600e-02,1.113898051e-03,-3.155427559e+00,-6.483677795e-03,6.483677795e-03
1.729000000e-02,1.288855973e-01,1.099798555e-03,-3.136161805e+00,-1.277857987e-02,1.277857987e-02
1.729200000e-02,1.913051318e-01,1.081301194e-03,-3.104355192e+00,-1.902238307e-02,1.902238307e-02
1.729400000e-02,2.529596770e-01,1.058479934e-03,-3.060134909e+00,-2.519011971e-02,2.519011971e-02
1.729600000e-02,3.136026890e-01,1.031426032e-03,-3.003677782e+00,-3.125712630e-02,3.125712630e-02
1.729800000e-02,3.729916691e-01,1.000247673e-03,-2.935209573e+00,-3.719914214e-02,3.719914214e-02
1.730000000e-02,4.308891331e-01,9.650695313e-04,-2.855004071e+00,-4.299240635e-02,4.299240635e-02
1.730200000e-02,4.870635610e-01,9.260322772e-04,-2.763382002e+00,-4.861375288e-02,4.861375288e-02
1.730400000e-02,5.412903231e-01,8.832920125e-04,-2.660709743e+00,-5.404070311e-02,5.404070311e-02
1.730600000e-02,5.933525778e-01,8.370196469e-04,-2.547397859e+00,-5.925155582e-02,5.925155582e-02
1.730800000e-02,6.430421390e-01,7.874002138e-04,-2.423899461e+00,-6.422547387e-02,6.422547387e-02
1.731000000e-02,6.901603083e-01,7.346321310e-04,-2.290708393e+00,-6.894256762e-02,6.894256762e-02
1.731200000e-02,7.345186702e-01,6.789264072e-04,-2.148357258e+00,-7.338397438e-02,7.338397438e-02
1.731400000e-02,7.759398447e-01,6.205057978e-04,-1.997415290e+00,-7.753193389e-02,7.753193389e-02
1.731600000e-02,8.142581971e-01,5.596039148e-04,-1.838486074e+00,-8.136985932e-02,8.136985932e-02
1.731800000e-02,8.493205004e-01,4.964642922e-04,-1.672205134e+00,-8.488240361e-02,8.488240361e-02
1.732000000e-02,8.809865476e-01,4.313394122e-04,-1.499237394e+00,-8.805552082e-02,8.805552082e-02
1.732200000e-02,9.091297129e-01,3.644896955e-04,-1.320274515e+00,-9.087652232e-02,9.087652232e-02
1.732400000e-02,9.336374575e-01,2.961824603e-04,-1.136032133e+00,-9.333412751e-02,9.333412751e-02
1.732600000e-02,9.544117802e-01,2.266908532e-04,-9.472469948e-01,-9.541850894e-02,9.541850894e-02
1.732800000e-02,9.713696087e-01,1.562927564e-04,-7.546740129e-01,-9.712133159e-02,9.712133159e-02
1.733000000e-02,9.844431321e-01,8.526967742e-05,-5.590832466e-01,-9.843578625e-02,9.843578625e-02
1.733200000e-02,9.935800723e-01,1.390562274e-05,-3.612568227e-01,-9.935661666e-02,9.935661666e-02
1.733400000e-02,9.987438923e-01,-5.751403764e-05,-1.619858079e-01,-9.988014064e-02,9.988014064e-02
1.733600000e-02,9.999139433e-01,-1.287037113e-04,3.793295448e-02,-1.000042647e-01,1.000042647e-01
1.733800000e-02,9.970855465e-01,-1.993787257e-04,2.377000308e-01,-9.972849252e-02,9.972849252e-02
1.734000000e-02,9.902700119e-01,-2.692564660e-04,4.365165942e-01,-9.905392683e-02,9.905392683e-02
1.734200000e-02,9.794945935e-01,-3.380575057e-04,6.335876186e-01,-9.798326510e-02,9.798326510e-02
1.734400000e-02,9.648023799e-01,-4.055067237e-04,8.281250578e-01,-9.652078867e-02,9.652078867e-02
1.734600000e-02,9.462521224e-01,-4.713344047e-04,1.019350997e+00,-9.467234568e-02,9.467234568e-02
1.734800000e-02,9.239179994e-01,-5.352773174e-04,1.206500764e+00,-9.244532767e-02,9.244532767e-02
1.735000000e-02,8.978893205e-01,-5.970797675e-04,1.388825985e+00,-8.984864003e-02,8.984864002e-02
1.735200000e-02,8.682701689e-01,-6.564946198e-04,1.565597580e+00,-8.689266636e-02,8.689266636e-02
1.735400000e-02,8.351789856e-01,-7.132842866e-04,1.736108676e+00,-8.358922699e-02,8.358922699e-02
1.735600000e-02,7.987480952e-01,-7.672216780e-04,1.899677434e+00,-7.995153169e-02,7.995153169e-02
1.735800000e-02,7.591231774e-01,-8.180911094e-04,2.055649778e+00,-7.599412685e-02,7.599412685e-02
1.736000000e-02,7.164626838e-01,-8.656891647e-04,2.203402005e+00,-7.173283730e-02,7.173283730e-02
1.736200000e-02,6.709372050e-01,-9.098255091e-04,2.342343286e+00,-6.718470305e-02,6.718470305e-02
1.736400000e-02,6.227287878e-01,-9.503236504e-04,2.471918024e+00,-6.236791115e-02,6.236791115e-02
1.736600000e-02,5.720302078e-01,-9.870216452e-04,2.591608075e+00,-5.730172295e-02,5.730172294e-02
1.736800000e-02,5.190441979e-01,-1.019772746e-03,2.700934825e+00,-5.200639707e-02,5.200639707e-02
1.737000000e-02,4.639826383e-01,-1.048445987e-03,2.799461099e+00,-4.650310843e-02,4.650310843e-02
1.737200000e-02,4.070657086e-01,-1.072926711e-03,2.886792910e+00,-4.081386353e-02,4.081386353e-02
1.737400000e-02,3.485210078e-01,-1.093117024e-03,2.962581036e+00,-3.496141248e-02,3.496141248e-02
1.737600000e-02,2.885826440e-01,-1.108936190e-03,3.026522417e+00,-2.896915802e-02,2.896915802e-02
1.737800000e-02,2.274902982e-01,-1.120320950e-03,3.078361364e+00,-2.286106191e-02,2.286106191e-02
1.738000000e-02,1.654882660e-01,-1.127225780e-03,3.117890585e+00,-1.666154918e-02,1.666154918e-02
1.738200000e-02,1.028244807e-01,-1.129623069e-03,3.144952009e+00,-1.039541037e-02,1.039541037e-02
1.738400000e-02,3.974952163e-02,-1.127503230e-03,3.159437425e+00,-4.087702486e-03,4.087702486e-03
1.738600000e-02,-2.348438748e-02,-1.120874740e-03,3.161288908e+00,2.236351274e-03,-2.236351274e-03
1.738800000e-02,-8.662438740e-02,-1.109764105e-03,3.150499054e+00,8.551462330e-03,-8.551462330e-03
1.739000000e-02,-1.494179944e-01,-1.094215754e-03,3.127111009e+00,1.483237787e-02,-1.483237787e-02
1.739200000e-02,-2.116141100e-01,-1.074291862e-03,3.091218298e+00,2.105398181e-02,-2.105398181e-02
1.739400000e-02,-2.729640247e-01,-1.050072101e-03,3.042964448e+00,2.719139526e-02,-2.719139526e-02
1.739600000e-02,-3.332224131e-01,-1.021653319e-03,2.982542416e+00,3.322007598e-02,-3.322007597e-02
1.739800000e-02,-3.921483143e-01,-9.891491581e-04,2.910193817e+00,3.911591652e-02,-3.911591652e-02
1.740000000e-02,-4.495060960e-01,-9.526895957e-04,2.826207959e+00,4.485534064e-02,-4.485534064e-02
1.740200000e-02,-5.050663964e-01,-9.124204257e-04,2.730920682e+00,5.041539759e-02,-5.041539759e-02
1.740400000e-02,-5.586070412e-01,-8.685026762e-04,2.624713022e+00,5.577385386e-02,-5.577385385e-02
1.740600000e-02,-6.099139327e-01,-8.211119651e-04,2.508009681e+00,6.090928208e-02,-6.090928208e-02
1.740800000e-02,-6.587819053e-01,-7.704377981e-04,2.381277330e+00,6.580114675e-02,-6.580114675e-02
1.741000000e-02,-7.050155460e-01,-7.166828106e-04,2.245022747e+00,7.042988632e-02,-7.042988632e-02
1.741200000e-02,-7.484299762e-01,-6.600619576e-04,2.099790785e+00,7.477699142e-02,-7.477699142e-02
1.741400000e-02,-7.888515906e-01,-6.008016541e-04,1.946162196e+00,7.882507889e-02,-7.882507889e-02
1.741600000e-02,-8.261187516e-01,-5.391388698e-04,1.784751309e+00,8.255796127e-02,-8.255796127e-02
1.741800000e-02,-8.600824355e-01,-4.753201812e-04,1.616203573e+00,8.596071153e-02,-8.596071153e-02
1.742000000e-02,-8.906068286e-01,-4.096007862e-04,1.441192975e+00,8.901972278e-02,-8.901972278e-02
1.742200000e-02,-9.175698703e-01,-3.422434828e-04,1.260419346e+00,9.172276268e-02,-9.172276268e-02
1.742400000e-02,-9.408637409e-01,-2.735176188e-04,1.074605563e+00,9.405902233e-02,-9.405902233e-02
1.742600000e-02,-9.603952932e-01,-2.036980149e-04,8.844946550e-01,9.601915952e-02,-9.601915952e-02
1.742800000e-02,-9.760864244e-01,-1.330638649e-04,6.908468371e-01,9.759533605e-02,-9.759533605e-02
1.743000000e-02,-9.878743890e-01,-6.189762017e-05,4.944364664e-01,9.878124914e-02,-9.878124914e-02
1.743200000e-02,-9.957120494e-01,9.516140226e-06,2.960489471e-01,9.957215656e-02,-9.957215656e-02
1.743400000e-02,-9.995680645e-01,8.089184756e-05,9.647758970e-02,9.996489563e-02,-9.996489563e-02
1.743600000e-02,-9.994270148e-01,1.519440852e-04,-1.034795616e-01,9.995789589e-02,-9.995789588e-02
1.743800000e-02,-9.952894643e-01,2.223887301e-04,-3.030229196e-01,9.955118530e-02,-9.955118530e-02
1.744000000e-02,-9.871719582e-01,2.919440887e-04,-5.013545520e-01,9.874639023e-02,-9.874639023e-02
1.744200000e-02,-9.751069569e-01,3.603320236e-04,-6.976813718e-01,9.754672889e-02,-9.754672889e-02
1.744400000e-02,-9.591427056e-01,4.272790657e-04,-8.912183089e-01,9.595699847e-02,-9.595699847e-02
1.744600000e-02,-9.393430422e-01,4.925175077e-04,-1.081191449e+00,9.398355597e-02,-9.398355597e-02
1.744800000e-02,-9.157871413e-01,5.557864746e-04,-1.266841130e+00,9.163429278e-02,-9.163429278e-02
1.745000000e-02,-8.885691981e-01,6.168329671e-04,-1.447424977e+00,8.891860311e-02,-8.891860311e-02
1.745200000e-02,-8.577980515e-01,6.754128727e-04,-1.622220872e+00,8.584734644e-02,-8.584734644e-02
1.745400000e-02,-8.235967490e-01,7.312919428e-04,-1.790529843e+00,8.243280409e-02,-8.243280409e-02
1.745600000e-02,-7.861020543e-01,7.842467285e-04,-1.951678858e+00,7.868863010e-02,-7.868863010e-02
1.745800000e-02,-7.454639010e-01,8.340654746e-04,-2.105023515e+00,7.462979665e-02,-7.462979665e-02
1.746000000e-02,-7.018447927e-01,8.805489665e-04,-2.249950621e+00,7.027253417e-02,-7.027253417e-02
1.746200000e-02,-6.554191530e-01,9.235113262e-04,-2.385880643e+00,6.563426643e-02,-6.563426643e-02
1.746400000e-02,-6.063726284e-01,9.627807561e-04,-2.512270023e+00,6.073354092e-02,-6.073354092e-02
1.746600000e-02,-5.549013459e-01,9.982002261e-04,-2.628613359e+00,5.558995461e-02,-5.558995461e-02
1.746800000e-02,-5.012111282e-01,1.029628101e-03,-2.734445417e+00,5.022407563e-02,-5.022407563e-02
1.747000000e-02,-4.455166716e-01,1.056938707e-03,-2.829342996e+00,4.465736103e-02,-4.465736103e-02
1.747200000e-02,-3.880406864e-01,1.080022835e-03,-2.912926621e+00,3.891207092e-02,-3.891207092e-02
1.747400000e-02,-3.290130072e-01,1.098788177e-03,-2.984862058e+00,3.301117954e-02,-3.301117954e-02
1.747600000e-02,-2.686696734e-01,1.113159693e-03,-3.044861653e+00,2.697828331e-02,-2.697828331e-02
1.747800000e-02,-2.072519855e-01,1.123079915e-03,-3.092685479e+00,2.083750654e-02,-2.083750654e-02
1.748000000e-02,-1.450055400e-01,1.128509174e-03,-3.128142300e+00,1.461340492e-02,-1.461340492e-02
1.748200000e-02,-8.217924755e-02,1.129425760e-03,-3.151090330e+00,8.330867331e-03,-8.330867331e-03
1.748400000e-02,-1.902433736e-02,1.125826007e-03,-3.161437805e+00,2.015016336e-03,-2.015016336e-03
1.748600000e-02,4.420664721e-02,1.117724310e-03,-3.159143348e+00,-4.308892290e-03,4.308892290e-03
1.748800000e-02,1.072608586e-01,1.105153066e-03,-3.144216134e+00,-1.061557055e-02,1.061557055e-02
1.749000000e-02,1.698861561e-01,1.088162545e-03,-3.116715853e+00,-1.687979936e-02,1.687979936e-02
1.749200000e-02,2.318321142e-01,1.066820688e-03,-3.076752475e+00,-2.307652935e-02,2.307652935e-02
1.749400000e-02,2.928510239e-01,1.041212837e-03,-3.024485803e+00,-2.918098111e-02,2.918098111e-02
1.749600000e-02,3.526988833e-01,1.011441392e-03,-2.960124841e+00,-3.516874419e-02,3.516874419e-02
1.749800000e-02,4.111363732e-01,9.776254035e-04,-2.883926956e+00,-4.101587478e-02,4.101587478e-02
1.750000000e-02,4.679298143e-01,9.399000945e-04,-2.796196846e+00,-4.669899142e-02,4.669899142e-02
1.750200000e-02,5.228521013e-01,8.984163206e-04,-2.697285327e+00,-5.219536850e-02,5.219536850e-02
1.750400000e-02,5.756836116e-01,8.533399666e-04,-2.587587926e+00,-5.748302716e-02,5.748302716e-02
1.750600000e-02,6.262130828e-01,8.048512836e-04,-2.467543298e+00,-6.254082316e-02,6.254082316e-02
1.750800000e-02,6.742384582e-01,7.531441677e-04,-2.337631478e+00,-6.734853141e-02,6.734853140e-02
1.751000000e-02,7.195676942e-01,6.984253850e-04,-2.198371956e+00,-7.188692689e-02,7.188692689e-02
1.751200000e-02,7.620195287e-01,6.409137444e-04,-2.050321601e+00,-7.613786150e-02,7.613786150e-02
1.751400000e-02,8.014242056e-01,5.808392230e-04,-1.894072437e+00,-8.008433664e-02,8.008433664e-02
1.751600000e-02,8.376241538e-01,5.184420465e-04,-1.730249271e+00,-8.371057118e-02,8.371057117e-02
1.751800000e-02,8.704746172e-01,4.539717279e-04,-1.559507199e+00,-8.700206455e-02,8.700206455e-02
1.752000000e-02,8.998442337e-01,3.876860709e-04,-1.382528981e+00,-8.994565476e-02,8.994565476e-02
1.752200000e-02,9.256155603e-01,3.198501380e-04,-1.200022318e+00,-9.252957101e-02,9.252957101e-02
1.752400000e-02,9.476855427e-01,2.507351909e-04,-1.012717015e+00,-9.474348075e-02,9.474348075e-02
1.752600000e-02,9.659659278e-01,1.806176058e-04,-8.213620670e-01,-9.657853102e-02,9.657853102e-02
1.752800000e-02,9.803836161e-01,1.097777686e-04,-6.267226632e-01,-9.802738383e-02,9.802738383e-02
1.753000000e-02,9.908809542e-01,3.849895287e-05,-4.295771258e-01,-9.908424553e-02,9.908424552e-02
1.753200000e-02,9.974159655e-01,-3.293381216e-05,-2.307137988e-01,-9.974488993e-02,9.974488993e-02
1.753400000e-02,9.999625178e-01,-1.042348817e-04,-3.092789537e-02,-1.000066753e-01,1.000066753e-01
1.753600000e-02,9.985104279e-01,-1.751191377e-04,1.689816823e-01,-9.986855471e-02,9.986855471e-02
1.753800000e-02,9.930655026e-01,-2.453031286e-04,3.682155374e-01,-9.933108057e-02,9.933108057e-02
1.754000000e-02,9.836495149e-01,-3.145062033e-04,5.659769751e-01,-9.839640211e-02,9.839640211e-02
1.754200000e-02,9.703001173e-01,-3.824516332e-04,7.614751886e-01,-9.706825690e-02,9.706825690e-02
1.754400000e-02,9.530706915e-01,-4.488677185e-04,9.539284212e-01,-9.535195592e-02,9.535195592e-02
1.754600000e-02,9.320301341e-01,-5.134888752e-04,1.142567093e+00,-9.325436230e-02,9.325436230e-02
1.754800000e-02,9.072625821e-01,-5.760566967e-04,1.326636876e+00,-9.078386388e-02,9.078386388e-02
1.755000000e-02,8.788670758e-01,-6.363209873e-04,1.505401714e+00,-8.795033968e-02,8.795033968e-02
1.755200000e-02,8.469571628e-01,-6.940407625e-04,1.678146764e+00,-8.476512036e-02,8.476512036e-02
1.755400000e-02,8.116604443e-01,-7.489852132e-04,1.844181254e+00,-8.124094295e-02,8.124094295e-02
1.755600000e-02,7.731180645e-01,-8.009346278e-04,2.002841247e+00,-7.739189992e-02,7.739189992e-02
1.755800000e-02,7.314841464e-01,-8.496812713e-04,2.153492294e+00,-7.323338277e-02,7.323338277e-02
1.756000000e-02,6.869251753e-01,-8.950302163e-04,2.295531973e+00,-6.878202055e-02,6.878202055e-02
1.756200000e-02,6.396193333e-01,-9.368001215e-04,2.428392298e+00,-6.405561335e-02,6.405561335e-02
1.756400000e-02,5.897557867e-01,-9.748239580e-04,2.551541987e+00,-5.907306107e-02,5.907306107e-02
1.756600000e-02,5.375339293e-01,-1.008949676e-03,2.664488590e+00,-5.385428790e-02,5.385428790e-02
1.756800000e-02,4.831625856e-01,-1.039040814e-03,2.766780457e+00,-4.842016264e-02,4.842016264e-02
1.757000000e-02,4.268591752e-01,-1.064977045e-03,2.858008545e+00,-4.279241522e-02,4.279241522e-02
1.757200000e-02,3.688488437e-01,-1.086654653e-03,2.937808052e+00,-3.699354983e-02,3.699354983e-02
1.757400000e-02,3.093635624e-01,-1.103986956e-03,3.005859875e+00,-3.104675493e-02,3.104675493e-02
1.757600000e-02,2.486412006e-01,-1.116904644e-03,3.061891889e+00,-2.497581052e-02,2.497581052e-02
1.757800000e-02,1.869245743e-01,-1.125356063e-03,3.105680035e+00,-1.880499303e-02,1.880499303e-02
1.758000000e-02,1.244604755e-01,-1.129307417e-03,3.137049212e+00,-1.255897829e-02,1.255897829e-02
1.758200000e-02,6.149868520e-02,-1.128742906e-03,3.155873982e+00,-6.262742810e-03,6.262742810e-03
1.758400000e-02,-1.709025571e-03,-1.123664786e-03,3.162079068e+00,5.853607847e-05,-5.853607847e-05
1.758600000e-02,-6.490990230e-02,-1.114093365e-03,3.155639658e+00,6.379580894e-03,-6.379580894e-03
1.758800000e-02,-1.278512178e-01,-1.100066916e-03,3.136581501e+00,1.267511509e-02,-1.267511509e-02
1.759000000e-02,-1.902812829e-01,-1.081641529e-03,3.104980808e+00,1.891996414e-02,-1.891996414e-02
1.759200000e-02,-2.519504528e-01,-1.058890882e-03,3.060963941e+00,2.508915619e-02,-2.508915619e-02
1.759400000e-02,-3.126121252e-01,-1.031905950e-03,3.004706917e+00,3.115802192e-02,-3.115802192e-02
1.759600000e-02,-3.720237267e-01,-1.000794642e-03,2.936434695e+00,3.710229320e-02,-3.710229320e-02
1.759800000e-02,-4.299476827e-01,-9.656813633e-04,2.856420281e+00,4.289820013e-02,-4.289820013e-02
1.760000000e-02,-4.861523673e-01,-9.267065260e-04,2.764983636e+00,4.852256608e-02,-4.852256608e-02
1.760200000e-02,-5.404130298e-01,-8.840259822e-04,2.662490397e+00,5.395290038e-02,-5.395290038e-02
1.760400000e-02,-5.925126929e-01,-8.378104023e-04,2.549350413e+00,5.916748826e-02,-5.916748825e-02
1.760600000e-02,-6.422430211e-01,-7.882445928e-04,2.426016107e+00,6.414547765e-02,-6.414547765e-02
1.760800000e-02,-6.894051530e-01,-7.355267572e-04,2.292980667e+00,6.886696262e-02,-6.886696262e-02
1.761000000e-02,-7.338104971e-01,-6.798677031e-04,2.150776074e+00,7.331306294e-02,-7.331306293e-02
1.761200000e-02,-7.752814856e-01,-6.214899994e-04,1.999970975e+00,7.746599956e-02,-7.746599956e-02
1.761400000e-02,-8.136522847e-01,-5.606270865e-04,1.841168408e+00,8.130916576e-02,-8.130916576e-02
1.761600000e-02,-8.487694576e-01,-4.975223425e-04,1.675003392e+00,8.482719353e-02,-8.482719352e-02
1.761800000e-02,-8.804925780e-01,-4.324281102e-04,1.502140385e+00,8.800601498e-02,-8.800601498e-02
1.762000000e-02,-9.086947916e-01,-3.656046877e-04,1.323270632e+00,9.083291870e-02,-9.083291869e-02
1.762200000e-02,-9.332633239e-01,-2.973192882e-04,1.139109394e+00,9.329660046e-02,-9.329660046e-02
1.762400000e-02,-9.540999302e-01,-2.278449707e-04,9.503930950e-01,9.538720852e-02,-9.538720852e-02
1.762600000e-02,-9.711212893e-01,-1.574595485e-04,7.578763716e-01,9.709638298e-02,-9.709638298e-02
1.762800000e-02,-9.842593364e-01,-8.644447832e-05,5.623290582e-01,9.841728919e-02,-9.841728919e-02
1.763000000e-02,-9.934615351e-01,-1.508373468e-05,3.645331079e-01,9.934464514e-02,-9.934464514e-02
1.763200000e-02,-9.986910878e-01,5.633732569e-05,1.652794656e-01,9.987474252e-02,-9.987474252e-02
1.763400000e-02,-9.999270826e-01,1.275331048e-04,-3.463509501e-02,1.000054616e-01,-1.000054616e-01
1.763600000e-02,-9.971645769e-01,1.982189056e-04,-2.344111570e-01,9.973627958e-02,-9.973627958e-02
1.763800000e-02,-9.904146175e-01,2.681120702e-04,-4.332498576e-01,9.906827296e-02,-9.906827296e-02
1.764000000e-02,-9.797041961e-01,3.369331103e-04,-6.303560821e-01,9.800411292e-02,-9.800411292e-02
1.764200000e-02,-9.650761414e-01,4.044068251e-04,-8.249416438e-01,9.654805482e-02,-9.654805482e-02
1.764400000e-02,-9.465889479e-01,4.702634011e-04,-1.016228435e+00,9.470592113e-02,-9.470592113e-02
1.764600000e-02,-9.243165421e-01,5.342394915e-04,-1.203451541e+00,9.248507816e-02,-9.248507815e-02
1.764800000e-02,-8.983479866e-01,5.960792694e-04,-1.385862294e+00,8.989440659e-02,-8.989440659e-02
1.765000000e-02,-8.687871245e-01,6.555354502e-04,-1.562731272e+00,8.694426600e-02,-8.694426600e-02
1.765200000e-02,-8.357521634e-01,7.123702811e-04,-1.733351213e+00,8.364645336e-02,-8.364645336e-02
1.765400000e-02,-7.993752031e-01,7.663564914e-04,-1.897039842e+00,8.001415596e-02,-8.001415596e-02
1.765600000e-02,-7.598017078e-01,8.172782016e-04,-2.053142604e+00,7.606189860e-02,-7.606189860e-02
1.765800000e-02,-7.171899234e-01,8.649317862e-04,-2.201035276e+00,7.180548552e-02,-7.180548552e-02
1.766000000e-02,-6.717102457e-01,9.091266884e-04,-2.340126466e+00,6.726193724e-02,-6.726193724e-02
1.766200000e-02,-6.235445384e-01,9.496861822e-04,-2.469859976e+00,6.244942246e-02,-6.244942246e-02
1.766400000e-02,-5.728854062e-01,9.864480785e-04,-2.589717030e+00,5.738718543e-02,-5.738718543e-02
1.766600000e-02,-5.199354245e-01,1.019265374e-03,-2.699218345e+00,5.209546899e-02,-5.209546899e-02
1.766800000e-02,-4.649063291e-01,1.048006839e-03,-2.797926047e+00,4.659543360e-02,-4.659543360e-02
1.767000000e-02,-4.080181700e-01,1.072557543e-03,-2.885445424e+00,4.090907276e-02,-4.090907276e-02
1.767200000e-02,-3.494984312e-01,1.092819313e-03,-2.961426505e+00,3.505912505e-02,-3.505912505e-02
1.767400000e-02,-2.895811208e-01,1.108711125e-03,-3.025565458e+00,2.906898319e-02,-2.906898319e-02
1.767600000e-02,-2.285058357e-01,1.120169432e-03,-3.077605804e+00,2.296260051e-02,-2.296260051e-02
1.767800000e-02,-1.665168033e-01,1.127148415e-03,-3.117339444e+00,1.676439517e-02,-1.676439517e-02
1.768000000e-02,-1.038619049e-01,1.129620165e-03,-3.144607493e+00,1.049915250e-02,-1.049915250e-02
1.768200000e-02,-4.079168428e-02,1.127574800e-03,-3.159300910e+00,4.191925908e-03,-4.191925908e-03
1.768400000e-02,2.244165378e-02,1.121020497e-03,-3.161360939e+00,-2.132063328e-03,2.132063328e-03
1.768600000e-02,8.558525233e-02,1.109983467e-03,-3.150779344e+00,-8.447526887e-03,8.447526887e-03
1.768800000e-02,1.483866133e-01,1.094507843e-03,-3.127598438e+00,-1.472921054e-02,1.472921054e-02
1.769000000e-02,2.105946070e-01,1.074655511e-03,-3.091910916e+00,-2.095199515e-02,2.095199515e-02
1.769200000e-02,2.719604767e-01,1.050505854e-03,-3.043859486e+00,-2.709099708e-02,2.709099708e-02
1.769400000e-02,3.322388330e-01,1.022155443e-03,-2.983636294e+00,-3.312166776e-02,3.312166776e-02
1.769600000e-02,3.911886353e-01,9.897176452e-04,-2.911482162e+00,-3.901989177e-02,3.901989177e-02
1.769800000e-02,4.485741557e-01,9.533221723e-04,-2.827685618e+00,-4.476208335e-02,4.476208335e-02
1.770000000e-02,5.041659213e-01,9.131145622e-04,-2.732581747e+00,-5.032528067e-02,5.032528067e-02
1.770200000e-02,5.577416322e-01,8.692555970e-04,-2.626550850e+00,-5.568723766e-02,5.568723766e-02
1.770400000e-02,6.090870504e-01,8.219206594e-04,-2.510016923e+00,-6.082651297e-02,6.082651297e-02
1.770600000e-02,6.579968561e-01,7.712990321e-04,-2.383445960e+00,-6.572255571e-02,6.572255571e-02
1.770800000e-02,7.042754693e-01,7.175931404e-04,-2.247344093e+00,-7.035578762e-02,7.035578762e-02
1.771000000e-02,7.477378314e-01,6.610177430e-04,-2.102255564e+00,-7.470768136e-02,7.470768136e-02
1.771200000e-02,7.882101454e-01,6.017990731e-04,-1.948760552e+00,-7.876083463e-02,7.876083463e-02
1.771400000e-02,8.255305710e-01,5.401739339e-04,-1.787472852e+00,-8.249903971e-02,8.249903970e-02
1.771600000e-02,8.595498715e-01,4.763887515e-04,-1.619037420e+00,-8.590734828e-02,8.590734828e-02
1.771800000e-02,8.901320109e-01,4.106985896e-04,-1.444127795e+00,-8.897213123e-02,8.897213123e-02
1.772000000e-02,9.171546975e-01,3.433661293e-04,-1.263443402e+00,-9.168113314e-02,9.168113314e-02
1.772200000e-02,9.405098733e-01,2.746606195e-04,-1.077706762e+00,-9.402352127e-02,9.402352127e-02
1.772400000e-02,9.601041457e-01,2.048567989e-04,-8.876605969e-01,-9.598992889e-02,9.598992889e-02
1.772600000e-02,9.758591613e-01,1.342337986e-04,-6.940648617e-01,-9.757249275e-02,9.757249275e-02
1.772800000e-02,9.877119191e-01,6.307402518e-05,-4.976937055e-01,-9.876488451e-02,9.876488451e-02
1.773000000e-02,9.956150224e-01,-8.337968079e-06,-2.993323757e-01,-9.956233604e-02,9.956233604e-02
1.773200000e-02,9.995368683e-01,-7.971661955e-05,-9.977407792e-02,-9.996165850e-02,9.996165849e-02
1.773400000e-02,9.994617742e-01,-1.507765008e-04,1.001831956e-01,-9.996125507e-02,9.996125507e-02
1.773600000e-02,9.953900403e-01,-2.212334583e-04,2.997398574e-01,-9.956112738e-02,9.956112738e-02
1.773800000e-02,9.873379487e-01,-2.908057491e-04,4.980979218e-01,-9.876287545e-02,9.876287545e-02
1.774000000e-02,9.753376980e-01,-3.592151682e-04,6.944641962e-01,-9.756969132e-02,9.756969132e-02
1.774200000e-02,9.594372747e-01,-4.261881606e-04,8.880534528e-01,-9.598634629e-02,9.598634629e-02
1.774400000e-02,9.397002614e-01,-4.914569152e-04,1.078091568e+00,-9.401917183e-02,9.401917183e-02
1.774600000e-02,9.162055821e-01,-5.547604358e-04,1.263818620e+00,-9.167603425e-02,9.167603425e-02
1.774800000e-02,8.890471873e-01,-6.158455848e-04,1.444491924e+00,-8.896630329e-02,8.896630328e-02
1.775000000e-02,8.583336777e-01,-6.744680954e-04,1.619389005e+00,-8.590081458e-02,8.590081458e-02
1.775200000e-02,8.241878702e-01,-7.303935485e-04,1.787810486e+00,-8.249182638e-02,8.249182638e-02
1.775400000e-02,7.867463069e-01,-7.833983095e-04,1.949082885e+00,-7.875297052e-02,7.875297052e-02
1.775600000e-02,7.461587088e-01,-8.332704238e-04,2.102561307e+00,-7.469919792e-02,7.469919792e-02
1.775800000e-02,7.025873771e-01,-8.798104629e-04,2.247632023e+00,-7.034671876e-02,7.034671876e-02
1.776000000e-02,6.562065447e-01,-9.228323229e-04,2.383714927e+00,-6.571293771e-02,6.571293771e-02
1.776200000e-02,6.072016788e-01,-9.621639685e-04,2.510265851e+00,-6.081638428e-02,6.081638428e-02
1.776400000e-02,5.557687397e-01,-9.976481205e-04,2.626778743e+00,-5.567663879e-02,5.567663879e-02
1.776600000e-02,5.021133970e-01,-1.029142885e-03,2.732787694e+00,-5.031425399e-02,5.031425399e-02
1.776800000e-02,4.464502073e-01,-1.056522321e-03,2.827868795e+00,-4.475067296e-02,4.475067296e-02
1.777000000e-02,3.890017561e-01,-1.079676945e-03,2.911641837e+00,-3.900814330e-02,3.900814330e-02
1.777200000e-02,3.299977677e-01,-1.098514165e-03,2.983771828e+00,-3.310962819e-02,3.310962819e-02
1.777400000e-02,2.696741869e-01,-1.112958655e-03,3.043970337e+00,-2.707871456e-02,2.707871456e-02
1.777600000e-02,2.082722351e-01,-1.122952655e-03,3.091996642e+00,-2.093951878e-02,2.093951878e-02
1.777800000e-02,1.460374460e-01,-1.128456201e-03,3.127658695e+00,-1.471659022e-02,1.471659022e-02
1.778000000e-02,8.321868352e-02,-1.129447285e-03,3.150813892e+00,-8.434813081e-03,8.434813081e-03
1.778200000e-02,2.006714682e-02,-1.125921944e-03,3.161369639e+00,-2.119306877e-03,2.119306877e-03
1.778400000e-02,-4.316463422e-02,-1.117894276e-03,3.159283727e+00,4.204673994e-03,-4.204673994e-03
1.778600000e-02,-1.062238089e-01,-1.105396381e-03,3.144564496e+00,1.051184125e-02,-1.051184125e-02
1.778800000e-02,-1.688582166e-01,-1.088478236e-03,3.117270806e+00,1.677697384e-02,-1.677697384e-02
1.779000000e-02,-2.308173955e-01,-1.067207493e-03,3.077511798e+00,2.297501880e-02,-2.297501880e-02
1.779200000e-02,-2.918535835e-01,-1.041669209e-03,3.025446461e+00,2.908119143e-02,-2.908119143e-02
1.779400000e-02,-3.517227099e-01,-1.011965507e-03,2.961282993e+00,3.507107444e-02,-3.507107444e-02
1.779600000e-02,-4.101853702e-01,-9.782151646e-04,2.885277970e+00,4.092071551e-02,-4.092071551e-02
1.779800000e-02,-4.670077846e-01,-9.405531436e-04,2.797735320e+00,4.660672315e-02,-4.660672315e-02
1.780000000e-02,-5.219627320e-01,-8.991300463e-04,2.699005109e+00,5.210636020e-02,-5.210636019e-02
1.780200000e-02,-5.748304590e-01,-8.541115148e-04,2.589482137e+00,5.739763475e-02,-5.739763475e-02
1.780400000e-02,-6.253995585e-01,-8.056775691e-04,2.469604366e+00,6.245938810e-02,-6.245938810e-02
1.780600000e-02,-6.734678153e-01,-7.540218864e-04,2.339851160e+00,6.727137935e-02,-6.727137934e-02
1.780800000e-02,-7.188430144e-01,-6.993510270e-04,2.200741376e+00,7.181436634e-02,-7.181436634e-02
1.781000000e-02,-7.613437098e-01,-6.418836083e-04,2.052831285e+00,7.607018262e-02,-7.607018262e-02
1.781200000e-02,-8.007999501e-01,-5.818494306e-04,1.896712348e+00,8.002181006e-02,-8.002181006e-02
1.781400000e-02,-8.370539579e-01,-5.194885580e-04,1.733008854e+00,8.365344693e-02,-8.365344693e-02
1.781600000e-02,-8.699607610e-01,-4.550503587e-04,1.562375418e+00,8.695057107e-02,-8.695057107e-02
1.781800000e-02,-8.993887720e-01,-3.887925077e-04,1.385494367e+00,8.989999795e-02,-8.989999795e-02
1.782000000e-02,-9.252203144e-01,-3.209799564e-04,1.203073012e+00,9.248993345e-02,-9.248993345e-02
1.782200000e-02,-9.473520932e-01,-2.518838729e-04,1.015840819e+00,9.471002094e-02,-9.471002094e-02
1.782400000e-02,-9.656956081e-01,-1.817805582e-04,8.245464895e-01,9.655138275e-02,-9.655138275e-02
1.782600000e-02,-9.801775070e-01,-1.109503409e-04,6.299549702e-01,9.800665567e-02,-9.800665567e-02
1.782800000e-02,-9.907398800e-01,-3.967645623e-05,4.328443920e-01,9.907002035e-02,-9.907002035e-02
1.783000000e-02,-9.973404903e-01,3.175608631e-05,2.340029590e-01,9.973722464e-02,-9.973722463e-02
1.783200000e-02,-9.999529434e-01,1.030616429e-04,3.422579695e-02,1.000056005e-01,-1.000056005e-01
1.783400000e-02,-9.985667926e-01,1.739550774e-04,-1.656882270e-01,9.987407477e-02,-9.987407477e-02
1.783600000e-02,-9.931875810e-01,2.441529017e-04,-3.649396981e-01,9.934317339e-02,-9.934317339e-02
1.783800000e-02,-9.838368188e-01,3.133744093e-04,-5.627318514e-01,9.841501932e-02,-9.841501932e-02
1.784000000e-02,-9.705518978e-01,3.813427979e-04,-7.582737570e-01,9.709332406e-02,-9.709332406e-02
1.784200000e-02,-9.533859417e-01,4.477862759e-04,-9.507834835e-01,9.538337279e-02,-9.538337279e-02
1.784400000e-02,-9.324075934e-01,5.124391498e-04,-1.139491225e+00,9.329200326e-02,-9.329200326e-02
1.784600000e-02,-9.077007412e-01,5.750428861e-04,-1.323642377e+00,9.082757841e-02,-9.082757840e-02
1.784800000e-02,-8.793641824e-01,6.353471455e-04,-1.502500560e+00,8.799995296e-02,-8.799995296e-02
1.785000000e-02,-8.475112293e-01,6.931107838e-04,-1.675350555e+00,8.482043400e-02,-8.482043400e-02
1.785200000e-02,-8.122692550e-01,7.481028162e-04,-1.841501171e+00,8.130173578e-02,-8.130173578e-02
1.785400000e-02,-7.737791848e-01,8.001033411e-04,-2.000288008e+00,7.745792882e-02,-7.745792882e-02
1.785600000e-02,-7.321949327e-01,8.489044192e-04,-2.151076109e+00,7.330438372e-02,-7.330438372e-02
1.785800000e-02,-6.876827854e-01,8.943109050e-04,-2.293262503e+00,6.885770963e-02,-6.885770963e-02
1.786000000e-02,-6.404207376e-01,9.361412276e-04,-2.426278619e+00,6.413568788e-02,-6.413568788e-02
1.786200000e-02,-5.905977805e-01,9.742281161e-04,-2.549592550e+00,5.915720086e-02,-5.915720086e-02
1.786400000e-02,-5.384131457e-01,1.008419269e-03,-2.662711191e+00,5.394215650e-02,-5.394215650e-02
1.786600000e-02,-4.840755088e-01,1.038577963e-03,-2.765182204e+00,4.851140867e-02,-4.851140867e-02
1.786800000e-02,-4.278021545e-01,1.064583600e-03,-2.856595829e+00,4.288667381e-02,-4.288667381e-02
1.787000000e-02,-3.698181084e-01,1.086332188e-03,-2.936586521e+00,3.709044406e-02,-3.709044406e-02
1.787200000e-02,-3.103552367e-01,1.103736760e-03,-3.004834414e+00,3.114589735e-02,-3.114589734e-02
1.787400000e-02,-2.496513189e-01,1.116727718e-03,-3.061066600e+00,2.507680466e-02,-2.507680466e-02
1.787600000e-02,-1.879490974e-01,1.125253115e-03,-3.105058217e+00,1.890743505e-02,-1.890743505e-02
1.787800000e-02,-1.254953066e-01,1.129278858e-03,-3.136633352e+00,1.266245854e-02,-1.266245854e-02
1.788000000e-02,-6.253968608e-02,1.128788850e-03,-3.155665742e+00,6.366847493e-03,-6.366847493e-03
1.788200000e-02,6.660175859e-04,1.123785050e-03,-3.162079282e+00,4.577674638e-05,-4.577674638e-05
1.788400000e-02,6.386905799e-02,1.114287467e-03,-3.155848324e+00,-6.275477052e-03,6.275477052e-03
1.788600000e-02,1.268166993e-01,1.100334081e-03,-3.136997785e+00,-1.257163652e-02,1.257163652e-02
1.788800000e-02,1.892572270e-01,1.081980687e-03,-3.105603045e+00,-1.881752463e-02,1.881752463e-02
1.789000000e-02,2.509409545e-01,1.059300678e-03,-3.061789644e+00,-2.498816538e-02,2.498816538e-02
1.789200000e-02,3.116212212e-01,1.032384746e-03,-3.005732783e+00,-3.105888365e-02,3.105888365e-02
1.789400000e-02,3.710553795e-01,1.001340522e-03,-2.937656622e+00,-3.700540390e-02,3.700540390e-02
1.789600000e-02,4.290057645e-01,9.662921448e-04,-2.857833383e+00,-4.280394724e-02,4.280394724e-02
1.789800000e-02,4.852406448e-01,9.273797669e-04,-2.766582263e+00,-4.843132650e-02,4.843132650e-02
1.790000000e-02,5.395351485e-01,8.847589902e-04,-2.664268156e+00,-5.386503896e-02,5.386503896e-02
1.790200000e-02,5.916721635e-01,8.386002462e-04,-2.551300194e+00,-5.908335633e-02,5.908335633e-02
1.790400000e-02,6.414432046e-01,7.890881144e-04,-2.428130114e+00,-6.406541164e-02,6.406541164e-02
1.790600000e-02,6.886492476e-01,7.364205833e-04,-2.295250446e+00,-6.879128271e-02,6.879128271e-02
1.790800000e-02,7.331015256e-01,6.808082594e-04,-2.153192550e+00,-7.324207174e-02,7.324207174e-02
1.791000000e-02,7.746222831e-01,6.224735249e-04,-2.002524484e+00,-7.739998096e-02,7.739998096e-02
1.791200000e-02,8.130454872e-01,5.616496483e-04,-1.843848739e+00,-8.124838375e-02,8.124838375e-02
1.791400000e-02,8.482174915e-01,4.985798516e-04,-1.677799827e+00,-8.477189116e-02,8.477189116e-02
1.791600000e-02,8.799976504e-01,4.335163377e-04,-1.505041742e+00,-8.795641341e-02,8.795641341e-02
1.791800000e-02,9.082588819e-01,3.667192822e-04,-1.326265309e+00,-9.078921626e-02,9.078921626e-02
1.792000000e-02,9.328881749e-01,2.984557926e-04,-1.142185416e+00,-9.325897191e-02,9.325897191e-02
1.792200000e-02,9.537870422e-01,2.289988403e-04,-9.535381613e-01,-9.535580434e-02,9.535580433e-02
1.792400000e-02,9.708719135e-01,1.586261693e-04,-7.610779058e-01,-9.707132873e-02,9.707132873e-02
1.792600000e-02,9.840744699e-01,8.761918518e-05,-5.655742581e-01,-9.839868508e-02,9.839868507e-02
1.792800000e-02,9.933419173e-01,1.626183021e-05,-3.678089966e-01,-9.933256554e-02,9.933256554e-02
1.793000000e-02,9.986371969e-01,-5.516055245e-05,-1.685729435e-01,-9.986923574e-02,9.986923574e-02
1.793200000e-02,9.999391341e-01,-1.263623595e-04,3.133719785e-02,-1.000065496e-01,1.000065496e-01
1.793400000e-02,9.972425226e-01,-1.970588698e-04,2.311220282e-01,-9.974395815e-02,9.974395815e-02
1.793600000e-02,9.905581458e-01,-2.669673826e-04,4.299826497e-01,-9.908251132e-02,9.908251132e-02
1.793800000e-02,9.799127329e-01,-3.358083485e-04,6.271238600e-01,-9.802485413e-02,9.802485413e-02
1.794000000e-02,9.653488529e-01,-4.033064866e-04,8.217573324e-01,-9.657521594e-02,9.657521594e-02
1.794200000e-02,9.469247436e-01,-4.691918859e-04,1.013104768e+00,-9.473939355e-02,9.473939355e-02
1.794400000e-02,9.247140792e-01,-5.332010844e-04,1.200401009e+00,-9.252472803e-02,9.252472803e-02
1.794600000e-02,8.988056755e-01,-5.950781228e-04,1.382897095e+00,-8.994007537e-02,8.994007537e-02
1.794800000e-02,8.693031349e-01,-6.545755675e-04,1.559863264e+00,-8.699577105e-02,8.699577105e-02
1.795000000e-02,8.363244319e-01,-7.114555006e-04,1.730591864e+00,-8.370358874e-02,8.370358874e-02
1.795200000e-02,8.000014414e-01,-7.654904712e-04,1.894400187e+00,-8.007669319e-02,8.007669319e-02
1.795400000e-02,7.604794116e-01,-8.164644047e-04,2.050633198e+00,-7.612958760e-02,7.612958760e-02
1.795600000e-02,7.179163828e-01,-8.641734667e-04,2.198666153e+00,-7.187805562e-02,7.187805562e-02
1.795800000e-02,6.724825556e-01,-9.084268789e-04,2.337907099e+00,-6.733909825e-02,6.733909825e-02
1.796000000e-02,6.243596107e-01,-9.490476809e-04,2.467799242e+00,-6.253086583e-02,6.253086583e-02
1.796200000e-02,5.737399815e-01,-9.858734386e-04,2.587823168e+00,-5.747258549e-02,5.747258549e-02
1.796400000e-02,5.208260854e-01,-1.018756893e-03,2.697498928e+00,-5.218448423e-02,5.218448423e-02
1.796600000e-02,4.658295142e-01,-1.047566552e-03,2.796387951e+00,-4.668770807e-02,4.668770807e-02
1.796800000e-02,4.089701876e-01,-1.072187209e-03,2.884094800e+00,-4.100423748e-02,4.100423748e-02
1.797000000e-02,3.504754743e-01,-1.092520412e-03,2.960268753e+00,-3.515679948e-02,3.515679948e-02
1.797200000e-02,2.905792825e-01,-1.108484854e-03,3.024605208e+00,-2.916877674e-02,2.916877674e-02
1.797400000e-02,2.295211246e-01,-1.120016695e-03,3.076846896e+00,-2.306411413e-02,2.306411413e-02
1.797600000e-02,1.675451595e-01,-1.127069823e-03,3.116784913e+00,-1.686722293e-02,1.686722293e-02
1.797800000e-02,1.048992161e-01,-1.129616033e-03,3.144259555e+00,-1.060288321e-02,1.060288321e-02
1.798000000e-02,4.183380254e-02,-1.127645143e-03,3.159160957e+00,-4.296144769e-03,4.296144769e-03
1.798200000e-02,-2.139889567e-02,-1.121165035e-03,3.161429532e+00,2.027773064e-03,-2.027773064e-03
1.798400000e-02,-8.454602415e-02,-1.110201621e-03,3.151056208e+00,8.343582253e-03,-8.343582253e-03
1.798600000e-02,-1.473550707e-01,-1.094798742e-03,3.128082465e+00,1.462602719e-02,-1.462602719e-02
1.798800000e-02,-2.095748749e-01,-1.075017990e-03,3.092600171e+00,2.084998569e-02,-2.084998569e-02
1.799000000e-02,-2.709566328e-01,-1.050938465e-03,3.044751212e+00,2.699056944e-02,-2.699056944e-02
1.799200000e-02,-3.312548915e-01,-1.022656455e-03,2.984726927e+00,3.302322351e-02,-3.302322351e-02
1.799400000e-02,-3.902285308e-01,-9.902850555e-04,2.912767339e+00,3.892382457e-02,-3.892382457e-02
1.799600000e-02,-4.476417273e-01,-9.539537116e-04,2.829160201e+00,4.466877736e-02,-4.466877736e-02
1.799800000e-02,-5.032648977e-01,-9.138077053e-04,2.734239839e+00,5.023510900e-02,-5.023510900e-02
1.800000000e-02,-5.568756165e-01,-8.700075721e-04,2.628385821e+00,5.560056089e-02,-5.560056089e-02
1.800200000e-02,-6.082595055e-01,-8.227284596e-04,2.512021435e+00,6.074367770e-02,-6.074367770e-02
1.800400000e-02,-6.572110912e-01,-7.721594270e-04,2.385611998e+00,6.564389318e-02,-6.564389318e-02
1.800600000e-02,-7.035346265e-01,-7.185026895e-04,2.249662994e+00,7.028161238e-02,-7.028161238e-02
1.800800000e-02,-7.470448731e-01,-6.619728093e-04,2.104718056e+00,7.463829003e-02,-7.463829003e-02
1.801000000e-02,-7.875678427e-01,-6.027958374e-04,1.951356789e+00,7.869650469e-02,-7.869650469e-02
1.801200000e-02,-8.249414923e-01,-5.412084104e-04,1.790192451e+00,8.244002839e-02,-8.244002839e-02
1.801400000e-02,-8.590163725e-01,-4.774568035e-04,1.621869506e+00,8.585389157e-02,-8.585389157e-02
1.801600000e-02,-8.896562248e-01,-4.117959461e-04,1.447061043e+00,8.892444289e-02,-8.892444289e-02
1.801800000e-02,-9.167385270e-01,-3.444884024e-04,1.266466083e+00,9.163940386e-02,-9.163940386e-02
1.802000000e-02,-9.401549825e-01,-2.758033213e-04,1.080806789e+00,9.398791792e-02,-9.398791792e-02
1.802200000e-02,-9.598119537e-01,-2.060153600e-04,8.908255732e-01,9.596059384e-02,-9.596059384e-02
1.802400000e-02,-9.756308366e-01,-1.354035862e-04,6.972821312e-01,9.754954331e-02,-9.754954330e-02
1.802600000e-02,-9.875483747e-01,-6.425036158e-05,5.009504031e-01,9.874841244e-02,-9.874841244e-02
1.802800000e-02,-9.955169123e-01,7.159786863e-06,3.026154785e-01,9.955240721e-02,-9.955240721e-02
1.803000000e-02,-9.995045848e-01,7.854130481e-05,1.030704576e-01,9.995831261e-02,-9.995831261e-02
1.803200000e-02,-9.994954464e-01,1.496087524e-04,-9.688672065e-02,9.996450551e-02,-9.996450551e-02
1.803400000e-02,-9.954895335e-01,2.200779457e-04,-2.964564691e-01,9.957096115e-02,-9.957096115e-02
1.803600000e-02,-9.875028651e-01,2.896670931e-04,-4.948407497e-01,9.877925322e-02,-9.877925322e-02
1.803800000e-02,-9.755673781e-01,3.580979221e-04,-6.912462652e-01,9.759254761e-02,-9.759254760e-02
1.804000000e-02,-9.597308001e-01,4.250967919e-04,-8.848876305e-01,9.601558969e-02,-9.601558969e-02
1.804200000e-02,-9.400564583e-01,4.903957881e-04,-1.074990514e+00,9.405468541e-02,-9.405468541e-02
1.804400000e-02,-9.166230262e-01,5.537337935e-04,-1.260794735e+00,9.171767600e-02,-9.171767600e-02
1.804600000e-02,-8.895242093e-01,6.148575327e-04,-1.441557299e+00,8.901390668e-02,-8.901390668e-02
1.804800000e-02,-8.588683700e-01,6.735225845e-04,-1.616555376e+00,8.595418926e-02,-8.595418926e-02
1.805000000e-02,-8.247780949e-01,7.294943595e-04,-1.785089184e+00,8.255075892e-02,-8.255075892e-02
1.805200000e-02,-7.873897036e-01,7.825490384e-04,-1.946484791e+00,7.881722527e-02,-7.881722527e-02
1.805400000e-02,-7.468527048e-01,8.324744664e-04,-2.100096811e+00,7.476851792e-02,-7.476851792e-02
1.805600000e-02,-7.033291973e-01,8.790710021e-04,-2.245310981e+00,7.042082683e-02,-7.042082683e-02
1.805800000e-02,-6.569932226e-01,9.221523158e-04,-2.381546618e+00,6.579153749e-02,-6.579153749e-02
1.806000000e-02,-6.080300687e-01,9.615461342e-04,-2.508258947e+00,6.089916148e-02,-6.089916148e-02
1.806200000e-02,-5.566355290e-01,9.970949296e-04,-2.624941269e+00,5.576326239e-02,-5.576326239e-02
1.806400000e-02,-5.030151196e-01,1.028656550e-03,-2.731126998e+00,5.040437762e-02,-5.040437762e-02
1.806600000e-02,-4.473832574e-01,1.056104786e-03,-2.826391517e+00,4.484393622e-02,-4.484393622e-02
1.806800000e-02,-3.899624026e-01,1.079329880e-03,-2.910353885e+00,3.910417325e-02,-3.910417325e-02
1.807000000e-02,-3.309821692e-01,1.098238957e-03,-2.982678353e+00,3.320804082e-02,-3.320804082e-02
1.807200000e-02,-2.706784070e-01,1.112756405e-03,-3.043075710e+00,2.717911634e-02,-2.717911634e-02
1.807400000e-02,-2.092922582e-01,1.122824172e-03,-3.091304441e+00,2.104150824e-02,-2.104150824e-02
1.807600000e-02,-1.470691931e-01,1.128401999e-03,-3.127171688e+00,1.481975951e-02,-1.481975951e-02
1.807800000e-02,-8.425802896e-02,1.129467581e-03,-3.150534027e+00,8.538749654e-03,-8.538749654e-03
1.808000000e-02,-2.110993446e-02,1.126016657e-03,-3.161298035e+00,2.223595112e-03,-2.223595112e-03
1.808200000e-02,4.212257428e-02,1.118063026e-03,-3.159420669e+00,-4.100451125e-03,4.100451125e-03
1.808400000e-02,1.051866436e-01,1.105638494e-03,-3.144909438e+00,-1.040810051e-02,1.040810051e-02
1.808600000e-02,1.678300934e-01,1.088792744e-03,-3.117822367e+00,-1.667413007e-02,1.667413007e-02
1.808800000e-02,2.298024256e-01,1.067593137e-03,-3.078267774e+00,-2.287348325e-02,2.287348325e-02
1.809000000e-02,2.908558257e-01,1.042124448e-03,-3.026403828e+00,-2.898137012e-02,2.898137012e-02
1.809200000e-02,3.507461538e-01,1.012488520e-03,-2.962437923e+00,-3.497336653e-02,3.497336653e-02
1.809400000e-02,4.092339210e-01,9.788038614e-04,-2.886625845e+00,-4.082551172e-02,4.082551172e-02
1.809600000e-02,4.660852469e-01,9.412051695e-04,-2.799270750e+00,-4.651440417e-02,4.651440417e-02
1.809800000e-02,5.210727948e-01,8.998427937e-04,-2.700721954e+00,-5.201729520e-02,5.201729520e-02
1.810000000e-02,5.739766810e-01,8.548821339e-04,-2.591373532e+00,-5.731217989e-02,5.731217989e-02
1.810200000e-02,6.245853539e-01,8.065029782e-04,-2.471662747e+00,-6.237788509e-02,6.237788509e-02
1.810400000e-02,6.726964398e-01,7.548987848e-04,-2.342068296e+00,-6.719415410e-02,6.719415410e-02
1.810600000e-02,7.181175526e-01,7.002759082e-04,-2.203108402e+00,-7.174172767e-02,7.174172767e-02
1.810800000e-02,7.606670627e-01,6.428527740e-04,-2.055338735e+00,-7.600242099e-02,7.600242099e-02
1.811000000e-02,8.001748234e-01,5.828590051e-04,-1.899350196e+00,-7.995919644e-02,7.995919644e-02
1.811200000e-02,8.364828514e-01,5.205345044e-04,-1.735766551e+00,-8.359623169e-02,8.359623169e-02
1.811400000e-02,8.694459584e-01,4.561284945e-04,-1.565241937e+00,-8.689898300e-02,8.689898300e-02
1.811600000e-02,8.989323320e-01,3.898985215e-04,-1.388458245e+00,-8.985424335e-02,8.985424335e-02
1.811800000e-02,9.248240621e-01,3.221094255e-04,-1.206122398e+00,-9.245019527e-02,9.245019527e-02
1.812000000e-02,9.470176132e-01,2.530322809e-04,-1.018963518e+00,-9.467645809e-02,9.467645809e-02
1.812200000e-02,9.654242378e-01,1.829433128e-04,-8.277300151e-01,-9.652412944e-02,9.652412944e-02
1.812400000e-02,9.799703316e-01,1.121227925e-04,-6.331865919e-01,-9.798582088e-02,9.798582088e-02
1.812600000e-02,9.905977280e-01,4.085391645e-05,-4.361111873e-01,-9.905568741e-02,9.905568741e-02
1.812800000e-02,9.972639301e-01,-3.057832591e-05,-2.372918647e-01,-9.972945084e-02,9.972945084e-02
1.813000000e-02,9.999422811e-01,-1.018882919e-04,-3.752366129e-02,-1.000044169e-01,1.000044169e-01
1.813200000e-02,9.986220710e-01,-1.727908278e-04,1.623945914e-01,-9.987948618e-02,9.987948618e-02
1.813400000e-02,9.933085789e-01,-2.430024092e-04,3.616634619e-01,-9.935515813e-02,9.935515813e-02
1.813600000e-02,9.840230524e-01,-3.122422744e-04,5.594861155e-01,-9.843352947e-02,9.843352947e-02
1.813800000e-02,9.708026224e-01,-3.802335477e-04,7.550715004e-01,-9.711828560e-02,9.711828560e-02
1.814000000e-02,9.537001547e-01,-4.467043462e-04,9.476375115e-01,-9.541468590e-02,9.541468590e-02
1.814200000e-02,9.327840384e-01,-5.113888669e-04,1.136414117e+00,-9.332954273e-02,9.332954272e-02
1.814400000e-02,9.081379127e-01,-5.740284499e-04,1.320646439e+00,-9.087119412e-02,9.087119412e-02
1.814600000e-02,8.798603324e-01,-6.343726125e-04,1.499597771e+00,-8.804947051e-02,8.804947051e-02
1.814800000e-02,8.480643737e-01,-6.921800510e-04,1.672552523e+00,-8.487565538e-02,8.487565538e-02
1.815000000e-02,8.128771819e-01,-7.472196055e-04,1.838819086e+00,-8.136244016e-02,8.136244016e-02
1.815200000e-02,7.744394634e-01,-7.992711841e-04,1.997732593e+00,-7.752387346e-02,7.752387346e-02
1.815400000e-02,7.329049225e-01,-8.481266435e-04,2.148657583e+00,-7.337530492e-02,7.337530492e-02
1.815600000e-02,6.884396473e-01,-8.935906210e-04,2.290990539e+00,-6.893332379e-02,6.893332379e-02
1.815800000e-02,6.412214452e-01,-9.354813153e-04,2.424162300e+00,-6.421569265e-02,6.421569265e-02
1.816000000e-02,5.914391318e-01,-9.736312145e-04,2.547640340e+00,-5.924127630e-02,5.924127630e-02
1.816200000e-02,5.392917764e-01,-1.007887765e-03,2.660930896e+00,-5.402996641e-02,5.402996641e-02
1.816400000e-02,4.849879053e-01,-1.038113982e-03,2.763580943e+00,-4.860260193e-02,4.860260193e-02
1.816600000e-02,4.287446685e-01,-1.064188997e-03,2.855180005e+00,-4.298088575e-02,4.298088575e-02
1.816800000e-02,3.707869709e-01,-1.086008542e-03,2.935361796e+00,-3.718729795e-02,3.718729795e-02
1.817000000e-02,3.113465734e-01,-1.103485364e-03,3.003805685e+00,-3.124500587e-02,3.124500587e-02
1.817200000e-02,2.506611656e-01,-1.116549578e-03,3.060237980e+00,-2.517777152e-02,2.517777152e-02
1.817400000e-02,1.889734160e-01,-1.125148942e-03,3.104433021e+00,-1.900985650e-02,1.900985650e-02
1.817600000e-02,1.265300011e-01,-1.129249070e-03,3.136214079e+00,-1.276592501e-02,1.276592501e-02
1.817800000e-02,6.358061893e-02,-1.128833565e-03,3.155454069e+00,-6.470945250e-03,6.470945250e-03
1.818000000e-02,3.769911238e-04,-1.123904090e-03,3.162076055e+00,-1.500895214e-04,1.500895214e-04
1.818200000e-02,-6.282814419e-02,-1.114480357e-03,3.156053557e+00,6.171366384e-03,-6.171366383e-03
1.818400000e-02,-1.257820428e-01,-1.100600048e-03,3.137410657e+00,1.246814428e-02,-1.246814428e-02
1.818600000e-02,-1.882329652e-01,-1.082318668e-03,3.106221904e+00,1.871506466e-02,-1.871506466e-02
1.818800000e-02,-2.499311832e-01,-1.059709322e-03,3.062612016e+00,2.488714738e-02,-2.488714738e-02
1.819000000e-02,-3.106299783e-01,-1.032862418e-03,3.006755379e+00,3.095971159e-02,-3.095971159e-02
1.819200000e-02,-3.700866287e-01,-1.001885312e-03,2.938875353e+00,3.690847434e-02,-3.690847434e-02
1.819400000e-02,-4.280633797e-01,-9.669018751e-04,2.859243376e+00,4.270964779e-02,-4.270964778e-02
1.819600000e-02,-4.843283943e-01,-9.280519989e-04,2.768177880e+00,4.834003423e-02,-4.834003423e-02
1.819800000e-02,-5.386566804e-01,-8.854910356e-04,2.666043015e+00,5.377711893e-02,-5.377711893e-02
1.820000000e-02,-5.908309904e-01,-8.393891779e-04,2.553247200e+00,5.899916012e-02,-5.899916012e-02
1.820200000e-02,-6.406426902e-01,-7.899307775e-04,2.430241480e+00,6.398527594e-02,-6.398527594e-02
1.820400000e-02,-6.878925931e-01,-7.373136081e-04,2.297517729e+00,6.871552795e-02,-6.871552795e-02
1.820600000e-02,-7.323917567e-01,-6.817480751e-04,2.155606683e+00,7.317100086e-02,-7.317100086e-02
1.820800000e-02,-7.739622379e-01,-6.234563733e-04,2.005075815e+00,7.733387816e-02,-7.733387816e-02
1.821000000e-02,-8.124378052e-01,-5.626715992e-04,1.846527065e+00,8.118751336e-02,-8.118751336e-02
1.821200000e-02,-8.476646026e-01,-4.996368183e-04,1.680594437e+00,8.471649658e-02,-8.471649658e-02
1.821400000e-02,-8.795017656e-01,-4.346040937e-04,1.507941462e+00,8.790671615e-02,-8.790671615e-02
1.821600000e-02,-9.078219840e-01,-3.678334778e-04,1.329258543e+00,9.074541505e-02,-9.074541505e-02
1.821800000e-02,-9.325120111e-01,-2.995919723e-04,1.145260195e+00,9.322124191e-02,-9.322124191e-02
1.822000000e-02,-9.534731166e-01,-2.301524608e-04,9.566821902e-01,9.532429642e-02,-9.532429642e-02
1.822200000e-02,-9.706214815e-01,-1.597926175e-04,7.642786121e-01,9.704616889e-02,-9.704616889e-02
1.822400000e-02,-9.838885329e-01,-8.879379673e-05,5.688188428e-01,9.837997391e-02,-9.837997391e-02
1.822600000e-02,-9.932212188e-01,-1.743990804e-05,3.710844852e-01,9.932037789e-02,-9.932037788e-02
1.822800000e-02,-9.985822195e-01,5.398371919e-05,1.718662380e-01,9.986362033e-02,-9.986362033e-02
1.823000000e-02,-9.999500977e-01,1.251914768e-04,-2.803926661e-02,1.000075289e-01,-1.000075289e-01
1.823200000e-02,-9.973193835e-01,1.958986197e-04,-2.278326480e-01,9.975152821e-02,-9.975152821e-02
1.823400000e-02,-9.907005964e-01,2.658224047e-04,-4.267149740e-01,9.909664188e-02,-9.909664188e-02
1.823600000e-02,-9.801202038e-01,3.346832213e-04,-6.238909556e-01,9.804548870e-02,-9.804548870e-02
1.823800000e-02,-9.656205143e-01,4.022057093e-04,-8.185721270e-01,9.660227200e-02,-9.660227200e-02
1.824000000e-02,-9.472595092e-01,4.681198603e-04,-1.009979999e+00,9.477276291e-02,-9.477276291e-02
1.824200000e-02,-9.251106104e-01,5.321620973e-04,-1.197349171e+00,9.256427725e-02,-9.256427725e-02
1.824400000e-02,-8.992623866e-01,5.940763288e-04,-1.379930392e+00,8.998564630e-02,-8.998564630e-02
1.824600000e-02,-8.698181997e-01,6.536149726e-04,-1.556993559e+00,8.704718147e-02,-8.704718146e-02
1.824800000e-02,-8.368957906e-01,7.105399462e-04,-1.727830632e+00,8.376063306e-02,-8.376063306e-02
1.825000000e-02,-8.006268094e-01,7.646236183e-04,-1.891758471e+00,8.013914330e-02,-8.013914330e-02
1.825200000e-02,-7.611562881e-01,8.156497195e-04,-2.048121560e+00,7.619719378e-02,-7.619719378e-02
1.825400000e-02,-7.186420611e-01,8.634142072e-04,-2.196294638e+00,7.195054754e-02,-7.195054753e-02
1.825600000e-02,-6.732541340e-01,9.077260810e-04,-2.335685190e+00,6.741618601e-02,-6.741618601e-02
1.825800000e-02,-6.251740037e-01,9.484081470e-04,-2.465735823e+00,6.261224118e-02,-6.261224118e-02
1.826000000e-02,-5.745939325e-01,9.852977262e-04,-2.585926491e+00,5.755792303e-02,-5.755792303e-02
1.826200000e-02,-5.217161798e-01,1.018247305e-03,-2.695776577e+00,5.227344271e-02,-5.227344271e-02
1.826400000e-02,-4.667521925e-01,1.047125124e-03,-2.794846813e+00,4.677993176e-02,-4.677993176e-02
1.826600000e-02,-4.099217603e-01,1.071815708e-03,-2.882741038e+00,4.109935760e-02,-4.109935760e-02
1.826800000e-02,-3.514521362e-01,1.092220323e-03,-2.959107781e+00,3.525443566e-02,-3.525443566e-02
1.827000000e-02,-2.915771282e-01,1.108257377e-03,-3.023641668e+00,2.926853856e-02,-2.926853856e-02
1.827200000e-02,-2.305361639e-01,1.119862740e-03,-3.076084640e+00,2.316560266e-02,-2.316560266e-02
1.827400000e-02,-1.685733334e-01,1.126990005e-03,-3.116226990e+00,1.697003234e-02,-1.697003234e-02
1.827600000e-02,-1.059364132e-01,1.129610671e-03,-3.143908197e+00,1.070660238e-02,-1.070660238e-02
1.827800000e-02,-4.287587530e-02,1.127714260e-03,-3.159017568e+00,4.400358956e-03,-4.400358956e-03
1.828000000e-02,2.035611428e-02,1.121308353e-03,-3.161494685e+00,-1.923480593e-03,1.923480593e-03
1.828200000e-02,8.350670400e-02,1.110418567e-03,-3.151329643e+00,-8.239628544e-03,8.239628543e-03
1.828400000e-02,1.463233678e-01,1.095088449e-03,-3.128563089e+00,-1.452282793e-02,1.452282793e-02
1.828600000e-02,2.085549148e-01,1.075379300e-03,-3.093286062e+00,-2.074795355e-02,2.074795355e-02
1.828800000e-02,2.699524942e-01,1.051369932e-03,-3.045639627e+00,-2.689011243e-02,2.689011243e-02
1.829000000e-02,3.302705896e-01,1.023156355e-03,-2.985814313e+00,-3.292474333e-02,3.292474333e-02
1.829200000e-02,3.892680017e-01,9.908513884e-04,-2.914049348e+00,-3.882771503e-02,3.882771503e-02
1.829400000e-02,4.467088120e-01,9.545842133e-04,-2.830631706e+00,-4.457542278e-02,4.457542278e-02
1.829600000e-02,5.023633267e-01,9.144998544e-04,-2.735894957e+00,-5.014488269e-02,5.014488268e-02
1.829800000e-02,5.560089949e-01,8.707586009e-04,-2.630217933e+00,-5.551382363e-02,5.551382363e-02
1.830000000e-02,6.074312988e-01,8.235353647e-04,-2.514023215e+00,-6.066077635e-02,6.066077635e-02
1.830200000e-02,6.564246113e-01,7.730189819e-04,-2.387775440e+00,-6.556515923e-02,6.556515923e-02
1.830400000e-02,7.027930183e-01,7.194114571e-04,-2.251979448e+00,-7.020736069e-02,7.020736069e-02
1.830600000e-02,7.463511022e-01,6.629271554e-04,-2.107178259e+00,-7.456881751e-02,7.456881751e-02
1.830800000e-02,7.869246833e-01,6.037919459e-04,-1.953950903e+00,-7.863208914e-02,7.863208914e-02
1.831000000e-02,8.243515163e-01,5.422422981e-04,-1.792910103e+00,-8.238092740e-02,8.238092740e-02
1.831200000e-02,8.584819390e-01,4.785243360e-04,-1.624699828e+00,-8.580034146e-02,8.580034146e-02
1.831400000e-02,8.891794710e-01,4.128928547e-04,-1.449992717e+00,-8.887665781e-02,8.887665781e-02
1.831600000e-02,9.163213592e-01,3.456103008e-04,-1.269487386e+00,-9.159757489e-02,9.159757489e-02
1.831800000e-02,9.397990689e-01,2.769457231e-04,-1.083905640e+00,-9.395221232e-02,9.395221232e-02
1.832000000e-02,9.595187176e-01,2.071736971e-04,-8.939895803e-01,-9.593115440e-02,9.593115439e-02
1.832200000e-02,9.754014506e-01,1.365732265e-04,-7.004986422e-01,-9.752648774e-02,9.752648774e-02
1.832400000e-02,9.873837560e-01,6.542662808e-05,-5.042065558e-01,-9.873183294e-02,9.873183294e-02
1.832600000e-02,9.954177192e-01,-5.981597864e-06,-3.058982522e-01,-9.954237008e-02,9.954237008e-02
1.832800000e-02,9.994712139e-01,-7.736590463e-05,-1.063667252e-01,-9.995485799e-02,9.995485798e-02
1.833000000e-02,9.995280312e-01,-1.484408412e-04,9.359014031e-02,-9.996764720e-02,9.996764720e-02
1.833200000e-02,9.955879438e-01,-2.189221938e-04,2.931727583e-01,-9.958068660e-02,9.958068660e-02
1.833400000e-02,9.876667072e-01,-2.885281220e-04,4.915830394e-01,-9.879552353e-02,9.879552353e-02
1.833600000e-02,9.757959969e-01,-3.569802863e-04,6.880275821e-01,-9.761529772e-02,9.761529772e-02
1.833800000e-02,9.600232814e-01,-4.240049607e-04,8.817208457e-01,-9.604472864e-02,9.604472864e-02
1.834000000e-02,9.404116325e-01,-4.893341275e-04,1.071888291e+00,-9.409009667e-02,9.409009667e-02
1.834200000e-02,9.170394731e-01,-5.527065488e-04,1.257769478e+00,-9.175921797e-02,9.175921796e-02
1.834400000e-02,8.900002636e-01,-6.138688116e-04,1.438621106e+00,-8.906141324e-02,8.906141324e-02
1.834600000e-02,8.594021281e-01,-6.725763407e-04,1.613719988e+00,-8.600747044e-02,8.600747044e-02
1.834800000e-02,8.253674223e-01,-7.285943770e-04,1.782365940e+00,-8.260960166e-02,8.260960166e-02
1.835000000e-02,7.880322438e-01,-7.816989159e-04,1.943884580e+00,-7.888139427e-02,7.888139427e-02
1.835200000e-02,7.475458883e-01,-8.316776034e-04,2.097630031e+00,-7.483775659e-02,7.483775659e-02
1.835400000e-02,7.040702522e-01,-8.783305851e-04,2.242987495e+00,-7.049485828e-02,7.049485828e-02
1.835600000e-02,6.577791857e-01,-9.214713055e-04,2.379375719e+00,-6.587006570e-02,6.587006570e-02
1.835800000e-02,6.088577971e-01,-9.609272539e-04,2.506249314e+00,-6.098187243e-02,6.098187243e-02
1.836000000e-02,5.575017127e-01,-9.965406540e-04,2.623100940e+00,-5.584982534e-02,5.584982534e-02
1.836200000e-02,5.039162950e-01,-1.028169095e-03,2.729463330e+00,-5.049444641e-02,5.049444641e-02
1.836400000e-02,4.483158208e-01,-1.055686102e-03,2.824911165e+00,-4.493715069e-02,4.493715069e-02
1.836600000e-02,3.909226249e-01,-1.078981640e-03,2.909062767e+00,-3.920016065e-02,3.920016065e-02
1.836800000e-02,3.319662107e-01,-1.097962555e-03,2.981581632e+00,-3.330641733e-02,3.330641732e-02
1.837000000e-02,2.716823327e-01,-1.112552946e-03,3.042177773e+00,-2.727948856e-02,2.727948856e-02
1.837200000e-02,2.103120536e-01,-1.122694469e-03,3.090608877e+00,-2.114347480e-02,2.114347480e-02
1.837400000e-02,1.481007803e-01,-1.128346570e-03,3.126681280e+00,-1.492291268e-02,1.492291268e-02
1.837600000e-02,8.529728274e-02,-1.129486648e-03,3.150250734e+00,-8.642676939e-03,8.642676939e-03
1.837800000e-02,2.215269913e-02,-1.126110144e-03,3.161222991e+00,-2.327880928e-03,2.327880928e-03
1.838000000e-02,-4.108046851e-02,-1.118230560e-03,3.159554174e+00,3.996223795e-03,-3.996223795e-03
1.838200000e-02,-1.041493639e-01,-1.105879404e-03,3.145250958e+00,1.030434845e-02,-1.030434845e-02
1.838400000e-02,-1.668017876e-01,-1.089106066e-03,3.118370537e+00,1.657126816e-02,-1.657126816e-02
1.838600000e-02,-2.287872057e-01,-1.067977620e-03,3.079020401e+00,2.277192281e-02,-2.277192281e-02
1.838800000e-02,-2.898577514e-01,-1.042578554e-03,3.027357903e+00,2.888151728e-02,-2.888151728e-02
1.839000000e-02,-3.497692162e-01,-1.013010433e-03,2.963589631e+00,3.487562058e-02,-3.487562057e-02
1.839200000e-02,-4.082820266e-01,-9.793914935e-04,2.887970579e+00,4.073026351e-02,-4.073026351e-02
1.839400000e-02,-4.651622022e-01,-9.418561713e-04,2.800803135e+00,4.642203460e-02,-4.642203460e-02
1.839600000e-02,-5.201822908e-01,-9.005545623e-04,2.702435861e+00,5.192817363e-02,-5.192817363e-02
1.839800000e-02,-5.731222787e-01,-8.556518230e-04,2.593262108e+00,5.722666269e-02,-5.722666269e-02
1.840000000e-02,-6.237704698e-01,-8.073275098e-04,2.473718439e+00,6.229631423e-02,-6.229631423e-02
1.840200000e-02,-6.719243325e-01,-7.557748620e-04,2.344282885e+00,6.711685576e-02,-6.711685576e-02
1.840400000e-02,-7.173913096e-01,-7.012000277e-04,2.205473031e+00,7.166901095e-02,-7.166901095e-02
1.840600000e-02,-7.599895880e-01,-6.438212402e-04,2.057843950e+00,7.593457668e-02,-7.593457668e-02
1.840800000e-02,-7.995488262e-01,-5.838679456e-04,1.901985978e+00,7.989649582e-02,-7.989649582e-02
1.841000000e-02,-8.359108349e-01,-5.215798845e-04,1.738522360e+00,8.353892550e-02,-8.353892550e-02
1.841200000e-02,-8.689302100e-01,-4.572061340e-04,1.568106753e+00,8.684730039e-02,-8.684730039e-02
1.841400000e-02,-8.984749140e-01,-3.910041112e-04,1.391420613e+00,8.980839099e-02,-8.980839099e-02
1.841600000e-02,-9.244268037e-01,-3.232385443e-04,1.209170472e+00,9.241035651e-02,-9.241035651e-02
1.841800000e-02,-9.466821028e-01,-2.541804137e-04,1.022085109e+00,9.464279224e-02,-9.464279224e-02
1.842000000e-02,-9.651518172e-01,-1.841058684e-04,8.309126402e-01,9.649677113e-02,-9.649677113e-02
1.842200000e-02,-9.797620902e-01,-1.132951221e-04,6.364175248e-01,9.796487951e-02,-9.796487951e-02
1.842400000e-02,-9.904544983e-01,-4.203133223e-05,4.393775081e-01,9.904124670e-02,-9.904124670e-02
1.842600000e-02,-9.971862850e-01,2.940053225e-05,2.405805122e-01,9.972156855e-02,-9.972156855e-02
1.842800000e-02,-9.999305311e-01,1.007148301e-04,4.082148482e-02,1.000031246e-01,-1.000031246e-01
1.843000000e-02,-9.986762630e-01,1.716263903e-04,-1.591007792e-01,9.988478894e-02,-9.988478894e-02
1.843200000e-02,-9.934284963e-01,2.418516523e-04,-3.583868322e-01,9.936703479e-02,-9.936703479e-02
1.843400000e-02,-9.842082156e-01,3.111097998e-04,-5.562397709e-01,9.845193254e-02,-9.845193254e-02
1.843600000e-02,-9.710522910e-01,3.791238839e-04,-7.518684224e-01,9.714314149e-02,-9.714314149e-02
1.843800000e-02,-9.540133302e-01,4.456219305e-04,-9.444905085e-01,9.544589522e-02,-9.544589522e-02
1.844000000e-02,-9.331594686e-01,5.103380277e-04,-1.133335774e+00,9.336698066e-02,-9.336698066e-02
1.844200000e-02,-9.085740964e-01,5.730133892e-04,-1.317649065e+00,9.091471098e-02,-9.091471097e-02
1.844400000e-02,-8.803555253e-01,6.333973894e-04,-1.496693351e+00,8.809889227e-02,-8.809889227e-02
1.844600000e-02,-8.486165956e-01,6.912485652e-04,-1.669752672e+00,8.493078442e-02,-8.493078442e-02
1.844800000e-02,-8.134842246e-01,7.463355817e-04,-1.836134999e+00,8.142305602e-02,-8.142305602e-02
1.845000000e-02,-7.750988995e-01,7.984381575e-04,-1.995175005e+00,7.758973376e-02,-7.758973376e-02
1.845200000e-02,-7.336141150e-01,8.473479452e-04,-2.146236720e+00,7.344614630e-02,-7.344614630e-02
1.845400000e-02,-6.891957603e-01,8.928693647e-04,-2.288716082e+00,6.900886297e-02,-6.900886297e-02
1.845600000e-02,-6.420214551e-01,9.348203853e-04,-2.422043344e+00,6.429562755e-02,-6.429562755e-02
1.845800000e-02,-5.922798397e-01,9.730332537e-04,-2.545685358e+00,5.932528730e-02,-5.932528729e-02
1.846000000e-02,-5.401698204e-01,1.007355164e-03,-2.659147706e+00,5.411771755e-02,-5.411771755e-02
1.846200000e-02,-4.858997743e-01,1.037648871e-03,-2.761976675e+00,4.869374231e-02,-4.869374231e-02
1.846400000e-02,-4.296867160e-01,1.063793236e-03,-2.853761075e+00,4.307505093e-02,-4.307505093e-02
1.846600000e-02,-3.717554300e-01,1.085683713e-03,-2.934133877e+00,3.728411137e-02,-3.728411137e-02
1.846800000e-02,-3.123375714e-01,1.103232767e-03,-3.002773688e+00,3.134408041e-02,-3.134408041e-02
1.847000000e-02,-2.516707397e-01,1.116370223e-03,-3.059406032e+00,2.527871099e-02,-2.527871099e-02
1.847200000e-02,-1.899975291e-01,1.125043546e-03,-3.103804447e+00,1.911225727e-02,-1.911225727e-02
1.847400000e-02,-1.275645579e-01,1.129218053e-03,-3.135791394e+00,1.286937760e-02,-1.286937760e-02
1.847600000e-02,-6.462148261e-02,1.128877053e-03,-3.155238964e+00,6.575035967e-03,-6.575035967e-03
1.847800000e-02,-1.419999423e-03,1.124021909e-03,-3.162069389e+00,2.544021332e-04,-2.544021332e-04
1.848000000e-02,6.178716205e-02,1.114672034e-03,-3.156255356e+00,-6.067249001e-03,6.067249001e-03
1.848200000e-02,1.247472495e-01,1.100864818e-03,-3.137820115e+00,-1.236463847e-02,1.236463847e-02
1.848400000e-02,1.872084987e-01,1.082655472e-03,-3.106837384e+00,-1.861258432e-02,1.861258432e-02
1.848600000e-02,2.489211400e-01,1.060116813e-03,-3.063431056e+00,-2.478610232e-02,2.478610232e-02
1.848800000e-02,3.096383974e-01,1.033338966e-03,-3.007774705e+00,-3.086050585e-02,3.086050585e-02
1.849000000e-02,3.691174753e-01,1.002429013e-03,-2.940090888e+00,-3.681150463e-02,3.681150463e-02
1.849200000e-02,4.271205292e-01,9.675105536e-04,-2.860650259e+00,-4.261530187e-02,4.261530187e-02
1.849400000e-02,4.834156170e-01,9.287232211e-04,-2.769770485e+00,-4.824868937e-02,4.824868937e-02
1.849600000e-02,5.377776262e-01,8.862221177e-04,-2.667814975e+00,-5.368914041e-02,5.368914041e-02
1.849800000e-02,5.899891746e-01,8.401771964e-04,-2.555191428e+00,-5.891489974e-02,5.891489974e-02
1.850000000e-02,6.398414789e-01,7.907725813e-04,-2.432350201e+00,-6.390507064e-02,6.390507064e-02
1.850200000e-02,6.871351903e-01,7.382058310e-04,-2.299782512e+00,-6.863969845e-02,6.863969845e-02
1.850400000e-02,7.316811910e-01,6.826871492e-04,-2.158018472e+00,-7.309985039e-02,7.309985039e-02
1.850600000e-02,7.733013508e-01,6.244385435e-04,-2.007624964e+00,-7.726769123e-02,7.726769123e-02
1.850800000e-02,8.118292393e-01,5.636929378e-04,-1.849203381e+00,-8.112655464e-02,8.112655464e-02
1.851000000e-02,8.471107916e-01,5.006932414e-04,-1.683387219e+00,-8.466100984e-02,8.466100984e-02
1.851200000e-02,8.790049240e-01,4.356913769e-04,-1.510839542e+00,-8.785692326e-02,8.785692326e-02
1.851400000e-02,9.073840986e-01,3.689472732e-04,-1.332250331e+00,-9.070151513e-02,9.070151513e-02
1.851600000e-02,9.321348328e-01,3.007278261e-04,-1.148333729e+00,-9.318341050e-02,9.318341050e-02
1.851800000e-02,9.531581538e-01,2.313058309e-04,-9.598251784e-01,-9.529268480e-02,9.529268480e-02
1.852000000e-02,9.703699936e-01,1.609588919e-04,-7.674784869e-01,-9.702090347e-02,9.702090347e-02
1.852200000e-02,9.837015256e-01,8.996831166e-05,-5.720628086e-01,-9.836115573e-02,9.836115572e-02
1.852400000e-02,9.930994398e-01,1.861796691e-05,-3.743595701e-01,-9.930808218e-02,9.930808218e-02
1.852600000e-02,9.985261559e-01,-5.280682721e-05,-1.751593455e-01,-9.985789627e-02,9.985789627e-02
1.852800000e-02,9.999599736e-01,-1.240204578e-04,2.474130486e-02,-1.000083994e-01,1.000083994e-01
1.853000000e-02,9.973951593e-01,-1.947381564e-04,2.245430199e-01,-9.975898975e-02,9.975898975e-02
1.853200000e-02,9.908419693e-01,-2.646771376e-04,4.234468341e-01,-9.911066465e-02,9.911066464e-02
1.853400000e-02,9.803266083e-01,-3.335577300e-04,6.206573725e-01,-9.806601661e-02,9.806601661e-02
1.853600000e-02,9.658911252e-01,-4.011044944e-04,8.153860311e-01,-9.662922297e-02,9.662922297e-02
1.853800000e-02,9.475932443e-01,-4.670473254e-04,1.006854131e+00,-9.480602916e-02,9.480602916e-02
1.854000000e-02,9.255061352e-01,-5.311225313e-04,1.194296030e+00,-9.260372577e-02,9.260372577e-02
1.854200000e-02,8.997181195e-01,-5.930738886e-04,1.376962188e+00,-9.003111934e-02,9.003111934e-02
1.854400000e-02,8.703323182e-01,-6.526536668e-04,1.554122160e+00,-8.709849718e-02,8.709849718e-02
1.854600000e-02,8.374662390e-01,-7.096236188e-04,1.725067521e+00,-8.381758626e-02,8.381758626e-02
1.854800000e-02,8.012513064e-01,-7.637559334e-04,1.889114696e+00,-8.020150624e-02,8.020150624e-02
1.855000000e-02,7.618323366e-01,-8.148341470e-04,2.045607695e+00,-7.626471708e-02,7.626471708e-02
1.855200000e-02,7.193669577e-01,-8.626540083e-04,2.193920733e+00,-7.202296118e-02,7.202296117e-02
1.855400000e-02,6.740249800e-01,-9.070242956e-04,2.333460739e+00,-6.749320043e-02,6.749320043e-02
1.855600000e-02,6.259877166e-01,-9.477675815e-04,2.463669721e+00,-6.269354842e-02,6.269354842e-02
1.855800000e-02,5.754472585e-01,-9.847209420e-04,2.584027000e+00,-5.764319795e-02,5.764319795e-02
1.856000000e-02,5.226057065e-01,-1.017736608e-03,2.694051292e+00,-5.236234431e-02,5.236234431e-02
1.856200000e-02,4.676743630e-01,-1.046682557e-03,2.793302634e+00,-4.687210456e-02,4.687210456e-02
1.856400000e-02,4.108728870e-01,-1.071443041e-03,2.881384140e+00,-4.119443301e-02,4.119443301e-02
1.856600000e-02,3.524284158e-01,-1.091919046e-03,2.957943589e+00,-3.535203349e-02,3.535203349e-02
1.856800000e-02,2.925746567e-01,-1.108028695e-03,3.022674838e+00,-2.936826854e-02,2.936826854e-02
1.857000000e-02,2.315509523e-01,-1.119707567e-03,3.075319038e+00,-2.326706599e-02,2.326706599e-02
1.857200000e-02,1.696013239e-01,-1.126908961e-03,3.115665678e+00,-1.707282328e-02,1.707282328e-02
1.857400000e-02,1.069734950e-01,-1.129604081e-03,3.143553418e+00,-1.081030991e-02,1.081030991e-02
1.857600000e-02,4.391790141e-02,-1.127782149e-03,3.158870742e+00,-4.504568356e-03,4.504568356e-03
1.857800000e-02,-1.931331075e-02,-1.121450451e-03,3.161556399e+00,1.819186030e-03,-1.819186030e-03
1.858000000e-02,-8.246729301e-02,-1.110634306e-03,3.151599650e+00,8.135665870e-03,-8.135665870e-03
1.858200000e-02,-1.452915057e-01,-1.095376965e-03,3.129040309e+00,1.441961287e-02,-1.441961287e-02
1.858400000e-02,-2.075347279e-01,-1.075739440e-03,3.093968587e+00,2.064589885e-02,-2.064589885e-02
1.858600000e-02,-2.689480619e-01,-1.051800256e-03,3.046524728e+00,2.678962616e-02,-2.678962616e-02
1.858800000e-02,-3.292859285e-01,-1.023655142e-03,2.986898450e+00,3.282622734e-02,-3.282622734e-02
1.859000000e-02,-3.883070492e-01,-9.914166436e-04,2.915328187e+00,3.873156325e-02,-3.873156325e-02
1.859200000e-02,-4.457754108e-01,-9.552136765e-04,2.832100132e+00,4.448201971e-02,-4.448201971e-02
1.859400000e-02,-5.014612092e-01,-9.151910087e-04,2.737547099e+00,5.005460182e-02,-5.005460182e-02
1.859600000e-02,-5.551417685e-01,-8.715086822e-04,2.632047183e+00,5.542702598e-02,-5.542702598e-02
1.859800000e-02,-6.066024314e-01,-8.243413739e-04,2.516022259e+00,6.057780900e-02,-6.057780900e-02
1.860000000e-02,-6.556374173e-01,-7.738776959e-04,2.389936285e+00,6.548635396e-02,-6.548635396e-02
1.860200000e-02,-7.020506456e-01,-7.203194419e-04,2.254293453e+00,7.013303262e-02,-7.013303262e-02
1.860400000e-02,-7.456565194e-01,-6.638807803e-04,2.109636170e+00,7.449926386e-02,-7.449926386e-02
1.860600000e-02,-7.862806678e-01,-6.047873976e-04,1.956542891e+00,7.856758804e-02,-7.856758804e-02
1.860800000e-02,-8.237606434e-01,-5.432755958e-04,1.795625804e+00,8.232173678e-02,-8.232173678e-02
1.861000000e-02,-8.579465715e-01,-4.795913480e-04,1.627528382e+00,8.574669802e-02,-8.574669802e-02
1.861200000e-02,-8.887017498e-01,-4.139893141e-04,1.452922814e+00,8.882877605e-02,-8.882877605e-02
1.861400000e-02,-9.159031946e-01,-3.467318231e-04,1.272507309e+00,9.155564627e-02,-9.155564627e-02
1.861600000e-02,-9.394421330e-01,-2.780878236e-04,1.087003312e+00,9.391640452e-02,-9.391640452e-02
1.861800000e-02,-9.592244377e-01,-2.083318087e-04,8.971526149e-01,9.590161059e-02,-9.590161059e-02
1.862000000e-02,-9.751710034e-01,-1.377427183e-04,7.037143912e-01,9.750332607e-02,-9.750332607e-02
1.862200000e-02,-9.872180632e-01,-6.660282339e-05,5.074621599e-01,9.871514604e-02,-9.871514603e-02
1.862400000e-02,-9.953174432e-01,4.803402350e-06,3.091806931e-01,9.953222466e-02,-9.953222466e-02
1.862600000e-02,-9.994367558e-01,7.619042029e-05,1.096628770e-01,9.995129462e-02,-9.995129462e-02
1.862800000e-02,-9.995595287e-01,1.472727686e-04,-9.029345815e-02,9.997068015e-02,-9.997068015e-02
1.863000000e-02,-9.956852709e-01,2.177662037e-04,-2.898887285e-01,9.959030371e-02,-9.959030371e-02
1.863200000e-02,-9.878294749e-01,2.873888371e-04,-4.883247942e-01,9.881168637e-02,-9.881168637e-02
1.863400000e-02,-9.760235542e-01,3.558622623e-04,-6.848081506e-01,9.763794165e-02,-9.763794165e-02
1.863600000e-02,-9.603147184e-01,4.229126683e-04,-8.785531016e-01,9.607376311e-02,-9.607376311e-02
1.863800000e-02,-9.407657837e-01,4.882719345e-04,-1.068784902e+00,9.412540557e-02,-9.412540557e-02
1.864000000e-02,-9.174549224e-01,5.516787029e-04,-1.254742853e+00,9.180066011e-02,-9.180066011e-02
1.864200000e-02,-8.904753497e-01,6.128794228e-04,-1.435683349e+00,8.910882291e-02,-8.910882291e-02
1.864400000e-02,-8.599349512e-01,6.716293654e-04,-1.610882845e+00,8.606065806e-02,-8.606065806e-02
1.864600000e-02,-8.259558518e-01,7.276936019e-04,-1.779640756e+00,8.266835454e-02,-8.266835454e-02
1.864800000e-02,-7.886739267e-01,7.808479430e-04,-1.941282254e+00,7.894547746e-02,-7.894547746e-02
1.865000000e-02,-7.482382586e-01,8.308798356e-04,-2.095160968e+00,7.490691384e-02,-7.490691384e-02
1.865200000e-02,-7.048105413e-01,8.775892126e-04,-2.240661570e+00,7.056881305e-02,-7.056881305e-02
1.865400000e-02,-6.585644333e-01,9.207892928e-04,-2.377202231e+00,6.594852226e-02,-6.594852226e-02
1.865600000e-02,-6.096848631e-01,9.603073281e-04,-2.504236955e+00,6.106451704e-02,-6.106451704e-02
1.865800000e-02,-5.583672899e-01,9.959852943e-04,-2.621257757e+00,5.593632752e-02,-5.593632752e-02
1.866000000e-02,-5.048169221e-01,1.027680522e-03,-2.727796694e+00,5.058446027e-02,-5.058446027e-02
1.866200000e-02,-4.492478965e-01,1.055266270e-03,-2.823427739e+00,4.503031627e-02,-4.503031627e-02
1.866400000e-02,-3.918824219e-01,1.078632227e-03,-2.907768484e+00,3.929610541e-02,-3.929610541e-02
1.866600000e-02,-3.329498910e-01,1.097684958e-03,-2.980481668e+00,3.340475760e-02,-3.340475760e-02
1.866800000e-02,-2.726859628e-01,1.112348276e-03,-3.041276526e+00,2.737983111e-02,-2.737983111e-02
1.867000000e-02,-2.113316201e-01,1.122563544e-03,-3.089909951e+00,2.124541837e-02,-2.124541837e-02
1.867200000e-02,-1.491322063e-01,1.128289913e-03,-3.126187469e+00,1.502604962e-02,-1.502604962e-02
1.867400000e-02,-8.633644373e-02,1.129504487e-03,-3.149964014e+00,8.746594821e-03,-8.746594821e-03
1.867600000e-02,-2.319543971e-02,1.126202406e-03,-3.161144508e+00,2.432164212e-03,-2.432164211e-03
1.867800000e-02,4.003831805e-02,1.118396877e-03,-3.159684242e+00,-3.891992117e-03,3.891992117e-03
1.868000000e-02,1.031119709e-01,1.106119111e-03,-3.145589056e+00,-1.020058518e-02,1.020058518e-02
1.868200000e-02,1.657733004e-01,1.089418205e-03,-3.118915314e+00,-1.646838822e-02,1.646838822e-02
1.868400000e-02,2.277717370e-01,1.068360942e-03,-3.079769679e+00,-2.267033761e-02,2.267033761e-02
1.868600000e-02,2.888593618e-01,1.043031525e-03,-3.028308685e+00,-2.878163303e-02,2.878163303e-02
1.868800000e-02,3.487918981e-01,1.013531243e-03,-2.964738114e+00,-3.477783668e-02,3.477783668e-02
1.869000000e-02,4.073296881e-01,9.799780601e-04,-2.889312173e+00,-4.063497100e-02,4.063497100e-02
1.869200000e-02,4.642386514e-01,9.425061487e-04,-2.802332473e+00,-4.632961453e-02,4.632961452e-02
1.869400000e-02,5.192912209e-01,9.012653513e-04,-2.704146828e+00,-5.183899556e-02,5.183899556e-02
1.869600000e-02,5.722672529e-01,8.564205811e-04,-2.595147863e+00,-5.714108323e-02,5.714108323e-02
1.869800000e-02,6.229549071e-01,8.081511633e-04,-2.475771441e+00,-6.221467559e-02,6.221467559e-02
1.870000000e-02,6.711514942e-01,7.566501170e-04,-2.346494924e+00,-6.703948441e-02,6.703948441e-02
1.870200000e-02,7.166642861e-01,7.021233843e-04,-2.207835262e+00,-7.159621627e-02,7.159621627e-02
1.870400000e-02,7.593112866e-01,6.447890061e-04,-2.060346926e+00,-7.586664976e-02,7.586664976e-02
1.870600000e-02,7.989219592e-01,5.848762510e-04,-1.904619691e+00,-7.983370829e-02,7.983370829e-02
1.870800000e-02,8.353379090e-01,5.226246973e-04,-1.741276278e+00,-8.348152843e-02,8.348152843e-02
1.871000000e-02,8.684135163e-01,4.582832761e-04,-1.570969864e+00,-8.679552330e-02,8.679552330e-02
1.871200000e-02,8.980165186e-01,3.921092755e-04,-1.394381467e+00,-8.976244093e-02,8.976244093e-02
1.871400000e-02,9.240285396e-01,3.243673114e-04,-1.212217230e+00,-9.237041723e-02,9.237041723e-02
1.871600000e-02,9.463455627e-01,2.553282699e-04,-1.025205587e+00,-9.460902344e-02,9.460902344e-02
1.871800000e-02,9.648783467e-01,1.852682238e-04,-8.340943613e-01,-9.646930785e-02,9.646930784e-02
1.872000000e-02,9.795527829e-01,1.144673285e-04,-6.396477654e-01,-9.794383155e-02,9.794383155e-02
1.872200000e-02,9.903101912e-01,4.320870228e-05,-4.426433510e-01,-9.902669825e-02,9.902669825e-02
1.872400000e-02,9.971075551e-01,-2.822270661e-05,-2.438688980e-01,-9.971357778e-02,9.971357778e-02
1.872600000e-02,9.999176933e-01,-9.954125875e-05,-4.411926394e-02,-1.000017235e-01,1.000017235e-01
1.872800000e-02,9.987293686e-01,-1.704617661e-04,1.558067939e-01,-9.988998304e-02,9.988998304e-02
1.873000000e-02,9.935473329e-01,-2.407006323e-04,3.551098127e-01,-9.937880335e-02,9.937880335e-02
1.873200000e-02,9.843923080e-01,-3.099769867e-04,5.529928213e-01,-9.847022850e-02,9.847022850e-02
1.873400000e-02,9.713009031e-01,-3.780138077e-04,7.486645265e-01,-9.716789169e-02,9.716789169e-02
1.873600000e-02,9.543254679e-01,-4.445390300e-04,9.413424781e-01,-9.547700070e-02,9.547700069e-02
1.873800000e-02,9.335338837e-01,-5.092866333e-04,1.130256197e+00,-9.340431703e-02,9.340431703e-02
1.874000000e-02,9.090092916e-01,-5.719977052e-04,1.314650256e+00,-9.095812893e-02,9.095812893e-02
1.874200000e-02,8.808497604e-01,-6.324214773e-04,1.493787303e+00,-8.814821819e-02,8.814821819e-02
1.874400000e-02,8.491678943e-01,-6.903163274e-04,1.666951004e+00,-8.498582106e-02,8.498582106e-02
1.874600000e-02,8.140903824e-01,-7.454507462e-04,1.833448916e+00,-8.148358331e-02,8.148358331e-02
1.874800000e-02,7.757574923e-01,-7.976042624e-04,1.992615246e+00,-7.765550966e-02,7.765550966e-02
1.875000000e-02,7.343225095e-01,-8.465683251e-04,2.143813523e+00,-7.351690778e-02,7.351690778e-02
1.875200000e-02,6.899511236e-01,-8.921471371e-04,2.286439135e+00,-6.908432707e-02,6.908432707e-02
1.875400000e-02,6.428207667e-01,-9.341584384e-04,2.419921753e+00,-6.437549251e-02,6.437549251e-02
1.875600000e-02,5.931199033e-01,-9.724342343e-04,2.543727607e+00,-5.940923375e-02,5.940923375e-02
1.875800000e-02,5.410472767e-01,-1.006821468e-03,2.657361623e+00,-5.420540982e-02,5.420540982e-02
1.876000000e-02,4.868111146e-01,-1.037182632e-03,2.760369403e+00,-4.878482973e-02,4.878482973e-02
1.876200000e-02,4.306282962e-01,-1.063396319e-03,2.852339040e+00,-4.316916925e-02,4.316916925e-02
1.876400000e-02,3.727234847e-01,-1.085357704e-03,2.932902766e+00,-3.738088424e-02,3.738088424e-02
1.876600000e-02,3.133282296e-01,-1.102978970e-03,3.001738425e+00,-3.144312085e-02,3.144312085e-02
1.876800000e-02,2.526800400e-01,-1.116189653e-03,3.058570755e+00,-2.537962296e-02,2.537962296e-02
1.877000000e-02,1.910214355e-01,-1.124936925e-03,3.103172498e+00,-1.921463724e-02,1.921463724e-02
1.877200000e-02,1.285989760e-01,-1.129185809e-03,3.135365299e+00,-1.297281618e-02,1.297281618e-02
1.877400000e-02,6.566227599e-02,-1.128919313e-03,3.155020426e+00,-6.679119531e-03,6.679119531e-03
1.877600000e-02,2.463006178e-03,-1.124138504e-03,3.162059283e+00,-3.587144682e-04,3.587144682e-04
1.877800000e-02,-6.074611269e-02,-1.114862499e-03,3.156453722e+00,5.963125019e-03,-5.963125019e-03
1.878000000e-02,-1.237123205e-01,-1.101128390e-03,3.138226160e+00,1.226111921e-02,-1.226111921e-02
1.878200000e-02,-1.861838284e-01,-1.082991098e-03,3.107449484e+00,1.851008373e-02,-1.851008373e-02
1.878400000e-02,-2.479108260e-01,-1.060523150e-03,3.064246764e+00,2.468503028e-02,-2.468503028e-02
1.878600000e-02,-3.086464797e-01,-1.033814391e-03,3.008790758e+00,3.076126653e-02,-3.076126653e-02
1.878800000e-02,-3.681479204e-01,-1.002971623e-03,2.941303224e+00,3.671449488e-02,-3.671449488e-02
1.879000000e-02,-4.261772141e-01,-9.681181795e-04,2.862054030e+00,4.252090959e-02,-4.252090959e-02
1.879200000e-02,-4.825023137e-01,-9.293934332e-04,2.771360077e+00,4.815729203e-02,-4.815729203e-02
1.879400000e-02,-5.368979870e-01,-8.869522358e-04,2.669584032e+00,5.360110348e-02,-5.360110348e-02
1.879600000e-02,-5.891467169e-01,-8.409643010e-04,2.557132876e+00,5.883057526e-02,-5.883057526e-02
1.879800000e-02,-6.390395716e-01,-7.916135247e-04,2.434456277e+00,6.382479581e-02,-6.382479581e-02
1.880000000e-02,-6.863770400e-01,-7.390972507e-04,2.302044794e+00,6.856379427e-02,-6.856379427e-02
1.880200000e-02,-7.309698293e-01,-6.836254806e-04,2.160427912e+00,7.302862039e-02,-7.302862039e-02
1.880400000e-02,-7.726396224e-01,-6.254200342e-04,2.010171929e+00,7.720142024e-02,-7.720142024e-02
1.880600000e-02,-8.112197903e-01,-5.647136633e-04,1.851877686e+00,8.106550767e-02,-8.106550767e-02
1.880800000e-02,-8.465560590e-01,-5.017491199e-04,1.686178170e+00,8.460543099e-02,-8.460543099e-02
1.881000000e-02,-8.785071262e-01,-4.367781861e-04,1.513735978e+00,8.780703480e-02,-8.780703480e-02
1.881200000e-02,-9.069452260e-01,-3.700606672e-04,1.335240670e+00,9.065751653e-02,-9.065751653e-02
1.881400000e-02,-9.317566405e-01,-3.018633527e-04,1.151406013e+00,9.314547772e-02,-9.314547772e-02
1.881600000e-02,-9.528421541e-01,-2.324589494e-04,9.629671225e-01,9.526096951e-02,-9.526096951e-02
1.881800000e-02,-9.701174500e-01,-1.621249911e-04,7.706775268e-01,9.699553250e-02,-9.699553250e-02
1.882000000e-02,-9.835134481e-01,-9.114272873e-05,5.753061521e-01,9.834223053e-02,-9.834223053e-02
1.882200000e-02,-9.929765804e-01,-1.979600553e-05,3.776342477e-01,9.929567844e-02,-9.929567844e-02
1.882400000e-02,-9.984690059e-01,5.162987780e-05,1.784522625e-01,9.985206358e-02,-9.985206358e-02
1.882600000e-02,-9.999687616e-01,1.228493040e-04,-2.144331620e-02,1.000091611e-01,-1.000091611e-01
1.882800000e-02,-9.974698502e-01,1.935774813e-04,-2.212531475e-01,9.976634277e-02,-9.976634277e-02
1.883000000e-02,-9.909822643e-01,2.635315826e-04,-4.201782335e-01,9.912457959e-02,-9.912457959e-02
1.883200000e-02,-9.805319465e-01,3.324318759e-04,-6.174231142e-01,9.808643783e-02,-9.808643783e-02
1.883400000e-02,-9.661606853e-01,4.000028433e-04,-8.121990482e-01,9.665606882e-02,-9.665606882e-02
1.883600000e-02,-9.479259486e-01,4.659742825e-04,-1.003727167e+00,9.483919229e-02,-9.483919228e-02
1.883800000e-02,-9.259006531e-01,5.300823874e-04,-1.191241590e+00,9.264307355e-02,-9.264307355e-02
1.884000000e-02,-9.001728735e-01,5.920708032e-04,-1.373992485e+00,9.007649443e-02,-9.007649443e-02
1.884200000e-02,-8.708454899e-01,6.516916510e-04,-1.551249071e+00,8.714971815e-02,-8.714971815e-02
1.884400000e-02,-8.380357762e-01,7.087065193e-04,-1.722302534e+00,8.387444827e-02,-8.387444827e-02
1.884600000e-02,-8.018749318e-01,7.628874178e-04,-1.886468867e+00,8.026378192e-02,-8.026378192e-02
1.884800000e-02,-7.625075563e-01,8.140176881e-04,-2.043091604e+00,7.633215740e-02,-7.633215740e-02
1.885000000e-02,-7.200910718e-01,8.618928711e-04,-2.191544442e+00,7.209529646e-02,-7.209529646e-02
1.885200000e-02,-6.747950928e-01,9.063215236e-04,-2.331233750e+00,6.757014143e-02,-6.757014143e-02
1.885400000e-02,-6.268007485e-01,9.471259850e-04,-2.461600939e+00,6.277478745e-02,-6.277478745e-02
1.885600000e-02,-5.762999585e-01,9.841430865e-04,-2.582124698e+00,5.772841016e-02,-5.772841016e-02
1.885800000e-02,-5.234946648e-01,1.017224805e-03,-2.692323078e+00,5.245118896e-02,-5.245118896e-02
1.886000000e-02,-4.685960248e-01,1.046238852e-03,-2.791755417e+00,4.696422637e-02,-4.696422637e-02
1.886200000e-02,-4.118235668e-01,1.071069208e-03,-2.880024107e+00,4.128946360e-02,-4.128946360e-02
1.886400000e-02,-3.534043120e-01,1.091616581e-03,-2.956776180e+00,3.544959286e-02,-3.544959286e-02
1.886600000e-02,-2.935718668e-01,1.107798807e-03,-3.021704720e+00,2.946796657e-02,-2.946796657e-02
1.886800000e-02,-2.325654889e-01,1.119551175e-03,-3.074550091e+00,2.336850401e-02,-2.336850401e-02
1.887000000e-02,-1.706291299e-01,1.126826691e-03,-3.115100976e+00,1.717559566e-02,-1.717559566e-02
1.887200000e-02,-1.080104605e-01,1.129596262e-03,-3.143195220e+00,1.091400568e-02,-1.091400568e-02
1.887400000e-02,-4.495987975e-02,1.127848812e-03,-3.158720480e+00,4.608772856e-03,-4.608772856e-03
1.887600000e-02,1.827048621e-02,1.121591329e-03,-3.161614674e+00,-1.714889488e-03,1.714889488e-03
1.887800000e-02,8.142779230e-02,1.110848836e-03,-3.151866228e+00,-8.031694346e-03,8.031694346e-03
1.888000000e-02,1.442594856e-01,1.095664289e-03,-3.129514125e+00,-1.431638213e-02,1.431638213e-02
1.888200000e-02,2.065143152e-01,1.076098409e-03,-3.094647746e+00,-2.054382168e-02,2.054382168e-02
1.888400000e-02,2.679433370e-01,1.052229435e-03,-3.047406515e+00,-2.668911076e-02,2.668911076e-02
1.888600000e-02,3.283009091e-01,1.024152815e-03,-2.987979338e+00,-3.272767563e-02,3.272767563e-02
1.888800000e-02,3.873456742e-01,9.919808202e-04,-2.916603854e+00,-3.863536934e-02,3.863536934e-02
1.889000000e-02,4.448415245e-01,9.558421006e-04,-2.833565477e+00,-4.438856824e-02,4.438856824e-02
1.889200000e-02,5.005585461e-01,9.158811672e-04,-2.739196262e+00,-4.996426649e-02,4.996426649e-02
1.889400000e-02,5.542739382e-01,8.722578156e-04,-2.633873570e+00,-5.534016804e-02,5.534016804e-02
1.889600000e-02,6.057729041e-01,8.251464864e-04,-2.518018566e+00,-6.049477576e-02,6.049477576e-02
1.889800000e-02,6.548495101e-01,7.747355679e-04,-2.392094530e+00,-6.540747745e-02,6.540747745e-02
1.890000000e-02,7.013075091e-01,7.212266432e-04,-2.256605004e+00,-7.005862825e-02,7.005862825e-02
1.890200000e-02,7.449611253e-01,6.648336831e-04,-2.112091785e+00,-7.442962917e-02,7.442962917e-02
1.890400000e-02,7.856357969e-01,6.057821913e-04,-1.959132750e+00,-7.850300148e-02,7.850300147e-02
1.890600000e-02,8.231688744e-01,5.443083027e-04,-1.798339551e+00,-8.226245661e-02,8.226245661e-02
1.890800000e-02,8.574102708e-01,4.806578383e-04,-1.630355166e+00,-8.569296129e-02,8.569296129e-02
1.891000000e-02,8.882230618e-01,4.150853232e-04,-1.455851330e+00,-8.878079765e-02,8.878079765e-02
1.891200000e-02,9.154840335e-01,3.478529682e-04,-1.275525847e+00,-9.151361806e-02,9.151361806e-02
1.891400000e-02,9.390841751e-01,2.792296216e-04,-1.090099801e+00,-9.388049454e-02,9.388049454e-02
1.891600000e-02,9.589291143e-01,2.094896938e-04,-9.003146735e-01,-9.587196246e-02,9.587196246e-02
1.891800000e-02,9.749394954e-01,1.389120602e-04,-7.069293745e-01,-9.748005834e-02,9.748005834e-02
1.892000000e-02,9.870512963e-01,6.777894626e-05,-5.107172121e-01,-9.869835174e-02,9.869835174e-02
1.892200000e-02,9.952160844e-01,-3.625201609e-06,-3.124627977e-01,-9.952197096e-02,9.952197096e-02
1.892400000e-02,9.994012104e-01,-7.501485306e-05,-1.129589095e-01,-9.994762252e-02,9.994762252e-02
1.892600000e-02,9.995899388e-01,-1.461045357e-04,8.699667776e-02,-9.997360433e-02,9.997360433e-02
1.892800000e-02,9.957815149e-01,-2.166099767e-04,2.866043834e-01,-9.959981249e-02,9.959981249e-02
1.893000000e-02,9.879911679e-01,-2.862492395e-04,4.850660178e-01,-9.882774172e-02,9.882774172e-02
1.893200000e-02,9.762500497e-01,-3.547438511e-04,6.815879741e-01,-9.766047936e-02,9.766047936e-02
1.893400000e-02,9.606051106e-01,-4.218199158e-04,8.753844018e-01,-9.610269306e-02,9.610269306e-02
1.893600000e-02,9.411189115e-01,-4.872092104e-04,1.065680349e+00,-9.416061207e-02,9.416061207e-02
1.893800000e-02,9.178693736e-01,-5.506502567e-04,1.251714863e+00,-9.184200239e-02,9.184200239e-02
1.894000000e-02,8.909494670e-01,-6.118893672e-04,1.432744029e+00,-8.915613564e-02,8.915613564e-02
1.894200000e-02,8.604668388e-01,-6.706816594e-04,1.608043950e+00,-8.611375205e-02,8.611375205e-02
1.894400000e-02,8.265433827e-01,-7.267920351e-04,1.776913637e+00,-8.272701748e-02,8.272701748e-02
1.894600000e-02,7.893147516e-01,-7.799961206e-04,1.938677817e+00,-7.900947477e-02,7.900947477e-02
1.894800000e-02,7.489298149e-01,-8.300811639e-04,2.092689627e+00,-7.497598960e-02,7.497598960e-02
1.895000000e-02,7.055500636e-01,-8.768468853e-04,2.238333206e+00,-7.064269105e-02,7.064269105e-02
1.895200000e-02,6.593489644e-01,-9.201062783e-04,2.375026157e+00,-6.602690707e-02,6.602690707e-02
1.895400000e-02,6.105112659e-01,-9.596863578e-04,2.502221872e+00,-6.114709522e-02,6.114709522e-02
1.895600000e-02,5.592322597e-01,-9.954288511e-04,2.619411722e+00,-5.602276886e-02,5.602276886e-02
1.895800000e-02,5.057170001e-01,-1.027190831e-03,2.726127090e+00,-5.067441910e-02,5.067441909e-02
1.896000000e-02,4.501794834e-01,-1.054845289e-03,2.821941242e+00,-4.512343287e-02,4.512343287e-02
1.896200000e-02,3.928417926e-01,-1.078281640e-03,2.906471039e+00,-3.939200742e-02,3.939200742e-02
1.896400000e-02,3.339332091e-01,-1.097406167e-03,2.979378462e+00,-3.350306153e-02,3.350306153e-02
1.896600000e-02,2.736892963e-01,-1.112142395e-03,3.040371970e+00,-2.748014387e-02,2.748014387e-02
1.896800000e-02,2.123509568e-01,-1.122431397e-03,3.089207664e+00,-2.134733882e-02,2.134733882e-02
1.897000000e-02,1.501634700e-01,-1.128232029e-03,3.125690258e+00,-1.512917021e-02,1.512917021e-02
1.897200000e-02,8.737551079e-02,-1.129521096e-03,3.149673867e+00,-8.850503189e-03,8.850503189e-03
1.897400000e-02,2.423815505e-02,-1.126293443e-03,3.161062586e+00,-2.536444849e-03,2.536444849e-03
1.897600000e-02,-3.899612403e-02,-1.118561977e-03,3.159810873e+00,3.787756206e-03,-3.787756205e-03
1.897800000e-02,-1.020744657e-01,-1.106357615e-03,3.145923733e+00,1.009681081e-02,-1.009681081e-02
1.898000000e-02,-1.647446329e-01,-1.089729158e-03,3.119456699e+00,1.636549037e-02,-1.636549037e-02
1.898200000e-02,-2.267560205e-01,-1.068743101e-03,3.080515606e+00,2.256872774e-02,-2.256872774e-02
1.898400000e-02,-2.878606579e-01,-1.043483362e-03,3.029256172e+00,2.868171746e-02,-2.868171746e-02
1.898600000e-02,-3.478142005e-01,-1.014050951e-03,2.965883373e+00,3.468001495e-02,-3.468001495e-02
1.898800000e-02,-4.063769064e-01,-9.805635606e-04,2.890650623e+00,4.053963428e-02,-4.053963428e-02
1.899000000e-02,-4.633145956e-01,-9.431551007e-04,2.803858762e+00,4.623714405e-02,-4.623714405e-02
1.899200000e-02,-5.183995861e-01,-9.019751597e-04,2.705854853e+00,5.174976109e-02,-5.174976109e-02
1.899400000e-02,-5.714116045e-01,-8.571884077e-04,2.597030794e+00,5.705544161e-02,-5.705544161e-02
1.899600000e-02,-6.221386667e-01,-8.089739375e-04,2.477821749e+00,6.213296928e-02,-6.213296927e-02
1.899800000e-02,-6.703779258e-01,-7.575245489e-04,2.348704410e+00,6.696204012e-02,-6.696204012e-02
1.900000000e-02,-7.159364830e-01,-7.030459770e-04,2.210195090e+00,7.152334370e-02,-7.152334370e-02
1.900200000e-02,-7.586321591e-01,-6.457560706e-04,2.062847660e+00,7.579864031e-02,-7.579864031e-02
1.900400000e-02,-7.982942231e-01,-5.858839200e-04,1.907251332e+00,7.977083391e-02,-7.977083391e-02
1.900600000e-02,-8.347640744e-01,-5.236689414e-04,1.744028301e+00,8.342404055e-02,-8.342404055e-02
1.900800000e-02,-8.678958779e-01,-4.593599197e-04,1.573831265e+00,8.674365180e-02,-8.674365180e-02
1.901000000e-02,-8.975571463e-01,-3.932140132e-04,1.397340805e+00,8.971639323e-02,-8.971639322e-02
1.901200000e-02,-9.236292703e-01,-3.254957256e-04,1.215262669e+00,9.233037746e-02,-9.233037746e-02
1.901400000e-02,-9.460079930e-01,-2.564758484e-04,1.028324951e+00,9.457515172e-02,-9.457515171e-02
1.901600000e-02,-9.646038265e-01,-1.864303775e-04,8.372751751e-01,9.644173961e-02,-9.644173961e-02
1.901800000e-02,-9.793424099e-01,-1.156394104e-04,6.428773101e-01,9.792267705e-02,-9.792267705e-02
1.902000000e-02,-9.901648068e-01,-4.438602530e-05,4.459087124e-01,9.901204208e-02,-9.901204207e-02
1.902200000e-02,-9.970277405e-01,2.704485026e-05,2.471570185e-01,9.970547854e-02,-9.970547854e-02
1.902400000e-02,-9.999037677e-01,9.836757910e-05,4.741699506e-02,1.000002135e-01,-1.000002135e-01
1.902600000e-02,-9.987813877e-01,1.692969564e-04,-1.525126390e-01,9.989506846e-02,-9.989506846e-02
1.902800000e-02,-9.936650887e-01,2.395493505e-04,-3.518324068e-01,9.939046380e-02,-9.939046380e-02
1.903000000e-02,-9.845753296e-01,3.088438365e-04,-5.497452700e-01,9.848841735e-02,-9.848841735e-02
1.903200000e-02,-9.715484586e-01,3.769033202e-04,-7.454598162e-01,9.719253620e-02,-9.719253619e-02
1.903400000e-02,-9.546365674e-01,4.434556460e-04,-9.381934236e-01,9.550800231e-02,-9.550800231e-02
1.903600000e-02,-9.339072832e-01,5.082346849e-04,-1.127175391e+00,9.344155179e-02,-9.344155179e-02
1.903800000e-02,-9.094434979e-01,5.709813990e-04,-1.311650018e+00,9.100144793e-02,-9.100144793e-02
1.904000000e-02,-8.813430373e-01,6.314448772e-04,-1.490879629e+00,8.819744822e-02,-8.819744822e-02
1.904200000e-02,-8.497182692e-01,6.893833387e-04,-1.664147523e+00,8.504076525e-02,-8.504076525e-02
1.904400000e-02,-8.146956545e-01,7.445650996e-04,-1.830760838e+00,8.154402196e-02,-8.154402196e-02
1.904600000e-02,-7.764152413e-01,7.967694995e-04,-1.990053320e+00,7.772120108e-02,-7.772120108e-02
1.904800000e-02,-7.350301050e-01,8.457877840e-04,-2.141387993e+00,7.358758928e-02,-7.358758928e-02
1.905000000e-02,-6.907057363e-01,8.914239391e-04,-2.284159701e+00,6.915971602e-02,-6.915971602e-02
1.905200000e-02,-6.436193790e-01,9.334954752e-04,-2.417797529e+00,6.445528744e-02,-6.445528744e-02
1.905400000e-02,-5.939593216e-01,9.718341571e-04,-2.541767088e+00,5.949311558e-02,-5.949311558e-02
1.905600000e-02,-5.419241445e-01,1.006286676e-03,-2.655572649e+00,5.429304312e-02,-5.429304311e-02
1.905800000e-02,-4.877219254e-01,1.036715264e-03,-2.758759128e+00,4.887586407e-02,-4.887586407e-02
1.906000000e-02,-4.315694078e-01,1.062998244e-03,-2.850913902e+00,4.326324061e-02,-4.326324060e-02
1.906200000e-02,-3.736911339e-01,1.085030514e-03,-2.931668465e+00,3.747761644e-02,-3.747761644e-02
1.906400000e-02,-3.143185469e-01,1.102723974e-03,-3.000699896e+00,3.154212709e-02,-3.154212709e-02
1.906600000e-02,-2.536890654e-01,1.116007869e-03,-3.057732151e+00,2.548050733e-02,-2.548050733e-02
1.906800000e-02,-1.920451341e-01,1.124829081e-03,-3.102537172e+00,1.931699632e-02,-1.931699632e-02
1.907000000e-02,-1.296332542e-01,1.129152336e-03,-3.134935792e+00,1.307624066e-02,-1.307624066e-02
1.907200000e-02,-6.670299794e-02,1.128960345e-03,-3.154798456e+00,6.783195829e-03,-6.783195829e-03
1.907400000e-02,-3.506010254e-03,1.124253876e-03,-3.162045737e+00,4.630264130e-04,-4.630264130e-04
1.907600000e-02,5.970499724e-02,1.115051751e-03,-3.156648654e+00,-5.858994549e-03,5.858994549e-03
1.907800000e-02,1.226772569e-01,1.101390765e-03,-3.138628791e+00,-1.215758661e-02,1.215758661e-02
1.908000000e-02,1.851589557e-01,1.083325546e-03,-3.108058203e+00,-1.840756301e-02,1.840756301e-02
1.908200000e-02,2.469002423e-01,1.060928334e-03,-3.065059138e+00,-2.458393140e-02,2.458393140e-02
1.908400000e-02,3.076542263e-01,1.034288691e-03,-3.009803538e+00,-3.066199376e-02,3.066199376e-02
1.908600000e-02,3.671779649e-01,1.003513142e-03,-2.942512360e+00,-3.661744518e-02,3.661744518e-02
1.908800000e-02,4.252334353e-01,9.687247523e-04,-2.863454687e+00,-4.242647105e-02,4.242647105e-02
1.909000000e-02,4.815884856e-01,9.300626342e-04,-2.772946655e+00,-4.806584230e-02,4.806584230e-02
1.909200000e-02,5.360177637e-01,8.876813890e-04,-2.671350185e+00,-5.351300823e-02,5.351300823e-02
1.909400000e-02,5.883036183e-01,8.417504906e-04,-2.559071542e+00,-5.874618678e-02,5.874618678e-02
1.909600000e-02,6.382369691e-01,7.924536071e-04,-2.436559704e+00,-6.374445155e-02,6.374445155e-02
1.909800000e-02,6.856181430e-01,7.399878665e-04,-2.304304571e+00,-6.848781551e-02,6.848781551e-02
1.910000000e-02,7.302576725e-01,6.845630682e-04,-2.162835003e+00,-7.295731094e-02,7.295731094e-02
1.910200000e-02,7.719770535e-01,6.264008447e-04,-2.012716707e+00,-7.713506527e-02,7.713506527e-02
1.910400000e-02,8.106094588e-01,5.657337745e-04,-1.854549977e+00,-8.100437251e-02,8.100437251e-02
1.910600000e-02,8.460004055e-01,5.028044525e-04,-1.688967286e+00,-8.454976011e-02,8.454976011e-02
1.910800000e-02,8.780083726e-01,4.378645202e-04,-1.516630767e+00,-8.775705081e-02,8.775705081e-02
1.911000000e-02,9.065053668e-01,3.711736587e-04,-1.338229556e+00,-9.061341932e-02,9.061341932e-02
1.911200000e-02,9.313774346e-01,3.029985510e-04,-1.154477044e+00,-9.310744361e-02,9.310744361e-02
1.911400000e-02,9.525251178e-01,2.336118150e-04,-9.661080189e-01,-9.522915060e-02,9.522915060e-02
1.911600000e-02,9.698638511e-01,1.632909140e-04,-7.738757284e-01,-9.697005602e-02,9.697005602e-02
1.911800000e-02,9.833243006e-01,9.231704666e-05,-5.785488697e-01,-9.832319836e-02,9.832319836e-02
1.912000000e-02,9.928526408e-01,2.097402260e-05,-3.809085145e-01,-9.928316668e-02,9.928316668e-02
1.912200000e-02,9.984107698e-01,-5.045287220e-05,-1.817449853e-01,-9.984612227e-02,9.984612227e-02
1.912400000e-02,9.999764618e-01,-1.216780165e-04,1.814530421e-02,-1.000098140e-01,1.000098140e-01
1.912600000e-02,9.975434559e-01,-1.924165956e-04,2.179630345e-01,-9.977358725e-02,9.977358725e-02
1.912800000e-02,9.911214812e-01,-2.623857409e-04,4.169091759e-01,-9.913838670e-02,9.913838670e-02
1.913000000e-02,9.807362179e-01,-3.313056601e-04,6.141881842e-01,-9.810675236e-02,9.810675235e-02
1.913200000e-02,9.664291944e-01,-3.989007570e-04,8.090111817e-01,-9.668280952e-02,9.668280952e-02
1.913400000e-02,9.482576216e-01,-4.649007326e-04,1.000599112e+00,-9.487225223e-02,9.487225223e-02
1.913600000e-02,9.262941638e-01,-5.290416669e-04,1.188185854e+00,-9.268232055e-02,9.268232055e-02
1.913800000e-02,9.006266483e-01,-5.910670737e-04,1.371021288e+00,-9.012177154e-02,9.012177154e-02
1.914000000e-02,8.713577142e-01,-6.507289261e-04,1.548374294e+00,-8.720084431e-02,8.720084431e-02
1.914200000e-02,8.386044018e-01,-7.077886490e-04,1.719535672e+00,-8.393121905e-02,8.393121904e-02
1.914400000e-02,8.024976848e-01,-7.620180722e-04,1.883820985e+00,-8.032597029e-02,8.032597029e-02
1.914600000e-02,7.631819466e-01,-8.132003437e-04,2.040573290e+00,-7.639951469e-02,7.639951469e-02
1.914800000e-02,7.208144024e-01,-8.611307961e-04,2.189165767e+00,-7.216755332e-02,7.216755332e-02
1.915000000e-02,6.755644714e-01,-9.056177656e-04,2.329004225e+00,-6.764700892e-02,6.764700892e-02
1.915200000e-02,6.276130986e-01,-9.464833581e-04,2.459529480e+00,-6.285595819e-02,6.285595819e-02
1.915400000e-02,5.771520315e-01,-9.835641604e-04,2.580219587e+00,-5.781355957e-02,5.781355957e-02
1.915600000e-02,5.243830535e-01,-1.016711894e-03,2.690591934e+00,-5.253997654e-02,5.253997654e-02
1.915800000e-02,4.695171768e-01,-1.045794009e-03,2.790205163e+00,-4.705629708e-02,4.705629708e-02
1.916000000e-02,4.127737985e-01,-1.070694210e-03,2.878660941e+00,-4.138444927e-02,4.138444927e-02
1.916200000e-02,3.543798237e-01,-1.091312929e-03,2.955605554e+00,-3.554711366e-02,3.554711366e-02
1.916400000e-02,2.945687577e-01,-1.107567714e-03,3.020731315e+00,-2.956763254e-02,2.956763254e-02
1.916600000e-02,2.335797724e-01,-1.119393566e-03,3.073777799e+00,-2.346991660e-02,2.346991660e-02
1.916800000e-02,1.716567503e-01,-1.126743196e-03,3.114532885e+00,-1.727834935e-02,1.727834935e-02
1.917000000e-02,1.090473085e-01,-1.129587214e-03,3.142833602e+00,-1.101768957e-02,1.101768957e-02
1.917200000e-02,4.600180918e-02,-1.127914248e-03,3.158566782e+00,-4.712972342e-03,4.712972342e-03
1.917400000e-02,-1.722764179e-02,-1.121730987e-03,3.161669509e+00,1.610591080e-03,-1.610591080e-03
1.917600000e-02,-8.038820300e-02,-1.111062158e-03,3.152129378e+00,7.927714085e-03,-7.927714084e-03
1.917800000e-02,-1.432273085e-01,-1.095950422e-03,3.129984537e+00,1.421313581e-02,-1.421313581e-02
1.918000000e-02,-2.054936778e-01,-1.076456208e-03,3.095323539e+00,2.044172216e-02,-2.044172216e-02
1.918200000e-02,-2.669383206e-01,-1.052657470e-03,3.048284986e+00,2.658856632e-02,-2.658856632e-02
1.918400000e-02,-3.273155326e-01,-1.024649374e-03,2.989056976e+00,3.262908832e-02,-3.262908832e-02
1.918600000e-02,-3.863838779e-01,-9.925439176e-04,2.917876348e+00,3.853913340e-02,-3.853913340e-02
1.918800000e-02,-4.439071544e-01,-9.564694848e-04,2.835027740e+00,4.429506849e-02,-4.429506849e-02
1.919000000e-02,-4.996553385e-01,-9.165703294e-04,2.740842445e+00,4.987387682e-02,-4.987387682e-02
1.919200000e-02,-5.534055049e-01,-8.730060000e-04,2.635697092e+00,5.525324989e-02,-5.525324989e-02
1.919400000e-02,-6.049427177e-01,-8.259507011e-04,2.520012134e+00,6.041167670e-02,-6.041167670e-02
1.919600000e-02,-6.540608905e-01,-7.755925972e-04,2.394250172e+00,6.532852979e-02,-6.532852979e-02
1.919800000e-02,-7.005636098e-01,-7.221330599e-04,2.258914101e+00,6.998414767e-02,-6.998414767e-02
1.920000000e-02,-7.442649209e-01,-6.657858626e-04,2.114545103e+00,7.435991350e-02,-7.435991350e-02
1.920200000e-02,-7.849900714e-01,-6.067763261e-04,1.961720479e+00,7.843832951e-02,-7.843832951e-02
1.920400000e-02,-8.225762099e-01,-5.453404174e-04,1.801051342e+00,8.220308695e-02,-8.220308695e-02
1.920600000e-02,-8.568730372e-01,-4.817238057e-04,1.633180176e+00,8.563913134e-02,-8.563913134e-02
1.920800000e-02,-8.877434075e-01,-4.161808807e-04,1.458778262e+00,8.873272267e-02,-8.873272266e-02
1.921000000e-02,-9.150638766e-01,-3.489737349e-04,1.278542997e+00,9.147149029e-02,-9.147149028e-02
1.921200000e-02,-9.387251955e-01,-2.803711158e-04,1.093195105e+00,9.384448244e-02,-9.384448244e-02
1.921400000e-02,-9.586327477e-01,-2.106473509e-04,9.034757527e-01,9.584221003e-02,-9.584221003e-02
1.921600000e-02,-9.747069268e-01,-1.400812510e-04,7.101435889e-01,9.745668456e-02,-9.745668456e-02
1.921800000e-02,-9.868834558e-01,-6.895499539e-05,5.139717086e-01,9.868145008e-02,-9.868145008e-02
1.922000000e-02,-9.951136430e-01,2.446996927e-06,3.157445623e-01,9.951160900e-02,-9.951160900e-02
1.922200000e-02,-9.993645778e-01,7.383920422e-05,1.162548192e-01,9.994384170e-02,-9.994384170e-02
1.922400000e-02,-9.996192615e-01,1.449361439e-04,-8.369980273e-02,9.997641976e-02,-9.997641976e-02
1.922600000e-02,-9.958766756e-01,2.154535141e-04,-2.833197266e-01,9.960921292e-02,-9.960921292e-02
1.922800000e-02,-9.881517861e-01,2.851093305e-04,-4.818067137e-01,9.884368955e-02,-9.884368955e-02
1.923000000e-02,-9.764754832e-01,3.536250539e-04,-6.783670561e-01,9.768291082e-02,-9.768291082e-02
1.923200000e-02,-9.608944579e-01,4.207267044e-04,-8.722147497e-01,9.613151846e-02,-9.613151846e-02
1.923400000e-02,-9.414710155e-01,4.861459562e-04,-1.062574638e+00,9.419571615e-02,-9.419571615e-02
1.923600000e-02,-9.182828264e-01,5.496212116e-04,-1.248685511e+00,9.188324476e-02,-9.188324476e-02
1.923800000e-02,-8.914226152e-01,6.108986460e-04,-1.429803151e+00,8.920335138e-02,-8.920335138e-02
1.924000000e-02,-8.609977904e-01,6.697332238e-04,-1.605203305e+00,8.616675236e-02,-8.616675236e-02
1.924200000e-02,-8.271300145e-01,7.258896776e-04,-1.774184585e+00,8.278559042e-02,-8.278559042e-02
1.924400000e-02,-7.899547178e-01,7.791434498e-04,-1.936071270e+00,7.907338612e-02,-7.907338612e-02
1.924600000e-02,-7.496205564e-01,8.292815893e-04,-2.090216009e+00,7.504498380e-02,-7.504498380e-02
1.924800000e-02,-7.062888184e-01,8.761036041e-04,-2.236002408e+00,7.071649220e-02,-7.071649220e-02
1.925000000e-02,-6.601327783e-01,9.194222630e-04,-2.372847499e+00,6.610522005e-02,-6.610522005e-02
1.925200000e-02,-6.113370045e-01,9.590643434e-04,-2.500204067e+00,6.122960688e-02,-6.122960688e-02
1.925400000e-02,-5.600966212e-01,9.948713250e-04,-2.617562838e+00,5.610914925e-02,-5.610914925e-02
1.925600000e-02,-5.066165280e-01,1.026700023e-03,-2.724454520e+00,5.076432280e-02,-5.076432280e-02
1.925800000e-02,-4.511105806e-01,1.054423161e-03,-2.820451676e+00,4.521650038e-02,-4.521650038e-02
1.926000000e-02,-3.938007359e-01,1.077929881e-03,-2.905170431e+00,3.948786658e-02,-3.948786658e-02
1.926200000e-02,-3.349161640e-01,1.097126183e-03,-2.978272014e+00,3.360132902e-02,-3.360132902e-02
1.926400000e-02,-2.746923320e-01,1.111935305e-03,-3.039464107e+00,2.758042673e-02,-2.758042673e-02
1.926600000e-02,-2.133700625e-01,1.122298030e-03,-3.088502016e+00,2.144923605e-02,-2.144923605e-02
1.926800000e-02,-1.511945705e-01,1.128172918e-03,-3.125189647e+00,1.523227434e-02,-1.523227434e-02
1.927000000e-02,-8.841448280e-02,1.129536477e-03,-3.149380294e+00,8.954401928e-03,-8.954401928e-03
1.927200000e-02,-2.528084402e-02,1.126383255e-03,-3.160977225e+00,2.640722728e-03,-2.640722728e-03
1.927400000e-02,3.795388759e-02,1.118725861e-03,-3.159934066e+00,-3.683516173e-03,3.683516173e-03
1.927600000e-02,1.010368495e-01,1.106594914e-03,-3.146254987e+00,-9.993025459e-03,9.993025459e-03
1.927800000e-02,1.637157861e-01,1.090038925e-03,-3.119994689e+00,-1.626257472e-02,1.626257471e-02
1.928000000e-02,2.257400573e-01,1.069124097e-03,-3.081258182e+00,-2.246709332e-02,2.246709332e-02
1.928200000e-02,2.868616409e-01,1.043934064e-03,-3.030200364e+00,-2.858177069e-02,2.858177069e-02
1.928400000e-02,3.468361245e-01,1.014569555e-03,-2.967025404e+00,-3.458215550e-02,3.458215550e-02
1.928600000e-02,4.054236826e-01,9.811479944e-04,-2.891985928e+00,-4.044425347e-02,4.044425346e-02
1.928800000e-02,4.623900358e-01,9.438030266e-04,-2.805382001e+00,-4.614462327e-02,4.614462327e-02
1.929000000e-02,5.175073873e-01,9.026839869e-04,-2.707559935e+00,-5.166047033e-02,5.166047033e-02
1.929200000e-02,5.705553345e-01,8.579553018e-04,-2.598910900e+00,-5.696973792e-02,5.696973792e-02
1.929400000e-02,6.213217495e-01,8.097958318e-04,-2.479869361e+00,-6.205119537e-02,6.205119537e-02
1.929600000e-02,6.696036281e-01,7.583981566e-04,-2.350911340e+00,-6.688452299e-02,6.688452299e-02
1.929800000e-02,7.152079011e-01,7.039678050e-04,-2.212552514e+00,-7.145039333e-02,7.145039333e-02
1.930000000e-02,7.579522064e-01,6.467224326e-04,-2.065346151e+00,-7.573054840e-02,7.573054840e-02
1.930200000e-02,7.976656185e-01,5.868909517e-04,-1.909880897e+00,-7.970787276e-02,7.970787275e-02
1.930400000e-02,8.341893317e-01,5.247126159e-04,-1.746778428e+00,-8.336646191e-02,8.336646191e-02
1.930600000e-02,8.673772953e-01,4.604360636e-04,-1.576690954e+00,-8.669168592e-02,8.669168592e-02
1.930800000e-02,8.970967975e-01,3.943183231e-04,-1.400298622e+00,-8.967024792e-02,8.967024792e-02
1.931000000e-02,9.232289962e-01,3.266237858e-04,-1.218306787e+00,-9.229023724e-02,9.229023724e-02
1.931200000e-02,9.456693942e-01,2.576231478e-04,-1.031443196e+00,-9.454117710e-02,9.454117710e-02
1.931400000e-02,9.643282570e-01,1.875923285e-04,-8.404550781e-01,-9.641406646e-02,9.641406646e-02
1.931600000e-02,9.791309716e-01,1.168113665e-04,-6.461061554e-01,-9.790141602e-02,9.790141602e-02
1.931800000e-02,9.900183452e-01,4.556330006e-05,-4.491735886e-01,-9.899727819e-02,9.899727819e-02
1.932000000e-02,9.969468413e-01,-2.586696449e-05,-2.504448701e-01,-9.969727082e-02,9.969727082e-02
1.932200000e-02,9.998887543e-01,-9.719379244e-05,-5.071467460e-02,-9.999859481e-02,9.999859481e-02
1.932400000e-02,9.988323202e-01,-1.681319626e-04,1.492183183e-01,-9.990004522e-02,9.990004522e-02
1.932600000e-02,9.937817635e-01,-2.383978081e-04,3.485546182e-01,-9.940201613e-02,9.940201613e-02
1.932800000e-02,9.847572801e-01,-3.077103503e-04,5.464971207e-01,-9.850649905e-02,9.850649905e-02
1.933000000e-02,9.717949572e-01,-3.757924227e-04,7.422542949e-01,-9.721707496e-02,9.721707496e-02
1.933200000e-02,9.549466284e-01,-4.423717795e-04,9.350433485e-01,-9.553890002e-02,9.553890002e-02
1.933400000e-02,9.342796667e-01,-5.071821836e-04,1.124093358e+00,-9.347868489e-02,9.347868489e-02
1.933600000e-02,9.098767149e-01,-5.699644715e-04,1.308648353e+00,-9.104466794e-02,9.104466794e-02
1.933800000e-02,8.818353554e-01,-6.304675901e-04,1.487970334e+00,-8.824658230e-02,8.824658230e-02
1.934000000e-02,8.502677197e-01,-6.884496000e-04,1.661342232e+00,-8.509561693e-02,8.509561693e-02
1.934200000e-02,8.153000403e-01,-7.436786431e-04,1.828070768e+00,-8.160437190e-02,8.160437189e-02
1.934400000e-02,7.770721456e-01,-7.959338700e-04,1.987489229e+00,-7.778680795e-02,7.778680795e-02
1.934600000e-02,7.357369010e-01,-8.450063229e-04,2.138960134e+00,-7.365819073e-02,7.365819073e-02
1.934800000e-02,6.914595976e-01,-8.906997713e-04,2.281877782e+00,-6.923502973e-02,6.923502973e-02
1.935000000e-02,6.444172910e-01,-9.328314965e-04,2.415670676e+00,-6.453501225e-02,6.453501225e-02
1.935200000e-02,5.947980938e-01,-9.712330226e-04,2.539803805e+00,-5.957693268e-02,5.957693268e-02
1.935400000e-02,5.428004227e-01,-1.005750790e-03,2.653780787e+00,-5.438061735e-02,5.438061735e-02
1.935600000e-02,4.886322056e-01,-1.036246769e-03,2.757145852e+00,-4.896684524e-02,4.896684524e-02
1.935800000e-02,4.325100500e-01,-1.062599013e-03,2.849485663e+00,-4.335726490e-02,4.335726490e-02
1.936000000e-02,3.746583766e-01,-1.084702144e-03,2.930430975e+00,-3.757430787e-02,3.757430787e-02
1.936200000e-02,3.153085223e-01,-1.102467777e-03,2.999658102e+00,-3.164109901e-02,3.164109901e-02
1.936400000e-02,2.546978148e-01,-1.115824871e-03,3.056890221e+00,-2.558136397e-02,2.558136397e-02
1.936600000e-02,1.930686237e-01,-1.124720013e-03,3.101898471e+00,-1.941933437e-02,1.941933437e-02
1.936800000e-02,1.306673914e-01,-1.129117634e-03,3.134502875e+00,-1.317965090e-02,1.317965090e-02
1.937000000e-02,6.774364733e-02,-1.129000148e-03,3.154573053e+00,-6.887264748e-03,6.887264748e-03
1.937200000e-02,4.549010515e-03,-1.124368026e-03,3.162028750e+00,-5.673378541e-04,5.673378541e-04
1.937400000e-02,-5.866381685e-02,-1.115239789e-03,3.156840152e+00,5.754857706e-03,-5.754857706e-03
1.937600000e-02,-1.216420598e-01,-1.101651941e-03,3.139028007e+00,1.205404079e-02,-1.205404079e-02
1.937800000e-02,-1.841338815e-01,-1.083658816e-03,3.108663542e+00,1.830502227e-02,-1.830502227e-02
1.938000000e-02,-2.458893900e-01,-1.061332364e-03,3.065868177e+00,2.448280577e-02,-2.448280577e-02
1.938200000e-02,-3.066616381e-01,-1.034761865e-03,3.010813044e+00,3.056268762e-02,-3.056268762e-02
1.938400000e-02,-3.662076100e-01,-1.004053569e-03,2.943718295e+00,3.652035565e-02,-3.652035565e-02
1.938600000e-02,-4.242891939e-01,-9.693302712e-04,2.864852230e+00,4.233198636e-02,-4.233198636e-02
1.938800000e-02,-4.806741336e-01,-9.307308234e-04,2.774530216e+00,4.797434027e-02,-4.797434027e-02
1.939000000e-02,-5.351369573e-01,-8.884095765e-04,2.673113433e+00,5.342485478e-02,-5.342485477e-02
1.939200000e-02,-5.874598797e-01,-8.425357646e-04,2.561007425e+00,5.866173439e-02,-5.866173439e-02
1.939400000e-02,-6.374336722e-01,-7.932928274e-04,2.438660481e+00,6.366403794e-02,-6.366403794e-02
1.939600000e-02,-6.848585001e-01,-7.408776771e-04,2.306561841e+00,6.841176224e-02,-6.841176224e-02
1.939800000e-02,-7.295447212e-01,-6.854999112e-04,2.165239741e+00,7.288592213e-02,-7.288592213e-02
1.940000000e-02,-7.713136448e-01,-6.273809737e-04,2.015259296e+00,7.706862638e-02,-7.706862638e-02
1.940200000e-02,-8.099982455e-01,-5.667532702e-04,1.857220249e+00,8.094314922e-02,-8.094314922e-02
1.940400000e-02,-8.454438317e-01,-5.038592381e-04,1.691754565e+00,8.449399725e-02,-8.449399725e-02
1.940600000e-02,-8.775086639e-01,-4.389503779e-04,1.519523906e+00,8.770697135e-02,-8.770697135e-02
1.940800000e-02,-9.060645215e-01,-3.722862464e-04,1.341216987e+00,9.056922352e-02,-9.056922352e-02
1.941000000e-02,-9.309972155e-01,-3.041334196e-04,1.157546820e+00,9.306930821e-02,-9.306930821e-02
1.941200000e-02,-9.522070453e-01,-2.347644265e-04,9.692478644e-01,9.519722808e-02,-9.519722808e-02
1.941400000e-02,-9.696091971e-01,-1.644566593e-04,7.770730880e-01,9.694447405e-02,-9.694447405e-02
1.941600000e-02,-9.831340835e-01,-9.349126413e-05,5.817909580e-01,9.830405922e-02,-9.830405922e-02
1.941800000e-02,-9.927276212e-01,-2.215201686e-05,3.841823669e-01,9.927054691e-02,-9.927054691e-02
1.942000000e-02,-9.983514475e-01,4.927581173e-05,1.850375105e-01,9.984007234e-02,-9.984007234e-02
1.942200000e-02,-9.999830742e-01,1.205065966e-04,-1.484727248e-02,1.000103581e-01,-1.000103581e-01
1.942400000e-02,-9.976159764e-01,1.912555006e-04,-2.146726843e-01,9.978072320e-02,-9.978072319e-02
1.942600000e-02,-9.912596199e-01,2.612396137e-04,-4.136396647e-01,9.915208596e-02,-9.915208596e-02
1.942800000e-02,-9.809394224e-01,3.301790839e-04,-6.109525861e-01,9.812696015e-02,-9.812696015e-02
1.943000000e-02,-9.666966522e-01,3.977982367e-04,-8.058224352e-01,9.670944504e-02,-9.670944504e-02
1.943200000e-02,-9.485882631e-01,4.638266770e-04,-9.974699679e-01,9.490520898e-02,-9.490520897e-02
1.943400000e-02,-9.266866668e-01,5.280003709e-04,-1.185128826e+00,9.272146672e-02,-9.272146672e-02
1.943600000e-02,-9.010794433e-01,5.900627011e-04,-1.368048600e+00,9.016695060e-02,-9.016695060e-02
1.943800000e-02,-8.718689906e-01,6.497654934e-04,-1.545497832e+00,8.725187561e-02,-8.725187561e-02
1.944000000e-02,-8.391721151e-01,7.068700086e-04,-1.716766940e+00,8.398789851e-02,-8.398789851e-02
1.944200000e-02,-8.031195649e-01,7.611478977e-04,-1.881171055e+00,8.038807128e-02,-8.038807128e-02
1.944400000e-02,-7.638555065e-01,8.123821146e-04,-2.038052757e+00,7.646678887e-02,-7.646678886e-02
1.944600000e-02,-7.215369489e-01,8.603677844e-04,-2.186784710e+00,7.223973167e-02,-7.223973167e-02
1.944800000e-02,-6.763331151e-01,9.049130225e-04,-2.326772166e+00,6.772380281e-02,-6.772380281e-02
1.945000000e-02,-6.284247659e-01,9.458397015e-04,-2.457455344e+00,6.293706056e-02,-6.293706056e-02
1.945200000e-02,-5.780034767e-01,9.829841643e-04,-2.578311670e+00,5.789864609e-02,-5.789864609e-02
1.945400000e-02,-5.252708718e-01,1.016197878e-03,-2.688857863e+00,5.262870697e-02,-5.262870697e-02
1.945600000e-02,-4.704378180e-01,1.045348028e-03,-2.788651873e+00,4.714831661e-02,-4.714831661e-02
1.945800000e-02,-4.137235812e-01,1.070318048e-03,-2.877294644e+00,4.147938993e-02,-4.147938993e-02
1.946000000e-02,-3.553549499e-01,1.091008089e-03,-2.954431713e+00,3.564459580e-02,-3.564459580e-02
1.946200000e-02,-2.955653280e-01,1.107335416e-03,-3.019754623e+00,2.966726634e-02,-2.966726634e-02
1.946400000e-02,-2.345938019e-01,1.119234738e-03,-3.073002163e+00,2.357130366e-02,-2.357130366e-02
1.946600000e-02,-1.726841839e-01,1.126658474e-03,-3.113961406e+00,1.738108424e-02,-1.738108424e-02
1.946800000e-02,-1.100840378e-01,1.129576937e-03,-3.142468566e+00,1.112136148e-02,-1.112136148e-02
1.947000000e-02,-4.704368856e-02,1.127978457e-03,-3.158409647e+00,4.817166702e-03,-4.817166702e-03
1.947200000e-02,1.618477863e-02,1.121869425e-03,-3.161720905e+00,-1.506290921e-03,1.506290921e-03
1.947400000e-02,7.934852626e-02,1.111274271e-03,-3.152389099e+00,-7.823725199e-03,7.823725199e-03
1.947600000e-02,1.421949756e-01,1.096235362e-03,-3.130451544e+00,-1.410987403e-02,1.410987403e-02
1.947800000e-02,2.044728169e-01,1.076812836e-03,-3.095995965e+00,-2.033960040e-02,2.033960040e-02
1.948000000e-02,2.659330139e-01,1.053084360e-03,-3.049160142e+00,-2.648799295e-02,2.648799295e-02
1.948200000e-02,3.263298000e-01,1.025144818e-03,-2.990131362e+00,-3.253046552e-02,3.253046552e-02
1.948400000e-02,3.854216612e-01,9.931059352e-04,-2.919145668e+00,-3.844285553e-02,3.844285553e-02
1.948600000e-02,4.429723013e-01,9.570958285e-04,-2.836486918e+00,-4.420152055e-02,4.420152055e-02
1.948800000e-02,4.987515874e-01,9.172584946e-04,-2.742485647e+00,-4.978343289e-02,4.978343289e-02
1.949000000e-02,5.525364695e-01,8.737532347e-04,-2.637517746e+00,-5.516627163e-02,5.516627163e-02
1.949200000e-02,6.041118733e-01,8.267540174e-04,-2.522002961e+00,-6.032851193e-02,6.032851193e-02
1.949400000e-02,6.532715593e-01,7.764487828e-04,-2.396403210e+00,-6.524951105e-02,6.524951105e-02
1.949600000e-02,6.998189482e-01,7.230386910e-04,-2.261220741e+00,-6.990959096e-02,6.990959096e-02
1.949800000e-02,7.435679068e-01,6.667373178e-04,-2.116996120e+00,-7.429011695e-02,7.429011695e-02
1.950000000e-02,7.843434919e-01,6.077698008e-04,-1.964306073e+00,-7.837357221e-02,7.837357221e-02
1.950200000e-02,8.219826506e-01,5.463719388e-04,-1.803761174e+00,-8.214362786e-02,8.214362786e-02
1.950400000e-02,8.563348716e-01,4.827892490e-04,-1.636003409e+00,-8.558520823e-02,8.558520823e-02
1.950600000e-02,8.872627875e-01,4.172759854e-04,-1.461703607e+00,-8.868455116e-02,8.868455115e-02
1.950800000e-02,9.146427242e-01,3.500941220e-04,-1.281558757e+00,-9.142926300e-02,9.142926300e-02
1.951000000e-02,9.383651948e-01,2.815123050e-04,-1.096289219e+00,-9.380836825e-02,9.380836825e-02
1.951200000e-02,9.583353382e-01,2.118047789e-04,-9.066358490e-01,-9.581235334e-02,9.581235334e-02
1.951400000e-02,9.744732979e-01,1.412502894e-04,-7.133570307e-01,-9.743320476e-02,9.743320476e-02
1.951600000e-02,9.867145416e-01,7.013096952e-05,-5.172256459e-01,-9.866444106e-02,9.866444106e-02
1.951800000e-02,9.950101190e-01,-1.268789593e-06,-3.190259834e-01,-9.950113878e-02,9.950113878e-02
1.952000000e-02,9.993268580e-01,-7.266347506e-05,-1.195506024e-01,-9.993995215e-02,9.993995214e-02
1.952200000e-02,9.996474967e-01,-1.437675944e-04,8.040283665e-02,-9.997912643e-02,9.997912643e-02
1.952400000e-02,9.959707530e-01,-2.142968171e-04,2.800347615e-01,-9.961850498e-02,9.961850498e-02
1.952600000e-02,9.883113294e-01,-2.839691113e-04,4.785468855e-01,-9.885952985e-02,9.885952985e-02
1.952800000e-02,9.766998544e-01,-3.525058721e-04,6.751454001e-01,-9.770523603e-02,9.770523602e-02
1.953000000e-02,9.611827598e-01,-4.196330353e-04,8.690441487e-01,-9.616023928e-02,9.616023928e-02
1.953200000e-02,9.418220953e-01,-4.850821732e-04,1.059467770e+00,-9.423071775e-02,9.423071774e-02
1.953400000e-02,9.186952801e-01,-5.485915685e-04,1.245654801e+00,-9.192438717e-02,9.192438717e-02
1.953600000e-02,8.918947936e-01,-6.099072602e-04,1.426860717e+00,-8.925047009e-02,8.925047008e-02
1.953800000e-02,8.615278053e-01,-6.687840595e-04,1.602360914e+00,-8.621965894e-02,8.621965894e-02
1.954000000e-02,8.277157465e-01,-7.249865306e-04,1.771453603e+00,-8.284407331e-02,8.284407331e-02
1.954200000e-02,7.905938246e-01,-7.782899313e-04,1.933462617e+00,-7.913721146e-02,7.913721146e-02
1.954400000e-02,7.503104825e-01,-8.284811124e-04,2.087740117e+00,-7.511389636e-02,7.511389636e-02
1.954600000e-02,7.070268048e-01,-8.753593699e-04,2.233669178e+00,-7.079021642e-02,7.079021642e-02
1.954800000e-02,6.609158740e-01,-9.187372474e-04,2.370666260e+00,-6.618346112e-02,6.618346112e-02
1.955000000e-02,6.121620780e-01,-9.584412857e-04,2.498183542e+00,-6.131205193e-02,6.131205193e-02
1.955200000e-02,5.609603733e-01,-9.943127166e-04,2.615711107e+00,-5.619546860e-02,5.619546860e-02
1.955400000e-02,5.075155047e-01,-1.026208098e-03,2.722778987e+00,-5.085417128e-02,5.085417128e-02
1.955600000e-02,4.520411871e-01,-1.053999886e-03,2.818959040e+00,-4.530951870e-02,4.530951870e-02
1.955800000e-02,3.947592509e-01,-1.077576948e-03,2.903866663e+00,-3.958368278e-02,3.958368278e-02
1.956000000e-02,3.358987545e-01,-1.096845005e-03,2.977162327e+00,-3.369955995e-02,3.369955995e-02
1.956200000e-02,2.756950689e-01,-1.111727006e-03,3.038552938e+00,-2.768067959e-02,2.768067959e-02
1.956400000e-02,2.143889360e-01,-1.122163442e-03,3.087793008e+00,-2.155110995e-02,2.155110995e-02
1.956600000e-02,1.522255064e-01,-1.128112579e-03,3.124685635e+00,-1.533536190e-02,1.533536190e-02
1.956800000e-02,8.945335863e-02,-1.129550630e-03,3.149083295e+00,-9.058290926e-03,9.058290926e-03
1.957000000e-02,2.632350549e-02,-1.126471842e-03,3.160888426e+00,-2.744997733e-03,2.744997733e-03
1.957200000e-02,-3.691160987e-02,-1.118888528e-03,3.160053821e+00,3.579272134e-03,-3.579272134e-03
1.957400000e-02,-9.999912338e-02,-1.106831011e-03,3.146582819e+00,9.889229237e-03,-9.889229236e-03
1.957600000e-02,-1.626867612e-01,-1.090347507e-03,3.120529286e+00,1.615964137e-02,-1.615964137e-02
1.957800000e-02,-2.247238485e-01,-1.069503930e-03,3.081997406e+00,2.236543446e-02,-2.236543446e-02
1.958000000e-02,-2.858623118e-01,-1.044383630e-03,3.031141259e+00,2.848179282e-02,-2.848179282e-02
1.958200000e-02,-3.458576713e-01,-1.015087056e-03,2.968164209e+00,3.448425842e-02,-3.448425842e-02
1.958400000e-02,-4.044700178e-01,-9.817313608e-04,2.893318087e+00,4.034882865e-02,-4.034882865e-02
1.958600000e-02,-4.614649729e-01,-9.444499259e-04,2.806902188e+00,4.605205230e-02,-4.605205230e-02
1.958800000e-02,-5.166146256e-01,-9.033918322e-04,2.709262071e+00,5.157112337e-02,-5.157112337e-02
1.959000000e-02,-5.696984438e-01,-8.587212625e-04,2.600788179e+00,5.688397225e-02,-5.688397225e-02
1.959200000e-02,-6.205041564e-01,-8.106168449e-04,2.481914276e+00,6.196935395e-02,-6.196935395e-02
1.959400000e-02,-6.688286020e-01,-7.592709393e-04,2.353115714e+00,6.680693310e-02,-6.680693310e-02
1.959600000e-02,-7.144785411e-01,-7.048888672e-04,2.214907531e+00,7.137736522e-02,-7.137736522e-02
1.959800000e-02,-7.572714291e-01,-6.476880910e-04,2.067842394e+00,7.566237410e-02,-7.566237410e-02
1.960000000e-02,-7.970361462e-01,-5.878973449e-04,1.912508385e+00,7.964482489e-02,-7.964482488e-02
1.960200000e-02,-8.336136815e-01,-5.257557196e-04,1.749526654e+00,8.330879258e-02,-8.330879258e-02
1.960400000e-02,-8.668577691e-01,-4.615117065e-04,1.579548928e+00,8.663962574e-02,-8.663962574e-02
1.960600000e-02,-8.966354728e-01,-3.954222041e-04,1.403254916e+00,8.962400506e-02,-8.962400506e-02
1.960800000e-02,-9.228277178e-01,-3.277514906e-04,1.221349579e+00,9.224999663e-02,-9.224999663e-02
1.961000000e-02,-9.453297666e-01,-2.587701670e-04,1.034560318e+00,9.450709965e-02,-9.450709964e-02
1.961200000e-02,-9.640516384e-01,-1.887540754e-04,8.436340667e-01,9.638628843e-02,-9.638628843e-02
1.961400000e-02,-9.789184681e-01,-1.179831954e-04,6.493342979e-01,9.788004849e-02,-9.788004849e-02
1.961600000e-02,-9.898708065e-01,-4.674052525e-05,4.524379762e-01,9.898240660e-02,-9.898240660e-02
1.961800000e-02,-9.968648575e-01,2.468905059e-05,2.537324492e-01,9.968895465e-02,-9.968895465e-02
1.962000000e-02,-9.998726532e-01,9.601990004e-05,5.401229896e-02,9.999686731e-02,-9.999686731e-02
1.962200000e-02,-9.988821662e-01,1.669667859e-04,-1.459238353e-01,9.990491330e-02,-9.990491330e-02
1.962400000e-02,-9.938973571e-01,2.372460063e-04,-3.452764504e-01,9.941346032e-02,-9.941346032e-02
1.962600000e-02,-9.849381593e-01,3.065765292e-04,-5.432483769e-01,9.852447358e-02,-9.852447358e-02
1.962800000e-02,-9.720403986e-01,3.746811164e-04,-7.390479661e-01,9.724150797e-02,-9.724150797e-02
1.963000000e-02,-9.552556506e-01,4.412874318e-04,-9.318922562e-01,9.556969380e-02,-9.556969380e-02
1.963200000e-02,-9.346510339e-01,5.061291305e-04,-1.121010103e+00,9.351571630e-02,-9.351571630e-02
1.963400000e-02,-9.103089421e-01,5.689469241e-04,-1.305645264e+00,9.108778890e-02,-9.108778890e-02
1.963600000e-02,-8.823267142e-01,6.294896172e-04,-1.485059420e+00,8.829562038e-02,-8.829562038e-02
1.963800000e-02,-8.508162453e-01,6.875151123e-04,-1.658535133e+00,8.515037604e-02,-8.515037604e-02
1.964000000e-02,-8.159035392e-01,7.427913775e-04,-1.825378709e+00,8.166463306e-02,-8.166463306e-02
1.964200000e-02,-7.777282045e-01,7.950973745e-04,-1.984922975e+00,7.785233019e-02,-7.785233019e-02
1.964400000e-02,-7.364428966e-01,8.442239425e-04,-2.136529948e+00,7.372871205e-02,-7.372871205e-02
1.964600000e-02,-6.922127066e-01,8.899746344e-04,-2.279593381e+00,6.931026813e-02,-6.931026813e-02
1.964800000e-02,-6.452145021e-01,9.321665030e-04,-2.413541194e+00,6.461466686e-02,-6.461466686e-02
1.965000000e-02,-5.956362189e-01,9.706308316e-04,-2.537837758e+00,5.966068498e-02,-5.966068498e-02
1.965200000e-02,-5.436761104e-01,1.005213809e-03,-2.651986037e+00,5.446813242e-02,-5.446813242e-02
1.965400000e-02,-4.895419542e-01,1.035777146e-03,-2.755529576e+00,4.905777314e-02,-4.905777314e-02
1.965600000e-02,-4.334502216e-01,1.062198626e-03,-2.848054324e+00,4.345124202e-02,-4.345124202e-02
1.965800000e-02,-3.756252117e-01,1.084372594e-03,-2.929190296e+00,3.767095843e-02,-3.767095843e-02
1.966000000e-02,-3.162981547e-01,1.102210381e-03,-2.998613045e+00,3.174003651e-02,-3.174003651e-02
1.966200000e-02,-2.557062871e-01,1.115640659e-03,-3.056044965e+00,2.568219278e-02,-2.568219278e-02
1.966400000e-02,-1.940919034e-01,1.124609722e-03,-3.101256396e+00,1.952165131e-02,-1.952165131e-02
1.966600000e-02,-1.317013864e-01,1.129081704e-03,-3.134066548e+00,1.328304681e-02,-1.328304681e-02
1.966800000e-02,-6.878422302e-02,1.129038723e-03,-3.154344219e+00,6.991326175e-03,-6.991326174e-03
1.967000000e-02,-5.592005828e-03,1.124480952e-03,-3.162008325e+00,6.716486780e-04,-6.716486780e-04
1.967200000e-02,5.762257263e-02,1.115426615e-03,-3.157028216e+00,-5.650714602e-03,5.650714602e-03
1.967400000e-02,1.206067304e-01,1.101911919e-03,-3.139423809e+00,-1.195048185e-02,1.195048185e-02
1.967600000e-02,1.831086070e-01,1.083990906e-03,-3.109265498e+00,-1.820246161e-02,1.820246161e-02
1.967800000e-02,2.448782703e-01,1.061735239e-03,-3.066673882e+00,-2.438165350e-02,2.438165350e-02
1.968000000e-02,3.056687163e-01,1.035233914e-03,-3.011819274e+00,-3.046334824e-02,3.046334824e-02
1.968200000e-02,3.652368568e-01,1.004592904e-03,-2.944921028e+00,-3.642322639e-02,3.642322639e-02
1.968400000e-02,4.233444910e-01,9.699347356e-04,-2.866246655e+00,-4.223745562e-02,4.223745562e-02
1.968600000e-02,4.797592586e-01,9.313980000e-04,-2.776110758e+00,-4.788278606e-02,4.788278606e-02
1.968800000e-02,5.342555688e-01,8.891367975e-04,-2.674873772e+00,-5.333664320e-02,5.333664320e-02
1.969000000e-02,5.866155020e-01,8.433201220e-04,-2.562940521e+00,-5.857721819e-02,5.857721819e-02
1.969200000e-02,6.366296819e-01,7.941311846e-04,-2.440758605e+00,-6.358355508e-02,6.358355507e-02
1.969400000e-02,6.840981121e-01,7.417666818e-04,-2.308816602e+00,-6.833563455e-02,6.833563455e-02
1.969600000e-02,7.288309763e-01,6.864360084e-04,-2.167642123e+00,-7.281445403e-02,7.281445403e-02
1.969800000e-02,7.706493970e-01,6.283604202e-04,-2.017799693e+00,-7.700210366e-02,7.700210365e-02
1.970000000e-02,8.093861510e-01,5.677721493e-04,-1.859888502e+00,-8.088183789e-02,8.088183788e-02
1.970200000e-02,8.448863382e-01,5.049134757e-04,-1.694540004e+00,-8.443814247e-02,8.443814247e-02
1.970400000e-02,8.770080006e-01,4.400357581e-04,-1.522415392e+00,-8.765679648e-02,8.765679648e-02
1.970600000e-02,9.056226904e-01,3.733984290e-04,-1.344202958e+00,-9.052492920e-02,9.052492920e-02
1.970800000e-02,9.306159835e-01,3.052679573e-04,-1.160615337e+00,-9.303107156e-02,9.303107156e-02
1.971000000e-02,9.518879369e-01,2.359167826e-04,-9.723866554e-01,-9.516520201e-02,9.516520201e-02
1.971200000e-02,9.693534883e-01,1.656222257e-04,-7.802696023e-01,-9.691878661e-02,9.691878661e-02
1.971400000e-02,9.829427968e-01,9.466537992e-05,-5.850324133e-01,-9.828481315e-02,9.828481314e-02
1.971600000e-02,9.926015215e-01,2.332998703e-05,-3.874558014e-01,-9.925781915e-02,9.925781915e-02
1.971800000e-02,9.982910392e-01,-4.809869764e-05,-1.883298343e-01,-9.983391379e-02,9.983391379e-02
1.972000000e-02,9.999885987e-01,-1.193350456e-04,1.154922460e-02,-1.000107934e-01,1.000107934e-01
1.972200000e-02,9.976874117e-01,-1.900941976e-04,2.113821006e-01,-9.978775059e-02,9.978775059e-02
1.972400000e-02,9.913966803e-01,-2.600932024e-04,4.103697035e-01,-9.916567735e-02,9.916567735e-02
1.972600000e-02,9.811415598e-01,-3.290521485e-04,6.077163233e-01,-9.814706120e-02,9.814706119e-02
1.972800000e-02,9.669630583e-01,-3.966952836e-04,8.026328120e-01,-9.673597536e-02,9.673597535e-02
1.973000000e-02,9.489178726e-01,-4.627521168e-04,9.943397390e-01,-9.493806247e-02,9.493806247e-02
1.973200000e-02,9.270781617e-01,-5.269585005e-04,1.182070508e+00,-9.276051202e-02,9.276051202e-02
1.973400000e-02,9.015312581e-01,-5.890576867e-04,1.365074423e+00,-9.021203158e-02,9.021203158e-02
1.973600000e-02,8.723793185e-01,-6.488013538e-04,1.542619690e+00,-8.730281199e-02,8.730281199e-02
1.973800000e-02,8.397389155e-01,-7.059505993e-04,1.713996341e+00,-8.404448661e-02,8.404448661e-02
1.974000000e-02,8.037405712e-01,-7.602768951e-04,1.878519077e+00,-8.045008481e-02,8.045008481e-02
1.974200000e-02,7.645282355e-01,-8.115630017e-04,2.035530006e+00,-7.653397985e-02,7.653397985e-02
1.974400000e-02,7.222587105e-01,-8.596038368e-04,2.184401274e+00,-7.231183143e-02,7.231183143e-02
1.974600000e-02,6.771010231e-01,-9.042072948e-04,2.324537576e+00,-6.780052304e-02,6.780052304e-02
1.974800000e-02,6.292357495e-01,-9.451950160e-04,2.455378536e+00,-6.301809445e-02,6.301809445e-02
1.975000000e-02,5.788542931e-01,-9.824030989e-04,2.576400947e+00,-5.798366962e-02,5.798366962e-02
1.975200000e-02,5.261581187e-01,-1.015682756e-03,2.687120867e+00,-5.271738015e-02,5.271738015e-02
1.975400000e-02,4.713579475e-01,-1.044900909e-03,2.787095550e+00,-4.724028484e-02,4.724028484e-02
1.975600000e-02,4.146729139e-01,-1.069940721e-03,2.875925217e+00,-4.157428546e-02,4.157428546e-02
1.975800000e-02,3.563296895e-01,-1.090702062e-03,2.953254657e+00,-3.574203916e-02,3.574203916e-02
1.976000000e-02,2.965615769e-01,-1.107101913e-03,3.018774647e+00,-2.976686788e-02,2.976686788e-02
1.976200000e-02,2.356075761e-01,-1.119074694e-03,3.072223184e+00,-2.367266508e-02,2.367266508e-02
1.976400000e-02,1.737114297e-01,-1.126572527e-03,3.113386540e+00,-1.748380022e-02,1.748380022e-02
1.976600000e-02,1.111206474e-01,-1.129565431e-03,3.142100111e+00,-1.122502128e-02,1.122502128e-02
1.976800000e-02,4.808551676e-02,-1.128041438e-03,3.158249076e+00,-4.921355820e-03,4.921355820e-03
1.977000000e-02,-1.514189786e-02,-1.122006642e-03,3.161768861e+00,1.401989122e-03,-1.401989122e-03
1.977200000e-02,-7.830876319e-02,-1.111485175e-03,3.152645390e+00,7.719727802e-03,-7.719727802e-03
1.977400000e-02,-1.411624881e-01,-1.096519110e-03,3.130915146e+00,1.400659690e-02,-1.400659690e-02
1.977600000e-02,-2.034517335e-01,-1.077168293e-03,3.096665023e+00,2.023745652e-02,-2.023745652e-02
1.977800000e-02,-2.649274178e-01,-1.053510104e-03,3.050031981e+00,2.638739077e-02,-2.638739077e-02
1.978000000e-02,-3.253437124e-01,-1.025639147e-03,2.991202495e+00,3.243180733e-02,-3.243180733e-02
1.978200000e-02,-3.844590252e-01,-9.936668726e-04,2.920411813e+00,3.834653584e-02,-3.834653584e-02
1.978400000e-02,-4.420369664e-01,-9.577211310e-04,2.837943011e+00,4.410792452e-02,-4.410792452e-02
1.978600000e-02,-4.978472936e-01,-9.179456618e-04,2.744125865e+00,4.969293480e-02,-4.969293480e-02
1.978800000e-02,-5.516668331e-01,-8.744995189e-04,2.639335531e+00,5.507923336e-02,-5.507923336e-02
1.979000000e-02,-6.032803716e-01,-8.275564343e-04,2.523991044e+00,6.024528152e-02,-6.024528152e-02
1.979200000e-02,-6.524815175e-01,-7.773041237e-04,2.398553641e+00,6.517042134e-02,-6.517042133e-02
1.979400000e-02,-6.990735254e-01,-7.239435355e-04,2.263524920e+00,6.983495819e-02,-6.983495819e-02
1.979600000e-02,-7.428700838e-01,-6.676880477e-04,2.119444835e+00,7.422023957e-02,-7.422023957e-02
1.979800000e-02,-7.836960591e-01,-6.087626143e-04,1.966889530e+00,7.830872965e-02,-7.830872965e-02
1.980000000e-02,-8.213881970e-01,-5.474028658e-04,1.806469044e+00,8.208407941e-02,-8.208407941e-02
1.980200000e-02,-8.557957743e-01,-4.838541671e-04,1.638824863e+00,8.553119201e-02,-8.553119201e-02
1.980400000e-02,-8.867812023e-01,-4.183706363e-04,1.464627363e+00,8.863628317e-02,-8.863628317e-02
1.980600000e-02,-9.142205767e-01,-3.512141282e-04,1.284573122e+00,9.138693626e-02,-9.138693626e-02
1.980800000e-02,-9.380041732e-01,-2.826531880e-04,1.099382141e+00,9.377215201e-02,-9.377215200e-02
1.981000000e-02,-9.580368861e-01,-2.129619764e-04,9.097949590e-01,9.578239242e-02,-9.578239242e-02
1.981200000e-02,-9.742386088e-01,-1.424191742e-04,7.165696964e-01,9.740961897e-02,-9.740961896e-02
1.981400000e-02,-9.865445539e-01,-7.130686733e-05,5.204790206e-01,9.864732471e-02,-9.864732471e-02
1.981600000e-02,-9.949055126e-01,9.058086596e-08,3.223070575e-01,9.949056032e-02,-9.949056032e-02
1.981800000e-02,-9.992880510e-01,7.148766685e-05,1.228462555e-01,9.993595387e-02,-9.993595387e-02
1.982000000e-02,-9.996746444e-01,1.425988885e-04,-7.710578310e-02,9.998172433e-02,-9.998172433e-02
1.982200000e-02,-9.960637468e-01,2.131398869e-04,-2.767494917e-01,9.962768867e-02,-9.962768867e-02
1.982400000e-02,-9.884697975e-01,2.828285832e-04,-4.752865367e-01,9.887526261e-02,-9.887526261e-02
1.982600000e-02,-9.769231630e-01,3.513863068e-04,-6.719230097e-01,9.772745494e-02,-9.772745494e-02
1.982800000e-02,-9.614700161e-01,4.185389097e-04,-8.658726023e-01,9.618885550e-02,-9.618885550e-02
1.983000000e-02,-9.421721505e-01,4.840178625e-04,-1.056359751e+00,9.426561683e-02,-9.426561683e-02
1.983200000e-02,-9.191067344e-01,5.475613286e-04,-1.242622736e+00,9.196542958e-02,-9.196542958e-02
1.983400000e-02,-8.923660017e-01,6.089152108e-04,-1.423916731e+00,8.929749169e-02,-8.929749169e-02
1.983600000e-02,-8.620568830e-01,6.678341678e-04,-1.599516780e+00,8.627247172e-02,-8.627247172e-02
1.983800000e-02,-8.283005781e-01,7.240825948e-04,-1.768720693e+00,8.290246607e-02,-8.290246607e-02
1.984000000e-02,-7.912320715e-01,7.774355661e-04,-1.930851861e+00,7.920095070e-02,-7.920095070e-02
1.984200000e-02,-7.509995923e-01,8.276797343e-04,-2.085261954e+00,7.518272721e-02,-7.518272721e-02
1.984400000e-02,-7.077640221e-01,8.746141834e-04,-2.231333517e+00,7.086386363e-02,-7.086386363e-02
1.984600000e-02,-6.616982507e-01,9.180512324e-04,-2.368482442e+00,6.626163019e-02,-6.626163019e-02
1.984800000e-02,-6.129864856e-01,9.578171853e-04,-2.496160299e+00,6.139443028e-02,-6.139443028e-02
1.985000000e-02,-5.618235151e-01,9.937530266e-04,-2.613856529e+00,5.628172682e-02,-5.628172682e-02
1.985200000e-02,-5.084139293e-01,1.025715056e-03,-2.721100491e+00,5.094396443e-02,-5.094396443e-02
1.985400000e-02,-4.529713018e-01,1.053575465e-03,-2.817463339e+00,4.540248773e-02,-4.540248773e-02
1.985600000e-02,-3.957173364e-01,1.077222844e-03,-2.902559736e+00,3.967945592e-02,-3.967945592e-02
1.985800000e-02,-3.368809796e-01,1.096562633e-03,-2.976049401e+00,3.379775422e-02,-3.379775422e-02
1.986000000e-02,-2.766975058e-01,1.111517497e-03,-3.037638463e+00,2.778090233e-02,-2.778090233e-02
1.986200000e-02,-2.154075763e-01,1.122027633e-03,-3.087080640e+00,2.165296040e-02,-2.165296040e-02
1.986400000e-02,-1.532562767e-01,1.128051014e-03,-3.124178225e+00,1.543843277e-02,-1.543843277e-02
1.986600000e-02,-9.049213714e-02,1.129563553e-03,-3.148782870e+00,9.162170069e-03,-9.162170069e-03
1.986800000e-02,-2.736613832e-02,1.126559203e-03,-3.160796188e+00,2.849269753e-03,-2.849269753e-03
1.987000000e-02,3.586929199e-02,1.119049977e-03,-3.160170139e+00,-3.475024201e-03,3.475024201e-03
1.987200000e-02,9.896128846e-02,1.107065903e-03,-3.146907227e+00,-9.785422256e-03,9.785422255e-03
1.987400000e-02,1.616575593e-01,1.090654902e-03,-3.121060488e+00,-1.605669044e-02,1.605669044e-02
1.987600000e-02,2.237073952e-01,1.069882600e-03,-3.082733277e+00,-2.226375126e-02,2.226375126e-02
1.987800000e-02,2.848626718e-01,1.044832059e-03,-3.032078857e+00,-2.838178397e-02,2.838178397e-02
1.988000000e-02,3.448788418e-01,1.015603453e-03,-2.969299784e+00,-3.438632383e-02,3.438632383e-02
1.988200000e-02,4.035159130e-01,9.823136593e-04,-2.894647099e+00,-4.025335994e-02,4.025335994e-02
1.988400000e-02,4.605394081e-01,9.450957977e-04,-2.808419322e+00,-4.595943123e-02,4.595943123e-02
1.988600000e-02,5.157213018e-01,9.040986947e-04,-2.710961260e+00,-5.148172031e-02,5.148172031e-02
1.988800000e-02,5.688409333e-01,8.594862889e-04,-2.602662629e+00,-5.679814470e-02,5.679814470e-02
1.989000000e-02,6.196858883e-01,8.114369764e-04,-2.483956491e+00,-6.188744513e-02,6.188744513e-02
1.989200000e-02,6.680528482e-01,7.601428961e-04,-2.355317527e+00,-6.672927053e-02,6.672927053e-02
1.989400000e-02,7.137484038e-01,7.058091624e-04,-2.217260139e+00,-7.130425947e-02,7.130425946e-02
1.989600000e-02,7.565898280e-01,6.486530448e-04,-2.070336388e+00,-7.559411749e-02,7.559411749e-02
1.989800000e-02,7.964058068e-01,5.889030986e-04,-1.915133793e+00,-7.958169037e-02,7.958169037e-02
1.990000000e-02,8.330371245e-01,5.267982514e-04,-1.752272976e+00,-8.325103262e-02,8.325103262e-02
1.990200000e-02,8.663372999e-01,4.625868474e-04,-1.582405184e+00,-8.658747131e-02,8.658747131e-02
1.990400000e-02,8.961731727e-01,3.965256550e-04,-1.406209683e+00,-8.957766471e-02,8.957766471e-02
1.990600000e-02,9.224254354e-01,3.288788389e-04,-1.224391042e+00,-9.220965566e-02,9.220965566e-02
1.990800000e-02,9.449891107e-01,2.599169047e-04,-1.037676316e+00,-9.447291938e-02,9.447291938e-02
1.991000000e-02,9.637739710e-01,1.899156169e-04,-8.468121376e-01,-9.635840554e-02,9.635840554e-02
1.991200000e-02,9.787048997e-01,1.191548961e-04,-6.525617340e-01,-9.785857448e-02,9.785857448e-02
1.991400000e-02,9.897221911e-01,4.791769958e-05,-4.557018717e-01,-9.896742734e-02,9.896742734e-02
1.991600000e-02,9.967817892e-01,-2.351110982e-05,-2.570197524e-01,-9.968053004e-02,9.968053004e-02
1.991800000e-02,9.998554644e-01,-9.484590319e-05,-5.730986457e-02,-9.999503103e-02,9.999503103e-02
1.992000000e-02,9.989309255e-01,-1.658014275e-04,1.426291935e-01,-9.990967269e-02,9.990967269e-02
1.992200000e-02,9.940118696e-01,-2.360939464e-04,3.419979070e-01,-9.942479636e-02,9.942479636e-02
1.992400000e-02,9.851179670e-01,-3.054423747e-04,5.399990421e-01,-9.854234094e-02,9.854234094e-02
1.992600000e-02,9.722847826e-01,-3.735694026e-04,7.358408333e-01,-9.726583520e-02,9.726583520e-02
1.992800000e-02,9.555636335e-01,-4.402026040e-04,9.287401501e-01,-9.560038361e-02,9.560038361e-02
1.993000000e-02,9.350213843e-01,-5.050755268e-04,1.117925628e+00,-9.355264598e-02,9.355264598e-02
1.993200000e-02,9.107401790e-01,-5.679287577e-04,1.302640754e+00,-9.113081077e-02,9.113081077e-02
1.993400000e-02,8.828171131e-01,-6.285109595e-04,1.482146891e+00,-8.834456241e-02,8.834456241e-02
1.993600000e-02,8.513638453e-01,-6.865798768e-04,1.655726230e+00,-8.520504252e-02,8.520504251e-02
1.993800000e-02,8.165061505e-01,-7.419033039e-04,1.822684665e+00,-8.172480538e-02,8.172480538e-02
1.994000000e-02,7.783834174e-01,-7.942600141e-04,1.982354563e+00,-7.791776775e-02,7.791776774e-02
1.994200000e-02,7.371480910e-01,-8.434406436e-04,2.134097437e+00,-7.379915317e-02,7.379915316e-02
1.994400000e-02,6.929650627e-01,-8.892485295e-04,2.277306500e+00,-6.938543112e-02,6.938543112e-02
1.994600000e-02,6.460110112e-01,-9.315004954e-04,2.411409087e+00,-6.469425117e-02,6.469425117e-02
1.994800000e-02,5.964736961e-01,-9.700275846e-04,2.535868951e+00,-5.974437237e-02,5.974437237e-02
1.995000000e-02,5.445512067e-01,-1.004675735e-03,2.650188403e+00,-5.455558824e-02,5.455558824e-02
1.995200000e-02,4.904511703e-01,-1.035306397e-03,2.753910302e+00,-4.914864767e-02,4.914864767e-02
1.995400000e-02,4.343899217e-01,-1.061797083e-03,2.846619887e+00,-4.354517188e-02,4.354517188e-02
1.995600000e-02,3.765916382e-01,-1.084041864e-03,2.927946431e+00,-3.776756800e-02,3.776756800e-02
1.995800000e-02,3.172874430e-01,-1.101951787e-03,2.997564727e+00,-3.183893948e-02,3.183893948e-02
1.996000000e-02,2.567144813e-01,-1.115455234e-03,3.055196384e+00,-2.578299365e-02,2.578299365e-02
1.996200000e-02,1.951149718e-01,-1.124498207e-03,3.100610947e+00,-1.962394700e-02,1.962394700e-02
1.996400000e-02,1.327352382e-01,-1.129044546e-03,3.133626811e+00,-1.338642827e-02,1.338642827e-02
1.996600000e-02,6.982472388e-02,-1.129076071e-03,3.154111954e+00,-7.095379995e-03,7.095379995e-03
1.996800000e-02,6.634995057e-03,-1.124592655e-03,3.161984459e+00,-7.759587712e-04,7.759587712e-04
1.997000000e-02,-5.658126573e-02,-1.115612227e-03,3.157212845e+00,5.546565351e-03,-5.546565351e-03
1.997200000e-02,-1.195712698e-01,-1.102170698e-03,3.139816195e+00,1.184690991e-02,-1.184690991e-02
1.997400000e-02,-1.820831333e-01,-1.084321817e-03,3.109864072e+00,1.809988114e-02,-1.809988114e-02
1.997600000e-02,-2.438668841e-01,-1.062136960e-03,3.067476250e+00,2.428047472e-02,-2.428047472e-02
1.997800000e-02,-3.046754620e-01,-1.035704837e-03,3.012822228e+00,3.036397572e-02,-3.036397572e-02
1.998000000e-02,-3.642657062e-01,-1.005131146e-03,2.946120557e+00,3.632605750e-02,-3.632605750e-02
1.998200000e-02,-4.223993275e-01,-9.705381448e-04,2.867637963e+00,4.214287893e-02,-4.214287893e-02
1.998400000e-02,-4.788438618e-01,-9.320641634e-04,2.777688281e+00,4.779117976e-02,-4.779117976e-02
1.998600000e-02,-5.333735990e-01,-8.898630513e-04,2.676631201e+00,5.324837360e-02,-5.324837360e-02
1.998800000e-02,-5.857704862e-01,-8.441035619e-04,2.564870830e+00,5.849263827e-02,-5.849263827e-02
1.999000000e-02,-6.358249991e-01,-7.949686780e-04,2.442854073e+00,6.350300304e-02,-6.350300304e-02
1.999200000e-02,-6.833369800e-01,-7.426548796e-04,2.311068852e+00,6.825943251e-02,-6.825943251e-02
1.999400000e-02,-7.281164385e-01,-6.873713589e-04,2.170042147e+00,7.274290671e-02,-7.274290671e-02
1.999600000e-02,-7.699843108e-01,-6.293391830e-04,2.020337894e+00,7.693549716e-02,-7.693549716e-02
1.999800000e-02,-8.087731760e-01,-5.687904108e-04,1.862554731e+00,8.082043856e-02,-8.082043856e-02
2.000000000e-02,-8.443279255e-01,-5.059671639e-04,1.697323599e+00,8.438219583e-02,-8.438219583e-02
