time,V(in),V(n_l),V(out),I(Vp),I(L1)
0.000000000e+00,0.000000000e+00,0.000000000e+00,0.000000000e+00,-0.000000000e+00,0.000000000e+00
2.000000000e-06,1.000000000e+01,9.998001856e+00,1.998580299e-02,-1.998144316e-02,1.998144314e-02
4.000000000e-06,1.000000000e+01,9.996012098e+00,7.985746975e-02,-3.987902469e-02,3.987902467e-02
6.000000000e-06,1.000000000e+01,9.994038677e+00,1.793677176e-01,-5.961323124e-02,5.961323122e-02
8.000000000e-06,1.000000000e+01,9.992089478e+00,3.181108788e-01,-7.910521839e-02,7.910521837e-02
1.000000000e-05,1.000000000e+01,9.990172287e+00,4.955245539e-01,-9.827712559e-02,9.827712557e-02
1.200000000e-05,1.000000000e+01,9.988294761e+00,7.108918910e-01,-1.170523872e-01,1.170523872e-01
1.400000000e-05,1.000000000e+01,9.986464396e+00,9.633444815e-01,-1.353560384e-01,1.353560384e-01
1.600000000e-05,1.000000000e+01,9.984688499e+00,1.251865862e+00,-1.531150143e-01,1.531150143e-01
1.800000000e-05,1.000000000e+01,9.982974156e+00,1.575295605e+00,-1.702584415e-01,1.702584415e-01
2.000000000e-05,1.000000000e+01,9.981328208e+00,1.932333991e+00,-1.867179215e-01,1.867179214e-01
2.200000000e-05,1.000000000e+01,9.979757220e+00,2.321547222e+00,-2.024278027e-01,2.024278027e-01
2.400000000e-05,1.000000000e+01,9.978267456e+00,2.741373189e+00,-2.173254433e-01,2.173254433e-01
2.600000000e-05,1.000000000e+01,9.976864854e+00,3.190127737e+00,-2.313514601e-01,2.313514600e-01
2.800000000e-05,1.000000000e+01,9.975555003e+00,3.666011418e+00,-2.444499658e-01,2.444499658e-01
3.000000000e-05,1.000000000e+01,9.974343121e+00,4.167116712e+00,-2.565687915e-01,2.565687915e-01
3.200000000e-05,1.000000000e+01,9.973234031e+00,4.691435669e+00,-2.676596946e-01,2.676596946e-01
3.400000000e-05,1.000000000e+01,9.972232145e+00,5.236867958e+00,-2.776785506e-01,2.776785506e-01
3.600000000e-05,1.000000000e+01,9.971341447e+00,5.801229277e+00,-2.865855287e-01,2.865855287e-01
3.800000000e-05,1.000000000e+01,9.970565475e+00,6.382260102e+00,-2.943452505e-01,2.943452505e-01
4.000000000e-05,1.000000000e+01,9.969907307e+00,6.977634735e+00,-3.009269298e-01,3.009269298e-01
4.200000000e-05,1.000000000e+01,9.969369550e+00,7.584970608e+00,-3.063044956e-01,3.063044956e-01
4.400000000e-05,1.000000000e+01,9.968954331e+00,8.201837825e+00,-3.104566947e-01,3.104566947e-01
4.600000000e-05,1.000000000e+01,9.968663282e+00,8.825768875e+00,-3.133671759e-01,3.133671758e-01
4.800000000e-05,1.000000000e+01,9.968497545e+00,9.454268511e+00,-3.150245544e-01,3.150245543e-01
5.000000000e-05,1.000000000e+01,9.968457754e+00,1.008482372e+01,-3.154224563e-01,3.154224563e-01
5.200000000e-05,1.000000000e+01,9.968544046e+00,1.071491378e+01,-3.145595432e-01,3.145595432e-01
5.400000000e-05,1.000000000e+01,9.968756048e+00,1.134202033e+01,-3.124395162e-01,3.124395162e-01
5.600000000e-05,1.000000000e+01,9.969092890e+00,1.196363744e+01,-3.090711006e-01,3.090711005e-01
5.800000000e-05,1.000000000e+01,9.969553199e+00,1.257728161e+01,-3.044680093e-01,3.044680093e-01
6.000000000e-05,1.000000000e+01,9.970135111e+00,1.318050173e+01,-2.986488878e-01,2.986488878e-01
6.200000000e-05,1.000000000e+01,9.970836276e+00,1.377088882e+01,-2.916372382e-01,2.916372382e-01
6.400000000e-05,1.000000000e+01,9.971653868e+00,1.434608569e+01,-2.834613244e-01,2.834613244e-01
6.600000000e-05,1.000000000e+01,9.972584594e+00,1.490379632e+01,-2.741540581e-01,2.741540581e-01
6.800000000e-05,1.000000000e+01,9.973624713e+00,1.544179506e+01,-2.637528666e-01,2.637528665e-01
7.000000000e-05,1.000000000e+01,9.974770190e+00,1.595799684e+01,-2.522980974e-01,2.522980974e-01
7.200000000e-05,1.000000000e+01,9.976016305e+00,1.645027567e+01,-2.398369453e-01,2.398369453e-01
7.400000000e-05,1.000000000e+01,9.977357889e+00,1.691661310e+01,-2.264211074e-01,2.264211074e-01
7.600000000e-05,1.000000000e+01,9.978789705e+00,1.735521174e+01,-2.121029533e-01,2.121029533e-01
7.800000000e-05,1.000000000e+01,9.980306011e+00,1.776432407e+01,-1.969398928e-01,1.969398927e-01
8.000000000e-05,1.000000000e+01,9.981900730e+00,1.814232077e+01,-1.809927011e-01,1.809927011e-01
8.200000000e-05,1.000000000e+01,9.983567472e+00,1.848769723e+01,-1.643252758e-01,1.643252758e-01
8.400000000e-05,1.000000000e+01,9.985299562e+00,1.879907950e+01,-1.470043800e-01,1.470043800e-01
8.600000000e-05,1.000000000e+01,9.987090062e+00,1.907522980e+01,-1.290993757e-01,1.290993757e-01
8.800000000e-05,1.000000000e+01,9.988931805e+00,1.931505141e+01,-1.106819455e-01,1.106819454e-01
9.000000000e-05,1.000000000e+01,9.990817419e+00,1.951759303e+01,-9.182580586e-02,9.182580584e-02
9.200000000e-05,1.000000000e+01,9.992739359e+00,1.968205256e+01,-7.260641210e-02,7.260641208e-02
9.400000000e-05,1.000000000e+01,9.994689934e+00,1.980778029e+01,-5.310065627e-02,5.310065625e-02
9.600000000e-05,1.000000000e+01,9.996661344e+00,1.989428143e+01,-3.338655963e-02,3.338655961e-02
9.800000000e-05,1.000000000e+01,9.998645704e+00,1.994121808e+01,-1.354296061e-02,1.354296059e-02
1.000000000e-04,1.000000000e+01,1.000063508e+01,1.994841055e+01,6.350800551e-03,-6.350800571e-03
1.020000000e-04,1.000000000e+01,1.000262152e+01,1.991583803e+01,2.621519896e-02,-2.621519898e-02
1.040000000e-04,1.000000000e+01,1.000459708e+01,1.984363869e+01,4.597084299e-02,-4.597084301e-02
1.060000000e-04,1.000000000e+01,1.000655388e+01,1.973210900e+01,6.553879160e-02,-6.553879162e-02
1.080000000e-04,1.000000000e+01,1.000848409e+01,1.958170264e+01,8.484086974e-02,-8.484086976e-02
1.100000000e-04,1.000000000e+01,1.001038000e+01,1.939302854e+01,1.037999807e-01,-1.037999807e-01
1.120000000e-04,1.000000000e+01,1.001223404e+01,1.916684847e+01,1.223404139e-01,-1.223404139e-01
1.140000000e-04,1.000000000e+01,1.001403881e+01,1.890407399e+01,1.403881475e-01,-1.403881476e-01
1.160000000e-04,1.000000000e+01,1.001578711e+01,1.860576270e+01,1.578711438e-01,-1.578711438e-01
1.180000000e-04,1.000000000e+01,1.001747196e+01,1.827311407e+01,1.747196365e-01,-1.747196365e-01
1.200000000e-04,1.000000000e+01,1.001908664e+01,1.790746453e+01,1.908664096e-01,-1.908664096e-01
1.220000000e-04,1.000000000e+01,1.002062471e+01,1.751028220e+01,2.062470652e-01,-2.062470652e-01
1.240000000e-04,1.000000000e+01,1.002208003e+01,1.708316090e+01,2.208002804e-01,-2.208002804e-01
1.260000000e-04,1.000000000e+01,1.002344681e+01,1.662781381e+01,2.344680519e-01,-2.344680519e-01
1.280000000e-04,1.000000000e+01,1.002471959e+01,1.614606658e+01,2.471959270e-01,-2.471959271e-01
1.300000000e-04,1.000000000e+01,1.002589332e+01,1.563985004e+01,2.589332208e-01,-2.589332208e-01
1.320000000e-04,1.000000000e+01,1.002696332e+01,1.511119240e+01,2.696332177e-01,-2.696332177e-01
1.340000000e-04,1.000000000e+01,1.002792534e+01,1.456221119e+01,2.792533575e-01,-2.792533575e-01
1.360000000e-04,1.000000000e+01,1.002877554e+01,1.399510474e+01,2.877554047e-01,-2.877554047e-01
1.380000000e-04,1.000000000e+01,1.002951056e+01,1.341214338e+01,2.951056006e-01,-2.951056006e-01
1.400000000e-04,1.000000000e+01,1.003012748e+01,1.281566036e+01,3.012747969e-01,-3.012747969e-01
1.420000000e-04,1.000000000e+01,1.003062386e+01,1.220804251e+01,3.062385717e-01,-3.062385717e-01
1.440000000e-04,1.000000000e+01,1.003099773e+01,1.159172070e+01,3.099773260e-01,-3.099773260e-01
1.460000000e-04,1.000000000e+01,1.003124764e+01,1.096916009e+01,3.124763612e-01,-3.124763612e-01
1.480000000e-04,1.000000000e+01,1.003137259e+01,1.034285028e+01,3.137259365e-01,-3.137259365e-01
1.500000000e-04,1.000000000e+01,1.003137213e+01,9.715295367e+00,3.137213074e-01,-3.137213074e-01
1.520000000e-04,1.000000000e+01,1.003124627e+01,9.089003926e+00,3.124627432e-01,-3.124627432e-01
1.540000000e-04,1.000000000e+01,1.003099555e+01,8.466478971e+00,3.099555251e-01,-3.099555251e-01
1.560000000e-04,1.000000000e+01,1.003062099e+01,7.850207966e+00,3.062099242e-01,-3.062099242e-01
1.580000000e-04,1.000000000e+01,1.003012412e+01,7.242652879e+00,3.012411591e-01,-3.012411592e-01
1.600000000e-04,1.000000000e+01,1.002950693e+01,6.646240349e+00,2.950693347e-01,-2.950693347e-01
1.620000000e-04,1.000000000e+01,1.002877194e+01,6.063351993e+00,2.877193601e-01,-2.877193601e-01
1.640000000e-04,1.000000000e+01,1.002792208e+01,5.496314897e+00,2.792208485e-01,-2.792208485e-01
1.660000000e-04,1.000000000e+01,1.002696080e+01,4.947392322e+00,2.696079981e-01,-2.696079981e-01
1.680000000e-04,1.000000000e+01,1.002589181e+01,4.418711724e+00,2.589181010e-01,-2.589181010e-01
1.700000000e-04,1.000000000e+01,1.002471952e+01,3.912450522e+00,2.471952016e-01,-2.471952016e-01
1.720000000e-04,1.000000000e+01,1.002344880e+01,3.430685292e+00,2.344879666e-01,-2.344879666e-01
1.740000000e-04,1.000000000e+01,1.002208460e+01,2.975273797e+00,2.208460306e-01,-2.208460307e-01
1.760000000e-04,1.000000000e+01,1.002063241e+01,2.548031036e+00,2.063241072e-01,-2.063241072e-01
1.780000000e-04,1.000000000e+01,1.001909804e+01,2.150659053e+00,1.909804159e-01,-1.909804159e-01
1.800000000e-04,1.000000000e+01,1.001748764e+01,1.784740159e+00,1.748764496e-01,-1.748764496e-01
1.820000000e-04,1.000000000e+01,1.001580744e+01,1.451687262e+00,1.580743948e-01,-1.580743948e-01
1.840000000e-04,1.000000000e+01,1.001406461e+01,1.152916299e+00,1.406461224e-01,-1.406461224e-01
1.860000000e-04,1.000000000e+01,1.001226592e+01,8.895666559e-01,1.226591767e-01,-1.226591767e-01
1.880000000e-04,1.000000000e+01,1.001041856e+01,6.626838520e-01,1.041855628e-01,-1.041855628e-01
1.900000000e-04,1.000000000e+01,1.000852992e+01,4.731674381e-01,8.529921665e-02,-8.529921667e-02
1.920000000e-04,1.000000000e+01,1.000660757e+01,3.217674332e-01,6.607570898e-02,-6.607570900e-02
1.940000000e-04,1.000000000e+01,1.000465919e+01,2.090813559e-01,4.659194312e-02,-4.659194314e-02
1.960000000e-04,1.000000000e+01,1.000269258e+01,1.355518667e-01,2.692584721e-02,-2.692584723e-02
1.980000000e-04,1.000000000e+01,1.000071561e+01,1.014650298e-01,7.156062624e-03,-7.156062644e-03
2.000000000e-04,1.000000000e+01,9.998736163e+00,1.069492009e-01,-1.263837060e-02,1.263837058e-02
2.020000000e-04,1.000000000e+01,9.996762167e+00,1.519745457e-01,-3.237832967e-02,3.237832965e-02
2.040000000e-04,1.000000000e+01,9.994801507e+00,2.363531906e-01,-5.198492539e-02,5.198492537e-02
2.060000000e-04,1.000000000e+01,9.992862018e+00,3.597400058e-01,-7.137981736e-02,7.137981734e-02
2.080000000e-04,1.000000000e+01,9.990951447e+00,5.216340157e-01,-9.048552705e-02,9.048552703e-02
2.100000000e-04,1.000000000e+01,9.989077425e+00,7.213804326e-01,-1.092257472e-01,1.092257472e-01
2.120000000e-04,1.000000000e+01,9.987247435e+00,9.581733046e-01,-1.275256469e-01,1.275256468e-01
2.140000000e-04,1.000000000e+01,9.985468783e+00,1.231058767e+00,-1.453121698e-01,1.453121697e-01
2.160000000e-04,1.000000000e+01,9.983748567e+00,1.538938886e+00,-1.625143263e-01,1.625143263e-01
2.180000000e-04,1.000000000e+01,9.982093652e+00,1.880576074e+00,-1.790634768e-01,1.790634768e-01
2.200000000e-04,1.000000000e+01,9.980510639e+00,2.254598062e+00,-1.948936054e-01,1.948936054e-01
2.220000000e-04,1.000000000e+01,9.979005842e+00,2.659503419e+00,-2.099415832e-01,2.099415831e-01
2.240000000e-04,1.000000000e+01,9.977585090e+00,3.093721751e+00,-2.241490960e-01,2.241490960e-01
2.260000000e-04,1.000000000e+01,9.976254393e+00,3.555406744e+00,-2.374560684e-01,2.374560684e-01
2.280000000e-04,1.000000000e+01,9.975018873e+00,4.042758274e+00,-2.498112736e-01,2.498112736e-01
2.300000000e-04,1.000000000e+01,9.973883448e+00,4.553823276e+00,-2.611655185e-01,2.611655185e-01
2.320000000e-04,1.000000000e+01,9.972852638e+00,5.086554293e+00,-2.714736207e-01,2.714736206e-01
2.340000000e-04,1.000000000e+01,9.971930541e+00,5.638817681e+00,-2.806945881e-01,2.806945881e-01
2.360000000e-04,1.000000000e+01,9.971120822e+00,6.208402149e+00,-2.887917822e-01,2.887917822e-01
2.380000000e-04,1.000000000e+01,9.970426694e+00,6.793027619e+00,-2.957330636e-01,2.957330636e-01
2.400000000e-04,1.000000000e+01,9.969850908e+00,7.390354351e+00,-3.014909192e-01,3.014909192e-01
2.420000000e-04,1.000000000e+01,9.969395743e+00,7.997992303e+00,-3.060425718e-01,3.060425718e-01
2.440000000e-04,1.000000000e+01,9.969062993e+00,8.613510701e+00,-3.093700697e-01,3.093700697e-01
2.460000000e-04,1.000000000e+01,9.968853964e+00,9.234447757e+00,-3.114603579e-01,3.114603579e-01
2.480000000e-04,1.000000000e+01,9.968769467e+00,9.858320517e+00,-3.123053289e-01,3.123053289e-01
2.500000000e-04,1.000000000e+01,9.968809815e+00,1.048263479e+01,-3.119018546e-01,3.119018546e-01
2.520000000e-04,1.000000000e+01,9.968974820e+00,1.110489513e+01,-3.102517972e-01,3.102517972e-01
2.540000000e-04,1.000000000e+01,9.969263800e+00,1.172261477e+01,-3.073620014e-01,3.073620014e-01
2.560000000e-04,1.000000000e+01,9.969675573e+00,1.233332562e+01,-3.032442655e-01,3.032442655e-01
2.580000000e-04,1.000000000e+01,9.970208471e+00,1.293458809e+01,-2.979152936e-01,2.979152936e-01
2.600000000e-04,1.000000000e+01,9.970860337e+00,1.352400083e+01,-2.913966277e-01,2.913966276e-01
2.620000000e-04,1.000000000e+01,9.971628544e+00,1.409921034e+01,-2.837145606e-01,2.837145606e-01
2.640000000e-04,1.000000000e+01,9.972509997e+00,1.465792038e+01,-2.749000302e-01,2.749000302e-01
2.660000000e-04,1.000000000e+01,9.973501151e+00,1.519790108e+01,-2.649884943e-01,2.649884943e-01
2.680000000e-04,1.000000000e+01,9.974598021e+00,1.571699791e+01,-2.540197885e-01,2.540197885e-01
2.700000000e-04,1.000000000e+01,9.975796203e+00,1.621314023e+01,-2.420379659e-01,2.420379659e-01
2.720000000e-04,1.000000000e+01,9.977090888e+00,1.668434955e+01,-2.290911201e-01,2.290911200e-01
2.740000000e-04,1.000000000e+01,9.978476881e+00,1.712874746e+01,-2.152311923e-01,2.152311923e-01
2.760000000e-04,1.000000000e+01,9.979948624e+00,1.754456307e+01,-2.005137630e-01,2.005137629e-01
2.780000000e-04,1.000000000e+01,9.981500409e+00,1.793018518e+01,-1.849959059e-01,1.849959058e-01
2.800000000e-04,1.000000000e+01,9.983125644e+00,1.828398459e+01,-1.687435574e-01,1.687435574e-01
2.820000000e-04,1.000000000e+01,9.984818209e+00,1.860463941e+01,-1.518179092e-01,1.518179091e-01
2.840000000e-04,1.000000000e+01,9.986570916e+00,1.889079644e+01,-1.342908421e-01,1.342908421e-01
2.860000000e-04,1.000000000e+01,9.988376948e+00,1.914135996e+01,-1.162305235e-01,1.162305235e-01
2.880000000e-04,1.000000000e+01,9.990229075e+00,1.935533557e+01,-9.770924651e-02,9.770924649e-02
2.900000000e-04,1.000000000e+01,9.992119887e+00,1.953187536e+01,-7.880113244e-02,7.880113242e-02
2.920000000e-04,1.000000000e+01,9.994041817e+00,1.967028118e+01,-5.958183389e-02,5.958183387e-02
2.940000000e-04,1.000000000e+01,9.995987177e+00,1.977000744e+01,-4.012823215e-02,4.012823213e-02
2.960000000e-04,1.000000000e+01,9.997948187e+00,1.983066330e+01,-2.051812963e-02,2.051812961e-02
2.980000000e-04,1.000000000e+01,9.999917006e+00,1.985201411e+01,-8.299387076e-04,8.299386876e-04
3.000000000e-04,1.000000000e+01,1.000188576e+01,1.983398241e+01,1.885763181e-02,-1.885763183e-02
3.020000000e-04,1.000000000e+01,1.000384659e+01,1.977664814e+01,3.846589133e-02,-3.846589135e-02
3.040000000e-04,1.000000000e+01,1.000579165e+01,1.968024832e+01,5.791648200e-02,-5.791648202e-02
3.060000000e-04,1.000000000e+01,1.000771317e+01,1.954517607e+01,7.713169185e-02,-7.713169187e-02
3.080000000e-04,1.000000000e+01,1.000960348e+01,1.937197902e+01,9.603476524e-02,-9.603476526e-02
3.100000000e-04,1.000000000e+01,1.001145502e+01,1.916135705e+01,1.145502095e-01,-1.145502095e-01
3.120000000e-04,1.000000000e+01,1.001326041e+01,1.891415949e+01,1.326040964e-01,-1.326040965e-01
3.140000000e-04,1.000000000e+01,1.001501244e+01,1.863138171e+01,1.501243574e-01,-1.501243574e-01
3.160000000e-04,1.000000000e+01,1.001670411e+01,1.831416107e+01,1.670410711e-01,-1.670410711e-01
3.180000000e-04,1.000000000e+01,1.001832867e+01,1.796377238e+01,1.832867425e-01,-1.832867426e-01
3.200000000e-04,1.000000000e+01,1.001987986e+01,1.758156874e+01,1.987986413e-01,-1.987986413e-01
3.220000000e-04,1.000000000e+01,1.002135107e+01,1.716918799e+01,2.135106719e-01,-2.135106719e-01
3.240000000e-04,1.000000000e+01,1.002273664e+01,1.672823466e+01,2.273663634e-01,-2.273663634e-01
3.260000000e-04,1.000000000e+01,1.002403105e+01,1.626047694e+01,2.403105062e-01,-2.403105062e-01
3.280000000e-04,1.000000000e+01,1.002522915e+01,1.576778980e+01,2.522915452e-01,-2.522915452e-01
3.300000000e-04,1.000000000e+01,1.002632618e+01,1.525214749e+01,2.632617852e-01,-2.632617852e-01
3.320000000e-04,1.000000000e+01,1.002731776e+01,1.471561561e+01,2.731775805e-01,-2.731775806e-01
3.340000000e-04,1.000000000e+01,1.002819995e+01,1.416034285e+01,2.819995089e-01,-2.819995089e-01
3.360000000e-04,1.000000000e+01,1.002896925e+01,1.358855235e+01,2.896925281e-01,-2.896925281e-01
3.380000000e-04,1.000000000e+01,1.002962261e+01,1.300253286e+01,2.962261150e-01,-2.962261150e-01
3.400000000e-04,1.000000000e+01,1.003015744e+01,1.240462953e+01,3.015743871e-01,-3.015743871e-01
3.420000000e-04,1.000000000e+01,1.003057162e+01,1.179723454e+01,3.057162043e-01,-3.057162044e-01
3.440000000e-04,1.000000000e+01,1.003086353e+01,1.118277753e+01,3.086352534e-01,-3.086352535e-01
3.460000000e-04,1.000000000e+01,1.003103201e+01,1.056371588e+01,3.103201115e-01,-3.103201115e-01
3.480000000e-04,1.000000000e+01,1.003107643e+01,9.942524877e+00,3.107642911e-01,-3.107642911e-01
3.500000000e-04,1.000000000e+01,1.003099663e+01,9.321687844e+00,3.099662649e-01,-3.099662649e-01
3.520000000e-04,1.000000000e+01,1.003079295e+01,8.703686176e+00,3.079294711e-01,-3.079294712e-01
3.540000000e-04,1.000000000e+01,1.003046623e+01,8.090989441e+00,3.046622985e-01,-3.046622985e-01
3.560000000e-04,1.000000000e+01,1.003001781e+01,7.486045512e+00,3.001780519e-01,-3.001780519e-01
3.580000000e-04,1.000000000e+01,1.002944949e+01,6.891270785e+00,2.944948982e-01,-2.944948982e-01
3.600000000e-04,1.000000000e+01,1.002876358e+01,6.309040523e+00,2.876357926e-01,-2.876357926e-01
3.620000000e-04,1.000000000e+01,1.002796284e+01,5.741679378e+00,2.796283859e-01,-2.796283859e-01
3.640000000e-04,1.000000000e+01,1.002705049e+01,5.191452105e+00,2.705049132e-01,-2.705049132e-01
3.660000000e-04,1.000000000e+01,1.002603021e+01,4.660554520e+00,2.603020639e-01,-2.603020640e-01
3.680000000e-04,1.000000000e+01,1.002490608e+01,4.151104741e+00,2.490608346e-01,-2.490608347e-01
3.700000000e-04,1.000000000e+01,1.002368264e+01,3.665134737e+00,2.368263638e-01,-2.368263638e-01
3.720000000e-04,1.000000000e+01,1.002236478e+01,3.204582222e+00,2.236477510e-01,-2.236477510e-01
3.740000000e-04,1.000000000e+01,1.002095779e+01,2.771282928e+00,2.095778595e-01,-2.095778596e-01
3.760000000e-04,1.000000000e+01,1.001946731e+01,2.366963291e+00,1.946731048e-01,-1.946731048e-01
3.780000000e-04,1.000000000e+01,1.001789932e+01,1.993233570e+00,1.789932275e-01,-1.789932275e-01
3.800000000e-04,1.000000000e+01,1.001626011e+01,1.651581436e+00,1.626010549e-01,-1.626010550e-01
3.820000000e-04,1.000000000e+01,1.001455622e+01,1.343366047e+00,1.455622486e-01,-1.455622486e-01
3.840000000e-04,1.000000000e+01,1.001279450e+01,1.069812646e+00,1.279450414e-01,-1.279450414e-01
3.860000000e-04,1.000000000e+01,1.001098200e+01,8.320076857e-01,1.098199646e-01,-1.098199646e-01
3.880000000e-04,1.000000000e+01,1.000912596e+01,6.308945167e-01,9.125956522e-02,-9.125956524e-02
3.900000000e-04,1.000000000e+01,1.000723381e+01,4.672696449e-01,7.233811582e-02,-7.233811584e-02
3.920000000e-04,1.000000000e+01,1.000531313e+01,3.417795771e-01,5.313131713e-02,-5.313131715e-02
3.940000000e-04,1.000000000e+01,1.000337160e+01,2.549182669e-01,3.371599530e-02,-3.371599532e-02
3.960000000e-04,1.000000000e+01,1.000141698e+01,2.070251709e-01,1.416979458e-02,-1.416979460e-02
3.980000000e-04,1.000000000e+01,9.999457087e+00,1.982839229e-01,-5.429133198e-03,5.429133178e-03
4.000000000e-04,1.000000000e+01,9.997499756e+00,2.287216312e-01,-2.500244107e-02,2.500244105e-02
4.020000000e-04,1.000000000e+01,9.995552810e+00,2.982088010e-01,-4.447190015e-02,4.447190013e-02
4.040000000e-04,1.000000000e+01,9.993624029e+00,4.064598842e-01,-6.375971228e-02,6.375971226e-02
4.060000000e-04,1.000000000e+01,9.991721118e+00,5.530344510e-01,-8.278882090e-02,8.278882088e-02
4.080000000e-04,1.000000000e+01,9.989851678e+00,7.373389819e-01,-1.014832189e-01,1.014832189e-01
4.100000000e-04,1.000000000e+01,9.988023175e+00,9.586292705e-01,-1.197682522e-01,1.197682521e-01
4.120000000e-04,1.000000000e+01,9.986242908e+00,1.216013428e+00,-1.375709178e-01,1.375709178e-01
4.140000000e-04,1.000000000e+01,9.984517984e+00,1.508455478e+00,-1.548201554e-01,1.548201554e-01
4.160000000e-04,1.000000000e+01,9.982855287e+00,1.834779525e+00,-1.714471310e-01,1.714471310e-01
4.180000000e-04,1.000000000e+01,9.981261449e+00,2.193674483e+00,-1.873855114e-01,1.873855114e-01
4.200000000e-04,1.000000000e+01,9.979742827e+00,2.583699346e+00,-2.025717291e-01,2.025717290e-01
4.220000000e-04,1.000000000e+01,9.978305476e+00,3.003288967e+00,-2.169452354e-01,2.169452354e-01
4.240000000e-04,1.000000000e+01,9.976955126e+00,3.450760344e+00,-2.304487425e-01,2.304487425e-01
4.260000000e-04,1.000000000e+01,9.975697155e+00,3.924319370e+00,-2.430284512e-01,2.430284512e-01
4.280000000e-04,1.000000000e+01,9.974536573e+00,4.422068024e+00,-2.546342654e-01,2.546342654e-01
4.300000000e-04,1.000000000e+01,9.973478001e+00,4.942011978e+00,-2.652199919e-01,2.652199919e-01
4.320000000e-04,1.000000000e+01,9.972525648e+00,5.482068592e+00,-2.747435237e-01,2.747435236e-01
4.340000000e-04,1.000000000e+01,9.971683299e+00,6.040075250e+00,-2.831670079e-01,2.831670079e-01
4.360000000e-04,1.000000000e+01,9.970954300e+00,6.613798025e+00,-2.904569962e-01,2.904569961e-01
4.380000000e-04,1.000000000e+01,9.970341542e+00,7.200940617e+00,-2.965845772e-01,2.965845772e-01
4.400000000e-04,1.000000000e+01,9.969847451e+00,7.799153548e+00,-3.015254919e-01,3.015254918e-01
4.420000000e-04,1.000000000e+01,9.969473977e+00,8.406043564e+00,-3.052602286e-01,3.052602286e-01
4.440000000e-04,1.000000000e+01,9.969222590e+00,9.019183204e+00,-3.077741012e-01,3.077741011e-01
4.460000000e-04,1.000000000e+01,9.969094269e+00,9.636120515e+00,-3.090573057e-01,3.090573057e-01
4.480000000e-04,1.000000000e+01,9.969089504e+00,1.025438886e+01,-3.091049595e-01,3.091049594e-01
4.500000000e-04,1.000000000e+01,9.969208288e+00,1.087151676e+01,-3.079171191e-01,3.079171191e-01
4.520000000e-04,1.000000000e+01,9.969450122e+00,1.148503780e+01,-3.054987795e-01,3.054987795e-01
4.540000000e-04,1.000000000e+01,9.969814015e+00,1.209250048e+01,-3.018598527e-01,3.018598527e-01
4.560000000e-04,1.000000000e+01,9.970298487e+00,1.269147800e+01,-2.970151277e-01,2.970151277e-01
4.580000000e-04,1.000000000e+01,9.970901579e+00,1.327957795e+01,-2.909842097e-01,2.909842097e-01
4.600000000e-04,1.000000000e+01,9.971620856e+00,1.385445190e+01,-2.837914415e-01,2.837914415e-01
4.620000000e-04,1.000000000e+01,9.972453420e+00,1.441380472e+01,-2.754658048e-01,2.754658048e-01
4.640000000e-04,1.000000000e+01,9.973395920e+00,1.495540381e+01,-2.660408034e-01,2.660408034e-01
4.660000000e-04,1.000000000e+01,9.974444567e+00,1.547708796e+01,-2.555543287e-01,2.555543287e-01
4.680000000e-04,1.000000000e+01,9.975595073e+00,1.597674608e+01,-2.440492705e-01,2.440492705e-01
4.700000000e-04,1.000000000e+01,9.976842741e+00,1.645236795e+01,-2.315725943e-01,2.315725943e-01
4.720000000e-04,1.000000000e+01,9.978182686e+00,1.690211368e+01,-2.181731381e-01,2.181731381e-01
4.740000000e-04,1.000000000e+01,9.979609791e+00,1.732426066e+01,-2.039020882e-01,2.039020882e-01
4.760000000e-04,1.000000000e+01,9.981118110e+00,1.771704834e+01,-1.888189012e-01,1.888189011e-01
4.780000000e-04,1.000000000e+01,9.982701597e+00,1.807891261e+01,-1.729840264e-01,1.729840264e-01
4.800000000e-04,1.000000000e+01,9.984353909e+00,1.840841331e+01,-1.564609060e-01,1.564609059e-01
4.820000000e-04,1.000000000e+01,9.986068428e+00,1.870423989e+01,-1.393157199e-01,1.393157199e-01
4.840000000e-04,1.000000000e+01,9.987838288e+00,1.896521668e+01,-1.216171215e-01,1.216171215e-01
4.860000000e-04,1.000000000e+01,9.989656404e+00,1.919030753e+01,-1.034359623e-01,1.034359623e-01
4.880000000e-04,1.000000000e+01,9.991515499e+00,1.937861994e+01,-8.484500852e-02,8.484500850e-02
4.900000000e-04,1.000000000e+01,9.993408135e+00,1.952940859e+01,-6.591864958e-02,6.591864956e-02
4.920000000e-04,1.000000000e+01,9.995326740e+00,1.964207828e+01,-4.673260078e-02,4.673260076e-02
4.940000000e-04,1.000000000e+01,9.997263640e+00,1.971618629e+01,-2.736360019e-02,2.736360017e-02
4.960000000e-04,1.000000000e+01,9.999211090e+00,1.975144413e+01,-7.889101801e-03,7.889101781e-03
4.980000000e-04,1.000000000e+01,1.000116130e+01,1.974771865e+01,1.161303421e-02,-1.161303423e-02
5.000000000e-04,1.000000000e+01,1.000310649e+01,1.970503254e+01,3.106485278e-02,-3.106485280e-02
5.020000000e-04,1.000000000e+01,1.000503886e+01,1.962356419e+01,5.038861555e-02,-5.038861557e-02
5.040000000e-04,1.000000000e+01,1.000695071e+01,1.950364700e+01,6.950711155e-02,-6.950711157e-02
5.060000000e-04,1.000000000e+01,1.000883440e+01,1.934576796e+01,8.834396570e-02,-8.834396572e-02
5.080000000e-04,1.000000000e+01,1.001068239e+01,1.915056570e+01,1.068239439e-01,-1.068239439e-01
5.100000000e-04,1.000000000e+01,1.001248733e+01,1.891882790e+01,1.248732535e-01,-1.248732535e-01
5.120000000e-04,1.000000000e+01,1.001424198e+01,1.865148812e+01,1.424198381e-01,-1.424198381e-01
5.140000000e-04,1.000000000e+01,1.001593937e+01,1.834962204e+01,1.593936649e-01,-1.593936649e-01
5.160000000e-04,1.000000000e+01,1.001757270e+01,1.801444311e+01,1.757270045e-01,-1.757270045e-01
5.180000000e-04,1.000000000e+01,1.001913547e+01,1.764729768e+01,1.913547011e-01,-1.913547011e-01
5.200000000e-04,1.000000000e+01,1.002062144e+01,1.724965964e+01,2.062144323e-01,-2.062144323e-01
5.220000000e-04,1.000000000e+01,1.002202470e+01,1.682312441e+01,2.202469578e-01,-2.202469578e-01
5.240000000e-04,1.000000000e+01,1.002333964e+01,1.636940265e+01,2.333963553e-01,-2.333963553e-01
5.260000000e-04,1.000000000e+01,1.002456102e+01,1.589031328e+01,2.456102436e-01,-2.456102436e-01
5.280000000e-04,1.000000000e+01,1.002568400e+01,1.538777631e+01,2.568399914e-01,-2.568399914e-01
5.300000000e-04,1.000000000e+01,1.002670409e+01,1.486380503e+01,2.670409103e-01,-2.670409103e-01
5.320000000e-04,1.000000000e+01,1.002761724e+01,1.432049805e+01,2.761724333e-01,-2.761724333e-01
5.340000000e-04,1.000000000e+01,1.002841983e+01,1.376003081e+01,2.841982759e-01,-2.841982759e-01
5.360000000e-04,1.000000000e+01,1.002910866e+01,1.318464692e+01,2.910865801e-01,-2.910865801e-01
5.380000000e-04,1.000000000e+01,1.002968100e+01,1.259664915e+01,2.968100410e-01,-2.968100411e-01
5.400000000e-04,1.000000000e+01,1.003013460e+01,1.199839025e+01,3.013460151e-01,-3.013460152e-01
5.420000000e-04,1.000000000e+01,1.003046769e+01,1.139218961e+01,3.046769484e-01,-3.046769484e-01
5.440000000e-04,1.000000000e+01,1.003067889e+01,1.078061870e+01,3.067889439e-01,-3.067889439e-01
5.460000000e-04,1.000000000e+01,1.003076743e+01,1.016604999e+01,3.076742895e-01,-3.076742896e-01
5.480000000e-04,1.000000000e+01,1.003073297e+01,9.550940489e+00,3.073296918e-01,-3.073296919e-01
5.500000000e-04,1.000000000e+01,1.003057568e+01,8.937748894e+00,3.057567741e-01,-3.057567742e-01
5.520000000e-04,1.000000000e+01,1.003029621e+01,8.328925728e+00,3.029620691e-01,-3.029620691e-01
5.540000000e-04,1.000000000e+01,1.002989570e+01,7.726903569e+00,2.989569913e-01,-2.989569913e-01
5.560000000e-04,1.000000000e+01,1.002937578e+01,7.134087322e+00,2.937577911e-01,-2.937577911e-01
5.580000000e-04,1.000000000e+01,1.002873855e+01,6.552844619e+00,2.873854884e-01,-2.873854884e-01
5.600000000e-04,1.000000000e+01,1.002798658e+01,5.985496356e+00,2.798657877e-01,-2.798657878e-01
5.620000000e-04,1.000000000e+01,1.002712290e+01,5.434307431e+00,2.712289746e-01,-2.712289747e-01
5.640000000e-04,1.000000000e+01,1.002615098e+01,4.901477701e+00,2.615097936e-01,-2.615097937e-01
5.660000000e-04,1.000000000e+01,1.002507473e+01,4.389133200e+00,2.507473085e-01,-2.507473086e-01
5.680000000e-04,1.000000000e+01,1.002389847e+01,3.899317659e+00,2.389847454e-01,-2.389847454e-01
5.700000000e-04,1.000000000e+01,1.002262693e+01,3.433984352e+00,2.262693188e-01,-2.262693189e-01
5.720000000e-04,1.000000000e+01,1.002126520e+01,2.994988308e+00,2.126520427e-01,-2.126520428e-01
5.740000000e-04,1.000000000e+01,1.001981875e+01,2.584078917e+00,1.981875253e-01,-1.981875253e-01
5.760000000e-04,1.000000000e+01,1.001829338e+01,2.202892954e+00,1.829337504e-01,-1.829337504e-01
5.780000000e-04,1.000000000e+01,1.001669518e+01,1.852948065e+00,1.669518447e-01,-1.669518447e-01
5.800000000e-04,9.999999985e+00,1.001503099e+01,1.535649056e+00,1.503099587e-01,-1.503099601e-01
5.820000000e-04,1.000000002e+01,1.001330696e+01,1.252269555e+00,1.330695422e-01,-1.330695408e-01
5.840000000e-04,9.999999985e+00,1.001153008e+01,1.003899142e+00,1.153008710e-01,-1.153008724e-01
5.860000000e-04,1.000000000e+01,1.000970719e+01,7.914907892e-01,9.707188781e-02,-9.707188783e-02
5.880000000e-04,1.000000000e+01,1.000784586e+01,6.159310936e-01,7.845855516e-02,-7.845855518e-02
5.900000000e-04,1.000000000e+01,1.000595353e+01,4.779143929e-01,5.953534835e-02,-5.953534837e-02
5.920000000e-04,1.000000000e+01,1.000403780e+01,3.779848277e-01,4.037796494e-02,-4.037796496e-02
5.940000000e-04,1.000000000e+01,1.000210630e+01,3.165341966e-01,2.106302333e-02,-2.106302335e-02
5.960000000e-04,1.000000000e+01,1.000016678e+01,2.938004202e-01,1.667756351e-03,-1.667756371e-03
5.980000000e-04,1.000000000e+01,9.998226970e+00,3.098666216e-01,-1.773029754e-02,1.773029752e-02
6.000000000e-04,1.000000000e+01,9.996294640e+00,3.646608244e-01,-3.705360426e-02,3.705360424e-02
6.020000000e-04,1.000000000e+01,9.994377506e+00,4.579562721e-01,-5.622494400e-02,5.622494398e-02
6.040000000e-04,1.000000000e+01,9.992483228e+00,5.893723648e-01,-7.516771980e-02,7.516771978e-02
6.060000000e-04,1.000000000e+01,9.990619374e+00,7.583762117e-01,-9.380626359e-02,9.380626357e-02
6.080000000e-04,1.000000000e+01,9.988793386e+00,9.642847911e-01,-1.120661384e-01,1.120661384e-01
6.100000000e-04,1.000000000e+01,9.987012556e+00,1.206267711e+00,-1.298744358e-01,1.298744358e-01
6.120000000e-04,1.000000000e+01,9.985283993e+00,1.483350556e+00,-1.471600667e-01,1.471600667e-01
6.140000000e-04,1.000000000e+01,9.983614595e+00,1.794418815e+00,-1.638540454e-01,1.638540454e-01
6.160000000e-04,1.000000000e+01,9.982011024e+00,2.138222357e+00,-1.798897649e-01,1.798897649e-01
6.180000000e-04,1.000000000e+01,9.980479674e+00,2.513380461e+00,-1.952032625e-01,1.952032625e-01
6.200000000e-04,1.000000000e+01,9.979026653e+00,2.918387361e+00,-2.097334750e-01,2.097334750e-01
6.220000000e-04,1.000000000e+01,9.977657752e+00,3.351618283e+00,-2.234224820e-01,2.234224820e-01
6.240000000e-04,1.000000000e+01,9.976378426e+00,3.811335970e+00,-2.362157374e-01,2.362157373e-01
6.260000000e-04,1.000000000e+01,9.975193771e+00,4.295697644e+00,-2.480622858e-01,2.480622857e-01
6.280000000e-04,1.000000000e+01,9.974108503e+00,4.802762396e+00,-2.589149663e-01,2.589149662e-01
6.300000000e-04,1.000000000e+01,9.973126940e+00,5.330498961e+00,-2.687305997e-01,2.687305997e-01
6.320000000e-04,1.000000000e+01,9.972252984e+00,5.876793853e+00,-2.774701608e-01,2.774701607e-01
6.340000000e-04,1.000000000e+01,9.971490107e+00,6.439459836e+00,-2.850989327e-01,2.850989327e-01
6.360000000e-04,1.000000000e+01,9.970841263e+00,7.016315316e+00,-2.915873704e-01,2.915873704e-01
6.380000000e-04,1.000000000e+01,9.970309182e+00,7.604912095e+00,-2.969081788e-01,2.969081788e-01
6.400000000e-04,1.000000000e+01,9.969895881e+00,8.202964260e+00,-3.010411887e-01,3.010411887e-01
6.420000000e-04,1.000000000e+01,9.969602988e+00,8.808079520e+00,-3.039701181e-01,3.039701181e-01
6.440000000e-04,1.000000000e+01,9.969431650e+00,9.417837832e+00,-3.056835010e-01,3.056835009e-01
6.460000000e-04,1.000000000e+01,9.969382527e+00,1.002980108e+01,-3.061747320e-01,3.061747320e-01
6.480000000e-04,1.000000000e+01,9.969455791e+00,1.064152282e+01,-3.054420922e-01,3.054420922e-01
6.500000000e-04,1.000000000e+01,9.969651125e+00,1.125055806e+01,-3.034887547e-01,3.034887547e-01
6.520000000e-04,1.000000000e+01,9.969967723e+00,1.185447305e+01,-3.003227712e-01,3.003227712e-01
6.540000000e-04,1.000000000e+01,9.970404296e+00,1.245085498e+01,-2.959570384e-01,2.959570384e-01
6.560000000e-04,1.000000000e+01,9.970959075e+00,1.303732162e+01,-2.904092461e-01,2.904092460e-01
6.580000000e-04,1.000000000e+01,9.971629820e+00,1.361153087e+01,-2.837018050e-01,2.837018050e-01
6.600000000e-04,1.000000000e+01,9.972413824e+00,1.417119009e+01,-2.758617566e-01,2.758617565e-01
6.620000000e-04,1.000000000e+01,9.973307934e+00,1.471406523e+01,-2.669206638e-01,2.669206637e-01
6.640000000e-04,1.000000000e+01,9.974308552e+00,1.523798980e+01,-2.569144842e-01,2.569144841e-01
6.660000000e-04,1.000000000e+01,9.975411657e+00,1.574087347e+01,-2.458834252e-01,2.458834252e-01
6.680000000e-04,1.000000000e+01,9.976612822e+00,1.622071044e+01,-2.338717827e-01,2.338717826e-01
6.700000000e-04,1.000000000e+01,9.977907224e+00,1.667558742e+01,-2.209277630e-01,2.209277629e-01
6.720000000e-04,1.000000000e+01,9.979289671e+00,1.710369128e+01,-2.071032895e-01,2.071032895e-01
6.740000000e-04,1.000000000e+01,9.980754621e+00,1.750331624e+01,-1.924537944e-01,1.924537943e-01
6.760000000e-04,1.000000000e+01,9.982296200e+00,1.787287072e+01,-1.770379963e-01,1.770379962e-01
6.780000000e-04,1.000000000e+01,9.983908234e+00,1.821088362e+01,-1.609176650e-01,1.609176650e-01
6.800000000e-04,1.000000000e+01,9.985584263e+00,1.851601023e+01,-1.441573740e-01,1.441573740e-01
6.820000000e-04,1.000000000e+01,9.987317576e+00,1.878703753e+01,-1.268242418e-01,1.268242418e-01
6.840000000e-04,1.000000000e+01,9.989101234e+00,1.902288907e+01,-1.089876630e-01,1.089876630e-01
6.860000000e-04,1.000000000e+01,9.990928097e+00,1.922262918e+01,-9.071903058e-02,9.071903056e-02
6.880000000e-04,1.000000000e+01,9.992790855e+00,1.938546673e+01,-7.209145028e-02,7.209145026e-02
6.900000000e-04,1.000000000e+01,9.994682055e+00,1.951075824e+01,-5.317944783e-02,5.317944781e-02
6.920000000e-04,1.000000000e+01,9.996594133e+00,1.959801044e+01,-3.405867090e-02,3.405867088e-02
6.940000000e-04,1.000000000e+01,9.998519441e+00,1.964688219e+01,-1.480558650e-02,1.480558648e-02
6.960000000e-04,1.000000000e+01,1.000045028e+01,1.965718582e+01,4.502824811e-03,-4.502824831e-03
6.980000000e-04,1.000000000e+01,1.000237894e+01,1.962888786e+01,2.378937675e-02,-2.378937677e-02
7.000000000e-04,1.000000000e+01,1.000429770e+01,1.956210915e+01,4.297698585e-02,-4.297698587e-02
7.020000000e-04,1.000000000e+01,1.000619890e+01,1.945712428e+01,6.198897949e-02,-6.198897951e-02
7.040000000e-04,1.000000000e+01,1.000807494e+01,1.931436054e+01,8.074940236e-02,-8.074940238e-02
7.060000000e-04,1.000000000e+01,1.000991833e+01,1.913439608e+01,9.918331985e-02,-9.918331987e-02
7.080000000e-04,1.000000000e+01,1.001172171e+01,1.891795767e+01,1.172171173e-01,-1.172171174e-01
7.100000000e-04,1.000000000e+01,1.001347788e+01,1.866591770e+01,1.347787943e-01,-1.347787943e-01
7.120000000e-04,1.000000000e+01,1.001517983e+01,1.837929068e+01,1.517982514e-01,-1.517982515e-01
7.140000000e-04,1.000000000e+01,1.001682076e+01,1.805922918e+01,1.682075710e-01,-1.682075710e-01
7.160000000e-04,1.000000000e+01,1.001839413e+01,1.770701917e+01,1.839412873e-01,-1.839412874e-01
7.180000000e-04,1.000000000e+01,1.001989366e+01,1.732407483e+01,1.989366483e-01,-1.989366483e-01
7.200000000e-04,1.000000000e+01,1.002131339e+01,1.691193295e+01,2.131338655e-01,-2.131338655e-01
7.220000000e-04,1.000000000e+01,1.002264764e+01,1.647224667e+01,2.264763527e-01,-2.264763527e-01
7.240000000e-04,1.000000000e+01,1.002389110e+01,1.600677893e+01,2.389109511e-01,-2.389109512e-01
7.260000000e-04,1.000000000e+01,1.002503881e+01,1.551739534e+01,2.503881417e-01,-2.503881417e-01
7.280000000e-04,1.000000000e+01,1.002608622e+01,1.500605674e+01,2.608622419e-01,-2.608622419e-01
7.300000000e-04,1.000000000e+01,1.002702916e+01,1.447481133e+01,2.702915875e-01,-2.702915875e-01
7.320000000e-04,1.000000000e+01,1.002786387e+01,1.392578646e+01,2.786386987e-01,-2.786386988e-01
7.340000000e-04,1.000000000e+01,1.002858704e+01,1.336118013e+01,2.858704288e-01,-2.858704288e-01
7.360000000e-04,1.000000000e+01,1.002919581e+01,1.278325217e+01,2.919580957e-01,-2.919580957e-01
7.380000000e-04,1.000000000e+01,1.002968776e+01,1.219431521e+01,2.968775961e-01,-2.968775961e-01
7.400000000e-04,1.000000000e+01,1.003006095e+01,1.159672541e+01,3.006095004e-01,-3.006095004e-01
7.420000000e-04,1.000000000e+01,1.003031391e+01,1.099287307e+01,3.031391299e-01,-3.031391299e-01
7.440000000e-04,1.000000000e+01,1.003044566e+01,1.038517300e+01,3.044566141e-01,-3.044566141e-01
7.460000000e-04,1.000000000e+01,1.003045569e+01,9.776054949e+00,3.045569295e-01,-3.045569295e-01
7.480000000e-04,1.000000000e+01,1.003034399e+01,9.167953824e+00,3.034399186e-01,-3.034399186e-01
7.500000000e-04,1.000000000e+01,1.003011103e+01,8.563299987e+00,3.011102896e-01,-3.011102896e-01
7.520000000e-04,1.000000000e+01,1.002975776e+01,7.964509534e+00,2.975775963e-01,-2.975775963e-01
7.540000000e-04,1.000000000e+01,1.002928562e+01,7.373974643e+00,2.928561996e-01,-2.928561996e-01
7.560000000e-04,1.000000000e+01,1.002869652e+01,6.794054015e+00,2.869652084e-01,-2.869652085e-01
7.580000000e-04,1.000000000e+01,1.002799284e+01,6.227063456e+00,2.799284029e-01,-2.799284029e-01
7.600000000e-04,1.000000000e+01,1.002717741e+01,5.675266626e+00,2.717741381e-01,-2.717741381e-01
7.620000000e-04,1.000000000e+01,1.002625352e+01,5.140866004e+00,2.625352298e-01,-2.625352299e-01
7.640000000e-04,1.000000000e+01,1.002522488e+01,4.625994097e+00,2.522488228e-01,-2.522488228e-01
7.660000000e-04,1.000000000e+01,1.002409562e+01,4.132704928e+00,2.409562410e-01,-2.409562410e-01
7.680000000e-04,1.000000000e+01,1.002287028e+01,3.662965845e+00,2.287028218e-01,-2.287028218e-01
7.700000000e-04,1.000000000e+01,1.002155377e+01,3.218649674e+00,2.155377339e-01,-2.155377339e-01
7.720000000e-04,1.000000000e+01,1.002015138e+01,2.801527249e+00,2.015137803e-01,-2.015137803e-01
7.740000000e-04,1.000000000e+01,1.001866872e+01,2.413260361e+00,1.866871861e-01,-1.866871861e-01
7.760000000e-04,1.000000000e+01,1.001711174e+01,2.055395130e+00,1.711173733e-01,-1.711173733e-01
7.780000000e-04,1.000000000e+01,1.001548667e+01,1.729355854e+00,1.548667227e-01,-1.548667227e-01
7.800000000e-04,1.000000000e+01,1.001380003e+01,1.436439339e+00,1.380003239e-01,-1.380003239e-01
7.820000000e-04,1.000000000e+01,1.001205857e+01,1.177809740e+00,1.205857147e-01,-1.205857147e-01
7.840000000e-04,1.000000000e+01,1.001026926e+01,9.544939355e-01,1.026926104e-01,-1.026926104e-01
7.860000000e-04,1.000000000e+01,1.000843926e+01,7.673774501e-01,8.439262499e-02,-8.439262501e-02
7.880000000e-04,1.000000000e+01,1.000657590e+01,6.172009438e-01,6.575898443e-02,-6.575898445e-02
7.900000000e-04,1.000000000e+01,1.000468662e+01,5.045572803e-01,4.686623364e-02,-4.686623366e-02
7.920000000e-04,1.000000000e+01,1.000277899e+01,4.298891867e-01,2.778993828e-02,-2.778993830e-02
7.940000000e-04,1.000000000e+01,1.000086064e+01,3.934875144e-01,8.606382515e-03,-8.606382535e-03
7.960000000e-04,1.000000000e+01,9.998939226e+00,3.954901067e-01,-1.060773601e-02,1.060773599e-02
7.980000000e-04,1.000000000e+01,9.997022439e+00,4.358812783e-01,-2.977561286e-02,2.977561284e-02
8.000000000e-04,1.000000000e+01,9.995117936e+00,5.144919090e-01,-4.882064375e-02,4.882064373e-02
8.020000000e-04,1.000000000e+01,9.993233327e+00,6.310001503e-01,-6.766673077e-02,6.766673075e-02
8.040000000e-04,1.000000000e+01,9.991376141e+00,7.849327421e-01,-8.623858636e-02,8.623858634e-02
8.060000000e-04,1.000000000e+01,9.989553797e+00,9.756669350e-01,-1.044620342e-01,1.044620341e-01
8.080000000e-04,1.000000000e+01,9.987773569e+00,1.202433009e+00,-1.222643052e-01,1.222643052e-01
8.100000000e-04,1.000000000e+01,9.986042567e+00,1.464317379e+00,-1.395743284e-01,1.395743284e-01
8.120000000e-04,1.000000000e+01,9.984367699e+00,1.760266277e+00,-1.563230147e-01,1.563230146e-01
8.140000000e-04,1.000000000e+01,9.982755647e+00,2.089089989e+00,-1.724435321e-01,1.724435320e-01
8.160000000e-04,1.000000000e+01,9.981212843e+00,2.449467641e+00,-1.878715730e-01,1.878715729e-01
8.180000000e-04,1.000000000e+01,9.979745439e+00,2.839952502e+00,-2.025456104e-01,2.025456104e-01
8.200000000e-04,1.000000000e+01,9.978359286e+00,3.258977791e+00,-2.164071434e-01,2.164071434e-01
8.220000000e-04,1.000000000e+01,9.977059907e+00,3.704862969e+00,-2.294009303e-01,2.294009302e-01
8.240000000e-04,1.000000000e+01,9.975852479e+00,4.175820470e+00,-2.414752087e-01,2.414752087e-01
8.260000000e-04,1.000000000e+01,9.974741810e+00,4.669962876e+00,-2.525819021e-01,2.525819021e-01
8.280000000e-04,1.000000000e+01,9.973732319e+00,5.185310474e+00,-2.626768108e-01,2.626768108e-01
8.300000000e-04,1.000000000e+01,9.972828021e+00,5.719799194e+00,-2.717197880e-01,2.717197879e-01
8.320000000e-04,1.000000000e+01,9.972032510e+00,6.271288868e+00,-2.796748995e-01,2.796748995e-01
8.340000000e-04,1.000000000e+01,9.971348943e+00,6.837571807e+00,-2.865105666e-01,2.865105666e-01
8.360000000e-04,1.000000000e+01,9.970780031e+00,7.416381633e+00,-2.921996912e-01,2.921996912e-01
8.380000000e-04,1.000000000e+01,9.970328024e+00,8.005402354e+00,-2.967197633e-01,2.967197633e-01
8.400000000e-04,1.000000000e+01,9.969994705e+00,8.602277625e+00,-3.000529501e-01,3.000529501e-01
8.420000000e-04,1.000000000e+01,9.969781383e+00,9.204620182e+00,-3.021861663e-01,3.021861663e-01
8.440000000e-04,1.000000000e+01,9.969688887e+00,9.810021382e+00,-3.031111255e-01,3.031111255e-01
8.460000000e-04,1.000000000e+01,9.969717563e+00,1.041606084e+01,-3.028243723e-01,3.028243722e-01
8.480000000e-04,1.000000000e+01,9.969867270e+00,1.102031611e+01,-3.013272952e-01,3.013272951e-01
8.500000000e-04,1.000000000e+01,9.970137388e+00,1.162037235e+01,-2.986261200e-01,2.986261200e-01
8.520000000e-04,1.000000000e+01,9.970526812e+00,1.221383199e+01,-2.947318841e-01,2.947318841e-01
8.540000000e-04,1.000000000e+01,9.971033961e+00,1.279832430e+01,-2.896603913e-01,2.896603913e-01
8.560000000e-04,1.000000000e+01,9.971656785e+00,1.337151489e+01,-2.834321476e-01,2.834321476e-01
8.580000000e-04,1.000000000e+01,9.972392772e+00,1.393111498e+01,-2.760722786e-01,2.760722786e-01
8.600000000e-04,1.000000000e+01,9.973238957e+00,1.447489059e+01,-2.676104277e-01,2.676104277e-01
8.620000000e-04,1.000000000e+01,9.974191936e+00,1.500067141e+01,-2.580806372e-01,2.580806371e-01
8.640000000e-04,1.000000000e+01,9.975247879e+00,1.550635953e+01,-2.475212109e-01,2.475212109e-01
8.660000000e-04,1.000000000e+01,9.976402544e+00,1.598993773e+01,-2.359745606e-01,2.359745606e-01
8.680000000e-04,1.000000000e+01,9.977651296e+00,1.644947758e+01,-2.234870353e-01,2.234870353e-01
8.700000000e-04,1.000000000e+01,9.978989126e+00,1.688314713e+01,-2.101087357e-01,2.101087356e-01
8.720000000e-04,1.000000000e+01,9.980410669e+00,1.728921818e+01,-1.958933124e-01,1.958933124e-01
8.740000000e-04,1.000000000e+01,9.981910225e+00,1.766607320e+01,-1.808977517e-01,1.808977517e-01
8.760000000e-04,1.000000000e+01,9.983481785e+00,1.801221176e+01,-1.651821465e-01,1.651821465e-01
8.780000000e-04,1.000000000e+01,9.985119054e+00,1.832625647e+01,-1.488094556e-01,1.488094555e-01
8.800000000e-04,1.000000000e+01,9.986815475e+00,1.860695855e+01,-1.318452516e-01,1.318452516e-01
8.820000000e-04,1.000000000e+01,9.988564254e+00,1.885320269e+01,-1.143574584e-01,1.143574584e-01
8.840000000e-04,1.000000000e+01,9.990358392e+00,1.906401156e+01,-9.641607896e-02,9.641607894e-02
8.860000000e-04,1.000000000e+01,9.992190708e+00,1.923854964e+01,-7.809291519e-02,7.809291517e-02
8.880000000e-04,1.000000000e+01,9.994053872e+00,1.937612658e+01,-5.946128070e-02,5.946128068e-02
8.900000000e-04,1.000000000e+01,9.995940429e+00,1.947619985e+01,-4.059570732e-02,4.059570730e-02
8.920000000e-04,1.000000000e+01,9.997842835e+00,1.953837699e+01,-2.157164708e-02,2.157164706e-02
8.940000000e-04,1.000000000e+01,9.999753483e+00,1.956241704e+01,-2.465170334e-03,2.465170314e-03
8.960000000e-04,1.000000000e+01,1.000166473e+01,1.954823155e+01,1.664733832e-02,-1.664733834e-02
8.980000000e-04,1.000000000e+01,1.000356895e+01,1.949588486e+01,3.568948548e-02,-3.568948550e-02
9.000000000e-04,1.000000000e+01,1.000545852e+01,1.940559383e+01,5.458517424e-02,-5.458517426e-02
9.020000000e-04,1.000000000e+01,1.000732589e+01,1.927772694e+01,7.325890830e-02,-7.325890832e-02
9.040000000e-04,1.000000000e+01,1.000916361e+01,1.911280278e+01,9.163609363e-02,-9.163609365e-02
9.060000000e-04,1.000000000e+01,1.001096433e+01,1.891148797e+01,1.096433364e-01,-1.096433364e-01
9.080000000e-04,1.000000000e+01,1.001272087e+01,1.867459444e+01,1.272087361e-01,-1.272087361e-01
9.100000000e-04,1.000000000e+01,1.001442642e+01,1.840304139e+01,1.442642112e-01,-1.442642112e-01
9.120000000e-04,1.000000000e+01,1.001607376e+01,1.809798653e+01,1.607375509e-01,-1.607375509e-01
9.140000000e-04,1.000000000e+01,1.001765651e+01,1.776062523e+01,1.765651321e-01,-1.765651321e-01
9.160000000e-04,1.000000000e+01,1.001916838e+01,1.739231238e+01,1.916838214e-01,-1.916838214e-01
9.180000000e-04,1.000000000e+01,1.002060333e+01,1.699452631e+01,2.060333316e-01,-2.060333316e-01
9.200000000e-04,1.000000000e+01,1.002195565e+01,1.656886286e+01,2.195564620e-01,-2.195564620e-01
9.220000000e-04,1.000000000e+01,1.002321993e+01,1.611702896e+01,2.321993262e-01,-2.321993262e-01
9.240000000e-04,1.000000000e+01,1.002439116e+01,1.564083582e+01,2.439115671e-01,-2.439115671e-01
9.260000000e-04,1.000000000e+01,1.002546466e+01,1.514219165e+01,2.546465572e-01,-2.546465572e-01
9.280000000e-04,1.000000000e+01,1.002643616e+01,1.462309400e+01,2.643615846e-01,-2.643615846e-01
9.300000000e-04,1.000000000e+01,1.002730180e+01,1.408562178e+01,2.730180224e-01,-2.730180224e-01
9.320000000e-04,1.000000000e+01,1.002805815e+01,1.353192692e+01,2.805814830e-01,-2.805814830e-01
9.340000000e-04,1.000000000e+01,1.002870220e+01,1.296422579e+01,2.870219538e-01,-2.870219538e-01
9.360000000e-04,1.000000000e+01,1.002923139e+01,1.238479026e+01,2.923139172e-01,-2.923139172e-01
9.380000000e-04,1.000000000e+01,1.002964365e+01,1.179593867e+01,2.964364509e-01,-2.964364509e-01
9.400000000e-04,1.000000000e+01,1.002993733e+01,1.120002654e+01,2.993733112e-01,-2.993733112e-01
9.420000000e-04,1.000000000e+01,1.003011130e+01,1.059943711e+01,3.011129967e-01,-3.011129967e-01
9.440000000e-04,1.000000000e+01,1.003016488e+01,9.996571862e+00,3.016487933e-01,-3.016487933e-01
9.460000000e-04,1.000000000e+01,1.003009788e+01,9.393840892e+00,3.009788003e-01,-3.009788003e-01
9.480000000e-04,1.000000000e+01,1.002991059e+01,8.793653271e+00,2.991059367e-01,-2.991059367e-01
9.500000000e-04,1.000000000e+01,1.002960379e+01,8.198407425e+00,2.960379289e-01,-2.960379290e-01
9.520000000e-04,1.000000000e+01,1.002917873e+01,7.610481548e+00,2.917872787e-01,-2.917872788e-01
9.540000000e-04,1.000000000e+01,1.002863712e+01,7.032224100e+00,2.863712124e-01,-2.863712124e-01
9.560000000e-04,1.000000000e+01,1.002798116e+01,6.465944429e+00,2.798116109e-01,-2.798116109e-01
9.580000000e-04,1.000000000e+01,1.002721349e+01,5.913903543e+00,2.721349215e-01,-2.721349215e-01
9.600000000e-04,1.000000000e+01,1.002633721e+01,5.378305089e+00,2.633720511e-01,-2.633720511e-01
9.620000000e-04,1.000000000e+01,1.002535582e+01,4.861286551e+00,2.535582420e-01,-2.535582420e-01
9.640000000e-04,1.000000000e+01,1.002427329e+01,4.364910723e+00,2.427329298e-01,-2.427329298e-01
9.660000000e-04,1.000000000e+01,1.002309396e+01,3.891157478e+00,2.309395854e-01,-2.309395854e-01
9.680000000e-04,1.000000000e+01,1.002182255e+01,3.441915870e+00,2.182255401e-01,-2.182255401e-01
9.700000000e-04,1.000000000e+01,1.002046418e+01,3.018976606e+00,2.046417957e-01,-2.046417957e-01
9.720000000e-04,1.000000000e+01,1.001902410e+01,2.623978557e+00,1.902410316e-01,-1.902410316e-01
9.740000000e-04,1.000000000e+01,1.001750845e+01,2.258591093e+00,1.750844514e-01,-1.750844514e-01
9.760000000e-04,1.000000000e+01,1.001592311e+01,1.924218919e+00,1.592310945e-01,-1.592310945e-01
9.780000000e-04,1.000000000e+01,1.001427445e+01,1.622192310e+00,1.427444656e-01,-1.427444656e-01
9.800000000e-04,1.000000000e+01,1.001256906e+01,1.353711989e+00,1.256905881e-01,-1.256905882e-01
9.820000000e-04,1.000000000e+01,1.001081377e+01,1.119844355e+00,1.081377394e-01,-1.081377394e-01
9.840000000e-04,1.000000000e+01,1.000901562e+01,9.215172504e-01,9.015617744e-02,-9.015617746e-02
9.860000000e-04,1.000000000e+01,1.000718179e+01,7.595162737e-01,7.181785988e-02,-7.181785990e-02
9.880000000e-04,1.000000000e+01,1.000531962e+01,6.344816740e-01,5.319615586e-02,-5.319615588e-02
9.900000000e-04,1.000000000e+01,1.000343656e+01,5.469058180e-01,3.436555252e-02,-3.436555254e-02
9.920000000e-04,1.000000000e+01,1.000154014e+01,4.971312524e-01,1.540135708e-02,-1.540135710e-02
9.940000000e-04,1.000000000e+01,9.999637940e+00,4.853493646e-01,-3.620604342e-03,3.620604322e-03
9.960000000e-04,1.000000000e+01,9.997737571e+00,5.115996478e-01,-2.262428989e-02,2.262428987e-02
9.980000000e-04,1.000000000e+01,9.995846625e+00,5.757695740e-01,-4.153374599e-02,4.153374597e-02
1.000000000e-03,1.000000000e+01,9.993972659e+00,6.775950736e-01,-6.027341086e-02,6.027341084e-02
1.002000000e-03,1.000000000e+01,9.992123158e+00,8.166616216e-01,-7.876841651e-02,7.876841649e-02
1.004000000e-03,1.000000000e+01,9.990305511e+00,9.924059243e-01,-9.694488781e-02,9.694488779e-02
1.006000000e-03,1.000000000e+01,9.988526976e+00,1.204118201e+00,-1.147302376e-01,1.147302375e-01
1.008000000e-03,1.000000000e+01,9.986794654e+00,1.450945049e+00,-1.320534564e-01,1.320534564e-01
1.010000000e-03,1.000000000e+01,9.985115460e+00,1.731892884e+00,-1.488453963e-01,1.488453963e-01
1.012000000e-03,1.000000000e+01,9.983496095e+00,2.045831943e+00,-1.650390466e-01,1.650390466e-01
1.014000000e-03,1.000000000e+01,9.981943020e+00,2.391500819e+00,-1.805698013e-01,1.805698013e-01
1.016000000e-03,1.000000000e+01,9.980462428e+00,2.767511537e+00,-1.953757170e-01,1.953757170e-01
1.018000000e-03,1.000000000e+01,9.979060058e+00,3.172405728e+00,-2.093994164e-01,2.093994164e-01
1.020000000e-03,1.000000000e+01,9.977741841e+00,3.604461477e+00,-2.225815925e-01,2.225815925e-01
1.022000000e-03,1.000000000e+01,9.976512852e+00,4.061993617e+00,-2.348714793e-01,2.348714792e-01
1.024000000e-03,1.000000000e+01,9.975377987e+00,4.543168311e+00,-2.462201327e-01,2.462201327e-01
1.026000000e-03,1.000000000e+01,9.974341762e+00,5.046057585e+00,-2.565823809e-01,2.565823809e-01
1.028000000e-03,1.000000000e+01,9.973408300e+00,5.568647063e+00,-2.659170034e-01,2.659170034e-01
1.030000000e-03,1.000000000e+01,9.972581310e+00,6.108844026e+00,-2.741868956e-01,2.741868955e-01
1.032000000e-03,1.000000000e+01,9.971864078e+00,6.664485800e+00,-2.813592157e-01,2.813592157e-01
1.034000000e-03,1.000000000e+01,9.971259448e+00,7.233348410e+00,-2.874055158e-01,2.874055158e-01
1.036000000e-03,1.000000000e+01,9.970769815e+00,7.813155482e+00,-2.923018542e-01,2.923018542e-01
1.038000000e-03,1.000000000e+01,9.970397111e+00,8.401587355e+00,-2.960288903e-01,2.960288903e-01
1.040000000e-03,1.000000000e+01,9.970142804e+00,8.996290355e+00,-2.985719611e-01,2.985719611e-01
1.042000000e-03,1.000000000e+01,9.970007886e+00,9.594886215e+00,-2.999211388e-01,2.999211388e-01
1.044000000e-03,1.000000000e+01,9.969992873e+00,1.019498159e+01,-3.000712695e-01,3.000712695e-01
1.046000000e-03,1.000000000e+01,9.970097801e+00,1.079417760e+01,-2.990219931e-01,2.990219931e-01
1.048000000e-03,1.000000000e+01,9.970322226e+00,1.139007947e+01,-2.967777433e-01,2.967777432e-01
1.050000000e-03,1.000000000e+01,9.970665227e+00,1.198030604e+01,-2.933477292e-01,2.933477292e-01
1.052000000e-03,1.000000000e+01,9.971125410e+00,1.256249934e+01,-2.887458979e-01,2.887458979e-01
1.054000000e-03,1.000000000e+01,9.971700912e+00,1.313433395e+01,-2.829908769e-01,2.829908769e-01
1.056000000e-03,1.000000000e+01,9.972389410e+00,1.369352635e+01,-2.761058997e-01,2.761058997e-01
1.058000000e-03,1.000000000e+01,9.973188129e+00,1.423784397e+01,-2.681187113e-01,2.681187113e-01
1.060000000e-03,1.000000000e+01,9.974093854e+00,1.476511418e+01,-2.590614567e-01,2.590614567e-01
1.062000000e-03,1.000000000e+01,9.975102945e+00,1.527323289e+01,-2.489705516e-01,2.489705515e-01
1.064000000e-03,1.000000000e+01,9.976211346e+00,1.576017300e+01,-2.378865357e-01,2.378865357e-01
1.066000000e-03,1.000000000e+01,9.977414609e+00,1.622399246e+01,-2.258539102e-01,2.258539102e-01
1.068000000e-03,1.000000000e+01,9.978707904e+00,1.666284202e+01,-2.129209590e-01,2.129209590e-01
1.070000000e-03,1.000000000e+01,9.980086045e+00,1.707497260e+01,-1.991395548e-01,1.991395548e-01
1.072000000e-03,1.000000000e+01,9.981543505e+00,1.745874227e+01,-1.845649512e-01,1.845649512e-01
1.074000000e-03,1.000000000e+01,9.983074444e+00,1.781262278e+01,-1.692555611e-01,1.692555611e-01
1.076000000e-03,1.000000000e+01,9.984672728e+00,1.813520566e+01,-1.532727228e-01,1.532727228e-01
1.078000000e-03,1.000000000e+01,9.986331955e+00,1.842520782e+01,-1.366804539e-01,1.366804539e-01
1.080000000e-03,1.000000000e+01,9.988045480e+00,1.868147664e+01,-1.195451952e-01,1.195451952e-01
1.082000000e-03,1.000000000e+01,9.989806446e+00,1.890299456e+01,-1.019355445e-01,1.019355445e-01
1.084000000e-03,1.000000000e+01,9.991607802e+00,1.908888314e+01,-8.392198198e-02,8.392198196e-02
1.086000000e-03,1.000000000e+01,9.993442341e+00,1.923840651e+01,-6.557658816e-02,6.557658814e-02
1.088000000e-03,1.000000000e+01,9.995302724e+00,1.935097430e+01,-4.697275549e-02,4.697275547e-02
1.090000000e-03,1.000000000e+01,9.997181511e+00,1.942614397e+01,-2.818489470e-02,2.818489468e-02
1.092000000e-03,1.000000000e+01,9.999071186e+00,1.946362255e+01,-9.288137196e-03,9.288137176e-03
1.094000000e-03,1.000000000e+01,1.000096420e+01,1.946326778e+01,9.641965392e-03,-9.641965412e-03
1.096000000e-03,1.000000000e+01,1.000285297e+01,1.942508864e+01,2.852974326e-02,-2.852974328e-02
1.098000000e-03,1.000000000e+01,1.000472997e+01,1.934924530e+01,4.729971090e-02,-4.729971092e-02
1.100000000e-03,1.000000000e+01,1.000658769e+01,1.923604844e+01,6.587686881e-02,-6.587686883e-02
1.102000000e-03,1.000000000e+01,1.000841870e+01,1.908595796e+01,8.418700312e-02,-8.418700314e-02
1.104000000e-03,1.000000000e+01,1.001021570e+01,1.889958116e+01,1.021569821e-01,-1.021569821e-01
1.106000000e-03,1.000000000e+01,1.001197150e+01,1.867767024e+01,1.197150482e-01,-1.197150482e-01
1.108000000e-03,1.000000000e+01,1.001367911e+01,1.842111928e+01,1.367911047e-01,-1.367911048e-01
1.110000000e-03,1.000000000e+01,1.001533170e+01,1.813096063e+01,1.533169955e-01,-1.533169955e-01
1.112000000e-03,1.000000000e+01,1.001692268e+01,1.780836077e+01,1.692267770e-01,-1.692267770e-01
1.114000000e-03,1.000000000e+01,1.001844588e+01,1.745457107e+01,1.844587900e-01,-1.844587901e-01
1.116000000e-03,1.000000000e+01,1.001989486e+01,1.707109723e+01,1.989485856e-01,-1.989485856e-01
1.118000000e-03,1.000000000e+01,1.002126403e+01,1.665943709e+01,2.126402908e-01,-2.126402908e-01
1.120000000e-03,1.000000000e+01,1.002254793e+01,1.622124168e+01,2.254793399e-01,-2.254793399e-01
1.122000000e-03,1.000000000e+01,1.002374146e+01,1.575826777e+01,2.374145860e-01,-2.374145860e-01
1.124000000e-03,1.000000000e+01,1.002483985e+01,1.527237080e+01,2.483985050e-01,-2.483985050e-01
1.126000000e-03,1.000000000e+01,1.002583874e+01,1.476549749e+01,2.583873848e-01,-2.583873848e-01
1.128000000e-03,1.000000000e+01,1.002673415e+01,1.423967797e+01,2.673414990e-01,-2.673414990e-01
1.130000000e-03,1.000000000e+01,1.002752253e+01,1.369701774e+01,2.752252653e-01,-2.752252653e-01
1.132000000e-03,1.000000000e+01,1.002820074e+01,1.313968915e+01,2.820073865e-01,-2.820073865e-01
1.134000000e-03,1.000000000e+01,1.002876610e+01,1.256992278e+01,2.876609750e-01,-2.876609750e-01
1.136000000e-03,1.000000000e+01,1.002921637e+01,1.198999844e+01,2.921636592e-01,-2.921636592e-01
1.138000000e-03,1.000000000e+01,1.002954977e+01,1.140223611e+01,2.954976722e-01,-2.954976722e-01
1.140000000e-03,1.000000000e+01,1.002976499e+01,1.080898664e+01,2.976499218e-01,-2.976499218e-01
1.142000000e-03,1.000000000e+01,1.002986120e+01,1.021262231e+01,2.986120418e-01,-2.986120419e-01
1.144000000e-03,1.000000000e+01,1.002983804e+01,9.615527416e+00,2.983804248e-01,-2.983804248e-01
1.146000000e-03,1.000000000e+01,1.002969562e+01,9.020088666e+00,2.969562351e-01,-2.969562351e-01
1.148000000e-03,1.000000000e+01,1.002943454e+01,8.428685685e+00,2.943454038e-01,-2.943454038e-01
1.150000000e-03,1.000000000e+01,1.002905586e+01,7.843681488e+00,2.905586037e-01,-2.905586037e-01
1.152000000e-03,1.000000000e+01,1.002856112e+01,7.267413042e+00,2.856112056e-01,-2.856112056e-01
1.154000000e-03,1.000000000e+01,1.002795232e+01,6.702181930e+00,2.795232163e-01,-2.795232163e-01
1.156000000e-03,1.000000000e+01,1.002723192e+01,6.150245158e+00,2.723191975e-01,-2.723191976e-01
1.158000000e-03,1.000000000e+01,1.002640282e+01,5.613806146e+00,2.640281667e-01,-2.640281667e-01
1.160000000e-03,1.000000000e+01,1.002546835e+01,5.095005927e+00,2.546834803e-01,-2.546834803e-01
1.162000000e-03,1.000000000e+01,1.002443212e+01,4.595847785e+00,2.443212248e-01,-2.443212248e-01
1.164000000e-03,1.000000000e+01,1.002329858e+01,4.118459351e+00,2.329858343e-01,-2.329858343e-01
1.166000000e-03,1.000000000e+01,1.002207215e+01,3.664674762e+00,2.207214724e-01,-2.207214725e-01
1.168000000e-03,1.000000000e+01,1.002075773e+01,3.236303063e+00,2.075773454e-01,-2.075773454e-01
1.170000000e-03,1.000000000e+01,1.001936062e+01,2.835051362e+00,1.936061659e-01,-1.936061659e-01
1.172000000e-03,1.000000000e+01,1.001788639e+01,2.462518028e+00,1.788639417e-01,-1.788639418e-01
1.174000000e-03,1.000000000e+01,1.001634098e+01,2.120186322e+00,1.634097514e-01,-1.634097515e-01
1.176000000e-03,1.000000000e+01,1.001473055e+01,1.809418497e+00,1.473055074e-01,-1.473055074e-01
1.178000000e-03,1.000000000e+01,1.001306157e+01,1.531450370e+00,1.306157079e-01,-1.306157079e-01
1.180000000e-03,1.000000000e+01,1.001134072e+01,1.287386412e+00,1.134071787e-01,-1.134071787e-01
1.182000000e-03,1.000000000e+01,1.000957488e+01,1.078195361e+00,9.574880567e-02,-9.574880569e-02
1.184000000e-03,1.000000000e+01,1.000777113e+01,9.047063718e-01,7.771125879e-02,-7.771125881e-02
1.186000000e-03,1.000000000e+01,1.000593667e+01,7.676057365e-01,5.936670952e-02,-5.936670954e-02
1.188000000e-03,1.000000000e+01,1.000407885e+01,6.674341647e-01,4.078854195e-02,-4.078854197e-02
1.190000000e-03,1.000000000e+01,1.000220511e+01,6.045846536e-01,2.205105928e-02,-2.205105930e-02
1.192000000e-03,1.000000000e+01,1.000032292e+01,5.793009469e-01,3.229186590e-03,-3.229186610e-03
1.194000000e-03,1.000000000e+01,9.998439817e+00,5.916765896e-01,-1.560182869e-02,1.560182867e-02
1.196000000e-03,1.000000000e+01,9.996563328e+00,6.416545846e-01,-3.436671764e-02,3.436671762e-02
1.198000000e-03,1.000000000e+01,9.994700951e+00,7.290276508e-01,-5.299049071e-02,5.299049069e-02
1.200000000e-03,1.000000000e+01,9.992860126e+00,8.534390811e-01,-7.139873738e-02,7.139873736e-02
1.202000000e-03,1.000000000e+01,9.991048208e+00,1.014384199e+00,-8.951792347e-02,8.951792345e-02
1.204000000e-03,1.000000000e+01,9.989272432e+00,1.211212403e+00,-1.072756849e-01,1.072756848e-01
1.206000000e-03,1.000000000e+01,9.987539888e+00,1.443129801e+00,-1.246011165e-01,1.246011165e-01
1.208000000e-03,1.000000000e+01,9.985857494e+00,1.709202405e+00,-1.414250556e-01,1.414250556e-01
1.210000000e-03,1.000000000e+01,9.984231964e+00,2.008359901e+00,-1.576803576e-01,1.576803576e-01
1.212000000e-03,1.000000000e+01,9.982669784e+00,2.339399945e+00,-1.733021642e-01,1.733021641e-01
1.214000000e-03,1.000000000e+01,9.981177184e+00,2.700993003e+00,-1.882281620e-01,1.882281620e-01
1.216000000e-03,1.000000000e+01,9.979759949e+00,3.091736591e+00,-2.024005078e-01,2.024005078e-01
1.218000000e-03,1.000000000e+01,9.978424074e+00,3.509968733e+00,-2.157592588e-01,2.157592588e-01
1.220000000e-03,1.000000000e+01,9.977174705e+00,3.954057718e+00,-2.282529539e-01,2.282529539e-01
1.222000000e-03,1.000000000e+01,9.976016817e+00,4.422223361e+00,-2.398318290e-01,2.398318290e-01
1.224000000e-03,1.000000000e+01,9.974954898e+00,4.912650209e+00,-2.504510213e-01,2.504510213e-01
1.226000000e-03,1.000000000e+01,9.973993431e+00,5.423254971e+00,-2.600656902e-01,2.600656901e-01
1.228000000e-03,1.000000000e+01,9.973136104e+00,5.952050743e+00,-2.686389602e-01,2.686389602e-01
1.230000000e-03,1.000000000e+01,9.972386323e+00,6.496920306e+00,-2.761367725e-01,2.761367725e-01
1.232000000e-03,1.000000000e+01,9.971747063e+00,7.055682613e+00,-2.825293736e-01,2.825293736e-01
1.234000000e-03,1.000000000e+01,9.971220799e+00,7.626171269e+00,-2.877920102e-01,2.877920102e-01
1.236000000e-03,1.000000000e+01,9.970809742e+00,8.205965525e+00,-2.919025822e-01,2.919025822e-01
1.238000000e-03,1.000000000e+01,9.970515440e+00,8.792814532e+00,-2.948456049e-01,2.948456049e-01
1.240000000e-03,1.000000000e+01,9.970339045e+00,9.384371258e+00,-2.966095486e-01,2.966095486e-01
1.242000000e-03,1.000000000e+01,9.970281240e+00,9.978270324e+00,-2.971875988e-01,2.971875988e-01
1.244000000e-03,1.000000000e+01,9.970342232e+00,1.057213746e+01,-2.965776822e-01,2.965776822e-01
1.246000000e-03,1.000000000e+01,9.970521753e+00,1.116359901e+01,-2.947824742e-01,2.947824742e-01
1.248000000e-03,1.000000000e+01,9.970819061e+00,1.175029139e+01,-2.918093872e-01,2.918093872e-01
1.250000000e-03,1.000000000e+01,9.971232946e+00,1.232987056e+01,-2.876705402e-01,2.876705402e-01
1.252000000e-03,1.000000000e+01,9.971761729e+00,1.290002138e+01,-2.823827092e-01,2.823827092e-01
1.254000000e-03,1.000000000e+01,9.972403274e+00,1.345846686e+01,-2.759672593e-01,2.759672593e-01
1.256000000e-03,1.000000000e+01,9.973154994e+00,1.400297725e+01,-2.684500584e-01,2.684500584e-01
1.258000000e-03,1.000000000e+01,9.974013863e+00,1.453137893e+01,-2.598613730e-01,2.598613730e-01
1.260000000e-03,1.000000000e+01,9.974976425e+00,1.504156313e+01,-2.502357461e-01,2.502357461e-01
1.262000000e-03,1.000000000e+01,9.976038814e+00,1.553149430e+01,-2.396118584e-01,2.396118584e-01
1.264000000e-03,1.000000000e+01,9.977196763e+00,1.599921823e+01,-2.280323731e-01,2.280323731e-01
1.266000000e-03,1.000000000e+01,9.978445624e+00,1.644286990e+01,-2.155437641e-01,2.155437641e-01
1.268000000e-03,1.000000000e+01,9.979780387e+00,1.686068086e+01,-2.021961300e-01,2.021961300e-01
1.270000000e-03,1.000000000e+01,9.981195701e+00,1.725098628e+01,-1.880429926e-01,1.880429926e-01
1.272000000e-03,1.000000000e+01,9.982685892e+00,1.761223164e+01,-1.731410829e-01,1.731410829e-01
1.274000000e-03,1.000000000e+01,9.984244989e+00,1.794297886e+01,-1.575501131e-01,1.575501131e-01
1.276000000e-03,1.000000000e+01,9.985866746e+00,1.824191204e+01,-1.413325377e-01,1.413325377e-01
1.278000000e-03,1.000000000e+01,9.987544670e+00,1.850784272e+01,-1.245533033e-01,1.245533033e-01
1.280000000e-03,1.000000000e+01,9.989272041e+00,1.873971459e+01,-1.072795885e-01,1.072795884e-01
1.282000000e-03,1.000000000e+01,9.991041947e+00,1.893660767e+01,-8.958053456e-02,8.958053454e-02
1.284000000e-03,1.000000000e+01,9.992847551e+00,1.909776174e+01,-7.152448683e-02,7.152448681e-02
1.286000000e-03,1.000000000e+01,9.994681139e+00,1.922249538e+01,-5.318860688e-02,5.318860686e-02
1.288000000e-03,1.000000000e+01,9.996535620e+00,1.931034200e+01,-3.464380062e-02,3.464380060e-02
1.290000000e-03,1.000000000e+01,9.998403577e+00,1.936095784e+01,-1.596423295e-02,1.596423293e-02
1.292000000e-03,1.000000000e+01,1.000027754e+01,1.937414806e+01,2.775407428e-03,-2.775407448e-03
1.294000000e-03,1.000000000e+01,1.000215002e+01,1.934986741e+01,2.150020663e-02,-2.150020665e-02
1.296000000e-03,1.000000000e+01,1.000401353e+01,1.928822043e+01,4.013532508e-02,-4.013532510e-02
1.298000000e-03,1.000000000e+01,1.000586063e+01,1.918946100e+01,5.860629664e-02,-5.860629666e-02
1.300000000e-03,1.000000000e+01,1.000768393e+01,1.905399129e+01,7.683932612e-02,-7.683932614e-02
1.302000000e-03,1.000000000e+01,1.000947637e+01,1.888233735e+01,9.476373885e-02,-9.476373887e-02
1.304000000e-03,1.000000000e+01,1.001123036e+01,1.867523366e+01,1.123036026e-01,-1.123036027e-01
1.306000000e-03,1.000000000e+01,1.001293911e+01,1.843349671e+01,1.293910838e-01,-1.293910838e-01
1.308000000e-03,1.000000000e+01,1.001459580e+01,1.815809963e+01,1.459579746e-01,-1.459579746e-01
1.310000000e-03,1.000000000e+01,1.001619382e+01,1.785014991e+01,1.619381618e-01,-1.619381618e-01
1.312000000e-03,1.000000000e+01,1.001772679e+01,1.751088494e+01,1.772678902e-01,-1.772678902e-01
1.314000000e-03,1.000000000e+01,1.001918860e+01,1.714166701e+01,1.918860174e-01,-1.918860175e-01
1.316000000e-03,1.000000000e+01,1.002057343e+01,1.674397786e+01,2.057342576e-01,-2.057342576e-01
1.318000000e-03,1.000000000e+01,1.002187574e+01,1.631941274e+01,2.187574135e-01,-2.187574135e-01
1.320000000e-03,1.000000000e+01,1.002309036e+01,1.586967401e+01,2.309035970e-01,-2.309035970e-01
1.322000000e-03,1.000000000e+01,1.002421244e+01,1.539656428e+01,2.421244354e-01,-2.421244355e-01
1.324000000e-03,1.000000000e+01,1.002523753e+01,1.490197925e+01,2.523752646e-01,-2.523752646e-01
1.326000000e-03,1.000000000e+01,1.002616153e+01,1.438790005e+01,2.616153061e-01,-2.616153061e-01
1.328000000e-03,1.000000000e+01,1.002698078e+01,1.385638534e+01,2.698078299e-01,-2.698078300e-01
1.330000000e-03,1.000000000e+01,1.002769203e+01,1.330956307e+01,2.769203003e-01,-2.769203003e-01
1.332000000e-03,1.000000000e+01,1.002829245e+01,1.274962192e+01,2.829245048e-01,-2.829245048e-01
1.334000000e-03,1.000000000e+01,1.002877967e+01,1.217880258e+01,2.877966664e-01,-2.877966664e-01
1.336000000e-03,1.000000000e+01,1.002915175e+01,1.159938880e+01,2.915175377e-01,-2.915175378e-01
1.338000000e-03,1.000000000e+01,1.002940725e+01,1.101369818e+01,2.940724768e-01,-2.940724768e-01
1.340000000e-03,1.000000000e+01,1.002954515e+01,1.042407298e+01,2.954515046e-01,-2.954515047e-01
1.342000000e-03,1.000000000e+01,1.002956493e+01,9.832870689e+00,2.956493446e-01,-2.956493446e-01
1.344000000e-03,1.000000000e+01,1.002946654e+01,9.242454654e+00,2.946654422e-01,-2.946654422e-01
1.346000000e-03,1.000000000e+01,1.002925040e+01,8.655184591e+00,2.925039663e-01,-2.925039663e-01
1.348000000e-03,1.000000000e+01,1.002891738e+01,8.073407175e+00,2.891737918e-01,-2.891737919e-01
1.350000000e-03,1.000000000e+01,1.002846885e+01,7.499446658e+00,2.846884632e-01,-2.846884632e-01
1.352000000e-03,1.000000000e+01,1.002790661e+01,6.935595580e+00,2.790661391e-01,-2.790661392e-01
1.354000000e-03,1.000000000e+01,1.002723295e+01,6.384105619e+00,2.723295194e-01,-2.723295194e-01
1.356000000e-03,1.000000000e+01,1.002645058e+01,5.847178594e+00,2.645057528e-01,-2.645057528e-01
1.358000000e-03,1.000000000e+01,1.002556263e+01,5.326957675e+00,2.556263282e-01,-2.556263283e-01
1.360000000e-03,1.000000000e+01,1.002457269e+01,4.825518831e+00,2.457269477e-01,-2.457269477e-01
1.362000000e-03,1.000000000e+01,1.002348474e+01,4.344862543e+00,2.348473828e-01,-2.348473828e-01
1.364000000e-03,1.000000000e+01,1.002230313e+01,3.886905827e+00,2.230313148e-01,-2.230313148e-01
1.366000000e-03,1.000000000e+01,1.002103262e+01,3.453474583e+00,2.103261595e-01,-2.103261595e-01
1.368000000e-03,1.000000000e+01,1.001967829e+01,3.046296320e+00,1.967828771e-01,-1.967828771e-01
1.370000000e-03,1.000000000e+01,1.001824540e+01,2.666948814e+00,1.824539891e-01,-1.824539891e-01
1.372000000e-03,1.000000000e+01,1.001674004e+01,2.317035105e+00,1.674003887e-01,-1.674003887e-01
1.374000000e-03,1.000000000e+01,1.001516788e+01,1.997862985e+00,1.516787634e-01,-1.516787635e-01
1.376000000e-03,1.000000000e+01,1.001353559e+01,1.710779839e+00,1.353558891e-01,-1.353558891e-01
1.378000000e-03,1.000000000e+01,1.001184932e+01,1.456856938e+00,1.184931935e-01,-1.184931935e-01
1.380000000e-03,1.000000000e+01,1.001011623e+01,1.237164594e+00,1.011622659e-01,-1.011622660e-01
1.382000000e-03,1.000000000e+01,1.000834305e+01,1.052541018e+00,8.343046160e-02,-8.343046162e-02
1.384000000e-03,1.000000000e+01,1.000653687e+01,9.037171307e-01,6.536873422e-02,-6.536873424e-02
1.386000000e-03,1.000000000e+01,1.000470493e+01,7.912806178e-01,4.704934204e-02,-4.704934206e-02
1.388000000e-03,1.000000000e+01,1.000285456e+01,7.156736076e-01,2.854555874e-02,-2.854555876e-02
1.390000000e-03,1.000000000e+01,1.000099314e+01,6.771909334e-01,9.931380342e-03,-9.931380362e-03
1.392000000e-03,1.000000000e+01,9.999128123e+00,6.759789848e-01,-8.718770682e-03,8.718770662e-03
1.394000000e-03,1.000000000e+01,9.997266966e+00,7.120351515e-01,-2.733034296e-02,2.733034294e-02
1.396000000e-03,1.000000000e+01,9.995417105e+00,7.852078644e-01,-4.582895423e-02,4.582895421e-02
1.398000000e-03,1.000000000e+01,9.993585931e+00,8.951972307e-01,-6.414068861e-02,6.414068859e-02
1.400000000e-03,1.000000000e+01,9.991780761e+00,1.041556262e+00,-8.219239195e-02,8.219239193e-02
1.402000000e-03,1.000000000e+01,9.990008804e+00,1.223692692e+00,-9.991196404e-02,9.991196402e-02
1.404000000e-03,1.000000000e+01,9.988277135e+00,1.440871370e+00,-1.172286467e-01,1.172286466e-01
1.406000000e-03,1.000000000e+01,9.986592669e+00,1.692217229e+00,-1.340733060e-01,1.340733060e-01
1.408000000e-03,1.000000000e+01,9.984962129e+00,1.976718814e+00,-1.503787089e-01,1.503787089e-01
1.410000000e-03,1.000000000e+01,9.983392021e+00,2.293232348e+00,-1.660797908e-01,1.660797908e-01
1.412000000e-03,1.000000000e+01,9.981888408e+00,2.640535552e+00,-1.811159241e-01,1.811159241e-01
1.414000000e-03,1.000000000e+01,9.980457697e+00,3.017139787e+00,-1.954230318e-01,1.954230318e-01
1.416000000e-03,1.000000000e+01,9.979105382e+00,3.421579014e+00,-2.089461773e-01,2.089461773e-01
1.418000000e-03,1.000000000e+01,9.977836853e+00,3.852231132e+00,-2.216314656e-01,2.216314656e-01
1.420000000e-03,1.000000000e+01,9.976657164e+00,4.307369595e+00,-2.334283616e-01,2.334283616e-01
1.422000000e-03,1.000000000e+01,9.975571011e+00,4.785170327e+00,-2.442898910e-01,2.442898910e-01
1.424000000e-03,1.000000000e+01,9.974582717e+00,5.283719040e+00,-2.541728276e-01,2.541728276e-01
1.426000000e-03,1.000000000e+01,9.973696213e+00,5.801018896e+00,-2.630378654e-01,2.630378654e-01
1.428000000e-03,1.000000000e+01,9.972915023e+00,6.334998512e+00,-2.708497746e-01,2.708497746e-01
1.430000000e-03,1.000000000e+01,9.972242246e+00,6.883520249e+00,-2.775775417e-01,2.775775417e-01
1.432000000e-03,1.000000000e+01,9.971680551e+00,7.444388771e+00,-2.831944930e-01,2.831944930e-01
1.434000000e-03,1.000000000e+01,9.971232160e+00,8.015359831e+00,-2.876783998e-01,2.876783998e-01
1.436000000e-03,1.000000000e+01,9.970898843e+00,8.594149253e+00,-2.910115666e-01,2.910115666e-01
1.438000000e-03,1.000000000e+01,9.970681910e+00,9.178442065e+00,-2.931809010e-01,2.931809010e-01
1.440000000e-03,1.000000000e+01,9.970582204e+00,9.765901765e+00,-2.941779649e-01,2.941779649e-01
1.442000000e-03,1.000000000e+01,9.970600099e+00,1.035417966e+01,-2.939990077e-01,2.939990077e-01
1.444000000e-03,1.000000000e+01,9.970735502e+00,1.094092425e+01,-2.926449798e-01,2.926449798e-01
1.446000000e-03,1.000000000e+01,9.970987847e+00,1.152379064e+01,-2.901215282e-01,2.901215281e-01
1.448000000e-03,1.000000000e+01,9.971356103e+00,1.210044990e+01,-2.864389729e-01,2.864389729e-01
1.450000000e-03,1.000000000e+01,9.971838774e+00,1.266859839e+01,-2.816122650e-01,2.816122650e-01
1.452000000e-03,1.000000000e+01,9.972433907e+00,1.322596693e+01,-2.756609254e-01,2.756609253e-01
1.454000000e-03,1.000000000e+01,9.973139103e+00,1.377032988e+01,-2.686089664e-01,2.686089663e-01
1.456000000e-03,1.000000000e+01,9.973951521e+00,1.429951405e+01,-2.604847946e-01,2.604847946e-01
1.458000000e-03,1.000000000e+01,9.974868007e+00,1.481146843e+01,-2.513199304e-01,2.513199304e-01
1.460000000e-03,1.000000000e+01,9.975884658e+00,1.530402581e+01,-2.411534217e-01,2.411534217e-01
1.462000000e-03,1.000000000e+01,9.976997494e+00,1.577528463e+01,-2.300250623e-01,2.300250622e-01
1.464000000e-03,1.000000000e+01,9.978202048e+00,1.622336553e+01,-2.179795242e-01,2.179795242e-01
1.466000000e-03,1.000000000e+01,9.979493486e+00,1.664648218e+01,-2.050651367e-01,2.050651367e-01
1.468000000e-03,1.000000000e+01,9.980866631e+00,1.704294839e+01,-1.913336920e-01,1.913336920e-01
1.470000000e-03,1.000000000e+01,9.982315976e+00,1.741118482e+01,-1.768402378e-01,1.768402378e-01
1.472000000e-03,1.000000000e+01,9.983835714e+00,1.774972529e+01,-1.616428563e-01,1.616428563e-01
1.474000000e-03,1.000000000e+01,9.985419757e+00,1.805722259e+01,-1.458024320e-01,1.458024320e-01
1.476000000e-03,1.000000000e+01,9.987061759e+00,1.833245389e+01,-1.293824072e-01,1.293824072e-01
1.478000000e-03,1.000000000e+01,9.988755147e+00,1.857432553e+01,-1.124485282e-01,1.124485282e-01
1.480000000e-03,1.000000000e+01,9.990493142e+00,1.878187744e+01,-9.506858216e-02,9.506858214e-02
1.482000000e-03,1.000000000e+01,9.992268787e+00,1.895428690e+01,-7.731212542e-02,7.731212540e-02
1.484000000e-03,1.000000000e+01,9.994074979e+00,1.909087182e+01,-5.925020539e-02,5.925020537e-02
1.486000000e-03,1.000000000e+01,9.995904492e+00,1.919109345e+01,-4.095507621e-02,4.095507619e-02
1.488000000e-03,1.000000000e+01,9.997750009e+00,1.925455846e+01,-2.249990967e-02,2.249990965e-02
1.490000000e-03,1.000000000e+01,9.999604150e+00,1.928102055e+01,-3.958502619e-03,3.958502599e-03
1.492000000e-03,1.000000000e+01,1.000145950e+01,1.927038134e+01,1.459501817e-02,-1.459501819e-02
1.494000000e-03,1.000000000e+01,1.000330865e+01,1.922269079e+01,3.308649233e-02,-3.308649235e-02
1.496000000e-03,1.000000000e+01,1.000514420e+01,1.913814691e+01,5.144202232e-02,-5.144202234e-02
1.498000000e-03,1.000000000e+01,1.000695883e+01,1.901709501e+01,6.958826875e-02,-6.958826877e-02
1.500000000e-03,1.000000000e+01,1.000874527e+01,1.886002622e+01,8.745274339e-02,-8.745274341e-02
1.502000000e-03,1.000000000e+01,1.001049641e+01,1.866757554e+01,1.049640988e-01,-1.049640988e-01
1.504000000e-03,1.000000000e+01,1.001220524e+01,1.844051928e+01,1.220524130e-01,-1.220524130e-01
1.506000000e-03,1.000000000e+01,1.001386495e+01,1.817977189e+01,1.386494692e-01,-1.386494693e-01
1.508000000e-03,1.000000000e+01,1.001546890e+01,1.788638231e+01,1.546890277e-01,-1.546890277e-01
1.510000000e-03,1.000000000e+01,1.001701071e+01,1.756152974e+01,1.701070901e-01,-1.701070901e-01
1.512000000e-03,1.000000000e+01,1.001848422e+01,1.720651890e+01,1.848421552e-01,-1.848421552e-01
1.514000000e-03,1.000000000e+01,1.001988371e+01,1.682272675e+01,1.988371194e-01,-1.988371194e-01
1.516000000e-03,1.000000000e+01,1.002120328e+01,1.641178572e+01,2.120327896e-01,-2.120327896e-01
1.518000000e-03,1.000000000e+01,1.002243783e+01,1.597529914e+01,2.243783310e-01,-2.243783310e-01
1.520000000e-03,1.000000000e+01,1.002358246e+01,1.551501674e+01,2.358245689e-01,-2.358245689e-01
1.522000000e-03,1.000000000e+01,1.002463259e+01,1.503278301e+01,2.463259327e-01,-2.463259328e-01
1.524000000e-03,1.000000000e+01,1.002558406e+01,1.453052983e+01,2.558406379e-01,-2.558406379e-01
1.526000000e-03,1.000000000e+01,1.002643309e+01,1.401026869e+01,2.643308516e-01,-2.643308516e-01
1.528000000e-03,1.000000000e+01,1.002717628e+01,1.347408266e+01,2.717628436e-01,-2.717628436e-01
1.530000000e-03,1.000000000e+01,1.002781071e+01,1.292411804e+01,2.781071201e-01,-2.781071201e-01
1.532000000e-03,1.000000000e+01,1.002833385e+01,1.236257580e+01,2.833385407e-01,-2.833385407e-01
1.534000000e-03,1.000000000e+01,1.002874364e+01,1.179170270e+01,2.874364181e-01,-2.874364182e-01
1.536000000e-03,1.000000000e+01,1.002903846e+01,1.121378240e+01,2.903846000e-01,-2.903846000e-01
1.538000000e-03,1.000000000e+01,1.002921715e+01,1.063112622e+01,2.921715324e-01,-2.921715325e-01
1.540000000e-03,1.000000000e+01,1.002927903e+01,1.004606398e+01,2.927903053e-01,-2.927903054e-01
1.542000000e-03,1.000000000e+01,1.002922387e+01,9.460934629e+00,2.922386791e-01,-2.922386792e-01
1.544000000e-03,1.000000000e+01,1.002905191e+01,8.878076939e+00,2.905190928e-01,-2.905190928e-01
1.546000000e-03,1.000000000e+01,1.002876387e+01,8.299820119e+00,2.876386529e-01,-2.876386530e-01
1.548000000e-03,1.000000000e+01,1.002836091e+01,7.728474526e+00,2.836091049e-01,-2.836091049e-01
1.550000000e-03,1.000000000e+01,1.002784468e+01,7.166322432e+00,2.784467844e-01,-2.784467844e-01
1.552000000e-03,1.000000000e+01,1.002721726e+01,6.615608905e+00,2.721725517e-01,-2.721725518e-01
1.554000000e-03,1.000000000e+01,1.002648117e+01,6.078532845e+00,2.648117072e-01,-2.648117072e-01
1.556000000e-03,1.000000000e+01,1.002563939e+01,5.557238205e+00,2.563938893e-01,-2.563938893e-01
1.558000000e-03,1.000000000e+01,1.002469530e+01,5.053805429e+00,2.469529551e-01,-2.469529551e-01
1.560000000e-03,1.000000000e+01,1.002365268e+01,4.570243153e+00,2.365268444e-01,-2.365268445e-01
1.562000000e-03,1.000000000e+01,1.002251574e+01,4.108480189e+00,2.251574273e-01,-2.251574273e-01
1.564000000e-03,1.000000000e+01,1.002128903e+01,3.670357831e+00,2.128903356e-01,-2.128903356e-01
1.566000000e-03,1.000000000e+01,1.001997731e+01,3.257573877e+00,1.997731453e-01,-1.997731453e-01
1.568000000e-03,1.000000000e+01,1.001858616e+01,2.871873582e+00,1.858616247e-01,-1.858616247e-01
1.570000000e-03,1.000000000e+01,1.001712082e+01,2.514699636e+00,1.712081871e-01,-1.712081871e-01
1.572000000e-03,1.000000000e+01,1.001558751e+01,2.187560945e+00,1.558750936e-01,-1.558750936e-01
1.574000000e-03,1.000000000e+01,1.001399220e+01,1.891713799e+00,1.399220379e-01,-1.399220379e-01
1.576000000e-03,1.000000000e+01,1.001234129e+01,1.628334436e+00,1.234129081e-01,-1.234129081e-01
1.578000000e-03,1.000000000e+01,1.001064138e+01,1.398469081e+00,1.064138018e-01,-1.064138019e-01
1.580000000e-03,1.000000000e+01,1.000889928e+01,1.203029798e+00,8.899276220e-02,-8.899276222e-02
1.582000000e-03,1.000000000e+01,1.000712195e+01,1.042790868e+00,7.121950499e-02,-7.121950501e-02
1.584000000e-03,1.000000000e+01,1.000531651e+01,9.183857204e-01,5.316513991e-02,-5.316513993e-02
1.586000000e-03,1.000000000e+01,1.000349019e+01,8.303044337e-01,3.490188601e-02,-3.490188603e-02
1.588000000e-03,1.000000000e+01,1.000165028e+01,7.788918014e-01,1.650278283e-02,-1.650278285e-02
1.590000000e-03,1.000000000e+01,9.999804140e+00,7.643459849e-01,-1.958601722e-03,1.958601702e-03
1.592000000e-03,1.000000000e+01,9.997959153e+00,7.867177499e-01,-2.040846550e-02,2.040846548e-02
1.594000000e-03,1.000000000e+01,9.996122693e+00,8.459102936e-01,-3.877306718e-02,3.877306716e-02
1.596000000e-03,1.000000000e+01,9.994302098e+00,9.416796606e-01,-5.697902097e-02,5.697902095e-02
1.598000000e-03,1.000000000e+01,9.992504641e+00,1.073635748e+00,-7.495358988e-02,7.495358986e-02
1.600000000e-03,1.000000000e+01,9.990737502e+00,1.241243893e+00,-9.262497628e-02,9.262497626e-02
1.602000000e-03,1.000000000e+01,9.989007739e+00,1.443827040e+00,-1.099226087e-01,1.099226087e-01
1.604000000e-03,1.000000000e+01,9.987322258e+00,1.680568474e+00,-1.267774238e-01,1.267774238e-01
1.606000000e-03,1.000000000e+01,9.985687786e+00,1.950515115e+00,-1.431221418e-01,1.431221418e-01
1.608000000e-03,1.000000000e+01,9.984110846e+00,2.252581351e+00,-1.588915353e-01,1.588915353e-01
1.610000000e-03,1.000000000e+01,9.982597731e+00,2.585553407e+00,-1.740226895e-01,1.740226895e-01
1.612000000e-03,1.000000000e+01,9.981154475e+00,2.948094221e+00,-1.884552532e-01,1.884552532e-01
1.614000000e-03,1.000000000e+01,9.979786832e+00,3.338748814e+00,-2.021316796e-01,2.021316796e-01
1.616000000e-03,1.000000000e+01,9.978500254e+00,3.755950125e+00,-2.149974556e-01,2.149974556e-01
1.618000000e-03,1.000000000e+01,9.977299868e+00,4.198025304e+00,-2.270013191e-01,2.270013191e-01
1.620000000e-03,1.000000000e+01,9.976190454e+00,4.663202411e+00,-2.380954633e-01,2.380954633e-01
1.622000000e-03,1.000000000e+01,9.975176427e+00,5.149617526e+00,-2.482357273e-01,2.482357272e-01
1.624000000e-03,1.000000000e+01,9.974261823e+00,5.655322212e+00,-2.573817713e-01,2.573817713e-01
1.626000000e-03,1.000000000e+01,9.973450276e+00,6.178291322e+00,-2.654972378e-01,2.654972378e-01
1.628000000e-03,1.000000000e+01,9.972745010e+00,6.716431110e+00,-2.725498955e-01,2.725498955e-01
1.630000000e-03,1.000000000e+01,9.972148823e+00,7.267587610e+00,-2.785117678e-01,2.785117678e-01
1.632000000e-03,1.000000000e+01,9.971664076e+00,7.829555261e+00,-2.833592433e-01,2.833592433e-01
1.634000000e-03,1.000000000e+01,9.971292683e+00,8.400085730e+00,-2.870731696e-01,2.870731696e-01
1.636000000e-03,1.000000000e+01,9.971036107e+00,8.976896908e+00,-2.896389291e-01,2.896389291e-01
1.638000000e-03,1.000000000e+01,9.970895350e+00,9.557682041e+00,-2.910464960e-01,2.910464960e-01
1.640000000e-03,1.000000000e+01,9.970870952e+00,1.014011895e+01,-2.912904760e-01,2.912904760e-01
1.642000000e-03,1.000000000e+01,9.970962987e+00,1.072187932e+01,-2.903701267e-01,2.903701267e-01
1.644000000e-03,1.000000000e+01,9.971171064e+00,1.130063800e+01,-2.882893595e-01,2.882893595e-01
1.646000000e-03,1.000000000e+01,9.971494328e+00,1.187408232e+01,-2.850567233e-01,2.850567232e-01
1.648000000e-03,1.000000000e+01,9.971931463e+00,1.243992129e+01,-2.806853691e-01,2.806853691e-01
1.650000000e-03,1.000000000e+01,9.972480700e+00,1.299589478e+01,-2.751929971e-01,2.751929970e-01
1.652000000e-03,1.000000000e+01,9.973139822e+00,1.353978257e+01,-2.686017841e-01,2.686017841e-01
1.654000000e-03,1.000000000e+01,9.973906171e+00,1.406941316e+01,-2.609382949e-01,2.609382949e-01
1.656000000e-03,1.000000000e+01,9.974776663e+00,1.458267248e+01,-2.522333748e-01,2.522333748e-01
1.658000000e-03,1.000000000e+01,9.975747797e+00,1.507751232e+01,-2.425220253e-01,2.425220253e-01
1.660000000e-03,1.000000000e+01,9.976815674e+00,1.555195851e+01,-2.318432638e-01,2.318432638e-01
1.662000000e-03,1.000000000e+01,9.977976003e+00,1.600411878e+01,-2.202399665e-01,2.202399665e-01
1.664000000e-03,1.000000000e+01,9.979224130e+00,1.643219030e+01,-2.077586963e-01,2.077586963e-01
1.666000000e-03,1.000000000e+01,9.980555048e+00,1.683446691e+01,-1.944495162e-01,1.944495162e-01
1.668000000e-03,1.000000000e+01,9.981963421e+00,1.720934587e+01,-1.803657882e-01,1.803657882e-01
1.670000000e-03,1.000000000e+01,9.983443604e+00,1.755533429e+01,-1.655639596e-01,1.655639595e-01
1.672000000e-03,1.000000000e+01,9.984989666e+00,1.787105503e+01,-1.501033364e-01,1.501033363e-01
1.674000000e-03,1.000000000e+01,9.986595415e+00,1.815525222e+01,-1.340458461e-01,1.340458461e-01
1.676000000e-03,1.000000000e+01,9.988254421e+00,1.840679624e+01,-1.174557896e-01,1.174557896e-01
1.678000000e-03,1.000000000e+01,9.989960042e+00,1.862468820e+01,-1.003995833e-01,1.003995833e-01
1.680000000e-03,1.000000000e+01,9.991705451e+00,1.880806393e+01,-8.294549367e-02,8.294549365e-02
1.682000000e-03,1.000000000e+01,9.993483664e+00,1.895619737e+01,-6.516336388e-02,6.516336386e-02
1.684000000e-03,1.000000000e+01,9.995287567e+00,1.906850350e+01,-4.712433423e-02,4.712433421e-02
1.686000000e-03,1.000000000e+01,9.997109944e+00,1.914454058e+01,-2.890055764e-02,2.890055762e-02
1.688000000e-03,1.000000000e+01,9.998943509e+00,1.918401197e+01,-1.056491103e-02,1.056491101e-02
1.690000000e-03,1.000000000e+01,1.000078093e+01,1.918676720e+01,7.809296117e-03,-7.809296137e-03
1.692000000e-03,1.000000000e+01,1.000261486e+01,1.915280261e+01,2.614861485e-02,-2.614861487e-02
1.694000000e-03,1.000000000e+01,1.000443798e+01,1.908226129e+01,4.437975037e-02,-4.437975039e-02
1.696000000e-03,1.000000000e+01,1.000624299e+01,1.897543252e+01,6.242985492e-02,-6.242985494e-02
1.698000000e-03,1.000000000e+01,1.000802268e+01,1.883275054e+01,8.022681891e-02,-8.022681893e-02
1.700000000e-03,1.000000000e+01,1.000976996e+01,1.865479281e+01,9.769955896e-02,-9.769955898e-02
1.702000000e-03,1.000000000e+01,1.001147783e+01,1.844227770e+01,1.147783018e-01,-1.147783018e-01
1.704000000e-03,1.000000000e+01,1.001313949e+01,1.819606151e+01,1.313948630e-01,-1.313948630e-01
1.706000000e-03,1.000000000e+01,1.001474829e+01,1.791713513e+01,1.474829189e-01,-1.474829189e-01
1.708000000e-03,1.000000000e+01,1.001629783e+01,1.760661994e+01,1.629782718e-01,-1.629782718e-01
1.710000000e-03,1.000000000e+01,1.001778191e+01,1.726576339e+01,1.778191056e-01,-1.778191056e-01
1.712000000e-03,1.000000000e+01,1.001919479e+01,1.689588758e+01,1.919479060e-01,-1.919479060e-01
1.714000000e-03,1.000000000e+01,1.002053049e+01,1.649856598e+01,2.053049073e-01,-2.053049073e-01
1.716000000e-03,1.000000000e+01,1.002178386e+01,1.607534924e+01,2.178386387e-01,-2.178386387e-01
1.718000000e-03,1.000000000e+01,1.002294992e+01,1.562793413e+01,2.294991679e-01,-2.294991680e-01
1.720000000e-03,1.000000000e+01,1.002402413e+01,1.515805566e+01,2.402413146e-01,-2.402413146e-01
1.722000000e-03,1.000000000e+01,1.002500197e+01,1.466771006e+01,2.500197089e-01,-2.500197089e-01
1.724000000e-03,1.000000000e+01,1.002587968e+01,1.415880580e+01,2.587968252e-01,-2.587968252e-01
1.726000000e-03,1.000000000e+01,1.002665378e+01,1.363338069e+01,2.665377818e-01,-2.665377818e-01
1.728000000e-03,1.000000000e+01,1.002732118e+01,1.309353813e+01,2.732118455e-01,-2.732118455e-01
1.730000000e-03,1.000000000e+01,1.002787926e+01,1.254143875e+01,2.787925537e-01,-2.787925537e-01
1.732000000e-03,1.000000000e+01,1.002832578e+01,1.197929173e+01,2.832578190e-01,-2.832578190e-01
1.734000000e-03,1.000000000e+01,1.002865900e+01,1.140934595e+01,2.865900170e-01,-2.865900170e-01
1.736000000e-03,1.000000000e+01,1.002887761e+01,1.083388105e+01,2.887760556e-01,-2.887760557e-01
1.738000000e-03,1.000000000e+01,1.002898074e+01,1.025519824e+01,2.898074266e-01,-2.898074266e-01
1.740000000e-03,1.000000000e+01,1.002896802e+01,9.675611143e+00,2.896802384e-01,-2.896802384e-01
1.742000000e-03,1.000000000e+01,1.002883952e+01,9.097436539e+00,2.883952311e-01,-2.883952311e-01
1.744000000e-03,1.000000000e+01,1.002859578e+01,8.522985093e+00,2.859577725e-01,-2.859577725e-01
1.746000000e-03,1.000000000e+01,1.002823778e+01,7.954552129e+00,2.823778355e-01,-2.823778355e-01
1.748000000e-03,1.000000000e+01,1.002776700e+01,7.394408454e+00,2.776699575e-01,-2.776699575e-01
1.750000000e-03,1.000000000e+01,1.002718532e+01,6.844791291e+00,2.718531814e-01,-2.718531814e-01
1.752000000e-03,1.000000000e+01,1.002649510e+01,6.307895340e+00,2.649509785e-01,-2.649509785e-01
1.754000000e-03,1.000000000e+01,1.002569912e+01,5.785864017e+00,2.569911537e-01,-2.569911537e-01
1.756000000e-03,1.000000000e+01,1.002480057e+01,5.280780893e+00,2.480057338e-01,-2.480057339e-01
1.758000000e-03,1.000000000e+01,1.002380308e+01,4.794661384e+00,2.380308385e-01,-2.380308385e-01
1.760000000e-03,1.000000000e+01,1.002271065e+01,4.329444705e+00,2.271065350e-01,-2.271065350e-01
1.762000000e-03,1.000000000e+01,1.002152767e+01,3.886986133e+00,2.152766774e-01,-2.152766774e-01
1.764000000e-03,1.000000000e+01,1.002025887e+01,3.469049614e+00,2.025887304e-01,-2.025887304e-01
1.766000000e-03,1.000000000e+01,1.001890919e+01,3.077254670e+00,1.890919005e-01,-1.890919005e-01
1.768000000e-03,1.000000000e+01,1.001748436e+01,2.713257426e+00,1.748435576e-01,-1.748435576e-01
1.770000000e-03,1.000000000e+01,1.001598992e+01,2.378457906e+00,1.598992192e-01,-1.598992192e-01
1.772000000e-03,1.000000000e+01,1.001443188e+01,2.074188454e+00,1.443187566e-01,-1.443187566e-01
1.774000000e-03,1.000000000e+01,1.001281646e+01,1.801659122e+00,1.281645717e-01,-1.281645717e-01
1.776000000e-03,1.000000000e+01,1.001115013e+01,1.561952854e+00,1.115013472e-01,-1.115013472e-01
1.778000000e-03,1.000000000e+01,1.000943958e+01,1.356021186e+00,9.439578729e-02,-9.439578731e-02
1.780000000e-03,1.000000000e+01,1.000769164e+01,1.184680466e+00,7.691635097e-02,-7.691635099e-02
1.782000000e-03,1.000000000e+01,1.000591330e+01,1.048608621e+00,5.913297787e-02,-5.913297789e-02
1.784000000e-03,1.000000000e+01,1.000411168e+01,9.483424714e-01,4.111680845e-02,-4.111680847e-02
1.786000000e-03,1.000000000e+01,1.000229399e+01,8.842756188e-01,2.293989945e-02,-2.293989947e-02
1.788000000e-03,1.000000000e+01,1.000046749e+01,8.566568962e-01,4.674935654e-03,-4.674935674e-03
1.790000000e-03,1.000000000e+01,9.998639494e+00,8.655894055e-01,-1.360506074e-02,1.360506072e-02
1.792000000e-03,1.000000000e+01,9.996817298e+00,9.110301332e-01,-3.182702203e-02,3.182702201e-02
1.794000000e-03,1.000000000e+01,9.995008187e+00,9.927901524e-01,-4.991812714e-02,4.991812712e-02
1.796000000e-03,1.000000000e+01,9.993219391e+00,1.110535406e+00,-6.780609254e-02,6.780609252e-02
1.798000000e-03,1.000000000e+01,9.991458054e+00,1.263788073e+00,-8.541946111e-02,8.541946109e-02
1.800000000e-03,1.000000000e+01,9.989731211e+00,1.451928505e+00,-1.026878876e-01,1.026878876e-01
1.802000000e-03,1.000000000e+01,9.988045758e+00,1.674197731e+00,-1.195424196e-01,1.195424195e-01
1.804000000e-03,1.000000000e+01,9.986408423e+00,1.929700521e+00,-1.359157726e-01,1.359157726e-01
1.806000000e-03,1.000000000e+01,9.984825740e+00,2.217408991e+00,-1.517425991e-01,1.517425991e-01
1.808000000e-03,1.000000000e+01,9.983304025e+00,2.536166736e+00,-1.669597489e-01,1.669597489e-01
1.810000000e-03,1.000000000e+01,9.981849348e+00,2.884693479e+00,-1.815065215e-01,1.815065215e-01
1.812000000e-03,1.000000000e+01,9.980467509e+00,3.261590214e+00,-1.953249078e-01,1.953249078e-01
1.814000000e-03,1.000000000e+01,9.979163864e+00,3.665395186e+00,-2.083613588e-01,2.083613588e-01
1.816000000e-03,1.000000000e+01,9.977943925e+00,4.094391467e+00,-2.205607529e-01,2.205607529e-01
1.818000000e-03,1.000000000e+01,9.976812387e+00,4.546906514e+00,-2.318761314e-01,2.318761314e-01
1.820000000e-03,1.000000000e+01,9.975773756e+00,5.021126933e+00,-2.422624439e-01,2.422624439e-01
1.822000000e-03,1.000000000e+01,9.974832164e+00,5.515152935e+00,-2.516783623e-01,2.516783623e-01
1.824000000e-03,1.000000000e+01,9.973991355e+00,6.027005951e+00,-2.600864456e-01,2.600864456e-01
1.826000000e-03,1.000000000e+01,9.973254671e+00,6.554636551e+00,-2.674532884e-01,2.674532884e-01
1.828000000e-03,1.000000000e+01,9.972625035e+00,7.095932654e+00,-2.737496539e-01,2.737496539e-01
1.830000000e-03,1.000000000e+01,9.972104941e+00,7.648727980e+00,-2.789505898e-01,2.789505897e-01
1.832000000e-03,1.000000000e+01,9.971696447e+00,8.210810721e+00,-2.830355271e-01,2.830355270e-01
1.834000000e-03,1.000000000e+01,9.971401164e+00,8.779932389e+00,-2.859883616e-01,2.859883616e-01
1.836000000e-03,1.000000000e+01,9.971220248e+00,9.353816810e+00,-2.877975175e-01,2.877975175e-01
1.838000000e-03,1.000000000e+01,9.971154401e+00,9.930169233e+00,-2.884559922e-01,2.884559922e-01
1.840000000e-03,1.000000000e+01,9.971203862e+00,1.050668550e+01,-2.879613840e-01,2.879613840e-01
1.842000000e-03,1.000000000e+01,9.971368410e+00,1.108106125e+01,-2.863159005e-01,2.863159005e-01
1.844000000e-03,1.000000000e+01,9.971647365e+00,1.165100115e+01,-2.835263487e-01,2.835263487e-01
1.846000000e-03,1.000000000e+01,9.972039589e+00,1.221422805e+01,-2.796041074e-01,2.796041073e-01
1.848000000e-03,1.000000000e+01,9.972543492e+00,1.276849210e+01,-2.745650800e-01,2.745650800e-01
1.850000000e-03,1.000000000e+01,9.973157037e+00,1.331157969e+01,-2.684296308e-01,2.684296308e-01
1.852000000e-03,1.000000000e+01,9.973877750e+00,1.384132238e+01,-2.612225024e-01,2.612225024e-01
1.854000000e-03,1.000000000e+01,9.974702728e+00,1.435560544e+01,-2.529727158e-01,2.529727157e-01
1.856000000e-03,1.000000000e+01,9.975628655e+00,1.485237641e+01,-2.437134536e-01,2.437134536e-01
1.858000000e-03,1.000000000e+01,9.976651937e+00,1.532970997e+01,-2.334806349e-01,2.334806349e-01
1.860000000e-03,1.000000000e+01,9.977768218e+00,1.578558612e+01,-2.223178226e-01,2.223178226e-01
1.862000000e-03,1.000000000e+01,9.978973136e+00,1.621824626e+01,-2.102686443e-01,2.102686442e-01
1.864000000e-03,1.000000000e+01,9.980261856e+00,1.662596569e+01,-1.973814374e-01,1.973814374e-01
1.866000000e-03,1.000000000e+01,9.981629212e+00,1.700711976e+01,-1.837078794e-01,1.837078794e-01
1.868000000e-03,1.000000000e+01,9.983069722e+00,1.736019032e+01,-1.693027805e-01,1.693027804e-01
1.870000000e-03,1.000000000e+01,9.984577614e+00,1.768377178e+01,-1.542238637e-01,1.542238636e-01
1.872000000e-03,1.000000000e+01,9.986146847e+00,1.797657668e+01,-1.385315338e-01,1.385315338e-01
1.874000000e-03,1.000000000e+01,9.987771136e+00,1.823744085e+01,-1.222886355e-01,1.222886355e-01
1.876000000e-03,1.000000000e+01,9.989443980e+00,1.846532801e+01,-1.055602012e-01,1.055602012e-01
1.878000000e-03,1.000000000e+01,9.991158681e+00,1.865933388e+01,-8.841319120e-02,8.841319118e-02
1.880000000e-03,1.000000000e+01,9.992908377e+00,1.881868982e+01,-7.091622534e-02,7.091622532e-02
1.882000000e-03,1.000000000e+01,9.994686069e+00,1.894276582e+01,-5.313930855e-02,5.313930853e-02
1.884000000e-03,1.000000000e+01,9.996484645e+00,1.903107299e+01,-3.515355071e-02,3.515355069e-02
1.886000000e-03,1.000000000e+01,9.998296912e+00,1.908326553e+01,-1.703088218e-02,1.703088216e-02
1.888000000e-03,1.000000000e+01,1.000011562e+01,1.909914206e+01,1.156233797e-03,-1.156233817e-03
1.890000000e-03,1.000000000e+01,1.000193351e+01,1.907864637e+01,1.933509090e-02,-1.933509092e-02
1.892000000e-03,1.000000000e+01,1.000374330e+01,1.902186766e+01,3.743303036e-02,-3.743303038e-02
1.894000000e-03,1.000000000e+01,1.000553777e+01,1.892904014e+01,5.537773136e-02,-5.537773138e-02
1.896000000e-03,1.000000000e+01,1.000730975e+01,1.880054204e+01,7.309750003e-02,-7.309750005e-02
1.898000000e-03,1.000000000e+01,1.000905216e+01,1.863689409e+01,9.052155590e-02,-9.052155592e-02
1.900000000e-03,1.000000000e+01,1.001075803e+01,1.843875743e+01,1.075803146e-01,-1.075803146e-01
1.902000000e-03,1.000000000e+01,1.001242057e+01,1.820693090e+01,1.242056658e-01,-1.242056658e-01
1.904000000e-03,1.000000000e+01,1.001403312e+01,1.794234785e+01,1.403312450e-01,-1.403312451e-01
1.906000000e-03,1.000000000e+01,1.001558927e+01,1.764607235e+01,1.558926988e-01,-1.558926988e-01
1.908000000e-03,1.000000000e+01,1.001708279e+01,1.731929495e+01,1.708279411e-01,-1.708279411e-01
1.910000000e-03,1.000000000e+01,1.001850774e+01,1.696332787e+01,1.850774014e-01,-1.850774014e-01
1.912000000e-03,1.000000000e+01,1.001985843e+01,1.657959975e+01,1.985842622e-01,-1.985842622e-01
1.914000000e-03,1.000000000e+01,1.002112947e+01,1.616964987e+01,2.112946855e-01,-2.112946855e-01
1.916000000e-03,1.000000000e+01,1.002231580e+01,1.573512206e+01,2.231580271e-01,-2.231580272e-01
1.918000000e-03,1.000000000e+01,1.002341283e+01,1.527770137e+01,2.341283200e-01,-2.341283201e-01
1.920000000e-03,1.000000000e+01,1.002441592e+01,1.479933129e+01,2.441592226e-01,-2.441592226e-01
1.922000000e-03,1.000000000e+01,1.002532122e+01,1.430187408e+01,2.532122207e-01,-2.532122208e-01
1.924000000e-03,1.000000000e+01,1.002612513e+01,1.378732188e+01,2.612513256e-01,-2.612513256e-01
1.926000000e-03,1.000000000e+01,1.002682446e+01,1.325773476e+01,2.682446077e-01,-2.682446077e-01
1.928000000e-03,1.000000000e+01,1.002741643e+01,1.271523248e+01,2.741643243e-01,-2.741643244e-01
1.930000000e-03,1.000000000e+01,1.002789870e+01,1.216198598e+01,2.789870293e-01,-2.789870293e-01
1.932000000e-03,1.000000000e+01,1.002826937e+01,1.160020873e+01,2.826936656e-01,-2.826936657e-01
1.934000000e-03,1.000000000e+01,1.002852696e+01,1.103214784e+01,2.852696414e-01,-2.852696414e-01
1.936000000e-03,1.000000000e+01,1.002867049e+01,1.046007510e+01,2.867048864e-01,-2.867048864e-01
1.938000000e-03,1.000000000e+01,1.002869939e+01,9.886277866e+00,2.869938924e-01,-2.869938924e-01
1.940000000e-03,1.000000000e+01,1.002861357e+01,9.313049934e+00,2.861357333e-01,-2.861357333e-01
1.942000000e-03,1.000000000e+01,1.002841341e+01,8.742682371e+00,2.841340686e-01,-2.841340686e-01
1.944000000e-03,1.000000000e+01,1.002809971e+01,8.177454347e+00,2.809971277e-01,-2.809971277e-01
1.946000000e-03,1.000000000e+01,1.002767377e+01,7.619624038e+00,2.767376759e-01,-2.767376759e-01
1.948000000e-03,1.000000000e+01,1.002713730e+01,7.071419597e+00,2.713729625e-01,-2.713729625e-01
1.950000000e-03,1.000000000e+01,1.002649247e+01,6.535030258e+00,2.649246513e-01,-2.649246514e-01
1.952000000e-03,1.000000000e+01,1.002574187e+01,6.012597592e+00,2.574187328e-01,-2.574187328e-01
1.954000000e-03,1.000000000e+01,1.002488854e+01,5.506206959e+00,2.488854194e-01,-2.488854194e-01
1.956000000e-03,1.000000000e+01,1.002393578e+01,5.017820987e+00,2.393578162e-01,-2.393578163e-01
1.958000000e-03,1.000000000e+01,1.002288765e+01,4.549506813e+00,2.288765006e-01,-2.288765006e-01
1.960000000e-03,1.000000000e+01,1.002174809e+01,4.103012275e+00,2.174808586e-01,-2.174808587e-01
1.962000000e-03,1.000000000e+01,1.002052197e+01,3.680239737e+00,2.052197174e-01,-2.052197174e-01
1.964000000e-03,1.000000000e+01,1.001921408e+01,3.282811674e+00,1.921407704e-01,-1.921407704e-01
1.966000000e-03,1.000000000e+01,1.001782965e+01,2.912311527e+00,1.782964575e-01,-1.782964575e-01
1.968000000e-03,1.000000000e+01,1.001637423e+01,2.570214788e+00,1.637422671e-01,-1.637422671e-01
1.970000000e-03,1.000000000e+01,1.001485365e+01,2.257883131e+00,1.485365138e-01,-1.485365139e-01
1.972000000e-03,1.000000000e+01,1.001327401e+01,1.976558982e+00,1.327401051e-01,-1.327401052e-01
1.974000000e-03,1.000000000e+01,1.001164163e+01,1.727360587e+00,1.164162969e-01,-1.164162970e-01
1.976000000e-03,1.000000000e+01,1.000996304e+01,1.511277559e+00,9.963044057e-02,-9.963044059e-02
1.978000000e-03,1.000000000e+01,1.000824497e+01,1.329166954e+00,8.244972105e-02,-8.244972107e-02
1.980000000e-03,1.000000000e+01,1.000649429e+01,1.181749869e+00,6.494288827e-02,-6.494288829e-02
1.982000000e-03,1.000000000e+01,1.000471800e+01,1.069608587e+00,4.717998181e-02,-4.717998183e-02
1.984000000e-03,1.000000000e+01,1.000292321e+01,9.931842791e-01,2.923205076e-02,-2.923205078e-02
1.986000000e-03,1.000000000e+01,1.000111709e+01,9.527752675e-01,1.117086955e-02,-1.117086957e-02
1.988000000e-03,1.000000000e+01,9.999306865e+00,9.485358631e-01,-6.931349090e-03,6.931349070e-03
1.990000000e-03,1.000000000e+01,9.997499776e+00,9.804757767e-01,-2.500224285e-02,2.500224283e-02
1.992000000e-03,1.000000000e+01,9.995703041e+00,1.048460109e+00,-4.296958909e-02,4.296958907e-02
1.994000000e-03,1.000000000e+01,9.993923841e+00,1.152209921e+00,-6.076159351e-02,6.076159349e-02
1.996000000e-03,1.000000000e+01,9.992169282e+00,1.291303372e+00,-7.830717699e-02,7.830717697e-02
1.998000000e-03,1.000000000e+01,9.990446374e+00,1.465177442e+00,-9.553625955e-02,9.553625953e-02
2.000000000e-03,1.000000000e+01,9.988761996e+00,1.673130204e+00,-1.123800403e-01,1.123800403e-01
2.002000000e-03,1.000000000e+01,9.987122873e+00,1.914323661e+00,-1.287712722e-01,1.287712721e-01
2.004000000e-03,1.000000000e+01,9.985535547e+00,2.187787119e+00,-1.446445303e-01,1.446445303e-01
2.006000000e-03,1.000000000e+01,9.984006353e+00,2.492421100e+00,-1.599364733e-01,1.599364732e-01
2.008000000e-03,1.000000000e+01,9.982541390e+00,2.827001754e+00,-1.745860958e-01,1.745860958e-01
2.010000000e-03,1.000000000e+01,9.981146503e+00,3.190185781e+00,-1.885349724e-01,1.885349723e-01
2.012000000e-03,1.000000000e+01,9.979827251e+00,3.580515825e+00,-2.017274896e-01,2.017274896e-01
2.014000000e-03,1.000000000e+01,9.978588893e+00,3.996426316e+00,-2.141110688e-01,2.141110688e-01
2.016000000e-03,1.000000000e+01,9.977436363e+00,4.436249755e+00,-2.256363748e-01,2.256363747e-01
2.018000000e-03,1.000000000e+01,9.976374249e+00,4.898223396e+00,-2.362575129e-01,2.362575128e-01
2.020000000e-03,1.000000000e+01,9.975406779e+00,5.380496312e+00,-2.459322115e-01,2.459322115e-01
2.022000000e-03,1.000000000e+01,9.974537801e+00,5.881136811e+00,-2.546219905e-01,2.546219904e-01
2.024000000e-03,1.000000000e+01,9.973770769e+00,6.398140172e+00,-2.622923139e-01,2.622923139e-01
2.026000000e-03,1.000000000e+01,9.973108727e+00,6.929436674e+00,-2.689127276e-01,2.689127275e-01
2.028000000e-03,1.000000000e+01,9.972554302e+00,7.472899879e+00,-2.744569799e-01,2.744569799e-01
2.030000000e-03,1.000000000e+01,9.972109687e+00,8.026355145e+00,-2.789031259e-01,2.789031258e-01
2.032000000e-03,1.000000000e+01,9.971776639e+00,8.587588328e+00,-2.822336139e-01,2.822336139e-01
2.034000000e-03,1.000000000e+01,9.971556464e+00,9.154354637e+00,-2.844353554e-01,2.844353554e-01
2.036000000e-03,1.000000000e+01,9.971450022e+00,9.724387615e+00,-2.854997757e-01,2.854997757e-01
2.038000000e-03,1.000000000e+01,9.971457715e+00,1.029540820e+01,-2.854228478e-01,2.854228478e-01
2.040000000e-03,1.000000000e+01,9.971579489e+00,1.086513385e+01,-2.842051075e-01,2.842051075e-01
2.042000000e-03,1.000000000e+01,9.971814835e+00,1.143128763e+01,-2.818516502e-01,2.818516502e-01
2.044000000e-03,1.000000000e+01,9.972162789e+00,1.199160735e+01,-2.783721098e-01,2.783721098e-01
2.046000000e-03,1.000000000e+01,9.972621938e+00,1.254385462e+01,-2.737806191e-01,2.737806191e-01
2.048000000e-03,1.000000000e+01,9.973190425e+00,1.308582371e+01,-2.680957526e-01,2.680957526e-01
2.050000000e-03,1.000000000e+01,9.973865955e+00,1.361535044e+01,-2.613404512e-01,2.613404512e-01
2.052000000e-03,1.000000000e+01,9.974645807e+00,1.413032081e+01,-2.535419298e-01,2.535419298e-01
2.054000000e-03,1.000000000e+01,9.975526843e+00,1.462867940e+01,-2.447315675e-01,2.447315675e-01
2.056000000e-03,1.000000000e+01,9.976505522e+00,1.510843760e+01,-2.349447815e-01,2.349447815e-01
2.058000000e-03,1.000000000e+01,9.977577912e+00,1.556768156e+01,-2.242208846e-01,2.242208846e-01
2.060000000e-03,1.000000000e+01,9.978739707e+00,1.600457979e+01,-2.126029273e-01,2.126029273e-01
2.062000000e-03,1.000000000e+01,9.979986247e+00,1.641739048e+01,-2.001375252e-01,2.001375252e-01
2.064000000e-03,1.000000000e+01,9.981312533e+00,1.680446847e+01,-1.868746717e-01,1.868746716e-01
2.066000000e-03,1.000000000e+01,9.982713246e+00,1.716427175e+01,-1.728675374e-01,1.728675374e-01
2.068000000e-03,1.000000000e+01,9.984182774e+00,1.749536767e+01,-1.581722574e-01,1.581722574e-01
2.070000000e-03,1.000000000e+01,9.985715229e+00,1.779643857e+01,-1.428477061e-01,1.428477061e-01
2.072000000e-03,1.000000000e+01,9.987304474e+00,1.806628709e+01,-1.269552610e-01,1.269552610e-01
2.074000000e-03,1.000000000e+01,9.988944144e+00,1.830384090e+01,-1.105585576e-01,1.105585575e-01
2.076000000e-03,1.000000000e+01,9.990627677e+00,1.850815697e+01,-9.372323372e-02,9.372323370e-02
2.078000000e-03,1.000000000e+01,9.992348333e+00,1.867842528e+01,-7.651666759e-02,7.651666757e-02
2.080000000e-03,1.000000000e+01,9.994099229e+00,1.881397209e+01,-5.900770763e-02,5.900770761e-02
2.082000000e-03,1.000000000e+01,9.995873360e+00,1.891426258e+01,-4.126639717e-02,4.126639715e-02
2.084000000e-03,1.000000000e+01,9.997663631e+00,1.897890292e+01,-2.336369426e-02,2.336369424e-02
2.086000000e-03,1.000000000e+01,9.999462881e+00,1.900764190e+01,-5.371187817e-03,5.371187797e-03
2.088000000e-03,1.000000000e+01,1.000126392e+01,1.900037181e+01,1.263918862e-02,-1.263918864e-02
2.090000000e-03,1.000000000e+01,1.000305954e+01,1.895712892e+01,3.059544445e-02,-3.059544447e-02
2.092000000e-03,1.000000000e+01,1.000484258e+01,1.887809327e+01,4.842581981e-02,-4.842581983e-02
2.094000000e-03,1.000000000e+01,1.000660591e+01,1.876358791e+01,6.605907232e-02,-6.605907234e-02
2.096000000e-03,1.000000000e+01,1.000834248e+01,1.861407761e+01,8.342476176e-02,-8.342476178e-02
2.098000000e-03,1.000000000e+01,1.001004535e+01,1.843016697e+01,1.004535314e-01,-1.004535314e-01
2.100000000e-03,1.000000000e+01,1.001170774e+01,1.821259796e+01,1.170773851e-01,-1.170773851e-01
2.102000000e-03,1.000000000e+01,1.001332300e+01,1.796224691e+01,1.332299587e-01,-1.332299587e-01
2.104000000e-03,1.000000000e+01,1.001488468e+01,1.768012103e+01,1.488467851e-01,-1.488467851e-01
2.106000000e-03,1.000000000e+01,1.001638656e+01,1.736735434e+01,1.638655512e-01,-1.638655513e-01
2.108000000e-03,1.000000000e+01,1.001782263e+01,1.702520307e+01,1.782263473e-01,-1.782263473e-01
2.110000000e-03,1.000000000e+01,1.001918719e+01,1.665504067e+01,1.918719050e-01,-1.918719050e-01
2.112000000e-03,1.000000000e+01,1.002047478e+01,1.625835228e+01,2.047478265e-01,-2.047478265e-01
2.114000000e-03,1.000000000e+01,1.002168028e+01,1.583672876e+01,2.168028010e-01,-2.168028010e-01
2.116000000e-03,1.000000000e+01,1.002279888e+01,1.539186030e+01,2.279888092e-01,-2.279888092e-01
2.118000000e-03,1.000000000e+01,1.002382613e+01,1.492552970e+01,2.382613148e-01,-2.382613148e-01
2.120000000e-03,1.000000000e+01,1.002475794e+01,1.443960514e+01,2.475794416e-01,-2.475794416e-01
2.122000000e-03,1.000000000e+01,1.002559061e+01,1.393603278e+01,2.559061360e-01,-2.559061360e-01
2.124000000e-03,1.000000000e+01,1.002632083e+01,1.341682891e+01,2.632083148e-01,-2.632083148e-01
2.126000000e-03,1.000000000e+01,1.002694577e+01,1.288400663e+01,2.694576966e-01,-2.694576966e-01
2.128000000e-03,1.000000000e+01,1.002746280e+01,1.233982734e+01,2.746279837e-01,-2.746279837e-01
2.130000000e-03,1.000000000e+01,1.002786996e+01,1.178640467e+01,2.786995556e-01,-2.786995557e-01
2.132000000e-03,1.000000000e+01,1.002816564e+01,1.122595246e+01,2.816563583e-01,-2.816563584e-01
2.134000000e-03,1.000000000e+01,1.002834868e+01,1.066071224e+01,2.834867964e-01,-2.834867964e-01
2.136000000e-03,1.000000000e+01,1.002841838e+01,1.009294423e+01,2.841837790e-01,-2.841837790e-01
2.138000000e-03,1.000000000e+01,1.002837447e+01,9.524918269e+00,2.837447468e-01,-2.837447468e-01
2.140000000e-03,1.000000000e+01,1.002821717e+01,8.958904805e+00,2.821716820e-01,-2.821716820e-01
2.142000000e-03,1.000000000e+01,1.002794711e+01,8.397165775e+00,2.794710988e-01,-2.794710988e-01
2.144000000e-03,1.000000000e+01,1.002756540e+01,7.841945581e+00,2.756540169e-01,-2.756540170e-01
2.146000000e-03,1.000000000e+01,1.002707359e+01,7.295462119e+00,2.707359164e-01,-2.707359164e-01
2.148000000e-03,1.000000000e+01,1.002647367e+01,6.759897923e+00,2.647366750e-01,-2.647366750e-01
2.150000000e-03,1.000000000e+01,1.002576805e+01,6.237391446e+00,2.576804878e-01,-2.576804878e-01
2.152000000e-03,1.000000000e+01,1.002495958e+01,5.730028519e+00,2.495957695e-01,-2.495957695e-01
2.154000000e-03,1.000000000e+01,1.002405150e+01,5.239834033e+00,2.405150402e-01,-2.405150402e-01
2.156000000e-03,1.000000000e+01,1.002304735e+01,4.768707802e+00,2.304735265e-01,-2.304735265e-01
2.158000000e-03,1.000000000e+01,1.002195140e+01,4.318643593e+00,2.195139779e-01,-2.195139780e-01
2.160000000e-03,1.000000000e+01,1.002076792e+01,3.891377633e+00,2.076792296e-01,-2.076792296e-01
2.162000000e-03,1.000000000e+01,1.001950168e+01,3.488613134e+00,1.950167596e-01,-1.950167596e-01
2.164000000e-03,1.000000000e+01,1.001815773e+01,3.111955034e+00,1.815773451e-01,-1.815773451e-01
2.166000000e-03,1.000000000e+01,1.001674149e+01,2.762903605e+00,1.674148586e-01,-1.674148586e-01
2.168000000e-03,1.000000000e+01,1.001525861e+01,2.442848476e+00,1.525860516e-01,-1.525860516e-01
2.170000000e-03,1.000000000e+01,1.001371503e+01,2.153063098e+00,1.371503279e-01,-1.371503279e-01
2.172000000e-03,1.000000000e+01,1.001211695e+01,1.894699684e+00,1.211695050e-01,-1.211695050e-01
2.174000000e-03,1.000000000e+01,1.001047076e+01,1.668784620e+00,1.047075668e-01,-1.047075669e-01
2.176000000e-03,1.000000000e+01,1.000878304e+01,1.476214394e+00,8.783040763e-02,-8.783040765e-02
2.178000000e-03,1.000000000e+01,1.000706056e+01,1.317752034e+00,7.060556798e-02,-7.060556800e-02
2.180000000e-03,1.000000000e+01,1.000531020e+01,1.194024089e+00,5.310196466e-02,-5.310196468e-02
2.182000000e-03,1.000000000e+01,1.000353896e+01,1.105518151e+00,3.538961488e-02,-3.538961490e-02
2.184000000e-03,1.000000000e+01,1.000175394e+01,1.052580929e+00,1.753935620e-02,-1.753935622e-02
2.186000000e-03,1.000000000e+01,9.999962256e+00,1.035416900e+00,-3.774367677e-04,3.774367477e-04
2.188000000e-03,1.000000000e+01,9.998171086e+00,1.054087512e+00,-1.828913776e-02,1.828913774e-02
2.190000000e-03,1.000000000e+01,9.996387584e+00,1.108510973e+00,-3.612415519e-02,3.612415517e-02
2.192000000e-03,1.000000000e+01,9.994618878e+00,1.198462603e+00,-5.381121829e-02,5.381121827e-02
2.194000000e-03,1.000000000e+01,9.992872034e+00,1.323575762e+00,-7.127966189e-02,7.127966187e-02
2.196000000e-03,1.000000000e+01,9.991154029e+00,1.483343344e+00,-8.845970882e-02,8.845970880e-02
2.198000000e-03,1.000000000e+01,9.989471725e+00,1.677119830e+00,-1.052827485e-01,1.052827485e-01
2.200000000e-03,1.000000000e+01,9.987831839e+00,1.904123900e+00,-1.216816112e-01,1.216816112e-01
2.202000000e-03,1.000000000e+01,9.986240916e+00,2.163441578e+00,-1.375908358e-01,1.375908358e-01
2.204000000e-03,1.000000000e+01,9.984705307e+00,2.454029915e+00,-1.529469315e-01,1.529469314e-01
2.206000000e-03,1.000000000e+01,9.983231137e+00,2.774721184e+00,-1.676886310e-01,1.676886309e-01
2.208000000e-03,1.000000000e+01,9.981824287e+00,3.124227568e+00,-1.817571349e-01,1.817571349e-01
2.210000000e-03,1.000000000e+01,9.980490365e+00,3.501146337e+00,-1.950963466e-01,1.950963466e-01
2.212000000e-03,1.000000000e+01,9.979234690e+00,3.903965474e+00,-2.076530953e-01,2.076530953e-01
2.214000000e-03,1.000000000e+01,9.978062128e+00,4.331122795e+00,-2.193787242e-01,2.193787242e-01
2.216000000e-03,1.000000000e+01,9.976977506e+00,4.780858551e+00,-2.302249445e-01,2.302249445e-01
2.218000000e-03,1.000000000e+01,9.975985258e+00,5.251312088e+00,-2.401474170e-01,2.401474170e-01
2.220000000e-03,1.000000000e+01,9.975089196e+00,5.740651918e+00,-2.491080420e-01,2.491080420e-01
2.222000000e-03,1.000000000e+01,9.974292880e+00,6.246918385e+00,-2.570711963e-01,2.570711963e-01
2.224000000e-03,1.000000000e+01,9.973599475e+00,6.768084569e+00,-2.640052510e-01,2.640052510e-01
2.226000000e-03,1.000000000e+01,9.973011665e+00,7.302129789e+00,-2.698833519e-01,2.698833519e-01
2.228000000e-03,1.000000000e+01,9.972531922e+00,7.846787585e+00,-2.746807758e-01,2.746807758e-01
2.230000000e-03,1.000000000e+01,9.972162026e+00,8.400010260e+00,-2.783797371e-01,2.783797371e-01
2.232000000e-03,1.000000000e+01,9.971903524e+00,8.959450857e+00,-2.809647589e-01,2.809647589e-01
2.234000000e-03,1.000000000e+01,9.971757375e+00,9.522938613e+00,-2.824262549e-01,2.824262548e-01
2.236000000e-03,1.000000000e+01,9.971724139e+00,1.008822047e+01,-2.827586080e-01,2.827586079e-01
2.238000000e-03,1.000000000e+01,9.971803928e+00,1.065303666e+01,-2.819607157e-01,2.819607157e-01
2.240000000e-03,1.000000000e+01,9.971996401e+00,1.121512972e+01,-2.800359932e-01,2.800359932e-01
2.242000000e-03,1.000000000e+01,9.972300764e+00,1.177225351e+01,-2.769923591e-01,2.769923590e-01
2.244000000e-03,1.000000000e+01,9.972715780e+00,1.232218223e+01,-2.728422022e-01,2.728422022e-01
2.246000000e-03,1.000000000e+01,9.973239767e+00,1.286271925e+01,-2.676023322e-01,2.676023321e-01
2.248000000e-03,1.000000000e+01,9.973870609e+00,1.339170596e+01,-2.612939104e-01,2.612939104e-01
2.250000000e-03,1.000000000e+01,9.974605763e+00,1.390703030e+01,-2.539423653e-01,2.539423652e-01
2.252000000e-03,1.000000000e+01,9.975442271e+00,1.440663528e+01,-2.455772893e-01,2.455772893e-01
2.254000000e-03,1.000000000e+01,9.976376768e+00,1.488852713e+01,-2.362323203e-01,2.362323202e-01
2.256000000e-03,1.000000000e+01,9.977405499e+00,1.535078329e+01,-2.259450057e-01,2.259450057e-01
2.258000000e-03,1.000000000e+01,9.978524335e+00,1.579156004e+01,-2.147566522e-01,2.147566522e-01
2.260000000e-03,1.000000000e+01,9.979728935e+00,1.620914927e+01,-2.027106541e-01,2.027106541e-01
2.262000000e-03,1.000000000e+01,9.981014176e+00,1.660178492e+01,-1.898582398e-01,1.898582397e-01
2.264000000e-03,1.000000000e+01,9.982375046e+00,1.696795489e+01,-1.762495374e-01,1.762495374e-01
2.266000000e-03,1.000000000e+01,9.983806268e+00,1.730624036e+01,-1.619373203e-01,1.619373202e-01
2.268000000e-03,1.000000000e+01,9.985301760e+00,1.761521239e+01,-1.469823955e-01,1.469823954e-01
2.270000000e-03,1.000000000e+01,9.986855894e+00,1.789371691e+01,-1.314410626e-01,1.314410626e-01
2.272000000e-03,1.000000000e+01,9.988462068e+00,1.814057889e+01,-1.153793177e-01,1.153793177e-01
2.274000000e-03,1.000000000e+01,9.990114038e+00,1.835485382e+01,-9.885961698e-02,9.885961696e-02
2.276000000e-03,1.000000000e+01,9.991805192e+00,1.853569175e+01,-8.194808086e-02,8.194808084e-02
2.278000000e-03,1.000000000e+01,9.993528762e+00,1.868237658e+01,-6.471238269e-02,6.471238267e-02
2.280000000e-03,1.000000000e+01,9.995277852e+00,1.879432883e+01,-4.722147793e-02,4.722147791e-02
2.282000000e-03,1.000000000e+01,9.997045467e+00,1.887110799e+01,-2.954532832e-02,2.954532830e-02
2.284000000e-03,1.000000000e+01,9.998824538e+00,1.891241420e+01,-1.175462204e-02,1.175462202e-02
2.286000000e-03,1.000000000e+01,1.000060795e+01,1.891808945e+01,6.079509016e-03,-6.079509036e-03
2.288000000e-03,1.000000000e+01,1.000238858e+01,1.888811820e+01,2.388577359e-02,-2.388577361e-02
2.290000000e-03,1.000000000e+01,1.000415930e+01,1.882262736e+01,4.159300607e-02,-4.159300609e-02
2.292000000e-03,1.000000000e+01,1.000591305e+01,1.872188580e+01,5.913045092e-02,-5.913045094e-02
2.294000000e-03,1.000000000e+01,1.000764280e+01,1.858630324e+01,7.642804537e-02,-7.642804539e-02
2.296000000e-03,1.000000000e+01,1.000934167e+01,1.841642856e+01,9.341669935e-02,-9.341669937e-02
2.298000000e-03,1.000000000e+01,1.001100286e+01,1.821294760e+01,1.100285714e-01,-1.100285715e-01
2.300000000e-03,1.000000000e+01,1.001261973e+01,1.797668040e+01,1.261973398e-01,-1.261973398e-01
2.302000000e-03,1.000000000e+01,1.001418585e+01,1.770857787e+01,1.418584668e-01,-1.418584668e-01
2.304000000e-03,1.000000000e+01,1.001569495e+01,1.740971797e+01,1.569494569e-01,-1.569494569e-01
2.306000000e-03,1.000000000e+01,1.001714101e+01,1.708130139e+01,1.714101059e-01,-1.714101059e-01
2.308000000e-03,1.000000000e+01,1.001851827e+01,1.672464671e+01,1.851827409e-01,-1.851827409e-01
2.310000000e-03,1.000000000e+01,1.001982125e+01,1.634118512e+01,1.982124507e-01,-1.982124507e-01
2.312000000e-03,1.000000000e+01,1.002104473e+01,1.593245467e+01,2.104473045e-01,-2.104473045e-01
2.314000000e-03,1.000000000e+01,1.002218386e+01,1.550009410e+01,2.218385588e-01,-2.218385589e-01
2.316000000e-03,1.000000000e+01,1.002323409e+01,1.504583626e+01,2.323408519e-01,-2.323408519e-01
2.318000000e-03,1.000000000e+01,1.002419135e+01,1.457144265e+01,2.419134935e-01,-2.419134935e-01
2.320000000e-03,1.000000000e+01,1.002505161e+01,1.407892818e+01,2.505160743e-01,-2.505160743e-01
2.322000000e-03,1.000000000e+01,1.002581156e+01,1.357020885e+01,2.581156283e-01,-2.581156283e-01
2.324000000e-03,1.000000000e+01,1.002646827e+01,1.304725711e+01,2.646827206e-01,-2.646827207e-01
2.326000000e-03,1.000000000e+01,1.002701897e+01,1.251229265e+01,2.701897030e-01,-2.701897030e-01
2.328000000e-03,1.000000000e+01,1.002746156e+01,1.196739361e+01,2.746156427e-01,-2.746156427e-01
2.330000000e-03,1.000000000e+01,1.002779431e+01,1.141473993e+01,2.779430654e-01,-2.779430655e-01
2.332000000e-03,1.000000000e+01,1.002801589e+01,1.085654210e+01,2.801588914e-01,-2.801588914e-01
2.334000000e-03,1.000000000e+01,1.002812545e+01,1.029503234e+01,2.812544863e-01,-2.812544863e-01
2.336000000e-03,1.000000000e+01,1.002812257e+01,9.732455642e+00,2.812256951e-01,-2.812256952e-01
2.338000000e-03,1.000000000e+01,1.002800729e+01,9.171060827e+00,2.800728578e-01,-2.800728578e-01
2.340000000e-03,1.000000000e+01,1.002778008e+01,8.613091540e+00,2.778008070e-01,-2.778008070e-01
2.342000000e-03,1.000000000e+01,1.002744188e+01,8.060777284e+00,2.744188479e-01,-2.744188480e-01
2.344000000e-03,1.000000000e+01,1.002699407e+01,7.516324516e+00,2.699407201e-01,-2.699407202e-01
2.346000000e-03,1.000000000e+01,1.002643845e+01,6.981907826e+00,2.643845418e-01,-2.643845419e-01
2.348000000e-03,1.000000000e+01,1.002577727e+01,6.459661256e+00,2.577727365e-01,-2.577727366e-01
2.350000000e-03,1.000000000e+01,1.002501319e+01,5.951669779e+00,2.501319426e-01,-2.501319426e-01
2.352000000e-03,1.000000000e+01,1.002414929e+01,5.459960974e+00,2.414929058e-01,-2.414929058e-01
2.354000000e-03,1.000000000e+01,1.002318904e+01,4.986496929e+00,2.318903559e-01,-2.318903560e-01
2.356000000e-03,1.000000000e+01,1.002213629e+01,4.533166421e+00,2.213628667e-01,-2.213628668e-01
2.358000000e-03,1.000000000e+01,1.002099527e+01,4.101777374e+00,2.099527013e-01,-2.099527014e-01
2.360000000e-03,1.000000000e+01,1.001977056e+01,3.694049649e+00,1.977056424e-01,-1.977056425e-01
2.362000000e-03,1.000000000e+01,1.001846708e+01,3.311608192e+00,1.846708085e-01,-1.846708086e-01
2.364000000e-03,1.000000000e+01,1.001709005e+01,2.955976554e+00,1.709004572e-01,-1.709004572e-01
2.366000000e-03,1.000000000e+01,1.001564498e+01,2.628570823e+00,1.564497751e-01,-1.564497751e-01
2.368000000e-03,9.999999950e+00,1.001413806e+01,2.330705596e+00,1.413805199e-01,-1.413805174e-01
2.370000000e-03,1.000000005e+01,1.001257480e+01,2.063576992e+00,1.257480846e-01,-1.257480871e-01
2.372000000e-03,9.999999950e+00,1.001096164e+01,1.828212565e+00,1.096163427e-01,-1.096163402e-01
2.374000000e-03,1.000000000e+01,1.000930469e+01,1.625515271e+00,9.304694960e-02,-9.304694962e-02
2.376000000e-03,1.000000000e+01,1.000761090e+01,1.456331118e+00,7.610896663e-02,-7.610896665e-02
2.378000000e-03,1.000000000e+01,1.000588702e+01,1.321329627e+00,5.887016568e-02,-5.887016570e-02
2.380000000e-03,1.000000000e+01,1.000413995e+01,1.221043560e+00,4.139950995e-02,-4.139950997e-02
2.382000000e-03,1.000000000e+01,1.000237669e+01,1.155866814e+00,2.376687559e-02,-2.376687561e-02
2.384000000e-03,1.000000000e+01,1.000060428e+01,1.126052877e+00,6.042772178e-03,-6.042772198e-03
2.386000000e-03,1.000000000e+01,9.998829806e+00,1.131713842e+00,-1.170193921e-02,1.170193919e-02
2.388000000e-03,1.000000000e+01,9.997060367e+00,1.172819987e+00,-2.939632929e-02,2.939632927e-02
2.390000000e-03,1.000000000e+01,9.995303032e+00,1.249199923e+00,-4.696968411e-02,4.696968409e-02
2.392000000e-03,1.000000000e+01,9.993564821e+00,1.360541307e+00,-6.435178762e-02,6.435178760e-02
2.394000000e-03,1.000000000e+01,9.991852680e+00,1.506392118e+00,-8.147320226e-02,8.147320224e-02
2.396000000e-03,1.000000000e+01,9.990173445e+00,1.686162491e+00,-9.826554630e-02,9.826554628e-02
2.398000000e-03,1.000000000e+01,9.988533823e+00,1.899127105e+00,-1.146617670e-01,1.146617670e-01
2.400000000e-03,1.000000000e+01,9.986940359e+00,2.144428108e+00,-1.305964083e-01,1.305964083e-01
2.402000000e-03,1.000000000e+01,9.985399413e+00,2.421078570e+00,-1.460058721e-01,1.460058721e-01
2.404000000e-03,1.000000000e+01,9.983917133e+00,2.727966456e+00,-1.608286724e-01,1.608286723e-01
2.406000000e-03,1.000000000e+01,9.982499432e+00,3.063859096e+00,-1.750056799e-01,1.750056799e-01
2.408000000e-03,1.000000000e+01,9.981151964e+00,3.427408135e+00,-1.884803589e-01,1.884803589e-01
2.410000000e-03,1.000000000e+01,9.979880101e+00,3.817154945e+00,-2.011989917e-01,2.011989917e-01
2.412000000e-03,1.000000000e+01,9.978688911e+00,4.231536479e+00,-2.131108936e-01,2.131108936e-01
2.414000000e-03,1.000000000e+01,9.977583139e+00,4.668891536e+00,-2.241686143e-01,2.241686143e-01
2.416000000e-03,1.000000000e+01,9.976567187e+00,5.127467427e+00,-2.343281273e-01,2.343281273e-01
2.418000000e-03,1.000000000e+01,9.975645100e+00,5.605426990e+00,-2.435490048e-01,2.435490048e-01
2.420000000e-03,1.000000000e+01,9.974820542e+00,6.100855956e+00,-2.517945790e-01,2.517945790e-01
2.422000000e-03,1.000000000e+01,9.974096791e+00,6.611770615e+00,-2.590320877e-01,2.590320877e-01
2.424000000e-03,1.000000000e+01,9.973476720e+00,7.136125756e+00,-2.652328042e-01,2.652328042e-01
2.426000000e-03,1.000000000e+01,9.972962785e+00,7.671822859e+00,-2.703721518e-01,2.703721518e-01
2.428000000e-03,1.000000000e+01,9.972557020e+00,8.216718485e+00,-2.744298010e-01,2.744298010e-01
2.430000000e-03,1.000000000e+01,9.972261025e+00,8.768632863e+00,-2.773897498e-01,2.773897498e-01
2.432000000e-03,1.000000000e+01,9.972075961e+00,9.325358601e+00,-2.792403869e-01,2.792403869e-01
2.434000000e-03,1.000000000e+01,9.972002546e+00,9.884669517e+00,-2.799745372e-01,2.799745372e-01
2.436000000e-03,1.000000000e+01,9.972041051e+00,1.044432954e+01,-2.795894896e-01,2.795894896e-01
2.438000000e-03,1.000000000e+01,9.972191299e+00,1.100210166e+01,-2.780870070e-01,2.780870069e-01
2.440000000e-03,1.000000000e+01,9.972452668e+00,1.155575686e+01,-2.754733182e-01,2.754733182e-01
2.442000000e-03,1.000000000e+01,9.972824091e+00,1.210308299e+01,-2.717590924e-01,2.717590924e-01
2.444000000e-03,1.000000000e+01,9.973304060e+00,1.264189370e+01,-2.669593953e-01,2.669593953e-01
2.446000000e-03,1.000000000e+01,9.973890637e+00,1.317003706e+01,-2.610936283e-01,2.610936283e-01
2.448000000e-03,1.000000000e+01,9.974581455e+00,1.368540424e+01,-2.541854499e-01,2.541854499e-01
2.450000000e-03,1.000000000e+01,9.975373732e+00,1.418593787e+01,-2.462626805e-01,2.462626804e-01
2.452000000e-03,1.000000000e+01,9.976264281e+00,1.466964031e+01,-2.373571899e-01,2.373571899e-01
2.454000000e-03,1.000000000e+01,9.977249523e+00,1.513458158e+01,-2.275047699e-01,2.275047699e-01
2.456000000e-03,1.000000000e+01,9.978325501e+00,1.557890707e+01,-2.167449896e-01,2.167449896e-01
2.458000000e-03,1.000000000e+01,9.979487896e+00,1.600084494e+01,-2.051210371e-01,2.051210371e-01
2.460000000e-03,1.000000000e+01,9.980732045e+00,1.639871321e+01,-1.926795459e-01,1.926795459e-01
2.462000000e-03,1.000000000e+01,9.982052959e+00,1.677092641e+01,-1.794704078e-01,1.794704078e-01
2.464000000e-03,1.000000000e+01,9.983445515e+00,1.711604229e+01,-1.655448474e-01,1.655448474e-01
2.466000000e-03,1.000000000e+01,9.984903796e+00,1.743260280e+01,-1.509620350e-01,1.509620350e-01
2.468000000e-03,1.000000000e+01,9.986422125e+00,1.771939208e+01,-1.357787479e-01,1.357787479e-01
2.470000000e-03,1.000000000e+01,9.987994421e+00,1.797526979e+01,-1.200557932e-01,1.200557932e-01
2.472000000e-03,1.000000000e+01,9.989614388e+00,1.819921937e+01,-1.038561232e-01,1.038561232e-01
2.474000000e-03,1.000000000e+01,9.991275542e+00,1.839035209e+01,-8.724458288e-02,8.724458286e-02
2.476000000e-03,1.000000000e+01,9.992971235e+00,1.854791057e+01,-7.028765052e-02,7.028765050e-02
2.478000000e-03,1.000000000e+01,9.994694683e+00,1.867127175e+01,-5.305317161e-02,5.305317159e-02
2.480000000e-03,1.000000000e+01,9.996438991e+00,1.875994941e+01,-3.561008745e-02,3.561008743e-02
2.482000000e-03,1.000000000e+01,9.998197184e+00,1.881359604e+01,-1.802815931e-02,1.802815929e-02
2.484000000e-03,1.000000000e+01,9.999962231e+00,1.883200423e+01,-3.776894787e-04,3.776894587e-04
2.486000000e-03,1.000000000e+01,1.000172708e+01,1.881510744e+01,1.727075986e-02,-1.727075988e-02
2.488000000e-03,1.000000000e+01,1.000348466e+01,1.876298027e+01,3.484664872e-02,-3.484664874e-02
2.490000000e-03,1.000000000e+01,1.000522797e+01,1.867583811e+01,5.227974123e-02,-5.227974125e-02
2.492000000e-03,1.000000000e+01,1.000695004e+01,1.855403629e+01,6.950038632e-02,-6.950038634e-02
2.494000000e-03,1.000000000e+01,1.000864398e+01,1.839806856e+01,8.643979600e-02,-8.643979602e-02
2.496000000e-03,1.000000000e+01,1.001030303e+01,1.820856515e+01,1.030303201e-01,-1.030303202e-01
2.498000000e-03,1.000000000e+01,1.001192057e+01,1.798629023e+01,1.192057166e-01,-1.192057166e-01
2.500000000e-03,1.000000000e+01,1.001349014e+01,1.773213876e+01,1.349014158e-01,-1.349014158e-01
2.502000000e-03,1.000000000e+01,1.001500548e+01,1.744713297e+01,1.500547784e-01,-1.500547784e-01
2.504000000e-03,1.000000000e+01,1.001646053e+01,1.713241817e+01,1.646053451e-01,-1.646053451e-01
2.506000000e-03,1.000000000e+01,1.001784951e+01,1.678925822e+01,1.784950784e-01,-1.784950784e-01
2.508000000e-03,1.000000000e+01,1.001916702e+01,1.641898411e+01,1.916701510e-01,-1.916701510e-01
2.510000000e-03,1.000000000e+01,1.002040748e+01,1.602317063e+01,2.040748409e-01,-2.040748410e-01
2.512000000e-03,1.000000000e+01,1.002156614e+01,1.560336186e+01,2.156613680e-01,-2.156613680e-01
2.514000000e-03,1.000000000e+01,1.002263836e+01,1.516124055e+01,2.263835848e-01,-2.263835849e-01
2.516000000e-03,1.000000000e+01,1.002361988e+01,1.469857832e+01,2.361988078e-01,-2.361988078e-01
2.518000000e-03,1.000000000e+01,1.002450680e+01,1.421722853e+01,2.450679872e-01,-2.450679872e-01
2.520000000e-03,1.000000000e+01,1.002529559e+01,1.371911886e+01,2.529558622e-01,-2.529558622e-01
2.522000000e-03,1.000000000e+01,1.002598311e+01,1.320624358e+01,2.598311016e-01,-2.598311016e-01
2.524000000e-03,1.000000000e+01,1.002656664e+01,1.268065561e+01,2.656664276e-01,-2.656664277e-01
2.526000000e-03,1.000000000e+01,1.002704387e+01,1.214445824e+01,2.704387247e-01,-2.704387247e-01
2.528000000e-03,1.000000000e+01,1.002741291e+01,1.159979677e+01,2.741291307e-01,-2.741291307e-01
2.530000000e-03,1.000000000e+01,1.002767231e+01,1.104884988e+01,2.767231115e-01,-2.767231115e-01
2.532000000e-03,1.000000000e+01,1.002782105e+01,1.049382096e+01,2.782105183e-01,-2.782105183e-01
2.534000000e-03,1.000000000e+01,1.002785856e+01,9.936929254e+00,2.785856273e-01,-2.785856273e-01
2.536000000e-03,1.000000000e+01,1.002778472e+01,9.380401019e+00,2.778471617e-01,-2.778471617e-01
2.538000000e-03,1.000000000e+01,1.002759983e+01,8.826460611e+00,2.759982957e-01,-2.759982958e-01
2.540000000e-03,1.000000000e+01,1.002730466e+01,8.277321598e+00,2.730466415e-01,-2.730466415e-01
2.542000000e-03,1.000000000e+01,1.002690042e+01,7.735177915e+00,2.690042171e-01,-2.690042171e-01
2.544000000e-03,1.000000000e+01,1.002638874e+01,7.202195096e+00,2.638873983e-01,-2.638873983e-01
2.546000000e-03,1.000000000e+01,1.002577169e+01,6.680501630e+00,2.577168517e-01,-2.577168517e-01
2.548000000e-03,1.000000000e+01,1.002505175e+01,6.172180452e+00,2.505174515e-01,-2.505174515e-01
2.550000000e-03,1.000000000e+01,1.002423182e+01,5.679260635e+00,2.423181794e-01,-2.423181794e-01
2.552000000e-03,1.000000000e+01,1.002331520e+01,5.203709287e+00,2.331520076e-01,-2.331520076e-01
2.554000000e-03,1.000000000e+01,1.002230558e+01,4.747423701e+00,2.230557664e-01,-2.230557665e-01
2.556000000e-03,1.000000000e+01,1.002120700e+01,4.312223785e+00,2.120699963e-01,-2.120699964e-01
2.558000000e-03,1.000000000e+01,1.002002388e+01,3.899844805e+00,2.002387851e-01,-2.002387851e-01
2.560000000e-03,1.000000000e+01,1.001876096e+01,3.511930465e+00,1.876095908e-01,-1.876095908e-01
2.562000000e-03,1.000000000e+01,1.001742331e+01,3.150026356e+00,1.742330516e-01,-1.742330516e-01
2.564000000e-03,1.000000000e+01,1.001601628e+01,2.815573797e+00,1.601627827e-01,-1.601627827e-01
2.566000000e-03,1.000000000e+01,1.001454552e+01,2.509904096e+00,1.454551613e-01,-1.454551613e-01
2.568000000e-03,1.000000000e+01,1.001301691e+01,2.234233250e+00,1.301691009e-01,-1.301691009e-01
2.570000000e-03,1.000000000e+01,1.001143658e+01,1.989657110e+00,1.143658151e-01,-1.143658152e-01
2.572000000e-03,1.000000000e+01,1.000981086e+01,1.777147020e+00,9.810857283e-02,-9.810857285e-02
2.574000000e-03,1.000000000e+01,1.000814624e+01,1.597545965e+00,8.146244454e-02,-8.146244456e-02
2.576000000e-03,1.000000000e+01,1.000644940e+01,1.451565224e+00,6.449404217e-02,-6.449404219e-02
2.578000000e-03,1.000000000e+01,1.000472713e+01,1.339781553e+00,4.727125247e-02,-4.727125249e-02
2.580000000e-03,1.000000000e+01,1.000298630e+01,1.262634911e+00,2.986296534e-02,-2.986296536e-02
2.582000000e-03,1.000000000e+01,1.000123388e+01,1.220426722e+00,1.233879838e-02,-1.233879840e-02
2.584000000e-03,1.000000000e+01,9.999476882e+00,1.213318705e+00,-5.231181591e-03,5.231181571e-03
2.586000000e-03,1.000000000e+01,9.997722326e+00,1.241332248e+00,-2.277673866e-02,2.277673864e-02
2.588000000e-03,1.000000000e+01,9.995977225e+00,1.304348360e+00,-4.022774857e-02,4.022774855e-02
2.590000000e-03,1.000000000e+01,9.994248552e+00,1.402108165e+00,-5.751447898e-02,5.751447896e-02
2.592000000e-03,1.000000000e+01,9.992543213e+00,1.534213972e+00,-7.456786814e-02,7.456786812e-02
2.594000000e-03,1.000000000e+01,9.990868020e+00,1.700130886e+00,-9.131980075e-02,9.131980073e-02
2.596000000e-03,1.000000000e+01,9.989229662e+00,1.899188982e+00,-1.077033801e-01,1.077033800e-01
2.598000000e-03,1.000000000e+01,9.987634681e+00,2.130586000e+00,-1.236531950e-01,1.236531950e-01
2.600000000e-03,1.000000000e+01,9.986089442e+00,2.393390584e+00,-1.391055813e-01,1.391055813e-01
2.602000000e-03,1.000000000e+01,9.984600112e+00,2.686546030e+00,-1.539988757e-01,1.539988757e-01
2.604000000e-03,1.000000000e+01,9.983172634e+00,3.008874533e+00,-1.682736618e-01,1.682736618e-01
2.606000000e-03,1.000000000e+01,9.981812699e+00,3.359081919e+00,-1.818730075e-01,1.818730075e-01
2.608000000e-03,1.000000000e+01,9.980525731e+00,3.735762843e+00,-1.947426915e-01,1.947426915e-01
2.610000000e-03,1.000000000e+01,9.979316858e+00,4.137406426e+00,-2.068314201e-01,2.068314201e-01
2.612000000e-03,1.000000000e+01,9.978190897e+00,4.562402316e+00,-2.180910310e-01,2.180910310e-01
2.614000000e-03,1.000000000e+01,9.977152331e+00,5.009047145e+00,-2.284766857e-01,2.284766857e-01
2.616000000e-03,1.000000000e+01,9.976205185e+00,5.475608946e+00,-2.379481460e-01,2.379481459e-01
2.618000000e-03,1.000000000e+01,9.975353457e+00,5.960106040e+00,-2.464654283e-01,2.464654283e-01
2.620000000e-03,1.000000000e+01,9.974600411e+00,6.460653586e+00,-2.539958911e-01,2.539958911e-01
2.622000000e-03,1.000000000e+01,9.973949037e+00,6.975247700e+00,-2.605096328e-01,2.605096328e-01
2.624000000e-03,1.000000000e+01,9.973401918e+00,7.501828752e+00,-2.659808214e-01,2.659808214e-01
2.626000000e-03,1.000000000e+01,9.972961220e+00,8.038289614e+00,-2.703877973e-01,2.703877972e-01
2.628000000e-03,1.000000000e+01,9.972628684e+00,8.582484089e+00,-2.737131586e-01,2.737131586e-01
2.630000000e-03,1.000000000e+01,9.972405617e+00,9.132235500e+00,-2.759438304e-01,2.759438304e-01
2.632000000e-03,1.000000000e+01,9.972292888e+00,9.685345393e+00,-2.770711156e-01,2.770711156e-01
2.634000000e-03,1.000000000e+01,9.972290927e+00,1.023960233e+01,-2.770907293e-01,2.770907292e-01
2.636000000e-03,1.000000000e+01,9.972399719e+00,1.079279073e+01,-2.760028144e-01,2.760028144e-01
2.638000000e-03,1.000000000e+01,9.972618806e+00,1.134269973e+01,-2.738119410e-01,2.738119410e-01
2.640000000e-03,1.000000000e+01,9.972947291e+00,1.188713201e+01,-2.705270865e-01,2.705270864e-01
2.642000000e-03,1.000000000e+01,9.973383840e+00,1.242391258e+01,-2.661615990e-01,2.661615990e-01
2.644000000e-03,1.000000000e+01,9.973926686e+00,1.295089748e+01,-2.607331436e-01,2.607331436e-01
2.646000000e-03,1.000000000e+01,9.974573637e+00,1.346598233e+01,-2.542636302e-01,2.542636302e-01
2.648000000e-03,1.000000000e+01,9.975322087e+00,1.396711071e+01,-2.467791255e-01,2.467791255e-01
2.650000000e-03,1.000000000e+01,9.976169025e+00,1.445228243e+01,-2.383097479e-01,2.383097479e-01
2.652000000e-03,1.000000000e+01,9.977111045e+00,1.491956145e+01,-2.288895462e-01,2.288895462e-01
2.654000000e-03,1.000000000e+01,9.978144494e+00,1.536713682e+01,-2.185550617e-01,2.185550617e-01
2.656000000e-03,1.000000000e+01,9.979264972e+00,1.579311471e+01,-2.073502775e-01,2.073502775e-01
2.658000000e-03,1.000000000e+01,9.980468104e+00,1.619585249e+01,-1.953189605e-01,1.953189605e-01
2.660000000e-03,1.000000000e+01,9.981749064e+00,1.657374505e+01,-1.825093649e-01,1.825093649e-01
2.662000000e-03,1.000000000e+01,9.983102715e+00,1.692528694e+01,-1.689728460e-01,1.689728460e-01
2.664000000e-03,1.000000000e+01,9.984523635e+00,1.724907833e+01,-1.547636543e-01,1.547636543e-01
2.666000000e-03,1.000000000e+01,9.986006128e+00,1.754383058e+01,-1.399387180e-01,1.399387180e-01
2.668000000e-03,1.000000000e+01,9.987544258e+00,1.780837138e+01,-1.245574153e-01,1.245574153e-01
2.670000000e-03,1.000000000e+01,9.989131866e+00,1.804164942e+01,-1.086813360e-01,1.086813360e-01
2.672000000e-03,1.000000000e+01,9.990762596e+00,1.824273853e+01,-9.237403550e-02,9.237403548e-02
2.674000000e-03,1.000000000e+01,9.992429922e+00,1.841084141e+01,-7.570077978e-02,7.570077976e-02
2.676000000e-03,1.000000000e+01,9.994127172e+00,1.854529275e+01,-5.872828465e-02,5.872828463e-02
2.678000000e-03,1.000000000e+01,9.995847555e+00,1.864556188e+01,-4.152444858e-02,4.152444856e-02
2.680000000e-03,1.000000000e+01,9.997584192e+00,1.871125487e+01,-2.415808113e-02,2.415808111e-02
2.682000000e-03,1.000000000e+01,9.999330137e+00,1.874211606e+01,-6.698627728e-03,6.698627708e-03
2.684000000e-03,1.000000000e+01,1.000107841e+01,1.873802907e+01,1.078410801e-02,-1.078410803e-02
2.686000000e-03,1.000000000e+01,1.000282202e+01,1.869901721e+01,2.822024338e-02,-2.822024340e-02
2.688000000e-03,1.000000000e+01,1.000455401e+01,1.862524341e+01,4.554009593e-02,-4.554009595e-02
2.690000000e-03,1.000000000e+01,1.000626745e+01,1.851700948e+01,6.267446190e-02,-6.267446192e-02
2.692000000e-03,1.000000000e+01,1.000795549e+01,1.837475494e+01,7.955489277e-02,-7.955489279e-02
2.694000000e-03,1.000000000e+01,1.000961140e+01,1.819905516e+01,9.611396867e-02,-9.611396869e-02
2.696000000e-03,1.000000000e+01,1.001122856e+01,1.799061911e+01,1.122855677e-01,-1.122855677e-01
2.698000000e-03,1.000000000e+01,1.001280051e+01,1.775028645e+01,1.280051298e-01,-1.280051298e-01
2.700000000e-03,1.000000000e+01,1.001432099e+01,1.747902415e+01,1.432099148e-01,-1.432099148e-01
2.702000000e-03,1.000000000e+01,1.001578410e+01,1.717788456e+01,1.578409939e-01,-1.578409940e-01
2.704000000e-03,1.000000000e+01,1.001718364e+01,1.684814989e+01,1.718364463e-01,-1.718364464e-01
2.706000000e-03,1.000000000e+01,1.001851423e+01,1.649110930e+01,1.851422738e-01,-1.851422738e-01
2.708000000e-03,1.000000000e+01,1.001977054e+01,1.610819531e+01,1.977054311e-01,-1.977054311e-01
2.710000000e-03,1.000000000e+01,1.002094759e+01,1.570094361e+01,2.094758523e-01,-2.094758523e-01
2.712000000e-03,1.000000000e+01,1.002204066e+01,1.527098684e+01,2.204066497e-01,-2.204066498e-01
2.714000000e-03,1.000000000e+01,1.002304555e+01,1.481999229e+01,2.304554711e-01,-2.304554711e-01
2.716000000e-03,1.000000000e+01,1.002395799e+01,1.434987585e+01,2.395798792e-01,-2.395798792e-01
2.718000000e-03,1.000000000e+01,1.002477449e+01,1.386246710e+01,2.477448677e-01,-2.477448677e-01
2.720000000e-03,1.000000000e+01,1.002549180e+01,1.335971766e+01,2.549179934e-01,-2.549179934e-01
2.722000000e-03,1.000000000e+01,1.002610708e+01,1.284364005e+01,2.610707838e-01,-2.610707838e-01
2.724000000e-03,1.000000000e+01,1.002661789e+01,1.231629971e+01,2.661788503e-01,-2.661788503e-01
2.726000000e-03,1.000000000e+01,1.002702220e+01,1.177980664e+01,2.702219852e-01,-2.702219852e-01
2.728000000e-03,1.000000000e+01,1.002731842e+01,1.123630703e+01,2.731842411e-01,-2.731842412e-01
2.730000000e-03,1.000000000e+01,1.002750540e+01,1.068797463e+01,2.750539942e-01,-2.750539942e-01
2.732000000e-03,1.000000000e+01,1.002758240e+01,1.013700208e+01,2.758239896e-01,-2.758239896e-01
2.734000000e-03,1.000000000e+01,1.002754914e+01,9.585592137e+00,2.754913695e-01,-2.754913695e-01
2.736000000e-03,1.000000000e+01,1.002740577e+01,9.035948851e+00,2.740576840e-01,-2.740576840e-01
2.738000000e-03,1.000000000e+01,1.002715289e+01,8.490268782e+00,2.715288837e-01,-2.715288837e-01
2.740000000e-03,1.000000000e+01,1.002679153e+01,7.950732206e+00,2.679152952e-01,-2.679152952e-01
2.742000000e-03,1.000000000e+01,1.002632316e+01,7.419494408e+00,2.632315788e-01,-2.632315788e-01
2.744000000e-03,1.000000000e+01,1.002574967e+01,6.898677073e+00,2.574966693e-01,-2.574966694e-01
2.746000000e-03,1.000000000e+01,1.002507337e+01,6.390359810e+00,2.507336992e-01,-2.507336993e-01
2.748000000e-03,1.000000000e+01,1.002429699e+01,5.896571850e+00,2.429699056e-01,-2.429699056e-01
2.750000000e-03,1.000000000e+01,1.002342365e+01,5.419283946e+00,2.342365202e-01,-2.342365202e-01
2.752000000e-03,1.000000000e+01,1.002245686e+01,4.960400503e+00,2.245686441e-01,-2.245686441e-01
2.754000000e-03,1.000000000e+01,1.002140051e+01,4.521751988e+00,2.140051065e-01,-2.140051065e-01
2.756000000e-03,1.000000000e+01,1.002025883e+01,4.105087620e+00,2.025883087e-01,-2.025883087e-01
2.758000000e-03,1.000000000e+01,1.001903641e+01,3.712068399e+00,1.903640540e-01,-1.903640540e-01
2.760000000e-03,1.000000000e+01,1.001773814e+01,3.344260483e+00,1.773813639e-01,-1.773813639e-01
2.762000000e-03,1.000000000e+01,1.001636923e+01,3.003128949e+00,1.636922815e-01,-1.636922816e-01
2.764000000e-03,1.000000000e+01,1.001493517e+01,2.690031956e+00,1.493516632e-01,-1.493516632e-01
2.766000000e-03,1.000000000e+01,1.001344170e+01,2.406215337e+00,1.344169582e-01,-1.344169582e-01
2.768000000e-03,1.000000000e+01,1.001189480e+01,2.152807645e+00,1.189479790e-01,-1.189479790e-01
2.770000000e-03,1.000000000e+01,1.001030067e+01,1.930815661e+00,1.030066616e-01,-1.030066616e-01
2.772000000e-03,1.000000000e+01,1.000866568e+01,1.741120399e+00,8.665681749e-02,-8.665681751e-02
2.774000000e-03,1.000000000e+01,1.000699639e+01,1.584473605e+00,6.996387828e-02,-6.996387830e-02
2.776000000e-03,1.000000000e+01,1.000529946e+01,1.461494785e+00,5.299463385e-02,-5.299463387e-02
2.778000000e-03,1.000000000e+01,1.000358170e+01,1.372668747e+00,3.581696508e-02,-3.581696510e-02
2.780000000e-03,1.000000000e+01,1.000184996e+01,1.318343696e+00,1.849957236e-02,-1.849957238e-02
2.782000000e-03,1.000000000e+01,1.000011117e+01,1.298729868e+00,1.111700814e-03,-1.111700834e-03
2.784000000e-03,1.000000000e+01,9.998372286e+00,1.313898716e+00,-1.627713658e-02,1.627713656e-02
2.786000000e-03,1.000000000e+01,9.996640256e+00,1.363782655e+00,-3.359743691e-02,3.359743689e-02
2.788000000e-03,1.000000000e+01,9.994922001e+00,1.448175356e+00,-5.077998506e-02,5.077998504e-02
2.790000000e-03,1.000000000e+01,9.993224182e+00,1.566748808e+00,-6.775817608e-02,6.775817606e-02
2.792000000e-03,1.000000000e+01,9.991553993e+00,1.718993952e+00,-8.446006979e-02,8.446006977e-02
2.794000000e-03,1.000000000e+01,9.989917896e+00,1.904307616e+00,-1.008210384e-01,1.008210383e-01
2.796000000e-03,1.000000000e+01,9.988322424e+00,2.121942491e+00,-1.167757556e-01,1.167757556e-01
2.798000000e-03,1.000000000e+01,9.986773947e+00,2.371022234e+00,-1.322605322e-01,1.322605322e-01
2.800000000e-03,1.000000000e+01,9.985278643e+00,2.650544989e+00,-1.472135699e-01,1.472135699e-01
2.802000000e-03,1.000000000e+01,9.983842479e+00,2.959387423e+00,-1.615752081e-01,1.615752081e-01
2.804000000e-03,1.000000000e+01,9.982471184e+00,3.296309236e+00,-1.752881620e-01,1.752881620e-01
2.806000000e-03,1.000000000e+01,9.981170225e+00,3.659958144e+00,-1.882977511e-01,1.882977510e-01
2.808000000e-03,1.000000000e+01,9.979944644e+00,4.048923790e+00,-2.005535609e-01,2.005535609e-01
2.810000000e-03,1.000000000e+01,9.978799623e+00,4.461552451e+00,-2.120037741e-01,2.120037741e-01
2.812000000e-03,1.000000000e+01,9.977739568e+00,4.896235619e+00,-2.226043236e-01,2.226043236e-01
2.814000000e-03,1.000000000e+01,9.976768699e+00,5.351231465e+00,-2.323130092e-01,2.323130092e-01
2.816000000e-03,1.000000000e+01,9.975890778e+00,5.824775684e+00,-2.410922174e-01,2.410922173e-01
2.818000000e-03,1.000000000e+01,9.975109510e+00,6.314857248e+00,-2.489049022e-01,2.489049022e-01
2.820000000e-03,1.000000000e+01,9.974427884e+00,6.819570217e+00,-2.557211580e-01,2.557211580e-01
2.822000000e-03,1.000000000e+01,9.973848606e+00,7.336894339e+00,-2.615139397e-01,2.615139397e-01
2.824000000e-03,1.000000000e+01,9.973373970e+00,7.864759361e+00,-2.662602982e-01,2.662602982e-01
2.826000000e-03,1.000000000e+01,9.973005853e+00,8.401053312e+00,-2.699414719e-01,2.699414719e-01
2.828000000e-03,1.000000000e+01,9.972745704e+00,8.943630953e+00,-2.725429603e-01,2.725429602e-01
2.830000000e-03,1.000000000e+01,9.972594542e+00,9.490322357e+00,-2.740545811e-01,2.740545810e-01
2.832000000e-03,1.000000000e+01,9.972552949e+00,1.003894159e+01,-2.744705104e-01,2.744705104e-01
2.834000000e-03,1.000000000e+01,9.972621070e+00,1.058729545e+01,-2.737893050e-01,2.737893049e-01
2.836000000e-03,1.000000000e+01,9.972798609e+00,1.113319224e+01,-2.720139069e-01,2.720139069e-01
2.838000000e-03,1.000000000e+01,9.973084837e+00,1.167445051e+01,-2.691516314e-01,2.691516313e-01
2.840000000e-03,1.000000000e+01,9.973478586e+00,1.220890778e+01,-2.652141361e-01,2.652141360e-01
2.842000000e-03,1.000000000e+01,9.973978263e+00,1.273442922e+01,-2.602173742e-01,2.602173742e-01
2.844000000e-03,1.000000000e+01,9.974581847e+00,1.324891611e+01,-2.541815295e-01,2.541815295e-01
2.846000000e-03,1.000000000e+01,9.975286907e+00,1.375031427e+01,-2.471309349e-01,2.471309349e-01
2.848000000e-03,1.000000000e+01,9.976090603e+00,1.423662224e+01,-2.390939744e-01,2.390939744e-01
2.850000000e-03,1.000000000e+01,9.976989703e+00,1.470589927e+01,-2.301029688e-01,2.301029688e-01
2.852000000e-03,1.000000000e+01,9.977980595e+00,1.515627310e+01,-2.201940458e-01,2.201940458e-01
2.854000000e-03,1.000000000e+01,9.979059436e+00,1.558599829e+01,-2.094056404e-01,2.094056403e-01
2.856000000e-03,1.000000000e+01,9.980221635e+00,1.599325692e+01,-1.977836534e-01,1.977836533e-01
2.858000000e-03,1.000000000e+01,9.981462655e+00,1.637647919e+01,-1.853734546e-01,1.853734546e-01
2.860000000e-03,1.000000000e+01,9.982777520e+00,1.673413820e+01,-1.722248049e-01,1.722248049e-01
2.862000000e-03,1.000000000e+01,9.984160959e+00,1.706480950e+01,-1.583904069e-01,1.583904068e-01
2.864000000e-03,1.000000000e+01,9.985607609e+00,1.736721191e+01,-1.439239068e-01,1.439239068e-01
2.866000000e-03,1.000000000e+01,9.987111325e+00,1.764006868e+01,-1.288867527e-01,1.288867526e-01
2.868000000e-03,1.000000000e+01,9.988666255e+00,1.788233373e+01,-1.133374489e-01,1.133374489e-01
2.870000000e-03,1.000000000e+01,9.990266175e+00,1.809304483e+01,-9.733824813e-02,9.733824811e-02
2.872000000e-03,1.000000000e+01,9.991904681e+00,1.827136609e+01,-8.095318873e-02,8.095318871e-02
2.874000000e-03,1.000000000e+01,9.993575216e+00,1.841659126e+01,-6.424783853e-02,6.424783851e-02
2.876000000e-03,1.000000000e+01,9.995271097e+00,1.852814648e+01,-4.728903245e-02,4.728903243e-02
2.878000000e-03,1.000000000e+01,9.996985539e+00,1.860559260e+01,-3.014460510e-02,3.014460508e-02
2.880000000e-03,1.000000000e+01,9.998711688e+00,1.864862691e+01,-1.288311942e-02,1.288311940e-02
2.882000000e-03,1.000000000e+01,1.000044264e+01,1.865708426e+01,4.426407439e-03,-4.426407459e-03
2.884000000e-03,1.000000000e+01,1.000217148e+01,1.863093778e+01,2.171478015e-02,-2.171478017e-02
2.886000000e-03,1.000000000e+01,1.000389129e+01,1.857029890e+01,3.891290175e-02,-3.891290177e-02
2.888000000e-03,1.000000000e+01,1.000559520e+01,1.847541687e+01,5.595204985e-02,-5.595204987e-02
2.890000000e-03,1.000000000e+01,1.000727642e+01,1.834667780e+01,7.276415119e-02,-7.276415121e-02
2.892000000e-03,1.000000000e+01,1.000892821e+01,1.818460302e+01,8.928205366e-02,-8.928205368e-02
2.894000000e-03,1.000000000e+01,1.001054398e+01,1.798984701e+01,1.054397945e-01,-1.054397945e-01
2.896000000e-03,1.000000000e+01,1.001211729e+01,1.776319473e+01,1.211728635e-01,-1.211728636e-01
2.898000000e-03,1.000000000e+01,1.001364185e+01,1.750555849e+01,1.364184612e-01,-1.364184612e-01
2.900000000e-03,1.000000000e+01,1.001511157e+01,1.721797426e+01,1.511157486e-01,-1.511157486e-01
2.902000000e-03,1.000000000e+01,1.001652061e+01,1.690159749e+01,1.652060907e-01,-1.652060908e-01
2.904000000e-03,1.000000000e+01,1.001786349e+01,1.655765533e+01,1.786348814e-01,-1.786348814e-01
2.906000000e-03,1.000000000e+01,1.001913453e+01,1.618761106e+01,1.913453131e-01,-1.913453131e-01
2.908000000e-03,1.000000000e+01,1.002032898e+01,1.579285992e+01,2.032898061e-01,-2.032898061e-01
2.910000000e-03,1.000000000e+01,1.002144192e+01,1.537502819e+01,2.144191693e-01,-2.144191694e-01
2.912000000e-03,1.000000000e+01,1.002246891e+01,1.493579096e+01,2.246890712e-01,-2.246890713e-01
2.914000000e-03,1.000000000e+01,1.002340575e+01,1.447696519e+01,2.340575386e-01,-2.340575386e-01
2.916000000e-03,1.000000000e+01,1.002424886e+01,1.400033688e+01,2.424886103e-01,-2.424886103e-01
2.918000000e-03,1.000000000e+01,1.002499488e+01,1.350781465e+01,2.499487750e-01,-2.499487750e-01
2.920000000e-03,1.000000000e+01,1.002564084e+01,1.300137027e+01,2.564084088e-01,-2.564084088e-01
2.922000000e-03,1.000000000e+01,1.002618419e+01,1.248303079e+01,2.618418929e-01,-2.618418929e-01
2.924000000e-03,1.000000000e+01,1.002662277e+01,1.195487036e+01,2.662277149e-01,-2.662277149e-01
2.926000000e-03,1.000000000e+01,1.002695486e+01,1.141900200e+01,2.695485544e-01,-2.695485544e-01
2.928000000e-03,1.000000000e+01,1.002717914e+01,1.087756910e+01,2.717913510e-01,-2.717913511e-01
2.930000000e-03,1.000000000e+01,1.002729474e+01,1.033273687e+01,2.729473561e-01,-2.729473561e-01
2.932000000e-03,1.000000000e+01,1.002730122e+01,9.786683658e+00,2.730121663e-01,-2.730121664e-01
2.934000000e-03,1.000000000e+01,1.002719857e+01,9.241592280e+00,2.719857410e-01,-2.719857410e-01
2.936000000e-03,1.000000000e+01,1.002698724e+01,8.699641257e+00,2.698724009e-01,-2.698724009e-01
2.938000000e-03,1.000000000e+01,1.002666808e+01,8.162996125e+00,2.666808104e-01,-2.666808104e-01
2.940000000e-03,1.000000000e+01,1.002624239e+01,7.633800780e+00,2.624239419e-01,-2.624239419e-01
2.942000000e-03,1.000000000e+01,1.002571190e+01,7.114168911e+00,2.571190229e-01,-2.571190230e-01
2.944000000e-03,1.000000000e+01,1.002507875e+01,6.606175563e+00,2.507874669e-01,-2.507874669e-01
2.946000000e-03,1.000000000e+01,1.002434548e+01,6.111848842e+00,2.434547860e-01,-2.434547860e-01
2.948000000e-03,1.000000000e+01,1.002351505e+01,5.633161828e+00,2.351504892e-01,-2.351504892e-01
2.950000000e-03,1.000000000e+01,1.002259080e+01,5.172024692e+00,2.259079627e-01,-2.259079627e-01
2.952000000e-03,1.000000000e+01,1.002157643e+01,4.730277077e+00,2.157643364e-01,-2.157643364e-01
2.954000000e-03,1.000000000e+01,1.002047603e+01,4.309680759e+00,2.047603343e-01,-2.047603344e-01
2.956000000e-03,1.000000000e+01,1.001929401e+01,3.911912621e+00,1.929401113e-01,-1.929401113e-01
2.958000000e-03,1.000000000e+01,1.001803511e+01,3.538557967e+00,1.803510756e-01,-1.803510756e-01
2.960000000e-03,1.000000000e+01,1.001670437e+01,3.191104201e+00,1.670436990e-01,-1.670436991e-01
2.962000000e-03,1.000000000e+01,1.001530713e+01,2.870934909e+00,1.530713146e-01,-1.530713146e-01
2.964000000e-03,1.000000000e+01,1.001384899e+01,2.579324341e+00,1.384899026e-01,-1.384899026e-01
2.966000000e-03,1.000000000e+01,1.001233579e+01,2.317432345e+00,1.233578662e-01,-1.233578662e-01
2.968000000e-03,1.000000000e+01,1.001077358e+01,2.086299755e+00,1.077357981e-01,-1.077357981e-01
2.970000000e-03,1.000000000e+01,1.000916862e+01,1.886844248e+00,9.168623710e-02,-9.168623712e-02
2.972000000e-03,1.000000000e+01,1.000752734e+01,1.719856707e+00,7.527341853e-02,-7.527341855e-02
2.974000000e-03,1.000000000e+01,1.000585630e+01,1.585998085e+00,5.856301660e-02,-5.856301662e-02
2.976000000e-03,1.000000000e+01,1.000416219e+01,1.485796785e+00,4.162188189e-02,-4.162188191e-02
2.978000000e-03,1.000000000e+01,1.000245178e+01,1.419646577e+00,2.451777382e-02,-2.451777384e-02
2.980000000e-03,1.000000000e+01,1.000073191e+01,1.387805052e+00,7.319089665e-03,-7.319089685e-03
2.982000000e-03,1.000000000e+01,9.999009459e+00,1.390392618e+00,-9.905408951e-03,9.905408931e-03
2.984000000e-03,1.000000000e+01,9.997291313e+00,1.427392046e+00,-2.708687099e-02,2.708687097e-02
2.986000000e-03,1.000000000e+01,9.995584337e+00,1.498648569e+00,-4.415663120e-02,4.415663118e-02
2.988000000e-03,1.000000000e+01,9.993895352e+00,1.603870524e+00,-6.104648452e-02,6.104648450e-02
2.990000000e-03,1.000000000e+01,9.992231104e+00,1.742630549e+00,-7.768895862e-02,7.768895860e-02
2.992000000e-03,1.000000000e+01,9.990598242e+00,1.914367315e+00,-9.401758345e-02,9.401758343e-02
2.994000000e-03,1.000000000e+01,9.989003284e+00,2.118387801e+00,-1.099671567e-01,1.099671566e-01
2.996000000e-03,1.000000000e+01,9.987452600e+00,2.353870085e+00,-1.254740040e-01,1.254740040e-01
2.998000000e-03,1.000000000e+01,9.985952377e+00,2.619866657e+00,-1.404762337e-01,1.404762337e-01
3.000000000e-03,1.000000000e+01,9.984508602e+00,2.915308234e+00,-1.549139829e-01,1.549139829e-01
3.002000000e-03,1.000000000e+01,9.983127034e+00,3.239008053e+00,-1.687296574e-01,1.687296574e-01
3.004000000e-03,1.000000000e+01,9.981813184e+00,3.589666644e+00,-1.818681607e-01,1.818681606e-01
3.006000000e-03,1.000000000e+01,9.980572289e+00,3.965877041e+00,-1.942771138e-01,1.942771138e-01
3.008000000e-03,1.000000000e+01,9.979409294e+00,4.366130431e+00,-2.059070645e-01,2.059070645e-01
3.010000000e-03,1.000000000e+01,9.978328832e+00,4.788822202e+00,-2.167116839e-01,2.167116839e-01
3.012000000e-03,1.000000000e+01,9.977335205e+00,5.232258378e+00,-2.266479514e-01,2.266479514e-01
3.014000000e-03,1.000000000e+01,9.976432367e+00,5.694662408e+00,-2.356763255e-01,2.356763255e-01
3.016000000e-03,1.000000000e+01,9.975623910e+00,6.174182281e+00,-2.437609018e-01,2.437609018e-01
3.018000000e-03,1.000000000e+01,9.974913044e+00,6.668897944e+00,-2.508695550e-01,2.508695550e-01
3.020000000e-03,1.000000000e+01,9.974302593e+00,7.176828994e+00,-2.569740674e-01,2.569740673e-01
3.022000000e-03,1.000000000e+01,9.973794976e+00,7.695942600e+00,-2.620502400e-01,2.620502400e-01
3.024000000e-03,1.000000000e+01,9.973392201e+00,8.224161641e+00,-2.660779893e-01,2.660779893e-01
3.026000000e-03,1.000000000e+01,9.973095857e+00,8.759373018e+00,-2.690414262e-01,2.690414262e-01
3.028000000e-03,1.000000000e+01,9.972907108e+00,9.299436106e+00,-2.709289187e-01,2.709289187e-01
3.030000000e-03,1.000000000e+01,9.972826686e+00,9.842191318e+00,-2.717331378e-01,2.717331377e-01
3.032000000e-03,1.000000000e+01,9.972854891e+00,1.038546874e+01,-2.714510856e-01,2.714510856e-01
3.034000000e-03,1.000000000e+01,9.972991589e+00,1.092709679e+01,-2.700841068e-01,2.700841068e-01
3.036000000e-03,1.000000000e+01,9.973236212e+00,1.146491093e+01,-2.676378821e-01,2.676378821e-01
3.038000000e-03,1.000000000e+01,9.973587760e+00,1.199676230e+01,-2.641224050e-01,2.641224049e-01
3.040000000e-03,1.000000000e+01,9.974044806e+00,1.252052630e+01,-2.595519404e-01,2.595519404e-01
3.042000000e-03,1.000000000e+01,9.974605503e+00,1.303411106e+01,-2.539449675e-01,2.539449675e-01
3.044000000e-03,1.000000000e+01,9.975267590e+00,1.353546583e+01,-2.473241045e-01,2.473241045e-01
3.046000000e-03,1.000000000e+01,9.976028398e+00,1.402258917e+01,-2.397160175e-01,2.397160175e-01
3.048000000e-03,1.000000000e+01,9.976884869e+00,1.449353690e+01,-2.311513134e-01,2.311513134e-01
3.050000000e-03,1.000000000e+01,9.977833558e+00,1.494642989e+01,-2.216644164e-01,2.216644163e-01
3.052000000e-03,1.000000000e+01,9.978870657e+00,1.537946155e+01,-2.112934297e-01,2.112934297e-01
3.054000000e-03,1.000000000e+01,9.979992002e+00,1.579090503e+01,-2.000799828e-01,2.000799828e-01
3.056000000e-03,1.000000000e+01,9.981193094e+00,1.617912012e+01,-1.880690641e-01,1.880690641e-01
3.058000000e-03,1.000000000e+01,9.982469275e+00,1.654260248e+01,-1.753072540e-01,1.753072539e-01
3.060000000e-03,1.000000000e+01,9.983815120e+00,1.687981576e+01,-1.618487955e-01,1.618487954e-01
3.062000000e-03,1.000000000e+01,9.985225562e+00,1.718949917e+01,-1.477443798e-01,1.477443798e-01
3.064000000e-03,1.000000000e+01,9.986694608e+00,1.747034498e+01,-1.330539225e-01,1.330539224e-01
3.066000000e-03,1.000000000e+01,9.988216541e+00,1.772127583e+01,-1.178345901e-01,1.178345901e-01
3.068000000e-03,1.000000000e+01,9.989785268e+00,1.794129476e+01,-1.021473197e-01,1.021473197e-01
3.070000000e-03,1.000000000e+01,9.991394509e+00,1.812952853e+01,-8.605490665e-02,8.605490663e-02
3.072000000e-03,1.000000000e+01,9.993037825e+00,1.828523113e+01,-6.962175279e-02,6.962175277e-02
3.074000000e-03,1.000000000e+01,9.994708639e+00,1.840778674e+01,-5.291360921e-02,5.291360919e-02
3.076000000e-03,1.000000000e+01,9.996400269e+00,1.849671213e+01,-3.599731293e-02,3.599731291e-02
3.078000000e-03,1.000000000e+01,9.998105948e+00,1.855165860e+01,-1.894051959e-02,1.894051957e-02
3.080000000e-03,1.000000000e+01,9.999818857e+00,1.857241331e+01,-1.811432846e-03,1.811432826e-03
3.082000000e-03,1.000000000e+01,1.000153215e+01,1.855890016e+01,1.532146832e-02,-1.532146834e-02
3.084000000e-03,1.000000000e+01,1.000323897e+01,1.851118001e+01,3.238970338e-02,-3.238970340e-02
3.086000000e-03,1.000000000e+01,1.000493251e+01,1.842945043e+01,4.932506397e-02,-4.932506399e-02
3.088000000e-03,1.000000000e+01,1.000660599e+01,1.831404490e+01,6.605988645e-02,-6.605988647e-02
3.090000000e-03,1.000000000e+01,1.000825273e+01,1.816543143e+01,8.252732229e-02,-8.252732231e-02
3.092000000e-03,1.000000000e+01,1.000986616e+01,1.798421066e+01,9.866160504e-02,-9.866160506e-02
3.094000000e-03,1.000000000e+01,1.001143983e+01,1.777111344e+01,1.143983130e-01,-1.143983130e-01
3.096000000e-03,1.000000000e+01,1.001296746e+01,1.752699791e+01,1.296746265e-01,-1.296746265e-01
3.098000000e-03,1.000000000e+01,1.001444296e+01,1.725284598e+01,1.444295786e-01,-1.444295786e-01
3.100000000e-03,1.000000000e+01,1.001586043e+01,1.694975945e+01,1.586042983e-01,-1.586042983e-01
3.102000000e-03,1.000000000e+01,1.001721422e+01,1.661895552e+01,1.721422458e-01,-1.721422458e-01
3.104000000e-03,1.000000000e+01,1.001849910e+01,1.626171726e+01,1.849909568e-01,-1.849909569e-01
3.106000000e-03,1.000000000e+01,1.001970961e+01,1.587956408e+01,1.970960884e-01,-1.970960885e-01
3.108000000e-03,1.000000000e+01,1.002084110e+01,1.547398687e+01,2.084110110e-01,-2.084110110e-01
3.110000000e-03,1.000000000e+01,1.002188907e+01,1.504661139e+01,2.188906571e-01,-2.188906571e-01
3.112000000e-03,1.000000000e+01,1.002284933e+01,1.459915021e+01,2.284933069e-01,-2.284933069e-01
3.114000000e-03,1.000000000e+01,1.002371818e+01,1.413333843e+01,2.371817575e-01,-2.371817575e-01
3.116000000e-03,1.000000000e+01,1.002449193e+01,1.365115424e+01,2.449193450e-01,-2.449193450e-01
3.118000000e-03,1.000000000e+01,1.002516764e+01,1.315447291e+01,2.516764487e-01,-2.516764487e-01
3.120000000e-03,1.000000000e+01,1.002574263e+01,1.264528258e+01,2.574262566e-01,-2.574262567e-01
3.122000000e-03,1.000000000e+01,1.002621460e+01,1.212562096e+01,2.621459885e-01,-2.621459885e-01
3.124000000e-03,1.000000000e+01,1.002658170e+01,1.159756722e+01,2.658169855e-01,-2.658169856e-01
3.126000000e-03,1.000000000e+01,1.002684248e+01,1.106323366e+01,2.684247847e-01,-2.684247848e-01
3.128000000e-03,1.000000000e+01,1.002699592e+01,1.052475724e+01,2.699591754e-01,-2.699591754e-01
3.130000000e-03,1.000000000e+01,1.002704142e+01,9.984291080e+00,2.704142393e-01,-2.704142393e-01
3.132000000e-03,1.000000000e+01,1.002697884e+01,9.443995801e+00,2.697883733e-01,-2.697883734e-01
3.134000000e-03,1.000000000e+01,1.002680843e+01,8.906030916e+00,2.680842954e-01,-2.680842954e-01
3.136000000e-03,1.000000000e+01,1.002653086e+01,8.372481795e+00,2.653086382e-01,-2.653086382e-01
3.138000000e-03,1.000000000e+01,1.002614734e+01,7.845609574e+00,2.614733688e-01,-2.614733689e-01
3.140000000e-03,1.000000000e+01,1.002565938e+01,7.327453771e+00,2.565937642e-01,-2.565937642e-01
3.142000000e-03,1.000000000e+01,1.002506895e+01,6.820083698e+00,2.506895368e-01,-2.506895368e-01
3.144000000e-03,1.000000000e+01,1.002437845e+01,6.325525144e+00,2.437844905e-01,-2.437844905e-01
3.146000000e-03,1.000000000e+01,1.002359064e+01,5.845752283e+00,2.359064249e-01,-2.359064250e-01
3.148000000e-03,1.000000000e+01,1.002270870e+01,5.382679799e+00,2.270870230e-01,-2.270870231e-01
3.150000000e-03,1.000000000e+01,1.002173617e+01,4.938155240e+00,2.173617240e-01,-2.173617240e-01
3.152000000e-03,1.000000000e+01,1.002067696e+01,4.513951650e+00,2.067695808e-01,-2.067695809e-01
3.154000000e-03,1.000000000e+01,1.001953531e+01,4.111760496e+00,1.953531034e-01,-1.953531034e-01
3.156000000e-03,1.000000000e+01,1.001831581e+01,3.733184923e+00,1.831580878e-01,-1.831580879e-01
3.158000000e-03,1.000000000e+01,1.001702334e+01,3.379733364e+00,1.702334331e-01,-1.702334332e-01
3.160000000e-03,1.000000000e+01,1.001566309e+01,3.052813532e+00,1.566309447e-01,-1.566309447e-01
3.162000000e-03,1.000000000e+01,1.001424051e+01,2.753726810e+00,1.424051269e-01,-1.424051270e-01
3.164000000e-03,1.000000000e+01,1.001276130e+01,2.483663074e+00,1.276129647e-01,-1.276129647e-01
3.166000000e-03,1.000000000e+01,1.001123137e+01,2.243695957e+00,1.123136951e-01,-1.123136951e-01
3.168000000e-03,1.000000000e+01,1.000965686e+01,2.034778582e+00,9.656857047e-02,-9.656857049e-02
3.170000000e-03,1.000000000e+01,1.000804406e+01,1.857739777e+00,8.044061275e-02,-8.044061277e-02
3.172000000e-03,1.000000000e+01,1.000639944e+01,1.713280785e+00,6.399436156e-02,-6.399436158e-02
3.174000000e-03,1.000000000e+01,1.000472956e+01,1.601972489e+00,4.729561581e-02,-4.729561583e-02
3.176000000e-03,1.000000000e+01,1.000304112e+01,1.524253155e+00,3.041117045e-02,-3.041117047e-02
3.178000000e-03,1.000000000e+01,1.000134085e+01,1.480426709e+00,1.340854933e-02,-1.340854935e-02
3.180000000e-03,1.000000000e+01,9.999635574e+00,1.470661543e+00,-3.644264889e-03,3.644264869e-03
3.182000000e-03,1.000000000e+01,9.997932090e+00,1.494989878e+00,-2.067910250e-02,2.067910248e-02
3.184000000e-03,1.000000000e+01,9.996237212e+00,1.553307655e+00,-3.762787928e-02,3.762787926e-02
3.186000000e-03,1.000000000e+01,9.994557713e+00,1.645374981e+00,-5.442286864e-02,5.442286862e-02
3.188000000e-03,1.000000000e+01,9.992900303e+00,1.770817115e+00,-7.099697217e-02,7.099697215e-02
3.190000000e-03,1.000000000e+01,9.991271601e+00,1.929125994e+00,-8.728398779e-02,8.728398777e-02
3.192000000e-03,1.000000000e+01,9.989678113e+00,2.119662288e+00,-1.032188741e-01,1.032188741e-01
3.194000000e-03,1.000000000e+01,9.988126199e+00,2.341657982e+00,-1.187380103e-01,1.187380103e-01
3.196000000e-03,1.000000000e+01,9.986622055e+00,2.594219474e+00,-1.337794498e-01,1.337794498e-01
3.198000000e-03,1.000000000e+01,9.985171683e+00,2.876331168e+00,-1.482831681e-01,1.482831680e-01
3.200000000e-03,1.000000000e+01,9.983780870e+00,3.186859561e+00,-1.621913015e-01,1.621913015e-01
3.202000000e-03,1.000000000e+01,9.982455162e+00,3.524557796e+00,-1.754483788e-01,1.754483788e-01
3.204000000e-03,1.000000000e+01,9.981199846e+00,3.888070668e+00,-1.880015421e-01,1.880015420e-01
3.206000000e-03,1.000000000e+01,9.980019924e+00,4.275940062e+00,-1.998007573e-01,1.998007573e-01
3.208000000e-03,1.000000000e+01,9.978920099e+00,4.686610802e+00,-2.107990142e-01,2.107990142e-01
3.210000000e-03,1.000000000e+01,9.977904749e+00,5.118436889e+00,-2.209525132e-01,2.209525131e-01
3.212000000e-03,1.000000000e+01,9.976977808e+00,5.569743812e+00,-2.302219151e-01,2.302219151e-01
3.214000000e-03,1.000000000e+01,9.976143191e+00,6.038614645e+00,-2.385680877e-01,2.385680877e-01
3.216000000e-03,1.000000000e+01,9.975404096e+00,6.523225260e+00,-2.459590405e-01,2.459590405e-01
3.218000000e-03,1.000000000e+01,9.974763458e+00,7.021635532e+00,-2.523654231e-01,2.523654231e-01
3.220000000e-03,1.000000000e+01,9.974223817e+00,7.531850568e+00,-2.577618263e-01,2.577618263e-01
3.222000000e-03,1.000000000e+01,9.973787312e+00,8.051828690e+00,-2.621268829e-01,2.621268828e-01
3.224000000e-03,1.000000000e+01,9.973455665e+00,8.579489608e+00,-2.654433519e-01,2.654433519e-01
3.226000000e-03,1.000000000e+01,9.973230181e+00,9.112722736e+00,-2.676981874e-01,2.676981874e-01
3.228000000e-03,1.000000000e+01,9.973111741e+00,9.649395642e+00,-2.688825892e-01,2.688825891e-01
3.230000000e-03,1.000000000e+01,9.973100796e+00,1.018736257e+01,-2.689920372e-01,2.689920372e-01
3.232000000e-03,1.000000000e+01,9.973197369e+00,1.072447302e+01,-2.680263091e-01,2.680263090e-01
3.234000000e-03,1.000000000e+01,9.973401052e+00,1.125858035e+01,-2.659894798e-01,2.659894798e-01
3.236000000e-03,1.000000000e+01,9.973711010e+00,1.178755034e+01,-2.628899048e-01,2.628899047e-01
3.238000000e-03,1.000000000e+01,9.974125981e+00,1.230926975e+01,-2.587401854e-01,2.587401854e-01
3.240000000e-03,1.000000000e+01,9.974644288e+00,1.282165472e+01,-2.535571181e-01,2.535571181e-01
3.242000000e-03,1.000000000e+01,9.975263837e+00,1.332265913e+01,-2.473616262e-01,2.473616262e-01
3.244000000e-03,1.000000000e+01,9.975982132e+00,1.381028275e+01,-2.401786753e-01,2.401786752e-01
3.246000000e-03,1.000000000e+01,9.976796283e+00,1.428257925e+01,-2.320371729e-01,2.320371729e-01
3.248000000e-03,1.000000000e+01,9.977703015e+00,1.473766393e+01,-2.229698522e-01,2.229698522e-01
3.250000000e-03,1.000000000e+01,9.978698686e+00,1.517372127e+01,-2.130131402e-01,2.130131402e-01
3.252000000e-03,1.000000000e+01,9.979779299e+00,1.558901217e+01,-2.022070115e-01,2.022070115e-01
3.254000000e-03,1.000000000e+01,9.980940517e+00,1.598188087e+01,-1.905948278e-01,1.905948278e-01
3.256000000e-03,1.000000000e+01,9.982177684e+00,1.635076157e+01,-1.782231639e-01,1.782231639e-01
3.258000000e-03,1.000000000e+01,9.983485838e+00,1.669418466e+01,-1.651416209e-01,1.651416209e-01
3.260000000e-03,1.000000000e+01,9.984859737e+00,1.701078259e+01,-1.514026274e-01,1.514026274e-01
3.262000000e-03,1.000000000e+01,9.986293877e+00,1.729929528e+01,-1.370612293e-01,1.370612293e-01
3.264000000e-03,1.000000000e+01,9.987782513e+00,1.755857517e+01,-1.221748693e-01,1.221748693e-01
3.266000000e-03,1.000000000e+01,9.989319684e+00,1.778759177e+01,-1.068031567e-01,1.068031567e-01
3.268000000e-03,1.000000000e+01,9.990899237e+00,1.798543576e+01,-9.100762900e-02,9.100762898e-02
3.270000000e-03,1.000000000e+01,9.992514849e+00,1.815132260e+01,-7.485150524e-02,7.485150522e-02
3.272000000e-03,1.000000000e+01,9.994160057e+00,1.828459564e+01,-5.839943318e-02,5.839943316e-02
3.274000000e-03,1.000000000e+01,9.995828277e+00,1.838472870e+01,-4.171723051e-02,4.171723049e-02
3.276000000e-03,1.000000000e+01,9.997512838e+00,1.845132820e+01,-2.487162158e-02,2.487162156e-02
3.278000000e-03,1.000000000e+01,9.999207003e+00,1.848413463e+01,-7.929970557e-03,7.929970537e-03
3.280000000e-03,1.000000000e+01,1.000090400e+01,1.848302363e+01,9.039988016e-03,-9.039988036e-03
3.282000000e-03,1.000000000e+01,1.000259704e+01,1.844800642e+01,2.597041999e-02,-2.597042001e-02
3.284000000e-03,1.000000000e+01,1.000427937e+01,1.837922976e+01,4.279366275e-02,-4.279366277e-02
3.286000000e-03,1.000000000e+01,1.000594425e+01,1.827697528e+01,5.944249569e-02,-5.944249571e-02
3.288000000e-03,1.000000000e+01,1.000758504e+01,1.814165840e+01,7.585040872e-02,-7.585040874e-02
3.290000000e-03,1.000000000e+01,1.000919519e+01,1.797382657e+01,9.195186801e-02,-9.195186803e-02
3.292000000e-03,1.000000000e+01,1.001076826e+01,1.777415714e+01,1.076825777e-01,-1.076825778e-01
3.294000000e-03,1.000000000e+01,1.001229797e+01,1.754345453e+01,1.229797368e-01,-1.229797368e-01
3.296000000e-03,1.000000000e+01,1.001377823e+01,1.728264707e+01,1.377822896e-01,-1.377822896e-01
3.298000000e-03,1.000000000e+01,1.001520312e+01,1.699278322e+01,1.520311696e-01,-1.520311696e-01
3.300000000e-03,1.000000000e+01,1.001656695e+01,1.667502736e+01,1.656695351e-01,-1.656695351e-01
3.302000000e-03,1.000000000e+01,1.001786430e+01,1.633065514e+01,1.786429960e-01,-1.786429960e-01
3.304000000e-03,1.000000000e+01,1.001908998e+01,1.596104833e+01,1.908998308e-01,-1.908998308e-01
3.306000000e-03,1.000000000e+01,1.002023912e+01,1.556768929e+01,2.023911924e-01,-2.023911924e-01
3.308000000e-03,1.000000000e+01,1.002130713e+01,1.515215500e+01,2.130713034e-01,-2.130713034e-01
3.310000000e-03,1.000000000e+01,1.002228976e+01,1.471611079e+01,2.228976378e-01,-2.228976378e-01
3.312000000e-03,1.000000000e+01,1.002318311e+01,1.426130362e+01,2.318310908e-01,-2.318310908e-01
3.314000000e-03,1.000000000e+01,1.002398361e+01,1.378955509e+01,2.398361341e-01,-2.398361341e-01
3.316000000e-03,1.000000000e+01,1.002468810e+01,1.330275415e+01,2.468809576e-01,-2.468809576e-01
3.318000000e-03,1.000000000e+01,1.002529376e+01,1.280284955e+01,2.529375952e-01,-2.529375952e-01
3.320000000e-03,1.000000000e+01,1.002579820e+01,1.229184201e+01,2.579820364e-01,-2.579820364e-01
3.322000000e-03,1.000000000e+01,1.002619943e+01,1.177177624e+01,2.619943211e-01,-2.619943212e-01
3.324000000e-03,1.000000000e+01,1.002649586e+01,1.124473274e+01,2.649586188e-01,-2.649586189e-01
3.326000000e-03,1.000000000e+01,1.002668633e+01,1.071281948e+01,2.668632909e-01,-2.668632909e-01
3.328000000e-03,1.000000000e+01,1.002677009e+01,1.017816349e+01,2.677009362e-01,-2.677009362e-01
3.330000000e-03,1.000000000e+01,1.002674684e+01,9.642902313e+00,2.674684202e-01,-2.674684203e-01
3.332000000e-03,1.000000000e+01,1.002661669e+01,9.109175498e+00,2.661668864e-01,-2.661668864e-01
3.334000000e-03,1.000000000e+01,1.002638018e+01,8.579116032e+00,2.638017506e-01,-2.638017506e-01
3.336000000e-03,1.000000000e+01,1.002603827e+01,8.054841814e+00,2.603826790e-01,-2.603826790e-01
3.338000000e-03,1.000000000e+01,1.002559235e+01,7.538447200e+00,2.559235483e-01,-2.559235483e-01
3.340000000e-03,1.000000000e+01,1.002504424e+01,7.031994628e+00,2.504423896e-01,-2.504423896e-01
3.342000000e-03,1.000000000e+01,1.002439613e+01,6.537506388e+00,2.439613153e-01,-2.439613153e-01
3.344000000e-03,1.000000000e+01,1.002365064e+01,6.056956544e+00,2.365064301e-01,-2.365064301e-01
3.346000000e-03,1.000000000e+01,1.002281077e+01,5.592263055e+00,2.281077257e-01,-2.281077258e-01
3.348000000e-03,1.000000000e+01,1.002187990e+01,5.145280116e+00,2.187989604e-01,-2.187989604e-01
3.350000000e-03,1.000000000e+01,1.002086175e+01,4.717790764e+00,2.086175230e-01,-2.086175230e-01
3.352000000e-03,1.000000000e+01,1.001976043e+01,4.311499766e+00,1.976042830e-01,-1.976042830e-01
3.354000000e-03,1.000000000e+01,1.001858034e+01,3.928026816e+00,1.858034264e-01,-1.858034264e-01
3.356000000e-03,1.000000000e+01,1.001732623e+01,3.568900082e+00,1.732622784e-01,-1.732622784e-01
3.358000000e-03,1.000000000e+01,1.001600311e+01,3.235550115e+00,1.600311138e-01,-1.600311138e-01
3.360000000e-03,1.000000000e+01,1.001461612e+01,2.929268507e+00,1.461612406e-01,-1.461612406e-01
3.362000000e-03,1.000000000e+01,1.001317116e+01,2.651348680e+00,1.317115786e-01,-1.317115786e-01
3.364000000e-03,1.000000000e+01,1.001167384e+01,2.402856808e+00,1.167383587e-01,-1.167383587e-01
3.366000000e-03,1.000000000e+01,1.001013015e+01,2.184780221e+00,1.013015332e-01,-1.013015332e-01
3.368000000e-03,1.000000000e+01,1.000854629e+01,1.997984483e+00,8.546289547e-02,-8.546289549e-02
3.370000000e-03,1.000000000e+01,1.000692858e+01,1.843209955e+00,6.928583249e-02,-6.928583251e-02
3.372000000e-03,1.000000000e+01,1.000528351e+01,1.721068862e+00,5.283507122e-02,-5.283507124e-02
3.374000000e-03,1.000000000e+01,1.000361764e+01,1.632042874e+00,3.617641970e-02,-3.617641972e-02
3.376000000e-03,1.000000000e+01,1.000193765e+01,1.576481201e+00,1.937650370e-02,-1.937650372e-02
3.378000000e-03,1.000000000e+01,1.000025025e+01,1.554599229e+00,2.502500299e-03,-2.502500319e-03
3.380000000e-03,1.000000000e+01,9.998562187e+00,1.566477683e+00,-1.437813072e-02,1.437813070e-02
3.382000000e-03,1.000000000e+01,9.996880208e+00,1.612062335e+00,-3.119791658e-02,3.119791656e-02
3.384000000e-03,1.000000000e+01,9.995211036e+00,1.691164242e+00,-4.788964120e-02,4.788964118e-02
3.386000000e-03,1.000000000e+01,9.993561339e+00,1.803460531e+00,-6.438661379e-02,6.438661377e-02
3.388000000e-03,1.000000000e+01,9.991937706e+00,1.948495720e+00,-8.062293533e-02,8.062293531e-02
3.390000000e-03,1.000000000e+01,9.990346624e+00,2.125683557e+00,-9.653376180e-02,9.653376178e-02
3.392000000e-03,1.000000000e+01,9.988794444e+00,2.334309398e+00,-1.120555631e-01,1.120555631e-01
3.394000000e-03,1.000000000e+01,9.987287362e+00,2.573533083e+00,-1.271263768e-01,1.271263768e-01
3.396000000e-03,1.000000000e+01,9.985831394e+00,2.842392320e+00,-1.416860555e-01,1.416860555e-01
3.398000000e-03,1.000000000e+01,9.984432349e+00,3.139806560e+00,-1.556765067e-01,1.556765067e-01
3.400000000e-03,1.000000000e+01,9.983095808e+00,3.464581334e+00,-1.690419248e-01,1.690419248e-01
3.402000000e-03,1.000000000e+01,9.981827099e+00,3.815413054e+00,-1.817290136e-01,1.817290136e-01
3.404000000e-03,1.000000000e+01,9.980631280e+00,4.190894243e+00,-1.936871988e-01,1.936871987e-01
3.406000000e-03,1.000000000e+01,9.979513117e+00,4.589519182e+00,-2.048688295e-01,2.048688295e-01
3.408000000e-03,1.000000000e+01,9.978477063e+00,5.009689949e+00,-2.152293684e-01,2.152293684e-01
3.410000000e-03,1.000000000e+01,9.977527243e+00,5.449722824e+00,-2.247275689e-01,2.247275689e-01
3.412000000e-03,1.000000000e+01,9.976667436e+00,5.907855032e+00,-2.333256395e-01,2.333256395e-01
3.414000000e-03,1.000000000e+01,9.975901061e+00,6.382251812e+00,-2.409893939e-01,2.409893938e-01
3.416000000e-03,1.000000000e+01,9.975231161e+00,6.871013759e+00,-2.476883870e-01,2.476883870e-01
3.418000000e-03,1.000000000e+01,9.974660396e+00,7.372184432e+00,-2.533960362e-01,2.533960362e-01
3.420000000e-03,1.000000000e+01,9.974191027e+00,7.883758181e+00,-2.580897265e-01,2.580897264e-01
3.422000000e-03,1.000000000e+01,9.973824910e+00,8.403688180e+00,-2.617508999e-01,2.617508999e-01
3.424000000e-03,1.000000000e+01,9.973563487e+00,8.929894610e+00,-2.643651295e-01,2.643651295e-01
3.426000000e-03,1.000000000e+01,9.973407782e+00,9.460272982e+00,-2.659221756e-01,2.659221756e-01
3.428000000e-03,1.000000000e+01,9.973358397e+00,9.992702553e+00,-2.664160262e-01,2.664160262e-01
3.430000000e-03,1.000000000e+01,9.973415508e+00,1.052505480e+01,-2.658449199e-01,2.658449199e-01
3.432000000e-03,1.000000000e+01,9.973578865e+00,1.105520196e+01,-2.642113526e-01,2.642113526e-01
3.434000000e-03,1.000000000e+01,9.973847793e+00,1.158102546e+01,-2.615220660e-01,2.615220659e-01
3.436000000e-03,1.000000000e+01,9.974221198e+00,1.210042448e+01,-2.577880202e-01,2.577880202e-01
3.438000000e-03,1.000000000e+01,9.974697565e+00,1.261132428e+01,-2.530243491e-01,2.530243491e-01
3.440000000e-03,1.000000000e+01,9.975274970e+00,1.311168451e+01,-2.472502990e-01,2.472502989e-01
3.442000000e-03,1.000000000e+01,9.975951172e+00,1.359956576e+01,-2.404882781e-01,2.404882781e-01
3.444000000e-03,1.000000000e+01,9.976723286e+00,1.407290203e+01,-2.327671381e-01,2.327671381e-01
3.446000000e-03,1.000000000e+01,9.977588282e+00,1.452986434e+01,-2.241171780e-01,2.241171780e-01
3.448000000e-03,1.000000000e+01,9.978542684e+00,1.496862951e+01,-2.145731573e-01,2.145731573e-01
3.450000000e-03,1.000000000e+01,9.979582660e+00,1.538744744e+01,-2.041734020e-01,2.041734020e-01
3.452000000e-03,1.000000000e+01,9.980704035e+00,1.578464811e+01,-1.929596508e-01,1.929596508e-01
3.454000000e-03,1.000000000e+01,9.981902311e+00,1.615864826e+01,-1.809768876e-01,1.809768876e-01
3.456000000e-03,1.000000000e+01,9.983172684e+00,1.650795764e+01,-1.682731610e-01,1.682731610e-01
3.458000000e-03,1.000000000e+01,9.984510061e+00,1.683118503e+01,-1.548993916e-01,1.548993916e-01
3.460000000e-03,1.000000000e+01,9.985909083e+00,1.712704369e+01,-1.409091681e-01,1.409091681e-01
3.462000000e-03,1.000000000e+01,9.987364147e+00,1.739435658e+01,-1.263585323e-01,1.263585322e-01
3.464000000e-03,1.000000000e+01,9.988869425e+00,1.763206095e+01,-1.113057548e-01,1.113057548e-01
3.466000000e-03,1.000000000e+01,9.990418890e+00,1.783921262e+01,-9.581110162e-02,9.581110160e-02
3.468000000e-03,1.000000000e+01,9.992006341e+00,1.801498973e+01,-7.993659287e-02,7.993659285e-02
3.470000000e-03,1.000000000e+01,9.993625425e+00,1.815869598e+01,-6.374575452e-02,6.374575450e-02
3.472000000e-03,1.000000000e+01,9.995269664e+00,1.826976339e+01,-4.730336421e-02,4.730336419e-02
3.474000000e-03,1.000000000e+01,9.996932481e+00,1.834775455e+01,-3.067519205e-02,3.067519203e-02
3.476000000e-03,1.000000000e+01,9.998607226e+00,1.839236435e+01,-1.392773758e-02,1.392773756e-02
3.478000000e-03,1.000000000e+01,1.000028720e+01,1.840342117e+01,2.872036197e-03,-2.872036217e-03
3.480000000e-03,1.000000000e+01,1.000196570e+01,1.838088751e+01,1.965697055e-02,-1.965697057e-02
3.482000000e-03,1.000000000e+01,1.000363600e+01,1.832486017e+01,3.635997951e-02,-3.635997953e-02
3.484000000e-03,1.000000000e+01,1.000529143e+01,1.823556978e+01,5.291431794e-02,-5.291431796e-02
3.486000000e-03,1.000000000e+01,1.000692538e+01,1.811337989e+01,6.925384832e-02,-6.925384834e-02
3.488000000e-03,1.000000000e+01,1.000853133e+01,1.795878547e+01,8.531330493e-02,-8.531330495e-02
3.490000000e-03,1.000000000e+01,1.001010286e+01,1.777241090e+01,1.010285545e-01,-1.010285546e-01
3.492000000e-03,1.000000000e+01,1.001163369e+01,1.755500748e+01,1.163368525e-01,-1.163368526e-01
3.494000000e-03,1.000000000e+01,1.001311791e+01,1.730741478e+01,1.311790875e-01,-1.311790875e-01
3.496000000e-03,1.000000000e+01,1.001454920e+01,1.703069557e+01,1.454919734e-01,-1.454919734e-01
3.498000000e-03,1.000000000e+01,1.001592205e+01,1.672593021e+01,1.592204690e-01,-1.592204690e-01
3.500000000e-03,1.000000000e+01,1.001723098e+01,1.639434242e+01,1.723098187e-01,-1.723098188e-01
3.502000000e-03,1.000000000e+01,1.001847078e+01,1.603726293e+01,1.847078327e-01,-1.847078327e-01
3.504000000e-03,1.000000000e+01,1.001963651e+01,1.565612407e+01,1.963650946e-01,-1.963650946e-01
3.506000000e-03,1.000000000e+01,1.002072352e+01,1.525245405e+01,2.072351587e-01,-2.072351587e-01
3.508000000e-03,1.000000000e+01,1.002172759e+01,1.482781828e+01,2.172759069e-01,-2.172759069e-01
3.510000000e-03,1.000000000e+01,1.002264449e+01,1.438402088e+01,2.264449263e-01,-2.264449263e-01
3.512000000e-03,1.000000000e+01,1.002347070e+01,1.392278942e+01,2.347070174e-01,-2.347070174e-01
3.514000000e-03,1.000000000e+01,1.002420293e+01,1.344597092e+01,2.420293381e-01,-2.420293381e-01
3.516000000e-03,1.000000000e+01,1.002483828e+01,1.295547432e+01,2.483828092e-01,-2.483828093e-01
3.518000000e-03,1.000000000e+01,1.002537422e+01,1.245326287e+01,2.537422300e-01,-2.537422300e-01
3.520000000e-03,1.000000000e+01,1.002580864e+01,1.194134623e+01,2.580863777e-01,-2.580863777e-01
3.522000000e-03,1.000000000e+01,1.002613981e+01,1.142177247e+01,2.613980919e-01,-2.613980919e-01
3.524000000e-03,1.000000000e+01,1.002636643e+01,1.089661983e+01,2.636643422e-01,-2.636643423e-01
3.526000000e-03,1.000000000e+01,1.002648763e+01,1.036798846e+01,2.648762798e-01,-2.648762798e-01
3.528000000e-03,1.000000000e+01,1.002650293e+01,9.837991970e+00,2.650292712e-01,-2.650292712e-01
3.530000000e-03,1.000000000e+01,1.002641229e+01,9.308749025e+00,2.641229168e-01,-2.641229168e-01
3.532000000e-03,1.000000000e+01,1.002621611e+01,8.782374841e+00,2.621610512e-01,-2.621610512e-01
3.534000000e-03,1.000000000e+01,1.002591517e+01,8.260972748e+00,2.591517269e-01,-2.591517269e-01
3.536000000e-03,1.000000000e+01,1.002551072e+01,7.746625784e+00,2.551071817e-01,-2.551071817e-01
3.538000000e-03,1.000000000e+01,1.002500438e+01,7.241388369e+00,2.500437885e-01,-2.500437886e-01
3.540000000e-03,1.000000000e+01,1.002439820e+01,6.747278101e+00,2.439819894e-01,-2.439819895e-01
3.542000000e-03,1.000000000e+01,1.002369462e+01,6.266267702e+00,2.369462130e-01,-2.369462130e-01
3.544000000e-03,1.000000000e+01,1.002289648e+01,5.800277138e+00,2.289647757e-01,-2.289647757e-01
3.546000000e-03,1.000000000e+01,1.002200698e+01,5.351165956e+00,2.200697684e-01,-2.200697684e-01
3.548000000e-03,1.000000000e+01,1.002102969e+01,4.920725868e+00,2.102969268e-01,-2.102969269e-01
3.550000000e-03,1.000000000e+01,1.001996855e+01,4.510673597e+00,1.996854885e-01,-1.996854885e-01
3.552000000e-03,1.000000000e+01,1.001882766e+01,4.122598206e+00,1.882766096e-01,-1.882766096e-01
3.554000000e-03,1.000000000e+01,1.001761173e+01,3.758097941e+00,1.761172929e-01,-1.761172929e-01
3.556000000e-03,1.000000000e+01,1.001632579e+01,3.418665116e+00,1.632578964e-01,-1.632578965e-01
3.558000000e-03,1.000000000e+01,1.001497485e+01,3.105605605e+00,1.497485343e-01,-1.497485343e-01
3.560000000e-03,1.000000000e+01,1.001356416e+01,2.820132328e+00,1.356415918e-01,-1.356415919e-01
3.562000000e-03,1.000000000e+01,1.001209970e+01,2.563450394e+00,1.209969863e-01,-1.209969863e-01
3.564000000e-03,1.000000000e+01,1.001058717e+01,2.336543496e+00,1.058716879e-01,-1.058716879e-01
3.566000000e-03,1.000000000e+01,1.000903262e+01,2.140312618e+00,9.032624807e-02,-9.032624809e-02
3.568000000e-03,1.000000000e+01,1.000744229e+01,1.975535955e+00,7.442288566e-02,-7.442288568e-02
3.570000000e-03,1.000000000e+01,1.000582252e+01,1.842865825e+00,5.822523758e-02,-5.822523760e-02
3.572000000e-03,1.000000000e+01,1.000417981e+01,1.742826085e+00,4.179810425e-02,-4.179810427e-02
3.574000000e-03,1.000000000e+01,1.000252072e+01,1.675810066e+00,2.520719041e-02,-2.520719043e-02
3.576000000e-03,1.000000000e+01,1.000085188e+01,1.642079023e+00,8.518842265e-03,-8.518842285e-03
3.578000000e-03,1.000000000e+01,9.999179978e+00,1.641761123e+00,-8.200217791e-03,8.200217771e-03
3.580000000e-03,1.000000000e+01,9.997511684e+00,1.674850953e+00,-2.488315796e-02,2.488315794e-02
3.582000000e-03,1.000000000e+01,9.995853670e+00,1.741209573e+00,-4.146330419e-02,4.146330417e-02
3.584000000e-03,1.000000000e+01,9.994212559e+00,1.840565094e+00,-5.787440662e-02,5.787440660e-02
3.586000000e-03,1.000000000e+01,9.992594910e+00,1.972513796e+00,-7.405090429e-02,7.405090427e-02
3.588000000e-03,1.000000000e+01,9.991007181e+00,2.136521766e+00,-8.992818709e-02,8.992818707e-02
3.590000000e-03,1.000000000e+01,9.989455715e+00,2.331927054e+00,-1.054428538e-01,1.054428537e-01
3.592000000e-03,1.000000000e+01,9.987946703e+00,2.557942352e+00,-1.205329651e-01,1.205329651e-01
3.594000000e-03,1.000000000e+01,9.986486171e+00,2.813658161e+00,-1.351382912e-01,1.351382912e-01
3.596000000e-03,1.000000000e+01,9.985079945e+00,3.098046450e+00,-1.492005520e-01,1.492005520e-01
3.598000000e-03,1.000000000e+01,9.983733635e+00,3.409964793e+00,-1.626636496e-01,1.626636495e-01
3.600000000e-03,1.000000000e+01,9.982452611e+00,3.748160954e+00,-1.754738920e-01,1.754738920e-01
3.602000000e-03,1.000000000e+01,9.981241979e+00,4.111277916e+00,-1.875802078e-01,1.875802078e-01
3.604000000e-03,1.000000000e+01,9.980106565e+00,4.497859326e+00,-1.989343490e-01,1.989343490e-01
3.606000000e-03,1.000000000e+01,9.979050892e+00,4.906355334e+00,-2.094910839e-01,2.094910839e-01
3.608000000e-03,1.000000000e+01,9.978079162e+00,5.335128810e+00,-2.192083769e-01,2.192083769e-01
3.610000000e-03,1.000000000e+01,9.977195244e+00,5.782461902e+00,-2.280475562e-01,2.280475562e-01
3.612000000e-03,1.000000000e+01,9.976402653e+00,6.246562918e+00,-2.359734674e-01,2.359734674e-01
3.614000000e-03,1.000000000e+01,9.975704539e+00,6.725573506e+00,-2.429546136e-01,2.429546136e-01
3.616000000e-03,1.000000000e+01,9.975103672e+00,7.217576090e+00,-2.489632801e-01,2.489632801e-01
3.618000000e-03,1.000000000e+01,9.974602435e+00,7.720601550e+00,-2.539756451e-01,2.539756451e-01
3.620000000e-03,1.000000000e+01,9.974202813e+00,8.232637102e+00,-2.579718734e-01,2.579718734e-01
3.622000000e-03,1.000000000e+01,9.973906380e+00,8.751634350e+00,-2.609361955e-01,2.609361955e-01
3.624000000e-03,1.000000000e+01,9.973714303e+00,9.275517485e+00,-2.628569695e-01,2.628569695e-01
3.626000000e-03,1.000000000e+01,9.973627327e+00,9.802191580e+00,-2.637267267e-01,2.637267267e-01
3.628000000e-03,1.000000000e+01,9.973645780e+00,1.032955098e+01,-2.635422011e-01,2.635422010e-01
3.630000000e-03,1.000000000e+01,9.973769566e+00,1.085548769e+01,-2.623043409e-01,2.623043408e-01
3.632000000e-03,1.000000000e+01,9.973998170e+00,1.137789986e+01,-2.600183045e-01,2.600183045e-01
3.634000000e-03,1.000000000e+01,9.974330656e+00,1.189470011e+01,-2.566934389e-01,2.566934389e-01
3.636000000e-03,1.000000000e+01,9.974765676e+00,1.240382394e+01,-2.523432411e-01,2.523432411e-01
3.638000000e-03,1.000000000e+01,9.975301470e+00,1.290323791e+01,-2.469853039e-01,2.469853039e-01
3.640000000e-03,1.000000000e+01,9.975935876e+00,1.339094784e+01,-2.406412444e-01,2.406412444e-01
3.642000000e-03,1.000000000e+01,9.976666338e+00,1.386500669e+01,-2.333366168e-01,2.333366168e-01
3.644000000e-03,1.000000000e+01,9.977489919e+00,1.432352240e+01,-2.251008097e-01,2.251008097e-01
3.646000000e-03,1.000000000e+01,9.978403307e+00,1.476466540e+01,-2.159669276e-01,2.159669275e-01
3.648000000e-03,1.000000000e+01,9.979402834e+00,1.518667592e+01,-2.059716579e-01,2.059716579e-01
3.650000000e-03,1.000000000e+01,9.980484623e+00,1.558791851e+01,-1.951537692e-01,1.951537691e-01
3.652000000e-03,1.000000000e+01,9.981644072e+00,1.596669601e+01,-1.835592765e-01,1.835592765e-01
3.654000000e-03,1.000000000e+01,9.982876658e+00,1.632154901e+01,-1.712334211e-01,1.712334211e-01
3.656000000e-03,1.000000000e+01,9.984177438e+00,1.665106397e+01,-1.582256152e-01,1.582256152e-01
3.658000000e-03,1.000000000e+01,9.985541201e+00,1.695392890e+01,-1.445879872e-01,1.445879872e-01
3.660000000e-03,1.000000000e+01,9.986962483e+00,1.722893858e+01,-1.303751722e-01,1.303751722e-01
3.662000000e-03,1.000000000e+01,9.988435591e+00,1.747499937e+01,-1.156440936e-01,1.156440936e-01
3.664000000e-03,1.000000000e+01,9.989954627e+00,1.769113358e+01,-1.004537348e-01,1.004537347e-01
3.666000000e-03,1.000000000e+01,9.991513701e+00,1.787650408e+01,-8.486299280e-02,8.486299278e-02
3.668000000e-03,1.000000000e+01,9.993106196e+00,1.803033077e+01,-6.893803859e-02,6.893803857e-02
3.670000000e-03,1.000000000e+01,9.994725927e+00,1.815202965e+01,-5.274072581e-02,5.274072579e-02
3.672000000e-03,1.000000000e+01,9.996366415e+00,1.824112075e+01,-3.633584917e-02,3.633584915e-02
3.674000000e-03,1.000000000e+01,9.998021098e+00,1.829725448e+01,-1.978902006e-02,1.978902004e-02
3.676000000e-03,1.000000000e+01,9.999683360e+00,1.832021307e+01,-3.166404124e-03,3.166404104e-03
3.678000000e-03,1.000000000e+01,1.000134655e+01,1.830991139e+01,1.346554332e-02,-1.346554334e-02
3.680000000e-03,1.000000000e+01,1.000300403e+01,1.826639726e+01,3.004034292e-02,-3.004034294e-02
3.682000000e-03,1.000000000e+01,1.000464918e+01,1.818985126e+01,4.649175708e-02,-4.649175710e-02
3.684000000e-03,1.000000000e+01,1.000627541e+01,1.808058595e+01,6.275405458e-02,-6.275405460e-02
3.686000000e-03,1.000000000e+01,1.000787623e+01,1.793904459e+01,7.876227326e-02,-7.876227328e-02
3.688000000e-03,1.000000000e+01,1.000944525e+01,1.776579938e+01,9.445247950e-02,-9.445247952e-02
3.690000000e-03,1.000000000e+01,1.001097620e+01,1.756154912e+01,1.097620235e-01,-1.097620236e-01
3.692000000e-03,1.000000000e+01,1.001246298e+01,1.732711640e+01,1.246297897e-01,-1.246297897e-01
3.694000000e-03,1.000000000e+01,1.001389964e+01,1.706344426e+01,1.389964402e-01,-1.389964402e-01
3.696000000e-03,1.000000000e+01,1.001528047e+01,1.677159245e+01,1.528046521e-01,-1.528046521e-01
3.698000000e-03,1.000000000e+01,1.001659993e+01,1.645273314e+01,1.659993461e-01,-1.659993462e-01
3.700000000e-03,1.000000000e+01,1.001785279e+01,1.610814618e+01,1.785279061e-01,-1.785279061e-01
3.702000000e-03,1.000000000e+01,1.001903404e+01,1.573921404e+01,1.903403888e-01,-1.903403889e-01
3.704000000e-03,1.000000000e+01,1.002013897e+01,1.534741619e+01,2.013897234e-01,-2.013897235e-01
3.706000000e-03,1.000000000e+01,1.002116319e+01,1.493432322e+01,2.116318986e-01,-2.116318986e-01
3.708000000e-03,1.000000000e+01,1.002210261e+01,1.450159051e+01,2.210261380e-01,-2.210261381e-01
3.710000000e-03,1.000000000e+01,1.002295351e+01,1.405095160e+01,2.295350628e-01,-2.295350628e-01
3.712000000e-03,1.000000000e+01,1.002371248e+01,1.358421126e+01,2.371248400e-01,-2.371248401e-01
3.714000000e-03,1.000000000e+01,1.002437653e+01,1.310323828e+01,2.437653174e-01,-2.437653174e-01
3.716000000e-03,1.000000000e+01,1.002494301e+01,1.260995792e+01,2.494301429e-01,-2.494301429e-01
3.718000000e-03,1.000000000e+01,1.002540969e+01,1.210634429e+01,2.540968696e-01,-2.540968696e-01
3.720000000e-03,1.000000000e+01,1.002577470e+01,1.159441238e+01,2.577470442e-01,-2.577470443e-01
3.722000000e-03,1.000000000e+01,1.002603663e+01,1.107621003e+01,2.603662805e-01,-2.603662805e-01
3.724000000e-03,1.000000000e+01,1.002619443e+01,1.055380973e+01,2.619443156e-01,-2.619443156e-01
3.726000000e-03,1.000000000e+01,1.002624751e+01,1.002933298e+01,2.624750687e-01,-2.624750687e-01
3.728000000e-03,1.000000000e+01,1.002619569e+01,9.504901047e+00,2.619568596e-01,-2.619568595e-01
3.730000000e-03,1.000000000e+01,1.002603921e+01,8.982552110e+00,2.603920778e-01,-2.603920778e-01
3.732000000e-03,1.000000000e+01,1.002577866e+01,8.464284611e+00,2.577866255e-01,-2.577866255e-01
3.734000000e-03,1.000000000e+01,1.002541513e+01,7.952258982e+00,2.541513278e-01,-2.541513278e-01
3.736000000e-03,1.000000000e+01,1.002495009e+01,7.448520526e+00,2.495009207e-01,-2.495009208e-01
3.738000000e-03,1.000000000e+01,1.002438542e+01,6.955081016e+00,2.438541950e-01,-2.438541951e-01
3.740000000e-03,1.000000000e+01,1.002372339e+01,6.473910658e+00,2.372339197e-01,-2.372339197e-01
3.742000000e-03,1.000000000e+01,1.002296668e+01,6.006930223e+00,2.296667505e-01,-2.296667506e-01
3.744000000e-03,1.000000000e+01,1.002211831e+01,5.556003382e+00,2.211831227e-01,-2.211831227e-01
3.746000000e-03,1.000000000e+01,1.002118171e+01,5.122929267e+00,2.118171283e-01,-2.118171283e-01
3.748000000e-03,1.000000000e+01,1.002016064e+01,4.709435293e+00,2.016063795e-01,-2.016063795e-01
3.750000000e-03,1.000000000e+01,1.001905919e+01,4.317170271e+00,1.905918573e-01,-1.905918573e-01
3.752000000e-03,1.000000000e+01,1.001788177e+01,3.947697826e+00,1.788177473e-01,-1.788177473e-01
3.754000000e-03,1.000000000e+01,1.001663313e+01,3.602490173e+00,1.663312621e-01,-1.663312621e-01
3.756000000e-03,1.000000000e+01,1.001531825e+01,3.282922245e+00,1.531824524e-01,-1.531824524e-01
3.758000000e-03,1.000000000e+01,1.001394240e+01,2.990266218e+00,1.394240062e-01,-1.394240062e-01
3.760000000e-03,1.000000000e+01,1.001251110e+01,2.725686448e+00,1.251110375e-01,-1.251110375e-01
3.762000000e-03,1.000000000e+01,1.001103009e+01,2.490234840e+00,1.103008658e-01,-1.103008658e-01
3.764000000e-03,1.000000000e+01,1.000950528e+01,2.284846660e+00,9.505278640e-02,-9.505278642e-02
3.766000000e-03,1.000000000e+01,1.000794278e+01,2.110336829e+00,7.942783307e-02,-7.942783309e-02
3.768000000e-03,1.000000000e+01,1.000634885e+01,1.967396681e+00,6.348853374e-02,-6.348853376e-02
3.770000000e-03,1.000000000e+01,1.000472987e+01,1.856591231e+00,4.729866023e-02,-4.729866025e-02
3.772000000e-03,1.000000000e+01,1.000309230e+01,1.778356939e+00,3.092297317e-02,-3.092297319e-02
3.774000000e-03,1.000000000e+01,1.000144270e+01,1.732999989e+00,1.442696294e-02,-1.442696296e-02
3.776000000e-03,1.000000000e+01,9.999787659e+00,1.720695099e+00,-2.123412289e-03,2.123412269e-03
3.778000000e-03,1.000000000e+01,9.998133801e+00,1.741484839e+00,-1.866199021e-02,1.866199019e-02
3.780000000e-03,1.000000000e+01,9.996487733e+00,1.795279494e+00,-3.512266890e-02,3.512266888e-02
3.782000000e-03,1.000000000e+01,9.994856033e+00,1.881857448e+00,-5.143967104e-02,5.143967102e-02
3.784000000e-03,1.000000000e+01,9.993245219e+00,2.000866094e+00,-6.754780672e-02,6.754780670e-02
3.786000000e-03,1.000000000e+01,9.991661727e+00,2.151823271e+00,-8.338273391e-02,8.338273389e-02
3.788000000e-03,1.000000000e+01,9.990111878e+00,2.334119218e+00,-9.888121545e-02,9.888121543e-02
3.790000000e-03,1.000000000e+01,9.988601863e+00,2.547019035e+00,-1.139813716e-01,1.139813716e-01
3.792000000e-03,1.000000000e+01,9.987137707e+00,2.789665645e+00,-1.286229271e-01,1.286229271e-01
3.794000000e-03,1.000000000e+01,9.985725255e+00,3.061083248e+00,-1.427474517e-01,1.427474517e-01
3.796000000e-03,1.000000000e+01,9.984370141e+00,3.360181239e+00,-1.562985935e-01,1.562985935e-01
3.798000000e-03,1.000000000e+01,9.983077770e+00,3.685758596e+00,-1.692223036e-01,1.692223036e-01
3.800000000e-03,1.000000000e+01,9.981853295e+00,4.036508698e+00,-1.814670518e-01,1.814670518e-01
3.802000000e-03,1.000000000e+01,9.980701597e+00,4.411024572e+00,-1.929840318e-01,1.929840318e-01
3.804000000e-03,1.000000000e+01,9.979627264e+00,4.807804534e+00,-2.037273562e-01,2.037273562e-01
3.806000000e-03,1.000000000e+01,9.978634576e+00,5.225258212e+00,-2.136542389e-01,2.136542389e-01
3.808000000e-03,1.000000000e+01,9.977727378e+00,5.661766824e+00,-2.227262186e-01,2.227262186e-01
3.810000000e-03,1.000000000e+01,9.976909501e+00,6.115476258e+00,-2.309049944e-01,2.309049944e-01
3.812000000e-03,1.000000000e+01,9.976184079e+00,6.584621293e+00,-2.381592131e-01,2.381592131e-01
3.814000000e-03,1.000000000e+01,9.975553994e+00,7.067323679e+00,-2.444600647e-01,2.444600647e-01
3.816000000e-03,1.000000000e+01,9.975021744e+00,7.561651356e+00,-2.497825555e-01,2.497825555e-01
3.818000000e-03,1.000000000e+01,9.974589439e+00,8.065626185e+00,-2.541056073e-01,2.541056073e-01
3.820000000e-03,1.000000000e+01,9.974258786e+00,8.577231861e+00,-2.574121409e-01,2.574121409e-01
3.822000000e-03,1.000000000e+01,9.974031086e+00,9.094421983e+00,-2.596891435e-01,2.596891435e-01
3.824000000e-03,1.000000000e+01,9.973907228e+00,9.615128239e+00,-2.609277198e-01,2.609277198e-01
3.826000000e-03,1.000000000e+01,9.973887687e+00,1.013726868e+01,-2.611231270e-01,2.611231270e-01
3.828000000e-03,1.000000000e+01,9.973972521e+00,1.065875602e+01,-2.602747927e-01,2.602747927e-01
3.830000000e-03,1.000000000e+01,9.974161368e+00,1.117750605e+01,-2.583863164e-01,2.583863164e-01
3.832000000e-03,1.000000000e+01,9.974453455e+00,1.169144585e+01,-2.554654542e-01,2.554654542e-01
3.834000000e-03,1.000000000e+01,9.974847591e+00,1.219852221e+01,-2.515240874e-01,2.515240874e-01
3.836000000e-03,1.000000000e+01,9.975342183e+00,1.269670971e+01,-2.465781735e-01,2.465781735e-01
3.838000000e-03,1.000000000e+01,9.975935232e+00,1.318401889e+01,-2.406476822e-01,2.406476822e-01
3.840000000e-03,1.000000000e+01,9.976624349e+00,1.365850417e+01,-2.337565144e-01,2.337565144e-01
3.842000000e-03,1.000000000e+01,9.977406759e+00,1.411827161e+01,-2.259324060e-01,2.259324059e-01
3.844000000e-03,1.000000000e+01,9.978279318e+00,1.456148647e+01,-2.172068164e-01,2.172068163e-01
3.846000000e-03,1.000000000e+01,9.979238520e+00,1.498638053e+01,-2.076148018e-01,2.076148018e-01
3.848000000e-03,1.000000000e+01,9.980280513e+00,1.539125919e+01,-1.971948746e-01,1.971948746e-01
3.850000000e-03,1.000000000e+01,9.981401115e+00,1.577450814e+01,-1.859888485e-01,1.859888485e-01
3.852000000e-03,1.000000000e+01,9.982595833e+00,1.613459988e+01,-1.740416710e-01,1.740416710e-01
3.854000000e-03,1.000000000e+01,9.983859876e+00,1.647009977e+01,-1.614012428e-01,1.614012428e-01
3.856000000e-03,1.000000000e+01,9.985188342e+00,1.677970784e+01,-1.481165822e-01,1.481165821e-01
3.858000000e-03,1.000000000e+01,9.986575587e+00,1.706211636e+01,-1.342441288e-01,1.342441288e-01
3.860000000e-03,1.000000000e+01,9.988016212e+00,1.731624129e+01,-1.198378795e-01,1.198378795e-01
3.862000000e-03,1.000000000e+01,9.989504448e+00,1.754107257e+01,-1.049555226e-01,1.049555226e-01
3.864000000e-03,1.000000000e+01,9.991034336e+00,1.773571742e+01,-8.965663769e-02,8.965663767e-02
3.866000000e-03,1.000000000e+01,9.992599754e+00,1.789940386e+01,-7.400245724e-02,7.400245722e-02
3.868000000e-03,1.000000000e+01,9.994194438e+00,1.803148386e+01,-5.805562171e-02,5.805562169e-02
3.870000000e-03,1.000000000e+01,9.995812007e+00,1.813143580e+01,-4.187992873e-02,4.187992871e-02
3.872000000e-03,1.000000000e+01,9.997445992e+00,1.819886662e+01,-2.554007789e-02,2.554007787e-02
3.874000000e-03,1.000000000e+01,9.999089859e+00,1.823351329e+01,-9.101412005e-03,9.101411985e-03
3.876000000e-03,1.000000000e+01,1.000073703e+01,1.823524388e+01,7.370344252e-03,-7.370344272e-03
3.878000000e-03,1.000000000e+01,1.000238093e+01,1.820405808e+01,2.380934707e-02,-2.380934709e-02
3.880000000e-03,1.000000000e+01,1.000401499e+01,1.814008710e+01,4.014989672e-02,-4.014989674e-02
3.882000000e-03,1.000000000e+01,1.000563267e+01,1.804359319e+01,5.632670015e-02,-5.632670017e-02
3.884000000e-03,1.000000000e+01,1.000722751e+01,1.791496855e+01,7.227513183e-02,-7.227513185e-02
3.886000000e-03,1.000000000e+01,1.000879315e+01,1.775473370e+01,8.793149196e-02,-8.793149198e-02
3.888000000e-03,1.000000000e+01,1.001032333e+01,1.756353543e+01,1.032332609e-01,-1.032332609e-01
3.890000000e-03,1.000000000e+01,1.001181193e+01,1.734214415e+01,1.181193488e-01,-1.181193488e-01
3.892000000e-03,1.000000000e+01,1.001325321e+01,1.709141883e+01,1.325320598e-01,-1.325320598e-01
3.894000000e-03,1.000000000e+01,1.001464104e+01,1.681242787e+01,1.464103802e-01,-1.464103803e-01
3.896000000e-03,1.000000000e+01,1.001597023e+01,1.650622506e+01,1.597023050e-01,-1.597023050e-01
3.898000000e-03,1.000000000e+01,1.001723516e+01,1.617411360e+01,1.723515929e-01,-1.723515929e-01
3.900000000e-03,1.000000000e+01,1.001843095e+01,1.581739078e+01,1.843094661e-01,-1.843094661e-01
3.902000000e-03,1.000000000e+01,1.001955283e+01,1.543748735e+01,1.955282674e-01,-1.955282674e-01
3.904000000e-03,1.000000000e+01,1.002059633e+01,1.503592639e+01,2.059633035e-01,-2.059633036e-01
3.906000000e-03,1.000000000e+01,1.002155730e+01,1.461431729e+01,2.155730226e-01,-2.155730226e-01
3.908000000e-03,1.000000000e+01,1.002243192e+01,1.417434919e+01,2.243191798e-01,-2.243191799e-01
3.910000000e-03,1.000000000e+01,1.002321670e+01,1.371778433e+01,2.321669898e-01,-2.321669899e-01
3.912000000e-03,1.000000000e+01,1.002390853e+01,1.324645089e+01,2.390852648e-01,-2.390852648e-01
3.914000000e-03,1.000000000e+01,1.002450465e+01,1.276223573e+01,2.450465384e-01,-2.450465384e-01
3.916000000e-03,1.000000000e+01,1.002500272e+01,1.226707683e+01,2.500271750e-01,-2.500271750e-01
3.918000000e-03,1.000000000e+01,1.002540075e+01,1.176295552e+01,2.540074632e-01,-2.540074633e-01
3.920000000e-03,1.000000000e+01,1.002569717e+01,1.125188854e+01,2.569716941e-01,-2.569716941e-01
3.922000000e-03,1.000000000e+01,1.002589082e+01,1.073592002e+01,2.589082229e-01,-2.589082229e-01
3.924000000e-03,1.000000000e+01,1.002598095e+01,1.021711323e+01,2.598095148e-01,-2.598095148e-01
3.926000000e-03,1.000000000e+01,1.002596722e+01,9.697542403e+00,2.596721745e-01,-2.596721745e-01
3.928000000e-03,1.000000000e+01,1.002584970e+01,9.179284410e+00,2.584969586e-01,-2.584969586e-01
3.930000000e-03,1.000000000e+01,1.002562888e+01,8.664410448e+00,2.562887721e-01,-2.562887721e-01
3.932000000e-03,1.000000000e+01,1.002530566e+01,8.154977778e+00,2.530566475e-01,-2.530566475e-01
3.934000000e-03,1.000000000e+01,1.002488137e+01,7.653021502e+00,2.488137085e-01,-2.488137085e-01
3.936000000e-03,1.000000000e+01,1.002435771e+01,7.160546430e+00,2.435771160e-01,-2.435771160e-01
3.938000000e-03,1.000000000e+01,1.002373680e+01,6.679519076e+00,2.373679993e-01,-2.373679993e-01
3.940000000e-03,1.000000000e+01,1.002302114e+01,6.211859806e+00,2.302113707e-01,-2.302113707e-01
3.942000000e-03,1.000000000e+01,1.002221360e+01,5.759435167e+00,2.221360244e-01,-2.221360244e-01
3.944000000e-03,1.000000000e+01,1.002131744e+01,5.324050442e+00,2.131744213e-01,-2.131744213e-01
3.946000000e-03,1.000000000e+01,1.002033626e+01,4.907442445e+00,2.033625577e-01,-2.033625577e-01
3.948000000e-03,1.000000000e+01,1.001927398e+01,4.511272591e+00,1.927398216e-01,-1.927398216e-01
3.950000000e-03,1.000000000e+01,1.001813488e+01,4.137120275e+00,1.813488339e-01,-1.813488340e-01
3.952000000e-03,1.000000000e+01,1.001692338e+01,3.786435353e+00,1.692337712e-01,-1.692337713e-01
3.954000000e-03,1.000000000e+01,1.001564461e+01,3.460700163e+00,1.564461297e-01,-1.564461298e-01
3.956000000e-03,1.000000000e+01,1.001430357e+01,3.161167534e+00,1.430357346e-01,-1.430357346e-01
3.958000000e-03,1.000000000e+01,1.001290563e+01,2.889029450e+00,1.290563114e-01,-1.290563114e-01
3.960000000e-03,1.000000000e+01,1.001145638e+01,2.645368161e+00,1.145638493e-01,-1.145638493e-01
3.962000000e-03,1.000000000e+01,1.000996164e+01,2.431151879e+00,9.961637694e-02,-9.961637696e-02
3.964000000e-03,1.000000000e+01,1.000842737e+01,2.247230932e+00,8.427372998e-02,-8.427373000e-02
3.966000000e-03,1.000000000e+01,1.000685973e+01,2.094334389e+00,6.859731163e-02,-6.859731165e-02
3.968000000e-03,1.000000000e+01,1.000526498e+01,1.973067169e+00,5.264984687e-02,-5.264984689e-02
3.970000000e-03,1.000000000e+01,1.000364951e+01,1.883907646e+00,3.649513152e-02,-3.649513154e-02
3.972000000e-03,1.000000000e+01,1.000201978e+01,1.827205769e+00,2.019777703e-02,-2.019777705e-02
3.974000000e-03,1.000000000e+01,1.000038230e+01,1.803181681e+00,3.822952019e-03,-3.822952039e-03
3.976000000e-03,1.000000000e+01,9.998743612e+00,1.811924871e+00,-1.256387826e-02,1.256387824e-02
3.978000000e-03,1.000000000e+01,9.997110279e+00,1.853393838e+00,-2.889721366e-02,2.889721364e-02
3.980000000e-03,1.000000000e+01,9.995488822e+00,1.927416288e+00,-4.511178096e-02,4.511178094e-02
3.982000000e-03,1.000000000e+01,9.993885721e+00,2.033689843e+00,-6.114279470e-02,6.114279468e-02
3.984000000e-03,1.000000000e+01,9.992307378e+00,2.171783281e+00,-7.692621605e-02,7.692621603e-02
3.986000000e-03,1.000000000e+01,9.990760099e+00,2.341138282e+00,-9.239900859e-02,9.239900857e-02
3.988000000e-03,1.000000000e+01,9.989250061e+00,2.541071686e+00,-1.074993901e-01,1.074993901e-01
3.990000000e-03,1.000000000e+01,9.987783292e+00,2.770778248e+00,-1.221670792e-01,1.221670792e-01
3.992000000e-03,1.000000000e+01,9.986365646e+00,3.029333883e+00,-1.363435361e-01,1.363435361e-01
3.994000000e-03,1.000000000e+01,9.985002618e+00,3.315735574e+00,-1.499738177e-01,1.499738177e-01
3.996000000e-03,1.000000000e+01,9.983699976e+00,3.628763945e+00,-1.630002411e-01,1.630002410e-01
3.998000000e-03,1.000000000e+01,9.982462745e+00,3.967195376e+00,-1.753725513e-01,1.753725513e-01
4.000000000e-03,1.000000000e+01,9.981295857e+00,4.329672087e+00,-1.870414274e-01,1.870414274e-01
4.002000000e-03,1.000000000e+01,9.980203963e+00,4.714740457e+00,-1.979603700e-01,1.979603700e-01
4.004000000e-03,1.000000000e+01,9.979191411e+00,5.120856861e+00,-2.080858863e-01,2.080858863e-01
4.006000000e-03,1.000000000e+01,9.978262126e+00,5.546446454e+00,-2.173787444e-01,2.173787444e-01
4.008000000e-03,1.000000000e+01,9.977420030e+00,5.989701341e+00,-2.257997028e-01,2.257997028e-01
4.010000000e-03,1.000000000e+01,9.976668354e+00,6.448896637e+00,-2.333164614e-01,2.333164614e-01
4.012000000e-03,1.000000000e+01,9.976010084e+00,6.922193763e+00,-2.398991567e-01,2.398991567e-01
4.014000000e-03,1.000000000e+01,9.975447834e+00,7.407698142e+00,-2.455216647e-01,2.455216647e-01
4.016000000e-03,1.000000000e+01,9.974983830e+00,7.903466783e+00,-2.501617044e-01,2.501617043e-01
4.018000000e-03,1.000000000e+01,9.974619907e+00,8.407516060e+00,-2.538009261e-01,2.538009261e-01
4.020000000e-03,1.000000000e+01,9.974357502e+00,8.917829645e+00,-2.564249842e-01,2.564249842e-01
4.022000000e-03,1.000000000e+01,9.974197641e+00,9.432366573e+00,-2.580235934e-01,2.580235934e-01
4.024000000e-03,1.000000000e+01,9.974140943e+00,9.949069410e+00,-2.585905692e-01,2.585905692e-01
4.026000000e-03,1.000000000e+01,9.974187615e+00,1.046587247e+01,-2.581238518e-01,2.581238517e-01
4.028000000e-03,1.000000000e+01,9.974337449e+00,1.098071010e+01,-2.566255132e-01,2.566255132e-01
4.030000000e-03,1.000000000e+01,9.974589825e+00,1.149152488e+01,-2.541017487e-01,2.541017487e-01
4.032000000e-03,1.000000000e+01,9.974943715e+00,1.199627591e+01,-2.505628508e-01,2.505628508e-01
4.034000000e-03,1.000000000e+01,9.975397683e+00,1.249294693e+01,-2.460231674e-01,2.460231674e-01
4.036000000e-03,1.000000000e+01,9.975949896e+00,1.297955437e+01,-2.405010436e-01,2.405010436e-01
4.038000000e-03,1.000000000e+01,9.976598125e+00,1.345415528e+01,-2.340187478e-01,2.340187478e-01
4.040000000e-03,1.000000000e+01,9.977339762e+00,1.391485511e+01,-2.266023815e-01,2.266023814e-01
4.042000000e-03,1.000000000e+01,9.978171928e+00,1.435986828e+01,-2.182807177e-01,2.182807177e-01
4.044000000e-03,1.000000000e+01,9.979091080e+00,1.478731110e+01,-2.090892045e-01,2.090892045e-01
4.046000000e-03,1.000000000e+01,9.980093619e+00,1.519553368e+01,-1.990638054e-01,1.990638054e-01
4.048000000e-03,1.000000000e+01,9.981175524e+00,1.558290820e+01,-1.882447585e-01,1.882447585e-01
4.050000000e-03,1.000000000e+01,9.982332598e+00,1.594793352e+01,-1.766740238e-01,1.766740238e-01
4.052000000e-03,1.000000000e+01,9.983559920e+00,1.628906630e+01,-1.644007950e-01,1.644007950e-01
4.054000000e-03,1.000000000e+01,9.984852708e+00,1.660499360e+01,-1.514729151e-01,1.514729151e-01
4.056000000e-03,1.000000000e+01,9.986205781e+00,1.689445774e+01,-1.379421874e-01,1.379421874e-01
4.058000000e-03,1.000000000e+01,9.987613719e+00,1.715630701e+01,-1.238628145e-01,1.238628145e-01
4.060000000e-03,1.000000000e+01,9.989070882e+00,1.738950033e+01,-1.092911810e-01,1.092911810e-01
4.062000000e-03,1.000000000e+01,9.990571437e+00,1.759311138e+01,-9.428562778e-02,9.428562776e-02
4.064000000e-03,1.000000000e+01,9.992109378e+00,1.776633222e+01,-7.890621843e-02,7.890621841e-02
4.066000000e-03,1.000000000e+01,9.993678550e+00,1.790847660e+01,-6.321449884e-02,6.321449882e-02
4.068000000e-03,1.000000000e+01,9.995272675e+00,1.801898256e+01,-4.727325088e-02,4.727325086e-02
4.070000000e-03,1.000000000e+01,9.996885376e+00,1.809741476e+01,-3.114624120e-02,3.114624118e-02
4.072000000e-03,1.000000000e+01,9.998510203e+00,1.814346611e+01,-1.489796620e-02,1.489796618e-02
4.074000000e-03,1.000000000e+01,1.000014066e+01,1.815695903e+01,1.406605913e-03,-1.406605933e-03
4.076000000e-03,1.000000000e+01,1.000177023e+01,1.813784609e+01,1.770229494e-02,-1.770229496e-02
4.078000000e-03,1.000000000e+01,1.000339240e+01,1.808621021e+01,3.392396919e-02,-3.392396921e-02
4.080000000e-03,1.000000000e+01,1.000500068e+01,1.800226428e+01,5.000680587e-02,-5.000680589e-02
4.082000000e-03,1.000000000e+01,1.000658866e+01,1.788635030e+01,6.588655004e-02,-6.588655006e-02
4.084000000e-03,1.000000000e+01,1.000814998e+01,1.773893796e+01,8.149977141e-02,-8.149977143e-02
4.086000000e-03,1.000000000e+01,1.000967841e+01,1.756062276e+01,9.678411762e-02,-9.678411764e-02
4.088000000e-03,1.000000000e+01,1.001116786e+01,1.735212362e+01,1.116785633e-01,-1.116785633e-01
4.090000000e-03,1.000000000e+01,1.001261237e+01,1.711427992e+01,1.261236538e-01,-1.261236538e-01
4.092000000e-03,1.000000000e+01,1.001400617e+01,1.684804820e+01,1.400617422e-01,-1.400617422e-01
4.094000000e-03,1.000000000e+01,1.001534372e+01,1.655449825e+01,1.534372197e-01,-1.534372198e-01
4.096000000e-03,1.000000000e+01,1.001661967e+01,1.623480885e+01,1.661967376e-01,-1.661967376e-01
4.098000000e-03,1.000000000e+01,1.001782894e+01,1.589026302e+01,1.782894194e-01,-1.782894194e-01
4.100000000e-03,1.000000000e+01,1.001896684e+01,1.552219701e+01,1.896684044e-01,-1.896684045e-01
4.102000000e-03,1.000000000e+01,1.002002850e+01,1.513220087e+01,2.002849639e-01,-2.002849639e-01
4.104000000e-03,1.000000000e+01,1.002100979e+01,1.472181797e+01,2.100979445e-01,-2.100979445e-01
4.106000000e-03,1.000000000e+01,1.002190695e+01,1.429265053e+01,2.190694962e-01,-2.190694962e-01
4.108000000e-03,1.000000000e+01,1.002271652e+01,1.384633885e+01,2.271652302e-01,-2.271652302e-01
4.110000000e-03,1.000000000e+01,1.002343514e+01,1.338474272e+01,2.343513715e-01,-2.343513715e-01
4.112000000e-03,1.000000000e+01,1.002405994e+01,1.290971018e+01,2.405993791e-01,-2.405993791e-01
4.114000000e-03,1.000000000e+01,1.002458845e+01,1.242314261e+01,2.458844675e-01,-2.458844675e-01
4.116000000e-03,1.000000000e+01,1.002501857e+01,1.192698711e+01,2.501857050e-01,-2.501857050e-01
4.118000000e-03,1.000000000e+01,1.002534861e+01,1.142322873e+01,2.534860964e-01,-2.534860964e-01
4.120000000e-03,1.000000000e+01,1.002557727e+01,1.091388249e+01,2.557726503e-01,-2.557726503e-01
4.122000000e-03,1.000000000e+01,1.002570364e+01,1.040098536e+01,2.570364302e-01,-2.570364302e-01
4.124000000e-03,1.000000000e+01,1.002572726e+01,9.886588073e+00,2.572725893e-01,-2.572725893e-01
4.126000000e-03,1.000000000e+01,1.002564804e+01,9.372746975e+00,2.564803892e-01,-2.564803892e-01
4.128000000e-03,1.000000000e+01,1.002546632e+01,8.861515759e+00,2.546632020e-01,-2.546632020e-01
4.130000000e-03,1.000000000e+01,1.002518285e+01,8.354937282e+00,2.518284959e-01,-2.518284959e-01
4.132000000e-03,1.000000000e+01,1.002479878e+01,7.855035395e+00,2.479878047e-01,-2.479878048e-01
4.134000000e-03,1.000000000e+01,1.002431567e+01,7.363806857e+00,2.431566808e-01,-2.431566808e-01
4.136000000e-03,1.000000000e+01,1.002373546e+01,6.883213361e+00,2.373546321e-01,-2.373546321e-01
4.138000000e-03,1.000000000e+01,1.002306050e+01,6.415173701e+00,2.306050434e-01,-2.306050435e-01
4.140000000e-03,1.000000000e+01,1.002229351e+01,5.961556107e+00,2.229350822e-01,-2.229350823e-01
4.142000000e-03,1.000000000e+01,1.002143756e+01,5.524170795e+00,2.143755892e-01,-2.143755893e-01
4.144000000e-03,1.000000000e+01,1.002049610e+01,5.104762734e+00,2.049609544e-01,-2.049609544e-01
4.146000000e-03,1.000000000e+01,1.001947290e+01,4.705004693e+00,1.947289788e-01,-1.947289788e-01
4.148000000e-03,1.000000000e+01,1.001837207e+01,4.326490564e+00,1.837207229e-01,-1.837207229e-01
4.150000000e-03,1.000000000e+01,1.001719803e+01,3.970729011e+00,1.719803416e-01,-1.719803416e-01
4.152000000e-03,1.000000000e+01,1.001595549e+01,3.639137451e+00,1.595549074e-01,-1.595549074e-01
4.154000000e-03,1.000000000e+01,1.001464942e+01,3.333036415e+00,1.464942214e-01,-1.464942214e-01
4.156000000e-03,1.000000000e+01,1.001328506e+01,3.053644281e+00,1.328506139e-01,-1.328506139e-01
4.158000000e-03,1.000000000e+01,1.001186787e+01,2.802072432e+00,1.186787346e-01,-1.186787346e-01
4.160000000e-03,1.000000000e+01,1.001040353e+01,2.579320830e+00,1.040353338e-01,-1.040353339e-01
4.162000000e-03,1.000000000e+01,1.000889790e+01,2.386274042e+00,8.897903521e-02,-8.897903523e-02
4.164000000e-03,1.000000000e+01,1.000735701e+01,2.223697731e+00,7.357010093e-02,-7.357010095e-02
4.166000000e-03,1.000000000e+01,1.000578702e+01,2.092235617e+00,5.787019065e-02,-5.787019067e-02
4.168000000e-03,1.000000000e+01,1.000419421e+01,1.992406927e+00,4.194211469e-02,-4.194211471e-02
4.170000000e-03,1.000000000e+01,1.000258496e+01,1.924604346e+00,2.584958279e-02,-2.584958281e-02
4.172000000e-03,1.000000000e+01,1.000096569e+01,1.889092476e+00,9.656949296e-03,-9.656949316e-03
4.174000000e-03,1.000000000e+01,9.999342896e+00,1.886006798e+00,-6.571044242e-03,6.571044222e-03
4.176000000e-03,1.000000000e+01,9.997723047e+00,1.915353159e+00,-2.276952788e-02,2.276952786e-02
4.178000000e-03,1.000000000e+01,9.996112624e+00,1.977007778e+00,-3.887376258e-02,3.887376256e-02
4.180000000e-03,1.000000000e+01,9.994518060e+00,2.070717760e+00,-5.481939900e-02,5.481939898e-02
4.182000000e-03,1.000000000e+01,9.992945727e+00,2.196102137e+00,-7.054273455e-02,7.054273453e-02
4.184000000e-03,1.000000000e+01,9.991401903e+00,2.352653418e+00,-8.598096791e-02,8.598096789e-02
4.186000000e-03,1.000000000e+01,9.989892755e+00,2.539739636e+00,-1.010724499e-01,1.010724499e-01
4.188000000e-03,1.000000000e+01,9.988424307e+00,2.756606907e+00,-1.157569296e-01,1.157569296e-01
4.190000000e-03,1.000000000e+01,9.987002421e+00,3.002382460e+00,-1.299757949e-01,1.299757949e-01
4.192000000e-03,1.000000000e+01,9.985632769e+00,3.276078156e+00,-1.436723065e-01,1.436723065e-01
4.194000000e-03,1.000000000e+01,9.984320818e+00,3.576594456e+00,-1.567918242e-01,1.567918242e-01
4.196000000e-03,1.000000000e+01,9.983071797e+00,3.902724840e+00,-1.692820252e-01,1.692820252e-01
4.198000000e-03,1.000000000e+01,9.981890689e+00,4.253160650e+00,-1.810931122e-01,1.810931122e-01
4.200000000e-03,1.000000000e+01,9.980782199e+00,4.626496342e+00,-1.921780124e-01,1.921780124e-01
4.202000000e-03,1.000000000e+01,9.979750623e+00,5.021284103e+00,-2.024937732e-01,2.024937732e-01
4.204000000e-03,1.000000000e+01,9.978800320e+00,5.435846248e+00,-2.119968049e-01,2.119968048e-01
4.206000000e-03,1.000000000e+01,9.977934941e+00,5.868568286e+00,-2.206505901e-01,2.206505901e-01
4.208000000e-03,1.000000000e+01,9.977157929e+00,6.317717006e+00,-2.284207098e-01,2.284207098e-01
4.210000000e-03,1.000000000e+01,9.976472372e+00,6.781493886e+00,-2.352762837e-01,2.352762837e-01
4.212000000e-03,1.000000000e+01,9.975880991e+00,7.258042298e+00,-2.411900933e-01,2.411900932e-01
4.214000000e-03,1.000000000e+01,9.975386131e+00,7.745454934e+00,-2.461386894e-01,2.461386894e-01
4.216000000e-03,1.000000000e+01,9.974989751e+00,8.241781446e+00,-2.501024858e-01,2.501024858e-01
4.218000000e-03,1.000000000e+01,9.974693416e+00,8.745036247e+00,-2.530658363e-01,2.530658362e-01
4.220000000e-03,1.000000000e+01,9.974498290e+00,9.253206455e+00,-2.550170963e-01,2.550170963e-01
4.222000000e-03,1.000000000e+01,9.974405133e+00,9.764259942e+00,-2.559486694e-01,2.559486694e-01
4.224000000e-03,1.000000000e+01,9.974414296e+00,1.027615347e+01,-2.558570358e-01,2.558570358e-01
4.226000000e-03,1.000000000e+01,9.974525723e+00,1.078684083e+01,-2.547427666e-01,2.547427666e-01
4.228000000e-03,1.000000000e+01,9.974738948e+00,1.129428108e+01,-2.526105199e-01,2.526105199e-01
4.230000000e-03,1.000000000e+01,9.975053098e+00,1.179644663e+01,-2.494690219e-01,2.494690219e-01
4.232000000e-03,1.000000000e+01,9.975466897e+00,1.229133139e+01,-2.453310309e-01,2.453310309e-01
4.234000000e-03,1.000000000e+01,9.975978671e+00,1.277695879e+01,-2.402132856e-01,2.402132856e-01
4.236000000e-03,1.000000000e+01,9.976586356e+00,1.325138962e+01,-2.341364376e-01,2.341364376e-01
4.238000000e-03,1.000000000e+01,9.977287503e+00,1.371272985e+01,-2.271249676e-01,2.271249676e-01
4.240000000e-03,1.000000000e+01,9.978079291e+00,1.415913813e+01,-2.192070872e-01,2.192070872e-01
4.242000000e-03,1.000000000e+01,9.978958537e+00,1.458883315e+01,-2.104146253e-01,2.104146253e-01
4.244000000e-03,1.000000000e+01,9.979921710e+00,1.500010078e+01,-2.007829001e-01,2.007829000e-01
4.246000000e-03,1.000000000e+01,9.980965073e+00,1.539134721e+01,-1.903492699e-01,1.903492699e-01
4.248000000e-03,1.000000000e+01,9.982084188e+00,1.576091748e+01,-1.791581173e-01,1.791581173e-01
4.250000000e-03,1.000000000e+01,9.983274689e+00,1.610738760e+01,-1.672531126e-01,1.672531126e-01
4.252000000e-03,1.000000000e+01,9.984531802e+00,1.642937735e+01,-1.546819824e-01,1.546819824e-01
4.254000000e-03,1.000000000e+01,9.985850489e+00,1.672560464e+01,-1.414951066e-01,1.414951066e-01
4.256000000e-03,1.000000000e+01,9.987225468e+00,1.699489063e+01,-1.277453158e-01,1.277453158e-01
4.258000000e-03,1.000000000e+01,9.988651232e+00,1.723616435e+01,-1.134876802e-01,1.134876802e-01
4.260000000e-03,1.000000000e+01,9.990122071e+00,1.744846706e+01,-9.877928886e-02,9.877928884e-02
4.262000000e-03,1.000000000e+01,9.991632098e+00,1.763095597e+01,-8.367902089e-02,8.367902087e-02
4.264000000e-03,1.000000000e+01,9.993175269e+00,1.778290766e+01,-6.824731008e-02,6.824731006e-02
4.266000000e-03,1.000000000e+01,9.994745410e+00,1.790372086e+01,-5.254590288e-02,5.254590286e-02
4.268000000e-03,1.000000000e+01,9.996336239e+00,1.799291894e+01,-3.663761133e-02,3.663761131e-02
4.270000000e-03,1.000000000e+01,9.997941394e+00,1.805015168e+01,-2.058606187e-02,2.058606185e-02
4.272000000e-03,1.000000000e+01,9.999554456e+00,1.807519673e+01,-4.455440762e-03,4.455440742e-03
4.274000000e-03,1.000000000e+01,1.000116898e+01,1.806796042e+01,1.168976249e-02,-1.168976251e-02
4.276000000e-03,1.000000000e+01,1.000277850e+01,1.802847812e+01,2.778501301e-02,-2.778501303e-02
4.278000000e-03,1.000000000e+01,1.000437660e+01,1.795691409e+01,4.376598849e-02,-4.376598851e-02
4.280000000e-03,1.000000000e+01,1.000595688e+01,1.785356080e+01,5.956883623e-02,-5.956883625e-02
4.282000000e-03,1.000000000e+01,1.000751304e+01,1.771883770e+01,7.513042827e-02,-7.513042829e-02
4.284000000e-03,1.000000000e+01,1.000903886e+01,1.755328954e+01,9.038861359e-02,-9.038861361e-02
4.286000000e-03,1.000000000e+01,1.001052825e+01,1.735758419e+01,1.052824663e-01,-1.052824663e-01
4.288000000e-03,1.000000000e+01,1.001197525e+01,1.713250991e+01,1.197525289e-01,-1.197525289e-01
4.290000000e-03,1.000000000e+01,1.001337427e+01,1.687893993e+01,1.337427186e-01,-1.337427186e-01
4.292000000e-03,1.000000000e+01,1.001471954e+01,1.659791904e+01,1.471954147e-01,-1.471954148e-01
4.294000000e-03,1.000000000e+01,1.001600569e+01,1.629057624e+01,1.600569418e-01,-1.600569418e-01
4.296000000e-03,1.000000000e+01,1.001722746e+01,1.595818715e+01,1.722745526e-01,-1.722745526e-01
4.298000000e-03,1.000000000e+01,1.001838011e+01,1.560204981e+01,1.838011429e-01,-1.838011429e-01
4.300000000e-03,1.000000000e+01,1.001945908e+01,1.522359246e+01,1.945907794e-01,-1.945907794e-01
4.302000000e-03,1.000000000e+01,1.002046005e+01,1.482433223e+01,2.046004836e-01,-2.046004837e-01
4.304000000e-03,1.000000000e+01,1.002137904e+01,1.440586912e+01,2.137904030e-01,-2.137904030e-01
4.306000000e-03,1.000000000e+01,1.002221240e+01,1.396987956e+01,2.221239697e-01,-2.221239697e-01
4.308000000e-03,1.000000000e+01,1.002295680e+01,1.351810969e+01,2.295680458e-01,-2.295680458e-01
4.310000000e-03,1.000000000e+01,1.002360931e+01,1.305236838e+01,2.360930555e-01,-2.360930555e-01
4.312000000e-03,1.000000000e+01,1.002416731e+01,1.257451998e+01,2.416731023e-01,-2.416731023e-01
4.314000000e-03,1.000000000e+01,1.002462861e+01,1.208647686e+01,2.462860718e-01,-2.462860719e-01
4.316000000e-03,1.000000000e+01,1.002499137e+01,1.159019175e+01,2.499137197e-01,-2.499137197e-01
4.318000000e-03,1.000000000e+01,1.002525417e+01,1.108764995e+01,2.525417433e-01,-2.525417433e-01
4.320000000e-03,1.000000000e+01,1.002541598e+01,1.058086134e+01,2.541598384e-01,-2.541598385e-01
4.322000000e-03,1.000000000e+01,1.002547617e+01,1.007185241e+01,2.547617396e-01,-2.547617396e-01
4.324000000e-03,1.000000000e+01,1.002543452e+01,9.562658086e+00,2.543452442e-01,-2.543452442e-01
4.326000000e-03,1.000000000e+01,1.002529122e+01,9.055313646e+00,2.529122207e-01,-2.529122207e-01
4.328000000e-03,1.000000000e+01,1.002504686e+01,8.551846561e+00,2.504686001e-01,-2.504686002e-01
4.330000000e-03,1.000000000e+01,1.002470244e+01,8.054268403e+00,2.470243517e-01,-2.470243517e-01
4.332000000e-03,1.000000000e+01,1.002425934e+01,7.564566800e+00,2.425934422e-01,-2.425934422e-01
4.334000000e-03,1.000000000e+01,1.002371938e+01,7.084697502e+00,2.371937790e-01,-2.371937790e-01
4.336000000e-03,1.000000000e+01,1.002308471e+01,6.616576567e+00,2.308471384e-01,-2.308471384e-01
4.338000000e-03,1.000000000e+01,1.002235791e+01,6.162072713e+00,2.235790769e-01,-2.235790769e-01
4.340000000e-03,1.000000000e+01,1.002154188e+01,5.722999858e+00,2.154188293e-01,-2.154188293e-01
4.342000000e-03,1.000000000e+01,1.002063992e+01,5.301109877e+00,2.063991901e-01,-2.063991902e-01
4.344000000e-03,1.000000000e+01,1.001965564e+01,4.898085618e+00,1.965563827e-01,-1.965563827e-01
4.346000000e-03,1.000000000e+01,1.001859299e+01,4.515534185e+00,1.859299129e-01,-1.859299130e-01
4.348000000e-03,1.000000000e+01,1.001745624e+01,4.154980532e+00,1.745624114e-01,-1.745624114e-01
4.350000000e-03,1.000000000e+01,1.001624980e+01,3.817821800e+00,1.624979629e-01,-1.624979629e-01
4.352000000e-03,1.000000000e+01,1.001497878e+01,3.505482999e+00,1.497878440e-01,-1.497878440e-01
4.354000000e-03,1.000000000e+01,1.001364816e+01,3.219165084e+00,1.364815690e-01,-1.364815690e-01
4.356000000e-03,1.000000000e+01,1.001226324e+01,2.960007256e+00,1.226324419e-01,-1.226324419e-01
4.358000000e-03,1.000000000e+01,1.001082959e+01,2.729039930e+00,1.082959259e-01,-1.082959259e-01
4.360000000e-03,1.000000000e+01,1.000935294e+01,2.527180639e+00,9.352942120e-02,-9.352942122e-02
4.362000000e-03,1.000000000e+01,1.000783920e+01,2.355230387e+00,7.839203510e-02,-7.839203512e-02
4.364000000e-03,1.000000000e+01,1.000629443e+01,2.213870474e+00,6.294434552e-02,-6.294434554e-02
4.366000000e-03,1.000000000e+01,1.000472482e+01,2.103659793e+00,4.724815856e-02,-4.724815858e-02
4.368000000e-03,1.000000000e+01,1.000313663e+01,2.025032623e+00,3.136626117e-02,-3.136626119e-02
4.370000000e-03,1.000000000e+01,1.000153622e+01,1.978296920e+00,1.536217003e-02,-1.536217005e-02
4.372000000e-03,1.000000000e+01,9.999929988e+00,1.963633105e+00,-7.001224851e-04,7.001224651e-04
4.374000000e-03,1.000000000e+01,9.998324360e+00,1.981093375e+00,-1.675640416e-02,1.675640414e-02
4.376000000e-03,1.000000000e+01,9.996725750e+00,2.030601517e+00,-3.274249965e-02,3.274249963e-02
4.378000000e-03,1.000000000e+01,9.995140547e+00,2.111953240e+00,-4.859452697e-02,4.859452695e-02
4.380000000e-03,1.000000000e+01,9.993575085e+00,2.224817012e+00,-6.424915281e-02,6.424915279e-02
4.382000000e-03,1.000000000e+01,9.992035615e+00,2.368735419e+00,-7.964384549e-02,7.964384547e-02
4.384000000e-03,1.000000000e+01,9.990528288e+00,2.543127011e+00,-9.471712481e-02,9.471712479e-02
4.386000000e-03,1.000000000e+01,9.989059119e+00,2.747288655e+00,-1.094088075e-01,1.094088075e-01
4.388000000e-03,1.000000000e+01,9.987633975e+00,2.980398368e+00,-1.236602477e-01,1.236602477e-01
4.390000000e-03,1.000000000e+01,9.986258543e+00,3.241518626e+00,-1.374145708e-01,1.374145708e-01
4.392000000e-03,1.000000000e+01,9.984938310e+00,3.529600137e+00,-1.506169005e-01,1.506169004e-01
4.394000000e-03,1.000000000e+01,9.983678393e+00,3.843525474e+00,-1.632160715e-01,1.632160715e-01
4.396000000e-03,1.000000000e+01,9.982484122e+00,4.181958948e+00,-1.751587827e-01,1.751587827e-01
4.398000000e-03,1.000000000e+01,9.981360100e+00,4.543579296e+00,-1.863990002e-01,1.863990002e-01
4.400000000e-03,1.000000000e+01,9.980310806e+00,4.926936493e+00,-1.968919376e-01,1.968919376e-01
4.402000000e-03,1.000000000e+01,9.979340306e+00,5.330543906e+00,-2.065969376e-01,2.065969376e-01
4.404000000e-03,1.000000000e+01,9.978452700e+00,5.752686686e+00,-2.154730032e-01,2.154730031e-01
4.406000000e-03,1.000000000e+01,9.977651395e+00,6.191721438e+00,-2.234860534e-01,2.234860534e-01
4.408000000e-03,1.000000000e+01,9.976939577e+00,6.645889976e+00,-2.306042330e-01,2.306042330e-01
4.410000000e-03,1.000000000e+01,9.976320073e+00,7.113373971e+00,-2.367992697e-01,2.367992697e-01
4.412000000e-03,1.000000000e+01,9.975795341e+00,7.592302239e+00,-2.420465869e-01,2.420465868e-01
4.414000000e-03,1.000000000e+01,9.975367460e+00,8.080758228e+00,-2.463254005e-01,2.463254005e-01
4.416000000e-03,1.000000000e+01,9.975038120e+00,8.576787685e+00,-2.496188021e-01,2.496188021e-01
4.418000000e-03,1.000000000e+01,9.974808617e+00,9.078406479e+00,-2.519138250e-01,2.519138250e-01
4.420000000e-03,1.000000000e+01,9.974679850e+00,9.583608535e+00,-2.532014958e-01,2.532014958e-01
4.422000000e-03,1.000000000e+01,9.974652315e+00,1.009043534e+01,-2.534768481e-01,2.534768481e-01
4.424000000e-03,1.000000000e+01,9.974726110e+00,1.059673792e+01,-2.527389031e-01,2.527389030e-01
4.426000000e-03,1.000000000e+01,9.974900909e+00,1.110055409e+01,-2.509909147e-01,2.509909147e-01
4.428000000e-03,1.000000000e+01,9.975175993e+00,1.159987062e+01,-2.482400717e-01,2.482400717e-01
4.430000000e-03,1.000000000e+01,9.975550243e+00,1.209269263e+01,-2.444975697e-01,2.444975696e-01
4.432000000e-03,1.000000000e+01,9.976022143e+00,1.257705165e+01,-2.397785656e-01,2.397785656e-01
4.434000000e-03,1.000000000e+01,9.976589788e+00,1.305101338e+01,-2.341021166e-01,2.341021165e-01
4.436000000e-03,1.000000000e+01,9.977250890e+00,1.351268550e+01,-2.274911027e-01,2.274911026e-01
4.438000000e-03,1.000000000e+01,9.978002883e+00,1.396027863e+01,-2.199711750e-01,2.199711749e-01
4.440000000e-03,1.000000000e+01,9.978842562e+00,1.439189785e+01,-2.115743833e-01,2.115743832e-01
4.442000000e-03,1.000000000e+01,9.979766755e+00,1.480592564e+01,-2.023324485e-01,2.023324485e-01
4.444000000e-03,1.000000000e+01,9.980771529e+00,1.520061005e+01,-1.922847089e-01,1.922847089e-01
4.446000000e-03,1.000000000e+01,9.981852958e+00,1.557442881e+01,-1.814704218e-01,1.814704218e-01
4.448000000e-03,1.000000000e+01,9.983006704e+00,1.592589196e+01,-1.699329649e-01,1.699329649e-01
4.450000000e-03,1.000000000e+01,9.984228140e+00,1.625359917e+01,-1.577185979e-01,1.577185979e-01
4.452000000e-03,1.000000000e+01,9.985512372e+00,1.655624537e+01,-1.448762765e-01,1.448762765e-01
4.454000000e-03,1.000000000e+01,9.986854254e+00,1.683262590e+01,-1.314574569e-01,1.314574568e-01
4.456000000e-03,1.000000000e+01,9.988248411e+00,1.708164132e+01,-1.175158889e-01,1.175158889e-01
4.458000000e-03,1.000000000e+01,9.989689260e+00,1.730230179e+01,-1.031074013e-01,1.031074012e-01
4.460000000e-03,1.000000000e+01,9.991171032e+00,1.749373102e+01,-8.828967768e-02,8.828967766e-02
4.462000000e-03,1.000000000e+01,9.992687797e+00,1.765516972e+01,-7.312202608e-02,7.312202606e-02
4.464000000e-03,1.000000000e+01,9.994233486e+00,1.778597861e+01,-5.766514116e-02,5.766514114e-02
4.466000000e-03,1.000000000e+01,9.995801914e+00,1.788564098e+01,-4.198086153e-02,4.198086151e-02
4.468000000e-03,1.000000000e+01,9.997386808e+00,1.795376471e+01,-2.613192234e-02,2.613192232e-02
4.470000000e-03,1.000000000e+01,9.998981830e+00,1.799008383e+01,-1.018170433e-02,1.018170431e-02
4.472000000e-03,1.000000000e+01,1.000058060e+01,1.799445952e+01,5.806019642e-03,-5.806019662e-03
4.474000000e-03,1.000000000e+01,1.000217673e+01,1.796688068e+01,2.176733955e-02,-2.176733957e-02
4.476000000e-03,1.000000000e+01,1.000376385e+01,1.790746394e+01,3.763846368e-02,-3.763846370e-02
4.478000000e-03,1.000000000e+01,1.000533560e+01,1.781645316e+01,5.335597360e-02,-5.335597362e-02
4.480000000e-03,1.000000000e+01,1.000688571e+01,1.769421842e+01,6.885707754e-02,-6.885707756e-02
4.482000000e-03,1.000000000e+01,1.000840799e+01,1.754125452e+01,8.407986129e-02,-8.407986131e-02
4.484000000e-03,1.000000000e+01,1.000989635e+01,1.735817902e+01,9.896353541e-02,-9.896353543e-02
4.486000000e-03,1.000000000e+01,1.001134487e+01,1.714572969e+01,1.134486781e-01,-1.134486781e-01
4.488000000e-03,1.000000000e+01,1.001274775e+01,1.690476154e+01,1.274774722e-01,-1.274774723e-01
4.490000000e-03,1.000000000e+01,1.001409939e+01,1.663624344e+01,1.409939365e-01,-1.409939365e-01
4.492000000e-03,1.000000000e+01,1.001539441e+01,1.634125414e+01,1.539441482e-01,-1.539441482e-01
4.494000000e-03,1.000000000e+01,1.001662765e+01,1.602097801e+01,1.662764591e-01,-1.662764591e-01
4.496000000e-03,1.000000000e+01,1.001779417e+01,1.567670024e+01,1.779417008e-01,-1.779417008e-01
4.498000000e-03,1.000000000e+01,1.001888934e+01,1.530980170e+01,1.888933810e-01,-1.888933810e-01
4.500000000e-03,1.000000000e+01,1.001990879e+01,1.492175340e+01,1.990878689e-01,-1.990878689e-01
4.502000000e-03,1.000000000e+01,1.002084846e+01,1.451411059e+01,2.084845687e-01,-2.084845687e-01
4.504000000e-03,1.000000000e+01,1.002170461e+01,1.408850652e+01,2.170460817e-01,-2.170460818e-01
4.506000000e-03,1.000000000e+01,1.002247384e+01,1.364664591e+01,2.247383548e-01,-2.247383548e-01
4.508000000e-03,1.000000000e+01,1.002315316e+01,1.319024206e+01,2.315315905e-01,-2.315315905e-01
4.510000000e-03,1.000000000e+01,1.002373972e+01,1.272123258e+01,2.373971567e-01,-2.373971567e-01
4.512000000e-03,1.000000000e+01,1.002423127e+01,1.224144020e+01,2.423126794e-01,-2.423126795e-01
4.514000000e-03,1.000000000e+01,1.002462587e+01,1.175278480e+01,2.462587015e-01,-2.462587015e-01
4.516000000e-03,1.000000000e+01,1.002492196e+01,1.125722129e+01,2.492196447e-01,-2.492196447e-01
4.518000000e-03,1.000000000e+01,1.002511839e+01,1.075673182e+01,2.511838711e-01,-2.511838711e-01
4.520000000e-03,1.000000000e+01,1.002521437e+01,1.025331780e+01,2.521437292e-01,-2.521437292e-01
4.522000000e-03,1.000000000e+01,1.002520956e+01,9.748991968e+00,2.520955832e-01,-2.520955833e-01
4.524000000e-03,1.000000000e+01,1.002510398e+01,9.245770271e+00,2.510398274e-01,-2.510398274e-01
4.526000000e-03,1.000000000e+01,1.002489809e+01,8.745663856e+00,2.489808829e-01,-2.489808829e-01
4.528000000e-03,1.000000000e+01,1.002459272e+01,8.250671012e+00,2.459271800e-01,-2.459271800e-01
4.530000000e-03,1.000000000e+01,1.002418911e+01,7.762769190e+00,2.418911232e-01,-2.418911232e-01
4.532000000e-03,1.000000000e+01,1.002368890e+01,7.283907103e+00,2.368890410e-01,-2.368890410e-01
4.534000000e-03,1.000000000e+01,1.002309411e+01,6.815996942e+00,2.309411198e-01,-2.309411198e-01
4.536000000e-03,1.000000000e+01,1.002240713e+01,6.360906743e+00,2.240713225e-01,-2.240713225e-01
4.538000000e-03,1.000000000e+01,1.002163073e+01,5.920452924e+00,2.163072917e-01,-2.163072918e-01
4.540000000e-03,1.000000000e+01,1.002076802e+01,5.496393041e+00,2.076802391e-01,-2.076802392e-01
4.542000000e-03,1.000000000e+01,1.001982248e+01,5.090418772e+00,1.982248194e-01,-1.982248194e-01
4.544000000e-03,1.000000000e+01,1.001879790e+01,4.704149169e+00,1.879789911e-01,-1.879789912e-01
4.546000000e-03,1.000000000e+01,1.001769839e+01,4.339124199e+00,1.769838649e-01,-1.769838649e-01
4.548000000e-03,1.000000000e+01,1.001652821e+01,3.996758358e+00,1.652820821e-01,-1.652820821e-01
4.550000000e-03,1.000000000e+01,1.001529234e+01,3.678498866e+00,1.529233837e-01,-1.529233837e-01
4.552000000e-03,1.000000000e+01,1.001399559e+01,3.385569904e+00,1.399559262e-01,-1.399559262e-01
4.554000000e-03,1.000000000e+01,1.001264317e+01,3.119137235e+00,1.264316619e-01,-1.264316620e-01
4.556000000e-03,1.000000000e+01,1.001124048e+01,2.880260485e+00,1.124047584e-01,-1.124047584e-01
4.558000000e-03,1.000000000e+01,1.000979296e+01,2.669864975e+00,9.792960374e-02,-9.792960376e-02
4.560000000e-03,1.000000000e+01,1.000830676e+01,2.488837357e+00,8.306764819e-02,-8.306764821e-02
4.562000000e-03,1.000000000e+01,1.000678766e+01,2.337867870e+00,6.787664578e-02,-6.787664580e-02
4.564000000e-03,1.000000000e+01,1.000524174e+01,2.217553923e+00,5.241738037e-02,-5.241738039e-02
4.566000000e-03,1.000000000e+01,1.000367517e+01,2.128370275e+00,3.675169590e-02,-3.675169592e-02
4.568000000e-03,1.000000000e+01,1.000209422e+01,2.070667167e+00,2.094224899e-02,-2.094224901e-02
4.570000000e-03,1.000000000e+01,1.000050523e+01,2.044668940e+00,5.052258342e-03,-5.052258362e-03
4.572000000e-03,1.000000000e+01,9.998914525e+00,2.050473166e+00,-1.085474804e-02,1.085474802e-02
4.574000000e-03,1.000000000e+01,9.997328481e+00,2.088050287e+00,-2.671518686e-02,2.671518684e-02
4.576000000e-03,1.000000000e+01,9.995753433e+00,2.157243753e+00,-4.246567367e-02,4.246567365e-02
4.578000000e-03,1.000000000e+01,9.994195672e+00,2.257770675e+00,-5.804327616e-02,5.804327614e-02
4.580000000e-03,1.000000000e+01,9.992661423e+00,2.389222984e+00,-7.338576563e-02,7.338576561e-02
4.582000000e-03,1.000000000e+01,9.991156813e+00,2.551069084e+00,-8.843186557e-02,8.843186555e-02
4.584000000e-03,1.000000000e+01,9.989687850e+00,2.742656000e+00,-1.031214964e-01,1.031214964e-01
4.586000000e-03,1.000000000e+01,9.988260398e+00,2.963212016e+00,-1.173960153e-01,1.173960153e-01
4.588000000e-03,1.000000000e+01,9.986880155e+00,3.211849782e+00,-1.311984504e-01,1.311984504e-01
4.590000000e-03,1.000000000e+01,9.985552627e+00,3.487569883e+00,-1.444737282e-01,1.444737282e-01
4.592000000e-03,1.000000000e+01,9.984283111e+00,3.789264856e+00,-1.571688931e-01,1.571688931e-01
4.594000000e-03,1.000000000e+01,9.983076668e+00,4.115723639e+00,-1.692333190e-01,1.692333189e-01
4.596000000e-03,1.000000000e+01,9.981938109e+00,4.465636432e+00,-1.806189107e-01,1.806189107e-01
4.598000000e-03,1.000000000e+01,9.980871970e+00,4.837599951e+00,-1.912802961e-01,1.912802961e-01
4.600000000e-03,1.000000000e+01,9.979882499e+00,5.230123058e+00,-2.011750068e-01,2.011750068e-01
4.602000000e-03,1.000000000e+01,9.978973635e+00,5.641632736e+00,-2.102636472e-01,2.102636472e-01
4.604000000e-03,1.000000000e+01,9.978148899e+00,6.070533287e+00,-2.185110053e-01,2.185110052e-01
4.606000000e-03,1.000000000e+01,9.977411773e+00,6.515003165e+00,-2.258822734e-01,2.258822734e-01
4.608000000e-03,1.000000000e+01,9.976765078e+00,6.973313591e+00,-2.323492216e-01,2.323492216e-01
4.610000000e-03,1.000000000e+01,9.976211382e+00,7.443629943e+00,-2.378861825e-01,2.378861825e-01
4.612000000e-03,1.000000000e+01,9.975752879e+00,7.924069977e+00,-2.424712111e-01,2.424712111e-01
4.614000000e-03,1.000000000e+01,9.975391383e+00,8.412711361e+00,-2.460861714e-01,2.460861714e-01
4.616000000e-03,1.000000000e+01,9.975128319e+00,8.907599369e+00,-2.487168087e-01,2.487168086e-01
4.618000000e-03,1.000000000e+01,9.974964719e+00,9.406754697e+00,-2.503528051e-01,2.503528050e-01
4.620000000e-03,1.000000000e+01,9.974901218e+00,9.908181379e+00,-2.509878205e-01,2.509878205e-01
4.622000000e-03,1.000000000e+01,9.974938048e+00,1.040987477e+01,-2.506195170e-01,2.506195170e-01
4.624000000e-03,1.000000000e+01,9.975075043e+00,1.090982957e+01,-2.492495675e-01,2.492495675e-01
4.626000000e-03,1.000000000e+01,9.975311635e+00,1.140604781e+01,-2.468836478e-01,2.468836477e-01
4.628000000e-03,1.000000000e+01,9.975646859e+00,1.189654686e+01,-2.435314136e-01,2.435314136e-01
4.630000000e-03,1.000000000e+01,9.976079354e+00,1.237936737e+01,-2.392064611e-01,2.392064611e-01
4.632000000e-03,1.000000000e+01,9.976607373e+00,1.285258105e+01,-2.339262715e-01,2.339262715e-01
4.634000000e-03,1.000000000e+01,9.977228786e+00,1.331429838e+01,-2.277121406e-01,2.277121406e-01
4.636000000e-03,1.000000000e+01,9.977941091e+00,1.376267621e+01,-2.205890930e-01,2.205890930e-01
4.638000000e-03,1.000000000e+01,9.978741422e+00,1.419592504e+01,-2.125857810e-01,2.125857810e-01
4.640000000e-03,1.000000000e+01,9.979626563e+00,1.461231622e+01,-2.037343698e-01,2.037343698e-01
4.642000000e-03,1.000000000e+01,9.980592959e+00,1.501018881e+01,-1.940704078e-01,1.940704078e-01
4.644000000e-03,1.000000000e+01,9.981636732e+00,1.538795622e+01,-1.836326842e-01,1.836326841e-01
4.646000000e-03,1.000000000e+01,9.982753693e+00,1.574411256e+01,-1.724630729e-01,1.724630729e-01
4.648000000e-03,1.000000000e+01,9.983939363e+00,1.607723860e+01,-1.606063652e-01,1.606063652e-01
4.650000000e-03,1.000000000e+01,9.985188991e+00,1.638600745e+01,-1.481100892e-01,1.481100892e-01
4.652000000e-03,1.000000000e+01,9.986497568e+00,1.666918983e+01,-1.350243203e-01,1.350243203e-01
4.654000000e-03,1.000000000e+01,9.987859852e+00,1.692565900e+01,-1.214014798e-01,1.214014798e-01
4.656000000e-03,1.000000000e+01,9.989270387e+00,1.715439519e+01,-1.072961253e-01,1.072961253e-01
4.658000000e-03,1.000000000e+01,9.990723527e+00,1.735448970e+01,-9.276473200e-02,9.276473198e-02
4.660000000e-03,1.000000000e+01,9.992213453e+00,1.752514848e+01,-7.786546672e-02,7.786546670e-02
4.662000000e-03,1.000000000e+01,9.993734204e+00,1.766569531e+01,-6.265795504e-02,6.265795502e-02
4.664000000e-03,1.000000000e+01,9.995279696e+00,1.777557444e+01,-4.720304262e-02,4.720304260e-02
4.666000000e-03,1.000000000e+01,9.996843745e+00,1.785435282e+01,-3.156255185e-02,3.156255183e-02
4.668000000e-03,1.000000000e+01,9.998420097e+00,1.790172180e+01,-1.579903448e-02,1.579903446e-02
4.670000000e-03,1.000000000e+01,1.000000245e+01,1.791749832e+01,2.447851522e-05,-2.447853522e-05
4.672000000e-03,1.000000000e+01,1.000158447e+01,1.790162565e+01,1.584472896e-02,-1.584472898e-02
4.674000000e-03,1.000000000e+01,1.000315985e+01,1.785417357e+01,3.159848436e-02,-3.159848438e-02
4.676000000e-03,1.000000000e+01,1.000472228e+01,1.777533804e+01,4.722279068e-02,-4.722279070e-02
4.678000000e-03,1.000000000e+01,1.000626552e+01,1.766544045e+01,6.265522383e-02,-6.265522385e-02
4.680000000e-03,1.000000000e+01,1.000778341e+01,1.752492627e+01,7.783413917e-02,-7.783413919e-02
4.682000000e-03,1.000000000e+01,1.000926989e+01,1.735436326e+01,9.269891765e-02,-9.269891767e-02
4.684000000e-03,1.000000000e+01,1.001071902e+01,1.715443916e+01,1.071902080e-01,-1.071902080e-01
4.686000000e-03,1.000000000e+01,1.001212502e+01,1.692595893e+01,1.212501635e-01,-1.212501635e-01
4.688000000e-03,1.000000000e+01,1.001348227e+01,1.666984152e+01,1.348226732e-01,-1.348226733e-01
4.690000000e-03,1.000000000e+01,1.001478536e+01,1.638711615e+01,1.478535857e-01,-1.478535857e-01
4.692000000e-03,1.000000000e+01,1.001602909e+01,1.607891818e+01,1.602909250e-01,-1.602909250e-01
4.694000000e-03,1.000000000e+01,1.001720851e+01,1.574648458e+01,1.720850981e-01,-1.720850981e-01
4.696000000e-03,1.000000000e+01,1.001831891e+01,1.539114891e+01,1.831890926e-01,-1.831890926e-01
4.698000000e-03,1.000000000e+01,1.001935587e+01,1.501433602e+01,1.935586642e-01,-1.935586642e-01
4.700000000e-03,1.000000000e+01,1.002031525e+01,1.461755632e+01,2.031525128e-01,-2.031525129e-01
4.702000000e-03,1.000000000e+01,1.002119324e+01,1.420239973e+01,2.119324473e-01,-2.119324474e-01
4.704000000e-03,1.000000000e+01,1.002198635e+01,1.377052928e+01,2.198635373e-01,-2.198635373e-01
4.706000000e-03,1.000000000e+01,1.002269143e+01,1.332367450e+01,2.269142521e-01,-2.269142521e-01
4.708000000e-03,1.000000000e+01,1.002330566e+01,1.286362444e+01,2.330565863e-01,-2.330565863e-01
4.710000000e-03,1.000000000e+01,1.002382662e+01,1.239222057e+01,2.382661708e-01,-2.382661708e-01
4.712000000e-03,1.000000000e+01,1.002425224e+01,1.191134933e+01,2.425223696e-01,-2.425223697e-01
4.714000000e-03,1.000000000e+01,1.002458084e+01,1.142293465e+01,2.458083615e-01,-2.458083615e-01
4.716000000e-03,1.000000000e+01,1.002481112e+01,1.092893022e+01,2.481112065e-01,-2.481112065e-01
4.718000000e-03,1.000000000e+01,1.002494219e+01,1.043131168e+01,2.494218968e-01,-2.494218968e-01
4.720000000e-03,1.000000000e+01,1.002497354e+01,9.932068724e+00,2.497353920e-01,-2.497353920e-01
4.722000000e-03,1.000000000e+01,1.002490506e+01,9.433197137e+00,2.490506385e-01,-2.490506385e-01
4.724000000e-03,1.000000000e+01,1.002473706e+01,8.936690820e+00,2.473705730e-01,-2.473705730e-01
4.726000000e-03,1.000000000e+01,1.002447021e+01,8.444533825e+00,2.447021096e-01,-2.447021096e-01
4.728000000e-03,1.000000000e+01,1.002410561e+01,7.958692420e+00,2.410561119e-01,-2.410561119e-01
4.730000000e-03,1.000000000e+01,1.002364473e+01,7.481107238e+00,2.364473483e-01,-2.364473483e-01
4.732000000e-03,1.000000000e+01,1.002308944e+01,7.013685523e+00,2.308944324e-01,-2.308944324e-01
4.734000000e-03,1.000000000e+01,1.002244197e+01,6.558293515e+00,2.244197480e-01,-2.244197480e-01
4.736000000e-03,1.000000000e+01,1.002170494e+01,6.116748998e+00,2.170493586e-01,-2.170493586e-01
4.738000000e-03,1.000000000e+01,1.002088129e+01,5.690814045e+00,2.088129025e-01,-2.088129025e-01
4.740000000e-03,1.000000000e+01,1.001997423e+01,5.282139409e+00,1.997423302e-01,-1.997423302e-01
4.742000000e-03,1.000000000e+01,1.001898763e+01,4.892454431e+00,1.898762514e-01,-1.898762514e-01
4.744000000e-03,1.000000000e+01,1.001792532e+01,4.523262119e+00,1.792532153e-01,-1.792532153e-01
4.746000000e-03,1.000000000e+01,1.001679158e+01,4.176034026e+00,1.679158333e-01,-1.679158333e-01
4.748000000e-03,1.000000000e+01,1.001559096e+01,3.852153622e+00,1.559095635e-01,-1.559095636e-01
4.750000000e-03,1.000000000e+01,1.001432825e+01,3.552910779e+00,1.432825285e-01,-1.432825285e-01
4.752000000e-03,1.000000000e+01,1.001300837e+01,3.279464900e+00,1.300836926e-01,-1.300836926e-01
4.754000000e-03,1.000000000e+01,1.001163691e+01,3.032970438e+00,1.163691183e-01,-1.163691183e-01
4.756000000e-03,1.000000000e+01,1.001021922e+01,2.814372314e+00,1.021921625e-01,-1.021921625e-01
4.758000000e-03,1.000000000e+01,1.000876096e+01,2.624538679e+00,8.760958271e-02,-8.760958273e-02
4.760000000e-03,1.000000000e+01,1.000726797e+01,2.464222541e+00,7.267974616e-02,-7.267974618e-02
4.762000000e-03,1.000000000e+01,1.000574624e+01,2.334058776e+00,5.746239651e-02,-5.746239653e-02
4.764000000e-03,1.000000000e+01,1.000420184e+01,2.234561614e+00,4.201841461e-02,-4.201841463e-02
4.766000000e-03,1.000000000e+01,1.000264096e+01,2.166122610e+00,2.640957499e-02,-2.640957501e-02
4.768000000e-03,1.000000000e+01,1.000106983e+01,2.129009101e+00,1.069829876e-02,-1.069829878e-02
4.770000000e-03,1.000000000e+01,9.999494740e+00,2.123363164e+00,-5.052596040e-03,5.052596020e-03
4.772000000e-03,1.000000000e+01,9.997921985e+00,2.149201071e+00,-2.078014555e-02,2.078014553e-02
4.774000000e-03,1.000000000e+01,9.996357851e+00,2.206413253e+00,-3.642149183e-02,3.642149181e-02
4.776000000e-03,1.000000000e+01,9.994808587e+00,2.294764758e+00,-5.191413406e-02,5.191413404e-02
4.778000000e-03,1.000000000e+01,9.993280382e+00,2.413896221e+00,-6.719617829e-02,6.719617827e-02
4.780000000e-03,1.000000000e+01,9.991779342e+00,2.563325320e+00,-8.220658470e-02,8.220658468e-02
4.782000000e-03,1.000000000e+01,9.990311459e+00,2.742448732e+00,-9.688541140e-02,9.688541138e-02
4.784000000e-03,1.000000000e+01,9.988882595e+00,2.950544565e+00,-1.111740538e-01,1.111740538e-01
4.786000000e-03,1.000000000e+01,9.987498452e+00,3.186775271e+00,-1.250154787e-01,1.250154786e-01
4.788000000e-03,1.000000000e+01,9.986164555e+00,3.450191015e+00,-1.383544516e-01,1.383544515e-01
4.790000000e-03,1.000000000e+01,9.984886224e+00,3.739733495e+00,-1.511377574e-01,1.511377574e-01
4.792000000e-03,1.000000000e+01,9.983668559e+00,4.054240191e+00,-1.633144129e-01,1.633144129e-01
4.794000000e-03,1.000000000e+01,9.982516413e+00,4.392449035e+00,-1.748358695e-01,1.748358695e-01
4.796000000e-03,1.000000000e+01,9.981434379e+00,4.753003475e+00,-1.856562073e-01,1.856562073e-01
4.798000000e-03,1.000000000e+01,9.980426768e+00,5.134457914e+00,-1.957323180e-01,1.957323180e-01
4.800000000e-03,1.000000000e+01,9.979497592e+00,5.535283508e+00,-2.050240764e-01,2.050240763e-01
4.802000000e-03,1.000000000e+01,9.978650550e+00,5.953874295e+00,-2.134945004e-01,2.134945004e-01
4.804000000e-03,1.000000000e+01,9.977889010e+00,6.388553624e+00,-2.211098983e-01,2.211098982e-01
4.806000000e-03,1.000000000e+01,9.977216000e+00,6.837580876e+00,-2.278400025e-01,2.278400024e-01
4.808000000e-03,1.000000000e+01,9.976634191e+00,7.299158430e+00,-2.336580900e-01,2.336580900e-01
4.810000000e-03,1.000000000e+01,9.976145891e+00,7.771438863e+00,-2.385410885e-01,2.385410885e-01
4.812000000e-03,1.000000000e+01,9.975753033e+00,8.252532341e+00,-2.424696678e-01,2.424696678e-01
4.814000000e-03,1.000000000e+01,9.975457168e+00,8.740514183e+00,-2.454283163e-01,2.454283163e-01
4.816000000e-03,1.000000000e+01,9.975259460e+00,9.233432561e+00,-2.474054024e-01,2.474054024e-01
4.818000000e-03,1.000000000e+01,9.975160678e+00,9.729316306e+00,-2.483932201e-01,2.483932201e-01
4.820000000e-03,1.000000000e+01,9.975161198e+00,1.022618279e+01,-2.483880188e-01,2.483880188e-01
4.822000000e-03,1.000000000e+01,9.975260998e+00,1.072204585e+01,-2.473900181e-01,2.473900180e-01
4.824000000e-03,1.000000000e+01,9.975459659e+00,1.121492374e+01,-2.454034053e-01,2.454034053e-01
4.826000000e-03,1.000000000e+01,9.975756368e+00,1.170284704e+01,-2.424363188e-01,2.424363188e-01
4.828000000e-03,1.000000000e+01,9.976149919e+00,1.218386652e+01,-2.385008139e-01,2.385008139e-01
4.830000000e-03,1.000000000e+01,9.976638719e+00,1.265606093e+01,-2.336128145e-01,2.336128145e-01
4.832000000e-03,1.000000000e+01,9.977220795e+00,1.311754469e+01,-2.277920483e-01,2.277920483e-01
4.834000000e-03,1.000000000e+01,9.977893803e+00,1.356647542e+01,-2.210619673e-01,2.210619673e-01
4.836000000e-03,1.000000000e+01,9.978655035e+00,1.400106124e+01,-2.134496532e-01,2.134496532e-01
4.838000000e-03,1.000000000e+01,9.979501429e+00,1.441956801e+01,-2.049857089e-01,2.049857089e-01
4.840000000e-03,1.000000000e+01,9.980429587e+00,1.482032618e+01,-1.957041347e-01,1.957041347e-01
4.842000000e-03,1.000000000e+01,9.981435781e+00,1.520173747e+01,-1.856421924e-01,1.856421924e-01
4.844000000e-03,1.000000000e+01,9.982515974e+00,1.556228127e+01,-1.748402554e-01,1.748402554e-01
4.846000000e-03,1.000000000e+01,9.983665835e+00,1.590052067e+01,-1.633416468e-01,1.633416468e-01
4.848000000e-03,1.000000000e+01,9.984880753e+00,1.621510819e+01,-1.511924656e-01,1.511924656e-01
4.850000000e-03,1.000000000e+01,9.986155860e+00,1.650479116e+01,-1.384414018e-01,1.384414018e-01
4.852000000e-03,1.000000000e+01,9.987486046e+00,1.676841671e+01,-1.251395414e-01,1.251395414e-01
4.854000000e-03,1.000000000e+01,9.988865984e+00,1.700493635e+01,-1.113401620e-01,1.113401619e-01
4.856000000e-03,1.000000000e+01,9.990290148e+00,1.721341014e+01,-9.709851860e-02,9.709851858e-02
4.858000000e-03,1.000000000e+01,9.991752838e+00,1.739301041e+01,-8.247162327e-02,8.247162325e-02
4.860000000e-03,1.000000000e+01,9.993248198e+00,1.754302509e+01,-6.751801638e-02,6.751801636e-02
4.862000000e-03,1.000000000e+01,9.994770247e+00,1.766286049e+01,-5.229753243e-02,5.229753241e-02
4.864000000e-03,1.000000000e+01,9.996312894e+00,1.775204366e+01,-3.687106069e-02,3.687106067e-02
4.866000000e-03,1.000000000e+01,9.997869970e+00,1.781022428e+01,-2.130030158e-02,2.130030156e-02
4.868000000e-03,1.000000000e+01,9.999435248e+00,1.783717600e+01,-5.647519862e-03,5.647519842e-03
4.870000000e-03,1.000000000e+01,1.000100247e+01,1.783279733e+01,1.002470428e-02,-1.002470430e-02
4.872000000e-03,1.000000000e+01,1.000256537e+01,1.779711205e+01,2.565372548e-02,-2.565372550e-02
4.874000000e-03,1.000000000e+01,1.000411771e+01,1.773026905e+01,4.117708358e-02,-4.117708360e-02
4.876000000e-03,1.000000000e+01,1.000565328e+01,1.763254173e+01,5.653275325e-02,-5.653275327e-02
4.878000000e-03,1.000000000e+01,1.000716594e+01,1.750432689e+01,7.165939181e-02,-7.165939183e-02
4.880000000e-03,1.000000000e+01,1.000864966e+01,1.734614308e+01,8.649658428e-02,-8.649658430e-02
4.882000000e-03,1.000000000e+01,1.001009851e+01,1.715862856e+01,1.009850847e-01,-1.009850847e-01
4.884000000e-03,1.000000000e+01,1.001150671e+01,1.694253870e+01,1.150670526e-01,-1.150670526e-01
4.886000000e-03,1.000000000e+01,1.001286863e+01,1.669874290e+01,1.286862840e-01,-1.286862840e-01
4.888000000e-03,1.000000000e+01,1.001417884e+01,1.642822116e+01,1.417884358e-01,-1.417884358e-01
4.890000000e-03,1.000000000e+01,1.001543212e+01,1.613206008e+01,1.543212424e-01,-1.543212424e-01
4.892000000e-03,1.000000000e+01,1.001662347e+01,1.581144856e+01,1.662347244e-01,-1.662347244e-01
4.894000000e-03,1.000000000e+01,1.001774814e+01,1.546767294e+01,1.774813877e-01,-1.774813877e-01
4.896000000e-03,1.000000000e+01,1.001880164e+01,1.510211193e+01,1.880164132e-01,-1.880164132e-01
4.898000000e-03,1.000000000e+01,1.001977978e+01,1.471623102e+01,1.977978348e-01,-1.977978348e-01
4.900000000e-03,1.000000000e+01,1.002067867e+01,1.431157664e+01,2.067867073e-01,-2.067867073e-01
4.902000000e-03,1.000000000e+01,1.002149473e+01,1.388976992e+01,2.149472608e-01,-2.149472609e-01
4.904000000e-03,1.000000000e+01,1.002222470e+01,1.345250026e+01,2.222470436e-01,-2.222470436e-01
4.906000000e-03,1.000000000e+01,1.002286571e+01,1.300151849e+01,2.286570506e-01,-2.286570506e-01
4.908000000e-03,1.000000000e+01,1.002341518e+01,1.253862993e+01,2.341518393e-01,-2.341518393e-01
4.910000000e-03,1.000000000e+01,1.002387096e+01,1.206568711e+01,2.387096301e-01,-2.387096301e-01
4.912000000e-03,1.000000000e+01,1.002423124e+01,1.158458238e+01,2.423123930e-01,-2.423123930e-01
4.914000000e-03,1.000000000e+01,1.002449459e+01,1.109724033e+01,2.449459190e-01,-2.449459190e-01
4.916000000e-03,1.000000000e+01,1.002465999e+01,1.060561011e+01,2.465998757e-01,-2.465998757e-01
4.918000000e-03,1.000000000e+01,1.002472678e+01,1.011165761e+01,2.472678483e-01,-2.472678483e-01
4.920000000e-03,1.000000000e+01,1.002469474e+01,9.617357612e+00,2.469473639e-01,-2.469473640e-01
4.922000000e-03,1.000000000e+01,1.002456399e+01,9.124685883e+00,2.456399015e-01,-2.456399015e-01
4.924000000e-03,1.000000000e+01,1.002433509e+01,8.635611296e+00,2.433508841e-01,-2.433508841e-01
4.926000000e-03,1.000000000e+01,1.002400897e+01,8.152087951e+00,2.400896572e-01,-2.400896572e-01
4.928000000e-03,1.000000000e+01,1.002358695e+01,7.676047368e+00,2.358694504e-01,-2.358694505e-01
4.930000000e-03,1.000000000e+01,1.002307073e+01,7.209390772e+00,2.307073235e-01,-2.307073236e-01
4.932000000e-03,1.000000000e+01,1.002246241e+01,6.753981502e+00,2.246240978e-01,-2.246240978e-01
4.934000000e-03,1.000000000e+01,1.002176443e+01,6.311637567e+00,2.176442720e-01,-2.176442720e-01
4.936000000e-03,1.000000000e+01,1.002097959e+01,5.884124391e+00,2.097959235e-01,-2.097959235e-01
4.938000000e-03,1.000000000e+01,1.002011106e+01,5.473147767e+00,2.011105958e-01,-2.011105958e-01
4.940000000e-03,1.000000000e+01,1.001916232e+01,5.080347051e+00,1.916231713e-01,-1.916231713e-01
4.942000000e-03,1.000000000e+01,1.001813717e+01,4.707288622e+00,1.813717314e-01,-1.813717314e-01
4.944000000e-03,1.000000000e+01,1.001703974e+01,4.355459637e+00,1.703974036e-01,-1.703974036e-01
4.946000000e-03,1.000000000e+01,1.001587442e+01,4.026262101e+00,1.587441966e-01,-1.587441966e-01
4.948000000e-03,1.000000000e+01,1.001464588e+01,3.721007282e+00,1.464588237e-01,-1.464588238e-01
4.950000000e-03,1.000000000e+01,1.001335905e+01,3.440910487e+00,1.335905158e-01,-1.335905159e-01
4.952000000e-03,1.000000000e+01,1.001201908e+01,3.187086224e+00,1.201908237e-01,-1.201908238e-01
4.954000000e-03,1.000000000e+01,1.001063134e+01,2.960543768e+00,1.063134119e-01,-1.063134120e-01
4.956000000e-03,1.000000000e+01,1.000920138e+01,2.762183147e+00,9.201384365e-02,-9.201384367e-02
4.958000000e-03,1.000000000e+01,1.000773494e+01,2.592791567e+00,7.734935831e-02,-7.734935833e-02
4.960000000e-03,1.000000000e+01,1.000623786e+01,2.453040287e+00,6.237864248e-02,-6.237864250e-02
4.962000000e-03,1.000000000e+01,1.000471616e+01,2.343481962e+00,4.716159496e-02,-4.716159498e-02
4.964000000e-03,1.000000000e+01,1.000317591e+01,2.264548456e+00,3.175908717e-02,-3.175908719e-02
4.966000000e-03,1.000000000e+01,1.000162327e+01,2.216549137e+00,1.623271964e-02,-1.623271966e-02
4.968000000e-03,1.000000000e+01,1.000006446e+01,2.199669672e+00,6.445756282e-04,-6.445756482e-04
4.970000000e-03,1.000000000e+01,9.998505697e+00,2.213971304e+00,-1.494302710e-02,1.494302708e-02
4.972000000e-03,1.000000000e+01,9.996953221e+00,2.259390632e+00,-3.046778540e-02,3.046778538e-02
4.974000000e-03,1.000000000e+01,9.995413234e+00,2.335739893e+00,-4.586765977e-02,4.586765975e-02
4.976000000e-03,1.000000000e+01,9.993891888e+00,2.442707736e+00,-6.108112231e-02,6.108112229e-02
4.978000000e-03,1.000000000e+01,9.992395260e+00,2.579860489e+00,-7.604740246e-02,7.604740244e-02
4.980000000e-03,1.000000000e+01,9.990929327e+00,2.746643918e+00,-9.070672983e-02,9.070672981e-02
4.982000000e-03,1.000000000e+01,9.989499943e+00,2.942385469e+00,-1.050005728e-01,1.050005728e-01
4.984000000e-03,1.000000000e+01,9.988112813e+00,3.166296976e+00,-1.188718725e-01,1.188718725e-01
4.986000000e-03,1.000000000e+01,9.986773473e+00,3.417477836e+00,-1.322652700e-01,1.322652700e-01
4.988000000e-03,1.000000000e+01,9.985487267e+00,3.694918633e+00,-1.451273280e-01,1.451273280e-01
4.990000000e-03,1.000000000e+01,9.984259326e+00,3.997505189e+00,-1.574067433e-01,1.574067433e-01
4.992000000e-03,1.000000000e+01,9.983094545e+00,4.324023046e+00,-1.690545520e-01,1.690545520e-01
4.994000000e-03,1.000000000e+01,9.981997568e+00,4.673162334e+00,-1.800243245e-01,1.800243245e-01
4.996000000e-03,1.000000000e+01,9.980972645e+00,5.043569043e+00,-1.902735531e-01,1.902735531e-01
4.998000000e-03,1.000000000e+01,9.980024108e+00,5.433668886e+00,-1.997589211e-01,1.997589210e-01
5.000000000e-03,1.000000000e+01,9.979155604e+00,5.841942218e+00,-2.084439607e-01,2.084439606e-01
5.002000000e-03,1.000000000e+01,9.978370588e+00,6.266753545e+00,-2.162941181e-01,2.162941181e-01
5.004000000e-03,1.000000000e+01,9.977672182e+00,6.706401600e+00,-2.232781834e-01,2.232781834e-01
5.006000000e-03,1.000000000e+01,9.977063159e+00,7.159126154e+00,-2.293684147e-01,2.293684147e-01
5.008000000e-03,1.000000000e+01,9.976545935e+00,7.623115062e+00,-2.345406483e-01,2.345406483e-01
5.010000000e-03,1.000000000e+01,9.976122561e+00,8.096511520e+00,-2.387743945e-01,2.387743945e-01
5.012000000e-03,1.000000000e+01,9.975794708e+00,8.577421493e+00,-2.420529189e-01,2.420529188e-01
5.014000000e-03,1.000000000e+01,9.975563669e+00,9.063921294e+00,-2.443633081e-01,2.443633081e-01
5.016000000e-03,1.000000000e+01,9.975430348e+00,9.554065277e+00,-2.456965215e-01,2.456965215e-01
5.018000000e-03,1.000000000e+01,9.975395257e+00,1.004589362e+01,-2.460474255e-01,2.460474255e-01
5.020000000e-03,1.000000000e+01,9.975458519e+00,1.053744016e+01,-2.454148140e-01,2.454148140e-01
5.022000000e-03,1.000000000e+01,9.975619859e+00,1.102674026e+01,-2.438014124e-01,2.438014124e-01
5.024000000e-03,1.000000000e+01,9.975878613e+00,1.151183864e+01,-2.412138654e-01,2.412138654e-01
5.026000000e-03,1.000000000e+01,9.976233729e+00,1.199079723e+01,-2.376627104e-01,2.376627103e-01
5.028000000e-03,1.000000000e+01,9.976683767e+00,1.246170285e+01,-2.331623337e-01,2.331623337e-01
5.030000000e-03,1.000000000e+01,9.977226909e+00,1.292267493e+01,-2.277309133e-01,2.277309133e-01
5.032000000e-03,1.000000000e+01,9.977860966e+00,1.337187296e+01,-2.213903446e-01,2.213903446e-01
5.034000000e-03,1.000000000e+01,9.978583385e+00,1.380750386e+01,-2.141661525e-01,2.141661524e-01
5.036000000e-03,1.000000000e+01,9.979391261e+00,1.422782914e+01,-2.060873885e-01,2.060873885e-01
5.038000000e-03,1.000000000e+01,9.980281349e+00,1.463117183e+01,-1.971865143e-01,1.971865143e-01
5.040000000e-03,1.000000000e+01,9.981250073e+00,1.501592317e+01,-1.874992709e-01,1.874992709e-01
5.042000000e-03,1.000000000e+01,9.982293546e+00,1.538054905e+01,-1.770645351e-01,1.770645351e-01
5.044000000e-03,1.000000000e+01,9.983407584e+00,1.572359608e+01,-1.659241639e-01,1.659241639e-01
5.046000000e-03,1.000000000e+01,9.984587864e+00,1.604373499e+01,-1.541213607e-01,1.541213607e-01
5.048000000e-03,1.000000000e+01,9.985829371e+00,1.633961282e+01,-1.417062864e-01,1.417062864e-01
5.050000000e-03,1.000000000e+01,9.987127270e+00,1.661009220e+01,-1.287272987e-01,1.287272987e-01
5.052000000e-03,1.000000000e+01,9.988476361e+00,1.685409712e+01,-1.152363872e-01,1.152363871e-01
5.054000000e-03,1.000000000e+01,9.989871242e+00,1.707065759e+01,-1.012875769e-01,1.012875769e-01
5.056000000e-03,1.000000000e+01,9.991306329e+00,1.725891351e+01,-8.693671257e-02,8.693671255e-02
5.058000000e-03,1.000000000e+01,9.992775877e+00,1.741811809e+01,-7.224123460e-02,7.224123458e-02
5.060000000e-03,1.000000000e+01,9.994274005e+00,1.754764079e+01,-5.725994937e-02,5.725994935e-02
5.062000000e-03,1.000000000e+01,9.995794721e+00,1.764696987e+01,-4.205279387e-02,4.205279385e-02
5.064000000e-03,1.000000000e+01,9.997331940e+00,1.771571434e+01,-2.668059586e-02,2.668059584e-02
5.066000000e-03,1.000000000e+01,9.998879517e+00,1.775360554e+01,-1.120483065e-02,1.120483063e-02
5.068000000e-03,1.000000000e+01,1.000043126e+01,1.776049821e+01,4.312624824e-03,-4.312624844e-03
5.070000000e-03,1.000000000e+01,1.000198097e+01,1.773637098e+01,1.980973934e-02,-1.980973936e-02
5.072000000e-03,1.000000000e+01,1.000352246e+01,1.768132651e+01,3.522457541e-02,-3.522457543e-02
5.074000000e-03,1.000000000e+01,1.000504955e+01,1.759559097e+01,5.049553677e-02,-5.049553679e-02
5.076000000e-03,1.000000000e+01,1.000655616e+01,1.747951320e+01,6.556161456e-02,-6.556161458e-02
5.078000000e-03,1.000000000e+01,1.000803626e+01,1.733356323e+01,8.036263104e-02,-8.036263106e-02
5.080000000e-03,1.000000000e+01,1.000948395e+01,1.715833038e+01,9.483947992e-02,-9.483947994e-02
5.082000000e-03,1.000000000e+01,1.001089344e+01,1.695452091e+01,1.089343625e-01,-1.089343625e-01
5.084000000e-03,1.000000000e+01,1.001225910e+01,1.672295517e+01,1.225910182e-01,-1.225910182e-01
5.086000000e-03,1.000000000e+01,1.001357549e+01,1.646456426e+01,1.357549493e-01,-1.357549494e-01
5.088000000e-03,1.000000000e+01,1.001483736e+01,1.618038633e+01,1.483736387e-01,-1.483736387e-01
5.090000000e-03,1.000000000e+01,1.001603968e+01,1.587156239e+01,1.603967587e-01,-1.603967587e-01
5.092000000e-03,1.000000000e+01,1.001717764e+01,1.553933172e+01,1.717763723e-01,-1.717763723e-01
5.094000000e-03,1.000000000e+01,1.001824671e+01,1.518502694e+01,1.824671242e-01,-1.824671242e-01
5.096000000e-03,1.000000000e+01,1.001924264e+01,1.481006860e+01,1.924264215e-01,-1.924264216e-01
5.098000000e-03,1.000000000e+01,1.002016146e+01,1.441595954e+01,2.016146035e-01,-2.016146036e-01
5.100000000e-03,1.000000000e+01,1.002099951e+01,1.400427881e+01,2.099950995e-01,-2.099950995e-01
5.102000000e-03,1.000000000e+01,1.002175346e+01,1.357667543e+01,2.175345743e-01,-2.175345743e-01
5.104000000e-03,1.000000000e+01,1.002242031e+01,1.313486168e+01,2.242030611e-01,-2.242030611e-01
5.106000000e-03,1.000000000e+01,1.002299741e+01,1.268060633e+01,2.299740803e-01,-2.299740804e-01
5.108000000e-03,1.000000000e+01,1.002348247e+01,1.221572753e+01,2.348247448e-01,-2.348247449e-01
5.110000000e-03,1.000000000e+01,1.002387359e+01,1.174208549e+01,2.387358507e-01,-2.387358507e-01
5.112000000e-03,1.000000000e+01,1.002416920e+01,1.126157511e+01,2.416919533e-01,-2.416919533e-01
5.114000000e-03,1.000000000e+01,1.002436814e+01,1.077611835e+01,2.436814281e-01,-2.436814281e-01
5.116000000e-03,1.000000000e+01,1.002446965e+01,1.028765655e+01,2.446965166e-01,-2.446965166e-01
5.118000000e-03,1.000000000e+01,1.002447334e+01,9.798142693e+00,2.447333564e-01,-2.447333564e-01
5.120000000e-03,1.000000000e+01,1.002437920e+01,9.309533557e+00,2.437919958e-01,-2.437919958e-01
5.122000000e-03,1.000000000e+01,1.002418764e+01,8.823781919e+00,2.418763932e-01,-2.418763932e-01
5.124000000e-03,1.000000000e+01,1.002389944e+01,8.342828746e+00,2.389943999e-01,-2.389943999e-01
5.126000000e-03,1.000000000e+01,1.002351572e+01,7.868538339e+00,2.351572123e-01,-2.351572123e-01
5.128000000e-03,1.000000000e+01,1.002303813e+01,7.402920189e+00,2.303812759e-01,-2.303812759e-01
5.130000000e-03,1.000000000e+01,1.002246855e+01,6.947775625e+00,2.246854667e-01,-2.246854667e-01
5.132000000e-03,1.000000000e+01,1.002180927e+01,6.504921753e+00,2.180927345e-01,-2.180927346e-01
5.134000000e-03,1.000000000e+01,1.002106296e+01,6.076126190e+00,2.106296099e-01,-2.106296099e-01
5.136000000e-03,1.000000000e+01,1.002023261e+01,5.663100009e+00,2.023260967e-01,-2.023260968e-01
5.138000000e-03,1.000000000e+01,1.001932156e+01,5.267490912e+00,1.932155521e-01,-1.932155521e-01
5.140000000e-03,1.000000000e+01,1.001833346e+01,4.890876655e+00,1.833345519e-01,-1.833345519e-01
5.142000000e-03,1.000000000e+01,1.001727227e+01,4.534758756e+00,1.727227444e-01,-1.727227444e-01
5.144000000e-03,1.000000000e+01,1.001614227e+01,4.200556509e+00,1.614226909e-01,-1.614226909e-01
5.146000000e-03,1.000000000e+01,1.001494780e+01,3.889560374e+00,1.494780277e-01,-1.494780277e-01
5.148000000e-03,1.000000000e+01,1.001369399e+01,3.603093907e+00,1.369398758e-01,-1.369398758e-01
5.150000000e-03,1.000000000e+01,1.001238553e+01,3.342222781e+00,1.238552719e-01,-1.238552719e-01
5.152000000e-03,1.000000000e+01,1.001102781e+01,3.108021240e+00,1.102781181e-01,-1.102781181e-01
5.154000000e-03,1.000000000e+01,1.000962645e+01,2.901443818e+00,9.626451510e-02,-9.626451512e-02
5.156000000e-03,1.000000000e+01,1.000818689e+01,2.723280459e+00,8.186894802e-02,-8.186894804e-02
5.158000000e-03,1.000000000e+01,1.000671490e+01,2.574237594e+00,6.714903198e-02,-6.714903200e-02
5.160000000e-03,1.000000000e+01,1.000521637e+01,2.454905120e+00,5.216366697e-02,-5.216366699e-02
5.162000000e-03,1.000000000e+01,1.000369728e+01,2.365754064e+00,3.697280221e-02,-3.697280223e-02
5.164000000e-03,1.000000000e+01,1.000216372e+01,2.307134723e+00,2.163719628e-02,-2.163719630e-02
5.166000000e-03,1.000000000e+01,1.000062182e+01,2.279275291e+00,6.218174172e-03,-6.218174192e-03
5.168000000e-03,1.000000000e+01,9.999077738e+00,2.282280970e+00,-9.222618008e-03,9.222617988e-03
5.170000000e-03,1.000000000e+01,9.997537654e+00,2.316133573e+00,-2.462345945e-02,2.462345943e-02
5.172000000e-03,1.000000000e+01,9.996007720e+00,2.380691622e+00,-3.992280138e-02,3.992280136e-02
5.174000000e-03,1.000000000e+01,9.994494049e+00,2.475690940e+00,-5.505951302e-02,5.505951300e-02
5.176000000e-03,1.000000000e+01,9.993002687e+00,2.600745729e+00,-6.997312584e-02,6.997312582e-02
5.178000000e-03,1.000000000e+01,9.991539592e+00,2.755350136e+00,-8.460407514e-02,8.460407512e-02
5.180000000e-03,1.000000000e+01,9.990110606e+00,2.938880302e+00,-9.889393792e-02,9.889393790e-02
5.182000000e-03,1.000000000e+01,9.988721433e+00,3.150596877e+00,-1.127856662e-01,1.127856662e-01
5.184000000e-03,1.000000000e+01,9.987377619e+00,3.389647997e+00,-1.262238147e-01,1.262238147e-01
5.186000000e-03,1.000000000e+01,9.986084524e+00,3.655072713e+00,-1.391547622e-01,1.391547622e-01
5.188000000e-03,1.000000000e+01,9.984847307e+00,3.945804857e+00,-1.515269255e-01,1.515269254e-01
5.190000000e-03,1.000000000e+01,9.983670903e+00,4.260677317e+00,-1.632909651e-01,1.632909651e-01
5.192000000e-03,1.000000000e+01,9.982560002e+00,4.598426727e+00,-1.743999821e-01,1.743999820e-01
5.194000000e-03,1.000000000e+01,9.981519030e+00,4.957698538e+00,-1.848097050e-01,1.848097050e-01
5.196000000e-03,1.000000000e+01,9.980552133e+00,5.337052443e+00,-1.944786663e-01,1.944786663e-01
5.198000000e-03,1.000000000e+01,9.979663163e+00,5.734968160e+00,-2.033683676e-01,2.033683676e-01
5.200000000e-03,1.000000000e+01,9.978855657e+00,6.149851516e+00,-2.114434328e-01,2.114434327e-01
5.202000000e-03,1.000000000e+01,9.978132825e+00,6.580040839e+00,-2.186717489e-01,2.186717489e-01
5.204000000e-03,1.000000000e+01,9.977497541e+00,7.023813614e+00,-2.250245941e-01,2.250245940e-01
5.206000000e-03,1.000000000e+01,9.976952325e+00,7.479393375e+00,-2.304767511e-01,2.304767511e-01
5.208000000e-03,1.000000000e+01,9.976499339e+00,7.944956819e+00,-2.350066080e-01,2.350066080e-01
5.210000000e-03,1.000000000e+01,9.976140376e+00,8.418641105e+00,-2.385962436e-01,2.385962435e-01
5.212000000e-03,1.000000000e+01,9.975876850e+00,8.898551306e+00,-2.412314981e-01,2.412314981e-01
5.214000000e-03,1.000000000e+01,9.975709797e+00,9.382767986e+00,-2.429020295e-01,2.429020295e-01
5.216000000e-03,1.000000000e+01,9.975639865e+00,9.869354882e+00,-2.436013536e-01,2.436013536e-01
5.218000000e-03,1.000000000e+01,9.975667313e+00,1.035636665e+01,-2.433268695e-01,2.433268695e-01
5.220000000e-03,1.000000000e+01,9.975792013e+00,1.084185662e+01,-2.420798690e-01,2.420798690e-01
5.222000000e-03,1.000000000e+01,9.976013447e+00,1.132388462e+01,-2.398655309e-01,2.398655308e-01
5.224000000e-03,1.000000000e+01,9.976330710e+00,1.180052467e+01,-2.366928992e-01,2.366928992e-01
5.226000000e-03,1.000000000e+01,9.976742515e+00,1.226987275e+01,-2.325748467e-01,2.325748466e-01
5.228000000e-03,1.000000000e+01,9.977247198e+00,1.273005433e+01,-2.275280220e-01,2.275280220e-01
5.230000000e-03,1.000000000e+01,9.977842722e+00,1.317923193e+01,-2.215727831e-01,2.215727830e-01
5.232000000e-03,1.000000000e+01,9.978526689e+00,1.361561237e+01,-2.147331144e-01,2.147331144e-01
5.234000000e-03,1.000000000e+01,9.979296347e+00,1.403745403e+01,-2.070365310e-01,2.070365310e-01
5.236000000e-03,1.000000000e+01,9.980148603e+00,1.444307372e+01,-1.985139671e-01,1.985139671e-01
5.238000000e-03,1.000000000e+01,9.981080035e+00,1.483085344e+01,-1.891996526e-01,1.891996526e-01
5.240000000e-03,1.000000000e+01,9.982086903e+00,1.519924680e+01,-1.791309747e-01,1.791309747e-01
5.242000000e-03,1.000000000e+01,9.983165167e+00,1.554678523e+01,-1.683483287e-01,1.683483287e-01
5.244000000e-03,1.000000000e+01,9.984310504e+00,1.587208379e+01,-1.568949553e-01,1.568949553e-01
5.246000000e-03,1.000000000e+01,9.985518323e+00,1.617384672e+01,-1.448167674e-01,1.448167674e-01
5.248000000e-03,1.000000000e+01,9.986783783e+00,1.645087259e+01,-1.321621663e-01,1.321621662e-01
5.250000000e-03,1.000000000e+01,9.988101815e+00,1.670205908e+01,-1.189818473e-01,1.189818473e-01
5.252000000e-03,1.000000000e+01,9.989467140e+00,1.692640738e+01,-1.053285970e-01,1.053285969e-01
5.254000000e-03,1.000000000e+01,9.990874292e+00,1.712302614e+01,-9.125708160e-02,9.125708158e-02
5.256000000e-03,1.000000000e+01,9.992317637e+00,1.729113502e+01,-7.682362833e-02,7.682362831e-02
5.258000000e-03,1.000000000e+01,9.993791400e+00,1.743006779e+01,-6.208599969e-02,6.208599967e-02
5.260000000e-03,1.000000000e+01,9.995289684e+00,1.753927499e+01,-4.710316244e-02,4.710316242e-02
5.262000000e-03,1.000000000e+01,9.996806495e+00,1.761832606e+01,-3.193505164e-02,3.193505162e-02
5.264000000e-03,1.000000000e+01,9.998335767e+00,1.766691107e+01,-1.664233088e-02,1.664233086e-02
5.266000000e-03,1.000000000e+01,9.999871385e+00,1.768484191e+01,-1.286149708e-03,1.286149688e-03
5.268000000e-03,1.000000000e+01,1.000140721e+01,1.767205305e+01,1.407210093e-02,-1.407210095e-02
5.270000000e-03,1.000000000e+01,1.000293710e+01,1.762860175e+01,2.937103407e-02,-2.937103409e-02
5.272000000e-03,1.000000000e+01,1.000445495e+01,1.755466781e+01,4.454951215e-02,-4.454951217e-02
5.274000000e-03,1.000000000e+01,1.000595469e+01,1.745055284e+01,5.954689127e-02,-5.954689129e-02
5.276000000e-03,1.000000000e+01,1.000743033e+01,1.731667903e+01,7.430326350e-02,-7.430326352e-02
5.278000000e-03,1.000000000e+01,1.000887597e+01,1.715358742e+01,8.875969620e-02,-8.875969622e-02
5.280000000e-03,1.000000000e+01,1.001028585e+01,1.696193572e+01,1.028584674e-01,-1.028584674e-01
5.282000000e-03,1.000000000e+01,1.001165433e+01,1.674249567e+01,1.165432961e-01,-1.165432962e-01
5.284000000e-03,1.000000000e+01,1.001297596e+01,1.649614993e+01,1.297595674e-01,-1.297595674e-01
5.286000000e-03,1.000000000e+01,1.001424545e+01,1.622388851e+01,1.424545496e-01,-1.424545497e-01
5.288000000e-03,1.000000000e+01,1.001545776e+01,1.592680482e+01,1.545776057e-01,-1.545776058e-01
5.290000000e-03,1.000000000e+01,1.001660804e+01,1.560609126e+01,1.660803945e-01,-1.660803945e-01
5.292000000e-03,1.000000000e+01,1.001769171e+01,1.526303444e+01,1.769170636e-01,-1.769170636e-01
5.294000000e-03,1.000000000e+01,1.001870444e+01,1.489901002e+01,1.870444324e-01,-1.870444324e-01
5.296000000e-03,1.000000000e+01,1.001964222e+01,1.451547718e+01,1.964221639e-01,-1.964221639e-01
5.298000000e-03,1.000000000e+01,1.002050129e+01,1.411397281e+01,2.050129255e-01,-2.050129255e-01
5.300000000e-03,1.000000000e+01,1.002127825e+01,1.369610529e+01,2.127825376e-01,-2.127825376e-01
5.302000000e-03,1.000000000e+01,1.002197001e+01,1.326354811e+01,2.197001093e-01,-2.197001093e-01
5.304000000e-03,1.000000000e+01,1.002257382e+01,1.281803312e+01,2.257381619e-01,-2.257381619e-01
5.306000000e-03,1.000000000e+01,1.002308727e+01,1.236134363e+01,2.308727371e-01,-2.308727372e-01
5.308000000e-03,1.000000000e+01,1.002350835e+01,1.189530725e+01,2.350834931e-01,-2.350834931e-01
5.310000000e-03,1.000000000e+01,1.002383538e+01,1.142178858e+01,2.383537842e-01,-2.383537842e-01
5.312000000e-03,1.000000000e+01,1.002406707e+01,1.094268176e+01,2.406707273e-01,-2.406707273e-01
5.314000000e-03,1.000000000e+01,1.002420253e+01,1.045990289e+01,2.420252522e-01,-2.420252522e-01
5.316000000e-03,1.000000000e+01,1.002424121e+01,9.975382360e+00,2.424121375e-01,-2.424121375e-01
5.318000000e-03,1.000000000e+01,1.002418300e+01,9.491057126e+00,2.418300304e-01,-2.418300304e-01
5.320000000e-03,1.000000000e+01,1.002402815e+01,9.008862989e+00,2.402814512e-01,-2.402814512e-01
5.322000000e-03,1.000000000e+01,1.002377728e+01,8.530726840e+00,2.377727829e-01,-2.377727829e-01
5.324000000e-03,1.000000000e+01,1.002343142e+01,8.058558966e+00,2.343142447e-01,-2.343142447e-01
5.326000000e-03,1.000000000e+01,1.002299199e+01,7.594245416e+00,2.299198501e-01,-2.299198501e-01
5.328000000e-03,1.000000000e+01,1.002246074e+01,7.139640469e+00,2.246073507e-01,-2.246073507e-01
5.330000000e-03,1.000000000e+01,1.002183982e+01,6.696559226e+00,2.183981639e-01,-2.183981640e-01
5.332000000e-03,1.000000000e+01,1.002113173e+01,6.266770368e+00,2.113172872e-01,-2.113172872e-01
5.334000000e-03,1.000000000e+01,1.002033932e+01,5.851989092e+00,2.033931968e-01,-2.033931968e-01
5.336000000e-03,1.000000000e+01,1.001946566e+01,5.453822927e+00,1.946566318e-01,-1.946566318e-01
5.338000000e-03,1.000000000e+01,1.001851448e+01,5.073956785e+00,1.851447818e-01,-1.851447818e-01
5.340000000e-03,1.000000000e+01,1.001748948e+01,4.713855885e+00,1.748948152e-01,-1.748948152e-01
5.342000000e-03,1.000000000e+01,1.001639478e+01,4.374955587e+00,1.639478486e-01,-1.639478486e-01
5.344000000e-03,1.000000000e+01,1.001523478e+01,4.058606229e+00,1.523477760e-01,-1.523477760e-01
5.346000000e-03,1.000000000e+01,1.001401411e+01,3.766067739e+00,1.401410932e-01,-1.401410933e-01
5.348000000e-03,1.000000000e+01,1.001273767e+01,3.498504625e+00,1.273767115e-01,-1.273767115e-01
5.350000000e-03,1.000000000e+01,1.001141058e+01,3.256981333e+00,1.141057612e-01,-1.141057612e-01
5.352000000e-03,1.000000000e+01,1.001003814e+01,3.042458020e+00,1.003813873e-01,-1.003813873e-01
5.354000000e-03,1.000000000e+01,1.000862585e+01,2.855786728e+00,8.625853641e-02,-8.625853643e-02
5.356000000e-03,1.000000000e+01,1.000717937e+01,2.697708007e+00,7.179373697e-02,-7.179373699e-02
5.358000000e-03,1.000000000e+01,1.000570449e+01,2.568847977e+00,5.704487277e-02,-5.704487279e-02
5.360000000e-03,1.000000000e+01,1.000420710e+01,2.469715843e+00,4.207095146e-02,-4.207095148e-02
5.362000000e-03,1.000000000e+01,1.000269319e+01,2.400701888e+00,2.693186843e-02,-2.693186845e-02
5.364000000e-03,1.000000000e+01,1.000116882e+01,2.362075935e+00,1.168816723e-02,-1.168816725e-02
5.366000000e-03,1.000000000e+01,9.999640080e+00,2.353986295e+00,-3.599202513e-03,3.599202493e-03
5.368000000e-03,1.000000000e+01,9.998113087e+00,2.376459193e+00,-1.886912886e-02,1.886912884e-02
5.370000000e-03,1.000000000e+01,9.996593942e+00,2.429398694e+00,-3.406058178e-02,3.406058176e-02
5.372000000e-03,1.000000000e+01,9.995088714e+00,2.512587107e+00,-4.911285713e-02,4.911285711e-02
5.374000000e-03,1.000000000e+01,9.993603418e+00,2.625685879e+00,-6.396581919e-02,6.396581917e-02
5.376000000e-03,1.000000000e+01,9.992143986e+00,2.768236976e+00,-7.856014090e-02,7.856014088e-02
5.378000000e-03,1.000000000e+01,9.990716246e+00,2.939664734e+00,-9.283754087e-02,9.283754085e-02
5.380000000e-03,1.000000000e+01,9.989325898e+00,3.139278185e+00,-1.067410161e-01,1.067410161e-01
5.382000000e-03,1.000000000e+01,9.987978493e+00,3.366273843e+00,-1.202150695e-01,1.202150695e-01
5.384000000e-03,1.000000000e+01,9.986679407e+00,3.619738935e+00,-1.332059315e-01,1.332059315e-01
5.386000000e-03,1.000000000e+01,9.985433823e+00,3.898655073e+00,-1.456617747e-01,1.456617746e-01
5.388000000e-03,1.000000000e+01,9.984246708e+00,4.201902348e+00,-1.575329203e-01,1.575329202e-01
5.390000000e-03,1.000000000e+01,9.983122796e+00,4.528263820e+00,-1.687720366e-01,1.687720365e-01
5.392000000e-03,1.000000000e+01,9.982066567e+00,4.876430410e+00,-1.793343276e-01,1.793343275e-01
5.394000000e-03,1.000000000e+01,9.981082229e+00,5.245006142e+00,-1.891777114e-01,1.891777113e-01
5.396000000e-03,1.000000000e+01,9.980173701e+00,5.632513747e+00,-1.982629880e-01,1.982629880e-01
5.398000000e-03,1.000000000e+01,9.979344600e+00,6.037400581e+00,-2.065539955e-01,2.065539955e-01
5.400000000e-03,1.000000000e+01,9.978598225e+00,6.458044846e+00,-2.140177538e-01,2.140177538e-01
5.402000000e-03,1.000000000e+01,9.977937540e+00,6.892762086e+00,-2.206245959e-01,2.206245958e-01
5.404000000e-03,1.000000000e+01,9.977365171e+00,7.339811932e+00,-2.263482857e-01,2.263482857e-01
5.406000000e-03,1.000000000e+01,9.976883388e+00,7.797405072e+00,-2.311661225e-01,2.311661224e-01
5.408000000e-03,1.000000000e+01,9.976494097e+00,8.263710408e+00,-2.350590306e-01,2.350590306e-01
5.410000000e-03,1.000000000e+01,9.976198836e+00,8.736862387e+00,-2.380116353e-01,2.380116352e-01
5.412000000e-03,1.000000000e+01,9.975998768e+00,9.214968465e+00,-2.400123230e-01,2.400123230e-01
5.414000000e-03,1.000000000e+01,9.975894671e+00,9.696116672e+00,-2.410532874e-01,2.410532874e-01
5.416000000e-03,1.000000000e+01,9.975886944e+00,1.017838326e+01,-2.411305599e-01,2.411305599e-01
5.418000000e-03,1.000000000e+01,9.975975598e+00,1.065984041e+01,-2.402440243e-01,2.402440242e-01
5.420000000e-03,1.000000000e+01,9.976160258e+00,1.113856389e+01,-2.383974167e-01,2.383974167e-01
5.422000000e-03,1.000000000e+01,9.976440169e+00,1.161264082e+01,-2.355983101e-01,2.355983101e-01
5.424000000e-03,1.000000000e+01,9.976814192e+00,1.208017726e+01,-2.318580829e-01,2.318580829e-01
5.426000000e-03,1.000000000e+01,9.977280813e+00,1.253930577e+01,-2.271918730e-01,2.271918730e-01
5.428000000e-03,1.000000000e+01,9.977838148e+00,1.298819291e+01,-2.216185162e-01,2.216185162e-01
5.430000000e-03,1.000000000e+01,9.978483953e+00,1.342504654e+01,-2.151604705e-01,2.151604705e-01
5.432000000e-03,1.000000000e+01,9.979215627e+00,1.384812298e+01,-2.078437256e-01,2.078437256e-01
5.434000000e-03,1.000000000e+01,9.980030230e+00,1.425573396e+01,-1.996976980e-01,1.996976980e-01
5.436000000e-03,1.000000000e+01,9.980924489e+00,1.464625335e+01,-1.907551130e-01,1.907551130e-01
5.438000000e-03,1.000000000e+01,9.981894813e+00,1.501812369e+01,-1.810518733e-01,1.810518733e-01
5.440000000e-03,1.000000000e+01,9.982937309e+00,1.536986233e+01,-1.706269145e-01,1.706269145e-01
5.442000000e-03,1.000000000e+01,9.984047795e+00,1.570006743e+01,-1.595220493e-01,1.595220493e-01
5.444000000e-03,1.000000065e+01,9.985221561e+00,1.600740918e+01,-1.477831898e-01,1.477831358e-01
5.446000000e-03,9.999999351e+00,9.986454450e+00,1.629064907e+01,-1.354566996e-01,1.354567536e-01
5.448000000e-03,1.000000065e+01,9.987740715e+00,1.654869742e+01,-1.225916562e-01,1.225916022e-01
5.450000000e-03,1.000000000e+01,9.989076315e+00,1.678056504e+01,-1.092368550e-01,1.092368550e-01
5.452000000e-03,1.000000000e+01,9.990455184e+00,1.698528453e+01,-9.544816179e-02,9.544816177e-02
5.454000000e-03,1.000000000e+01,9.991871928e+00,1.716204308e+01,-8.128072248e-02,8.128072246e-02
5.456000000e-03,1.000000000e+01,9.993320876e+00,1.731013978e+01,-6.679123970e-02,6.679123968e-02
5.458000000e-03,1.000000000e+01,9.994796231e+00,1.742898841e+01,-5.203769196e-02,5.203769194e-02
5.460000000e-03,1.000000000e+01,9.996292090e+00,1.751811980e+01,-3.707910161e-02,3.707910159e-02
5.462000000e-03,1.000000000e+01,9.997802470e+00,1.757718363e+01,-2.197529877e-02,2.197529875e-02
5.464000000e-03,1.000000000e+01,9.999321332e+00,1.760594984e+01,-6.786681999e-03,6.786681979e-03
5.466000000e-03,1.000000000e+01,1.000084260e+01,1.760430951e+01,8.426023234e-03,-8.426023254e-03
5.468000000e-03,1.000000000e+01,1.000236020e+01,1.757227528e+01,2.360200732e-02,-2.360200734e-02
5.470000000e-03,1.000000000e+01,1.000386806e+01,1.750998126e+01,3.868061958e-02,-3.868061960e-02
5.472000000e-03,1.000000000e+01,1.000536016e+01,1.741768250e+01,5.360161066e-02,-5.360161068e-02
5.474000000e-03,1.000000000e+01,1.000683054e+01,1.729575391e+01,6.830537327e-02,-6.830537329e-02
5.476000000e-03,1.000000000e+01,1.000827332e+01,1.714468877e+01,8.273318029e-02,-8.273318031e-02
5.478000000e-03,1.000000000e+01,1.000968274e+01,1.696509670e+01,9.682741933e-02,-9.682741935e-02
5.480000000e-03,1.000000000e+01,1.001105318e+01,1.675770124e+01,1.105318228e-01,-1.105318228e-01
5.482000000e-03,1.000000000e+01,1.001237917e+01,1.652333689e+01,1.237916925e-01,-1.237916926e-01
5.484000000e-03,1.000000000e+01,1.001365541e+01,1.626294581e+01,1.365541181e-01,-1.365541181e-01
5.486000000e-03,1.000000000e+01,1.001487682e+01,1.597757398e+01,1.487681878e-01,-1.487681878e-01
5.488000000e-03,1.000000000e+01,1.001603852e+01,1.566836701e+01,1.603851920e-01,-1.603851921e-01
5.490000000e-03,1.000000000e+01,1.001713588e+01,1.533656556e+01,1.713588174e-01,-1.713588174e-01
5.492000000e-03,1.000000000e+01,1.001816453e+01,1.498350036e+01,1.816453312e-01,-1.816453312e-01
5.494000000e-03,1.000000000e+01,1.001912038e+01,1.461058685e+01,1.912037560e-01,-1.912037560e-01
5.496000000e-03,1.000000000e+01,1.001999960e+01,1.421931952e+01,1.999960325e-01,-1.999960326e-01
5.498000000e-03,1.000000000e+01,1.002079881e+01,1.381121560e+01,2.079880967e-01,-2.079880967e-01
5.500000000e-03,1.000000000e+01,1.002151462e+01,1.338800834e+01,2.151462155e-01,-2.151462155e-01
5.502000000e-03,1.000000000e+01,1.002214430e+01,1.295134395e+01,2.214429688e-01,-2.214429688e-01
5.504000000e-03,1.000000000e+01,1.002268540e+01,1.250291549e+01,2.268539687e-01,-2.268539687e-01
5.506000000e-03,1.000000000e+01,1.002313564e+01,1.204462624e+01,2.313564404e-01,-2.313564405e-01
5.508000000e-03,1.000000000e+01,1.002349333e+01,1.157825634e+01,2.349332860e-01,-2.349332860e-01
5.510000000e-03,1.000000000e+01,1.002375704e+01,1.110567145e+01,2.375703938e-01,-2.375703938e-01
5.512000000e-03,1.000000000e+01,1.002392574e+01,1.062876175e+01,2.392574114e-01,-2.392574114e-01
5.514000000e-03,1.000000000e+01,1.002399878e+01,1.014943428e+01,2.399877859e-01,-2.399877859e-01
5.516000000e-03,1.000000000e+01,1.002397588e+01,9.669605396e+00,2.397587893e-01,-2.397587893e-01
5.518000000e-03,1.000000000e+01,1.002385715e+01,9.191193055e+00,2.385715287e-01,-2.385715287e-01
5.520000000e-03,1.000000000e+01,1.002364309e+01,8.716109177e+00,2.364309413e-01,-2.364309413e-01
5.522000000e-03,1.000000000e+01,1.002333458e+01,8.246251994e+00,2.333457736e-01,-2.333457737e-01
5.524000000e-03,1.000000000e+01,1.002293285e+01,7.783498470e+00,2.293285459e-01,-2.293285459e-01
5.526000000e-03,1.000000000e+01,1.002243955e+01,7.329696796e+00,2.243955013e-01,-2.243955013e-01
5.528000000e-03,1.000000000e+01,1.002185665e+01,6.886659016e+00,2.185665403e-01,-2.185665403e-01
5.530000000e-03,1.000000000e+01,1.002118651e+01,6.456153788e+00,2.118651401e-01,-2.118651402e-01
5.532000000e-03,1.000000000e+01,1.002043183e+01,6.039899324e+00,2.043182608e-01,-2.043182608e-01
5.534000000e-03,1.000000000e+01,1.001959562e+01,5.639556532e+00,1.959562359e-01,-1.959562360e-01
5.536000000e-03,1.000000000e+01,1.001868127e+01,5.256722390e+00,1.868126515e-01,-1.868126515e-01
5.538000000e-03,1.000000000e+01,1.001769230e+01,4.892880522e+00,1.769229721e-01,-1.769229722e-01
5.540000000e-03,1.000000000e+01,1.001663293e+01,4.549569880e+00,1.663292639e-01,-1.663292639e-01
5.542000000e-03,1.000000000e+01,1.001550715e+01,4.228075359e+00,1.550714610e-01,-1.550714610e-01
5.544000000e-03,1.000000000e+01,1.001431974e+01,3.929755856e+00,1.431974143e-01,-1.431974143e-01
5.546000000e-03,1.000000000e+01,1.001307534e+01,3.655758627e+00,1.307533861e-01,-1.307533861e-01
5.548000000e-03,1.000000000e+01,1.001177892e+01,3.407173968e+00,1.177892287e-01,-1.177892287e-01
5.550000000e-03,1.000000000e+01,1.001043569e+01,3.184990382e+00,1.043568636e-01,-1.043568636e-01
5.552000000e-03,1.000000000e+01,1.000905101e+01,2.990090653e+00,9.051007331e-02,-9.051007333e-02
5.554000000e-03,1.000000000e+01,1.000763043e+01,2.823248331e+00,7.630428593e-02,-7.630428595e-02
5.556000000e-03,1.000000000e+01,1.000617964e+01,2.685124670e+00,6.179635345e-02,-6.179635347e-02
5.558000000e-03,1.000000000e+01,1.000470443e+01,2.576266004e+00,4.704432412e-02,-4.704432414e-02
5.560000000e-03,1.000000000e+01,1.000321072e+01,2.497101583e+00,3.210721025e-02,-3.210721027e-02
5.562000000e-03,1.000000000e+01,1.000170448e+01,2.447941889e+00,1.704475212e-02,-1.704475214e-02
5.564000000e-03,1.000000000e+01,1.000019172e+01,2.428977409e+00,1.917179052e-03,-1.917179072e-03
5.566000000e-03,1.000000000e+01,9.998678497e+00,2.440277905e+00,-1.321503141e-02,1.321503139e-02
5.568000000e-03,1.000000000e+01,9.997170860e+00,2.481792156e+00,-2.829139527e-02,2.829139525e-02
5.570000000e-03,1.000000000e+01,9.995674834e+00,2.553348189e+00,-4.325166388e-02,4.325166386e-02
5.572000000e-03,1.000000000e+01,9.994196394e+00,2.654653987e+00,-5.803606462e-02,5.803606460e-02
5.574000000e-03,1.000000000e+01,9.992741446e+00,2.785298683e+00,-7.258553982e-02,7.258553980e-02
5.576000000e-03,1.000000000e+01,9.991315802e+00,2.944754226e+00,-8.684198257e-02,8.684198255e-02
5.578000000e-03,1.000000000e+01,9.989925153e+00,3.132377515e+00,-1.007484688e-01,1.007484688e-01
5.580000000e-03,1.000000000e+01,9.988575052e+00,3.347412990e+00,-1.142494848e-01,1.142494847e-01
5.582000000e-03,1.000000000e+01,9.987270730e+00,3.589026378e+00,-1.272927036e-01,1.272927035e-01
5.584000000e-03,1.000000000e+01,9.986017709e+00,3.856188416e+00,-1.398229144e-01,1.398229144e-01
5.586000000e-03,1.000000000e+01,9.984820825e+00,4.147853678e+00,-1.517917507e-01,1.517917506e-01
5.588000000e-03,1.000000000e+01,9.983684851e+00,4.462851486e+00,-1.631514854e-01,1.631514854e-01
5.590000000e-03,1.000000000e+01,9.982614316e+00,4.799918134e+00,-1.738568358e-01,1.738568358e-01
5.592000000e-03,1.000000000e+01,9.981613486e+00,5.157701963e+00,-1.838651439e-01,1.838651439e-01
5.594000000e-03,1.000000000e+01,9.980686345e+00,5.534768777e+00,-1.931365460e-01,1.931365460e-01
5.596000000e-03,1.000000000e+01,9.979836587e+00,5.929607591e+00,-2.016341320e-01,2.016341320e-01
5.598000000e-03,1.000000000e+01,9.979067591e+00,6.340636692e+00,-2.093240921e-01,2.093240921e-01
5.600000000e-03,1.000000000e+01,9.978382415e+00,6.766209967e+00,-2.161758511e-01,2.161758511e-01
5.602000000e-03,1.000000000e+01,9.977783781e+00,7.204623504e+00,-2.221621904e-01,2.221621904e-01
5.604000000e-03,1.000000000e+01,9.977274064e+00,7.654122406e+00,-2.272593559e-01,2.272593558e-01
5.606000000e-03,1.000000000e+01,9.976855285e+00,8.112907821e+00,-2.314471521e-01,2.314471520e-01
5.608000000e-03,1.000000000e+01,9.976529098e+00,8.579144137e+00,-2.347090224e-01,2.347090224e-01
5.610000000e-03,1.000000000e+01,9.976296789e+00,9.050966330e+00,-2.370321144e-01,2.370321143e-01
5.612000000e-03,1.000000000e+01,9.976159267e+00,9.526487421e+00,-2.384073304e-01,2.384073304e-01
5.614000000e-03,1.000000000e+01,9.976117064e+00,1.000380603e+01,-2.388293635e-01,2.388293635e-01
5.616000000e-03,1.000000000e+01,9.976170328e+00,1.048101395e+01,-2.382967173e-01,2.382967173e-01
5.618000000e-03,1.000000000e+01,9.976318829e+00,1.095620384e+01,-2.368117117e-01,2.368117117e-01
5.620000000e-03,1.000000000e+01,9.976561953e+00,1.142747676e+01,-2.343804729e-01,2.343804728e-01
5.622000000e-03,1.000000000e+01,9.976898709e+00,1.189294985e+01,-2.310129075e-01,2.310129075e-01
5.624000000e-03,1.000000000e+01,9.977327734e+00,1.235076376e+01,-2.267226630e-01,2.267226629e-01
5.626000000e-03,1.000000000e+01,9.977847293e+00,1.279909017e+01,-2.215270718e-01,2.215270718e-01
5.628000000e-03,1.000000000e+01,9.978455292e+00,1.323613902e+01,-2.154470817e-01,2.154470817e-01
5.630000000e-03,1.000000000e+01,9.979149283e+00,1.366016570e+01,-2.085071712e-01,2.085071712e-01
5.632000000e-03,1.000000000e+01,9.979926475e+00,1.406947799e+01,-2.007352509e-01,2.007352508e-01
5.634000000e-03,1.000000000e+01,9.980783745e+00,1.446244281e+01,-1.921625512e-01,1.921625512e-01
5.636000000e-03,1.000000000e+01,9.981717650e+00,1.483749277e+01,-1.828234974e-01,1.828234974e-01
5.638000000e-03,1.000000000e+01,9.982724443e+00,1.519313238e+01,-1.727555705e-01,1.727555705e-01
5.640000000e-03,1.000000000e+01,9.983800218e+00,1.552798349e+01,-1.619978173e-01,1.619978173e-01
5.642000000e-03,1.000000000e+01,9.984940403e+00,1.584063039e+01,-1.505959734e-01,1.505959734e-01
5.644000000e-03,1.000000000e+01,9.986140700e+00,1.612990369e+01,-1.385929952e-01,1.385929952e-01
5.646000000e-03,1.000000000e+01,9.987396012e+00,1.639458139e+01,-1.260398809e-01,1.260398808e-01
5.648000000e-03,1.000000000e+01,9.988701450e+00,1.663364718e+01,-1.129854990e-01,1.129854990e-01
5.650000000e-03,1.000000000e+01,9.990051787e+00,1.684615064e+01,-9.948212789e-02,9.948212787e-02
5.652000000e-03,1.000000000e+01,9.991441617e+00,1.703124770e+01,-8.558382993e-02,8.558382991e-02
5.654000000e-03,1.000000000e+01,9.992865376e+00,1.718820403e+01,-7.134623527e-02,7.134623525e-02
5.656000000e-03,1.000000000e+01,9.994317368e+00,1.731639790e+01,-5.682631907e-02,5.682631905e-02
5.658000000e-03,1.000000000e+01,9.995791783e+00,1.741532268e+01,-4.208217352e-02,4.208217350e-02
5.660000000e-03,1.000000000e+01,9.997282722e+00,1.748458882e+01,-2.717277544e-02,2.717277542e-02
5.662000000e-03,1.000000000e+01,9.998784225e+00,1.752392539e+01,-1.215775036e-02,1.215775034e-02
5.664000000e-03,1.000000000e+01,1.000029029e+01,1.753318116e+01,2.902865919e-03,-2.902865939e-03
5.666000000e-03,1.000000000e+01,1.000179489e+01,1.751232515e+01,1.794886739e-02,-1.794886741e-02
5.668000000e-03,1.000000000e+01,1.000329201e+01,1.746144674e+01,3.292011848e-02,-3.292011850e-02
5.670000000e-03,1.000000000e+01,1.000477568e+01,1.738075529e+01,4.775679444e-02,-4.775679446e-02
5.672000000e-03,1.000000000e+01,1.000623996e+01,1.727057929e+01,6.239962037e-02,-6.239962039e-02
5.674000000e-03,1.000000000e+01,1.000767901e+01,1.713136501e+01,7.679010805e-02,-7.679010807e-02
5.676000000e-03,1.000000000e+01,1.000908708e+01,1.696367468e+01,9.087078953e-02,-9.087078955e-02
5.678000000e-03,1.000000000e+01,1.001045854e+01,1.676818427e+01,1.045854466e-01,-1.045854467e-01
5.680000000e-03,1.000000000e+01,1.001178793e+01,1.654568069e+01,1.178793355e-01,-1.178793355e-01
5.682000000e-03,1.000000000e+01,1.001306994e+01,1.629705870e+01,1.306994048e-01,-1.306994048e-01
5.684000000e-03,1.000000000e+01,1.001429945e+01,1.602331725e+01,1.429945080e-01,-1.429945080e-01
5.686000000e-03,1.000000000e+01,1.001547156e+01,1.572555551e+01,1.547156067e-01,-1.547156067e-01
5.688000000e-03,1.000000000e+01,1.001658160e+01,1.540496841e+01,1.658159669e-01,-1.658159669e-01
5.690000000e-03,1.000000000e+01,1.001762513e+01,1.506284192e+01,1.762513449e-01,-1.762513449e-01
5.692000000e-03,1.000000000e+01,1.001859802e+01,1.470054780e+01,1.859801637e-01,-1.859801637e-01
5.694000000e-03,1.000000000e+01,1.001949637e+01,1.431953817e+01,1.949636787e-01,-1.949636787e-01
5.696000000e-03,1.000000000e+01,1.002031661e+01,1.392133966e+01,2.031661322e-01,-2.031661322e-01
5.698000000e-03,1.000000000e+01,1.002105549e+01,1.350754730e+01,2.105548954e-01,-2.105548954e-01
5.700000000e-03,1.000000000e+01,1.002171006e+01,1.307981811e+01,2.171005983e-01,-2.171005983e-01
5.702000000e-03,1.000000000e+01,1.002227772e+01,1.263986452e+01,2.227772466e-01,-2.227772466e-01
5.704000000e-03,1.000000000e+01,1.002275623e+01,1.218944745e+01,2.275623245e-01,-2.275623245e-01
5.706000000e-03,1.000000000e+01,1.002314369e+01,1.173036930e+01,2.314368847e-01,-2.314368847e-01
5.708000000e-03,1.000000000e+01,1.002343856e+01,1.126446673e+01,2.343856227e-01,-2.343856227e-01
5.710000000e-03,1.000000000e+01,1.002363969e+01,1.079360329e+01,2.363969375e-01,-2.363969376e-01
5.712000000e-03,1.000000000e+01,1.002374630e+01,1.031966201e+01,2.374629777e-01,-2.374629777e-01
5.714000000e-03,1.000000000e+01,1.002375797e+01,9.844537843e+00,2.375796711e-01,-2.375796711e-01
5.716000000e-03,1.000000000e+01,1.002367467e+01,9.370130077e+00,2.367467414e-01,-2.367467414e-01
5.718000000e-03,1.000000000e+01,1.002349677e+01,8.898334768e+00,2.349677076e-01,-2.349677076e-01
5.720000000e-03,1.000000000e+01,1.002322499e+01,8.431037145e+00,2.322498697e-01,-2.322498697e-01
5.722000000e-03,1.000000000e+01,1.002286043e+01,7.970104087e+00,2.286042786e-01,-2.286042786e-01
5.724000000e-03,1.000000000e+01,1.002240457e+01,7.517376657e+00,2.240456912e-01,-2.240456912e-01
5.726000000e-03,1.000000000e+01,1.002185918e+01,7.074609656e+00,2.185918017e-01,-2.185918017e-01
5.728000000e-03,1.000000000e+01,1.002122659e+01,6.643678318e+00,2.122658986e-01,-2.122658986e-01
5.730000000e-03,1.000000000e+01,1.002050928e+01,6.226248298e+00,2.050928393e-01,-2.050928393e-01
5.732000000e-03,1.000000000e+01,1.001971015e+01,5.823985353e+00,1.971014637e-01,-1.971014637e-01
5.734000000e-03,1.000000000e+01,1.001883239e+01,5.438494284e+00,1.883238770e-01,-1.883238770e-01
5.736000000e-03,1.000000000e+01,1.001787953e+01,5.071312536e+00,1.787953201e-01,-1.787953201e-01
5.738000000e-03,1.000000000e+01,1.001685540e+01,4.723904061e+00,1.685540285e-01,-1.685540286e-01
5.740000000e-03,1.000000000e+01,1.001576411e+01,4.397653489e+00,1.576410791e-01,-1.576410792e-01
5.742000000e-03,1.000000000e+01,1.001461002e+01,4.093860602e+00,1.461002250e-01,-1.461002250e-01
5.744000000e-03,1.000000000e+01,1.001339777e+01,3.813735162e+00,1.339777202e-01,-1.339777202e-01
5.746000000e-03,1.000000000e+01,1.001213221e+01,3.558392089e+00,1.213221344e-01,-1.213221344e-01
5.748000000e-03,1.000000000e+01,1.001081842e+01,3.328847027e+00,1.081841582e-01,-1.081841582e-01
5.750000000e-03,1.000000000e+01,1.000946164e+01,3.126012301e+00,9.461640032e-02,-9.461640034e-02
5.752000000e-03,1.000000000e+01,1.000806732e+01,2.950693295e+00,8.067317669e-02,-8.067317671e-02
5.754000000e-03,1.000000000e+01,1.000664103e+01,2.803585251e+00,6.641029309e-02,-6.641029311e-02
5.756000000e-03,1.000000000e+01,1.000518848e+01,2.685270514e+00,5.188482184e-02,-5.188482186e-02
5.758000000e-03,1.000000000e+01,1.000371549e+01,2.596216227e+00,3.715487339e-02,-3.715487341e-02
5.760000000e-03,1.000000000e+01,1.000222794e+01,2.536772484e+00,2.227936386e-02,-2.227936388e-02
5.762000000e-03,1.000000000e+01,1.000073178e+01,2.507170959e+00,7.317779396e-03,-7.317779416e-03
5.764000000e-03,1.000000000e+01,9.999232994e+00,2.507524000e+00,-7.670061717e-03,7.670061697e-03
5.766000000e-03,1.000000000e+01,9.997737575e+00,2.537824206e+00,-2.262424821e-02,2.262424819e-02
5.768000000e-03,1.000000000e+01,9.996251498e+00,2.597944476e+00,-3.748501532e-02,3.748501530e-02
5.770000000e-03,1.000000000e+01,9.994780702e+00,2.687638548e+00,-5.219298362e-02,5.219298360e-02
5.772000000e-03,1.000000000e+01,9.993331060e+00,2.806542003e+00,-6.668939630e-02,6.668939628e-02
5.774000000e-03,1.000000000e+01,9.991908365e+00,2.954173745e+00,-8.091635387e-02,8.091635385e-02
5.776000000e-03,1.000000000e+01,9.990518295e+00,3.129937947e+00,-9.481704546e-02,9.481704544e-02
5.778000000e-03,1.000000000e+01,9.989166402e+00,3.333126458e+00,-1.083359756e-01,1.083359756e-01
5.780000000e-03,1.000000000e+01,9.987858081e+00,3.562921653e+00,-1.214191858e-01,1.214191858e-01
5.782000000e-03,1.000000000e+01,9.986598553e+00,3.818399727e+00,-1.340144700e-01,1.340144700e-01
5.784000000e-03,1.000000000e+01,9.985392699e+00,4.098569672e+00,-1.460730146e-01,1.460730146e-01
5.786000000e-03,1.000000000e+01,9.984245620e+00,4.402239118e+00,-1.575437979e-01,1.575437979e-01
5.788000000e-03,1.000000000e+01,9.983161613e+00,4.728262634e+00,-1.683838677e-01,1.683838677e-01
5.790000000e-03,1.000000000e+01,9.982145261e+00,5.075253892e+00,-1.785473855e-01,1.785473855e-01
5.792000000e-03,1.000000000e+01,9.981200478e+00,5.441859836e+00,-1.879952213e-01,1.879952213e-01
5.794000000e-03,1.000000000e+01,9.980331024e+00,5.826611228e+00,-1.966897555e-01,1.966897555e-01
5.796000000e-03,1.000000000e+01,9.979540361e+00,6.227966597e+00,-2.045963868e-01,2.045963868e-01
5.798000000e-03,1.000000000e+01,9.978831633e+00,6.644318415e+00,-2.116836703e-01,2.116836703e-01
5.800000000e-03,1.000000000e+01,9.978207656e+00,7.073999537e+00,-2.179234421e-01,2.179234421e-01
5.802000000e-03,1.000000000e+01,9.977670907e+00,7.515289870e+00,-2.232909315e-01,2.232909315e-01
5.804000000e-03,1.000000000e+01,9.977223514e+00,7.966423268e+00,-2.277648593e-01,2.277648593e-01
5.806000000e-03,1.000000000e+01,9.976867248e+00,8.425594593e+00,-2.313275221e-01,2.313275220e-01
5.808000000e-03,1.000000000e+01,9.976603514e+00,8.890966942e+00,-2.339648621e-01,2.339648620e-01
5.810000000e-03,1.000000000e+01,9.976433348e+00,9.360678992e+00,-2.356665230e-01,2.356665230e-01
5.812000000e-03,1.000000000e+01,9.976357411e+00,9.832852449e+00,-2.364258906e-01,2.364258906e-01
5.814000000e-03,1.000000000e+01,9.976375988e+00,1.030559956e+01,-2.362401181e-01,2.362401181e-01
5.816000000e-03,1.000000000e+01,9.976488986e+00,1.077703064e+01,-2.351101371e-01,2.351101371e-01
5.818000000e-03,1.000000000e+01,9.976695935e+00,1.124526167e+01,-2.330406529e-01,2.330406528e-01
5.820000000e-03,1.000000000e+01,9.976995988e+00,1.170842177e+01,-2.300401250e-01,2.300401250e-01
5.822000000e-03,1.000000000e+01,9.977387927e+00,1.216466071e+01,-2.261207328e-01,2.261207327e-01
5.824000000e-03,1.000000000e+01,9.977870167e+00,1.261215632e+01,-2.212983256e-01,2.212983256e-01
5.826000000e-03,1.000000000e+01,9.978440764e+00,1.304912171e+01,-2.155923593e-01,2.155923592e-01
5.828000000e-03,1.000000000e+01,9.979097418e+00,1.347381244e+01,-2.090258169e-01,2.090258169e-01
5.830000000e-03,1.000000000e+01,9.979837488e+00,1.388453350e+01,-2.016251171e-01,2.016251171e-01
5.832000000e-03,1.000000000e+01,9.980657999e+00,1.427964603e+01,-1.934200070e-01,1.934200070e-01
5.834000000e-03,1.000000000e+01,9.981555656e+00,1.465757390e+01,-1.844434431e-01,1.844434431e-01
5.836000000e-03,1.000000000e+01,9.982526854e+00,1.501680998e+01,-1.747314588e-01,1.747314588e-01
5.838000000e-03,1.000000000e+01,9.983567698e+00,1.535592215e+01,-1.643230197e-01,1.643230197e-01
5.840000000e-03,1.000000000e+01,9.984674013e+00,1.567355902e+01,-1.532598675e-01,1.532598675e-01
5.842000000e-03,1.000000000e+01,9.985841365e+00,1.596845529e+01,-1.415863521e-01,1.415863521e-01
5.844000000e-03,1.000000000e+01,9.987065075e+00,1.623943682e+01,-1.293492544e-01,1.293492544e-01
5.846000000e-03,1.000000000e+01,9.988340240e+00,1.648542528e+01,-1.165975985e-01,1.165975985e-01
5.848000000e-03,1.000000000e+01,9.989661754e+00,1.670544246e+01,-1.033824553e-01,1.033824553e-01
5.850000000e-03,1.000000000e+01,9.991024326e+00,1.689861416e+01,-8.975673814e-02,8.975673812e-02
5.852000000e-03,1.000000000e+01,9.992422672e+00,1.706419222e+01,-7.577327755e-02,7.577327753e-02
5.854000000e-03,1.000000000e+01,9.993850858e+00,1.720147980e+01,-6.149142247e-02,6.149142245e-02
5.856000000e-03,1.000000000e+01,9.995303336e+00,1.730995580e+01,-4.696664412e-02,4.696664410e-02
5.858000000e-03,1.000000000e+01,9.996774295e+00,1.738919240e+01,-3.225704627e-02,3.225704625e-02
5.860000000e-03,1.000000000e+01,9.998257854e+00,1.743887874e+01,-1.742145977e-02,1.742145975e-02
5.862000000e-03,1.000000000e+01,9.999748079e+00,1.745882214e+01,-2.519207258e-03,2.519207238e-03
5.864000000e-03,1.000000000e+01,1.000123901e+01,1.744894882e+01,1.239013400e-02,-1.239013402e-02
5.866000000e-03,1.000000000e+01,1.000272470e+01,1.740930422e+01,2.724697032e-02,-2.724697034e-02
5.868000000e-03,1.000000000e+01,1.000419919e+01,1.734005275e+01,4.199192983e-02,-4.199192985e-02
5.870000000e-03,1.000000000e+01,1.000565661e+01,1.724147713e+01,5.656609967e-02,-5.656609969e-02
5.872000000e-03,1.000000000e+01,1.000709113e+01,1.711397723e+01,7.091126142e-02,-7.091126144e-02
5.874000000e-03,1.000000000e+01,1.000849701e+01,1.695806844e+01,8.497012363e-02,-8.497012365e-02
5.876000000e-03,1.000000000e+01,1.000986866e+01,1.677437961e+01,9.868655065e-02,-9.868655067e-02
5.878000000e-03,1.000000000e+01,1.001120058e+01,1.656365050e+01,1.120057868e-01,-1.120057868e-01
5.880000000e-03,1.000000000e+01,1.001248747e+01,1.632672879e+01,1.248746748e-01,-1.248746748e-01
5.882000000e-03,1.000000000e+01,1.001372419e+01,1.606456670e+01,1.372418681e-01,-1.372418681e-01
5.884000000e-03,1.000000000e+01,1.001490580e+01,1.577821711e+01,1.490580358e-01,-1.490580358e-01
5.886000000e-03,1.000000000e+01,1.001602761e+01,1.546882942e+01,1.602760590e-01,-1.602760591e-01
5.888000000e-03,1.000000000e+01,1.001708512e+01,1.513764483e+01,1.708512194e-01,-1.708512194e-01
5.890000000e-03,1.000000000e+01,1.001807414e+01,1.478599144e+01,1.807413768e-01,-1.807413768e-01
5.892000000e-03,1.000000000e+01,1.001899071e+01,1.441527889e+01,1.899071375e-01,-1.899071375e-01
5.894000000e-03,1.000000000e+01,1.001983120e+01,1.402699274e+01,1.983120110e-01,-1.983120110e-01
5.896000000e-03,1.000000000e+01,1.002059226e+01,1.362268845e+01,2.059225556e-01,-2.059225556e-01
5.898000000e-03,1.000000000e+01,1.002127085e+01,1.320398523e+01,2.127085109e-01,-2.127085109e-01
5.900000000e-03,1.000000000e+01,1.002186429e+01,1.277255951e+01,2.186429185e-01,-2.186429185e-01
5.902000000e-03,1.000000000e+01,1.002237022e+01,1.233013822e+01,2.237022290e-01,-2.237022291e-01
5.904000000e-03,1.000000000e+01,1.002278664e+01,1.187849192e+01,2.278663957e-01,-2.278663957e-01
5.906000000e-03,1.000000000e+01,1.002311190e+01,1.141942766e+01,2.311189534e-01,-2.311189534e-01
5.908000000e-03,1.000000000e+01,1.002334471e+01,1.095478180e+01,2.334470840e-01,-2.334470840e-01
5.910000000e-03,1.000000000e+01,1.002348417e+01,1.048641262e+01,2.348416669e-01,-2.348416670e-01
5.912000000e-03,1.000000000e+01,1.002352973e+01,1.001619295e+01,2.352973149e-01,-2.352973149e-01
5.914000000e-03,1.000000000e+01,1.002348124e+01,9.546002593e+00,2.348123944e-01,-2.348123944e-01
5.916000000e-03,1.000000000e+01,1.002333890e+01,9.077720892e+00,2.333890317e-01,-2.333890317e-01
5.918000000e-03,1.000000000e+01,1.002310331e+01,8.613219175e+00,2.310331037e-01,-2.310331037e-01
5.920000000e-03,1.000000000e+01,1.002277542e+01,8.154353285e+00,2.277542135e-01,-2.277542136e-01
5.922000000e-03,1.000000000e+01,1.002235657e+01,7.702956171e+00,2.235656514e-01,-2.235656514e-01
5.924000000e-03,1.000000000e+01,1.002184843e+01,7.260830562e+00,2.184843408e-01,-2.184843408e-01
5.926000000e-03,1.000000000e+01,1.002125308e+01,6.829741769e+00,2.125307701e-01,-2.125307701e-01
5.928000000e-03,1.000000000e+01,1.002057289e+01,6.411410635e+00,2.057289101e-01,-2.057289101e-01
5.930000000e-03,1.000000000e+01,1.001981061e+01,6.007506667e+00,1.981061173e-01,-1.981061174e-01
5.932000000e-03,1.000000000e+01,1.001896930e+01,5.619641373e+00,1.896930240e-01,-1.896930241e-01
5.934000000e-03,1.000000000e+01,1.001805234e+01,5.249361834e+00,1.805234152e-01,-1.805234152e-01
5.936000000e-03,1.000000000e+01,1.001706341e+01,4.898144530e+00,1.706340928e-01,-1.706340929e-01
5.938000000e-03,1.000000000e+01,1.001600647e+01,4.567389456e+00,1.600647283e-01,-1.600647283e-01
5.940000000e-03,1.000000000e+01,1.001488577e+01,4.258414537e+00,1.488577029e-01,-1.488577029e-01
5.942000000e-03,1.000000000e+01,1.001370579e+01,3.972450384e+00,1.370579386e-01,-1.370579386e-01
5.944000000e-03,1.000000000e+01,1.001247112e+01,3.710604965e+00,1.247111920e-01,-1.247111921e-01
5.946000000e-03,9.999999921e+00,1.001118733e+01,3.473992876e+00,1.118731165e-01,-1.118731104e-01
5.948000000e-03,1.000000008e+01,1.000985894e+01,3.263530179e+00,9.858958099e-02,-9.858958716e-02
5.950000000e-03,9.999999921e+00,1.000849149e+01,3.080025799e+00,8.491479887e-02,-8.491479270e-02
5.952000000e-03,1.000000000e+01,1.000709010e+01,2.924183913e+00,7.090100934e-02,-7.090100936e-02
5.954000000e-03,1.000000000e+01,1.000566066e+01,2.796655051e+00,5.660663925e-02,-5.660663927e-02
5.956000000e-03,1.000000000e+01,1.000420889e+01,2.697943280e+00,4.208887276e-02,-4.208887278e-02
5.958000000e-03,1.000000000e+01,1.000274058e+01,2.628437385e+00,2.740578169e-02,-2.740578171e-02
5.960000000e-03,1.000000000e+01,1.000126161e+01,2.588409338e+00,1.261608703e-02,-1.261608705e-02
5.962000000e-03,1.000000000e+01,9.999777892e+00,2.578013234e+00,-2.221075847e-03,2.221075827e-03
5.964000000e-03,1.000000000e+01,9.998295361e+00,2.597284701e+00,-1.704639370e-02,1.704639368e-02
5.966000000e-03,1.000000000e+01,9.996819939e+00,2.646140776e+00,-3.180061249e-02,3.180061247e-02
5.968000000e-03,1.000000000e+01,9.995357523e+00,2.724380267e+00,-4.642477418e-02,4.642477416e-02
5.970000000e-03,1.000000000e+01,9.993913955e+00,2.831684576e+00,-6.086045241e-02,6.086045239e-02
5.972000000e-03,1.000000000e+01,9.992495001e+00,2.967618997e+00,-7.504998581e-02,7.504998579e-02
5.974000000e-03,1.000000000e+01,9.991106329e+00,3.131634477e+00,-8.893670844e-02,8.893670842e-02
5.976000000e-03,1.000000000e+01,9.989753482e+00,3.323069836e+00,-1.024651760e-01,1.024651759e-01
5.978000000e-03,1.000000000e+01,9.988441861e+00,3.541154425e+00,-1.155813871e-01,1.155813871e-01
5.980000000e-03,1.000000000e+01,9.987176700e+00,3.785011238e+00,-1.282329992e-01,1.282329991e-01
5.982000000e-03,1.000000000e+01,9.985963046e+00,4.053660431e+00,-1.403695369e-01,1.403695368e-01
5.984000000e-03,1.000000000e+01,9.984805741e+00,4.346023260e+00,-1.519425938e-01,1.519425938e-01
5.986000000e-03,1.000000000e+01,9.983709397e+00,4.660926416e+00,-1.629060255e-01,1.629060255e-01
5.988000000e-03,1.000000000e+01,9.982678387e+00,4.997106732e+00,-1.732161333e-01,1.732161332e-01
5.990000000e-03,1.000000000e+01,9.981716816e+00,5.353216248e+00,-1.828318386e-01,1.828318386e-01
5.992000000e-03,1.000000000e+01,9.980828515e+00,5.727827617e+00,-1.917148466e-01,1.917148465e-01
5.994000000e-03,1.000000000e+01,9.980017020e+00,6.119439827e+00,-1.998297986e-01,1.998297986e-01
5.996000000e-03,1.000000000e+01,9.979285559e+00,6.526484214e+00,-2.071444131e-01,2.071444131e-01
5.998000000e-03,1.000000000e+01,9.978637039e+00,6.947330745e+00,-2.136296137e-01,2.136296137e-01
6.000000000e-03,1.000000000e+01,9.978074035e+00,7.380294548e+00,-2.192596452e-01,2.192596452e-01
6.002000000e-03,1.000000000e+01,9.977598782e+00,7.823642653e+00,-2.240121755e-01,2.240121755e-01
6.004000000e-03,1.000000000e+01,9.977213162e+00,8.275600932e+00,-2.278683844e-01,2.278683844e-01
6.006000000e-03,1.000000000e+01,9.976918696e+00,8.734361199e+00,-2.308130379e-01,2.308130379e-01
6.008000000e-03,1.000000000e+01,9.976716545e+00,9.198088439e+00,-2.328345487e-01,2.328345487e-01
6.010000000e-03,1.000000000e+01,9.976607498e+00,9.664928153e+00,-2.339250215e-01,2.339250215e-01
6.012000000e-03,1.000000000e+01,9.976591972e+00,1.013301377e+01,-2.340802839e-01,2.340802839e-01
6.014000000e-03,1.000000000e+01,9.976670010e+00,1.060047412e+01,-2.332999023e-01,2.332999023e-01
6.016000000e-03,1.000000000e+01,9.976841282e+00,1.106544090e+01,-2.315871831e-01,2.315871831e-01
6.018000000e-03,1.000000000e+01,9.977105084e+00,1.152605614e+01,-2.289491584e-01,2.289491583e-01
6.020000000e-03,1.000000000e+01,9.977460344e+00,1.198047966e+01,-2.253965573e-01,2.253965573e-01
6.022000000e-03,1.000000000e+01,9.977905624e+00,1.242689636e+01,-2.209437626e-01,2.209437625e-01
6.024000000e-03,1.000000000e+01,9.978439125e+00,1.286352353e+01,-2.156087518e-01,2.156087518e-01
6.026000000e-03,1.000000000e+01,9.979058697e+00,1.328861795e+01,-2.094130254e-01,2.094130254e-01
6.028000000e-03,1.000000000e+01,9.979761848e+00,1.370048283e+01,-2.023815196e-01,2.023815196e-01
6.030000000e-03,1.000000000e+01,9.980545749e+00,1.409747460e+01,-1.945425064e-01,1.945425064e-01
6.032000000e-03,1.000000000e+01,9.981407252e+00,1.447800947e+01,-1.859274796e-01,1.859274796e-01
6.034000000e-03,1.000000000e+01,9.982343029e+00,1.484061806e+01,-1.765697076e-01,1.765697076e-01
6.036000000e-03,1.000000000e+01,9.983349072e+00,1.518375546e+01,-1.665092842e-01,1.665092842e-01
6.038000000e-03,1.000000000e+01,9.984421600e+00,1.550614282e+01,-1.557840045e-01,1.557840045e-01
6.040000000e-03,1.000000000e+01,9.985556054e+00,1.580641728e+01,-1.444394618e-01,1.444394618e-01
6.042000000e-03,1.000000000e+01,9.986748013e+00,1.608342357e+01,-1.325198672e-01,1.325198672e-01
6.044000000e-03,1.000000000e+01,9.987992702e+00,1.633605918e+01,-1.200729780e-01,1.200729780e-01
6.046000000e-03,1.000000000e+01,9.989285135e+00,1.656331920e+01,-1.071486496e-01,1.071486496e-01
6.048000000e-03,1.000000000e+01,9.990620136e+00,1.676430034e+01,-9.379863563e-02,9.379863561e-02
6.050000000e-03,1.000000000e+01,9.991992362e+00,1.693820455e+01,-8.007638094e-02,8.007638092e-02
6.052000000e-03,1.000000000e+01,9.993396319e+00,1.708434216e+01,-6.603680746e-02,6.603680744e-02
6.054000000e-03,1.000000000e+01,9.994826391e+00,1.720213461e+01,-5.173609448e-02,5.173609446e-02
6.056000000e-03,1.000000000e+01,9.996276855e+00,1.729111674e+01,-3.723145381e-02,3.723145379e-02
6.058000000e-03,1.000000000e+01,9.997741910e+00,1.735093868e+01,-2.258090092e-02,2.258090090e-02
6.060000000e-03,1.000000000e+01,9.999215698e+00,1.738136714e+01,-7.843022856e-03,7.843022836e-03
6.062000000e-03,1.000000000e+01,1.000069233e+01,1.738228637e+01,6.923255980e-03,-6.923256000e-03
6.064000000e-03,1.000000000e+01,1.000216589e+01,1.735369862e+01,2.165890947e-02,-2.165890949e-02
6.066000000e-03,1.000000000e+01,1.000363050e+01,1.729572403e+01,3.630504572e-02,-3.630504574e-02
6.068000000e-03,1.000000000e+01,1.000508031e+01,1.720860022e+01,5.080314239e-02,-5.080314241e-02
6.070000000e-03,1.000000000e+01,1.000650953e+01,1.709268124e+01,6.509528058e-02,-6.509528060e-02
6.072000000e-03,1.000000000e+01,1.000791244e+01,1.694843619e+01,7.912437616e-02,-7.912437618e-02
6.074000000e-03,1.000000000e+01,1.000928344e+01,1.677644726e+01,9.283440781e-02,-9.283440783e-02
6.076000000e-03,1.000000000e+01,1.001061706e+01,1.657740744e+01,1.061706407e-01,-1.061706407e-01
6.078000000e-03,1.000000000e+01,1.001190798e+01,1.635211770e+01,1.190798450e-01,-1.190798450e-01
6.080000000e-03,1.000000000e+01,1.001315105e+01,1.610148377e+01,1.315105084e-01,-1.315105084e-01
6.082000000e-03,1.000000000e+01,1.001434130e+01,1.582651249e+01,1.434130414e-01,-1.434130415e-01
6.084000000e-03,1.000000000e+01,1.001547400e+01,1.552830778e+01,1.547399758e-01,-1.547399758e-01
6.086000000e-03,1.000000000e+01,1.001654462e+01,1.520806621e+01,1.654461530e-01,-1.654461530e-01
6.088000000e-03,1.000000000e+01,1.001754889e+01,1.486707218e+01,1.754889049e-01,-1.754889049e-01
6.090000000e-03,1.000000000e+01,1.001848282e+01,1.450669279e+01,1.848282236e-01,-1.848282237e-01
6.092000000e-03,1.000000000e+01,1.001934269e+01,1.412837234e+01,1.934269208e-01,-1.934269208e-01
6.094000000e-03,1.000000000e+01,1.002012508e+01,1.373362655e+01,2.012507758e-01,-2.012507758e-01
6.096000000e-03,1.000000000e+01,1.002082687e+01,1.332403651e+01,2.082686718e-01,-2.082686719e-01
6.098000000e-03,1.000000000e+01,1.002144527e+01,1.290124229e+01,2.144527197e-01,-2.144527198e-01
6.100000000e-03,1.000000000e+01,1.002197784e+01,1.246693644e+01,2.197783688e-01,-2.197783688e-01
6.102000000e-03,1.000000000e+01,1.002242245e+01,1.202285717e+01,2.242245042e-01,-2.242245042e-01
6.104000000e-03,1.000000000e+01,1.002277735e+01,1.157078141e+01,2.277735308e-01,-2.277735308e-01
6.106000000e-03,1.000000000e+01,1.002304114e+01,1.111251769e+01,2.304114426e-01,-2.304114426e-01
6.108000000e-03,1.000000000e+01,1.002321279e+01,1.064989892e+01,2.321278782e-01,-2.321278782e-01
6.110000000e-03,1.000000000e+01,1.002329162e+01,1.018477505e+01,2.329161614e-01,-2.329161614e-01
6.112000000e-03,1.000000000e+01,1.002327733e+01,9.719005658e+00,2.327733269e-01,-2.327733269e-01
6.114000000e-03,1.000000000e+01,1.002317001e+01,9.254452548e+00,2.317001320e-01,-2.317001320e-01
6.116000000e-03,1.000000000e+01,1.002297011e+01,8.792972283e+00,2.297010523e-01,-2.297010523e-01
6.118000000e-03,1.000000000e+01,1.002267843e+01,8.336408773e+00,2.267842631e-01,-2.267842631e-01
6.120000000e-03,1.000000000e+01,1.002229616e+01,7.886585908e+00,2.229616064e-01,-2.229616064e-01
6.122000000e-03,1.000000000e+01,1.002182485e+01,7.445300269e+00,2.182485425e-01,-2.182485425e-01
6.124000000e-03,1.000000000e+01,1.002126641e+01,7.014313958e+00,2.126640873e-01,-2.126640873e-01
6.126000000e-03,1.000000000e+01,1.002062307e+01,6.595347554e+00,2.062307361e-01,-2.062307361e-01
6.128000000e-03,1.000000000e+01,1.001989744e+01,6.190073253e+00,1.989743726e-01,-1.989743726e-01
6.130000000e-03,1.000000000e+01,1.001909242e+01,5.800108186e+00,1.909241649e-01,-1.909241649e-01
6.132000000e-03,1.000000000e+01,1.001821124e+01,5.427007972e+00,1.821124483e-01,-1.821124483e-01
6.134000000e-03,1.000000000e+01,1.001725746e+01,5.072260511e+00,1.725745952e-01,-1.725745952e-01
6.136000000e-03,1.000000000e+01,1.001623489e+01,4.737280048e+00,1.623488735e-01,-1.623488735e-01
6.138000000e-03,1.000000000e+01,1.001514763e+01,4.423401538e+00,1.514762926e-01,-1.514762926e-01
6.140000000e-03,1.000000000e+01,1.001400004e+01,4.131875325e+00,1.400004394e-01,-1.400004394e-01
6.142000000e-03,1.000000000e+01,1.001279673e+01,3.863862161e+00,1.279673032e-01,-1.279673033e-01
6.144000000e-03,1.000000000e+01,1.001154251e+01,3.620428586e+00,1.154250917e-01,-1.154250917e-01
6.146000000e-03,1.000000000e+01,1.001024240e+01,3.402542681e+00,1.024240374e-01,-1.024240374e-01
6.148000000e-03,1.000000000e+01,1.000890162e+01,3.211070221e+00,8.901619711e-02,-8.901619713e-02
6.150000000e-03,1.000000000e+01,1.000752552e+01,3.046771234e+00,7.525524293e-02,-7.525524295e-02
6.152000000e-03,1.000000000e+01,1.000611962e+01,2.910296984e+00,6.119624768e-02,-6.119624770e-02
6.154000000e-03,1.000000000e+01,1.000468955e+01,2.802187391e+00,4.689546440e-02,-4.689546442e-02
6.156000000e-03,1.000000000e+01,1.000324101e+01,2.722868892e+00,3.241010132e-02,-3.241010134e-02
6.158000000e-03,1.000000000e+01,1.000177981e+01,2.672652763e+00,1.779809297e-02,-1.779809299e-02
6.160000000e-03,1.000000000e+01,1.000031179e+01,2.651733896e+00,3.117868518e-03,-3.117868538e-03
6.162000000e-03,1.000000000e+01,9.998842812e+00,2.660190045e+00,-1.157188192e-02,1.157188190e-02
6.164000000e-03,1.000000000e+01,9.997378756e+00,2.697981534e+00,-2.621244189e-02,2.621244187e-02
6.166000000e-03,1.000000000e+01,9.995925470e+00,2.764951446e+00,-4.074530327e-02,4.074530325e-02
6.168000000e-03,1.000000000e+01,9.994488760e+00,2.860826268e+00,-5.511240014e-02,5.511240012e-02
6.170000000e-03,1.000000000e+01,9.993074366e+00,2.985217009e+00,-6.925634074e-02,6.925634072e-02
6.172000000e-03,1.000000000e+01,9.991687936e+00,3.137620779e+00,-8.312063671e-02,8.312063669e-02
6.174000000e-03,1.000000000e+01,9.990335007e+00,3.317422823e+00,-9.664992876e-02,9.664992874e-02
6.176000000e-03,1.000000000e+01,9.989020979e+00,3.523898995e+00,-1.097902077e-01,1.097902076e-01
6.178000000e-03,1.000000000e+01,9.987751097e+00,3.756218682e+00,-1.224890298e-01,1.224890298e-01
6.180000000e-03,1.000000000e+01,9.986530427e+00,4.013448139e+00,-1.346957267e-01,1.346957267e-01
6.182000000e-03,1.000000000e+01,9.985363839e+00,4.294554244e+00,-1.463616069e-01,1.463616069e-01
6.184000000e-03,1.000000000e+01,9.984255985e+00,4.598408649e+00,-1.574401503e-01,1.574401503e-01
6.186000000e-03,1.000000000e+01,9.983211281e+00,4.923792304e+00,-1.678871938e-01,1.678871938e-01
6.188000000e-03,1.000000000e+01,9.982233889e+00,5.269400354e+00,-1.776611070e-01,1.776611070e-01
6.190000000e-03,1.000000000e+01,9.981327704e+00,5.633847368e+00,-1.867229586e-01,1.867229585e-01
6.192000000e-03,1.000000000e+01,9.980496333e+00,6.015672893e+00,-1.950366709e-01,1.950366708e-01
6.194000000e-03,1.000000000e+01,9.979743084e+00,6.413347305e+00,-2.025691638e-01,2.025691638e-01
6.196000000e-03,1.000000000e+01,9.979070951e+00,6.825277942e+00,-2.092904865e-01,2.092904865e-01
6.198000000e-03,1.000000000e+01,9.978482606e+00,7.249815474e+00,-2.151739363e-01,2.151739362e-01
6.200000000e-03,1.000000000e+01,9.977980384e+00,7.685260516e+00,-2.201961646e-01,2.201961646e-01
6.202000000e-03,1.000000000e+01,9.977566273e+00,8.129870423e+00,-2.243372700e-01,2.243372700e-01
6.204000000e-03,1.000000000e+01,9.977241912e+00,8.581866268e+00,-2.275808769e-01,2.275808769e-01
6.206000000e-03,1.000000000e+01,9.977008580e+00,9.039439957e+00,-2.299142002e-01,2.299142002e-01
6.208000000e-03,1.000000000e+01,9.976867190e+00,9.500761465e+00,-2.313280956e-01,2.313280956e-01
6.210000000e-03,1.000000000e+01,9.976818290e+00,9.963986152e+00,-2.318170958e-01,2.318170958e-01
6.212000000e-03,1.000000000e+01,9.976862057e+00,1.042726214e+01,-2.313794312e-01,2.313794312e-01
6.214000000e-03,1.000000000e+01,9.976998296e+00,1.088873772e+01,-2.300170364e-01,2.300170364e-01
6.216000000e-03,1.000000000e+01,9.977226446e+00,1.134656874e+01,-2.277355420e-01,2.277355420e-01
6.218000000e-03,1.000000000e+01,9.977545575e+00,1.179892599e+01,-2.245442507e-01,2.245442507e-01
6.220000000e-03,1.000000000e+01,9.977954390e+00,1.224400251e+01,-2.204561001e-01,2.204561000e-01
6.222000000e-03,1.000000000e+01,9.978451239e+00,1.268002079e+01,-2.154876097e-01,2.154876097e-01
6.224000000e-03,1.000000000e+01,9.979034119e+00,1.310523990e+01,-2.096588145e-01,2.096588145e-01
6.226000000e-03,1.000000000e+01,9.979700682e+00,1.351796240e+01,-2.029931843e-01,2.029931842e-01
6.228000000e-03,1.000000000e+01,9.980448247e+00,1.391654114e+01,-1.955175285e-01,1.955175285e-01
6.230000000e-03,1.000000000e+01,9.981273811e+00,1.429938586e+01,-1.872618894e-01,1.872618894e-01
6.232000000e-03,1.000000000e+01,9.982174058e+00,1.466496947e+01,-1.782594205e-01,1.782594205e-01
6.234000000e-03,1.000000000e+01,9.983145375e+00,1.501183420e+01,-1.685462537e-01,1.685462537e-01
6.236000000e-03,1.000000000e+01,9.984183865e+00,1.533859739e+01,-1.581613545e-01,1.581613545e-01
6.238000000e-03,1.000000000e+01,9.985285363e+00,1.564395698e+01,-1.471463654e-01,1.471463653e-01
6.240000000e-03,1.000000000e+01,9.986445456e+00,1.592669675e+01,-1.355454390e-01,1.355454390e-01
6.242000000e-03,1.000000000e+01,9.987659494e+00,1.618569112e+01,-1.234050612e-01,1.234050612e-01
6.244000000e-03,1.000000000e+01,9.988922614e+00,1.641990964e+01,-1.107738646e-01,1.107738646e-01
6.246000000e-03,1.000000000e+01,9.990229757e+00,1.662842111e+01,-9.770243401e-02,9.770243399e-02
6.248000000e-03,1.000000000e+01,9.991575690e+00,1.681039724e+01,-8.424310354e-02,8.424310352e-02
6.250000000e-03,1.000000000e+01,9.992955025e+00,1.696511599e+01,-7.044974743e-02,7.044974741e-02
6.252000000e-03,1.000000000e+01,9.994362244e+00,1.709196441e+01,-5.637756416e-02,5.637756414e-02
6.254000000e-03,1.000000000e+01,9.995791714e+00,1.719044106e+01,-4.208285566e-02,4.208285564e-02
6.256000000e-03,1.000000000e+01,9.997237720e+00,1.726015800e+01,-2.762280202e-02,2.762280200e-02
6.258000000e-03,1.000000000e+01,9.998694477e+00,1.730084234e+01,-1.305523276e-02,1.305523274e-02
6.260000000e-03,1.000000000e+01,1.000015616e+01,1.731233726e+01,1.561604398e-03,-1.561604418e-03
6.262000000e-03,1.000000000e+01,1.000161693e+01,1.729460265e+01,1.616927649e-02,-1.616927651e-02
6.264000000e-03,1.000000000e+01,1.000307094e+01,1.724771526e+01,3.070939886e-02,-3.070939888e-02
6.266000000e-03,1.000000000e+01,1.000451239e+01,1.717186830e+01,4.512386851e-02,-4.512386853e-02
6.268000000e-03,1.000000000e+01,1.000593551e+01,1.706737075e+01,5.935509631e-02,-5.935509633e-02
6.270000000e-03,1.000000000e+01,1.000733462e+01,1.693464599e+01,7.334623705e-02,-7.334623707e-02
6.272000000e-03,1.000000000e+01,1.000870414e+01,1.677423018e+01,8.704141653e-02,-8.704141655e-02
6.274000000e-03,1.000000000e+01,1.001003860e+01,1.658677002e+01,1.003859547e-01,-1.003859547e-01
6.276000000e-03,1.000000000e+01,1.001133266e+01,1.637302021e+01,1.133265838e-01,-1.133265838e-01
6.278000000e-03,1.000000000e+01,1.001258117e+01,1.613384035e+01,1.258116613e-01,-1.258116613e-01
6.280000000e-03,1.000000000e+01,1.001377914e+01,1.587019152e+01,1.377913758e-01,-1.377913759e-01
6.282000000e-03,1.000000000e+01,1.001492179e+01,1.558313242e+01,1.492179458e-01,-1.492179458e-01
6.284000000e-03,1.000000000e+01,1.001600458e+01,1.527381509e+01,1.600458102e-01,-1.600458102e-01
6.286000000e-03,1.000000000e+01,1.001702318e+01,1.494348032e+01,1.702318099e-01,-1.702318100e-01
6.288000000e-03,1.000000000e+01,1.001797354e+01,1.459345265e+01,1.797353603e-01,-1.797353603e-01
6.290000000e-03,1.000000000e+01,1.001885186e+01,1.422513508e+01,1.885186124e-01,-1.885186124e-01
6.292000000e-03,1.000000000e+01,1.001965466e+01,1.384000342e+01,1.965466037e-01,-1.965466037e-01
6.294000000e-03,1.000000000e+01,1.002037874e+01,1.343960038e+01,2.037873976e-01,-2.037873977e-01
6.296000000e-03,1.000000000e+01,1.002102122e+01,1.302552944e+01,2.102122105e-01,-2.102122105e-01
6.298000000e-03,1.000000000e+01,1.002157955e+01,1.259944834e+01,2.157955255e-01,-2.157955255e-01
6.300000000e-03,1.000000000e+01,1.002205152e+01,1.216306253e+01,2.205151947e-01,-2.205151947e-01
6.302000000e-03,1.000000000e+01,1.002243525e+01,1.171811829e+01,2.243525263e-01,-2.243525263e-01
6.304000000e-03,1.000000000e+01,1.002272924e+01,1.126639577e+01,2.272923592e-01,-2.272923592e-01
6.306000000e-03,1.000000000e+01,1.002293231e+01,1.080970184e+01,2.293231224e-01,-2.293231224e-01
6.308000000e-03,1.000000000e+01,1.002304369e+01,1.034986290e+01,2.304368808e-01,-2.304368808e-01
6.310000000e-03,1.000000000e+01,1.002306294e+01,9.888717523e+00,2.306293661e-01,-2.306293661e-01
6.312000000e-03,1.000000000e+01,1.002299000e+01,9.428109174e+00,2.298999933e-01,-2.298999933e-01
6.314000000e-03,1.000000000e+01,1.002282519e+01,8.969878779e+00,2.282518619e-01,-2.282518620e-01
6.316000000e-03,1.000000000e+01,1.002256917e+01,8.515857399e+00,2.256917434e-01,-2.256917434e-01
6.318000000e-03,1.000000000e+01,1.002222301e+01,8.067858903e+00,2.222300527e-01,-2.222300528e-01
6.320000000e-03,1.000000000e+01,1.002178808e+01,7.627672726e+00,2.178808066e-01,-2.178808066e-01
6.322000000e-03,1.000000000e+01,1.002126616e+01,7.197056717e+00,2.126615663e-01,-2.126615664e-01
6.324000000e-03,1.000000000e+01,1.002065934e+01,6.777730125e+00,2.065933671e-01,-2.065933671e-01
6.326000000e-03,1.000000000e+01,1.001997006e+01,6.371366728e+00,1.997006331e-01,-1.997006331e-01
6.328000000e-03,1.000000000e+01,1.001920111e+01,5.979588158e+00,1.920110793e-01,-1.920110794e-01
6.330000000e-03,1.000000000e+01,1.001835545e+01,5.603912787e+00,1.835545344e-01,-1.835545344e-01
6.332000000e-03,1.000000000e+01,1.001743670e+01,5.245930271e+00,1.743669924e-01,-1.743669924e-01
6.334000000e-03,1.000000000e+01,1.001644831e+01,4.906981212e+00,1.644831127e-01,-1.644831128e-01
6.336000000e-03,1.000000000e+01,1.001539449e+01,4.588499023e+00,1.539449274e-01,-1.539449274e-01
6.338000000e-03,1.000000000e+01,1.001427935e+01,4.291710161e+00,1.427935358e-01,-1.427935358e-01
6.340000000e-03,1.000000000e+01,1.001310736e+01,4.017796545e+00,1.310736323e-01,-1.310736323e-01
6.342000000e-03,1.000000000e+01,1.001188322e+01,3.767848425e+00,1.188321749e-01,-1.188321749e-01
6.344000000e-03,1.000000000e+01,1.001061182e+01,3.542860046e+00,1.061181967e-01,-1.061181967e-01
6.346000000e-03,1.000000000e+01,1.000929826e+01,3.343725687e+00,9.298260949e-02,-9.298260951e-02
6.348000000e-03,1.000000000e+01,1.000794780e+01,3.171236113e+00,7.947800034e-02,-7.947800036e-02
6.350000000e-03,1.000000000e+01,1.000656584e+01,3.026075432e+00,6.565842059e-02,-6.565842061e-02
6.352000000e-03,1.000000000e+01,1.000515792e+01,2.908818380e+00,5.157916974e-02,-5.157916976e-02
6.354000000e-03,1.000000000e+01,1.000372966e+01,2.819928051e+00,3.729657413e-02,-3.729657415e-02
6.356000000e-03,1.000000000e+01,1.000228678e+01,2.759754064e+00,2.286776160e-02,-2.286776162e-02
6.358000000e-03,1.000000000e+01,1.000083504e+01,2.728531189e+00,8.350432979e-03,-8.350432999e-03
6.360000000e-03,1.000000000e+01,9.999380263e+00,2.726378433e+00,-6.197368629e-03,6.197368609e-03
6.362000000e-03,1.000000000e+01,9.997928251e+00,2.753298587e+00,-2.071748994e-02,2.071748992e-02
6.364000000e-03,1.000000000e+01,9.996484810e+00,2.809178236e+00,-3.515189995e-02,3.515189993e-02
6.366000000e-03,1.000000000e+01,9.995055708e+00,2.893788240e+00,-4.944292182e-02,4.944292180e-02
6.368000000e-03,1.000000000e+01,9.993646654e+00,3.006784668e+00,-6.353346338e-02,6.353346336e-02
6.370000000e-03,1.000000000e+01,9.992263275e+00,3.147710199e+00,-7.736724521e-02,7.736724519e-02
6.372000000e-03,1.000000000e+01,9.990911097e+00,3.315995971e+00,-9.088902537e-02,9.088902535e-02
6.374000000e-03,1.000000000e+01,9.989595518e+00,3.510963879e+00,-1.040448201e-01,1.040448200e-01
6.376000000e-03,1.000000000e+01,9.988321788e+00,3.731829305e+00,-1.167821191e-01,1.167821191e-01
6.378000000e-03,1.000000000e+01,9.987094990e+00,3.977704274e+00,-1.290500955e-01,1.290500955e-01
6.380000000e-03,1.000000000e+01,9.985920019e+00,4.247601031e+00,-1.407998085e-01,1.407998084e-01
6.382000000e-03,1.000000000e+01,9.984801560e+00,4.540435998e+00,-1.519843982e-01,1.519843982e-01
6.384000000e-03,1.000000000e+01,9.983744073e+00,4.855034137e+00,-1.625592733e-01,1.625592732e-01
6.386000000e-03,1.000000000e+01,9.982751771e+00,5.190133651e+00,-1.724822881e-01,1.724822881e-01
6.388000000e-03,1.000000000e+01,9.981828609e+00,5.544391059e+00,-1.817139110e-01,1.817139110e-01
6.390000000e-03,1.000000000e+01,9.980978262e+00,5.916386569e+00,-1.902173818e-01,1.902173818e-01
6.392000000e-03,1.000000000e+01,9.980204114e+00,6.304629778e+00,-1.979588579e-01,1.979588579e-01
6.394000000e-03,1.000000000e+01,9.979509245e+00,6.707565639e+00,-2.049075492e-01,2.049075491e-01
6.396000000e-03,1.000000000e+01,9.978896416e+00,7.123580688e+00,-2.110358405e-01,2.110358405e-01
6.398000000e-03,1.000000000e+01,9.978368060e+00,7.551009507e+00,-2.163194013e-01,2.163194013e-01
6.400000000e-03,1.000000000e+01,9.977926272e+00,7.988141393e+00,-2.207372823e-01,2.207372823e-01
6.402000000e-03,1.000000000e+01,9.977572800e+00,8.433227200e+00,-2.242719985e-01,2.242719984e-01
6.404000000e-03,1.000000000e+01,9.977309040e+00,8.884486339e+00,-2.269095982e-01,2.269095982e-01
6.406000000e-03,1.000000000e+01,9.977136028e+00,9.340113907e+00,-2.286397187e-01,2.286397186e-01
6.408000000e-03,1.000000000e+01,9.977054437e+00,9.798287896e+00,-2.294556260e-01,2.294556259e-01
6.410000000e-03,1.000000000e+01,9.977064576e+00,1.025717649e+01,-2.293542418e-01,2.293542418e-01
6.412000000e-03,1.000000000e+01,9.977166385e+00,1.071494537e+01,-2.283361549e-01,2.283361549e-01
6.414000000e-03,1.000000000e+01,9.977359438e+00,1.116976509e+01,-2.264056179e-01,2.264056179e-01
6.416000000e-03,1.000000000e+01,9.977642947e+00,1.161981832e+01,-2.235705295e-01,2.235705295e-01
6.418000000e-03,1.000000000e+01,9.978015760e+00,1.206330716e+01,-2.198424025e-01,2.198424024e-01
6.420000000e-03,1.000000000e+01,9.978476368e+00,1.249846032e+01,-2.152363166e-01,2.152363166e-01
6.422000000e-03,1.000000000e+01,9.979022914e+00,1.292354017e+01,-2.097708579e-01,2.097708579e-01
6.424000000e-03,1.000000000e+01,9.979653196e+00,1.333684969e+01,-2.034680436e-01,2.034680436e-01
6.426000000e-03,1.000000000e+01,9.980364677e+00,1.373673924e+01,-1.963532333e-01,1.963532333e-01
6.428000000e-03,1.000000000e+01,9.981154497e+00,1.412161316e+01,-1.884550271e-01,1.884550271e-01
6.430000000e-03,1.000000000e+01,9.982019485e+00,1.448993613e+01,-1.798051507e-01,1.798051507e-01
6.432000000e-03,1.000000000e+01,9.982956167e+00,1.484023927e+01,-1.704383276e-01,1.704383276e-01
6.434000000e-03,1.000000000e+01,9.983960786e+00,1.517112604e+01,-1.603921403e-01,1.603921403e-01
6.436000000e-03,1.000000000e+01,9.985029445e+00,1.548131423e+01,-1.497055500e-01,1.497055499e-01
6.438000000e-03,1.000000000e+01,9.986157759e+00,1.576953061e+01,-1.384224068e-01,1.384224068e-01
6.440000000e-03,1.000000000e+01,9.987341026e+00,1.603458769e+01,-1.265897450e-01,1.265897450e-01
6.442000000e-03,1.000000000e+01,9.988574653e+00,1.627547166e+01,-1.142534737e-01,1.142534737e-01
6.444000000e-03,1.000000000e+01,9.989853700e+00,1.649122455e+01,-1.014630014e-01,1.014630014e-01
6.446000000e-03,1.000000000e+01,9.991173046e+00,1.668098904e+01,-8.826954227e-02,8.826954225e-02
6.448000000e-03,1.000000000e+01,9.992527409e+00,1.684401183e+01,-7.472591071e-02,7.472591069e-02
6.450000000e-03,1.000000000e+01,9.993911369e+00,1.697964667e+01,-6.088631034e-02,6.088631032e-02
6.452000000e-03,1.000000000e+01,9.995319388e+00,1.708735693e+01,-4.680611688e-02,4.680611686e-02
6.454000000e-03,1.000000000e+01,9.996745834e+00,1.716671765e+01,-3.254165662e-02,3.254165660e-02
6.456000000e-03,1.000000000e+01,9.998185002e+00,1.721741731e+01,-1.814998109e-02,1.814998107e-02
6.458000000e-03,1.000000000e+01,9.999631136e+00,1.723925901e+01,-3.688638895e-03,3.688638875e-03
6.460000000e-03,1.000000000e+01,1.000107846e+01,1.723216120e+01,1.078455442e-02,-1.078455444e-02
6.462000000e-03,1.000000000e+01,1.000252117e+01,1.719615805e+01,2.521174749e-02,-2.521174751e-02
6.464000000e-03,1.000000000e+01,1.000395353e+01,1.713139924e+01,3.953528441e-02,-3.953528443e-02
6.466000000e-03,1.000000000e+01,1.000536979e+01,1.703814936e+01,5.369793509e-02,-5.369793511e-02
6.468000000e-03,1.000000000e+01,1.000676431e+01,1.691678683e+01,6.764312397e-02,-6.764312399e-02
6.470000000e-03,1.000000000e+01,1.000813152e+01,1.676780235e+01,8.131515596e-02,-8.131515598e-02
6.472000000e-03,1.000000000e+01,1.000946594e+01,1.659179694e+01,9.465943894e-02,-9.465943896e-02
6.474000000e-03,1.000000000e+01,1.001076227e+01,1.638947949e+01,1.076227017e-01,-1.076227017e-01
6.476000000e-03,1.000000000e+01,1.001201532e+01,1.616166391e+01,1.201532066e-01,-1.201532067e-01
6.478000000e-03,1.000000000e+01,1.001322010e+01,1.590926588e+01,1.322009562e-01,-1.322009562e-01
6.480000000e-03,1.000000000e+01,1.001437179e+01,1.563329915e+01,1.437178923e-01,-1.437178923e-01
6.482000000e-03,1.000000000e+01,1.001546594e+01,1.533483409e+01,1.546593827e-01,-1.546593828e-01
6.484000000e-03,1.000000000e+01,1.001649791e+01,1.501514023e+01,1.649791488e-01,-1.649791488e-01
6.486000000e-03,1.000000000e+01,1.001746374e+01,1.467546492e+01,1.746374334e-01,-1.746374334e-01
6.488000000e-03,1.000000000e+01,1.001835958e+01,1.431716984e+01,1.835957651e-01,-1.835957651e-01
6.490000000e-03,1.000000000e+01,1.001918185e+01,1.394169079e+01,1.918184775e-01,-1.918184775e-01
6.492000000e-03,1.000000000e+01,1.001992729e+01,1.355053201e+01,1.992728518e-01,-1.992728518e-01
6.494000000e-03,1.000000000e+01,1.002059292e+01,1.314526007e+01,2.059292467e-01,-2.059292468e-01
6.496000000e-03,1.000000000e+01,1.002117612e+01,1.272749766e+01,2.117612165e-01,-2.117612165e-01
6.498000000e-03,1.000000000e+01,1.002167456e+01,1.229891707e+01,2.167456157e-01,-2.167456157e-01
6.500000000e-03,1.000000000e+01,1.002208627e+01,1.186123348e+01,2.208626913e-01,-2.208626913e-01
6.502000000e-03,1.000000000e+01,1.002240962e+01,1.141619812e+01,2.240961610e-01,-2.240961610e-01
6.504000000e-03,1.000000000e+01,1.002264333e+01,1.096559126e+01,2.264332774e-01,-2.264332775e-01
6.506000000e-03,1.000000000e+01,1.002278649e+01,1.051121509e+01,2.278648784e-01,-2.278648784e-01
6.508000000e-03,1.000000000e+01,1.002283854e+01,1.005488647e+01,2.283854230e-01,-2.283854230e-01
6.510000000e-03,1.000000000e+01,1.002279930e+01,9.598429741e+00,2.279930127e-01,-2.279930128e-01
6.512000000e-03,1.000000000e+01,1.002266894e+01,9.143669369e+00,2.266893988e-01,-2.266893988e-01
6.514000000e-03,1.000000000e+01,1.002244800e+01,8.692422682e+00,2.244799738e-01,-2.244799738e-01
6.516000000e-03,1.000000000e+01,1.002213738e+01,8.246492596e+00,2.213737500e-01,-2.213737501e-01
6.518000000e-03,1.000000000e+01,1.002173833e+01,7.807660422e+00,2.173833223e-01,-2.173833223e-01
6.520000000e-03,1.000000000e+01,1.002125248e+01,7.377678739e+00,2.125248171e-01,-2.125248171e-01
6.522000000e-03,1.000000000e+01,1.002068178e+01,6.958264404e+00,2.068178273e-01,-2.068178274e-01
6.524000000e-03,1.000000000e+01,1.002002853e+01,6.551091691e+00,2.002853334e-01,-2.002853335e-01
6.526000000e-03,1.000000000e+01,1.001929536e+01,6.157785610e+00,1.929536107e-01,-1.929536107e-01
6.528000000e-03,1.000000000e+01,1.001848521e+01,5.779915424e+00,1.848521236e-01,-1.848521237e-01
6.530000000e-03,1.000000000e+01,1.001760134e+01,5.418988382e+00,1.760134077e-01,-1.760134077e-01
6.532000000e-03,1.000000000e+01,1.001664729e+01,5.076443712e+00,1.664729384e-01,-1.664729385e-01
6.534000000e-03,1.000000000e+01,1.001562690e+01,4.753646879e+00,1.562689892e-01,-1.562689892e-01
6.536000000e-03,1.000000000e+01,1.001454425e+01,4.451884145e+00,1.454424776e-01,-1.454424777e-01
6.538000000e-03,1.000000000e+01,1.001340368e+01,4.172357440e+00,1.340368015e-01,-1.340368015e-01
6.540000000e-03,1.000000000e+01,1.001220977e+01,3.916179579e+00,1.220976649e-01,-1.220976649e-01
6.542000000e-03,1.000000000e+01,1.001096729e+01,3.684369828e+00,1.096728948e-01,-1.096728948e-01
6.544000000e-03,1.000000000e+01,1.000968122e+01,3.477849850e+00,9.681224998e-02,-9.681225000e-02
6.546000000e-03,1.000000000e+01,1.000835672e+01,3.297440044e+00,8.356722120e-02,-8.356722122e-02
6.548000000e-03,1.000000000e+01,1.000699908e+01,3.143856281e+00,6.999082539e-02,-6.999082541e-02
6.550000000e-03,1.000000000e+01,1.000561374e+01,3.017707064e+00,5.613739334e-02,-5.613739336e-02
6.552000000e-03,1.000000000e+01,1.000420624e+01,2.919491124e+00,4.206235226e-02,-4.206235228e-02
6.554000000e-03,1.000000000e+01,1.000278220e+01,2.849595440e+00,2.782200406e-02,-2.782200408e-02
6.556000000e-03,1.000000000e+01,1.000134733e+01,2.808293718e+00,1.347330009e-02,-1.347330011e-02
6.558000000e-03,1.000000000e+01,9.999907361e+00,2.795745323e+00,-9.263865551e-04,9.263865351e-04
6.560000000e-03,1.000000000e+01,9.998468051e+00,2.811994658e+00,-1.531949051e-02,1.531949049e-02
6.562000000e-03,1.000000000e+01,9.997035152e+00,2.856971017e+00,-2.964848423e-02,2.964848421e-02
6.564000000e-03,1.000000000e+01,9.995614389e+00,2.930488884e+00,-4.385610791e-02,4.385610789e-02
6.566000000e-03,1.000000000e+01,9.994211440e+00,3.032248702e+00,-5.788559831e-02,5.788559829e-02
6.568000000e-03,1.000000000e+01,9.992831908e+00,3.161838092e+00,-7.168091556e-02,7.168091554e-02
6.570000000e-03,1.000000000e+01,9.991481303e+00,3.318733521e+00,-8.518696695e-02,8.518696693e-02
6.572000000e-03,1.000000000e+01,9.990165017e+00,3.502302422e+00,-9.834982700e-02,9.834982698e-02
6.574000000e-03,1.000000000e+01,9.988888305e+00,3.711805740e+00,-1.111169527e-01,1.111169527e-01
6.576000000e-03,1.000000000e+01,9.987656261e+00,3.946400909e+00,-1.234373934e-01,1.234373934e-01
6.578000000e-03,1.000000000e+01,9.986473801e+00,4.205145238e+00,-1.352619939e-01,1.352619939e-01
6.580000000e-03,1.000000000e+01,9.985345641e+00,4.486999705e+00,-1.465435907e-01,1.465435907e-01
6.582000000e-03,1.000000000e+01,9.984276154e+00,4.790871117e+00,-1.572384642e-01,1.572384642e-01
6.584000000e-03,1.000000000e+01,9.983269862e+00,5.115467123e+00,-1.673013833e-01,1.673013832e-01
6.586000000e-03,1.000000000e+01,9.982330641e+00,5.459521562e+00,-1.766935904e-01,1.766935904e-01
6.588000000e-03,1.000000000e+01,9.981462232e+00,5.821655365e+00,-1.853776793e-01,1.853776793e-01
6.590000000e-03,1.000000000e+01,9.980668092e+00,6.200417479e+00,-1.933190816e-01,1.933190815e-01
6.592000000e-03,1.000000000e+01,9.979951380e+00,6.594290673e+00,-2.004862041e-01,2.004862041e-01
6.594000000e-03,1.000000000e+01,9.979314944e+00,7.001697625e+00,-2.068505550e-01,2.068505550e-01
6.596000000e-03,1.000000000e+01,9.978761252e+00,7.421058678e+00,-2.123874829e-01,2.123874828e-01
6.598000000e-03,1.000000000e+01,9.978292633e+00,7.850593741e+00,-2.170736683e-01,2.170736683e-01
6.600000000e-03,1.000000000e+01,9.977910872e+00,8.288634018e+00,-2.208912786e-01,2.208912786e-01
6.602000000e-03,1.000000000e+01,9.977617477e+00,8.733426972e+00,-2.238252286e-01,2.238252285e-01
6.604000000e-03,1.000000000e+01,9.977413603e+00,9.183193428e+00,-2.258639680e-01,2.258639680e-01
6.606000000e-03,1.000000000e+01,9.977300047e+00,9.636134685e+00,-2.269995273e-01,2.269995273e-01
6.608000000e-03,1.000000000e+01,9.977277245e+00,1.009043971e+01,-2.272275481e-01,2.272275481e-01
6.610000000e-03,1.000000000e+01,9.977345270e+00,1.054429240e+01,-2.265473007e-01,2.265473007e-01
6.612000000e-03,1.000000000e+01,9.977503831e+00,1.099587878e+01,-2.249616856e-01,2.249616855e-01
6.614000000e-03,1.000000000e+01,9.977752278e+00,1.144339435e+01,-2.224772214e-01,2.224772214e-01
6.616000000e-03,1.000000000e+01,9.978089598e+00,1.188505121e+01,-2.191040185e-01,2.191040184e-01
6.618000000e-03,1.000000000e+01,9.978514426e+00,1.231908523e+01,-2.148557370e-01,2.148557370e-01
6.620000000e-03,1.000000000e+01,9.979025047e+00,1.274376312e+01,-2.097495323e-01,2.097495323e-01
6.622000000e-03,1.000000000e+01,9.979619401e+00,1.315738933e+01,-2.038059854e-01,2.038059853e-01
6.624000000e-03,1.000000000e+01,9.980295098e+00,1.355831280e+01,-1.970490198e-01,1.970490198e-01
6.626000000e-03,1.000000000e+01,9.981049419e+00,1.394493361e+01,-1.895058058e-01,1.895058058e-01
6.628000000e-03,1.000000000e+01,9.981879335e+00,1.431570929e+01,-1.812066506e-01,1.812066506e-01
6.630000000e-03,1.000000000e+01,9.982781512e+00,1.466916104e+01,-1.721848769e-01,1.721848768e-01
6.632000000e-03,1.000000000e+01,9.983752331e+00,1.500387957e+01,-1.624766890e-01,1.624766889e-01
6.634000000e-03,1.000000000e+01,9.984787897e+00,1.531853079e+01,-1.521210275e-01,1.521210275e-01
6.636000000e-03,1.000000000e+01,9.985884059e+00,1.561186105e+01,-1.411594134e-01,1.411594134e-01
6.638000000e-03,1.000000000e+01,9.987036565e+00,1.588273377e+01,-1.296343546e-01,1.296343546e-01
6.640000000e-03,1.000000000e+01,9.988240518e+00,1.613000481e+01,-1.175948161e-01,1.175948160e-01
6.642000000e-03,1.000000000e+01,9.989491234e+00,1.635272491e+01,-1.050876620e-01,1.050876620e-01
6.644000000e-03,1.000000000e+01,9.990783702e+00,1.655000880e+01,-9.216297666e-02,9.216297664e-02
6.646000000e-03,1.000000000e+01,9.992112750e+00,1.672107301e+01,-7.887250323e-02,7.887250321e-02
6.648000000e-03,1.000000000e+01,9.993473056e+00,1.686523905e+01,-6.526943652e-02,6.526943650e-02
6.650000000e-03,1.000000000e+01,9.994859179e+00,1.698193607e+01,-5.140821017e-02,5.140821015e-02
6.652000000e-03,1.000000000e+01,9.996265572e+00,1.707070313e+01,-3.734427878e-02,3.734427876e-02
6.654000000e-03,1.000000000e+01,9.997686610e+00,1.713119102e+01,-2.313389605e-02,2.313389603e-02
6.656000000e-03,1.000000000e+01,9.999116611e+00,1.716316363e+01,-8.833889827e-03,8.833889807e-03
6.658000000e-03,1.000000000e+01,1.000054986e+01,1.716649885e+01,5.498565220e-03,-5.498565240e-03
6.660000000e-03,1.000000000e+01,1.000198062e+01,1.714118910e+01,1.980617614e-02,-1.980617616e-02
6.662000000e-03,1.000000000e+01,1.000340318e+01,1.708734127e+01,3.403176075e-02,-3.403176077e-02
6.664000000e-03,1.000000000e+01,1.000481185e+01,1.700517628e+01,4.811847616e-02,-4.811847618e-02
6.666000000e-03,1.000000000e+01,1.000620100e+01,1.689502821e+01,6.201004590e-02,-6.201004592e-02
6.668000000e-03,1.000000000e+01,1.000756510e+01,1.675734292e+01,7.565098476e-02,-7.565098478e-02
6.670000000e-03,1.000000000e+01,1.000889884e+01,1.659265484e+01,8.898841968e-02,-8.898841970e-02
6.672000000e-03,1.000000000e+01,1.001019659e+01,1.640166718e+01,1.019658638e-01,-1.019658638e-01
6.674000000e-03,1.000000000e+01,1.001145332e+01,1.618513043e+01,1.145331575e-01,-1.145331575e-01
6.676000000e-03,1.000000000e+01,1.001266402e+01,1.594391517e+01,1.266401516e-01,-1.266401516e-01
6.678000000e-03,1.000000000e+01,1.001382385e+01,1.567899048e+01,1.382385468e-01,-1.382385468e-01
6.680000000e-03,1.000000000e+01,1.001492821e+01,1.539141999e+01,1.492820865e-01,-1.492820865e-01
6.682000000e-03,1.000000000e+01,1.001597267e+01,1.508235766e+01,1.597267407e-01,-1.597267407e-01
6.684000000e-03,1.000000000e+01,1.001695309e+01,1.475304308e+01,1.695308823e-01,-1.695308824e-01
6.686000000e-03,1.000000000e+01,1.001786555e+01,1.440479657e+01,1.786554525e-01,-1.786554526e-01
6.688000000e-03,1.000000000e+01,1.001870641e+01,1.403901385e+01,1.870641166e-01,-1.870641166e-01
6.690000000e-03,1.000000000e+01,1.001947234e+01,1.365716046e+01,1.947234084e-01,-1.947234084e-01
6.692000000e-03,1.000000000e+01,1.002016029e+01,1.326076586e+01,2.016028638e-01,-2.016028638e-01
6.694000000e-03,1.000000000e+01,1.002076751e+01,1.285141734e+01,2.076751419e-01,-2.076751419e-01
6.696000000e-03,1.000000000e+01,1.002129161e+01,1.243075365e+01,2.129161333e-01,-2.129161333e-01
6.698000000e-03,1.000000000e+01,1.002173051e+01,1.200045843e+01,2.173050562e-01,-2.173050562e-01
6.700000000e-03,1.000000000e+01,1.002208245e+01,1.156225349e+01,2.208245386e-01,-2.208245386e-01
6.702000000e-03,1.000000000e+01,1.002234607e+01,1.111789191e+01,2.234606870e-01,-2.234606870e-01
6.704000000e-03,1.000000000e+01,1.002252031e+01,1.066915101e+01,2.252031415e-01,-2.252031416e-01
6.706000000e-03,1.000000000e+01,1.002260451e+01,1.021782528e+01,2.260451164e-01,-2.260451165e-01
6.708000000e-03,1.000000000e+01,1.002259834e+01,9.765719175e+00,2.259834264e-01,-2.259834264e-01
6.710000000e-03,1.000000000e+01,1.002250185e+01,9.314639906e+00,2.250184987e-01,-2.250184987e-01
6.712000000e-03,1.000000000e+01,1.002231544e+01,8.866390219e+00,2.231543709e-01,-2.231543709e-01
6.714000000e-03,1.000000000e+01,1.002203987e+01,8.422761192e+00,2.203986735e-01,-2.203986735e-01
6.716000000e-03,1.000000000e+01,1.002167626e+01,7.985525074e+00,2.167625995e-01,-2.167625995e-01
6.718000000e-03,1.000000000e+01,1.002122609e+01,7.556428208e+00,2.122608581e-01,-2.122608581e-01
6.720000000e-03,1.000000000e+01,1.002069116e+01,7.137184055e+00,2.069116159e-01,-2.069116159e-01
6.722000000e-03,1.000000000e+01,1.002007364e+01,6.729466354e+00,2.007364231e-01,-2.007364231e-01
6.724000000e-03,1.000000000e+01,1.001937601e+01,6.334902436e+00,1.937601270e-01,-1.937601270e-01
6.726000000e-03,1.000000000e+01,1.001860108e+01,5.955066732e+00,1.860107719e-01,-1.860107719e-01
6.728000000e-03,1.000000000e+01,1.001775195e+01,5.591474489e+00,1.775194864e-01,-1.775194864e-01
6.730000000e-03,1.000000000e+01,1.001683204e+01,5.245575729e+00,1.683203583e-01,-1.683203583e-01
6.732000000e-03,1.000000000e+01,1.001584503e+01,4.918749461e+00,1.584502979e-01,-1.584502979e-01
6.734000000e-03,1.000000000e+01,1.001479489e+01,4.612298186e+00,1.479488897e-01,-1.479488897e-01
6.736000000e-03,1.000000000e+01,1.001368582e+01,4.327442708e+00,1.368582339e-01,-1.368582339e-01
6.738000000e-03,1.000000000e+01,1.001252228e+01,4.065317268e+00,1.252227774e-01,-1.252227774e-01
6.740000000e-03,1.000000000e+01,1.001130891e+01,3.826965027e+00,1.130891357e-01,-1.130891357e-01
6.742000000e-03,1.000000000e+01,1.001005059e+01,3.613333919e+00,1.005059064e-01,-1.005059064e-01
6.744000000e-03,1.000000000e+01,1.000875235e+01,3.425272879e+00,8.752347424e-02,-8.752347426e-02
6.746000000e-03,1.000000000e+01,1.000741938e+01,3.263528467e+00,7.419380948e-02,-7.419380950e-02
6.748000000e-03,1.000000000e+01,1.000605703e+01,3.128741907e+00,6.057025990e-02,-6.057025992e-02
6.750000000e-03,1.000000000e+01,1.000467073e+01,3.021446548e+00,4.670733727e-02,-4.670733729e-02
6.752000000e-03,1.000000000e+01,1.000326605e+01,2.942065747e+00,3.266049921e-02,-3.266049923e-02
6.754000000e-03,1.000000000e+01,1.000184859e+01,2.890911204e+00,1.848592734e-02,-1.848592736e-02
6.756000000e-03,1.000000000e+01,1.000042403e+01,2.868181739e+00,4.240302619e-03,-4.240302639e-03
6.758000000e-03,1.000000000e+01,9.998998058e+00,2.873962513e+00,-1.001942135e-02,1.001942133e-02
6.760000000e-03,1.000000000e+01,9.997576375e+00,2.908224721e+00,-2.423624599e-02,2.423624597e-02
6.762000000e-03,1.000000000e+01,9.996164664e+00,2.970825721e+00,-3.835335561e-02,3.835335559e-02
6.764000000e-03,1.000000000e+01,9.994768566e+00,3.061509629e+00,-5.231434441e-02,5.231434439e-02
6.766000000e-03,1.000000000e+01,9.993393656e+00,3.179908369e+00,-6.606344192e-02,6.606344190e-02
6.768000000e-03,1.000000000e+01,9.992045426e+00,3.325543161e+00,-7.954573571e-02,7.954573569e-02
6.770000000e-03,1.000000000e+01,9.990729261e+00,3.497826458e+00,-9.270739077e-02,9.270739075e-02
6.772000000e-03,1.000000000e+01,9.989450414e+00,3.696064320e+00,-1.054958644e-01,1.054958644e-01
6.774000000e-03,1.000000000e+01,9.988213988e+00,3.919459203e+00,-1.178601161e-01,1.178601161e-01
6.776000000e-03,1.000000000e+01,9.987024919e+00,4.167113173e+00,-1.297508111e-01,1.297508110e-01
6.778000000e-03,1.000000000e+01,9.985887948e+00,4.438031511e+00,-1.411205172e-01,1.411205172e-01
6.780000000e-03,1.000000000e+01,9.984807611e+00,4.731126711e+00,-1.519238943e-01,1.519238943e-01
6.782000000e-03,1.000000000e+01,9.983788092e+00,5.045262030e+00,-1.621190771e-01,1.621190771e-01
6.784000000e-03,1.000000000e+01,9.982833704e+00,5.379101783e+00,-1.716629569e-01,1.716629569e-01
6.786000000e-03,1.000000000e+01,9.981948120e+00,5.731344381e+00,-1.805187954e-01,1.805187954e-01
6.788000000e-03,1.000000000e+01,9.981134867e+00,6.100578236e+00,-1.886513338e-01,1.886513338e-01
6.790000000e-03,1.000000000e+01,9.980397179e+00,6.485324134e+00,-1.960282112e-01,1.960282111e-01
6.792000000e-03,1.000000000e+01,9.979737991e+00,6.884041151e+00,-2.026200934e-01,2.026200933e-01
6.794000000e-03,1.000000000e+01,9.979159921e+00,7.295132833e+00,-2.084007899e-01,2.084007899e-01
6.796000000e-03,1.000000000e+01,9.978665264e+00,7.716953580e+00,-2.133473576e-01,2.133473576e-01
6.798000000e-03,1.000000000e+01,9.978255981e+00,8.147815241e+00,-2.174401921e-01,2.174401921e-01
6.800000000e-03,1.000000000e+01,9.977933689e+00,8.585993865e+00,-2.206631052e-01,2.206631052e-01
6.802000000e-03,1.000000000e+01,9.977699661e+00,9.029736599e+00,-2.230033889e-01,2.230033889e-01
6.804000000e-03,1.000000000e+01,9.977554813e+00,9.477268702e+00,-2.244518658e-01,2.244518657e-01
6.806000000e-03,1.000000000e+01,9.977499708e+00,9.926800641e+00,-2.250029245e-01,2.250029245e-01
6.808000000e-03,1.000000000e+01,9.977534546e+00,1.037653525e+01,-2.246545422e-01,2.246545421e-01
6.810000000e-03,1.000000000e+01,9.977659171e+00,1.082467491e+01,-2.234082910e-01,2.234082910e-01
6.812000000e-03,1.000000000e+01,9.977873067e+00,1.126942874e+01,-2.212693319e-01,2.212693319e-01
6.814000000e-03,1.000000000e+01,9.978175361e+00,1.170901974e+01,-2.182463928e-01,2.182463928e-01
6.816000000e-03,1.000000000e+01,9.978564827e+00,1.214169192e+01,-2.143517330e-01,2.143517330e-01
6.818000000e-03,1.000000000e+01,9.979039891e+00,1.256571727e+01,-2.096010937e-01,2.096010937e-01
6.820000000e-03,1.000000000e+01,9.979598637e+00,1.297940271e+01,-2.040136344e-01,2.040136344e-01
6.822000000e-03,1.000000000e+01,9.980238814e+00,1.338109682e+01,-1.976118553e-01,1.976118553e-01
6.824000000e-03,1.000000000e+01,9.980957849e+00,1.376919643e+01,-1.904215071e-01,1.904215071e-01
6.826000000e-03,1.000000000e+01,9.981752851e+00,1.414215304e+01,-1.824714870e-01,1.824714870e-01
6.828000000e-03,1.000000000e+01,9.982620628e+00,1.449847898e+01,-1.737937231e-01,1.737937231e-01
6.830000000e-03,1.000000000e+01,9.983557695e+00,1.483675335e+01,-1.644230457e-01,1.644230457e-01
6.832000000e-03,1.000000000e+01,9.984560420e+00,1.515566527e+01,-1.543957978e-01,1.543957977e-01
6.834000000e-03,1.000000000e+01,9.985624539e+00,1.545386634e+01,-1.437546116e-01,1.437546116e-01
6.836000000e-03,1.000000000e+01,9.986745903e+00,1.573020881e+01,-1.325409702e-01,1.325409702e-01
6.838000000e-03,1.000000000e+01,9.987920019e+00,1.598359252e+01,-1.207998087e-01,1.207998086e-01
6.840000000e-03,1.000000000e+01,9.989142184e+00,1.621300928e+01,-1.085781616e-01,1.085781616e-01
6.842000000e-03,1.000000000e+01,9.990407503e+00,1.641754692e+01,-9.592497480e-02,9.592497478e-02
6.844000000e-03,1.000000000e+01,9.991710909e+00,1.659639288e+01,-8.289090896e-02,8.289090894e-02
6.846000000e-03,1.000000000e+01,9.993047186e+00,1.674883745e+01,-6.952813710e-02,6.952813708e-02
6.848000000e-03,1.000000000e+01,9.994410986e+00,1.687427661e+01,-5.589013562e-02,5.589013560e-02
6.850000000e-03,1.000000000e+01,9.995796853e+00,1.697221438e+01,-4.203147031e-02,4.203147029e-02
6.852000000e-03,1.000000000e+01,9.997199242e+00,1.704226479e+01,-2.800757804e-02,2.800757802e-02
6.854000000e-03,1.000000000e+01,9.998612546e+00,1.708415344e+01,-1.387454498e-02,1.387454496e-02
6.856000000e-03,1.000000000e+01,1.000003111e+01,1.709771853e+01,3.111176644e-04,-3.111176844e-04
6.858000000e-03,1.000000000e+01,1.000144927e+01,1.708291151e+01,1.449269964e-02,-1.449269966e-02
6.860000000e-03,1.000000000e+01,1.000286135e+01,1.703979724e+01,2.861351833e-02,-2.861351835e-02
6.862000000e-03,1.000000000e+01,1.000426171e+01,1.696855370e+01,4.261714536e-02,-4.261714538e-02
6.864000000e-03,1.000000000e+01,1.000564476e+01,1.686947128e+01,5.644763201e-02,-5.644763203e-02
6.866000000e-03,1.000000000e+01,1.000700497e+01,1.674295158e+01,7.004973282e-02,-7.004973284e-02
6.868000000e-03,1.000000000e+01,1.000833691e+01,1.658950577e+01,8.336912621e-02,-8.336912623e-02
6.870000000e-03,1.000000000e+01,1.000963526e+01,1.640975257e+01,9.635263145e-02,-9.635263147e-02
6.872000000e-03,1.000000000e+01,1.001089484e+01,1.620441570e+01,1.089484210e-01,-1.089484210e-01
6.874000000e-03,1.000000000e+01,1.001211062e+01,1.597432101e+01,1.211062273e-01,-1.211062273e-01
6.876000000e-03,1.000000000e+01,1.001327775e+01,1.572039313e+01,1.327775436e-01,-1.327775436e-01
6.878000000e-03,1.000000000e+01,1.001439171e+01,1.544361701e+01,1.439171379e-01,-1.439171379e-01
6.880000000e-03,1.000000000e+01,1.001544779e+01,1.514517030e+01,1.544778836e-01,-1.544778836e-01
6.882000000e-03,1.000000000e+01,1.001644202e+01,1.482617841e+01,1.644202441e-01,-1.644202441e-01
6.884000000e-03,1.000000000e+01,1.001737022e+01,1.448799753e+01,1.737021845e-01,-1.737021845e-01
6.886000000e-03,1.000000000e+01,1.001822880e+01,1.413194587e+01,1.822879852e-01,-1.822879852e-01
6.888000000e-03,1.000000000e+01,1.001901435e+01,1.375945014e+01,1.901434684e-01,-1.901434684e-01
6.890000000e-03,1.000000000e+01,1.001972374e+01,1.337200249e+01,1.972373820e-01,-1.972373820e-01
6.892000000e-03,1.000000000e+01,1.002035415e+01,1.297115452e+01,2.035415239e-01,-2.035415240e-01
6.894000000e-03,1.000000000e+01,1.002090309e+01,1.255851109e+01,2.090308548e-01,-2.090308549e-01
6.896000000e-03,1.000000000e+01,1.002136836e+01,1.213572389e+01,2.136835969e-01,-2.136835969e-01
6.898000000e-03,1.000000000e+01,1.002174813e+01,1.170448481e+01,2.174813205e-01,-2.174813206e-01
6.900000000e-03,1.000000000e+01,1.002204090e+01,1.126651919e+01,2.204090174e-01,-2.204090174e-01
6.902000000e-03,1.000000000e+01,1.002224552e+01,1.082357893e+01,2.224551595e-01,-2.224551595e-01
6.904000000e-03,1.000000000e+01,1.002236117e+01,1.037743543e+01,2.236117448e-01,-2.236117448e-01
6.906000000e-03,1.000000000e+01,1.002238743e+01,9.929872554e+00,2.238743283e-01,-2.238743284e-01
6.908000000e-03,1.000000000e+01,1.002232420e+01,9.482679493e+00,2.232420394e-01,-2.232420395e-01
6.910000000e-03,1.000000000e+01,1.002217176e+01,9.037643588e+00,2.217175843e-01,-2.217175843e-01
6.912000000e-03,1.000000000e+01,1.002193072e+01,8.596543204e+00,2.193072345e-01,-2.193072345e-01
6.914000000e-03,1.000000000e+01,1.002160208e+01,8.161140621e+00,2.160208014e-01,-2.160208015e-01
6.916000000e-03,1.000000000e+01,1.002118716e+01,7.733174993e+00,2.118715960e-01,-2.118715960e-01
6.918000000e-03,1.000000000e+01,1.002068764e+01,7.314355400e+00,2.068763751e-01,-2.068763751e-01
6.920000000e-03,1.000000000e+01,1.002010553e+01,6.906354023e+00,2.010552737e-01,-2.010552737e-01
6.922000000e-03,1.000000000e+01,1.001944317e+01,6.510799471e+00,1.944317237e-01,-1.944317238e-01
6.924000000e-03,1.000000000e+01,1.001870324e+01,6.129270275e+00,1.870323599e-01,-1.870323599e-01
6.926000000e-03,1.000000000e+01,1.001788869e+01,5.763288593e+00,1.788869123e-01,-1.788869123e-01
6.928000000e-03,1.000000000e+01,1.001700281e+01,5.414314134e+00,1.700280875e-01,-1.700280875e-01
6.930000000e-03,1.000000000e+01,1.001604914e+01,5.083738339e+00,1.604914365e-01,-1.604914365e-01
6.932000000e-03,1.000000000e+01,1.001503152e+01,4.772878832e+00,1.503152127e-01,-1.503152127e-01
6.934000000e-03,1.000000000e+01,1.001395402e+01,4.482974166e+00,1.395402180e-01,-1.395402181e-01
6.936000000e-03,1.000000000e+01,1.001282096e+01,4.215178891e+00,1.282096398e-01,-1.282096398e-01
6.938000000e-03,1.000000000e+01,1.001163689e+01,3.970558958e+00,1.163688770e-01,-1.163688770e-01
6.940000000e-03,1.000000000e+01,1.001040654e+01,3.750087470e+00,1.040653589e-01,-1.040653589e-01
6.942000000e-03,1.000000000e+01,1.000913484e+01,3.554640817e+00,9.134835497e-02,-9.134835499e-02
6.944000000e-03,1.000000000e+01,1.000782688e+01,3.384995189e+00,7.826877743e-02,-7.826877745e-02
6.946000000e-03,1.000000000e+01,1.000648790e+01,3.241823495e+00,6.487897751e-02,-6.487897753e-02
6.948000000e-03,1.000000000e+01,1.000512325e+01,3.125692693e+00,5.123253595e-02,-5.123253597e-02
6.950000000e-03,1.000000000e+01,1.000373840e+01,3.037061548e+00,3.738404855e-02,-3.738404857e-02
6.952000000e-03,1.000000000e+01,1.000233889e+01,2.976278815e+00,2.338890777e-02,-2.338890779e-02
6.954000000e-03,1.000000000e+01,1.000093031e+01,2.943581873e+00,9.303081171e-03,-9.303081191e-03
6.956000000e-03,1.000000000e+01,9.999518289e+00,2.939095792e+00,-4.817112433e-03,4.817112413e-03
6.958000000e-03,1.000000000e+01,9.998108477e+00,2.962832862e+00,-1.891522811e-02,1.891522809e-02
6.960000000e-03,1.000000000e+01,9.996706508e+00,3.014692561e+00,-3.293492048e-02,3.293492046e-02
6.962000000e-03,1.000000000e+01,9.995317983e+00,3.094461983e+00,-4.682016887e-02,4.682016885e-02
6.964000000e-03,1.000000000e+01,9.993948450e+00,3.201816709e+00,-6.051550118e-02,6.051550116e-02
6.966000000e-03,1.000000000e+01,9.992603217e+00,3.336339888e+00,-7.396783200e-02,7.396783198e-02
6.968000000e-03,1.000000000e+01,9.991287982e+00,3.497456151e+00,-8.712017607e-02,8.712017605e-02
6.970000000e-03,1.000000000e+01,9.990007833e+00,3.684530692e+00,-9.992167256e-02,9.992167254e-02
6.972000000e-03,1.000000000e+01,9.988767878e+00,3.896810586e+00,-1.123212244e-01,1.123212244e-01
6.974000000e-03,1.000000000e+01,9.987573065e+00,4.133442316e+00,-1.242693512e-01,1.242693512e-01
6.976000000e-03,1.000000000e+01,9.986428161e+00,4.393475200e+00,-1.357183870e-01,1.357183870e-01
6.978000000e-03,1.000000000e+01,9.985337733e+00,4.675865213e+00,-1.466226701e-01,1.466226700e-01
6.980000000e-03,1.000000000e+01,9.984306127e+00,4.979479179e+00,-1.569387252e-01,1.569387252e-01
6.982000000e-03,1.000000000e+01,9.983337456e+00,5.303099314e+00,-1.666254371e-01,1.666254371e-01
6.984000000e-03,1.000000000e+01,9.982435579e+00,5.645428117e+00,-1.756442140e-01,1.756442140e-01
6.986000000e-03,1.000000000e+01,9.981604086e+00,6.005093566e+00,-1.839591417e-01,1.839591417e-01
6.988000000e-03,1.000000000e+01,9.980846287e+00,6.380654620e+00,-1.915371265e-01,1.915371265e-01
6.990000000e-03,1.000000000e+01,9.980165197e+00,6.770606993e+00,-1.983480267e-01,1.983480267e-01
6.992000000e-03,1.000000000e+01,9.979563523e+00,7.173389176e+00,-2.043647727e-01,2.043647727e-01
6.994000000e-03,1.000000000e+01,9.979043653e+00,7.587388693e+00,-2.095634746e-01,2.095634746e-01
6.996000000e-03,1.000000000e+01,9.978607648e+00,8.010948556e+00,-2.139235169e-01,2.139235169e-01
6.998000000e-03,1.000000000e+01,9.978257236e+00,8.442373894e+00,-2.174276404e-01,2.174276404e-01
7.000000000e-03,1.000000000e+01,9.977993799e+00,8.879938738e+00,-2.200620104e-01,2.200620104e-01
7.002000000e-03,1.000000000e+01,9.977818373e+00,9.321892925e+00,-2.218162713e-01,2.218162713e-01
7.004000000e-03,1.000000000e+01,9.977731641e+00,9.766469098e+00,-2.226835874e-01,2.226835873e-01
7.006000000e-03,1.000000000e+01,9.977733933e+00,1.021188977e+01,-2.226606694e-01,2.226606694e-01
7.008000000e-03,1.000000000e+01,9.977825221e+00,1.065637444e+01,-2.217477870e-01,2.217477870e-01
7.010000000e-03,1.000000000e+01,9.978005123e+00,1.109814671e+01,-2.199487670e-01,2.199487669e-01
7.012000000e-03,1.000000000e+01,9.978272902e+00,1.153544135e+01,-2.172709772e-01,2.172709771e-01
7.014000000e-03,1.000000000e+01,9.978627470e+00,1.196651141e+01,-2.137252964e-01,2.137252964e-01
7.016000000e-03,1.000000000e+01,9.979067393e+00,1.238963517e+01,-2.093260702e-01,2.093260702e-01
7.018000000e-03,1.000000000e+01,9.979590895e+00,1.280312299e+01,-2.040910530e-01,2.040910529e-01
7.020000000e-03,1.000000000e+01,9.980195866e+00,1.320532410e+01,-1.980413360e-01,1.980413360e-01
7.022000000e-03,1.000000000e+01,9.980879874e+00,1.359463317e+01,-1.912012628e-01,1.912012628e-01
7.024000000e-03,1.000000000e+01,9.981640167e+00,1.396949672e+01,-1.835983312e-01,1.835983311e-01
7.026000000e-03,1.000000000e+01,9.982473692e+00,1.432841933e+01,-1.752630823e-01,1.752630822e-01
7.028000000e-03,1.000000000e+01,9.983377102e+00,1.466996957e+01,-1.662289783e-01,1.662289783e-01
7.030000000e-03,1.000000000e+01,9.984346773e+00,1.499278574e+01,-1.565322683e-01,1.565322683e-01
7.032000000e-03,1.000000000e+01,9.985378816e+00,1.529558132e+01,-1.462118421e-01,1.462118421e-01
7.034000000e-03,1.000000000e+01,9.986469092e+00,1.557715004e+01,-1.353090751e-01,1.353090751e-01
7.036000000e-03,1.000000000e+01,9.987613234e+00,1.583637072e+01,-1.238676617e-01,1.238676617e-01
7.038000000e-03,1.000000000e+01,9.988806656e+00,1.607221172e+01,-1.119334407e-01,1.119334407e-01
7.040000000e-03,1.000000000e+01,9.990044579e+00,1.628373509e+01,-9.955421149e-02,9.955421147e-02
7.042000000e-03,1.000000000e+01,9.991322046e+00,1.647010022e+01,-8.677954250e-02,8.677954248e-02
7.044000000e-03,1.000000000e+01,9.992633943e+00,1.663056726e+01,-7.366057284e-02,7.366057282e-02
7.046000000e-03,1.000000000e+01,9.993975019e+00,1.676449999e+01,-6.024980756e-02,6.024980754e-02
7.048000000e-03,1.000000000e+01,9.995339909e+00,1.687136840e+01,-4.660090750e-02,4.660090748e-02
7.050000000e-03,1.000000000e+01,9.996723153e+00,1.695075076e+01,-3.276847460e-02,3.276847458e-02
7.052000000e-03,1.000000000e+01,9.998119217e+00,1.700233527e+01,-1.880783345e-02,1.880783343e-02
7.054000000e-03,1.000000000e+01,9.999522519e+00,1.702592130e+01,-4.774810004e-03,4.774809984e-03
7.056000000e-03,1.000000000e+01,1.000092745e+01,1.702142020e+01,9.274491620e-03,-9.274491640e-03
7.058000000e-03,1.000000000e+01,1.000232839e+01,1.698885555e+01,2.328391347e-02,-2.328391349e-02
7.060000000e-03,1.000000000e+01,1.000371975e+01,1.692836314e+01,3.719746822e-02,-3.719746824e-02
7.062000000e-03,1.000000000e+01,1.000509596e+01,1.684019034e+01,5.095956292e-02,-5.095956294e-02
7.064000000e-03,1.000000000e+01,1.000645152e+01,1.672469511e+01,6.451522113e-02,-6.451522115e-02
7.066000000e-03,1.000000000e+01,1.000778103e+01,1.658234455e+01,7.781030251e-02,-7.781030253e-02
7.068000000e-03,1.000000000e+01,1.000907917e+01,1.641371299e+01,9.079171909e-02,-9.079171911e-02
7.070000000e-03,1.000000000e+01,1.001034076e+01,1.621947971e+01,1.034076472e-01,-1.034076472e-01
7.072000000e-03,1.000000000e+01,1.001156077e+01,1.600042618e+01,1.156077344e-01,-1.156077344e-01
7.074000000e-03,1.000000000e+01,1.001273433e+01,1.575743291e+01,1.273433004e-01,-1.273433004e-01
7.076000000e-03,1.000000000e+01,1.001385675e+01,1.549147593e+01,1.385675314e-01,-1.385675314e-01
7.078000000e-03,1.000000000e+01,1.001492357e+01,1.520362284e+01,1.492356667e-01,-1.492356667e-01
7.080000000e-03,1.000000000e+01,1.001593052e+01,1.489502859e+01,1.593051772e-01,-1.593051772e-01
7.082000000e-03,1.000000000e+01,1.001687359e+01,1.456693075e+01,1.687359350e-01,-1.687359351e-01
7.084000000e-03,1.000000000e+01,1.001774904e+01,1.422064462e+01,1.774903736e-01,-1.774903736e-01
7.086000000e-03,1.000000000e+01,1.001855336e+01,1.385755794e+01,1.855336367e-01,-1.855336367e-01
7.088000000e-03,1.000000000e+01,1.001928337e+01,1.347912532e+01,1.928337180e-01,-1.928337180e-01
7.090000000e-03,1.000000000e+01,1.001993616e+01,1.308686241e+01,1.993615878e-01,-1.993615879e-01
7.092000000e-03,1.000000000e+01,1.002050913e+01,1.268233985e+01,2.050913090e-01,-2.050913090e-01
7.094000000e-03,1.000000000e+01,1.002100001e+01,1.226717694e+01,2.100001394e-01,-2.100001394e-01
7.096000000e-03,1.000000000e+01,1.002140686e+01,1.184303522e+01,2.140686229e-01,-2.140686229e-01
7.098000000e-03,1.000000000e+01,1.002172807e+01,1.141161177e+01,2.172806659e-01,-2.172806660e-01
7.100000000e-03,1.000000000e+01,1.002196236e+01,1.097463242e+01,2.196236013e-01,-2.196236013e-01
7.102000000e-03,1.000000000e+01,1.002210882e+01,1.053384489e+01,2.210882382e-01,-2.210882382e-01
7.104000000e-03,1.000000000e+01,1.002216689e+01,1.009101175e+01,2.216688981e-01,-2.216688981e-01
7.106000000e-03,1.000000000e+01,1.002213634e+01,9.647903407e+00,2.213634369e-01,-2.213634370e-01
7.108000000e-03,1.000000000e+01,1.002201733e+01,9.206291007e+00,2.201732529e-01,-2.201732529e-01
7.110000000e-03,1.000000000e+01,1.002181033e+01,8.767939365e+00,2.181032801e-01,-2.181032801e-01
7.112000000e-03,1.000000000e+01,1.002151620e+01,8.334599908e+00,2.151619680e-01,-2.151619681e-01
7.114000000e-03,1.000000000e+01,1.002113612e+01,7.908003681e+00,2.113612474e-01,-2.113612474e-01
7.116000000e-03,1.000000000e+01,1.002067165e+01,7.489854429e+00,2.067164814e-01,-2.067164814e-01
7.118000000e-03,1.000000000e+01,1.002012464e+01,7.081821794e+00,2.012464038e-01,-2.012464039e-01
7.120000000e-03,1.000000000e+01,1.001949730e+01,6.685534650e+00,1.949730436e-01,-1.949730436e-01
7.122000000e-03,1.000000000e+01,1.001879216e+01,6.302574596e+00,1.879216358e-01,-1.879216358e-01
7.124000000e-03,1.000000000e+01,1.001801205e+01,5.934469650e+00,1.801205203e-01,-1.801205204e-01
7.126000000e-03,1.000000000e+01,1.001716010e+01,5.582688145e+00,1.716010280e-01,-1.716010280e-01
7.128000000e-03,1.000000000e+01,1.001623974e+01,5.248632879e+00,1.623973546e-01,-1.623973546e-01
7.130000000e-03,1.000000000e+01,1.001525464e+01,4.933635517e+00,1.525464239e-01,-1.525464239e-01
7.132000000e-03,1.000000000e+01,1.001420877e+01,4.638951284e+00,1.420877393e-01,-1.420877393e-01
7.134000000e-03,1.000000000e+01,1.001310632e+01,4.365753961e+00,1.310632253e-01,-1.310632254e-01
7.136000000e-03,1.000000000e+01,1.001195171e+01,4.115131216e+00,1.195170599e-01,-1.195170600e-01
7.138000000e-03,1.000000000e+01,1.001074955e+01,3.888080265e+00,1.074954972e-01,-1.074954972e-01
7.140000000e-03,1.000000000e+01,1.000950467e+01,3.685503911e+00,9.504668197e-02,-9.504668199e-02
7.142000000e-03,1.000000000e+01,1.000822205e+01,3.508206951e+00,8.222045739e-02,-8.222045741e-02
7.144000000e-03,1.000000000e+01,1.000690682e+01,3.356892981e+00,6.906816500e-02,-6.906816502e-02
7.146000000e-03,1.000000000e+01,1.000556424e+01,3.232161603e+00,5.564243939e-02,-5.564243941e-02
7.148000000e-03,1.000000000e+01,1.000419970e+01,3.134506047e+00,4.199699753e-02,-4.199699755e-02
7.150000000e-03,1.000000000e+01,1.000281864e+01,3.064311226e+00,2.818642385e-02,-2.818642387e-02
7.152000000e-03,1.000000000e+01,1.000142660e+01,3.021852215e+00,1.426595187e-02,-1.426595189e-02
7.154000000e-03,1.000000000e+01,1.000002912e+01,3.007293173e+00,2.912433589e-04,-2.912433789e-04
7.156000000e-03,1.000000000e+01,9.998631817e+00,3.020686713e+00,-1.368183430e-02,1.368183428e-02
7.158000000e-03,1.000000000e+01,9.997240257e+00,3.061973710e+00,-2.759743139e-02,2.759743137e-02
7.160000000e-03,1.000000000e+01,9.995860006e+00,3.130983563e+00,-4.139993912e-02,4.139993910e-02
7.162000000e-03,1.000000000e+01,9.994496579e+00,3.227434897e+00,-5.503421185e-02,5.503421183e-02
7.164000000e-03,1.000000000e+01,9.993155421e+00,3.350936710e+00,-6.844578738e-02,6.844578736e-02
7.166000000e-03,1.000000000e+01,9.991841890e+00,3.500989957e+00,-8.158110453e-02,8.158110451e-02
7.168000000e-03,1.000000000e+01,9.990561228e+00,3.676989571e+00,-9.438771703e-02,9.438771701e-02
7.170000000e-03,1.000000000e+01,9.989318550e+00,3.878226895e+00,-1.068145029e-01,1.068145029e-01
7.172000000e-03,1.000000000e+01,9.988118813e+00,4.103892542e+00,-1.188118686e-01,1.188118686e-01
7.174000000e-03,1.000000000e+01,9.986966805e+00,4.353079646e+00,-1.303319468e-01,1.303319468e-01
7.176000000e-03,1.000000000e+01,9.985867121e+00,4.624787508e+00,-1.413287875e-01,1.413287875e-01
7.178000000e-03,1.000000000e+01,9.984824146e+00,4.917925615e+00,-1.517585413e-01,1.517585413e-01
7.180000000e-03,1.000000000e+01,9.983842037e+00,5.231318015e+00,-1.615796342e-01,1.615796342e-01
7.182000000e-03,1.000000000e+01,9.982924707e+00,5.563708036e+00,-1.707529332e-01,1.707529332e-01
7.184000000e-03,1.000000000e+01,9.982075810e+00,5.913763325e+00,-1.792419024e-01,1.792419024e-01
7.186000000e-03,1.000000000e+01,9.981298725e+00,6.280081185e+00,-1.870127485e-01,1.870127485e-01
7.188000000e-03,1.000000000e+01,9.980596544e+00,6.661194201e+00,-1.940345553e-01,1.940345553e-01
7.190000000e-03,1.000000000e+01,9.979972059e+00,7.055576116e+00,-2.002794066e-01,2.002794066e-01
7.192000000e-03,1.000000000e+01,9.979427750e+00,7.461647941e+00,-2.057224972e-01,2.057224972e-01
7.194000000e-03,1.000000000e+01,9.978965777e+00,7.877784280e+00,-2.103422317e-01,2.103422317e-01
7.196000000e-03,1.000000000e+01,9.978587969e+00,8.302319833e+00,-2.141203097e-01,2.141203097e-01
7.198000000e-03,1.000000000e+01,9.978295820e+00,8.733556062e+00,-2.170417988e-01,2.170417987e-01
7.200000000e-03,1.000000000e+01,9.978090481e+00,9.169767988e+00,-2.190951930e-01,2.190951929e-01
7.202000000e-03,1.000000000e+01,9.977972754e+00,9.609211088e+00,-2.202724586e-01,2.202724586e-01
7.204000000e-03,1.000000000e+01,9.977943093e+00,1.005012827e+01,-2.205690655e-01,2.205690654e-01
7.206000000e-03,1.000000000e+01,9.978001600e+00,1.049075691e+01,-2.199840041e-01,2.199840040e-01
7.208000000e-03,1.000000000e+01,9.978148021e+00,1.092933588e+01,-2.185197893e-01,2.185197892e-01
7.210000000e-03,1.000000000e+01,9.978381755e+00,1.136411260e+01,-2.161824493e-01,2.161824493e-01
7.212000000e-03,1.000000000e+01,9.978701850e+00,1.179335004e+01,-2.129815011e-01,2.129815011e-01
7.214000000e-03,1.000000000e+01,9.979107009e+00,1.221533367e+01,-2.089299115e-01,2.089299115e-01
7.216000000e-03,1.000000000e+01,9.979595596e+00,1.262837826e+01,-2.040440447e-01,2.040440447e-01
7.218000000e-03,1.000000000e+01,9.980165640e+00,1.303083468e+01,-1.983435963e-01,1.983435963e-01
7.220000000e-03,1.000000000e+01,9.980814932e+00,1.342114307e+01,-1.918506845e-01,1.918506844e-01
7.222000000e-03,1.000000000e+01,9.981540702e+00,1.379765100e+01,-1.845929834e-01,1.845929833e-01
7.224000000e-03,1.000000000e+01,9.982340108e+00,1.415890451e+01,-1.765989204e-01,1.765989203e-01
7.226000000e-03,1.000000000e+01,9.983209941e+00,1.450346273e+01,-1.679005948e-01,1.679005948e-01
7.228000000e-03,1.000000000e+01,9.984146826e+00,1.482999040e+01,-1.585317436e-01,1.585317436e-01
7.230000000e-03,1.000000000e+01,9.985146779e+00,1.513710658e+01,-1.485322104e-01,1.485322103e-01
7.232000000e-03,1.000000000e+01,9.986205900e+00,1.542362845e+01,-1.379409976e-01,1.379409976e-01
7.234000000e-03,1.000000000e+01,9.987320082e+00,1.568844582e+01,-1.267991772e-01,1.267991772e-01
7.236000000e-03,1.000000000e+01,9.988484591e+00,1.593044006e+01,-1.151540869e-01,1.151540868e-01
7.238000000e-03,1.000000000e+01,9.989695043e+00,1.614870725e+01,-1.030495666e-01,1.030495666e-01
7.240000000e-03,1.000000000e+01,9.990946298e+00,1.634232647e+01,-9.053701852e-02,9.053701850e-02
7.242000000e-03,1.000000000e+01,9.992233490e+00,1.651055685e+01,-7.766509885e-02,7.766509883e-02
7.244000000e-03,1.000000000e+01,9.993551467e+00,1.665273105e+01,-6.448532816e-02,6.448532814e-02
7.246000000e-03,1.000000000e+01,9.994894955e+00,1.676828603e+01,-5.105044722e-02,5.105044720e-02
7.248000000e-03,1.000000000e+01,9.996258579e+00,1.685676522e+01,-3.741420595e-02,3.741420593e-02
7.250000000e-03,1.000000000e+01,9.997636885e+00,1.691782041e+01,-2.363114831e-02,2.363114829e-02
7.252000000e-03,1.000000000e+01,9.999024361e+00,1.695121304e+01,-9.756394191e-03,9.756394171e-03
7.254000000e-03,1.000000000e+01,1.000041546e+01,1.695681516e+01,4.154581021e-03,-4.154581041e-03
7.256000000e-03,1.000000000e+01,1.000180462e+01,1.693460996e+01,1.804616828e-02,-1.804616830e-02
7.258000000e-03,1.000000000e+01,1.000318628e+01,1.688469173e+01,3.186284713e-02,-3.186284715e-02
7.260000000e-03,1.000000000e+01,1.000455494e+01,1.680726556e+01,4.554940766e-02,-4.554940768e-02
7.262000000e-03,1.000000000e+01,1.000590512e+01,1.670264640e+01,5.905117105e-02,-5.905117107e-02
7.264000000e-03,1.000000000e+01,1.000723142e+01,1.657125786e+01,7.231420806e-02,-7.231420808e-02
7.266000000e-03,1.000000000e+01,1.000852856e+01,1.641363045e+01,8.528555442e-02,-8.528555444e-02
7.268000000e-03,1.000000000e+01,1.000979134e+01,1.623039945e+01,9.791342232e-02,-9.791342234e-02
7.270000000e-03,1.000000000e+01,1.001101474e+01,1.602230235e+01,1.101474072e-01,-1.101474072e-01
7.272000000e-03,1.000000000e+01,1.001219387e+01,1.579017588e+01,1.219386889e-01,-1.219386889e-01
7.274000000e-03,1.000000000e+01,1.001332402e+01,1.553495265e+01,1.332402266e-01,-1.332402266e-01
7.276000000e-03,1.000000000e+01,1.001440082e+01,1.525762261e+01,1.440082218e-01,-1.440082218e-01
7.278000000e-03,1.000000000e+01,1.001541971e+01,1.495936562e+01,1.541971236e-01,-1.541971236e-01
7.280000000e-03,1.000000000e+01,1.001637677e+01,1.464134583e+01,1.637676657e-01,-1.637676657e-01
7.282000000e-03,1.000000000e+01,1.001726817e+01,1.430483829e+01,1.726817185e-01,-1.726817185e-01
7.284000000e-03,1.000000000e+01,1.001809038e+01,1.395119174e+01,1.809037841e-01,-1.809037841e-01
7.286000000e-03,1.000000000e+01,1.001884011e+01,1.358182309e+01,1.884011374e-01,-1.884011375e-01
7.288000000e-03,1.000000000e+01,1.001951440e+01,1.319821187e+01,1.951439568e-01,-1.951439568e-01
7.290000000e-03,1.000000000e+01,1.002011054e+01,1.280189420e+01,2.011054422e-01,-2.011054423e-01
7.292000000e-03,1.000000000e+01,1.002062619e+01,1.239445669e+01,2.062619221e-01,-2.062619221e-01
7.294000000e-03,1.000000000e+01,1.002105929e+01,1.197753009e+01,2.105929470e-01,-2.105929470e-01
7.296000000e-03,1.000000000e+01,1.002140814e+01,1.155278274e+01,2.140813711e-01,-2.140813711e-01
7.298000000e-03,1.000000000e+01,1.002167134e+01,1.112191391e+01,2.167134197e-01,-2.167134197e-01
7.300000000e-03,1.000000000e+01,1.002184787e+01,1.068664698e+01,2.184787440e-01,-2.184787440e-01
7.302000000e-03,1.000000000e+01,1.002193705e+01,1.024872260e+01,2.193704612e-01,-2.193704612e-01
7.304000000e-03,1.000000000e+01,1.002193852e+01,9.809891672e+00,2.193851820e-01,-2.193851820e-01
7.306000000e-03,1.000000000e+01,1.002185230e+01,9.371908364e+00,2.185230229e-01,-2.185230229e-01
7.308000000e-03,1.000000000e+01,1.002167876e+01,8.936523120e+00,2.167876053e-01,-2.167876053e-01
7.310000000e-03,1.000000000e+01,1.002141860e+01,8.505475643e+00,2.141860403e-01,-2.141860403e-01
7.312000000e-03,1.000000000e+01,1.002107289e+01,8.080487951e+00,2.107288995e-01,-2.107288995e-01
7.314000000e-03,1.000000000e+01,1.002064302e+01,7.663257498e+00,2.064301721e-01,-2.064301721e-01
7.316000000e-03,1.000000000e+01,1.002013072e+01,7.255450391e+00,2.013072083e-01,-2.013072084e-01
7.318000000e-03,1.000000000e+01,1.001953806e+01,6.858694740e+00,1.953806494e-01,-1.953806495e-01
7.320000000e-03,1.000000000e+01,1.001886743e+01,6.474574157e+00,1.886743444e-01,-1.886743444e-01
7.322000000e-03,1.000000000e+01,1.001812153e+01,6.104621435e+00,1.812152541e-01,-1.812152541e-01
7.324000000e-03,1.000000000e+01,1.001730333e+01,5.750312432e+00,1.730333429e-01,-1.730333429e-01
7.326000000e-03,1.000000000e+01,1.001641603e+01,5.413020241e+00,1.641603462e-01,-1.641603462e-01
7.328000000e-03,1.000000000e+01,1.001546340e+01,5.094171626e+00,1.546340094e-01,-1.546340095e-01
7.330000000e-03,1.000000000e+01,1.001444915e+01,4.794995252e+00,1.444915098e-01,-1.444915098e-01
7.332000000e-03,1.000000000e+01,1.001337735e+01,4.516682983e+00,1.337735098e-01,-1.337735098e-01
7.334000000e-03,1.000000000e+01,1.001225230e+01,4.260343054e+00,1.225229641e-01,-1.225229641e-01
7.336000000e-03,1.000000000e+01,1.001107849e+01,4.026995655e+00,1.107849473e-01,-1.107849473e-01
7.338000000e-03,1.000000000e+01,1.000986065e+01,3.817568871e+00,9.860647361e-02,-9.860647363e-02
7.340000000e-03,1.000000000e+01,1.000860363e+01,3.632894992e+00,8.603630805e-02,-8.603630807e-02
7.342000000e-03,1.000000000e+01,1.000731248e+01,3.473707203e+00,7.312477162e-02,-7.312477164e-02
7.344000000e-03,1.000000000e+01,1.000599235e+01,3.340636676e+00,5.992353966e-02,-5.992353968e-02
7.346000000e-03,1.000000000e+01,1.000464854e+01,3.234210069e+00,4.648543510e-02,-4.648543512e-02
7.348000000e-03,1.000000000e+01,1.000328642e+01,3.154847435e+00,3.286421708e-02,-3.286421710e-02
7.350000000e-03,1.000000000e+01,1.000191144e+01,3.102860574e+00,1.911436588e-02,-1.911436590e-02
7.352000000e-03,1.000000000e+01,1.000052909e+01,3.078451799e+00,5.290865034e-03,-5.290865054e-03
7.354000000e-03,1.000000000e+01,9.999144898e+00,3.081713157e+00,-8.551018560e-03,8.551018540e-03
7.356000000e-03,1.000000000e+01,9.997764404e+00,3.112626078e+00,-2.235595557e-02,2.235595555e-02
7.358000000e-03,1.000000000e+01,9.996393122e+00,3.171061473e+00,-3.606877539e-02,3.606877537e-02
7.360000000e-03,1.000000000e+01,9.995036531e+00,3.256780274e+00,-4.963468668e-02,4.963468666e-02
7.362000000e-03,1.000000000e+01,9.993700050e+00,3.369434407e+00,-6.299949620e-02,6.299949618e-02
7.364000000e-03,1.000000000e+01,9.992389017e+00,3.508568209e+00,-7.610982538e-02,7.610982536e-02
7.366000000e-03,1.000000000e+01,9.991108668e+00,3.673620272e+00,-8.891332346e-02,8.891332344e-02
7.368000000e-03,1.000000000e+01,9.989864112e+00,3.863925701e+00,-1.013588766e-01,1.013588765e-01
7.370000000e-03,1.000000000e+01,9.988660319e+00,4.078718802e+00,-1.133968117e-01,1.133968117e-01
7.372000000e-03,1.000000000e+01,9.987502090e+00,4.317136152e+00,-1.249790951e-01,1.249790951e-01
7.374000000e-03,1.000000000e+01,9.986394048e+00,4.578220080e+00,-1.360595238e-01,1.360595238e-01
7.376000000e-03,1.000000000e+01,9.985340609e+00,4.860922506e+00,-1.465939100e-01,1.465939100e-01
7.378000000e-03,1.000000000e+01,9.984345974e+00,5.164109153e+00,-1.565402572e-01,1.565402572e-01
7.380000000e-03,1.000000000e+01,9.983414107e+00,5.486564094e+00,-1.658589277e-01,1.658589277e-01
7.382000000e-03,1.000000000e+01,9.982548720e+00,5.826994632e+00,-1.745128006e-01,1.745128006e-01
7.384000000e-03,1.000000000e+01,9.981753258e+00,6.184036478e+00,-1.824674196e-01,1.824674195e-01
7.386000000e-03,1.000000000e+01,9.981030803e+00,6.556305140e+00,-1.896919658e-01,1.896919658e-01
7.388000000e-03,1.000000000e+01,9.980384405e+00,6.942219564e+00,-1.961559473e-01,1.961559473e-01
7.390000000e-03,1.000000000e+01,9.979816539e+00,7.340278674e+00,-2.018346057e-01,2.018346056e-01
7.392000000e-03,1.000000000e+01,9.979329460e+00,7.748889011e+00,-2.067054006e-01,2.067054006e-01
7.394000000e-03,1.000000000e+01,9.978925097e+00,8.166415258e+00,-2.107490251e-01,2.107490251e-01
7.396000000e-03,1.000000000e+01,9.978605052e+00,8.591186790e+00,-2.139494825e-01,2.139494825e-01
7.398000000e-03,1.000000000e+01,9.978370585e+00,9.021504359e+00,-2.162941492e-01,2.162941492e-01
7.400000000e-03,1.000000000e+01,9.978222618e+00,9.455646885e+00,-2.177738248e-01,2.177738248e-01
7.402000000e-03,1.000000000e+01,9.978161723e+00,9.891878348e+00,-2.183827681e-01,2.183827680e-01
7.404000000e-03,1.000000000e+01,9.978188128e+00,1.032845472e+01,-2.181187192e-01,2.181187192e-01
7.406000000e-03,1.000000000e+01,9.978301709e+00,1.076363096e+01,-2.169829082e-01,2.169829082e-01
7.408000000e-03,1.000000000e+01,9.978501995e+00,1.119566795e+01,-2.149800493e-01,2.149800492e-01
7.410000000e-03,1.000000000e+01,9.978788168e+00,1.162283947e+01,-2.121183211e-01,2.121183211e-01
7.412000000e-03,1.000000000e+01,9.979159067e+00,1.204343911e+01,-2.084093339e-01,2.084093339e-01
7.414000000e-03,1.000000000e+01,9.979613192e+00,1.245578706e+01,-2.038680817e-01,2.038680816e-01
7.416000000e-03,1.000000000e+01,9.980148712e+00,1.285823682e+01,-1.985128822e-01,1.985128822e-01
7.418000000e-03,1.000000000e+01,9.980763470e+00,1.324918179e+01,-1.923653029e-01,1.923653028e-01
7.420000000e-03,1.000000000e+01,9.981454993e+00,1.362706168e+01,-1.854500739e-01,1.854500738e-01
7.422000000e-03,1.000000000e+01,9.982220598e+00,1.399041195e+01,-1.777940214e-01,1.777940214e-01
7.424000000e-03,1.000000000e+01,9.983057026e+00,1.433769490e+01,-1.694297410e-01,1.694297410e-01
7.426000000e-03,1.000000000e+01,9.983961007e+00,1.466757074e+01,-1.603899272e-01,1.603899271e-01
7.428000000e-03,1.000000000e+01,9.984928915e+00,1.497872445e+01,-1.507108468e-01,1.507108468e-01
7.430000000e-03,1.000000000e+01,9.985956996e+00,1.526995030e+01,-1.404300372e-01,1.404300371e-01
7.432000000e-03,1.000000000e+01,9.987040880e+00,1.554001736e+01,-1.295911953e-01,1.295911953e-01
7.434000000e-03,1.000000000e+01,9.988176345e+00,1.578788710e+01,-1.182365485e-01,1.182365485e-01
7.436000000e-03,1.000000000e+01,9.989358842e+00,1.601257323e+01,-1.064115842e-01,1.064115842e-01
7.438000000e-03,1.000000000e+01,9.990583634e+00,1.621318232e+01,-9.416366053e-02,9.416366051e-02
7.440000000e-03,1.000000000e+01,9.991845818e+00,1.638891736e+01,-8.154181671e-02,8.154181669e-02
7.442000000e-03,1.000000000e+01,9.993140342e+00,1.653908091e+01,-6.859657672e-02,6.859657670e-02
7.444000000e-03,1.000000000e+01,9.994462025e+00,1.666307789e+01,-5.537974702e-02,5.537974700e-02
7.446000000e-03,1.000000000e+01,9.995805579e+00,1.676041792e+01,-4.194420927e-02,4.194420925e-02
7.448000000e-03,1.000000000e+01,9.997165629e+00,1.683071727e+01,-2.834370871e-02,2.834370869e-02
7.450000000e-03,1.000000000e+01,9.998536736e+00,1.687370035e+01,-1.463263918e-02,1.463263916e-02
7.452000000e-03,1.000000000e+01,9.999913417e+00,1.688920083e+01,-8.658255891e-04,8.658255691e-04
7.454000000e-03,1.000000000e+01,1.000129017e+01,1.687716226e+01,1.290169531e-02,-1.290169533e-02
7.456000000e-03,1.000000000e+01,1.000266149e+01,1.683763825e+01,2.661489496e-02,-2.661489498e-02
7.458000000e-03,1.000000000e+01,1.000402190e+01,1.677079228e+01,4.021897290e-02,-4.021897292e-02
7.460000000e-03,1.000000000e+01,1.000536596e+01,1.667689699e+01,5.365957581e-02,-5.365957583e-02
7.462000000e-03,1.000000000e+01,1.000668830e+01,1.655633310e+01,6.688301464e-02,-6.688301466e-02
7.464000000e-03,1.000000000e+01,1.000798365e+01,1.640958783e+01,7.983647908e-02,-7.983647910e-02
7.466000000e-03,1.000000000e+01,1.000924682e+01,1.623725294e+01,9.246824846e-02,-9.246824848e-02
7.468000000e-03,1.000000000e+01,1.001047279e+01,1.604002239e+01,1.047278983e-01,-1.047278983e-01
7.470000000e-03,1.000000000e+01,1.001165665e+01,1.581868946e+01,1.165665014e-01,-1.165665014e-01
7.472000000e-03,1.000000000e+01,1.001279368e+01,1.557414365e+01,1.279368235e-01,-1.279368235e-01
7.474000000e-03,1.000000000e+01,1.001387935e+01,1.530736704e+01,1.387935113e-01,-1.387935113e-01
7.476000000e-03,1.000000000e+01,1.001490933e+01,1.501943038e+01,1.490932737e-01,-1.490932737e-01
7.478000000e-03,1.000000000e+01,1.001587951e+01,1.471148877e+01,1.587950541e-01,-1.587950541e-01
7.480000000e-03,1.000000000e+01,1.001678602e+01,1.438477704e+01,1.678601943e-01,-1.678601944e-01
7.482000000e-03,1.000000000e+01,1.001762526e+01,1.404060482e+01,1.762525887e-01,-1.762525887e-01
7.484000000e-03,1.000000000e+01,1.001839388e+01,1.368035124e+01,1.839388275e-01,-1.839388275e-01
7.486000000e-03,1.000000000e+01,1.001908883e+01,1.330545944e+01,1.908883303e-01,-1.908883303e-01
7.488000000e-03,1.000000000e+01,1.001970735e+01,1.291743078e+01,1.970734673e-01,-1.970734674e-01
7.490000000e-03,1.000000000e+01,1.002024697e+01,1.251781884e+01,2.024696698e-01,-2.024696698e-01
7.492000000e-03,1.000000000e+01,1.002070555e+01,1.210822315e+01,2.070555269e-01,-2.070555270e-01
7.494000000e-03,1.000000000e+01,1.002108129e+01,1.169028288e+01,2.108128713e-01,-2.108128713e-01
7.496000000e-03,1.000000000e+01,1.002137269e+01,1.126567017e+01,2.137268505e-01,-2.137268505e-01
7.498000000e-03,1.000000000e+01,1.002157860e+01,1.083608354e+01,2.157859861e-01,-2.157859862e-01
7.500000000e-03,1.000000000e+01,1.002169822e+01,1.040324101e+01,2.169822189e-01,-2.169822190e-01
7.502000000e-03,1.000000000e+01,1.002173109e+01,9.968873317e+00,2.173109401e-01,-2.173109401e-01
7.504000000e-03,1.000000000e+01,1.002167710e+01,9.534716907e+00,2.167710093e-01,-2.167710093e-01
7.506000000e-03,1.000000000e+01,1.002153648e+01,9.102507053e+00,2.153647583e-01,-2.153647583e-01
7.508000000e-03,1.000000000e+01,1.002130980e+01,8.673970897e+00,2.130979811e-01,-2.130979811e-01
7.510000000e-03,1.000000000e+01,1.002099799e+01,8.250820553e+00,2.099799101e-01,-2.099799101e-01
7.512000000e-03,1.000000000e+01,1.002060232e+01,7.834746265e+00,2.060231784e-01,-2.060231784e-01
7.514000000e-03,1.000000000e+01,1.002012438e+01,7.427409656e+00,2.012437687e-01,-2.012437687e-01
7.516000000e-03,1.000000000e+01,1.001956609e+01,7.030437092e+00,1.956609487e-01,-1.956609487e-01
7.518000000e-03,1.000000000e+01,1.001892972e+01,6.645413190e+00,1.892971934e-01,-1.892971935e-01
7.520000000e-03,1.000000000e+01,1.001821781e+01,6.273874490e+00,1.821780949e-01,-1.821780950e-01
7.522000000e-03,1.000000000e+01,1.001743323e+01,5.917303327e+00,1.743322591e-01,-1.743322591e-01
7.524000000e-03,1.000000000e+01,1.001657912e+01,5.577121912e+00,1.657911908e-01,-1.657911908e-01
7.526000000e-03,1.000000000e+01,1.001565892e+01,5.254686663e+00,1.565891676e-01,-1.565891676e-01
7.528000000e-03,1.000000000e+01,1.001467631e+01,4.951282798e+00,1.467631020e-01,-1.467631020e-01
7.530000000e-03,1.000000000e+01,1.001363524e+01,4.668119207e+00,1.363523932e-01,-1.363523932e-01
7.532000000e-03,1.000000000e+01,1.001253974e+01,4.406293072e+00,1.253974131e-01,-1.253974131e-01
7.534000000e-03,1.000000000e+01,1.001139447e+01,4.166910417e+00,1.139447064e-01,-1.139447064e-01
7.536000000e-03,1.000000000e+01,1.001020389e+01,3.950890347e+00,1.020388562e-01,-1.020388562e-01
7.538000000e-03,1.000000000e+01,1.000897275e+01,3.759091618e+00,8.972754043e-02,-8.972754045e-02
7.540000000e-03,1.000000000e+01,1.000770600e+01,3.592276000e+00,7.706004828e-02,-7.706004830e-02
7.542000000e-03,1.000000000e+01,1.000640871e+01,3.451105254e+00,6.408708260e-02,-6.408708262e-02
7.544000000e-03,1.000000000e+01,1.000508606e+01,3.336138506e+00,5.086055709e-02,-5.086055711e-02
7.546000000e-03,1.000000000e+01,1.000374334e+01,3.247830035e+00,3.743338855e-02,-3.743338857e-02
7.548000000e-03,1.000000000e+01,1.000238593e+01,3.186527477e+00,2.385928517e-02,-2.385928519e-02
7.550000000e-03,1.000000000e+01,1.000101925e+01,3.152470453e+00,1.019253166e-02,-1.019253168e-02
7.552000000e-03,1.000000000e+01,9.999648777e+00,3.145789642e+00,-3.512227781e-03,3.512227761e-03
7.554000000e-03,1.000000000e+01,9.998279979e+00,3.166506270e+00,-1.720020797e-02,1.720020795e-02
7.556000000e-03,1.000000000e+01,9.996918330e+00,3.214532053e+00,-3.081670177e-02,3.081670175e-02
7.558000000e-03,1.000000000e+01,9.995569270e+00,3.289669573e+00,-4.430729869e-02,4.430729867e-02
7.560000000e-03,1.000000000e+01,9.994238190e+00,3.391613084e+00,-5.761810235e-02,5.761810233e-02
7.562000000e-03,1.000000000e+01,9.992930405e+00,3.519949760e+00,-7.069594576e-02,7.069594574e-02
7.564000000e-03,1.000000000e+01,9.991651140e+00,3.674161362e+00,-8.348860371e-02,8.348860369e-02
7.566000000e-03,1.000000000e+01,9.990405500e+00,3.853626338e+00,-9.594500131e-02,9.594500129e-02
7.568000000e-03,1.000000000e+01,9.989198458e+00,4.057622318e+00,-1.080154179e-01,1.080154179e-01
7.570000000e-03,1.000000000e+01,9.988034831e+00,4.285329030e+00,-1.196516856e-01,1.196516855e-01
7.572000000e-03,1.000000000e+01,9.986919129e+00,4.535863172e+00,-1.308087070e-01,1.308087069e-01
7.574000000e-03,1.000000000e+01,9.985856073e+00,4.808158363e+00,-1.414392717e-01,1.414392717e-01
7.576000000e-03,1.000000000e+01,9.984849762e+00,5.101150752e+00,-1.515023812e-01,1.515023812e-01
7.578000000e-03,1.000000000e+01,9.983904207e+00,5.413665117e+00,-1.609579269e-01,1.609579269e-01
7.580000000e-03,1.000000000e+01,9.983023176e+00,5.744448442e+00,-1.697682369e-01,1.697682368e-01
7.582000000e-03,1.000000000e+01,9.982210177e+00,6.092174941e+00,-1.778982254e-01,1.778982254e-01
7.584000000e-03,1.000000000e+01,9.981468447e+00,6.455451370e+00,-1.853155333e-01,1.853155333e-01
7.586000000e-03,1.000000000e+01,9.980800934e+00,6.832822615e+00,-1.919906563e-01,1.919906563e-01
7.588000000e-03,1.000000000e+01,9.980210294e+00,7.222777511e+00,-1.978970626e-01,1.978970625e-01
7.590000000e-03,1.000000000e+01,9.979698870e+00,7.623754904e+00,-2.030112980e-01,2.030112980e-01
7.592000000e-03,1.000000000e+01,9.979268692e+00,8.034149891e+00,-2.073130797e-01,2.073130797e-01
7.594000000e-03,1.000000000e+01,9.978921462e+00,8.452320252e+00,-2.107853759e-01,2.107853759e-01
7.596000000e-03,1.000000000e+01,9.978658553e+00,8.876593014e+00,-2.134144739e-01,2.134144739e-01
7.598000000e-03,1.000000000e+01,9.978480997e+00,9.305271151e+00,-2.151900340e-01,2.151900340e-01
7.600000000e-03,1.000000000e+01,9.978389487e+00,9.736640365e+00,-2.161051298e-01,2.161051298e-01
7.602000000e-03,1.000000000e+01,9.978384372e+00,1.016897595e+01,-2.161562760e-01,2.161562760e-01
7.604000000e-03,1.000000000e+01,9.978465656e+00,1.060054967e+01,-2.153434409e-01,2.153434408e-01
7.606000000e-03,1.000000000e+01,9.978632995e+00,1.102963669e+01,-2.136700461e-01,2.136700461e-01
7.608000000e-03,1.000000000e+01,9.978885705e+00,1.145452247e+01,-2.111429523e-01,2.111429522e-01
7.610000000e-03,1.000000000e+01,9.979222757e+00,1.187350958e+01,-2.077724309e-01,2.077724309e-01
7.612000000e-03,1.000000000e+01,9.979642788e+00,1.228492452e+01,-2.035721226e-01,2.035721226e-01
7.614000000e-03,1.000000000e+01,9.980144102e+00,1.268712440e+01,-1.985589818e-01,1.985589817e-01
7.616000000e-03,1.000000000e+01,9.980724679e+00,1.307850346e+01,-1.927532084e-01,1.927532084e-01
7.618000000e-03,1.000000000e+01,9.981382183e+00,1.345749955e+01,-1.861781666e-01,1.861781666e-01
7.620000000e-03,1.000000000e+01,9.982113971e+00,1.382260031e+01,-1.788602904e-01,1.788602904e-01
7.622000000e-03,1.000000000e+01,9.982917203e+00,1.417239075e+01,-1.708279663e-01,1.708279663e-01
7.624000000e-03,1.000000000e+01,9.983788462e+00,1.450539083e+01,-1.621153802e-01,1.621153801e-01
7.626000000e-03,1.000000000e+01,9.984724343e+00,1.482031637e+01,-1.527565655e-01,1.527565655e-01
7.628000000e-03,1.000000000e+01,9.985721094e+00,1.511591224e+01,-1.427890585e-01,1.427890585e-01
7.630000000e-03,1.000000000e+01,9.986774849e+00,1.539103305e+01,-1.322515137e-01,1.322515136e-01
7.632000000e-03,1.000000000e+01,9.987881129e+00,1.564451624e+01,-1.211887106e-01,1.211887106e-01
7.634000000e-03,1.000000000e+01,9.989035627e+00,1.587538776e+01,-1.096437319e-01,1.096437319e-01
7.636000000e-03,1.000000000e+01,9.990233718e+00,1.608272932e+01,-9.766281909e-02,9.766281907e-02
7.638000000e-03,1.000000000e+01,9.991470605e+00,1.626571691e+01,-8.529394665e-02,8.529394663e-02
7.640000000e-03,1.000000000e+01,9.992741337e+00,1.642362398e+01,-7.258663028e-02,7.258663026e-02
7.642000000e-03,1.000000000e+01,9.994040827e+00,1.655582442e+01,-5.959172847e-02,5.959172845e-02
7.644000000e-03,1.000000000e+01,9.995363876e+00,1.666179495e+01,-4.636123904e-02,4.636123902e-02
7.646000000e-03,1.000000000e+01,9.996705191e+00,1.674111726e+01,-3.294809104e-02,3.294809102e-02
7.648000000e-03,1.000000000e+01,9.998059407e+00,1.679347964e+01,-1.940593300e-02,1.940593298e-02
7.650000000e-03,1.000000000e+01,9.999421108e+00,1.681867818e+01,-5.788918377e-03,5.788918357e-03
7.652000000e-03,1.000000000e+01,1.000078485e+01,1.681661760e+01,7.848510987e-03,-7.848511007e-03
7.654000000e-03,1.000000000e+01,1.000214518e+01,1.678731158e+01,2.145184256e-02,-2.145184258e-02
7.656000000e-03,1.000000000e+01,1.000349667e+01,1.673088272e+01,3.496671099e-02,-3.496671101e-02
7.658000000e-03,1.000000000e+01,1.000483391e+01,1.664756197e+01,4.833911539e-02,-4.833911541e-02
7.660000000e-03,1.000000000e+01,1.000615156e+01,1.653768776e+01,6.151563510e-02,-6.151563512e-02
7.662000000e-03,1.000000000e+01,1.000744436e+01,1.640170455e+01,7.444364308e-02,-7.444364310e-02
7.664000000e-03,1.000000000e+01,1.000870715e+01,1.624016109e+01,8.707151611e-02,-8.707151613e-02
7.666000000e-03,1.000000000e+01,1.000993488e+01,1.605370817e+01,9.934884094e-02,-9.934884096e-02
7.668000000e-03,1.000000000e+01,1.001112266e+01,1.584309602e+01,1.112266155e-01,-1.112266155e-01
7.670000000e-03,1.000000000e+01,1.001226574e+01,1.560917130e+01,1.226574446e-01,-1.226574446e-01
7.672000000e-03,1.000000000e+01,1.001335957e+01,1.535287364e+01,1.335957289e-01,-1.335957289e-01
7.674000000e-03,1.000000000e+01,1.001439978e+01,1.507523195e+01,1.439978468e-01,-1.439978468e-01
7.676000000e-03,1.000000000e+01,1.001538236e+01,1.477731837e+01,1.538236322e-01,-1.538236322e-01
7.678000000e-03,1.000000000e+01,1.001630312e+01,1.446040870e+01,1.630312386e-01,-1.630312387e-01
7.680000000e-03,1.000000000e+01,1.001715854e+01,1.412573427e+01,1.715853719e-01,-1.715853719e-01
7.682000000e-03,1.000000000e+01,1.001794520e+01,1.377463632e+01,1.794519720e-01,-1.794519720e-01
7.684000000e-03,1.000000000e+01,1.001865997e+01,1.340852147e+01,1.865997338e-01,-1.865997339e-01
7.686000000e-03,1.000000000e+01,1.001930002e+01,1.302885607e+01,1.930002318e-01,-1.930002318e-01
7.688000000e-03,1.000000000e+01,1.001986280e+01,1.263716034e+01,1.986280326e-01,-1.986280326e-01
7.690000000e-03,1.000000000e+01,1.002034608e+01,1.223500229e+01,2.034607967e-01,-2.034607968e-01
7.692000000e-03,1.000000000e+01,1.002074794e+01,1.182399143e+01,2.074793667e-01,-2.074793667e-01
7.694000000e-03,1.000000000e+01,1.002106678e+01,1.140577232e+01,2.106678433e-01,-2.106678433e-01
7.696000000e-03,1.000000000e+01,1.002130136e+01,1.098201801e+01,2.130136482e-01,-2.130136482e-01
7.698000000e-03,1.000000000e+01,1.002145076e+01,1.055442336e+01,2.145075738e-01,-2.145075738e-01
7.700000000e-03,1.000000000e+01,1.002151438e+01,1.012469821e+01,2.151438194e-01,-2.151438194e-01
7.702000000e-03,1.000000000e+01,1.002149200e+01,9.694560595e+00,2.149200133e-01,-2.149200134e-01
7.704000000e-03,1.000000000e+01,1.002138372e+01,9.265729838e+00,2.138372223e-01,-2.138372223e-01
7.706000000e-03,1.000000000e+01,1.002118999e+01,8.839919705e+00,2.118999459e-01,-2.118999460e-01
7.708000000e-03,1.000000000e+01,1.002091161e+01,8.418831547e+00,2.091160984e-01,-2.091160984e-01
7.710000000e-03,1.000000000e+01,1.002054970e+01,8.004147496e+00,2.054969759e-01,-2.054969759e-01
7.712000000e-03,1.000000000e+01,1.002010572e+01,7.597523753e+00,2.010572111e-01,-2.010572111e-01
7.714000000e-03,1.000000000e+01,1.001958147e+01,7.200583972e+00,1.958147137e-01,-1.958147137e-01
7.716000000e-03,1.000000000e+01,1.001897906e+01,6.814912773e+00,1.897905985e-01,-1.897905985e-01
7.718000000e-03,1.000000000e+01,1.001830091e+01,6.442049420e+00,1.830090999e-01,-1.830090999e-01
7.720000000e-03,1.000000000e+01,1.001754975e+01,6.083481677e+00,1.754974749e-01,-1.754974749e-01
7.722000000e-03,1.000000000e+01,1.001672859e+01,5.740639872e+00,1.672858934e-01,-1.672858934e-01
7.724000000e-03,1.000000000e+01,1.001584073e+01,5.414891189e+00,1.584073167e-01,-1.584073167e-01
7.726000000e-03,1.000000000e+01,1.001488974e+01,5.107534217e+00,1.488973658e-01,-1.488973658e-01
7.728000000e-03,1.000000000e+01,1.001387942e+01,4.819793778e+00,1.387941779e-01,-1.387941780e-01
7.730000000e-03,1.000000000e+01,1.001281383e+01,4.552816039e+00,1.281382539e-01,-1.281382540e-01
7.732000000e-03,1.000000000e+01,1.001169723e+01,4.307663950e+00,1.169722958e-01,-1.169722958e-01
7.734000000e-03,1.000000000e+01,1.001053410e+01,4.085313012e+00,1.053410356e-01,-1.053410357e-01
7.736000000e-03,1.000000000e+01,1.000932911e+01,3.886647398e+00,9.329105628e-02,-9.329105630e-02
7.738000000e-03,1.000000000e+01,1.000808706e+01,3.712456430e+00,8.087060497e-02,-8.087060499e-02
7.740000000e-03,1.000000000e+01,1.000681294e+01,3.563431451e+00,6.812940002e-02,-6.812940004e-02
7.742000000e-03,1.000000000e+01,1.000551184e+01,3.440163077e+00,5.511843186e-02,-5.511843188e-02
7.744000000e-03,1.000000000e+01,1.000418898e+01,3.343138857e+00,4.188975894e-02,-4.188975896e-02
7.746000000e-03,1.000000000e+01,1.000284963e+01,3.272741345e+00,2.849629947e-02,-2.849629949e-02
7.748000000e-03,1.000000000e+01,1.000149916e+01,3.229246592e+00,1.499161972e-02,-1.499161974e-02
7.750000000e-03,1.000000000e+01,1.000014297e+01,3.212823067e+00,1.429719802e-03,-1.429719822e-03
7.752000000e-03,1.000000000e+01,9.998786482e+00,3.223530999e+00,-1.213518229e-02,1.213518227e-02
7.754000000e-03,1.000000000e+01,9.997435113e+00,3.261322161e+00,-2.564886737e-02,2.564886735e-02
7.756000000e-03,1.000000000e+01,9.996094267e+00,3.326040089e+00,-3.905733184e-02,3.905733182e-02
7.758000000e-03,1.000000000e+01,9.994769300e+00,3.417420719e+00,-5.230700346e-02,5.230700344e-02
7.760000000e-03,1.000000000e+01,9.993465504e+00,3.535093474e+00,-6.534495539e-02,6.534495537e-02
7.762000000e-03,1.000000000e+01,9.992188088e+00,3.678582760e+00,-7.811911760e-02,7.811911758e-02
7.764000000e-03,1.000000000e+01,9.990942152e+00,3.847309890e+00,-9.057848486e-02,9.057848484e-02
7.766000000e-03,1.000000000e+01,9.989732668e+00,4.040595420e+00,-1.026733204e-01,1.026733203e-01
7.768000000e-03,1.000000000e+01,9.988564465e+00,4.257661880e+00,-1.143553542e-01,1.143553542e-01
7.770000000e-03,1.000000000e+01,9.987442202e+00,4.497636904e+00,-1.255779763e-01,1.255779763e-01
7.772000000e-03,1.000000000e+01,9.986370358e+00,4.759556738e+00,-1.362964219e-01,1.362964219e-01
7.774000000e-03,1.000000000e+01,9.985353205e+00,5.042370105e+00,-1.464679504e-01,1.464679504e-01
7.776000000e-03,1.000000000e+01,9.984394685e+00,5.344980153e+00,-1.560531456e-01,1.560531456e-01
7.778000000e-03,1.000000000e+01,9.983498747e+00,5.666140195e+00,-1.650125323e-01,1.650125323e-01
7.780000000e-03,1.000000000e+01,9.982669055e+00,6.004520615e+00,-1.733094470e-01,1.733094469e-01
7.782000000e-03,1.000000000e+01,9.981908801e+00,6.358803187e+00,-1.809119888e-01,1.809119888e-01
7.784000000e-03,1.000000000e+01,9.981221009e+00,6.727568673e+00,-1.877899095e-01,1.877899095e-01
7.786000000e-03,1.000000000e+01,9.980608344e+00,7.109387185e+00,-1.939165649e-01,1.939165649e-01
7.788000000e-03,1.000000000e+01,9.980073388e+00,7.502637589e+00,-1.992661213e-01,1.992661213e-01
7.790000000e-03,1.000000000e+01,9.979618185e+00,7.905791235e+00,-2.038181463e-01,2.038181462e-01
7.792000000e-03,1.000000000e+01,9.979244540e+00,8.317234750e+00,-2.075546049e-01,2.075546048e-01
7.794000000e-03,1.000000000e+01,9.978953927e+00,8.735321945e+00,-2.104607257e-01,2.104607257e-01
7.796000000e-03,1.000000000e+01,9.978747494e+00,9.158380408e+00,-2.125250592e-01,2.125250592e-01
7.798000000e-03,1.000000000e+01,9.978626048e+00,9.584718191e+00,-2.137395227e-01,2.137395227e-01
7.800000000e-03,1.000000000e+01,9.978590057e+00,1.001263058e+01,-2.140994318e-01,2.140994318e-01
7.802000000e-03,1.000000000e+01,9.978639648e+00,1.044040690e+01,-2.136035190e-01,2.136035190e-01
7.804000000e-03,1.000000000e+01,9.978774606e+00,1.086633736e+01,-2.122539377e-01,2.122539376e-01
7.806000000e-03,1.000000000e+01,9.978994375e+00,1.128871992e+01,-2.100562526e-01,2.100562526e-01
7.808000000e-03,1.000000000e+01,9.979298058e+00,1.170586701e+01,-2.070194177e-01,2.070194177e-01
7.810000000e-03,1.000000000e+01,9.979684426e+00,1.211611238e+01,-2.031557388e-01,2.031557388e-01
7.812000000e-03,1.000000000e+01,9.980151918e+00,1.251781764e+01,-1.984808244e-01,1.984808244e-01
7.814000000e-03,1.000000000e+01,9.980698648e+00,1.290937891e+01,-1.930135222e-01,1.930135222e-01
7.816000000e-03,1.000000000e+01,9.981322416e+00,1.328923315e+01,-1.867758434e-01,1.867758434e-01
7.818000000e-03,1.000000000e+01,9.982020713e+00,1.365586445e+01,-1.797928738e-01,1.797928738e-01
7.820000000e-03,1.000000000e+01,9.982790733e+00,1.400781002e+01,-1.720926734e-01,1.720926733e-01
7.822000000e-03,1.000000000e+01,9.983629384e+00,1.434366608e+01,-1.637061629e-01,1.637061629e-01
7.824000000e-03,1.000000000e+01,9.984533300e+00,1.466209346e+01,-1.546670005e-01,1.546670005e-01
7.826000000e-03,1.000000000e+01,9.985498855e+00,1.496182288e+01,-1.450114458e-01,1.450114458e-01
7.828000000e-03,1.000000000e+01,9.986522178e+00,1.524166007e+01,-1.347782153e-01,1.347782153e-01
7.830000000e-03,1.000000000e+01,9.987599167e+00,1.550049052e+01,-1.240083263e-01,1.240083263e-01
7.832000000e-03,1.000000000e+01,9.988725507e+00,1.573728388e+01,-1.127449332e-01,1.127449332e-01
7.834000000e-03,1.000000000e+01,9.989896685e+00,1.595109810e+01,-1.010331542e-01,1.010331541e-01
7.836000000e-03,1.000000000e+01,9.991108011e+00,1.614108318e+01,-8.891989058e-02,8.891989056e-02
7.838000000e-03,1.000000000e+01,9.992354636e+00,1.630648450e+01,-7.645363913e-02,7.645363911e-02
7.840000000e-03,1.000000000e+01,9.993631570e+00,1.644664589e+01,-6.368429771e-02,6.368429769e-02
7.842000000e-03,1.000000000e+01,9.994933703e+00,1.656101217e+01,-5.066296565e-02,5.066296563e-02
7.844000000e-03,1.000000000e+01,9.996255826e+00,1.664913137e+01,-3.744173930e-02,3.744173928e-02
7.846000000e-03,1.000000000e+01,9.997592650e+00,1.671065655e+01,-2.407350352e-02,2.407350350e-02
7.848000000e-03,1.000000000e+01,9.998938828e+00,1.674534710e+01,-1.061172023e-02,1.061172021e-02
7.850000000e-03,1.000000000e+01,1.000028898e+01,1.675306973e+01,2.889785473e-03,-2.889785493e-03
7.852000000e-03,1.000000000e+01,1.000163770e+01,1.673379897e+01,1.637704047e-02,-1.637704049e-02
7.854000000e-03,1.000000000e+01,1.000297961e+01,1.668761724e+01,2.979613939e-02,-2.979613941e-02
7.856000000e-03,1.000000000e+01,1.000430935e+01,1.661471451e+01,4.309346008e-02,-4.309346010e-02
7.858000000e-03,1.000000000e+01,1.000562159e+01,1.651538752e+01,5.621587784e-02,-5.621587786e-02
7.860000000e-03,1.000000000e+01,1.000691110e+01,1.639003856e+01,6.911097768e-02,-6.911097770e-02
7.862000000e-03,1.000000000e+01,1.000817273e+01,1.623917385e+01,8.172726369e-02,-8.172726371e-02
7.864000000e-03,1.000000000e+01,1.000940144e+01,1.606340149e+01,9.401436465e-02,-9.401436467e-02
7.866000000e-03,1.000000000e+01,1.001059232e+01,1.586342903e+01,1.059232352e-01,-1.059232352e-01
7.868000000e-03,1.000000000e+01,1.001174064e+01,1.564006058e+01,1.174063515e-01,-1.174063515e-01
7.870000000e-03,1.000000000e+01,1.001284179e+01,1.539419364e+01,1.284179010e-01,-1.284179010e-01
7.872000000e-03,9.999999890e+00,1.001389160e+01,1.512682860e+01,1.389158395e-01,-1.389158301e-01
7.874000000e-03,1.000000011e+01,1.001488527e+01,1.483905983e+01,1.488529323e-01,-1.488529417e-01
7.876000000e-03,9.999999890e+00,1.001581935e+01,1.453201357e+01,1.581933198e-01,-1.581933104e-01
7.878000000e-03,1.000000000e+01,1.001669012e+01,1.420686292e+01,1.669011562e-01,-1.669011563e-01
7.880000000e-03,1.000000000e+01,1.001749402e+01,1.386496257e+01,1.749401608e-01,-1.749401609e-01
7.882000000e-03,1.000000000e+01,1.001822783e+01,1.350768244e+01,1.822783263e-01,-1.822783263e-01
7.884000000e-03,1.000000000e+01,1.001888865e+01,1.313645365e+01,1.888864623e-01,-1.888864623e-01
7.886000000e-03,1.000000000e+01,1.001947383e+01,1.275276279e+01,1.947383023e-01,-1.947383023e-01
7.888000000e-03,1.000000000e+01,1.001998106e+01,1.235814594e+01,1.998106080e-01,-1.998106080e-01
7.890000000e-03,1.000000000e+01,1.002040833e+01,1.195418257e+01,2.040832613e-01,-2.040832613e-01
7.892000000e-03,1.000000000e+01,1.002075393e+01,1.154248917e+01,2.075393445e-01,-2.075393445e-01
7.894000000e-03,1.000000000e+01,1.002101652e+01,1.112471282e+01,2.101652071e-01,-2.101652071e-01
7.896000000e-03,1.000000000e+01,1.002119505e+01,1.070252457e+01,2.119505195e-01,-2.119505195e-01
7.898000000e-03,1.000000000e+01,1.002128883e+01,1.027761280e+01,2.128883141e-01,-2.128883141e-01
7.900000000e-03,1.000000000e+01,1.002129750e+01,9.851676392e+00,2.129750120e-01,-2.129750120e-01
7.902000000e-03,1.000000000e+01,1.002122104e+01,9.426418019e+00,2.122104369e-01,-2.122104369e-01
7.904000000e-03,1.000000000e+01,1.002105978e+01,9.003537291e+00,2.105978150e-01,-2.105978150e-01
7.906000000e-03,1.000000000e+01,1.002081438e+01,8.584723975e+00,2.081437616e-01,-2.081437616e-01
7.908000000e-03,1.000000000e+01,1.002048583e+01,8.171651244e+00,2.048582537e-01,-2.048582537e-01
7.910000000e-03,1.000000000e+01,1.002007546e+01,7.765968991e+00,2.007545897e-01,-2.007545897e-01
7.912000000e-03,1.000000000e+01,1.001958493e+01,7.369297239e+00,1.958493355e-01,-1.958493355e-01
7.914000000e-03,1.000000000e+01,1.001901623e+01,6.983219674e+00,1.901622576e-01,-1.901622576e-01
7.916000000e-03,1.000000000e+01,1.001837162e+01,6.609277317e+00,1.837162434e-01,-1.837162434e-01
7.918000000e-03,1.000000000e+01,1.001765372e+01,6.248962382e+00,1.765372094e-01,-1.765372094e-01
7.920000000e-03,1.000000000e+01,1.001686540e+01,5.903712310e+00,1.686539964e-01,-1.686539964e-01
7.922000000e-03,1.000000000e+01,1.001600983e+01,5.574904046e+00,1.600982544e-01,-1.600982544e-01
7.924000000e-03,1.000000000e+01,1.001509043e+01,5.263848539e+00,1.509043149e-01,-1.509043149e-01
7.926000000e-03,1.000000000e+01,1.001411091e+01,4.971785519e+00,1.411090535e-01,-1.411090536e-01
7.928000000e-03,1.000000000e+01,1.001307517e+01,4.699878557e+00,1.307517420e-01,-1.307517420e-01
7.930000000e-03,1.000000000e+01,1.001198739e+01,4.449210425e+00,1.198738905e-01,-1.198738905e-01
7.932000000e-03,1.000000000e+01,1.001085191e+01,4.220778791e+00,1.085190817e-01,-1.085190818e-01
7.934000000e-03,1.000000000e+01,1.000967328e+01,4.015492242e+00,9.673279596e-02,-9.673279598e-02
7.936000000e-03,1.000000000e+01,1.000845622e+01,3.834166675e+00,8.456222894e-02,-8.456222896e-02
7.938000000e-03,1.000000000e+01,1.000720561e+01,3.677522051e+00,7.205610298e-02,-7.205610300e-02
7.940000000e-03,1.000000000e+01,1.000592645e+01,3.546179539e+00,5.926447186e-02,-5.926447188e-02
7.942000000e-03,1.000000000e+01,1.000462385e+01,3.440659050e+00,4.623852050e-02,-4.623852052e-02
7.944000000e-03,1.000000000e+01,1.000330304e+01,3.361377182e+00,3.303036015e-02,-3.303036017e-02
7.946000000e-03,1.000000000e+01,1.000196928e+01,3.308645577e+00,1.969281995e-02,-1.969281997e-02
7.948000000e-03,1.000000000e+01,1.000062792e+01,3.282669690e+00,6.279235559e-03,-6.279235579e-03
7.950000000e-03,1.000000000e+01,9.999284324e+00,3.283547995e+00,-7.156764045e-03,7.156764025e-03
7.952000000e-03,1.000000000e+01,9.997943853e+00,3.311271611e+00,-2.056147104e-02,2.056147102e-02
7.954000000e-03,1.000000000e+01,9.996611869e+00,3.365724358e+00,-3.388131341e-02,3.388131339e-02
7.956000000e-03,1.000000000e+01,9.995293693e+00,3.446683244e+00,-4.706306906e-02,4.706306904e-02
7.958000000e-03,1.000000000e+01,9.993994592e+00,3.553819378e+00,-6.005407847e-02,6.005407845e-02
7.960000000e-03,1.000000000e+01,9.992719754e+00,3.686699303e+00,-7.280245506e-02,7.280245504e-02
7.962000000e-03,1.000000000e+01,9.991474271e+00,3.844786753e+00,-8.525729242e-02,8.525729240e-02
7.964000000e-03,1.000000000e+01,9.990263113e+00,4.027444815e+00,-9.736886759e-02,9.736886757e-02
7.966000000e-03,1.000000000e+01,9.989091116e+00,4.233938495e+00,-1.090888396e-01,1.090888396e-01
7.968000000e-03,1.000000000e+01,9.987962821e+00,4.463466722e+00,-1.203717855e-01,1.203717855e-01
7.970000000e-03,1.000000000e+01,9.986883005e+00,4.715052127e+00,-1.311699533e-01,1.311699533e-01
7.972000000e-03,1.000000000e+01,9.985855832e+00,4.987711016e+00,-1.414416785e-01,1.414416785e-01
7.974000000e-03,1.000000000e+01,9.984885399e+00,5.280349363e+00,-1.511460106e-01,1.511460106e-01
7.976000000e-03,1.000000000e+01,9.983975572e+00,5.591793506e+00,-1.602442751e-01,1.602442751e-01
7.978000000e-03,1.000000000e+01,9.983129977e+00,5.920794848e+00,-1.687002277e-01,1.687002276e-01
7.980000000e-03,1.000000000e+01,9.982351980e+00,6.266034867e+00,-1.764801985e-01,1.764801985e-01
7.982000000e-03,1.000000000e+01,9.981644677e+00,6.626130402e+00,-1.835532266e-01,1.835532266e-01
7.984000000e-03,1.000000000e+01,9.981010882e+00,6.999639187e+00,-1.898911825e-01,1.898911825e-01
7.986000000e-03,1.000000000e+01,9.980453112e+00,7.385065636e+00,-1.954688806e-01,1.954688806e-01
7.988000000e-03,1.000000000e+01,9.979973582e+00,7.780866824e+00,-2.002641791e-01,2.002641791e-01
7.990000000e-03,1.000000000e+01,9.979574193e+00,8.185458671e+00,-2.042580677e-01,2.042580677e-01
7.992000000e-03,1.000000000e+01,9.979256526e+00,8.597222274e+00,-2.074347433e-01,2.074347433e-01
7.994000000e-03,1.000000000e+01,9.979021833e+00,9.014510391e+00,-2.097816722e-01,2.097816722e-01
7.996000000e-03,1.000000000e+01,9.978871036e+00,9.435654027e+00,-2.112896397e-01,2.112896397e-01
7.998000000e-03,1.000000000e+01,9.978804721e+00,9.858969110e+00,-2.119527864e-01,2.119527864e-01
8.000000000e-03,1.000000000e+01,9.978823137e+00,1.028276323e+01,-2.117686306e-01,2.117686306e-01
8.002000000e-03,1.000000000e+01,9.978926192e+00,1.070534239e+01,-2.107380778e-01,2.107380778e-01
8.004000000e-03,1.000000000e+01,9.979113458e+00,1.112501779e+01,-2.088654165e-01,2.088654164e-01
8.006000000e-03,1.000000000e+01,9.979384170e+00,1.154011260e+01,-2.061582999e-01,2.061582999e-01
8.008000000e-03,1.000000000e+01,9.979737228e+00,1.194896860e+01,-2.026277154e-01,2.026277153e-01
8.010000000e-03,1.000000000e+01,9.980171206e+00,1.234995284e+01,-1.982879391e-01,1.982879391e-01
8.012000000e-03,1.000000000e+01,9.980684352e+00,1.274146419e+01,-1.931564791e-01,1.931564791e-01
8.014000000e-03,1.000000000e+01,9.981274600e+00,1.312193968e+01,-1.872540038e-01,1.872540038e-01
8.016000000e-03,1.000000000e+01,9.981939574e+00,1.348986075e+01,-1.806042596e-01,1.806042595e-01
8.018000000e-03,1.000000000e+01,9.982676603e+00,1.384375936e+01,-1.732339747e-01,1.732339747e-01
8.020000000e-03,1.000000000e+01,9.983482725e+00,1.418222378e+01,-1.651727521e-01,1.651727521e-01
8.022000000e-03,1.000000000e+01,9.984354705e+00,1.450390426e+01,-1.564529506e-01,1.564529505e-01
8.024000000e-03,1.000000000e+01,9.985289045e+00,1.480751842e+01,-1.471095545e-01,1.471095545e-01
8.026000000e-03,1.000000000e+01,9.986281997e+00,1.509185633e+01,-1.371800340e-01,1.371800340e-01
8.028000000e-03,1.000000000e+01,9.987329581e+00,1.535578535e+01,-1.267041944e-01,1.267041944e-01
8.030000000e-03,1.000000000e+01,9.988427598e+00,1.559825465e+01,-1.157240165e-01,1.157240165e-01
8.032000000e-03,1.000000000e+01,9.989571651e+00,1.581829938e+01,-1.042834887e-01,1.042834887e-01
8.034000000e-03,1.000000000e+01,9.990757157e+00,1.601504450e+01,-9.242843065e-02,9.242843063e-02
8.036000000e-03,1.000000000e+01,9.991979369e+00,1.618770829e+01,-8.020630952e-02,8.020630950e-02
8.038000000e-03,1.000000000e+01,9.993233395e+00,1.633560544e+01,-6.766605025e-02,6.766605023e-02
8.040000000e-03,1.000000000e+01,9.994514216e+00,1.645814976e+01,-5.485783957e-02,5.485783955e-02
8.042000000e-03,1.000000000e+01,9.995816707e+00,1.655485651e+01,-4.183292517e-02,4.183292515e-02
8.044000000e-03,1.000000000e+01,9.997135659e+00,1.662534432e+01,-2.864341062e-02,2.864341060e-02
8.046000000e-03,1.000000000e+01,9.998465795e+00,1.666933671e+01,-1.534204701e-02,1.534204699e-02
8.048000000e-03,1.000000000e+01,9.999801798e+00,1.668666313e+01,-1.982021918e-03,1.982021898e-03
8.050000000e-03,1.000000000e+01,1.000113833e+01,1.667725966e+01,1.138325325e-02,-1.138325327e-02
8.052000000e-03,1.000000000e+01,1.000247004e+01,1.664116924e+01,2.470035679e-02,-2.470035681e-02
8.054000000e-03,1.000000000e+01,1.000379161e+01,1.657854145e+01,3.791607021e-02,-3.791607023e-02
8.056000000e-03,1.000000000e+01,1.000509776e+01,1.648963193e+01,5.097759091e-02,-5.097759093e-02
8.058000000e-03,1.000000000e+01,1.000638327e+01,1.637480129e+01,6.383274317e-02,-6.383274319e-02
8.060000000e-03,1.000000000e+01,1.000764302e+01,1.623451371e+01,7.643018656e-02,-7.643018658e-02
8.062000000e-03,1.000000000e+01,1.000887196e+01,1.606933499e+01,8.871962096e-02,-8.871962098e-02
8.064000000e-03,1.000000000e+01,1.001006520e+01,1.587993033e+01,1.006519874e-01,-1.006519874e-01
8.066000000e-03,1.000000000e+01,1.001121797e+01,1.566706162e+01,1.121796640e-01,-1.121796640e-01
8.068000000e-03,1.000000000e+01,1.001232567e+01,1.543158438e+01,1.232566557e-01,-1.232566557e-01
8.070000000e-03,1.000000000e+01,1.001338388e+01,1.517444434e+01,1.338387784e-01,-1.338387784e-01
8.072000000e-03,1.000000000e+01,1.001438838e+01,1.489667360e+01,1.438838345e-01,-1.438838345e-01
8.074000000e-03,1.000000000e+01,1.001533518e+01,1.459938654e+01,1.533517815e-01,-1.533517815e-01
8.076000000e-03,1.000000000e+01,1.001622049e+01,1.428377531e+01,1.622048918e-01,-1.622048919e-01
8.078000000e-03,1.000000000e+01,1.001704079e+01,1.395110506e+01,1.704079027e-01,-1.704079027e-01
8.080000000e-03,1.000000000e+01,1.001779282e+01,1.360270887e+01,1.779281570e-01,-1.779281570e-01
8.082000000e-03,1.000000000e+01,1.001847357e+01,1.323998244e+01,1.847357329e-01,-1.847357329e-01
8.084000000e-03,1.000000000e+01,1.001908036e+01,1.286437842e+01,1.908035633e-01,-1.908035634e-01
8.086000000e-03,1.000000000e+01,1.001961075e+01,1.247740067e+01,1.961075432e-01,-1.961075433e-01
8.088000000e-03,1.000000000e+01,1.002006266e+01,1.208059821e+01,2.006266255e-01,-2.006266255e-01
8.090000000e-03,1.000000000e+01,1.002043429e+01,1.167555902e+01,2.043429045e-01,-2.043429045e-01
8.092000000e-03,1.000000000e+01,1.002072417e+01,1.126390367e+01,2.072416869e-01,-2.072416869e-01
8.094000000e-03,1.000000000e+01,1.002093115e+01,1.084727886e+01,2.093115497e-01,-2.093115498e-01
8.096000000e-03,1.000000000e+01,1.002105444e+01,1.042735082e+01,2.105443858e-01,-2.105443858e-01
8.098000000e-03,1.000000000e+01,1.002109354e+01,1.000579866e+01,2.109354347e-01,-2.109354347e-01
8.100000000e-03,1.000000000e+01,1.002104833e+01,9.584307627e+00,2.104833019e-01,-2.104833019e-01
8.102000000e-03,1.000000000e+01,1.002091900e+01,9.164562409e+00,2.091899632e-01,-2.091899632e-01
8.104000000e-03,1.000000000e+01,1.002070608e+01,8.748240362e+00,2.070607562e-01,-2.070607562e-01
8.106000000e-03,1.000000000e+01,1.002041044e+01,8.337004832e+00,2.041043585e-01,-2.041043585e-01
8.108000000e-03,1.000000000e+01,1.002003328e+01,7.932498498e+00,2.003327522e-01,-2.003327522e-01
8.110000000e-03,1.000000000e+01,1.001957612e+01,7.536336816e+00,1.957611754e-01,-1.957611754e-01
8.112000000e-03,1.000000000e+01,1.001904081e+01,7.150101565e+00,1.904080605e-01,-1.904080605e-01
8.114000000e-03,1.000000000e+01,1.001842950e+01,6.775334532e+00,1.842949600e-01,-1.842949601e-01
8.116000000e-03,1.000000000e+01,1.001774465e+01,6.413531358e+00,1.774464600e-01,-1.774464600e-01
8.118000000e-03,1.000000000e+01,1.001698901e+01,6.066135569e+00,1.698900807e-01,-1.698900807e-01
8.120000000e-03,1.000000000e+01,1.001616562e+01,5.734532814e+00,1.616561664e-01,-1.616561664e-01
8.122000000e-03,1.000000000e+01,1.001527778e+01,5.420045343e+00,1.527777633e-01,-1.527777634e-01
8.124000000e-03,1.000000000e+01,1.001432905e+01,5.123926731e+00,1.432904871e-01,-1.432904872e-01
8.126000000e-03,1.000000000e+01,1.001332324e+01,4.847356882e+00,1.332323800e-01,-1.332323800e-01
8.128000000e-03,1.000000000e+01,1.001226438e+01,4.591437331e+00,1.226437581e-01,-1.226437581e-01
8.130000000e-03,1.000000000e+01,1.001115670e+01,4.357186850e+00,1.115670500e-01,-1.115670500e-01
8.132000000e-03,1.000000000e+01,1.001000466e+01,4.145537398e+00,1.000466265e-01,-1.000466266e-01
8.134000000e-03,1.000000000e+01,1.000881286e+01,3.957330414e+00,8.812862340e-02,-8.812862342e-02
8.136000000e-03,1.000000000e+01,1.000758608e+01,3.793313466e+00,7.586075602e-02,-7.586075604e-02
8.138000000e-03,1.000000000e+01,1.000632921e+01,3.654137289e+00,6.329212873e-02,-6.329212875e-02
8.140000000e-03,1.000000000e+01,1.000504730e+01,3.540353198e+00,5.047303815e-02,-5.047303817e-02
8.142000000e-03,1.000000000e+01,1.000374548e+01,3.452410907e+00,3.745477196e-02,-3.745477198e-02
8.144000000e-03,1.000000000e+01,1.000242894e+01,3.390656750e+00,2.428940367e-02,-2.428940369e-02
8.146000000e-03,1.000000000e+01,1.000110296e+01,3.355332319e+00,1.102958434e-02,-1.102958436e-02
8.148000000e-03,1.000000000e+01,9.999772833e+00,3.346573520e+00,-2.271667987e-03,2.271667967e-03
8.150000000e-03,1.000000000e+01,9.998443882e+00,3.364410047e+00,-1.556118026e-02,1.556118024e-02
8.152000000e-03,1.000000000e+01,9.997121416e+00,3.408765290e+00,-2.878583697e-02,2.878583695e-02
8.154000000e-03,1.000000000e+01,9.995810721e+00,3.479456659e+00,-4.189279250e-02,4.189279248e-02
8.156000000e-03,1.000000000e+01,9.994517032e+00,3.576196333e+00,-5.482968221e-02,5.482968219e-02
8.158000000e-03,1.000000000e+01,9.993245517e+00,3.698592438e+00,-6.754483170e-02,6.754483168e-02
8.160000000e-03,1.000000000e+01,9.992001254e+00,3.846150629e+00,-7.998746319e-02,7.998746317e-02
8.162000000e-03,1.000000000e+01,9.990789210e+00,4.018276086e+00,-9.210789830e-02,9.210789828e-02
8.164000000e-03,1.000000000e+01,9.989614224e+00,4.214275914e+00,-1.038577564e-01,1.038577564e-01
8.166000000e-03,1.000000000e+01,9.988480985e+00,4.433361934e+00,-1.151901478e-01,1.151901477e-01
8.168000000e-03,1.000000000e+01,9.987394014e+00,4.674653846e+00,-1.260598605e-01,1.260598605e-01
8.170000000e-03,1.000000000e+01,9.986357646e+00,4.937182771e+00,-1.364235413e-01,1.364235413e-01
8.172000000e-03,1.000000000e+01,9.985376013e+00,5.219895142e+00,-1.462398680e-01,1.462398680e-01
8.174000000e-03,1.000000000e+01,9.984453029e+00,5.521656926e+00,-1.554697144e-01,1.554697144e-01
8.176000000e-03,1.000000000e+01,9.983592369e+00,5.841258180e+00,-1.640763063e-01,1.640763063e-01
8.178000000e-03,1.000000000e+01,9.982797463e+00,6.177417898e+00,-1.720253682e-01,1.720253682e-01
8.180000000e-03,1.000000000e+01,9.982071474e+00,6.528789146e+00,-1.792852592e-01,1.792852592e-01
8.182000000e-03,1.000000000e+01,9.981417290e+00,6.893964461e+00,-1.858270997e-01,1.858270997e-01
8.184000000e-03,1.000000000e+01,9.980837511e+00,7.271481485e+00,-1.916248856e-01,1.916248856e-01
8.186000000e-03,1.000000000e+01,9.980334441e+00,7.659828824e+00,-1.966555922e-01,1.966555922e-01
8.188000000e-03,1.000000000e+01,9.979910073e+00,8.057452098e+00,-2.008992653e-01,2.008992653e-01
8.190000000e-03,1.000000000e+01,9.979566090e+00,8.462760160e+00,-2.043391005e-01,2.043391005e-01
8.192000000e-03,1.000000000e+01,9.979303849e+00,8.874131469e+00,-2.069615095e-01,2.069615095e-01
8.194000000e-03,1.000000000e+01,9.979124383e+00,9.289920572e+00,-2.087561743e-01,2.087561742e-01
8.196000000e-03,1.000000000e+01,9.979028391e+00,9.708464685e+00,-2.097160870e-01,2.097160869e-01
8.198000000e-03,1.000000000e+01,9.979016242e+00,1.012809035e+01,-2.098375778e-01,2.098375778e-01
8.200000000e-03,1.000000000e+01,9.979087967e+00,1.054712011e+01,-2.091203290e-01,2.091203290e-01
8.202000000e-03,1.000000000e+01,9.979243262e+00,1.096387925e+01,-2.075673750e-01,2.075673750e-01
8.204000000e-03,1.000000000e+01,9.979481491e+00,1.137670243e+01,-2.051850902e-01,2.051850902e-01
8.206000000e-03,1.000000000e+01,9.979801684e+00,1.178394040e+01,-2.019831622e-01,2.019831622e-01
8.208000000e-03,1.000000000e+01,9.980202545e+00,1.218396656e+01,-1.979745532e-01,1.979745531e-01
8.210000000e-03,1.000000000e+01,9.980682455e+00,1.257518345e+01,-1.931754466e-01,1.931754466e-01
8.212000000e-03,1.000000000e+01,9.981239482e+00,1.295602916e+01,-1.876051825e-01,1.876051825e-01
8.214000000e-03,1.000000000e+01,9.981871382e+00,1.332498353e+01,-1.812861794e-01,1.812861794e-01
8.216000000e-03,1.000000000e+01,9.982575616e+00,1.368057423e+01,-1.742438439e-01,1.742438439e-01
8.218000000e-03,1.000000000e+01,9.983349353e+00,1.402138265e+01,-1.665064687e-01,1.665064687e-01
8.220000000e-03,1.000000000e+01,9.984189488e+00,1.434604955e+01,-1.581051189e-01,1.581051189e-01
8.222000000e-03,1.000000000e+01,9.985092649e+00,1.465328046e+01,-1.490735072e-01,1.490735072e-01
8.224000000e-03,1.000000000e+01,9.986055214e+00,1.494185089e+01,-1.394478589e-01,1.394478589e-01
8.226000000e-03,1.000000000e+01,9.987073323e+00,1.521061115e+01,-1.292667662e-01,1.292667662e-01
8.228000000e-03,1.000000000e+01,9.988142897e+00,1.545849098e+01,-1.185710338e-01,1.185710338e-01
8.230000000e-03,1.000000000e+01,9.989259648e+00,1.568450378e+01,-1.074035151e-01,1.074035151e-01
8.232000000e-03,1.000000000e+01,9.990419106e+00,1.588775057e+01,-9.580894090e-02,9.580894088e-02
8.234000000e-03,1.000000000e+01,9.991616626e+00,1.606742352e+01,-8.383373971e-02,8.383373969e-02
8.236000000e-03,1.000000000e+01,9.992847415e+00,1.622280920e+01,-7.152585225e-02,7.152585223e-02
8.238000000e-03,1.000000000e+01,9.994106546e+00,1.635329139e+01,-5.893453938e-02,5.893453936e-02
8.240000000e-03,1.000000000e+01,9.995388982e+00,1.645835354e+01,-4.611018493e-02,4.611018491e-02
8.242000000e-03,1.000000000e+01,9.996689591e+00,1.653758080e+01,-3.310409414e-02,3.310409412e-02
8.244000000e-03,1.000000000e+01,9.998003171e+00,1.659066168e+01,-1.996828837e-02,1.996828835e-02
8.246000000e-03,1.000000000e+01,9.999324470e+00,1.661738924e+01,-6.755297019e-03,6.755296999e-03
8.248000000e-03,1.000000000e+01,1.000064821e+01,1.661766191e+01,6.482052469e-03,-6.482052489e-03
8.250000000e-03,1.000000000e+01,1.000196908e+01,1.659148391e+01,1.969084588e-02,-1.969084590e-02
8.252000000e-03,1.000000000e+01,1.000328183e+01,1.653896514e+01,3.281829372e-02,-3.281829374e-02
8.254000000e-03,1.000000000e+01,1.000458119e+01,1.646032081e+01,4.581194218e-02,-4.581194220e-02
8.256000000e-03,1.000000000e+01,1.000586199e+01,1.635587047e+01,5.861988274e-02,-5.861988276e-02
8.258000000e-03,1.000000000e+01,1.000711910e+01,1.622603677e+01,7.119095954e-02,-7.119095956e-02
8.260000000e-03,1.000000000e+01,1.000834750e+01,1.607134372e+01,8.347497367e-02,-8.347497369e-02
8.262000000e-03,1.000000000e+01,1.000954229e+01,1.589241461e+01,9.542288367e-02,-9.542288369e-02
8.264000000e-03,1.000000000e+01,1.001069870e+01,1.568996945e+01,1.069870012e-01,-1.069870013e-01
8.266000000e-03,1.000000000e+01,1.001181212e+01,1.546482212e+01,1.181211817e-01,-1.181211817e-01
8.268000000e-03,1.000000000e+01,1.001287810e+01,1.521787707e+01,1.287810080e-01,-1.287810080e-01
8.270000000e-03,1.000000000e+01,1.001389240e+01,1.495012568e+01,1.389239679e-01,-1.389239679e-01
8.272000000e-03,1.000000000e+01,1.001485096e+01,1.466264232e+01,1.485096236e-01,-1.485096237e-01
8.274000000e-03,1.000000000e+01,1.001574998e+01,1.435658000e+01,1.574997731e-01,-1.574997731e-01
8.276000000e-03,1.000000000e+01,1.001658586e+01,1.403316575e+01,1.658586020e-01,-1.658586020e-01
8.278000000e-03,1.000000000e+01,1.001735528e+01,1.369369572e+01,1.735528265e-01,-1.735528266e-01
8.280000000e-03,1.000000000e+01,1.001805518e+01,1.333952998e+01,1.805518260e-01,-1.805518260e-01
8.282000000e-03,1.000000000e+01,1.001868278e+01,1.297208705e+01,1.868277647e-01,-1.868277647e-01
8.284000000e-03,1.000000000e+01,1.001923557e+01,1.259283826e+01,1.923557023e-01,-1.923557024e-01
8.286000000e-03,1.000000000e+01,1.001971137e+01,1.220330182e+01,1.971136936e-01,-1.971136936e-01
8.288000000e-03,1.000000000e+01,1.002010829e+01,1.180503673e+01,2.010828749e-01,-2.010828749e-01
8.290000000e-03,1.000000000e+01,1.002042475e+01,1.139963662e+01,2.042475393e-01,-2.042475393e-01
8.292000000e-03,1.000000000e+01,1.002065952e+01,1.098872327e+01,2.065951985e-01,-2.065951985e-01
8.294000000e-03,1.000000000e+01,1.002081166e+01,1.057394021e+01,2.081166325e-01,-2.081166325e-01
8.296000000e-03,1.000000000e+01,1.002088059e+01,1.015694608e+01,2.088059254e-01,-2.088059254e-01
8.298000000e-03,1.000000000e+01,1.002086605e+01,9.739408037e+00,2.086604884e-01,-2.086604884e-01
8.300000000e-03,1.000000000e+01,1.002076811e+01,9.322995082e+00,2.076810700e-01,-2.076810700e-01
8.302000000e-03,1.000000000e+01,1.002058718e+01,8.909371382e+00,2.058717515e-01,-2.058717515e-01
8.304000000e-03,1.000000000e+01,1.002032399e+01,8.500189621e+00,2.032399307e-01,-2.032399307e-01
8.306000000e-03,1.000000000e+01,1.001997963e+01,8.097084400e+00,1.997962915e-01,-1.997962916e-01
8.308000000e-03,1.000000000e+01,1.001955548e+01,7.701665706e+00,1.955547604e-01,-1.955547605e-01
8.310000000e-03,1.000000000e+01,1.001905325e+01,7.315512479e+00,1.905324503e-01,-1.905324503e-01
8.312000000e-03,1.000000000e+01,1.001847496e+01,6.940166310e+00,1.847495913e-01,-1.847495913e-01
8.314000000e-03,1.000000000e+01,1.001782294e+01,6.577125288e+00,1.782294495e-01,-1.782294495e-01
8.316000000e-03,1.000000000e+01,1.001709982e+01,6.227838017e+00,1.709982331e-01,-1.709982331e-01
8.318000000e-03,1.000000000e+01,1.001630840e+01,5.893658170e+00,1.630839920e-01,-1.630839920e-01
8.320000000e-03,1.000000000e+01,1.001545204e+01,5.575999673e+00,1.545204054e-01,-1.545204054e-01
8.322000000e-03,1.000000000e+01,1.001453409e+01,5.276087323e+00,1.453409175e-01,-1.453409175e-01
8.324000000e-03,1.000000000e+01,1.001355823e+01,4.995116314e+00,1.355823415e-01,-1.355823415e-01
8.326000000e-03,1.000000000e+01,1.001252838e+01,4.734205891e+00,1.252837981e-01,-1.252837981e-01
8.328000000e-03,1.000000000e+01,1.001144866e+01,4.494394895e+00,1.144865583e-01,-1.144865583e-01
8.330000000e-03,1.000000000e+01,1.001032339e+01,4.276637623e+00,1.032338781e-01,-1.032338782e-01
8.332000000e-03,1.000000000e+01,1.000915708e+01,4.081800036e+00,9.157082534e-02,-9.157082536e-02
8.334000000e-03,1.000000000e+01,1.000795441e+01,3.910656309e+00,7.954409891e-02,-7.954409893e-02
8.336000000e-03,1.000000000e+01,1.000672018e+01,3.763885763e+00,6.720184211e-02,-6.720184213e-02
8.338000000e-03,1.000000000e+01,1.000545934e+01,3.642070159e+00,5.459344973e-02,-5.459344975e-02
8.340000000e-03,1.000000000e+01,1.000417694e+01,3.545691401e+00,4.176937041e-02,-4.176937043e-02
8.342000000e-03,1.000000000e+01,1.000287809e+01,3.475129625e+00,2.878090482e-02,-2.878090484e-02
8.344000000e-03,1.000000000e+01,1.000156800e+01,3.430661701e+00,1.568000039e-02,-1.568000041e-02
8.346000000e-03,1.000000000e+01,1.000025190e+01,3.412460147e+00,2.519043587e-03,-2.519043607e-03
8.348000000e-03,1.000000000e+01,9.998935065e+00,3.420592462e+00,-1.064934957e-02,1.064934955e-02
8.350000000e-03,1.000000000e+01,9.997622746e+00,3.455020874e+00,-2.377254385e-02,2.377254383e-02
8.352000000e-03,1.000000000e+01,9.996320190e+00,3.515602513e+00,-3.679809525e-02,3.679809523e-02
8.354000000e-03,1.000000000e+01,9.995032604e+00,3.602090007e+00,-4.967396048e-02,4.967396046e-02
8.356000000e-03,1.000000000e+01,9.993765130e+00,3.714132486e+00,-6.234870498e-02,6.234870496e-02
8.358000000e-03,1.000000000e+01,9.992522829e+00,3.851277007e+00,-7.477170835e-02,7.477170833e-02
8.360000000e-03,1.000000000e+01,9.991310663e+00,4.012970387e+00,-8.689336651e-02,8.689336649e-02
8.362000000e-03,1.000000000e+01,9.990133471e+00,4.198561433e+00,-9.866528977e-02,9.866528975e-02
8.364000000e-03,1.000000000e+01,9.988995950e+00,4.407303562e+00,-1.100404960e-01,1.100404960e-01
8.366000000e-03,1.000000000e+01,9.987902640e+00,4.638357806e+00,-1.209735981e-01,1.209735981e-01
8.368000000e-03,1.000000000e+01,9.986857901e+00,4.890796186e+00,-1.314209853e-01,1.314209853e-01
8.370000000e-03,1.000000000e+01,9.985865900e+00,5.163605434e+00,-1.413409966e-01,1.413409966e-01
8.372000000e-03,1.000000000e+01,9.984930591e+00,5.455691066e+00,-1.506940876e-01,1.506940876e-01
8.374000000e-03,1.000000000e+01,9.984055701e+00,5.765881766e+00,-1.594429876e-01,1.594429876e-01
8.376000000e-03,1.000000000e+01,9.983244715e+00,6.092934091e+00,-1.675528483e-01,1.675528482e-01
8.378000000e-03,1.000000000e+01,9.982500862e+00,6.435537447e+00,-1.749913825e-01,1.749913825e-01
8.380000000e-03,1.000000000e+01,9.981827101e+00,6.792319347e+00,-1.817289929e-01,1.817289929e-01
8.382000000e-03,1.000000000e+01,9.981226111e+00,7.161850909e+00,-1.877388897e-01,1.877388897e-01
8.384000000e-03,1.000000000e+01,9.980700280e+00,7.542652573e+00,-1.929971970e-01,1.929971970e-01
8.386000000e-03,1.000000000e+01,9.980251695e+00,7.933200031e+00,-1.974830478e-01,1.974830478e-01
8.388000000e-03,1.000000000e+01,9.979882133e+00,8.331930325e+00,-2.011786667e-01,2.011786667e-01
8.390000000e-03,1.000000000e+01,9.979593056e+00,8.737248106e+00,-2.040694405e-01,2.040694405e-01
8.392000000e-03,1.000000000e+01,9.979385602e+00,9.147532009e+00,-2.061439759e-01,2.061439758e-01
8.394000000e-03,1.000000000e+01,9.979260586e+00,9.561141148e+00,-2.073941441e-01,2.073941441e-01
8.396000000e-03,1.000000000e+01,9.979218489e+00,9.976421672e+00,-2.078151132e-01,2.078151132e-01
8.398000000e-03,1.000000000e+01,9.979259463e+00,1.039171338e+01,-2.074053665e-01,2.074053665e-01
8.400000000e-03,1.000000000e+01,9.979383329e+00,1.080535637e+01,-2.061667078e-01,2.061667077e-01
8.402000000e-03,1.000000000e+01,9.979589575e+00,1.121569763e+01,-2.041042537e-01,2.041042537e-01
8.404000000e-03,1.000000000e+01,9.979877359e+00,1.162109772e+01,-2.012264127e-01,2.012264127e-01
8.406000000e-03,1.000000000e+01,9.980245515e+00,1.201993723e+01,-1.975448504e-01,1.975448504e-01
8.408000000e-03,1.000000000e+01,9.980692556e+00,1.241062335e+01,-1.930744428e-01,1.930744427e-01
8.410000000e-03,1.000000000e+01,9.981216678e+00,1.279159612e+01,-1.878332156e-01,1.878332156e-01
8.412000000e-03,1.000000000e+01,9.981815773e+00,1.316133477e+01,-1.818422721e-01,1.818422721e-01
8.414000000e-03,1.000000000e+01,9.982487429e+00,1.351836369e+01,-1.751257079e-01,1.751257079e-01
8.416000000e-03,1.000000000e+01,9.983228949e+00,1.386125839e+01,-1.677105141e-01,1.677105141e-01
8.418000000e-03,1.000000000e+01,9.984037353e+00,1.418865117e+01,-1.596264687e-01,1.596264687e-01
8.420000000e-03,1.000000000e+01,9.984909398e+00,1.449923653e+01,-1.509060172e-01,1.509060172e-01
8.422000000e-03,1.000000000e+01,9.985841586e+00,1.479177645e+01,-1.415841423e-01,1.415841423e-01
8.424000000e-03,1.000000000e+01,9.986830178e+00,1.506510524e+01,-1.316982236e-01,1.316982236e-01
8.426000000e-03,1.000000000e+01,9.987871211e+00,1.531813428e+01,-1.212878877e-01,1.212878877e-01
8.428000000e-03,1.000000000e+01,9.988960515e+00,1.554985627e+01,-1.103948493e-01,1.103948492e-01
8.430000000e-03,1.000000000e+01,9.990093726e+00,1.575934927e+01,-9.906274407e-02,9.906274405e-02
8.432000000e-03,1.000000000e+01,9.991266305e+00,1.594578041e+01,-8.733695405e-02,8.733695403e-02
8.434000000e-03,1.000000000e+01,9.992473706e+00,1.610842755e+01,-7.526294426e-02,7.526294424e-02
8.436000000e-03,1.000000000e+01,9.993710803e+00,1.624660559e+01,-6.289196682e-02,6.289196680e-02
8.438000000e-03,1.000000000e+01,9.994972791e+00,1.635978847e+01,-5.027208601e-02,5.027208599e-02
8.440000000e-03,1.000000000e+01,9.996254621e+00,1.644752881e+01,-3.745379294e-02,3.745379292e-02
8.442000000e-03,1.000000000e+01,9.997551164e+00,1.650948099e+01,-2.448836169e-02,2.448836167e-02
8.444000000e-03,1.000000000e+01,9.998857236e+00,1.654540255e+01,-1.142764418e-02,1.142764416e-02
8.446000000e-03,1.000000000e+01,1.000016761e+01,1.655515512e+01,1.676137183e-03,-1.676137203e-03
8.448000000e-03,1.000000000e+01,1.000147706e+01,1.653870495e+01,1.477059830e-02,-1.477059832e-02
8.450000000e-03,1.000000000e+01,1.000278034e+01,1.649612304e+01,2.780340281e-02,-2.780340283e-02
8.452000000e-03,1.000000000e+01,1.000407225e+01,1.642758480e+01,4.072247127e-02,-4.072247129e-02
8.454000000e-03,1.000000000e+01,1.000534762e+01,1.633336938e+01,5.347618923e-02,-5.347618925e-02
8.456000000e-03,1.000000000e+01,1.000660136e+01,1.621385849e+01,6.601361348e-02,-6.601361350e-02
8.458000000e-03,1.000000000e+01,1.000782847e+01,1.606953487e+01,7.828467551e-02,-7.828467553e-02
8.460000000e-03,1.000000000e+01,1.000902404e+01,1.590098034e+01,9.024038148e-02,-9.024038150e-02
8.462000000e-03,1.000000000e+01,1.001018330e+01,1.570887345e+01,1.018330078e-01,-1.018330078e-01
8.464000000e-03,1.000000000e+01,1.001130163e+01,1.549398676e+01,1.130162917e-01,-1.130162917e-01
8.466000000e-03,1.000000000e+01,1.001237456e+01,1.525718373e+01,1.237456157e-01,-1.237456157e-01
8.468000000e-03,1.000000000e+01,1.001339782e+01,1.499941523e+01,1.339781857e-01,-1.339781858e-01
8.470000000e-03,1.000000000e+01,1.001436732e+01,1.472171574e+01,1.436732019e-01,-1.436732019e-01
8.472000000e-03,1.000000000e+01,1.001527920e+01,1.442519922e+01,1.527920210e-01,-1.527920210e-01
8.474000000e-03,1.000000000e+01,1.001612983e+01,1.411105460e+01,1.612983105e-01,-1.612983105e-01
8.476000000e-03,1.000000000e+01,1.001691591e+01,1.378050010e+01,1.691591109e-01,-1.691591110e-01
8.478000000e-03,1.000000000e+01,1.001763412e+01,1.343494015e+01,1.763412172e-01,-1.763412172e-01
8.480000000e-03,1.000000000e+01,1.001828171e+01,1.307571994e+01,1.828170557e-01,-1.828170558e-01
8.482000000e-03,1.000000000e+01,1.001885609e+01,1.270427801e+01,1.885608840e-01,-1.885608840e-01
8.484000000e-03,1.000000000e+01,1.001935499e+01,1.232210144e+01,1.935498905e-01,-1.935498905e-01
8.486000000e-03,1.000000000e+01,1.001977643e+01,1.193071992e+01,1.977642852e-01,-1.977642852e-01
8.488000000e-03,1.000000000e+01,1.002011874e+01,1.153169964e+01,2.011873783e-01,-2.011873783e-01
8.490000000e-03,1.000000000e+01,1.002038056e+01,1.112663699e+01,2.038056459e-01,-2.038056459e-01
8.492000000e-03,1.000000000e+01,1.002056088e+01,1.071715223e+01,2.056087840e-01,-2.056087840e-01
8.494000000e-03,1.000000000e+01,1.002065897e+01,1.030488292e+01,2.065897483e-01,-2.065897484e-01
8.496000000e-03,1.000000000e+01,1.002067448e+01,9.891477454e+00,2.067447826e-01,-2.067447826e-01
8.498000000e-03,1.000000000e+01,1.002060734e+01,9.478588433e+00,2.060734322e-01,-2.060734323e-01
8.500000000e-03,1.000000000e+01,1.002045785e+01,9.067866059e+00,2.045785459e-01,-2.045785460e-01
8.502000000e-03,1.000000000e+01,1.002022663e+01,8.660951545e+00,2.022662634e-01,-2.022662634e-01
8.504000000e-03,1.000000000e+01,1.001991460e+01,8.259470557e+00,1.991459903e-01,-1.991459903e-01
8.506000000e-03,1.000000000e+01,1.001952304e+01,7.865026716e+00,1.952303598e-01,-1.952303598e-01
8.508000000e-03,1.000000000e+01,1.001905352e+01,7.479195199e+00,1.905351816e-01,-1.905351817e-01
8.510000000e-03,1.000000000e+01,1.001850794e+01,7.103516439e+00,1.850793783e-01,-1.850793783e-01
8.512000000e-03,1.000000000e+01,1.001788849e+01,6.739489987e+00,1.788849086e-01,-1.788849087e-01
8.514000000e-03,1.000000000e+01,1.001719767e+01,6.388568515e+00,1.719766794e-01,-1.719766795e-01
8.516000000e-03,1.000000000e+01,1.001643824e+01,6.052152026e+00,1.643824455e-01,-1.643824456e-01
8.518000000e-03,1.000000000e+01,1.001561327e+01,5.731582269e+00,1.561326980e-01,-1.561326981e-01
8.520000000e-03,1.000000000e+01,1.001472605e+01,5.428137381e+00,1.472605421e-01,-1.472605421e-01
8.522000000e-03,1.000000000e+01,1.001378016e+01,5.143026801e+00,1.378015640e-01,-1.378015640e-01
8.524000000e-03,1.000000000e+01,1.001277937e+01,4.877386440e+00,1.277936884e-01,-1.277936884e-01
8.526000000e-03,1.000000000e+01,1.001172770e+01,4.632274163e+00,1.172770263e-01,-1.172770263e-01
8.528000000e-03,1.000000000e+01,1.001062937e+01,4.408665570e+00,1.062937142e-01,-1.062937142e-01
8.530000000e-03,1.000000000e+01,1.000948877e+01,4.207450121e+00,9.488774559e-02,-9.488774561e-02
8.532000000e-03,1.000000000e+01,1.000831048e+01,4.029427587e+00,8.310479426e-02,-8.310479428e-02
8.534000000e-03,1.000000000e+01,1.000709920e+01,3.875304883e+00,7.099203180e-02,-7.099203182e-02
8.536000000e-03,1.000000000e+01,1.000585979e+01,3.745693254e+00,5.859793857e-02,-5.859793859e-02
8.538000000e-03,1.000000000e+01,1.000459721e+01,3.641105850e+00,4.597210970e-02,-4.597210972e-02
8.540000000e-03,1.000000000e+01,1.000331651e+01,3.561955701e+00,3.316505667e-02,-3.316505669e-02
8.542000000e-03,1.000000000e+01,1.000202280e+01,3.508554080e+00,2.022800517e-02,-2.022800519e-02
8.544000000e-03,1.000000000e+01,1.000072127e+01,3.481109282e+00,7.212690276e-03,-7.212690296e-03
8.546000000e-03,1.000000000e+01,9.999417115e+00,3.479725813e+00,-5.828850487e-03,5.828850467e-03
8.548000000e-03,1.000000000e+01,9.998115551e+00,3.504403989e+00,-1.884448517e-02,1.884448515e-02
8.550000000e-03,1.000000000e+01,9.996821780e+00,3.555039960e+00,-3.178219579e-02,3.178219577e-02
8.552000000e-03,1.000000000e+01,9.995540971e+00,3.631426144e+00,-4.459028624e-02,4.459028622e-02
8.554000000e-03,1.000000000e+01,9.994278241e+00,3.733252077e+00,-5.721758883e-02,5.721758881e-02
8.556000000e-03,1.000000000e+01,9.993038633e+00,3.860105676e+00,-6.961366871e-02,6.961366869e-02
8.558000000e-03,1.000000000e+01,9.991827097e+00,4.011474904e+00,-8.172902532e-02,8.172902530e-02
8.560000000e-03,1.000000000e+01,9.990648471e+00,4.186749839e+00,-9.351529004e-02,9.351529002e-02
8.562000000e-03,1.000000000e+01,9.989507458e+00,4.385225131e+00,-1.049254193e-01,1.049254193e-01
8.564000000e-03,1.000000000e+01,9.988408612e+00,4.606102840e+00,-1.159138823e-01,1.159138822e-01
8.566000000e-03,1.000000000e+01,9.987356316e+00,4.848495641e+00,-1.264368427e-01,1.264368427e-01
8.568000000e-03,1.000000000e+01,9.986354767e+00,5.111430395e+00,-1.364523338e-01,1.364523338e-01
8.570000000e-03,1.000000000e+01,9.985407957e+00,5.393852048e+00,-1.459204253e-01,1.459204252e-01
8.572000000e-03,1.000000000e+01,9.984519662e+00,5.694627873e+00,-1.548033829e-01,1.548033829e-01
8.574000000e-03,1.000000000e+01,9.983693418e+00,6.012552004e+00,-1.630658188e-01,1.630658188e-01
8.576000000e-03,1.000000000e+01,9.982932517e+00,6.346350278e+00,-1.706748323e-01,1.706748323e-01
8.578000000e-03,1.000000000e+01,9.982239986e+00,6.694685336e+00,-1.776001411e-01,1.776001411e-01
8.580000000e-03,1.000000000e+01,9.981618580e+00,7.056161985e+00,-1.838142016e-01,1.838142015e-01
8.582000000e-03,1.000000000e+01,9.981070768e+00,7.429332783e+00,-1.892923186e-01,1.892923186e-01
8.584000000e-03,1.000000000e+01,9.980598726e+00,7.812703838e+00,-1.940127434e-01,1.940127434e-01
8.586000000e-03,1.000000000e+01,9.980204324e+00,8.204740785e+00,-1.979567602e-01,1.979567602e-01
8.588000000e-03,1.000000000e+01,9.979889124e+00,8.603874930e+00,-2.011087601e-01,2.011087601e-01
8.590000000e-03,1.000000000e+01,9.979654370e+00,9.008509523e+00,-2.034563031e-01,2.034563030e-01
8.592000000e-03,1.000000000e+01,9.979500983e+00,9.417026152e+00,-2.049901669e-01,2.049901668e-01
8.594000000e-03,1.000000000e+01,9.979429562e+00,9.827791208e+00,-2.057043834e-01,2.057043834e-01
8.596000000e-03,1.000000000e+01,9.979440374e+00,1.023916243e+01,-2.055962620e-01,2.055962620e-01
8.598000000e-03,1.000000000e+01,9.979533360e+00,1.064949544e+01,-2.046663992e-01,2.046663992e-01
8.600000000e-03,1.000000000e+01,9.979708132e+00,1.105715037e+01,-2.029186761e-01,2.029186761e-01
8.602000000e-03,1.000000000e+01,9.979963976e+00,1.146049837e+01,-2.003602417e-01,2.003602417e-01
8.604000000e-03,1.000000000e+01,9.980299852e+00,1.185792813e+01,-1.970014843e-01,1.970014843e-01
8.606000000e-03,1.000000000e+01,9.980714401e+00,1.224785231e+01,-1.928559887e-01,1.928559887e-01
8.608000000e-03,1.000000000e+01,9.981205952e+00,1.262871389e+01,-1.879404819e-01,1.879404818e-01
8.610000000e-03,1.000000000e+01,9.981772524e+00,1.299899240e+01,-1.822747648e-01,1.822747648e-01
8.612000000e-03,1.000000000e+01,9.982411837e+00,1.335720996e+01,-1.758816333e-01,1.758816333e-01
8.614000000e-03,1.000000000e+01,9.983121321e+00,1.370193719e+01,-1.687867860e-01,1.687867860e-01
8.616000000e-03,1.000000000e+01,9.983898128e+00,1.403179893e+01,-1.610187213e-01,1.610187213e-01
8.618000000e-03,1.000000000e+01,9.984739138e+00,1.434547969e+01,-1.526086225e-01,1.526086225e-01
8.620000000e-03,1.000000000e+01,9.985640977e+00,1.464172896e+01,-1.435902330e-01,1.435902330e-01
8.622000000e-03,1.000000000e+01,9.986600028e+00,1.491936610e+01,-1.339997206e-01,1.339997206e-01
8.624000000e-03,1.000000000e+01,9.987612447e+00,1.517728513e+01,-1.238755330e-01,1.238755329e-01
8.626000000e-03,1.000000000e+01,9.988674176e+00,1.541445910e+01,-1.132582428e-01,1.132582428e-01
8.628000000e-03,1.000000000e+01,9.989781098e+00,1.562996912e+01,-1.021890206e-01,1.021890206e-01
8.630000000e-03,1.000000000e+01,9.990928512e+00,1.582290559e+01,-9.071487799e-02,9.071487797e-02
8.632000000e-03,1.000000000e+01,9.992111955e+00,1.599252946e+01,-7.888044519e-02,7.888044517e-02
8.634000000e-03,1.000000000e+01,9.993326690e+00,1.613816742e+01,-6.673309617e-02,6.673309615e-02
8.636000000e-03,1.000000000e+01,9.994567855e+00,1.625924216e+01,-5.432144615e-02,5.432144613e-02
8.638000000e-03,1.000000000e+01,9.995830484e+00,1.635527465e+01,-4.169515704e-02,4.169515702e-02
8.640000000e-03,1.000000000e+01,9.997109526e+00,1.642588606e+01,-2.890473873e-02,2.890473871e-02
8.642000000e-03,1.000000000e+01,9.998399865e+00,1.647079925e+01,-1.600134701e-02,1.600134699e-02
8.644000000e-03,1.000000000e+01,9.999696342e+00,1.648983984e+01,-3.036578995e-03,3.036578975e-03
8.646000000e-03,1.000000000e+01,1.000099377e+01,1.648293690e+01,9.937733181e-03,-9.937733201e-03
8.648000000e-03,1.000000000e+01,1.000228697e+01,1.645012320e+01,2.286972962e-02,-2.286972964e-02
8.650000000e-03,1.000000000e+01,1.000357077e+01,1.639153509e+01,3.570772993e-02,-3.570772995e-02
8.652000000e-03,1.000000000e+01,1.000484004e+01,1.630741190e+01,4.840043975e-02,-4.840043977e-02
8.654000000e-03,1.000000000e+01,1.000608972e+01,1.619809497e+01,6.089715570e-02,-6.089715572e-02
8.656000000e-03,1.000000000e+01,1.000731480e+01,1.606402627e+01,7.314796793e-02,-7.314796795e-02
8.658000000e-03,1.000000000e+01,1.000851040e+01,1.590574663e+01,8.510395944e-02,-8.510395946e-02
8.660000000e-03,1.000000000e+01,1.000967174e+01,1.572389353e+01,9.671740139e-02,-9.671740141e-02
8.662000000e-03,1.000000000e+01,1.001079419e+01,1.551919854e+01,1.079419437e-01,-1.079419437e-01
8.664000000e-03,1.000000000e+01,1.001187328e+01,1.529248440e+01,1.187327999e-01,-1.187327999e-01
8.666000000e-03,1.000000000e+01,1.001290469e+01,1.504466168e+01,1.290469259e-01,-1.290469259e-01
8.668000000e-03,1.000000000e+01,1.001388432e+01,1.477672513e+01,1.388431919e-01,-1.388431919e-01
8.670000000e-03,1.000000000e+01,1.001480825e+01,1.448974973e+01,1.480825459e-01,-1.480825459e-01
8.672000000e-03,1.000000000e+01,1.001567282e+01,1.418488631e+01,1.567281699e-01,-1.567281699e-01
8.674000000e-03,1.000000000e+01,1.001647456e+01,1.386335697e+01,1.647456263e-01,-1.647456263e-01
8.676000000e-03,1.000000000e+01,1.001721030e+01,1.352645021e+01,1.721029952e-01,-1.721029952e-01
8.678000000e-03,1.000000000e+01,1.001787710e+01,1.317551569e+01,1.787710013e-01,-1.787710013e-01
8.680000000e-03,1.000000000e+01,1.001847231e+01,1.281195891e+01,1.847231307e-01,-1.847231307e-01
8.682000000e-03,1.000000000e+01,1.001899357e+01,1.243723551e+01,1.899357360e-01,-1.899357360e-01
8.684000000e-03,1.000000000e+01,1.001943881e+01,1.205284549e+01,1.943881306e-01,-1.943881306e-01
8.686000000e-03,1.000000000e+01,1.001980627e+01,1.166032717e+01,1.980626703e-01,-1.980626703e-01
8.688000000e-03,1.000000000e+01,1.002009448e+01,1.126125108e+01,2.009448237e-01,-2.009448237e-01
8.690000000e-03,1.000000000e+01,1.002030232e+01,1.085721361e+01,2.030232293e-01,-2.030232293e-01
8.692000000e-03,1.000000000e+01,1.002042897e+01,1.044983069e+01,2.042897406e-01,-2.042897406e-01
8.694000000e-03,1.000000000e+01,1.002047395e+01,1.004073128e+01,2.047394577e-01,-2.047394578e-01
8.696000000e-03,1.000000000e+01,1.002043707e+01,9.631550894e+00,2.043707466e-01,-2.043707466e-01
8.698000000e-03,1.000000000e+01,1.002031852e+01,9.223925024e+00,2.031852445e-01,-2.031852445e-01
8.700000000e-03,1.000000000e+01,1.002011879e+01,8.819482631e+00,2.011878533e-01,-2.011878534e-01
8.702000000e-03,1.000000000e+01,1.001983867e+01,8.419839625e+00,1.983867190e-01,-1.983867190e-01
8.704000000e-03,1.000000000e+01,1.001947932e+01,8.026592408e+00,1.947931982e-01,-1.947931982e-01
8.706000000e-03,1.000000000e+01,1.001904218e+01,7.641311500e+00,1.904218127e-01,-1.904218127e-01
8.708000000e-03,1.000000000e+01,1.001852902e+01,7.265535266e+00,1.852901903e-01,-1.852901904e-01
8.710000000e-03,1.000000000e+01,1.001794190e+01,6.900763773e+00,1.794189942e-01,-1.794189942e-01
8.712000000e-03,1.000000000e+01,1.001728318e+01,6.548452802e+00,1.728318392e-01,-1.728318392e-01
8.714000000e-03,1.000000000e+01,1.001655552e+01,6.210008039e+00,1.655551972e-01,-1.655551972e-01
8.716000000e-03,1.000000000e+01,1.001576183e+01,5.886779467e+00,1.576182906e-01,-1.576182906e-01
8.718000000e-03,1.000000000e+01,1.001490530e+01,5.580055977e+00,1.490529752e-01,-1.490529752e-01
8.720000000e-03,1.000000000e+01,1.001398936e+01,5.291060235e+00,1.398936119e-01,-1.398936119e-01
8.722000000e-03,1.000000000e+01,1.001301769e+01,5.020943804e+00,1.301769293e-01,-1.301769293e-01
8.724000000e-03,1.000000000e+01,1.001199406e+01,4.770753322e+00,1.199406082e-01,-1.199406082e-01
8.726000000e-03,1.000000000e+01,1.001092281e+01,4.541545747e+00,1.092281419e-01,-1.092281419e-01
8.728000000e-03,1.000000000e+01,1.000980812e+01,4.334201316e+00,9.808123597e-02,-9.808123599e-02
8.730000000e-03,1.000000000e+01,1.000865431e+01,4.149523255e+00,8.654311250e-02,-8.654311252e-02
8.732000000e-03,1.000000000e+01,1.000746628e+01,3.988290274e+00,7.466275973e-02,-7.466275975e-02
8.734000000e-03,1.000000000e+01,1.000624864e+01,3.851118190e+00,6.248635791e-02,-6.248635793e-02
8.736000000e-03,1.000000000e+01,1.000500626e+01,3.738550463e+00,5.006263500e-02,-5.006263502e-02
8.738000000e-03,1.000000000e+01,1.000374413e+01,3.651032103e+00,3.744129778e-02,-3.744129780e-02
8.740000000e-03,1.000000000e+01,1.000246728e+01,3.588907909e+00,2.467283292e-02,-2.467283294e-02
8.742000000e-03,1.000000000e+01,1.000118083e+01,3.552421111e+00,1.180830509e-02,-1.180830511e-02
8.744000000e-03,1.000000000e+01,9.999889915e+00,3.541712417e+00,-1.100847326e-03,1.100847306e-03
8.746000000e-03,1.000000000e+01,9.998599698e+00,3.556819475e+00,-1.400301784e-02,1.400301782e-02
8.748000000e-03,1.000000000e+01,9.997315336e+00,3.597676739e+00,-2.684663821e-02,2.684663819e-02
8.750000000e-03,1.000000000e+01,9.996041962e+00,3.664115754e+00,-3.958038453e-02,3.958038451e-02
8.752000000e-03,1.000000000e+01,9.994784662e+00,3.755865848e+00,-5.215338230e-02,5.215338228e-02
8.754000000e-03,1.000000000e+01,9.993548459e+00,3.872555235e+00,-6.451540973e-02,6.451540971e-02
8.756000000e-03,1.000000000e+01,9.992338145e+00,4.013730945e+00,-7.661855051e-02,7.661855049e-02
8.758000000e-03,1.000000000e+01,9.991158846e+00,4.178789906e+00,-8.841154217e-02,8.841154215e-02
8.760000000e-03,1.000000000e+01,9.990015120e+00,4.367083082e+00,-9.984879655e-02,9.984879653e-02
8.762000000e-03,1.000000000e+01,9.988911533e+00,4.577853224e+00,-1.108846704e-01,1.108846704e-01
8.764000000e-03,1.000000000e+01,9.987852487e+00,4.810253393e+00,-1.214751339e-01,1.214751339e-01
8.766000000e-03,1.000000000e+01,9.986842205e+00,5.063350366e+00,-1.315779463e-01,1.315779462e-01
8.768000000e-03,1.000000000e+01,9.985884718e+00,5.336128382e+00,-1.411528244e-01,1.411528244e-01
8.770000000e-03,1.000000000e+01,9.984983840e+00,5.627493218e+00,-1.501616033e-01,1.501616033e-01
8.772000000e-03,1.000000000e+01,9.984143161e+00,5.936276577e+00,-1.585683884e-01,1.585683884e-01
8.774000000e-03,1.000000000e+01,9.983366030e+00,6.261240779e+00,-1.663396983e-01,1.663396983e-01
8.776000000e-03,1.000000000e+01,9.982655540e+00,6.601083712e+00,-1.734445985e-01,1.734445985e-01
8.778000000e-03,1.000000000e+01,9.982014518e+00,6.954444057e+00,-1.798548241e-01,1.798548241e-01
8.780000000e-03,1.000000000e+01,9.981445511e+00,7.319906739e+00,-1.855448925e-01,1.855448924e-01
8.782000000e-03,1.000000000e+01,9.980950780e+00,7.696008593e+00,-1.904922047e-01,1.904922046e-01
8.784000000e-03,1.000000000e+01,9.980532287e+00,8.081244220e+00,-1.946771349e-01,1.946771349e-01
8.786000000e-03,1.000000000e+01,9.980191689e+00,8.474072018e+00,-1.980831087e-01,1.980831087e-01
8.788000000e-03,1.000000000e+01,9.979930333e+00,8.872920345e+00,-2.006966682e-01,2.006966681e-01
8.790000000e-03,1.000000000e+01,9.979749247e+00,9.276193810e+00,-2.025075255e-01,2.025075254e-01
8.792000000e-03,1.000000000e+01,9.979649140e+00,9.682279656e+00,-2.035086032e-01,2.035086032e-01
8.794000000e-03,1.000000000e+01,9.979630394e+00,1.008955420e+01,-2.036960621e-01,2.036960621e-01
8.796000000e-03,1.000000000e+01,9.979693068e+00,1.049638935e+01,-2.030693155e-01,2.030693155e-01
8.798000000e-03,1.000000000e+01,9.979836897e+00,1.090115907e+01,-2.016310314e-01,2.016310314e-01
8.800000000e-03,1.000000000e+01,9.980061288e+00,1.130224593e+01,-1.993871210e-01,1.993871209e-01
8.802000000e-03,1.000000000e+01,9.980365329e+00,1.169804753e+01,-1.963467140e-01,1.963467140e-01
8.804000000e-03,1.000000000e+01,9.980747788e+00,1.208698292e+01,-1.925221224e-01,1.925221224e-01
8.806000000e-03,1.000000000e+01,9.981207121e+00,1.246749890e+01,-1.879287898e-01,1.879287897e-01
8.808000000e-03,1.000000000e+01,9.981741477e+00,1.283807625e+01,-1.825852292e-01,1.825852292e-01
8.810000000e-03,1.000000000e+01,9.982348705e+00,1.319723576e+01,-1.765129489e-01,1.765129489e-01
8.812000000e-03,1.000000000e+01,9.983026363e+00,1.354354418e+01,-1.697363653e-01,1.697363653e-01
8.814000000e-03,1.000000000e+01,9.983771729e+00,1.387561987e+01,-1.622827051e-01,1.622827051e-01
8.816000000e-03,1.000000000e+01,9.984581810e+00,1.419213840e+01,-1.541818958e-01,1.541818958e-01
8.818000000e-03,1.000000000e+01,9.985453355e+00,1.449183775e+01,-1.454664457e-01,1.454664457e-01
8.820000000e-03,1.000000000e+01,9.986382869e+00,1.477352340e+01,-1.361713129e-01,1.361713129e-01
8.822000000e-03,1.000000000e+01,9.987366623e+00,1.503607307e+01,-1.263337660e-01,1.263337660e-01
8.824000000e-03,1.000000000e+01,9.988400677e+00,1.527844117e+01,-1.159932337e-01,1.159932337e-01
8.826000000e-03,1.000000000e+01,9.989480885e+00,1.549966300e+01,-1.051911476e-01,1.051911476e-01
8.828000000e-03,1.000000000e+01,9.990602922e+00,1.569885858e+01,-9.397077560e-02,9.397077558e-02
8.830000000e-03,1.000000000e+01,9.991762295e+00,1.587523612e+01,-8.237704888e-02,8.237704886e-02
8.832000000e-03,1.000000000e+01,9.992954362e+00,1.602809522e+01,-7.045638196e-02,7.045638194e-02
8.834000000e-03,1.000000000e+01,9.994174351e+00,1.615682961e+01,-5.825648683e-02,5.825648681e-02
8.836000000e-03,1.000000000e+01,9.995417382e+00,1.626092956e+01,-4.582618200e-02,4.582618198e-02
8.838000000e-03,1.000000000e+01,9.996678480e+00,1.633998391e+01,-3.321519717e-02,3.321519715e-02
8.840000000e-03,1.000000000e+01,9.997952603e+00,1.639368170e+01,-2.047397425e-02,2.047397423e-02
8.842000000e-03,1.000000000e+01,9.999234653e+00,1.642181337e+01,-7.653465631e-03,7.653465611e-03
8.844000000e-03,1.000000000e+01,1.000051951e+01,1.642427159e+01,5.195069582e-03,-5.195069602e-03
8.846000000e-03,1.000000000e+01,1.000180203e+01,1.640105167e+01,1.802027052e-02,-1.802027054e-02
8.848000000e-03,1.000000000e+01,1.000307709e+01,1.635225155e+01,3.077087985e-02,-3.077087987e-02
8.850000000e-03,1.000000000e+01,1.000433959e+01,1.627807141e+01,4.339594863e-02,-4.339594865e-02
8.852000000e-03,1.000000000e+01,1.000558450e+01,1.617881281e+01,5.584503989e-02,-5.584503991e-02
8.854000000e-03,1.000000000e+01,1.000680684e+01,1.605487751e+01,6.806843014e-02,-6.806843016e-02
8.856000000e-03,1.000000000e+01,1.000800173e+01,1.590676580e+01,8.001730792e-02,-8.001730794e-02
8.858000000e-03,1.000000000e+01,1.000916440e+01,1.573507453e+01,9.164396880e-02,-9.164396882e-02
8.860000000e-03,1.000000000e+01,1.001029020e+01,1.554049465e+01,1.029020057e-01,-1.029020058e-01
8.862000000e-03,1.000000000e+01,1.001137465e+01,1.532380846e+01,1.137464944e-01,-1.137464944e-01
8.864000000e-03,1.000000000e+01,1.001241342e+01,1.508588649e+01,1.241341723e-01,-1.241341723e-01
8.866000000e-03,1.000000000e+01,1.001340236e+01,1.482768395e+01,1.340236116e-01,-1.340236116e-01
8.868000000e-03,1.000000000e+01,1.001433765e+01,1.455020227e+01,1.433764881e-01,-1.433764881e-01
8.870000000e-03,1.000000000e+01,1.001521533e+01,1.425462141e+01,1.521532508e-01,-1.521532508e-01
8.872000000e-03,1.000000000e+01,1.001603201e+01,1.394209405e+01,1.603201054e-01,-1.603201055e-01
8.874000000e-03,1.000000000e+01,1.001678445e+01,1.361387275e+01,1.678445314e-01,-1.678445314e-01
8.876000000e-03,1.000000000e+01,1.001746966e+01,1.327127254e+01,1.746965821e-01,-1.746965822e-01
8.878000000e-03,1.000000000e+01,1.001808490e+01,1.291566566e+01,1.808490047e-01,-1.808490048e-01
8.880000000e-03,1.000000000e+01,1.001862773e+01,1.254847606e+01,1.862773480e-01,-1.862773480e-01
8.882000000e-03,1.000000000e+01,1.001909601e+01,1.217117370e+01,1.909600598e-01,-1.909600598e-01
8.884000000e-03,1.000000000e+01,1.001948786e+01,1.178526868e+01,1.948785726e-01,-1.948785726e-01
8.886000000e-03,1.000000000e+01,1.001980174e+01,1.139230516e+01,1.980173770e-01,-1.980173770e-01
8.888000000e-03,1.000000000e+01,1.002003641e+01,1.099385523e+01,2.003640833e-01,-2.003640833e-01
8.890000000e-03,1.000000000e+01,1.002019095e+01,1.059151258e+01,2.019094701e-01,-2.019094702e-01
8.892000000e-03,1.000000000e+01,1.002026475e+01,1.018688613e+01,2.026475209e-01,-2.026475209e-01
8.894000000e-03,1.000000000e+01,1.002025754e+01,9.781593635e+00,2.025754471e-01,-2.025754472e-01
8.896000000e-03,1.000000000e+01,1.002016937e+01,9.377255160e+00,2.016936989e-01,-2.016936989e-01
8.898000000e-03,1.000000000e+01,1.002000060e+01,8.975486648e+00,2.000059625e-01,-2.000059625e-01
8.900000000e-03,1.000000000e+01,1.001975191e+01,8.577893443e+00,1.975191449e-01,-1.975191449e-01
8.902000000e-03,1.000000000e+01,1.001942433e+01,8.186063881e+00,1.942433457e-01,-1.942433457e-01
8.904000000e-03,1.000000000e+01,1.001901918e+01,7.801562941e+00,1.901918160e-01,-1.901918161e-01
8.906000000e-03,1.000000000e+01,1.001853809e+01,7.425925998e+00,1.853809048e-01,-1.853809049e-01
8.908000000e-03,1.000000000e+01,1.001798300e+01,7.060652691e+00,1.798299931e-01,-1.798299931e-01
8.910000000e-03,1.000000000e+01,1.001735614e+01,6.707200934e+00,1.735614157e-01,-1.735614157e-01
8.912000000e-03,1.000000000e+01,1.001666004e+01,6.366981101e+00,1.666003714e-01,-1.666003715e-01
8.914000000e-03,1.000000000e+01,1.001589748e+01,6.041350396e+00,1.589748220e-01,-1.589748220e-01
8.916000000e-03,1.000000000e+01,1.001507154e+01,5.731607439e+00,1.507153794e-01,-1.507153794e-01
8.918000000e-03,1.000000000e+01,1.001418552e+01,5.438987085e+00,1.418551832e-01,-1.418551832e-01
8.920000000e-03,1.000000000e+01,1.001324298e+01,5.164655508e+00,1.324297675e-01,-1.324297675e-01
8.922000000e-03,1.000000000e+01,1.001224769e+01,4.909705545e+00,1.224769185e-01,-1.224769185e-01
8.924000000e-03,1.000000000e+01,1.001120365e+01,4.675152349e+00,1.120365229e-01,-1.120365229e-01
8.926000000e-03,1.000000000e+01,1.001011504e+01,4.461929344e+00,1.011504084e-01,-1.011504084e-01
8.928000000e-03,1.000000000e+01,1.000898622e+01,4.270884509e+00,8.986217545e-02,-8.986217547e-02
8.930000000e-03,1.000000000e+01,1.000782170e+01,4.102777011e+00,7.821702337e-02,-7.821702339e-02
8.932000000e-03,1.000000000e+01,1.000662616e+01,3.958274185e+00,6.626156890e-02,-6.626156892e-02
8.934000000e-03,1.000000000e+01,1.000540437e+01,3.837948882e+00,5.404365973e-02,-5.404365975e-02
8.936000000e-03,1.000000000e+01,1.000416122e+01,3.742277204e+00,4.161218303e-02,-4.161218305e-02
8.938000000e-03,1.000000000e+01,1.000290169e+01,3.671636619e+00,2.901686980e-02,-2.901686982e-02
8.940000000e-03,1.000000000e+01,1.000163081e+01,3.626304468e+00,1.630809595e-02,-1.630809597e-02
8.942000000e-03,1.000000000e+01,1.000035367e+01,3.606456881e+00,3.536680833e-03,-3.536680853e-03
8.944000000e-03,1.000000000e+01,9.999075368e+00,3.612168091e+00,-9.246316020e-03,9.246316000e-03
8.946000000e-03,1.000000000e+01,9.997801020e+00,3.643410160e+00,-2.198979898e-02,2.198979896e-02
8.948000000e-03,1.000000000e+01,9.996535716e+00,3.700053107e+00,-3.464284056e-02,3.464284054e-02
8.950000000e-03,1.000000000e+01,9.995284512e+00,3.781865451e+00,-4.715488499e-02,4.715488497e-02
8.952000000e-03,1.000000000e+01,9.994052405e+00,3.888515158e+00,-5.947595013e-02,5.947595011e-02
8.954000000e-03,1.000000000e+01,9.992844317e+00,4.019570983e+00,-7.155682721e-02,7.155682719e-02
8.956000000e-03,1.000000000e+01,9.991665072e+00,4.174504218e+00,-8.334927729e-02,8.334927727e-02
8.958000000e-03,1.000000000e+01,9.990519378e+00,4.352690823e+00,-9.480622396e-02,9.480622394e-02
8.960000000e-03,1.000000000e+01,9.989411806e+00,4.553413941e+00,-1.058819412e-01,1.058819412e-01
8.962000000e-03,1.000000000e+01,9.988346776e+00,4.775866780e+00,-1.165322358e-01,1.165322358e-01
8.964000000e-03,1.000000000e+01,9.987328417e+00,5.019186453e+00,-1.267158326e-01,1.267158325e-01
8.966000000e-03,1.000000000e+01,9.986361035e+00,5.282337529e+00,-1.363896454e-01,1.363896454e-01
8.968000000e-03,1.000000000e+01,9.985448362e+00,5.564292351e+00,-1.455163776e-01,1.455163775e-01
8.970000000e-03,1.000000000e+01,9.984594034e+00,5.863920191e+00,-1.540596591e-01,1.540596591e-01
8.972000000e-03,1.000000000e+01,9.983801454e+00,6.180019911e+00,-1.619854596e-01,1.619854595e-01
8.974000000e-03,1.000000000e+01,9.983073778e+00,6.511324773e+00,-1.692622231e-01,1.692622231e-01
8.976000000e-03,1.000000000e+01,9.982413901e+00,6.856507519e+00,-1.758609945e-01,1.758609944e-01
8.978000000e-03,1.000000000e+01,9.981824447e+00,7.214185687e+00,-1.817555342e-01,1.817555342e-01
8.980000000e-03,1.000000000e+01,9.981307758e+00,7.582927148e+00,-1.869224228e-01,1.869224228e-01
8.982000000e-03,1.000000000e+01,9.980865885e+00,7.961255838e+00,-1.913411539e-01,1.913411539e-01
8.984000000e-03,1.000000000e+01,9.980500578e+00,8.347657671e+00,-1.949942156e-01,1.949942156e-01
8.986000000e-03,1.000000000e+01,9.980213284e+00,8.740586593e+00,-1.978671598e-01,1.978671598e-01
8.988000000e-03,1.000000000e+01,9.980005134e+00,9.138470772e+00,-1.999486594e-01,1.999486594e-01
8.990000000e-03,1.000000000e+01,9.979876945e+00,9.539718884e+00,-2.012305530e-01,2.012305530e-01
8.992000000e-03,1.000000000e+01,9.979829212e+00,9.942726478e+00,-2.017078770e-01,2.017078769e-01
8.994000000e-03,1.000000000e+01,9.979862112e+00,1.034588239e+01,-2.013788842e-01,2.013788842e-01
8.996000000e-03,1.000000000e+01,9.979975495e+00,1.074757519e+01,-2.002450510e-01,2.002450510e-01
8.998000000e-03,1.000000000e+01,9.980168893e+00,1.114619961e+01,-1.983110702e-01,1.983110702e-01
9.000000000e-03,1.000000000e+01,9.980441517e+00,1.154016298e+01,-1.955848319e-01,1.955848319e-01
9.002000000e-03,1.000000000e+01,9.980792261e+00,1.192789156e+01,-1.920773914e-01,1.920773914e-01
9.004000000e-03,1.000000000e+01,9.981219708e+00,1.230783686e+01,-1.878029239e-01,1.878029239e-01
9.006000000e-03,1.000000000e+01,9.981722133e+00,1.267848181e+01,-1.827786679e-01,1.827786678e-01
9.008000000e-03,1.000000000e+01,9.982297515e+00,1.303834680e+01,-1.770248550e-01,1.770248550e-01
9.010000000e-03,1.000000000e+01,9.982943537e+00,1.338599563e+01,-1.705646291e-01,1.705646291e-01
9.012000000e-03,1.000000000e+01,9.983657605e+00,1.372004119e+01,-1.634239528e-01,1.634239528e-01
9.014000000e-03,1.000000000e+01,9.984436850e+00,1.403915103e+01,-1.556315033e-01,1.556315033e-01
9.016000000e-03,1.000000000e+01,9.985278144e+00,1.434205266e+01,-1.472185572e-01,1.472185572e-01
9.018000000e-03,1.000000000e+01,9.986178114e+00,1.462753865e+01,-1.382188648e-01,1.382188648e-01
9.020000000e-03,1.000000000e+01,9.987133148e+00,1.489447138e+01,-1.286685152e-01,1.286685152e-01
9.022000000e-03,1.000000000e+01,9.988139421e+00,1.514178765e+01,-1.186057908e-01,1.186057908e-01
9.024000000e-03,1.000000000e+01,9.989192899e+00,1.536850286e+01,-1.080710147e-01,1.080710147e-01
9.026000000e-03,1.000000000e+01,9.990289361e+00,1.557371496e+01,-9.710638853e-02,9.710638851e-02
9.028000000e-03,1.000000000e+01,9.991424418e+00,1.575660802e+01,-8.575582351e-02,8.575582349e-02
9.030000000e-03,1.000000000e+01,9.992593524e+00,1.591645548e+01,-7.406476478e-02,7.406476476e-02
9.032000000e-03,1.000000000e+01,9.993791999e+00,1.605262306e+01,-6.208000931e-02,6.208000929e-02
9.034000000e-03,1.000000000e+01,9.995015048e+00,1.616457123e+01,-4.984951858e-02,4.984951856e-02
9.036000000e-03,1.000000000e+01,9.996257777e+00,1.625185737e+01,-3.742222672e-02,3.742222670e-02
9.038000000e-03,1.000000000e+01,9.997515216e+00,1.631413754e+01,-2.484784464e-02,2.484784462e-02
9.040000000e-03,1.000000000e+01,9.998782334e+00,1.635116781e+01,-1.217666125e-02,1.217666123e-02
9.042000000e-03,1.000000000e+01,1.000005407e+01,1.636280521e+01,5.406577014e-04,-5.406577214e-04
9.044000000e-03,1.000000000e+01,1.000132533e+01,1.634900832e+01,1.325327218e-02,-1.325327220e-02
9.046000000e-03,1.000000000e+01,1.000259104e+01,1.630983737e+01,2.591037115e-02,-2.591037117e-02
9.048000000e-03,1.000000000e+01,1.000384614e+01,1.624545399e+01,3.846137559e-02,-3.846137561e-02
9.050000000e-03,1.000000000e+01,1.000508561e+01,1.615612057e+01,5.085614069e-02,-5.085614071e-02
9.052000000e-03,1.000000000e+01,1.000630452e+01,1.604219916e+01,6.304515614e-02,-6.304515616e-02
9.054000000e-03,1.000000000e+01,1.000749797e+01,1.590415002e+01,7.497974391e-02,-7.497974393e-02
9.056000000e-03,1.000000000e+01,1.000866123e+01,1.574252976e+01,8.661225263e-02,-8.661225265e-02
9.058000000e-03,1.000000000e+01,1.000978962e+01,1.555798907e+01,9.789624789e-02,-9.789624791e-02
9.060000000e-03,1.000000000e+01,1.001087867e+01,1.535127015e+01,1.087866976e-01,-1.087866976e-01
9.062000000e-03,1.000000000e+01,1.001192402e+01,1.512320369e+01,1.192401515e-01,-1.192401515e-01
9.064000000e-03,1.000000000e+01,1.001292149e+01,1.487470552e+01,1.292149149e-01,-1.292149149e-01
9.066000000e-03,1.000000000e+01,1.001386712e+01,1.460677298e+01,1.386712146e-01,-1.386712146e-01
9.068000000e-03,1.000000000e+01,1.001475714e+01,1.432048088e+01,1.475713578e-01,-1.475713578e-01
9.070000000e-03,1.000000000e+01,1.001558799e+01,1.401697718e+01,1.558798820e-01,-1.558798820e-01
9.072000000e-03,1.000000000e+01,1.001635637e+01,1.369747843e+01,1.635636966e-01,-1.635636966e-01
9.074000000e-03,1.000000000e+01,1.001705922e+01,1.336326485e+01,1.705922145e-01,-1.705922145e-01
9.076000000e-03,1.000000000e+01,1.001769375e+01,1.301567523e+01,1.769374740e-01,-1.769374741e-01
9.078000000e-03,1.000000000e+01,1.001825742e+01,1.265610156e+01,1.825742500e-01,-1.825742500e-01
9.080000000e-03,1.000000000e+01,1.001874802e+01,1.228598342e+01,1.874801539e-01,-1.874801539e-01
9.082000000e-03,1.000000000e+01,1.001916357e+01,1.190680230e+01,1.916357233e-01,-1.916357233e-01
9.084000000e-03,1.000000000e+01,1.001950245e+01,1.152007557e+01,1.950244985e-01,-1.950244985e-01
9.086000000e-03,1.000000000e+01,1.001976331e+01,1.112735049e+01,1.976330880e-01,-1.976330881e-01
9.088000000e-03,1.000000000e+01,1.001994512e+01,1.073019795e+01,1.994512215e-01,-1.994512215e-01
9.090000000e-03,1.000000000e+01,1.002004718e+01,1.033020627e+01,2.004717898e-01,-2.004717899e-01
9.092000000e-03,1.000000000e+01,1.002006909e+01,9.928974759e+00,2.006908735e-01,-2.006908735e-01
9.094000000e-03,1.000000000e+01,1.002001078e+01,9.528107381e+00,2.001077571e-01,-2.001077571e-01
9.096000000e-03,1.000000000e+01,1.001987249e+01,9.129206319e+00,1.987249317e-01,-1.987249317e-01
9.098000000e-03,1.000000000e+01,1.001965481e+01,8.733865578e+00,1.965480844e-01,-1.965480844e-01
9.100000000e-03,1.000000000e+01,1.001935861e+01,8.343664612e+00,1.935860748e-01,-1.935860748e-01
9.102000000e-03,1.000000000e+01,1.001898509e+01,7.960162016e+00,1.898508991e-01,-1.898508991e-01
9.104000000e-03,1.000000000e+01,1.001853576e+01,7.584889302e+00,1.853576412e-01,-1.853576412e-01
9.106000000e-03,1.000000000e+01,1.001801244e+01,7.219344778e+00,1.801244122e-01,-1.801244122e-01
9.108000000e-03,1.000000000e+01,1.001741723e+01,6.864987570e+00,1.741722772e-01,-1.741722773e-01
9.110000000e-03,1.000000000e+01,1.001675252e+01,6.523231799e+00,1.675251706e-01,-1.675251706e-01
9.112000000e-03,1.000000000e+01,1.001602098e+01,6.195440932e+00,1.602097995e-01,-1.602097995e-01
9.114000000e-03,1.000000000e+01,1.001522555e+01,5.882922349e+00,1.522555370e-01,-1.522555371e-01
9.116000000e-03,1.000000000e+01,1.001436943e+01,5.586922123e+00,1.436943040e-01,-1.436943040e-01
9.118000000e-03,1.000000000e+01,1.001345604e+01,5.308620057e+00,1.345604407e-01,-1.345604407e-01
9.120000000e-03,1.000000000e+01,1.001248906e+01,5.049124977e+00,1.248905696e-01,-1.248905696e-01
9.122000000e-03,1.000000000e+01,1.001147234e+01,4.809470317e+00,1.147234480e-01,-1.147234480e-01
9.124000000e-03,1.000000000e+01,1.001040998e+01,4.590610002e+00,1.040998132e-01,-1.040998133e-01
9.126000000e-03,1.000000000e+01,1.000930622e+01,4.393414652e+00,9.306221888e-02,-9.306221890e-02
9.128000000e-03,1.000000000e+01,1.000816549e+01,4.218668120e+00,8.165486476e-02,-8.165486478e-02
9.130000000e-03,1.000000000e+01,1.000699220e+01,4.067047251e+00,6.992198088e-02,-6.992198090e-02
9.132000000e-03,1.000000000e+01,1.000579134e+01,3.939190525e+00,5.791336897e-02,-5.791336899e-02
9.134000000e-03,1.000000000e+01,1.000456757e+01,3.835584270e+00,4.567568053e-02,-4.567568055e-02
9.136000000e-03,1.000000000e+01,1.000332579e+01,3.756637749e+00,3.325787511e-02,-3.325787513e-02
9.138000000e-03,1.000000000e+01,1.000207096e+01,3.702661575e+00,2.070962239e-02,-2.070962241e-02
9.140000000e-03,1.000000000e+01,1.000080811e+01,3.673866497e+00,8.081103497e-03,-8.081103517e-03
9.142000000e-03,1.000000000e+01,9.999542281e+00,3.670362572e+00,-4.577189648e-03,4.577189628e-03
9.144000000e-03,1.000000000e+01,9.998278534e+00,3.692158746e+00,-1.721465622e-02,1.721465620e-02
9.146000000e-03,1.000000000e+01,9.997021921e+00,3.739162841e+00,-2.978078874e-02,2.978078872e-02
9.148000000e-03,1.000000000e+01,9.995777463e+00,3.811181940e+00,-4.222537499e-02,4.222537497e-02
9.150000000e-03,1.000000000e+01,9.994550130e+00,3.907923183e+00,-5.449869856e-02,5.449869854e-02
9.152000000e-03,1.000000000e+01,9.993344826e+00,4.028994952e+00,-6.655173756e-02,6.655173754e-02
9.154000000e-03,1.000000000e+01,9.992166364e+00,4.173908461e+00,-7.833636036e-02,7.833636034e-02
9.156000000e-03,1.000000000e+01,9.991019448e+00,4.342079726e+00,-8.980551780e-02,8.980551778e-02
9.158000000e-03,1.000000000e+01,9.989908657e+00,4.532831919e+00,-1.009134311e-01,1.009134310e-01
9.160000000e-03,1.000000000e+01,9.988838423e+00,4.745398092e+00,-1.116157743e-01,1.116157743e-01
9.162000000e-03,1.000000000e+01,9.987813015e+00,4.978924260e+00,-1.218698517e-01,1.218698517e-01
9.164000000e-03,1.000000000e+01,9.986836523e+00,5.232472835e+00,-1.316347676e-01,1.316347676e-01
9.166000000e-03,1.000000000e+01,9.985912841e+00,5.505026383e+00,-1.408715897e-01,1.408715897e-01
9.168000000e-03,1.000000000e+01,9.985045650e+00,5.795491715e+00,-1.495435043e-01,1.495435043e-01
9.170000000e-03,1.000000000e+01,9.984238404e+00,6.102704265e+00,-1.576159630e-01,1.576159630e-01
9.172000000e-03,1.000000000e+01,9.983494318e+00,6.425432764e+00,-1.650568202e-01,1.650568202e-01
9.174000000e-03,1.000000000e+01,9.982816354e+00,6.762384170e+00,-1.718364614e-01,1.718364614e-01
9.176000000e-03,1.000000000e+01,9.982207208e+00,7.112208854e+00,-1.779279207e-01,1.779279207e-01
9.178000000e-03,1.000000000e+01,9.981669301e+00,7.473505999e+00,-1.833069883e-01,1.833069883e-01
9.180000000e-03,1.000000000e+01,9.981204769e+00,7.844829217e+00,-1.879523068e-01,1.879523068e-01
9.182000000e-03,1.000000000e+01,9.980815454e+00,8.224692332e+00,-1.918454557e-01,1.918454557e-01
9.184000000e-03,1.000000000e+01,9.980502898e+00,8.611575333e+00,-1.949710246e-01,1.949710246e-01
9.186000000e-03,1.000000000e+01,9.980268333e+00,9.003930456e+00,-1.973166742e-01,1.973166742e-01
9.188000000e-03,1.000000000e+01,9.980112682e+00,9.400188371e+00,-1.988731849e-01,1.988731849e-01
9.190000000e-03,1.000000000e+01,9.980036551e+00,9.798764466e+00,-1.996344934e-01,1.996344934e-01
9.192000000e-03,1.000000000e+01,9.980040228e+00,1.019806518e+01,-1.995977156e-01,1.995977156e-01
9.194000000e-03,1.000000000e+01,9.980123684e+00,1.059649437e+01,-1.987631582e-01,1.987631582e-01
9.196000000e-03,1.000000000e+01,9.980286568e+00,1.099245970e+01,-1.971343165e-01,1.971343165e-01
9.198000000e-03,1.000000000e+01,9.980528214e+00,1.138437901e+01,-1.947178597e-01,1.947178597e-01
9.200000000e-03,1.000000000e+01,9.980847640e+00,1.177068660e+01,-1.915236040e-01,1.915236040e-01
9.202000000e-03,1.000000000e+01,9.981243553e+00,1.214983954e+01,-1.875644722e-01,1.875644721e-01
9.204000000e-03,1.000000000e+01,9.981714356e+00,1.252032380e+01,-1.828564418e-01,1.828564417e-01
9.206000000e-03,1.000000000e+01,9.982258152e+00,1.288066029e+01,-1.774184805e-01,1.774184804e-01
9.208000000e-03,1.000000000e+01,9.982872753e+00,1.322941078e+01,-1.712724696e-01,1.712724696e-01
9.210000000e-03,1.000000000e+01,9.983555775e+00,1.356522364e+01,-1.644422521e-01,1.644422521e-01
9.212000000e-03,1.000000000e+01,9.984304309e+00,1.388667761e+01,-1.569569118e-01,1.569569117e-01
9.214000000e-03,1.000000000e+01,9.985115428e+00,1.419253233e+01,-1.488457158e-01,1.488457157e-01
9.216000000e-03,1.000000000e+01,9.985985879e+00,1.448156844e+01,-1.401412095e-01,1.401412095e-01
9.218000000e-03,1.000000000e+01,9.986912170e+00,1.475263402e+01,-1.308783033e-01,1.308783033e-01
9.220000000e-03,1.000000000e+01,9.987890587e+00,1.500464924e+01,-1.210941325e-01,1.210941325e-01
9.222000000e-03,1.000000000e+01,9.988917209e+00,1.523661060e+01,-1.108279084e-01,1.108279083e-01
9.224000000e-03,1.000000000e+01,9.989987924e+00,1.544759497e+01,-1.001207612e-01,1.001207611e-01
9.226000000e-03,1.000000000e+01,9.991098442e+00,1.563676324e+01,-8.901557531e-02,8.901557529e-02
9.228000000e-03,1.000000000e+01,9.992244318e+00,1.580336368e+01,-7.755681751e-02,7.755681749e-02
9.230000000e-03,1.000000000e+01,9.993420964e+00,1.594673491e+01,-6.579035887e-02,6.579035885e-02
9.232000000e-03,1.000000000e+01,9.994623671e+00,1.606630851e+01,-5.376329115e-02,5.376329113e-02
9.234000000e-03,1.000000000e+01,9.995847626e+00,1.616161132e+01,-4.152373835e-02,4.152373833e-02
9.236000000e-03,1.000000000e+01,9.997087934e+00,1.623226727e+01,-2.912066415e-02,2.912066413e-02
9.238000000e-03,1.000000000e+01,9.998339632e+00,1.627799887e+01,-1.660367603e-02,1.660367601e-02
9.240000000e-03,1.000000000e+01,9.999597717e+00,1.629862833e+01,-4.022826850e-03,4.022826830e-03
9.242000000e-03,1.000000000e+01,1.000085716e+01,1.629407820e+01,8.571585290e-03,-8.571585310e-03
9.244000000e-03,1.000000000e+01,1.000211292e+01,1.626437172e+01,2.112921813e-02,-2.112921815e-02
9.246000000e-03,1.000000000e+01,1.000335999e+01,1.620963264e+01,3.359988650e-02,-3.359988652e-02
9.248000000e-03,1.000000000e+01,1.000459338e+01,1.613008477e+01,4.593376284e-02,-4.593376286e-02
9.250000000e-03,1.000000000e+01,1.000580816e+01,1.602605101e+01,5.808157632e-02,-5.808157634e-02
9.252000000e-03,1.000000000e+01,1.000699948e+01,1.589795210e+01,6.999480965e-02,-6.999480967e-02
9.254000000e-03,1.000000000e+01,1.000816259e+01,1.574630483e+01,8.162589288e-02,-8.162589290e-02
9.256000000e-03,1.000000000e+01,1.000929284e+01,1.557172007e+01,9.292839328e-02,-9.292839330e-02
9.258000000e-03,1.000000000e+01,1.001038572e+01,1.537490020e+01,1.038572008e-01,-1.038572008e-01
9.260000000e-03,1.000000000e+01,1.001143687e+01,1.515663635e+01,1.143687079e-01,-1.143687079e-01
9.262000000e-03,1.000000000e+01,1.001244210e+01,1.491780522e+01,1.244209839e-01,-1.244209840e-01
9.264000000e-03,1.000000000e+01,1.001339739e+01,1.465936551e+01,1.339739420e-01,-1.339739421e-01
9.266000000e-03,1.000000000e+01,1.001429895e+01,1.438235412e+01,1.429894991e-01,-1.429894992e-01
9.268000000e-03,1.000000000e+01,1.001514327e+01,1.408784536e+01,1.514327197e-01,-1.514327197e-01
9.270000000e-03,1.000000000e+01,1.001592679e+01,1.377709104e+01,1.592679158e-01,-1.592679158e-01
9.272000000e-03,1.000000000e+01,1.001664650e+01,1.345130194e+01,1.664649550e-01,-1.664649550e-01
9.274000000e-03,1.000000000e+01,1.001729952e+01,1.311178324e+01,1.729951987e-01,-1.729951987e-01
9.276000000e-03,1.000000000e+01,1.001788327e+01,1.275989472e+01,1.788326789e-01,-1.788326790e-01
9.278000000e-03,1.000000000e+01,1.001839542e+01,1.239704534e+01,1.839542021e-01,-1.839542021e-01
9.280000000e-03,1.000000000e+01,1.001883394e+01,1.202468761e+01,1.883394406e-01,-1.883394407e-01
9.282000000e-03,1.000000000e+01,1.001919710e+01,1.164431173e+01,1.919710142e-01,-1.919710143e-01
9.284000000e-03,1.000000000e+01,1.001948346e+01,1.125743965e+01,1.948345583e-01,-1.948345583e-01
9.286000000e-03,1.000000000e+01,1.001969188e+01,1.086561899e+01,1.969187809e-01,-1.969187810e-01
9.288000000e-03,1.000000000e+01,1.001982155e+01,1.047041684e+01,1.982155074e-01,-1.982155074e-01
9.290000000e-03,1.000000000e+01,1.001987197e+01,1.007341348e+01,1.987197122e-01,-1.987197122e-01
9.292000000e-03,1.000000000e+01,1.001984295e+01,9.676196099e+00,1.984295386e-01,-1.984295386e-01
9.294000000e-03,1.000000000e+01,1.001973463e+01,9.280352393e+00,1.973463052e-01,-1.973463052e-01
9.296000000e-03,1.000000000e+01,1.001954745e+01,8.887464268e+00,1.954745003e-01,-1.954745004e-01
9.298000000e-03,1.000000000e+01,1.001928218e+01,8.499101499e+00,1.928217633e-01,-1.928217633e-01
9.300000000e-03,1.000000000e+01,1.001893989e+01,8.116815455e+00,1.893988531e-01,-1.893988531e-01
9.302000000e-03,1.000000000e+01,1.001852196e+01,7.742132909e+00,1.852196052e-01,-1.852196052e-01
9.304000000e-03,1.000000000e+01,1.001803009e+01,7.376549937e+00,1.803008751e-01,-1.803008751e-01
9.306000000e-03,1.000000000e+01,1.001746625e+01,7.021525944e+00,1.746624708e-01,-1.746624708e-01
9.308000000e-03,1.000000000e+01,1.001683263e+01,6.678436922e+00,1.683262676e-01,-1.683262676e-01
9.310000000e-03,1.000000000e+01,1.001613193e+01,6.348735158e+00,1.613192576e-01,-1.613192576e-01
9.312000000e-03,1.000000000e+01,1.001536689e+01,6.033693347e+00,1.536688601e-01,-1.536688602e-01
9.314000000e-03,1.000000000e+01,1.001454058e+01,5.734567770e+00,1.454057822e-01,-1.454057823e-01
9.316000000e-03,1.000000000e+01,1.001365632e+01,5.452550842e+00,1.365631738e-01,-1.365631738e-01
9.318000000e-03,1.000000000e+01,1.001271765e+01,5.188766355e+00,1.271764943e-01,-1.271764943e-01
9.320000000e-03,1.000000000e+01,1.001172834e+01,4.944265003e+00,1.172833710e-01,-1.172833711e-01
9.322000000e-03,1.000000000e+01,1.001069234e+01,4.720020194e+00,1.069234478e-01,-1.069234478e-01
9.324000000e-03,1.000000000e+01,1.000961382e+01,4.516924178e+00,9.613822619e-02,-9.613822621e-02
9.326000000e-03,1.000000000e+01,1.000849709e+01,4.335784495e+00,8.497089964e-02,-8.497089966e-02
9.328000000e-03,1.000000000e+01,1.000734662e+01,4.177320765e+00,7.346618005e-02,-7.346618007e-02
9.330000000e-03,1.000000000e+01,1.000616701e+01,4.042161827e+00,6.167011898e-02,-6.167011900e-02
9.332000000e-03,1.000000000e+01,1.000496299e+01,3.930843247e+00,4.962992325e-02,-4.962992327e-02
9.334000000e-03,1.000000000e+01,1.000373938e+01,3.843805195e+00,3.739376603e-02,-3.739376605e-02
9.336000000e-03,1.000000000e+01,1.000250106e+01,3.781390704e+00,2.501059412e-02,-2.501059414e-02
9.338000000e-03,1.000000000e+01,1.000125299e+01,3.743844318e+00,1.252993216e-02,-1.252993218e-02
9.340000000e-03,1.000000000e+01,1.000000017e+01,3.731311134e+00,1.684516505e-06,-1.684536505e-06
9.342000000e-03,1.000000000e+01,9.998747594e+00,3.743836246e+00,-1.252406420e-02,1.252406418e-02
9.344000000e-03,1.000000000e+01,9.997500275e+00,3.781364580e+00,-2.499724940e-02,2.499724938e-02
9.346000000e-03,1.000000000e+01,9.996263197e+00,3.843741134e+00,-3.736802658e-02,3.736802656e-02
9.348000000e-03,1.000000000e+01,9.995041303e+00,3.930711621e+00,-4.958697056e-02,4.958697054e-02
9.350000000e-03,1.000000000e+01,9.993839473e+00,4.041923504e+00,-6.160527289e-02,6.160527287e-02
9.352000000e-03,1.000000000e+01,9.992662506e+00,4.176927425e+00,-7.337493686e-02,7.337493684e-02
9.354000000e-03,1.000000000e+01,9.991515103e+00,4.335179015e+00,-8.484896914e-02,8.484896912e-02
9.356000000e-03,1.000000000e+01,9.990401843e+00,4.516041100e+00,-9.598156746e-02,9.598156744e-02
9.358000000e-03,1.000000000e+01,9.989327170e+00,4.718786256e+00,-1.067283034e-01,1.067283034e-01
9.360000000e-03,1.000000000e+01,9.988295370e+00,4.942599738e+00,-1.170462997e-01,1.170462996e-01
9.362000000e-03,1.000000000e+01,9.987310560e+00,5.186582757e+00,-1.268944013e-01,1.268944012e-01
9.364000000e-03,1.000000000e+01,9.986376666e+00,5.449756084e+00,-1.362333396e-01,1.362333396e-01
9.366000000e-03,1.000000000e+01,9.985497411e+00,5.731063985e+00,-1.450258889e-01,1.450258889e-01
9.368000000e-03,1.000000000e+01,9.984676298e+00,6.029378451e+00,-1.532370150e-01,1.532370150e-01
9.370000000e-03,1.000000000e+01,9.983916599e+00,6.343503728e+00,-1.608340144e-01,1.608340144e-01
9.372000000e-03,1.000000000e+01,9.983221335e+00,6.672181100e+00,-1.677866450e-01,1.677866450e-01
9.374000000e-03,1.000000000e+01,9.982593275e+00,7.014093944e+00,-1.740672462e-01,1.740672461e-01
9.376000000e-03,1.000000000e+01,9.982034915e+00,7.367872996e+00,-1.796508489e-01,1.796508488e-01
9.378000000e-03,1.000000000e+01,9.981548473e+00,7.732101835e+00,-1.845152750e-01,1.845152750e-01
9.380000000e-03,1.000000000e+01,9.981135877e+00,8.105322559e+00,-1.886412254e-01,1.886412254e-01
9.382000000e-03,1.000000000e+01,9.980798764e+00,8.486041616e+00,-1.920123565e-01,1.920123565e-01
9.384000000e-03,1.000000000e+01,9.980538466e+00,8.872735782e+00,-1.946153449e-01,1.946153448e-01
9.386000000e-03,1.000000000e+01,9.980356006e+00,9.263858254e+00,-1.964399401e-01,1.964399401e-01
9.388000000e-03,1.000000000e+01,9.980252099e+00,9.657844842e+00,-1.974790050e-01,1.974790050e-01
9.390000000e-03,1.000000000e+01,9.980227146e+00,1.005312022e+01,-1.977285436e-01,1.977285436e-01
9.392000000e-03,1.000000000e+01,9.980281228e+00,1.044810422e+01,-1.971877163e-01,1.971877163e-01
9.394000000e-03,1.000000000e+01,9.980414116e+00,1.084121816e+01,-1.958588430e-01,1.958588430e-01
9.396000000e-03,1.000000000e+01,9.980625261e+00,1.123089115e+01,-1.937473927e-01,1.937473927e-01
9.398000000e-03,1.000000000e+01,9.980913804e+00,1.161556637e+01,-1.908619613e-01,1.908619613e-01
9.400000000e-03,1.000000000e+01,9.981278576e+00,1.199370727e+01,-1.872142366e-01,1.872142366e-01
9.402000000e-03,1.000000000e+01,9.981718162e+00,1.236384816e+01,-1.828183782e-01,1.828183781e-01
9.404000000e-03,1.000000000e+01,9.982230684e+00,1.272442132e+01,-1.776931615e-01,1.776931614e-01
9.406000000e-03,1.000000000e+01,9.982814127e+00,1.307403292e+01,-1.718587348e-01,1.718587348e-01
9.408000000e-03,1.000000000e+01,9.983466144e+00,1.341128778e+01,-1.653385600e-01,1.653385600e-01
9.410000000e-03,1.000000000e+01,9.984184116e+00,1.373484035e+01,-1.581588353e-01,1.581588353e-01
9.412000000e-03,1.000000000e+01,9.984965161e+00,1.404340015e+01,-1.503483898e-01,1.503483898e-01
9.414000000e-03,1.000000000e+01,9.985806143e+00,1.433573687e+01,-1.419385677e-01,1.419385676e-01
9.416000000e-03,1.000000000e+01,9.986703690e+00,1.461068529e+01,-1.329631027e-01,1.329631027e-01
9.418000000e-03,1.000000000e+01,9.987654202e+00,1.486714993e+01,-1.234579827e-01,1.234579827e-01
9.420000000e-03,1.000000000e+01,9.988653869e+00,1.510410941e+01,-1.134613054e-01,1.134613053e-01
9.422000000e-03,1.000000000e+01,9.989698687e+00,1.532062050e+01,-1.030131254e-01,1.030131254e-01
9.424000000e-03,1.000000000e+01,9.990784471e+00,1.551582190e+01,-9.215529433e-02,9.215529431e-02
9.426000000e-03,1.000000000e+01,9.991906871e+00,1.568893767e+01,-8.093129244e-02,8.093129242e-02
9.428000000e-03,1.000000000e+01,9.993061394e+00,1.583928027e+01,-6.938605506e-02,6.938605504e-02
9.430000000e-03,1.000000000e+01,9.994243421e+00,1.596625335e+01,-5.756579246e-02,5.756579244e-02
9.432000000e-03,1.000000000e+01,9.995448220e+00,1.606935407e+01,-4.551780491e-02,4.551780489e-02
9.434000000e-03,1.000000000e+01,9.996670971e+00,1.614817513e+01,-3.329029347e-02,3.329029345e-02
9.436000000e-03,1.000000000e+01,9.997906783e+00,1.620240632e+01,-2.093216710e-02,2.093216708e-02
9.438000000e-03,1.000000000e+01,9.999150715e+00,1.623183580e+01,-8.492847017e-03,8.492846997e-03
9.440000000e-03,1.000000000e+01,1.000039779e+01,1.623635091e+01,3.977930881e-03,-3.977930901e-03
9.442000000e-03,1.000000000e+01,1.000164303e+01,1.621593858e+01,1.643031493e-02,-1.643031495e-02
9.444000000e-03,1.000000000e+01,1.000288145e+01,1.617068539e+01,2.881453694e-02,-2.881453696e-02
9.446000000e-03,1.000000000e+01,1.000410811e+01,1.610077717e+01,4.108111114e-02,-4.108111116e-02
9.448000000e-03,1.000000000e+01,1.000531810e+01,1.600649829e+01,5.318103186e-02,-5.318103188e-02
9.450000000e-03,1.000000000e+01,1.000650660e+01,1.588823045e+01,6.506596937e-02,-6.506596939e-02
9.452000000e-03,1.000000000e+01,1.000766885e+01,1.574645115e+01,7.668846288e-02,-7.668846290e-02
9.454000000e-03,1.000000000e+01,1.000880021e+01,1.558173179e+01,8.800211005e-02,-8.800211007e-02
9.456000000e-03,1.000000000e+01,1.000989618e+01,1.539473533e+01,9.896175231e-02,-9.896175233e-02
9.458000000e-03,1.000000000e+01,1.001095237e+01,1.518621366e+01,1.095236551e-01,-1.095236551e-01
9.460000000e-03,1.000000000e+01,1.001196457e+01,1.495700453e+01,1.196456822e-01,-1.196456822e-01
9.462000000e-03,1.000000000e+01,1.001292875e+01,1.470802821e+01,1.292874641e-01,-1.292874641e-01
9.464000000e-03,1.000000000e+01,1.001384106e+01,1.444028383e+01,1.384105591e-01,-1.384105591e-01
9.466000000e-03,1.000000000e+01,1.001469786e+01,1.415484529e+01,1.469786059e-01,-1.469786059e-01
9.468000000e-03,1.000000000e+01,1.001549575e+01,1.385285704e+01,1.549574694e-01,-1.549574694e-01
9.470000000e-03,1.000000000e+01,1.001623154e+01,1.353552941e+01,1.623153761e-01,-1.623153761e-01
9.472000000e-03,1.000000000e+01,1.001690230e+01,1.320413382e+01,1.690230408e-01,-1.690230408e-01
9.474000000e-03,1.000000000e+01,1.001750538e+01,1.285999767e+01,1.750537832e-01,-1.750537833e-01
9.476000000e-03,1.000000000e+01,1.001803836e+01,1.250449902e+01,1.803836340e-01,-1.803836340e-01
9.478000000e-03,1.000000000e+01,1.001849914e+01,1.213906104e+01,1.849914301e-01,-1.849914301e-01
9.480000000e-03,1.000000000e+01,1.001888589e+01,1.176514638e+01,1.888588985e-01,-1.888588986e-01
9.482000000e-03,1.000000000e+01,1.001919707e+01,1.138425126e+01,1.919707293e-01,-1.919707294e-01
9.484000000e-03,1.000000000e+01,1.001943146e+01,1.099789950e+01,1.943146357e-01,-1.943146357e-01
9.486000000e-03,1.000000000e+01,1.001958814e+01,1.060763644e+01,1.958814026e-01,-1.958814026e-01
9.488000000e-03,1.000000000e+01,1.001966649e+01,1.021502272e+01,1.966649233e-01,-1.966649233e-01
9.490000000e-03,1.000000000e+01,1.001966622e+01,9.821628077e+00,1.966622226e-01,-1.966622226e-01
9.492000000e-03,1.000000000e+01,1.001958735e+01,9.429025065e+00,1.958734685e-01,-1.958734685e-01
9.494000000e-03,1.000000000e+01,1.001943020e+01,9.038782747e+00,1.943019710e-01,-1.943019710e-01
9.496000000e-03,1.000000000e+01,1.001919542e+01,8.652460438e+00,1.919541678e-01,-1.919541678e-01
9.498000000e-03,1.000000000e+01,1.001888396e+01,8.271601475e+00,1.888395982e-01,-1.888395983e-01
9.500000000e-03,1.000000000e+01,1.001849709e+01,7.897727049e+00,1.849708646e-01,-1.849708646e-01
9.502000000e-03,1.000000000e+01,1.001803636e+01,7.532330129e+00,1.803635809e-01,-1.803635809e-01
9.504000000e-03,1.000000000e+01,1.001750363e+01,7.176869502e+00,1.750363100e-01,-1.750363100e-01
9.506000000e-03,1.000000000e+01,1.001690105e+01,6.832763947e+00,1.690104889e-01,-1.690104890e-01
9.508000000e-03,1.000000000e+01,1.001623103e+01,6.501386575e+00,1.623103425e-01,-1.623103425e-01
9.510000000e-03,1.000000000e+01,1.001549628e+01,6.184059347e+00,1.549627857e-01,-1.549627858e-01
9.512000000e-03,1.000000000e+01,1.001469973e+01,5.882047801e+00,1.469973162e-01,-1.469973163e-01
9.514000000e-03,1.000000000e+01,1.001384459e+01,5.596556008e+00,1.384458953e-01,-1.384458954e-01
9.516000000e-03,1.000000000e+01,1.001293428e+01,5.328721766e+00,1.293428200e-01,-1.293428201e-01
9.518000000e-03,1.000000000e+01,1.001197246e+01,5.079612070e+00,1.197245854e-01,-1.197245854e-01
9.520000000e-03,1.000000000e+01,1.001096297e+01,4.850218860e+00,1.096297384e-01,-1.096297384e-01
9.522000000e-03,1.000000000e+01,1.000990987e+01,4.641455073e+00,9.909872302e-02,-9.909872304e-02
9.524000000e-03,1.000000000e+01,1.000881737e+01,4.454151005e+00,8.817371883e-02,-8.817371885e-02
9.526000000e-03,1.000000000e+01,1.000768985e+01,4.289051015e+00,7.689847155e-02,-7.689847157e-02
9.528000000e-03,1.000000000e+01,1.000653181e+01,4.146810561e+00,6.531811812e-02,-6.531811814e-02
9.530000000e-03,1.000000000e+01,1.000534790e+01,4.027993604e+00,5.347900591e-02,-5.347900593e-02
9.532000000e-03,1.000000000e+01,1.000414285e+01,3.933070367e+00,4.142850732e-02,-4.142850734e-02
9.534000000e-03,1.000000000e+01,1.000292148e+01,3.862415476e+00,2.921483016e-02,-2.921483018e-02
9.536000000e-03,1.000000000e+01,1.000168868e+01,3.816306485e+00,1.688682481e-02,-1.688682483e-02
9.538000000e-03,1.000000000e+01,1.000044938e+01,3.794922780e+00,4.493788866e-03,-4.493788886e-03
9.540000000e-03,1.000000000e+01,9.999208527e+00,3.798344886e+00,-7.914730022e-03,7.914730002e-03
9.542000000e-03,1.000000000e+01,9.997971087e+00,3.826554165e+00,-2.028913223e-02,2.028913221e-02
9.544000000e-03,1.000000000e+01,9.996742004e+00,3.879432906e+00,-3.257996440e-02,3.257996438e-02
9.546000000e-03,1.000000000e+01,9.995526188e+00,3.956764822e+00,-4.473811711e-02,4.473811709e-02
9.548000000e-03,1.000000000e+01,9.994328498e+00,4.058235927e+00,-5.671502108e-02,5.671502106e-02
9.550000000e-03,1.000000000e+01,9.993153716e+00,4.183435816e+00,-6.846284118e-02,6.846284116e-02
9.552000000e-03,1.000000000e+01,9.992006533e+00,4.331859324e+00,-7.993466748e-02,7.993466746e-02
9.554000000e-03,1.000000000e+01,9.990891530e+00,4.502908559e+00,-9.108470260e-02,9.108470258e-02
9.556000000e-03,1.000000000e+01,9.989813156e+00,4.695895318e+00,-1.018684445e-01,1.018684445e-01
9.558000000e-03,1.000000000e+01,9.988775714e+00,4.910043851e+00,-1.122428640e-01,1.122428640e-01
9.560000000e-03,1.000000000e+01,9.987783342e+00,5.144493977e+00,-1.221665769e-01,1.221665768e-01
9.562000000e-03,1.000000000e+01,9.986839999e+00,5.398304547e+00,-1.316000082e-01,1.316000082e-01
9.564000000e-03,1.000000000e+01,9.985949445e+00,5.670457213e+00,-1.405055511e-01,1.405055511e-01
9.566000000e-03,1.000000000e+01,9.985115228e+00,5.959860520e+00,-1.488477157e-01,1.488477157e-01
9.568000000e-03,1.000000000e+01,9.984340673e+00,6.265354280e+00,-1.565932714e-01,1.565932714e-01
9.570000000e-03,1.000000000e+01,9.983628862e+00,6.585714224e+00,-1.637113787e-01,1.637113787e-01
9.572000000e-03,1.000000000e+01,9.982982629e+00,6.919656909e+00,-1.701737122e-01,1.701737122e-01
9.574000000e-03,1.000000000e+01,9.982404543e+00,7.265844857e+00,-1.759545732e-01,1.759545732e-01
9.576000000e-03,1.000000000e+01,9.981896901e+00,7.622891916e+00,-1.810309922e-01,1.810309922e-01
9.578000000e-03,1.000000000e+01,9.981461718e+00,7.989368805e+00,-1.853828196e-01,1.853828196e-01
9.580000000e-03,1.000000000e+01,9.981100719e+00,8.363808840e+00,-1.889928063e-01,1.889928063e-01
9.582000000e-03,1.000000000e+01,9.980815333e+00,8.744713800e+00,-1.918466716e-01,1.918466715e-01
9.584000000e-03,1.000000000e+01,9.980606684e+00,9.130559926e+00,-1.939331598e-01,1.939331598e-01
9.586000000e-03,1.000000000e+01,9.980475592e+00,9.519804013e+00,-1.952440849e-01,1.952440849e-01
9.588000000e-03,1.000000000e+01,9.980422564e+00,9.910889581e+00,-1.957743622e-01,1.957743622e-01
9.590000000e-03,1.000000000e+01,9.980447797e+00,1.030225310e+01,-1.955220284e-01,1.955220284e-01
9.592000000e-03,1.000000000e+01,9.980551175e+00,1.069233026e+01,-1.944882485e-01,1.944882485e-01
9.594000000e-03,1.000000000e+01,9.980732269e+00,1.107956217e+01,-1.926773108e-01,1.926773108e-01
9.596000000e-03,1.000000000e+01,9.980990339e+00,1.146240165e+01,-1.900966090e-01,1.900966090e-01
9.598000000e-03,1.000000000e+01,9.981324339e+00,1.183931938e+01,-1.867566121e-01,1.867566120e-01
9.600000000e-03,1.000000000e+01,9.981732918e+00,1.220881001e+01,-1.826708217e-01,1.826708217e-01
9.602000000e-03,1.000000000e+01,9.982214428e+00,1.256939819e+01,-1.778557180e-01,1.778557180e-01
9.604000000e-03,1.000000000e+01,9.982766931e+00,1.291964444e+01,-1.723306925e-01,1.723306925e-01
9.606000000e-03,1.000000000e+01,9.983388203e+00,1.325815089e+01,-1.661179707e-01,1.661179707e-01
9.608000000e-03,1.000000000e+01,9.984075835e+00,1.358360561e+01,-1.592416535e-01,1.592416534e-01
9.610000000e-03,1.000000000e+01,9.984826898e+00,1.389463129e+01,-1.517310163e-01,1.517310163e-01
9.612000000e-03,1.000000000e+01,9.985638458e+00,1.419002803e+01,-1.436154162e-01,1.436154162e-01
9.614000000e-03,1.000000000e+01,9.986507259e+00,1.446861825e+01,-1.349274122e-01,1.349274122e-01
9.616000000e-03,1.000000000e+01,9.987429816e+00,1.472929179e+01,-1.257018443e-01,1.257018443e-01
9.618000000e-03,1.000000000e+01,9.988402431e+00,1.497101035e+01,-1.159756946e-01,1.159756945e-01
9.620000000e-03,1.000000000e+01,9.989421206e+00,1.519281156e+01,-1.057879381e-01,1.057879381e-01
9.622000000e-03,1.000000000e+01,9.990482061e+00,1.539381288e+01,-9.517938759e-02,9.517938757e-02
9.624000000e-03,1.000000000e+01,9.991580747e+00,1.557321506e+01,-8.419252919e-02,8.419252917e-02
9.626000000e-03,1.000000000e+01,9.992712865e+00,1.573030537e+01,-7.287135279e-02,7.287135277e-02
9.628000000e-03,1.000000000e+01,9.993873882e+00,1.586446037e+01,-6.126117571e-02,6.126117569e-02
9.630000000e-03,1.000000000e+01,9.995059154e+00,1.597514845e+01,-4.940846131e-02,4.940846129e-02
9.632000000e-03,1.000000000e+01,9.996263937e+00,1.606193187e+01,-3.736063312e-02,3.736063310e-02
9.634000000e-03,1.000000000e+01,9.997483412e+00,1.612446855e+01,-2.516588501e-02,2.516588499e-02
9.636000000e-03,1.000000000e+01,9.998712701e+00,1.616251337e+01,-1.287298845e-02,1.287298843e-02
9.638000000e-03,1.000000000e+01,9.999946890e+00,1.617591919e+01,-5.310974814e-04,5.310974614e-04
9.640000000e-03,1.000000000e+01,1.000118104e+01,1.616463732e+01,1.181044789e-02,-1.181044791e-02
9.642000000e-03,1.000000000e+01,1.000241023e+01,1.612871782e+01,2.410231888e-02,-2.410231890e-02
9.644000000e-03,1.000000000e+01,1.000362954e+01,1.606830918e+01,3.629539514e-02,-3.629539516e-02
9.646000000e-03,1.000000000e+01,1.000483410e+01,1.598365774e+01,4.834096101e-02,-4.834096103e-02
9.648000000e-03,1.000000000e+01,1.000601909e+01,1.587510670e+01,6.019090018e-02,-6.019090020e-02
9.650000000e-03,1.000000000e+01,1.000717979e+01,1.574309472e+01,7.179788786e-02,-7.179788788e-02
9.652000000e-03,1.000000000e+01,1.000831156e+01,1.558815414e+01,8.311557983e-02,-8.311557985e-02
9.654000000e-03,1.000000000e+01,1.000940988e+01,1.541090885e+01,9.409879741e-02,-9.409879743e-02
9.656000000e-03,1.000000000e+01,1.001047037e+01,1.521207173e+01,1.047037078e-01,-1.047037079e-01
9.658000000e-03,1.000000000e+01,1.001148880e+01,1.499244187e+01,1.148879993e-01,-1.148879993e-01
9.660000000e-03,1.000000000e+01,1.001246110e+01,1.475290127e+01,1.246110494e-01,-1.246110495e-01
9.662000000e-03,1.000000000e+01,1.001338352e+01,1.449437902e+01,1.338351783e-01,-1.338351783e-01
9.664000000e-03,1.000000000e+01,1.001425214e+01,1.421797464e+01,1.425213736e-01,-1.425213737e-01
9.666000000e-03,1.000000000e+01,1.001506362e+01,1.392476641e+01,1.506361775e-01,-1.506361775e-01
9.668000000e-03,1.000000000e+01,1.001581473e+01,1.361592962e+01,1.581472694e-01,-1.581472694e-01
9.670000000e-03,1.000000000e+01,1.001650247e+01,1.329270183e+01,1.650247484e-01,-1.650247485e-01
9.672000000e-03,1.000000000e+01,1.001712413e+01,1.295637784e+01,1.712412524e-01,-1.712412524e-01
9.674000000e-03,1.000000000e+01,1.001767721e+01,1.260830455e+01,1.767720661e-01,-1.767720661e-01
9.676000000e-03,1.000000000e+01,1.001815952e+01,1.224987554e+01,1.815952202e-01,-1.815952202e-01
9.678000000e-03,1.000000000e+01,1.001856916e+01,1.188252553e+01,1.856915782e-01,-1.856915782e-01
9.680000000e-03,1.000000000e+01,1.001890449e+01,1.150772458e+01,1.890449125e-01,-1.890449125e-01
9.682000000e-03,1.000000000e+01,1.001916420e+01,1.112697225e+01,1.916419685e-01,-1.916419685e-01
9.684000000e-03,1.000000000e+01,1.001934725e+01,1.074179160e+01,1.934725170e-01,-1.934725170e-01
9.686000000e-03,1.000000000e+01,1.001945294e+01,1.035372306e+01,1.945293947e-01,-1.945293947e-01
9.688000000e-03,1.000000000e+01,1.001948085e+01,9.964318309e+00,1.948085320e-01,-1.948085320e-01
9.690000000e-03,1.000000000e+01,1.001943090e+01,9.575134062e+00,1.943089688e-01,-1.943089688e-01
9.692000000e-03,1.000000000e+01,1.001930329e+01,9.187725829e+00,1.930328575e-01,-1.930328575e-01
9.694000000e-03,1.000000000e+01,1.001909855e+01,8.803641718e+00,1.909854541e-01,-1.909854541e-01
9.696000000e-03,1.000000000e+01,1.001881751e+01,8.424416236e+00,1.881750961e-01,-1.881750962e-01
9.698000000e-03,1.000000000e+01,1.001846132e+01,8.051564169e+00,1.846131693e-01,-1.846131693e-01
9.700000000e-03,1.000000000e+01,1.001803141e+01,7.686574519e+00,1.803140607e-01,-1.803140607e-01
9.702000000e-03,1.000000000e+01,1.001752951e+01,7.330904571e+00,1.752951012e-01,-1.752951012e-01
9.704000000e-03,1.000000000e+01,1.001695765e+01,6.985974063e+00,1.695764955e-01,-1.695764956e-01
9.706000000e-03,1.000000000e+01,1.001631812e+01,6.653159525e+00,1.631812407e-01,-1.631812407e-01
9.708000000e-03,1.000000000e+01,1.001561350e+01,6.333788786e+00,1.561350336e-01,-1.561350336e-01
9.710000000e-03,1.000000000e+01,1.001484662e+01,6.029135674e+00,1.484661681e-01,-1.484661681e-01
9.712000000e-03,1.000000000e+01,1.001402054e+01,5.740414935e+00,1.402054209e-01,-1.402054209e-01
9.714000000e-03,1.000000000e+01,1.001313859e+01,5.468777394e+00,1.313859283e-01,-1.313859284e-01
9.716000000e-03,1.000000000e+01,1.001220431e+01,5.215305360e+00,1.220430535e-01,-1.220430535e-01
9.718000000e-03,1.000000000e+01,1.001122142e+01,4.981008323e+00,1.122142443e-01,-1.122142444e-01
9.720000000e-03,1.000000000e+01,1.001019389e+01,4.766818926e+00,1.019388834e-01,-1.019388835e-01
9.722000000e-03,1.000000000e+01,1.000912581e+01,4.573589259e+00,9.125813054e-02,-9.125813056e-02
9.724000000e-03,1.000000000e+01,1.000802148e+01,4.402087462e+00,8.021475737e-02,-8.021475739e-02
9.726000000e-03,1.000000000e+01,1.000688530e+01,4.252994678e+00,6.885297656e-02,-6.885297658e-02
9.728000000e-03,1.000000000e+01,1.000572167e+01,4.126886571e+00,5.721666191e-02,-5.721666193e-02
9.730000000e-03,1.000000000e+01,1.000453555e+01,4.024297312e+00,4.535554889e-02,-4.535554891e-02
9.732000000e-03,1.000000000e+01,1.000333155e+01,3.945613302e+00,3.331552315e-02,-3.331552317e-02
9.734000000e-03,1.000000000e+01,1.000211447e+01,3.891144257e+00,2.114474412e-02,-2.114474414e-02
9.736000000e-03,1.000000000e+01,1.000088919e+01,3.861103045e+00,8.891884254e-03,-8.891884274e-03
9.738000000e-03,1.000000000e+01,9.999660593e+00,3.855604856e+00,-3.394065664e-03,3.394065644e-03
9.740000000e-03,1.000000000e+01,9.998433601e+00,3.874666756e+00,-1.566399239e-02,1.566399237e-02
9.742000000e-03,1.000000000e+01,9.997213114e+00,3.918207643e+00,-2.786885655e-02,2.786885653e-02
9.744000000e-03,1.000000000e+01,9.996004011e+00,3.986048591e+00,-3.995988862e-02,3.995988860e-02
9.746000000e-03,1.000000000e+01,9.994811122e+00,4.077913580e+00,-5.188878382e-02,5.188878380e-02
9.748000000e-03,1.000000000e+01,9.993639210e+00,4.193430624e+00,-6.360789510e-02,6.360789508e-02
9.750000000e-03,1.000000000e+01,9.992492958e+00,4.332133273e+00,-7.507042343e-02,7.507042341e-02
9.752000000e-03,1.000000000e+01,9.991376940e+00,4.493462499e+00,-8.623060468e-02,8.623060466e-02
9.754000000e-03,1.000000000e+01,9.990295611e+00,4.676768949e+00,-9.704389237e-02,9.704389235e-02
9.756000000e-03,1.000000000e+01,9.989253286e+00,4.881315555e+00,-1.074671354e-01,1.074671354e-01
9.758000000e-03,1.000000000e+01,9.988254125e+00,5.106280503e+00,-1.174587505e-01,1.174587505e-01
9.760000000e-03,1.000000000e+01,9.987302111e+00,5.350760528e+00,-1.269788876e-01,1.269788876e-01
9.762000000e-03,1.000000000e+01,9.986400935e+00,5.613807414e+00,-1.359906535e-01,1.359906535e-01
9.764000000e-03,1.000000000e+01,9.985554406e+00,5.894302523e+00,-1.444559382e-01,1.444559382e-01
9.766000000e-03,1.000000000e+01,9.984765786e+00,6.191151901e+00,-1.523421431e-01,1.523421431e-01
9.768000000e-03,1.000000000e+01,9.984038214e+00,6.503165777e+00,-1.596178631e-01,1.596178631e-01
9.770000000e-03,1.000000000e+01,9.983374586e+00,6.829094006e+00,-1.662541394e-01,1.662541394e-01
9.772000000e-03,1.000000000e+01,9.982777543e+00,7.167631080e+00,-1.722245750e-01,1.722245750e-01
9.774000000e-03,1.000000000e+01,9.982249456e+00,7.517421352e+00,-1.775054393e-01,1.775054392e-01
9.776000000e-03,1.000000000e+01,9.981792424e+00,7.877064469e+00,-1.820757626e-01,1.820757626e-01
9.778000000e-03,1.000000000e+01,9.981408258e+00,8.245120976e+00,-1.859174198e-01,1.859174198e-01
9.780000000e-03,1.000000000e+01,9.981098480e+00,8.620118077e+00,-1.890152015e-01,1.890152015e-01
9.782000000e-03,1.000000000e+01,9.980864313e+00,9.000555532e+00,-1.913568747e-01,1.913568747e-01
9.784000000e-03,1.000000000e+01,9.980706677e+00,9.384911653e+00,-1.929332310e-01,1.929332310e-01
9.786000000e-03,1.000000000e+01,9.980626188e+00,9.771649395e+00,-1.937381229e-01,1.937381229e-01
9.788000000e-03,1.000000000e+01,9.980623151e+00,1.015922250e+01,-1.937684875e-01,1.937684875e-01
9.790000000e-03,1.000000000e+01,9.980697564e+00,1.054608168e+01,-1.930243583e-01,1.930243583e-01
9.792000000e-03,1.000000000e+01,9.980849114e+00,1.093068082e+01,-1.915088646e-01,1.915088646e-01
9.794000000e-03,1.000000000e+01,9.981077178e+00,1.131148313e+01,-1.892282179e-01,1.892282179e-01
9.796000000e-03,1.000000000e+01,9.981380831e+00,1.168696731e+01,-1.861916871e-01,1.861916870e-01
9.798000000e-03,1.000000000e+01,9.981758844e+00,1.205563363e+01,-1.824115601e-01,1.824115601e-01
9.800000000e-03,1.000000000e+01,9.982209691e+00,1.241600991e+01,-1.779030948e-01,1.779030948e-01
9.802000000e-03,1.000000000e+01,9.982731554e+00,1.276665737e+01,-1.726844571e-01,1.726844571e-01
9.804000000e-03,1.000000000e+01,9.983322335e+00,1.310617645e+01,-1.667766478e-01,1.667766478e-01
9.806000000e-03,1.000000000e+01,9.983979658e+00,1.343321232e+01,-1.602034181e-01,1.602034181e-01
9.808000000e-03,1.000000000e+01,9.984700883e+00,1.374646032e+01,-1.529911741e-01,1.529911741e-01
9.810000000e-03,1.000000000e+01,9.985483113e+00,1.404467116e+01,-1.451688707e-01,1.451688707e-01
9.812000000e-03,1.000000000e+01,9.986323210e+00,1.432665591e+01,-1.367678956e-01,1.367678955e-01
9.814000000e-03,1.000000000e+01,9.987217806e+00,1.459129074e+01,-1.278219428e-01,1.278219428e-01
9.816000000e-03,1.000000000e+01,9.988163312e+00,1.483752136e+01,-1.183668783e-01,1.183668782e-01
9.818000000e-03,1.000000000e+01,9.989155940e+00,1.506436729e+01,-1.084405953e-01,1.084405953e-01
9.820000000e-03,1.000000000e+01,9.990191714e+00,1.527092571e+01,-9.808286338e-02,9.808286336e-02
9.822000000e-03,1.000000000e+01,9.991266483e+00,1.545637505e+01,-8.733516830e-02,8.733516828e-02
9.824000000e-03,1.000000000e+01,9.992375945e+00,1.561997832e+01,-7.624054633e-02,7.624054631e-02
9.826000000e-03,1.000000004e+01,9.993515493e+00,1.576107982e+01,-6.484499066e-02,6.484498704e-02
9.828000000e-03,9.999999958e+00,9.994680710e+00,1.587911779e+01,-5.319298201e-02,5.319298563e-02
9.830000000e-03,1.000000004e+01,9.995866914e+00,1.597364155e+01,-4.133077752e-02,4.133077390e-02
9.832000000e-03,1.000000000e+01,9.997069629e+00,1.604428760e+01,-2.930371466e-02,2.930371464e-02
9.834000000e-03,1.000000000e+01,9.998283807e+00,1.609076066e+01,-1.716193463e-02,1.716193461e-02
9.836000000e-03,1.000000000e+01,9.999504601e+00,1.611287981e+01,-4.953987141e-03,4.953987121e-03
9.838000000e-03,1.000000000e+01,1.000072713e+01,1.611056151e+01,7.271319706e-03,-7.271319726e-03
9.840000000e-03,1.000000000e+01,1.000194651e+01,1.608381991e+01,1.946511821e-02,-1.946511823e-02
9.842000000e-03,1.000000000e+01,1.000315787e+01,1.603276679e+01,3.157867636e-02,-3.157867638e-02
9.844000000e-03,1.000000000e+01,1.000435636e+01,1.595761107e+01,4.356359263e-02,-4.356359265e-02
9.846000000e-03,1.000000000e+01,1.000553720e+01,1.585865796e+01,5.537198935e-02,-5.537198937e-02
9.848000000e-03,1.000000000e+01,1.000669567e+01,1.573630774e+01,6.695670396e-02,-6.695670398e-02
9.850000000e-03,1.000000000e+01,1.000782715e+01,1.559105411e+01,7.827147739e-02,-7.827147741e-02
9.852000000e-03,1.000000000e+01,1.000892711e+01,1.542348223e+01,8.927113877e-02,-8.927113879e-02
9.854000000e-03,1.000000000e+01,1.000999118e+01,1.523426635e+01,9.991178575e-02,-9.991178577e-02
9.856000000e-03,1.000000000e+01,1.001101510e+01,1.502416708e+01,1.101509598e-01,-1.101509598e-01
9.858000000e-03,1.000000000e+01,1.001199490e+01,1.479399940e+01,1.199489785e-01,-1.199489785e-01
9.860000000e-03,1.000000000e+01,1.001292644e+01,1.454474284e+01,1.292643859e-01,-1.292643860e-01
9.862000000e-03,1.000000000e+01,1.001380613e+01,1.427737091e+01,1.380612639e-01,-1.380612639e-01
9.864000000e-03,1.000000000e+01,1.001463046e+01,1.399295591e+01,1.463045551e-01,-1.463045551e-01
9.866000000e-03,1.000000000e+01,1.001539614e+01,1.369263805e+01,1.539614221e-01,-1.539614221e-01
9.868000000e-03,1.000000000e+01,1.001610014e+01,1.337762088e+01,1.610013778e-01,-1.610013778e-01
9.870000000e-03,1.000000000e+01,1.001673964e+01,1.304916644e+01,1.673964072e-01,-1.673964072e-01
9.872000000e-03,1.000000000e+01,1.001731211e+01,1.270859026e+01,1.731210784e-01,-1.731210784e-01
9.874000000e-03,1.000000000e+01,1.001781526e+01,1.235725603e+01,1.781526442e-01,-1.781526442e-01
9.876000000e-03,1.000000000e+01,1.001824711e+01,1.199657017e+01,1.824711320e-01,-1.824711321e-01
9.878000000e-03,1.000000000e+01,1.001860594e+01,1.162797621e+01,1.860594238e-01,-1.860594238e-01
9.880000000e-03,1.000000000e+01,1.001889033e+01,1.125294899e+01,1.889033231e-01,-1.889033232e-01
9.882000000e-03,1.000000000e+01,1.001909916e+01,1.087298877e+01,1.909916120e-01,-1.909916120e-01
9.884000000e-03,1.000000000e+01,1.001923161e+01,1.048961522e+01,1.923160946e-01,-1.923160946e-01
9.886000000e-03,1.000000000e+01,1.001928716e+01,1.010436138e+01,1.928716297e-01,-1.928716298e-01
9.888000000e-03,1.000000000e+01,1.001926562e+01,9.718767454e+00,1.926561509e-01,-1.926561509e-01
9.890000000e-03,1.000000000e+01,1.001916707e+01,9.334374727e+00,1.916706734e-01,-1.916706734e-01
9.892000000e-03,1.000000000e+01,1.001899193e+01,8.952719366e+00,1.899192902e-01,-1.899192903e-01
9.894000000e-03,1.000000000e+01,1.001874092e+01,8.575326291e+00,1.874091548e-01,-1.874091548e-01
9.896000000e-03,1.000000000e+01,1.001841505e+01,8.203703078e+00,1.841504519e-01,-1.841504519e-01
9.898000000e-03,1.000000000e+01,1.001801564e+01,7.839333943e+00,1.801563560e-01,-1.801563560e-01
9.900000000e-03,1.000000000e+01,1.001754430e+01,7.483673810e+00,1.754429786e-01,-1.754429786e-01
9.902000000e-03,1.000000000e+01,1.001700293e+01,7.138142499e+00,1.700293028e-01,-1.700293028e-01
9.904000000e-03,1.000000000e+01,1.001639371e+01,6.804119067e+00,1.639371070e-01,-1.639371070e-01
9.906000000e-03,1.000000000e+01,1.001571909e+01,6.482936293e+00,1.571908772e-01,-1.571908772e-01
9.908000000e-03,1.000000000e+01,1.001498177e+01,6.175875370e+00,1.498177088e-01,-1.498177088e-01
9.910000000e-03,1.000000000e+01,1.001418472e+01,5.884160787e+00,1.418471974e-01,-1.418471974e-01
9.912000000e-03,1.000000000e+01,1.001333113e+01,5.608955451e+00,1.333113206e-01,-1.333113206e-01
9.914000000e-03,1.000000000e+01,1.001242443e+01,5.351356049e+00,1.242443090e-01,-1.242443090e-01
9.916000000e-03,1.000000000e+01,1.001146825e+01,5.112388677e+00,1.146825094e-01,-1.146825095e-01
9.918000000e-03,1.000000000e+01,1.001046642e+01,4.893004757e+00,1.046642393e-01,-1.046642393e-01
9.920000000e-03,1.000000000e+01,1.000942296e+01,4.694077242e+00,9.422963243e-02,-9.422963245e-02
9.922000000e-03,1.000000000e+01,1.000834205e+01,4.516397151e+00,8.342047911e-02,-8.342047913e-02
9.924000000e-03,1.000000000e+01,1.000722801e+01,4.360670415e+00,7.228005812e-02,-7.228005814e-02
9.926000000e-03,1.000000000e+01,1.000608530e+01,4.227515081e+00,6.085296367e-02,-6.085296369e-02
9.928000000e-03,1.000000000e+01,1.000491849e+01,4.117458852e+00,4.918492692e-02,-4.918492694e-02
9.930000000e-03,1.000000000e+01,1.000373226e+01,4.030937001e+00,3.732263288e-02,-3.732263290e-02
9.932000000e-03,1.000000000e+01,1.000253135e+01,3.968290646e+00,2.531353371e-02,-2.531353373e-02
9.934000000e-03,1.000000000e+01,1.000132057e+01,3.929765408e+00,1.320565882e-02,-1.320565884e-02
9.936000000e-03,1.000000000e+01,1.000010474e+01,3.915510447e+00,1.047422835e-03,-1.047422855e-03
9.938000000e-03,1.000000000e+01,9.998888743e+00,3.925577886e+00,-1.111256802e-02,1.111256800e-02
9.940000000e-03,1.000000000e+01,9.997677429e+00,3.959922621e+00,-2.322571022e-02,2.322571020e-02
9.942000000e-03,1.000000000e+01,9.996475640e+00,4.018402521e+00,-3.524359721e-02,3.524359719e-02
9.944000000e-03,1.000000000e+01,9.995288179e+00,4.100779017e+00,-4.711821287e-02,4.711821285e-02
9.946000000e-03,1.000000000e+01,9.994119788e+00,4.206718073e+00,-5.880212330e-02,5.880212328e-02
9.948000000e-03,1.000000000e+01,9.992975133e+00,4.335791541e+00,-7.024866636e-02,7.024866634e-02
9.950000000e-03,1.000000000e+01,9.991858786e+00,4.487478889e+00,-8.141213799e-02,8.141213797e-02
9.952000000e-03,1.000000000e+01,9.990775203e+00,4.661169306e+00,-9.224797469e-02,9.224797467e-02
9.954000000e-03,1.000000000e+01,9.989728707e+00,4.856164154e+00,-1.027129314e-01,1.027129314e-01
9.956000000e-03,1.000000000e+01,9.988723475e+00,5.071679783e+00,-1.127652542e-01,1.127652542e-01
9.958000000e-03,1.000000000e+01,9.987763515e+00,5.306850678e+00,-1.223648467e-01,1.223648467e-01
9.960000000e-03,1.000000000e+01,9.986852657e+00,5.560732936e+00,-1.314734301e-01,1.314734301e-01
9.962000000e-03,1.000000000e+01,9.985994530e+00,5.832308055e+00,-1.400546958e-01,1.400546958e-01
9.964000000e-03,1.000000000e+01,9.985192555e+00,6.120487016e+00,-1.480744503e-01,1.480744503e-01
9.966000000e-03,1.000000000e+01,9.984449925e+00,6.424114655e+00,-1.555007510e-01,1.555007510e-01
9.968000000e-03,1.000000000e+01,9.983769597e+00,6.741974291e+00,-1.623040340e-01,1.623040339e-01
9.970000000e-03,1.000000000e+01,9.983154277e+00,7.072792599e+00,-1.684572312e-01,1.684572311e-01
9.972000000e-03,1.000000000e+01,9.982606412e+00,7.415244717e+00,-1.739358785e-01,1.739358785e-01
9.974000000e-03,1.000000000e+01,9.982128179e+00,7.767959544e+00,-1.787182129e-01,1.787182128e-01
9.976000000e-03,1.000000000e+01,9.981721474e+00,8.129525237e+00,-1.827852586e-01,1.827852586e-01
9.978000000e-03,1.000000000e+01,9.981387910e+00,8.498494856e+00,-1.861209030e-01,1.861209030e-01
9.980000000e-03,1.000000000e+01,9.981128804e+00,8.873392159e+00,-1.887119597e-01,1.887119597e-01
9.982000000e-03,1.000000000e+01,9.980945178e+00,9.252717505e+00,-1.905482214e-01,1.905482214e-01
9.984000000e-03,1.000000000e+01,9.980837750e+00,9.634953854e+00,-1.916224995e-01,1.916224995e-01
9.986000000e-03,1.000000000e+01,9.980806935e+00,1.001857284e+01,-1.919306525e-01,1.919306524e-01
9.988000000e-03,1.000000000e+01,9.980852840e+00,1.040204086e+01,-1.914716019e-01,1.914716019e-01
9.990000000e-03,1.000000000e+01,9.980975266e+00,1.078382524e+01,-1.902473361e-01,1.902473361e-01
9.992000000e-03,1.000000000e+01,9.981173710e+00,1.116240034e+01,-1.882629014e-01,1.882629014e-01
9.994000000e-03,1.000000000e+01,9.981447362e+00,1.153625363e+01,-1.855263816e-01,1.855263816e-01
9.996000000e-03,1.000000000e+01,9.981795114e+00,1.190389179e+01,-1.820488650e-01,1.820488649e-01
9.998000000e-03,1.000000000e+01,9.982215560e+00,1.226384661e+01,-1.778443991e-01,1.778443991e-01
1.000000000e-02,1.000000000e+01,9.982707007e+00,1.261468091e+01,-1.729299347e-01,1.729299347e-01
