time,V(in),V(n_l),V(out),I(Vpwm),I(L1)
0.000000000e+00,5.000000000e+00,0.000000000e+00,0.000000000e+00,-5.000000000e-02,0.000000000e+00
1.000000000e-06,5.000000000e+00,4.950251447e+00,4.974855232e-04,-4.974855331e-04,4.974855232e-04
2.000000000e-06,5.000000000e+00,4.901002828e+00,9.899717111e-04,-9.899717210e-04,9.899717111e-04
3.000000000e-06,5.000000000e+00,4.852249119e+00,1.477508803e-03,-1.477508813e-03,1.477508803e-03
4.000000000e-06,5.000000000e+00,4.803985346e+00,1.960146534e-03,-1.960146543e-03,1.960146534e-03
5.000000000e-06,5.000000000e+00,4.756206586e+00,2.437934137e-03,-2.437934147e-03,2.437934137e-03
6.000000000e-06,5.000000000e+00,4.708907964e+00,2.910920354e-03,-2.910920364e-03,2.910920354e-03
7.000000000e-06,5.000000000e+00,4.662084656e+00,3.379153435e-03,-3.379153444e-03,3.379153435e-03
8.000000000e-06,5.000000000e+00,4.615731885e+00,3.842681144e-03,-3.842681153e-03,3.842681144e-03
9.000000000e-06,5.000000000e+00,4.569844923e+00,4.301550766e-03,-4.301550776e-03,4.301550766e-03
1.000000000e-05,5.000000000e+00,4.524419088e+00,4.755809113e-03,-4.755809123e-03,4.755809113e-03
1.100000000e-05,5.000000000e+00,4.479449747e+00,5.205502523e-03,-5.205502533e-03,5.205502523e-03
1.200000000e-05,5.000000000e+00,4.434932312e+00,5.650676871e-03,-5.650676880e-03,5.650676871e-03
1.300000000e-05,5.000000000e+00,4.390862243e+00,6.091377569e-03,-6.091377579e-03,6.091377569e-03
1.400000000e-05,5.000000000e+00,4.347235042e+00,6.527649575e-03,-6.527649584e-03,6.527649575e-03
1.500000000e-05,5.000000000e+00,4.304046260e+00,6.959537393e-03,-6.959537402e-03,6.959537393e-03
1.600000000e-05,5.000000000e+00,4.261291492e+00,7.387085080e-03,-7.387085089e-03,7.387085080e-03
1.700000000e-05,5.000000000e+00,4.218966374e+00,7.810336252e-03,-7.810336261e-03,7.810336252e-03
1.800000000e-05,5.000000000e+00,4.177066591e+00,8.229334085e-03,-8.229334094e-03,8.229334085e-03
1.900000000e-05,5.000000000e+00,4.135587867e+00,8.644121322e-03,-8.644121331e-03,8.644121322e-03
2.000000000e-05,5.000000000e+00,4.094525972e+00,9.054740276e-03,-9.054740285e-03,9.054740276e-03
2.100000000e-05,5.000000000e+00,4.053876716e+00,9.461232834e-03,-9.461232843e-03,9.461232834e-03
2.200000000e-05,5.000000000e+00,4.013635953e+00,9.863640465e-03,-9.863640474e-03,9.863640465e-03
2.300000000e-05,5.000000000e+00,3.973799578e+00,1.026200422e-02,-1.026200423e-02,1.026200422e-02
2.400000000e-05,5.000000000e+00,3.934363527e+00,1.065636473e-02,-1.065636474e-02,1.065636473e-02
2.500000000e-05,5.000000000e+00,3.895323776e+00,1.104676223e-02,-1.104676224e-02,1.104676223e-02
2.600000000e-05,5.000000000e+00,3.856676345e+00,1.143323655e-02,-1.143323656e-02,1.143323655e-02
2.700000000e-05,5.000000000e+00,3.818417289e+00,1.181582710e-02,-1.181582711e-02,1.181582710e-02
2.800000000e-05,5.000000000e+00,3.780542707e+00,1.219457293e-02,-1.219457294e-02,1.219457293e-02
2.900000000e-05,5.000000000e+00,3.743048734e+00,1.256951266e-02,-1.256951267e-02,1.256951266e-02
3.000000000e-05,5.000000000e+00,3.705931546e+00,1.294068454e-02,-1.294068455e-02,1.294068454e-02
3.100000000e-05,5.000000000e+00,3.669187356e+00,1.330812644e-02,-1.330812645e-02,1.330812644e-02
3.200000000e-05,5.000000000e+00,3.632812416e+00,1.367187584e-02,-1.367187584e-02,1.367187584e-02
3.300000000e-05,5.000000000e+00,3.596803016e+00,1.403196984e-02,-1.403196985e-02,1.403196984e-02
3.400000000e-05,5.000000000e+00,3.561155481e+00,1.438844519e-02,-1.438844519e-02,1.438844519e-02
3.500000000e-05,5.000000000e+00,3.525866176e+00,1.474133824e-02,-1.474133825e-02,1.474133824e-02
3.600000000e-05,5.000000000e+00,3.490931500e+00,1.509068499e-02,-1.509068500e-02,1.509068499e-02
3.700000000e-05,5.000000000e+00,3.456347891e+00,1.543652109e-02,-1.543652110e-02,1.543652109e-02
3.800000000e-05,5.000000000e+00,3.422111819e+00,1.577888181e-02,-1.577888182e-02,1.577888181e-02
3.900000000e-05,5.000000000e+00,3.388219792e+00,1.611780207e-02,-1.611780208e-02,1.611780207e-02
4.000000000e-05,5.000000000e+00,3.354668354e+00,1.645331646e-02,-1.645331647e-02,1.645331646e-02
4.100000000e-05,5.000000000e+00,3.321454081e+00,1.678545919e-02,-1.678545920e-02,1.678545919e-02
4.200000000e-05,5.000000000e+00,3.288573585e+00,1.711426415e-02,-1.711426416e-02,1.711426415e-02
4.300000000e-05,5.000000000e+00,3.256023512e+00,1.743976488e-02,-1.743976489e-02,1.743976488e-02
4.400000000e-05,5.000000000e+00,3.223800541e+00,1.776199458e-02,-1.776199459e-02,1.776199458e-02
4.500000000e-05,5.000000000e+00,3.191901386e+00,1.808098614e-02,-1.808098615e-02,1.808098614e-02
4.600000000e-05,5.000000000e+00,3.160322792e+00,1.839677208e-02,-1.839677209e-02,1.839677208e-02
4.700000000e-05,5.000000000e+00,3.129061538e+00,1.870938462e-02,-1.870938463e-02,1.870938462e-02
4.800000000e-05,5.000000000e+00,3.098114434e+00,1.901885565e-02,-1.901885566e-02,1.901885565e-02
4.900000000e-05,5.000000000e+00,3.067478325e+00,1.932521675e-02,-1.932521676e-02,1.932521675e-02
5.000000000e-05,5.000000000e+00,3.037150084e+00,1.962849916e-02,-1.962849917e-02,1.962849916e-02
5.100000000e-05,2.465190329e-32,-1.943124829e+00,1.943124829e-02,-1.943124829e-02,1.943124829e-02
5.200000000e-05,3.175858478e-31,-1.923597965e+00,1.923597965e-02,-1.923597965e-02,1.923597965e-02
5.300000000e-05,5.777789833e-33,-1.904267329e+00,1.904267330e-02,-1.904267329e-02,1.904267330e-02
5.400000000e-05,5.444062285e-32,-1.885130952e+00,1.885130952e-02,-1.885130952e-02,1.885130952e-02
5.500000000e-05,-4.416398104e-32,-1.866186879e+00,1.866186880e-02,-1.866186879e-02,1.866186880e-02
5.600000000e-05,7.909553540e-32,-1.847433180e+00,1.847433180e-02,-1.847433180e-02,1.847433180e-02
5.700000000e-05,4.273157064e-33,-1.828867941e+00,1.828867941e-02,-1.828867941e-02,1.828867941e-02
5.800000000e-05,4.375472092e-32,-1.810489267e+00,1.810489267e-02,-1.810489267e-02,1.810489267e-02
5.900000000e-05,6.138901698e-34,-1.792295285e+00,1.792295285e-02,-1.792295285e-02,1.792295285e-02
6.000000000e-05,3.388131789e-20,-1.774284137e+00,1.774284137e-02,-1.774284137e-02,1.774284137e-02
6.100000000e-05,-6.100383099e-32,-1.756453988e+00,1.756453988e-02,-1.756453988e-02,1.756453988e-02
6.200000000e-05,-5.537048590e-33,-1.738803017e+00,1.738803017e-02,-1.738803017e-02,1.738803017e-02
6.300000000e-05,-5.825938082e-33,-1.721329425e+00,1.721329425e-02,-1.721329425e-02,1.721329425e-02
6.400000000e-05,-1.355252716e-20,-1.704031428e+00,1.704031428e-02,-1.704031428e-02,1.704031428e-02
6.500000000e-05,9.301639778e-32,-1.686907262e+00,1.686907263e-02,-1.686907262e-02,1.686907263e-02
6.600000000e-05,1.732735097e-32,-1.669955181e+00,1.669955181e-02,-1.669955181e-02,1.669955181e-02
6.700000000e-05,5.007417855e-33,-1.653173455e+00,1.653173455e-02,-1.653173455e-02,1.653173455e-02
6.800000000e-05,1.323675096e-20,-1.636560372e+00,1.636560372e-02,-1.636560372e-02,1.636560372e-02
6.900000000e-05,5.402233494e-32,-1.620114237e+00,1.620114237e-02,-1.620114237e-02,1.620114237e-02
7.000000000e-05,1.033261415e-31,-1.603833373e+00,1.603833373e-02,-1.603833373e-02,1.603833373e-02
7.100000000e-05,9.629649722e-35,-1.587716118e+00,1.587716118e-02,-1.587716118e-02,1.587716118e-02
7.200000000e-05,-6.153346172e-32,-1.571760829e+00,1.571760829e-02,-1.571760829e-02,1.571760829e-02
7.300000000e-05,1.897040995e-32,-1.555965878e+00,1.555965879e-02,-1.555965878e-02,1.555965879e-02
7.400000000e-05,-5.898160455e-33,-1.540329654e+00,1.540329655e-02,-1.540329654e-02,1.540329655e-02
7.500000000e-05,6.427791189e-33,-1.524850562e+00,1.524850562e-02,-1.524850562e-02,1.524850562e-02
7.600000000e-05,2.648153674e-34,-1.509527022e+00,1.509527022e-02,-1.509527022e-02,1.509527022e-02
7.700000000e-05,2.448338442e-32,-1.494357472e+00,1.494357472e-02,-1.494357472e-02,1.494357472e-02
7.800000000e-05,-7.426867348e-32,-1.479340363e+00,1.479340364e-02,-1.479340363e-02,1.479340364e-02
7.900000000e-05,-3.682137312e-32,-1.464474165e+00,1.464474165e-02,-1.464474165e-02,1.464474165e-02
8.000000000e-05,1.564818080e-34,-1.449757360e+00,1.449757360e-02,-1.449757360e-02,1.449757360e-02
8.100000000e-05,6.319457630e-33,-1.435188447e+00,1.435188448e-02,-1.435188447e-02,1.435188448e-02
8.200000000e-05,-9.214371078e-32,-1.420765941e+00,1.420765941e-02,-1.420765941e-02,1.420765941e-02
8.300000000e-05,-8.968815010e-32,-1.406488369e+00,1.406488369e-02,-1.406488369e-02,1.406488369e-02
8.400000000e-05,-3.250006781e-34,-1.392354275e+00,1.392354276e-02,-1.392354275e-02,1.392354276e-02
8.500000000e-05,-2.497690397e-32,-1.378362218e+00,1.378362218e-02,-1.378362218e-02,1.378362218e-02
8.600000000e-05,-3.406488589e-33,-1.364510770e+00,1.364510770e-02,-1.364510770e-02,1.364510770e-02
8.700000000e-05,-1.881392814e-32,-1.350798518e+00,1.350798518e-02,-1.350798518e-02,1.350798518e-02
8.800000000e-05,5.837975144e-33,-1.337224064e+00,1.337224064e-02,-1.337224064e-02,1.337224064e-02
8.900000000e-05,4.281583008e-32,-1.323786021e+00,1.323786022e-02,-1.323786021e-02,1.323786022e-02
9.000000000e-05,-2.032879073e-20,-1.310483021e+00,1.310483021e-02,-1.310483021e-02,1.310483021e-02
9.100000000e-05,5.837975144e-33,-1.297313705e+00,1.297313705e-02,-1.297313705e-02,1.297313705e-02
9.200000000e-05,3.388131789e-20,-1.284276730e+00,1.284276731e-02,-1.284276730e-02,1.284276731e-02
9.300000000e-05,-6.196679596e-32,-1.271370767e+00,1.271370767e-02,-1.271370767e-02,1.271370767e-02
9.400000000e-05,-3.370377403e-34,-1.258594498e+00,1.258594498e-02,-1.258594498e-02,1.258594498e-02
9.500000000e-05,-1.266298938e-32,-1.245946621e+00,1.245946621e-02,-1.245946621e-02,1.245946621e-02
9.600000000e-05,-3.370377403e-34,-1.233425845e+00,1.233425845e-02,-1.233425845e-02,1.233425845e-02
9.700000000e-05,1.198891390e-32,-1.221030892e+00,1.221030892e-02,-1.221030892e-02,1.221030892e-02
9.800000000e-05,-4.347786849e-32,-1.208760499e+00,1.208760500e-02,-1.208760499e-02,1.208760500e-02
9.900000000e-05,-3.370377403e-34,-1.196613414e+00,1.196613414e-02,-1.196613414e-02,1.196613414e-02
1.000000000e-04,4.896676884e-32,-1.184588398e+00,1.184588398e-02,-1.184588398e-02,1.184588398e-02
1.010000000e-04,5.000000000e+00,3.777567224e+00,1.222432775e-02,-1.222432776e-02,1.222432775e-02
1.020000000e-04,5.000000000e+00,3.740103153e+00,1.259896847e-02,-1.259896848e-02,1.259896847e-02
1.030000000e-04,5.000000000e+00,3.703015565e+00,1.296984434e-02,-1.296984435e-02,1.296984434e-02
1.040000000e-04,5.000000000e+00,3.666300679e+00,1.333699321e-02,-1.333699322e-02,1.333699321e-02
1.050000000e-04,5.000000000e+00,3.629954748e+00,1.370045252e-02,-1.370045253e-02,1.370045252e-02
1.060000000e-04,5.000000000e+00,3.593974064e+00,1.406025935e-02,-1.406025936e-02,1.406025935e-02
1.070000000e-04,5.000000000e+00,3.558354959e+00,1.441645041e-02,-1.441645042e-02,1.441645041e-02
1.080000000e-04,5.000000000e+00,3.523093797e+00,1.476906203e-02,-1.476906204e-02,1.476906203e-02
1.090000000e-04,5.000000000e+00,3.488186981e+00,1.511813018e-02,-1.511813019e-02,1.511813018e-02
1.100000000e-04,5.000000000e+00,3.453630952e+00,1.546369048e-02,-1.546369049e-02,1.546369048e-02
1.110000000e-04,5.000000000e+00,3.419422183e+00,1.580577817e-02,-1.580577818e-02,1.580577817e-02
1.120000000e-04,5.000000000e+00,3.385557185e+00,1.614442814e-02,-1.614442815e-02,1.614442814e-02
1.130000000e-04,5.000000000e+00,3.352032504e+00,1.647967496e-02,-1.647967497e-02,1.647967496e-02
1.140000000e-04,5.000000000e+00,3.318844719e+00,1.681155281e-02,-1.681155282e-02,1.681155281e-02
1.150000000e-04,5.000000000e+00,3.285990445e+00,1.714009555e-02,-1.714009555e-02,1.714009555e-02
1.160000000e-04,5.000000000e+00,3.253466331e+00,1.746533669e-02,-1.746533670e-02,1.746533669e-02
1.170000000e-04,5.000000000e+00,3.221269058e+00,1.778730942e-02,-1.778730943e-02,1.778730942e-02
1.180000000e-04,5.000000000e+00,3.189395342e+00,1.810604658e-02,-1.810604659e-02,1.810604658e-02
1.190000000e-04,5.000000000e+00,3.157841931e+00,1.842158068e-02,-1.842158069e-02,1.842158068e-02
1.200000000e-04,5.000000000e+00,3.126605608e+00,1.873394392e-02,-1.873394393e-02,1.873394392e-02
1.210000000e-04,5.000000000e+00,3.095683185e+00,1.904316815e-02,-1.904316816e-02,1.904316815e-02
1.220000000e-04,5.000000000e+00,3.065071507e+00,1.934928492e-02,-1.934928493e-02,1.934928492e-02
1.230000000e-04,5.000000000e+00,3.034767453e+00,1.965232547e-02,-1.965232547e-02,1.965232547e-02
1.240000000e-04,5.000000000e+00,3.004767931e+00,1.995232069e-02,-1.995232070e-02,1.995232069e-02
1.250000000e-04,5.000000000e+00,2.975069879e+00,2.024930120e-02,-2.024930121e-02,2.024930120e-02
1.260000000e-04,5.000000000e+00,2.945670270e+00,2.054329730e-02,-2.054329730e-02,2.054329730e-02
1.270000000e-04,5.000000000e+00,2.916566104e+00,2.083433896e-02,-2.083433897e-02,2.083433896e-02
1.280000000e-04,5.000000000e+00,2.887754411e+00,2.112245589e-02,-2.112245589e-02,2.112245589e-02
1.290000000e-04,5.000000000e+00,2.859232253e+00,2.140767747e-02,-2.140767747e-02,2.140767747e-02
1.300000000e-04,5.000000000e+00,2.830996720e+00,2.169003279e-02,-2.169003280e-02,2.169003279e-02
1.310000000e-04,5.000000000e+00,2.803044932e+00,2.196955068e-02,-2.196955068e-02,2.196955068e-02
1.320000000e-04,5.000000000e+00,2.775374037e+00,2.224625962e-02,-2.224625963e-02,2.224625962e-02
1.330000000e-04,5.000000000e+00,2.747981213e+00,2.252018787e-02,-2.252018787e-02,2.252018787e-02
1.340000000e-04,5.000000000e+00,2.720863665e+00,2.279136335e-02,-2.279136336e-02,2.279136335e-02
1.350000000e-04,5.000000000e+00,2.694018627e+00,2.305981373e-02,-2.305981374e-02,2.305981373e-02
1.360000000e-04,5.000000000e+00,2.667443360e+00,2.332556640e-02,-2.332556641e-02,2.332556640e-02
1.370000000e-04,5.000000000e+00,2.641135153e+00,2.358864846e-02,-2.358864847e-02,2.358864846e-02
1.380000000e-04,5.000000000e+00,2.615091324e+00,2.384908676e-02,-2.384908677e-02,2.384908676e-02
1.390000000e-04,5.000000000e+00,2.589309214e+00,2.410690786e-02,-2.410690787e-02,2.410690786e-02
1.400000000e-04,5.000000000e+00,2.563786193e+00,2.436213806e-02,-2.436213807e-02,2.436213806e-02
1.410000000e-04,5.000000000e+00,2.538519659e+00,2.461480340e-02,-2.461480341e-02,2.461480340e-02
1.420000000e-04,5.000000000e+00,2.513507034e+00,2.486492966e-02,-2.486492967e-02,2.486492966e-02
1.430000000e-04,5.000000000e+00,2.488745765e+00,2.511254234e-02,-2.511254235e-02,2.511254234e-02
1.440000000e-04,5.000000000e+00,2.464233328e+00,2.535766672e-02,-2.535766672e-02,2.535766672e-02
1.450000000e-04,5.000000000e+00,2.439967221e+00,2.560032778e-02,-2.560032779e-02,2.560032778e-02
1.460000000e-04,5.000000000e+00,2.415944970e+00,2.584055030e-02,-2.584055031e-02,2.584055030e-02
1.470000000e-04,5.000000000e+00,2.392164123e+00,2.607835877e-02,-2.607835878e-02,2.607835877e-02
1.480000000e-04,5.000000000e+00,2.368622255e+00,2.631377745e-02,-2.631377746e-02,2.631377745e-02
1.490000000e-04,5.000000000e+00,2.345316964e+00,2.654683036e-02,-2.654683037e-02,2.654683036e-02
1.500000000e-04,5.000000000e+00,2.322245872e+00,2.677754128e-02,-2.677754128e-02,2.677754128e-02
1.510000000e-04,1.925929944e-34,-2.650844820e+00,2.650844821e-02,-2.650844820e-02,2.650844821e-02
1.520000000e-04,-7.376311687e-32,-2.624205931e+00,2.624205931e-02,-2.624205931e-02,2.624205931e-02
1.530000000e-04,-2.710505431e-20,-2.597834740e+00,2.597834741e-02,-2.597834740e-02,2.597834741e-02
1.540000000e-04,1.251854464e-32,-2.571728560e+00,2.571728560e-02,-2.571728560e-02,2.571728560e-02
1.550000000e-04,-7.376311687e-32,-2.545884726e+00,2.545884726e-02,-2.545884726e-02,2.545884726e-02
1.560000000e-04,5.874086330e-32,-2.520300602e+00,2.520300602e-02,-2.520300602e-02,2.520300602e-02
1.570000000e-04,2.089633990e-32,-2.494973578e+00,2.494973578e-02,-2.494973578e-02,2.494973578e-02
1.580000000e-04,-2.782968770e-32,-2.469901071e+00,2.469901071e-02,-2.469901071e-02,2.469901071e-02
1.590000000e-04,-5.363714895e-32,-2.445080522e+00,2.445080522e-02,-2.445080522e-02,2.445080522e-02
1.600000000e-04,-4.333342375e-33,-2.420509400e+00,2.420509401e-02,-2.420509400e-02,2.420509401e-02
1.610000000e-04,-1.029409555e-31,-2.396185199e+00,2.396185199e-02,-2.396185199e-02,2.396185199e-02
1.620000000e-04,-1.049631820e-32,-2.372105436e+00,2.372105437e-02,-2.372105436e-02,2.372105437e-02
1.630000000e-04,-4.901491708e-32,-2.348267657e+00,2.348267657e-02,-2.348267657e-02,2.348267657e-02
1.640000000e-04,5.777789833e-34,-2.324669427e+00,2.324669428e-02,-2.324669427e-02,2.324669428e-02
1.650000000e-04,-3.139150425e-22,-2.301308342e+00,2.301308342e-02,-2.301308342e-02,2.301308342e-02
1.660000000e-04,1.293015019e-20,-2.278182017e+00,2.278182017e-02,-2.278182017e-02,2.278182017e-02
1.670000000e-04,-4.944825132e-32,-2.255288093e+00,2.255288093e-02,-2.255288093e-02,2.255288093e-02
1.680000000e-04,-1.863337221e-32,-2.232624235e+00,2.232624235e-02,-2.232624235e-02,2.232624235e-02
1.690000000e-04,-7.410015461e-32,-2.210188130e+00,2.210188130e-02,-2.210188130e-02,2.210188130e-02
1.700000000e-04,2.450745854e-32,-2.187977491e+00,2.187977491e-02,-2.187977491e-02,2.187977491e-02
1.710000000e-04,-1.444447458e-34,-2.165990051e+00,2.165990051e-02,-2.165990051e-02,2.165990051e-02
1.720000000e-04,-4.973714081e-32,-2.144223567e+00,2.144223568e-02,-2.144223567e-02,2.144223568e-02
1.730000000e-04,-2.508523753e-32,-2.122675820e+00,2.122675820e-02,-2.122675820e-02,2.122675820e-02
1.740000000e-04,-4.973714081e-32,-2.101344610e+00,2.101344610e-02,-2.101344610e-02,2.101344610e-02
1.750000000e-04,-4.441675934e-31,-2.080227762e+00,2.080227762e-02,-2.080227762e-02,2.080227762e-02
1.760000000e-04,-1.425669641e-31,-2.059323121e+00,2.059323121e-02,-2.059323121e-02,2.059323121e-02
1.770000000e-04,1.515225384e-31,-2.038628555e+00,2.038628556e-02,-2.038628555e-02,2.038628556e-02
1.780000000e-04,3.611118646e-33,-2.018141954e+00,2.018141954e-02,-2.018141954e-02,2.018141954e-02
1.790000000e-04,-5.801863957e-32,-1.997861227e+00,1.997861227e-02,-1.997861227e-02,1.997861227e-02
1.800000000e-04,-1.355252716e-20,-1.977784304e+00,1.977784305e-02,-1.977784304e-02,1.977784305e-02
1.810000000e-04,9.359900183e-20,-1.957909139e+00,1.957909140e-02,-1.957909139e-02,1.957909140e-02
1.820000000e-04,-4.424824047e-32,-1.938233704e+00,1.938233704e-02,-1.938233704e-02,1.938233704e-02
1.830000000e-04,-2.409217990e-31,-1.918755991e+00,1.918755991e-02,-1.918755991e-02,1.918755991e-02
1.840000000e-04,-1.406530713e-31,-1.899474014e+00,1.899474014e-02,-1.899474014e-02,1.899474014e-02
1.850000000e-04,-1.739355481e-32,-1.880385805e+00,1.880385806e-02,-1.880385805e-02,1.880385806e-02
1.860000000e-04,-5.067603166e-33,-1.861489418e+00,1.861489418e-02,-1.861489418e-02,1.861489418e-02
1.870000000e-04,-5.227575722e-31,-1.842782925e+00,1.842782925e-02,-1.842782925e-02,1.842782925e-02
1.880000000e-04,6.776263578e-21,-1.824264416e+00,1.824264417e-02,-1.824264416e-02,1.824264417e-02
1.890000000e-04,-7.902331303e-32,-1.805932005e+00,1.805932005e-02,-1.805932005e-02,1.805932005e-02
1.900000000e-04,-7.902331303e-32,-1.787783819e+00,1.787783819e-02,-1.787783819e-02,1.787783819e-02
1.910000000e-04,5.656215505e-32,-1.769818008e+00,1.769818009e-02,-1.769818008e-02,1.769818009e-02
1.920000000e-04,-1.077425396e-30,-1.752032740e+00,1.752032740e-02,-1.752032740e-02,1.752032740e-02
1.930000000e-04,4.423620341e-32,-1.734426199e+00,1.734426199e-02,-1.734426199e-02,1.734426199e-02
1.940000000e-04,-1.355252716e-20,-1.716996590e+00,1.716996591e-02,-1.716996590e-02,1.716996591e-02
1.950000000e-04,1.958430012e-32,-1.699742135e+00,1.699742135e-02,-1.699742135e-02,1.699742135e-02
1.960000000e-04,-1.355252716e-20,-1.682661074e+00,1.682661074e-02,-1.682661074e-02,1.682661074e-02
1.970000000e-04,1.727318419e-32,-1.665751663e+00,1.665751663e-02,-1.665751663e-02,1.665751663e-02
1.980000000e-04,1.727318419e-32,-1.649012179e+00,1.649012179e-02,-1.649012179e-02,1.649012179e-02
1.990000000e-04,1.756207368e-32,-1.632440913e+00,1.632440914e-02,-1.632440913e-02,1.632440914e-02
2.000000000e-04,5.236122036e-33,-1.616036176e+00,1.616036176e-02,-1.616036176e-02,1.616036176e-02
2.010000000e-04,5.000000000e+00,3.350455154e+00,1.649544845e-02,-1.649544846e-02,1.649544845e-02
2.020000000e-04,5.000000000e+00,3.317283221e+00,1.682716779e-02,-1.682716780e-02,1.682716779e-02
2.030000000e-04,5.000000000e+00,3.284444638e+00,1.715555361e-02,-1.715555362e-02,1.715555361e-02
2.040000000e-04,5.000000000e+00,3.251936058e+00,1.748063942e-02,-1.748063942e-02,1.748063942e-02
2.050000000e-04,5.000000000e+00,3.219754163e+00,1.780245837e-02,-1.780245837e-02,1.780245837e-02
2.060000000e-04,5.000000000e+00,3.187895671e+00,1.812104329e-02,-1.812104330e-02,1.812104329e-02
2.070000000e-04,5.000000000e+00,3.156357331e+00,1.843642669e-02,-1.843642670e-02,1.843642669e-02
2.080000000e-04,5.000000000e+00,3.125135927e+00,1.874864073e-02,-1.874864074e-02,1.874864073e-02
2.090000000e-04,5.000000000e+00,3.094228272e+00,1.905771727e-02,-1.905771728e-02,1.905771727e-02
2.100000000e-04,5.000000000e+00,3.063631216e+00,1.936368784e-02,-1.936368785e-02,1.936368784e-02
2.110000000e-04,5.000000000e+00,3.033341635e+00,1.966658364e-02,-1.966658365e-02,1.966658364e-02
2.120000000e-04,5.000000000e+00,3.003356441e+00,1.996643559e-02,-1.996643559e-02,1.996643559e-02
2.130000000e-04,5.000000000e+00,2.973672574e+00,2.026327425e-02,-2.026327426e-02,2.026327425e-02
2.140000000e-04,5.000000000e+00,2.944287007e+00,2.055712993e-02,-2.055712994e-02,2.055712993e-02
2.150000000e-04,5.000000000e+00,2.915196741e+00,2.084803259e-02,-2.084803259e-02,2.084803259e-02
2.160000000e-04,5.000000000e+00,2.886398810e+00,2.113601190e-02,-2.113601191e-02,2.113601190e-02
2.170000000e-04,5.000000000e+00,2.857890274e+00,2.142109725e-02,-2.142109726e-02,2.142109725e-02
2.180000000e-04,5.000000000e+00,2.829668227e+00,2.170331772e-02,-2.170331773e-02,2.170331772e-02
2.190000000e-04,5.000000000e+00,2.801729789e+00,2.198270210e-02,-2.198270211e-02,2.198270210e-02
2.200000000e-04,5.000000000e+00,2.774072111e+00,2.225927889e-02,-2.225927890e-02,2.225927889e-02
2.210000000e-04,5.000000000e+00,2.746692370e+00,2.253307630e-02,-2.253307631e-02,2.253307630e-02
2.220000000e-04,5.000000000e+00,2.719587774e+00,2.280412226e-02,-2.280412227e-02,2.280412226e-02
2.230000000e-04,5.000000000e+00,2.692755557e+00,2.307244443e-02,-2.307244443e-02,2.307244443e-02
2.240000000e-04,5.000000000e+00,2.666192983e+00,2.333807017e-02,-2.333807017e-02,2.333807017e-02
2.250000000e-04,5.000000000e+00,2.639897342e+00,2.360102658e-02,-2.360102659e-02,2.360102658e-02
2.260000000e-04,5.000000000e+00,2.613865951e+00,2.386134049e-02,-2.386134049e-02,2.386134049e-02
2.270000000e-04,5.000000000e+00,2.588096155e+00,2.411903845e-02,-2.411903845e-02,2.411903845e-02
2.280000000e-04,5.000000000e+00,2.562585325e+00,2.437414675e-02,-2.437414675e-02,2.437414675e-02
2.290000000e-04,5.000000000e+00,2.537330859e+00,2.462669141e-02,-2.462669142e-02,2.462669141e-02
2.300000000e-04,5.000000000e+00,2.512330180e+00,2.487669820e-02,-2.487669821e-02,2.487669820e-02
2.310000000e-04,5.000000000e+00,2.487580738e+00,2.512419262e-02,-2.512419263e-02,2.512419262e-02
2.320000000e-04,5.000000000e+00,2.463080008e+00,2.536919991e-02,-2.536919992e-02,2.536919991e-02
2.330000000e-04,5.000000000e+00,2.438825492e+00,2.561174508e-02,-2.561174509e-02,2.561174508e-02
2.340000000e-04,5.000000000e+00,2.414814713e+00,2.585185286e-02,-2.585185287e-02,2.585185286e-02
2.350000000e-04,5.000000000e+00,2.391045225e+00,2.608954775e-02,-2.608954776e-02,2.608954775e-02
2.360000000e-04,5.000000000e+00,2.367514600e+00,2.632485399e-02,-2.632485400e-02,2.632485399e-02
2.370000000e-04,5.000000000e+00,2.344220440e+00,2.655779559e-02,-2.655779560e-02,2.655779559e-02
2.380000000e-04,5.000000000e+00,2.321160368e+00,2.678839632e-02,-2.678839632e-02,2.678839632e-02
2.390000000e-04,5.000000000e+00,2.298332031e+00,2.701667968e-02,-2.701667969e-02,2.701667968e-02
2.400000000e-04,5.000000000e+00,2.275733101e+00,2.724266899e-02,-2.724266899e-02,2.724266899e-02
2.410000000e-04,5.000000000e+00,2.253361272e+00,2.746638727e-02,-2.746638728e-02,2.746638727e-02
2.420000000e-04,5.000000000e+00,2.231214263e+00,2.768785737e-02,-2.768785738e-02,2.768785737e-02
2.430000000e-04,5.000000000e+00,2.209289813e+00,2.790710187e-02,-2.790710187e-02,2.790710187e-02
2.440000000e-04,5.000000000e+00,2.187585687e+00,2.812414313e-02,-2.812414314e-02,2.812414313e-02
2.450000000e-04,5.000000000e+00,2.166099670e+00,2.833900330e-02,-2.833900331e-02,2.833900330e-02
2.460000000e-04,5.000000000e+00,2.144829570e+00,2.855170430e-02,-2.855170431e-02,2.855170430e-02
2.470000000e-04,5.000000000e+00,2.123773218e+00,2.876226782e-02,-2.876226783e-02,2.876226782e-02
2.480000000e-04,5.000000000e+00,2.102928465e+00,2.897071534e-02,-2.897071535e-02,2.897071534e-02
2.490000000e-04,5.000000000e+00,2.082293186e+00,2.917706813e-02,-2.917706814e-02,2.917706813e-02
2.500000000e-04,5.000000000e+00,2.061865275e+00,2.938134724e-02,-2.938134725e-02,2.938134724e-02
2.510000000e-04,-2.958228395e-31,-2.908608798e+00,2.908608799e-02,-2.908608798e-02,2.908608799e-02
2.520000000e-04,-6.856310602e-32,-2.879379585e+00,2.879379585e-02,-2.879379585e-02,2.879379585e-02
2.530000000e-04,-2.634672164e-31,-2.850444102e+00,2.850444102e-02,-2.850444102e-02,2.850444102e-02
2.540000000e-04,-1.694818351e-32,-2.821799397e+00,2.821799398e-02,-2.821799397e-02,2.821799398e-02
2.550000000e-04,3.543711098e-32,-2.793442549e+00,2.793442550e-02,-2.793442549e-02,2.793442550e-02
2.560000000e-04,-6.317050218e-32,-2.765370665e+00,2.765370666e-02,-2.765370665e-02,2.765370666e-02
2.570000000e-04,8.474091755e-32,-2.737580882e+00,2.737580882e-02,-2.737580882e-02,2.737580882e-02
2.580000000e-04,1.376428539e-20,-2.710070363e+00,2.710070363e-02,-2.710070363e-02,2.710070363e-02
2.590000000e-04,8.474091755e-33,-2.682836303e+00,2.682836304e-02,-2.682836303e-02,2.682836304e-02
2.600000000e-04,-1.001483571e-32,-2.655875925e+00,2.655875925e-02,-2.655875925e-02,2.655875925e-02
2.610000000e-04,-2.710505431e-20,-2.629186476e+00,2.629186476e-02,-2.629186476e-02,2.629186476e-02
2.620000000e-04,2.664704634e-32,-2.602765236e+00,2.602765236e-02,-2.602765236e-02,2.602765236e-02
2.630000000e-04,2.731660792e-31,-2.576609507e+00,2.576609508e-02,-2.576609507e-02,2.576609508e-02
2.640000000e-04,7.585756568e-32,-2.550716624e+00,2.550716624e-02,-2.550716624e-02,2.550716624e-02
2.650000000e-04,-7.263163303e-32,-2.525083943e+00,2.525083943e-02,-2.525083943e-02,2.525083943e-02
2.660000000e-04,1.324076837e-33,-2.499708850e+00,2.499708850e-02,-2.499708850e-02,2.499708850e-02
2.670000000e-04,-1.219354396e-31,-2.474588757e+00,2.474588757e-02,-2.474588757e-02,2.474588757e-02
2.680000000e-04,7.435895145e-32,-2.449721101e+00,2.449721101e-02,-2.449721101e-02,2.449721101e-02
2.690000000e-04,1.203706215e-34,-2.425103345e+00,2.425103345e-02,-2.425103345e-02,2.425103345e-02
2.700000000e-04,-4.918343595e-32,-2.400732978e+00,2.400732979e-02,-2.400732978e-02,2.400732979e-02
2.710000000e-04,-1.220558102e-32,-2.376607514e+00,2.376607515e-02,-2.376607514e-02,2.376607515e-02
2.720000000e-04,-1.836855684e-32,-2.352724492e+00,2.352724492e-02,-2.352724492e-02,2.352724492e-02
2.730000000e-04,-1.420373334e-33,-2.329081475e+00,2.329081476e-02,-2.329081475e-02,2.329081476e-02
2.740000000e-04,-6.427791189e-33,-2.305676052e+00,2.305676052e-02,-2.305676052e-02,2.305676052e-02
2.750000000e-04,1.413391838e-31,-2.282505835e+00,2.282505835e-02,-2.282505835e-02,2.282505835e-02
2.760000000e-04,9.203537722e-32,-2.259568460e+00,2.259568460e-02,-2.259568460e-02,2.259568460e-02
2.770000000e-04,-1.607245017e-19,-2.236861588e+00,2.236861588e-02,-2.236861588e-02,2.236861588e-02
2.780000000e-04,-2.178708250e-32,-2.214382901e+00,2.214382901e-02,-2.214382901e-02,2.214382901e-02
2.790000000e-04,-1.323675096e-20,-2.192130108e+00,2.192130108e-02,-2.192130108e-02,2.192130108e-02
2.800000000e-04,-7.342607913e-33,-2.170100937e+00,2.170100937e-02,-2.170100937e-02,2.170100937e-02
2.810000000e-04,-5.664641449e-32,-2.148293142e+00,2.148293143e-02,-2.148293142e-02,2.148293143e-02
2.820000000e-04,1.153150554e-32,-2.126704499e+00,2.126704499e-02,-2.126704499e-02,2.126704499e-02
2.830000000e-04,-3.817433891e-31,-2.105332804e+00,2.105332804e-02,-2.105332804e-02,2.105332804e-02
2.840000000e-04,1.268706351e-32,-2.084175877e+00,2.084175878e-02,-2.084175877e-02,2.084175878e-02
2.850000000e-04,-1.294008256e-30,-2.063231561e+00,2.063231562e-02,-2.063231561e-02,2.063231562e-02
2.860000000e-04,1.538336543e-32,-2.042497719e+00,2.042497719e-02,-2.042497719e-02,2.042497719e-02
2.870000000e-04,3.057413787e-33,-2.021972236e+00,2.021972236e-02,-2.021972236e-02,2.021972236e-02
2.880000000e-04,2.985191414e-33,-2.001653017e+00,2.001653017e-02,-2.001653017e-02,2.001653017e-02
2.890000000e-04,2.985191414e-33,-1.981537990e+00,1.981537991e-02,-1.981537990e-02,1.981537991e-02
2.900000000e-04,-6.634828658e-32,-1.961625104e+00,1.961625104e-02,-1.961625104e-02,1.961625104e-02
2.910000000e-04,4.525935369e-33,-1.941912326e+00,1.941912326e-02,-1.941912326e-02,1.941912326e-02
2.920000000e-04,2.710505431e-20,-1.922397646e+00,1.922397646e-02,-1.922397646e-02,1.922397646e-02
2.930000000e-04,2.301486284e-32,-1.903079073e+00,1.903079073e-02,-1.903079073e-02,1.903079073e-02
2.940000000e-04,-1.637040453e-33,-1.883954636e+00,1.883954637e-02,-1.883954636e-02,1.883954637e-02
2.950000000e-04,-1.348150961e-33,-1.865022385e+00,1.865022385e-02,-1.865022385e-02,1.865022385e-02
2.960000000e-04,-2.600005425e-32,-1.846280388e+00,1.846280388e-02,-1.846280388e-02,1.846280388e-02
2.970000000e-04,-1.355252716e-20,-1.827726733e+00,1.827726733e-02,-1.827726733e-02,1.827726733e-02
2.980000000e-04,1.674213560e-19,-1.809359528e+00,1.809359528e-02,-1.809359528e-02,1.809359528e-02
2.990000000e-04,9.138537586e-32,-1.791176898e+00,1.791176899e-02,-1.791176898e-02,1.791176899e-02
3.000000000e-04,5.000000000e+00,3.212221543e+00,1.787778457e-02,-1.787778458e-02,1.787778457e-02
3.010000000e-04,5.000000000e+00,3.180438747e+00,1.819561252e-02,-1.819561253e-02,1.819561252e-02
3.020000000e-04,5.000000000e+00,3.148975344e+00,1.851024656e-02,-1.851024657e-02,1.851024656e-02
3.030000000e-04,5.000000000e+00,3.117828122e+00,1.882171877e-02,-1.882171878e-02,1.882171877e-02
3.040000000e-04,5.000000000e+00,3.086993906e+00,1.913006094e-02,-1.913006094e-02,1.913006094e-02
3.050000000e-04,5.000000000e+00,3.056469549e+00,1.943530451e-02,-1.943530451e-02,1.943530451e-02
3.060000000e-04,5.000000000e+00,3.026251938e+00,1.973748062e-02,-1.973748063e-02,1.973748062e-02
3.070000000e-04,5.000000000e+00,2.996337989e+00,2.003662010e-02,-2.003662011e-02,2.003662010e-02
3.080000000e-04,5.000000000e+00,2.966724652e+00,2.033275347e-02,-2.033275348e-02,2.033275347e-02
3.090000000e-04,5.000000000e+00,2.937408906e+00,2.062591094e-02,-2.062591094e-02,2.062591094e-02
3.100000000e-04,5.000000000e+00,2.908387760e+00,2.091612240e-02,-2.091612241e-02,2.091612240e-02
3.110000000e-04,5.000000000e+00,2.879658253e+00,2.120341747e-02,-2.120341747e-02,2.120341747e-02
3.120000000e-04,5.000000000e+00,2.851217455e+00,2.148782545e-02,-2.148782545e-02,2.148782545e-02
3.130000000e-04,5.000000000e+00,2.823062465e+00,2.176937535e-02,-2.176937536e-02,2.176937535e-02
3.140000000e-04,5.000000000e+00,2.795190409e+00,2.204809590e-02,-2.204809591e-02,2.204809590e-02
3.150000000e-04,5.000000000e+00,2.767598446e+00,2.232401553e-02,-2.232401554e-02,2.232401553e-02
3.160000000e-04,5.000000000e+00,2.740283761e+00,2.259716239e-02,-2.259716240e-02,2.259716239e-02
3.170000000e-04,5.000000000e+00,2.713243566e+00,2.286756434e-02,-2.286756435e-02,2.286756434e-02
3.180000000e-04,5.000000000e+00,2.686475104e+00,2.313524896e-02,-2.313524897e-02,2.313524896e-02
3.190000000e-04,5.000000000e+00,2.659975643e+00,2.340024357e-02,-2.340024357e-02,2.340024357e-02
3.200000000e-04,5.000000000e+00,2.633742481e+00,2.366257518e-02,-2.366257519e-02,2.366257518e-02
3.210000000e-04,5.000000000e+00,2.607772942e+00,2.392227058e-02,-2.392227059e-02,2.392227058e-02
3.220000000e-04,5.000000000e+00,2.582064376e+00,2.417935624e-02,-2.417935625e-02,2.417935624e-02
3.230000000e-04,5.000000000e+00,2.556614161e+00,2.443385839e-02,-2.443385840e-02,2.443385839e-02
3.240000000e-04,5.000000000e+00,2.531419700e+00,2.468580300e-02,-2.468580301e-02,2.468580300e-02
3.250000000e-04,5.000000000e+00,2.506478423e+00,2.493521577e-02,-2.493521577e-02,2.493521577e-02
3.260000000e-04,5.000000000e+00,2.481787787e+00,2.518212213e-02,-2.518212214e-02,2.518212213e-02
3.270000000e-04,5.000000000e+00,2.457345272e+00,2.542654728e-02,-2.542654729e-02,2.542654728e-02
3.280000000e-04,5.000000000e+00,2.433148385e+00,2.566851615e-02,-2.566851616e-02,2.566851615e-02
3.290000000e-04,5.000000000e+00,2.409194657e+00,2.590805343e-02,-2.590805344e-02,2.590805343e-02
3.300000000e-04,5.000000000e+00,2.385481645e+00,2.614518355e-02,-2.614518355e-02,2.614518355e-02
3.310000000e-04,5.000000000e+00,2.362006931e+00,2.637993069e-02,-2.637993070e-02,2.637993069e-02
3.320000000e-04,5.000000000e+00,2.338768118e+00,2.661231882e-02,-2.661231882e-02,2.661231882e-02
3.330000000e-04,5.000000000e+00,2.315762837e+00,2.684237162e-02,-2.684237163e-02,2.684237162e-02
3.340000000e-04,5.000000000e+00,2.292988741e+00,2.707011258e-02,-2.707011259e-02,2.707011258e-02
3.350000000e-04,5.000000000e+00,2.270443507e+00,2.729556493e-02,-2.729556493e-02,2.729556493e-02
3.360000000e-04,5.000000000e+00,2.248124835e+00,2.751875165e-02,-2.751875166e-02,2.751875165e-02
3.370000000e-04,5.000000000e+00,2.226030447e+00,2.773969553e-02,-2.773969553e-02,2.773969553e-02
3.380000000e-04,5.000000000e+00,2.204158091e+00,2.795841909e-02,-2.795841910e-02,2.795841909e-02
3.390000000e-04,5.000000000e+00,2.182505534e+00,2.817494466e-02,-2.817494467e-02,2.817494466e-02
3.400000000e-04,5.000000000e+00,2.161070568e+00,2.838929431e-02,-2.838929432e-02,2.838929431e-02
3.410000000e-04,5.000000000e+00,2.139851007e+00,2.860148993e-02,-2.860148993e-02,2.860148993e-02
3.420000000e-04,5.000000000e+00,2.118844686e+00,2.881155314e-02,-2.881155315e-02,2.881155314e-02
3.430000000e-04,5.000000000e+00,2.098049461e+00,2.901950539e-02,-2.901950539e-02,2.901950539e-02
3.440000000e-04,5.000000000e+00,2.077463212e+00,2.922536788e-02,-2.922536788e-02,2.922536788e-02
3.450000000e-04,5.000000000e+00,2.057083839e+00,2.942916161e-02,-2.942916162e-02,2.942916161e-02
3.460000000e-04,5.000000000e+00,2.036909262e+00,2.963090738e-02,-2.963090739e-02,2.963090738e-02
3.470000000e-04,5.000000000e+00,2.016937423e+00,2.983062577e-02,-2.983062577e-02,2.983062577e-02
3.480000000e-04,5.000000000e+00,1.997166286e+00,3.002833714e-02,-3.002833715e-02,3.002833714e-02
3.490000000e-04,5.000000000e+00,1.977593833e+00,3.022406167e-02,-3.022406168e-02,3.022406167e-02
3.500000000e-04,3.944304526e-31,-3.027180465e+00,3.027180466e-02,-3.027180465e-02,3.027180466e-02
3.510000000e-04,-1.232595164e-32,-2.996759701e+00,2.996759701e-02,-2.996759701e-02,2.996759701e-02
3.520000000e-04,5.874086330e-33,-2.966644640e+00,2.966644641e-02,-2.966644640e-02,2.966644641e-02
3.530000000e-04,-5.344455596e-32,-2.936832212e+00,2.936832213e-02,-2.936832212e-02,2.936832213e-02
3.540000000e-04,-4.140749380e-33,-2.907319376e+00,2.907319376e-02,-2.907319376e-02,2.907319376e-02
3.550000000e-04,2.051115391e-32,-2.878103120e+00,2.878103120e-02,-2.878103120e-02,2.878103120e-02
3.560000000e-04,1.993337492e-32,-2.849180464e+00,2.849180465e-02,-2.849180464e-02,2.849180465e-02
3.570000000e-04,-4.718528364e-33,-2.820548459e+00,2.820548459e-02,-2.820548459e-02,2.820548459e-02
3.580000000e-04,1.444447458e-33,-2.792204182e+00,2.792204182e-02,-2.792204182e-02,2.792204182e-02
3.590000000e-04,-1.088150419e-32,-2.764144742e+00,2.764144743e-02,-2.764144742e-02,2.764144743e-02
3.600000000e-04,3.813341290e-32,-2.736367278e+00,2.736367278e-02,-2.736367278e-02,2.736367278e-02
3.610000000e-04,-6.047420025e-32,-2.708868955e+00,2.708868956e-02,-2.708868955e-02,2.708868956e-02
3.620000000e-04,3.900008137e-32,-2.681646969e+00,2.681646969e-02,-2.681646969e-02,2.681646969e-02
3.630000000e-04,1.434817809e-32,-2.654698542e+00,2.654698542e-02,-2.654698542e-02,2.654698542e-02
3.640000000e-04,2.022226442e-33,-2.628020925e+00,2.628020925e-02,-2.628020925e-02,2.628020925e-02
3.650000000e-04,-4.728158013e-32,-2.601611397e+00,2.601611398e-02,-2.601611397e-02,2.601611398e-02
3.660000000e-04,-2.198449032e-31,-2.575467264e+00,2.575467265e-02,-2.575467264e-02,2.575467265e-02
3.670000000e-04,2.022226442e-33,-2.549585859e+00,2.549585860e-02,-2.549585859e-02,2.549585860e-02
3.680000000e-04,2.022226442e-33,-2.523964542e+00,2.523964542e-02,-2.523964542e-02,2.523964542e-02
3.690000000e-04,-2.205189786e-32,-2.498600698e+00,2.498600698e-02,-2.498600698e-02,2.498600698e-02
3.700000000e-04,6.731125156e-32,-2.473491741e+00,2.473491741e-02,-2.473491741e-02,2.473491741e-02
3.710000000e-04,-4.814824861e-34,-2.448635109e+00,2.448635109e-02,-2.448635109e-02,2.448635109e-02
3.720000000e-04,4.882232409e-32,-2.424028267e+00,2.424028267e-02,-2.424028267e-02,2.424028267e-02
3.730000000e-04,-8.036225087e-20,-2.399668704e+00,2.399668704e-02,-2.399668704e-02,2.399668704e-02
3.740000000e-04,-3.389636702e-32,-2.375553935e+00,2.375553935e-02,-2.375553935e-02,2.375553935e-02
3.750000000e-04,-4.448898172e-32,-2.351681500e+00,2.351681500e-02,-2.351681500e-02,2.351681500e-02
3.760000000e-04,2.946672815e-32,-2.328048965e+00,2.328048965e-02,-2.328048965e-02,2.328048965e-02
3.770000000e-04,2.946672815e-32,-2.304653917e+00,2.304653918e-02,-2.304653917e-02,2.304653918e-02
3.780000000e-04,-2.678741696e-20,-2.281493972e+00,2.281493972e-02,-2.281493972e-02,2.281493972e-02
3.790000000e-04,6.776263578e-21,-2.258566765e+00,2.258566765e-02,-2.258566765e-02,2.258566765e-02
3.800000000e-04,1.602132972e-32,-2.235869959e+00,2.235869959e-02,-2.235869959e-02,2.235869959e-02
3.810000000e-04,1.690095428e-20,-2.213401238e+00,2.213401238e-02,-2.213401238e-02,2.213401238e-02
3.820000000e-04,-9.456212440e-21,-2.191158309e+00,2.191158309e-02,-2.191158309e-02,2.191158309e-02
3.830000000e-04,-3.117599097e-33,-2.169138905e+00,2.169138905e-02,-2.169138905e-02,2.169138905e-02
3.840000000e-04,-3.117599097e-33,-2.147340777e+00,2.147340778e-02,-2.147340777e-02,2.147340778e-02
3.850000000e-04,-3.117599097e-33,-2.125761704e+00,2.125761704e-02,-2.125761704e-02,2.125761704e-02
3.860000000e-04,1.537132837e-32,-2.104399484e+00,2.104399484e-02,-2.104399484e-02,2.104399484e-02
3.870000000e-04,1.879346514e-31,-2.083251936e+00,2.083251937e-02,-2.083251936e-02,2.083251937e-02
3.880000000e-04,1.537132837e-32,-2.062316905e+00,2.062316906e-02,-2.062316905e-02,2.062316906e-02
3.890000000e-04,-3.611118646e-35,-2.041592255e+00,2.041592255e-02,-2.041592255e-02,2.041592255e-02
3.900000000e-04,-7.399182105e-32,-2.021075870e+00,2.021075871e-02,-2.021075870e-02,2.021075871e-02
3.910000000e-04,-3.611118646e-35,-2.000765659e+00,2.000765660e-02,-2.000765659e-02,2.000765660e-02
3.920000000e-04,-3.611118646e-35,-1.980659550e+00,1.980659550e-02,-1.980659550e-02,1.980659550e-02
3.930000000e-04,-3.611118646e-35,-1.960755491e+00,1.960755491e-02,-1.960755491e-02,1.960755491e-02
3.940000000e-04,-2.161856363e-32,-1.941051452e+00,1.941051452e-02,-1.941051452e-02,1.941051452e-02
3.950000000e-04,-7.121125969e-32,-1.921545423e+00,1.921545423e-02,-1.921545423e-02,1.921545423e-02
3.960000000e-04,-1.877781696e-33,-1.902235414e+00,1.902235415e-02,-1.902235414e-02,1.902235415e-02
3.970000000e-04,-1.877781696e-33,-1.883119456e+00,1.883119456e-02,-1.883119456e-02,1.883119456e-02
3.980000000e-04,-5.118158827e-32,-1.864195598e+00,1.864195598e-02,-1.864195598e-02,1.864195598e-02
3.990000000e-04,-9.581501473e-33,-1.845461909e+00,1.845461909e-02,-1.845461909e-02,1.845461909e-02
4.000000000e-04,5.000000000e+00,3.158482054e+00,1.841517946e-02,-1.841517947e-02,1.841517946e-02
4.010000000e-04,5.000000000e+00,3.127239297e+00,1.872760702e-02,-1.872760703e-02,1.872760702e-02
4.020000000e-04,5.000000000e+00,3.096310506e+00,1.903689494e-02,-1.903689494e-02,1.903689494e-02
4.030000000e-04,5.000000000e+00,3.065692525e+00,1.934307475e-02,-1.934307476e-02,1.934307475e-02
4.040000000e-04,5.000000000e+00,3.035382230e+00,1.964617770e-02,-1.964617771e-02,1.964617770e-02
4.050000000e-04,5.000000000e+00,3.005376529e+00,1.994623471e-02,-1.994623471e-02,1.994623471e-02
4.060000000e-04,5.000000000e+00,2.975672362e+00,2.024327638e-02,-2.024327638e-02,2.024327638e-02
4.070000000e-04,5.000000000e+00,2.946266698e+00,2.053733301e-02,-2.053733302e-02,2.053733301e-02
4.080000000e-04,5.000000000e+00,2.917156538e+00,2.082843461e-02,-2.082843462e-02,2.082843461e-02
4.090000000e-04,5.000000000e+00,2.888338912e+00,2.111661087e-02,-2.111661088e-02,2.111661087e-02
4.100000000e-04,5.000000000e+00,2.859810881e+00,2.140189119e-02,-2.140189120e-02,2.140189119e-02
4.110000000e-04,5.000000000e+00,2.831569533e+00,2.168430467e-02,-2.168430468e-02,2.168430467e-02
4.120000000e-04,5.000000000e+00,2.803611988e+00,2.196388011e-02,-2.196388012e-02,2.196388011e-02
4.130000000e-04,5.000000000e+00,2.775935395e+00,2.224064605e-02,-2.224064605e-02,2.224064605e-02
4.140000000e-04,5.000000000e+00,2.748536930e+00,2.251463070e-02,-2.251463071e-02,2.251463070e-02
4.150000000e-04,5.000000000e+00,2.721413797e+00,2.278586203e-02,-2.278586203e-02,2.278586203e-02
4.160000000e-04,5.000000000e+00,2.694563231e+00,2.305436769e-02,-2.305436770e-02,2.305436769e-02
4.170000000e-04,5.000000000e+00,2.667982491e+00,2.332017509e-02,-2.332017510e-02,2.332017509e-02
4.180000000e-04,5.000000000e+00,2.641668867e+00,2.358331133e-02,-2.358331134e-02,2.358331133e-02
4.190000000e-04,5.000000000e+00,2.615619673e+00,2.384380326e-02,-2.384380327e-02,2.384380326e-02
4.200000000e-04,5.000000000e+00,2.589832254e+00,2.410167746e-02,-2.410167747e-02,2.410167746e-02
4.210000000e-04,5.000000000e+00,2.564303977e+00,2.435696022e-02,-2.435696023e-02,2.435696022e-02
4.220000000e-04,5.000000000e+00,2.539032240e+00,2.460967760e-02,-2.460967760e-02,2.460967760e-02
4.230000000e-04,5.000000000e+00,2.514014464e+00,2.485985536e-02,-2.485985537e-02,2.485985536e-02
4.240000000e-04,5.000000000e+00,2.489248096e+00,2.510751904e-02,-2.510751905e-02,2.510751904e-02
4.250000000e-04,5.000000000e+00,2.464730611e+00,2.535269389e-02,-2.535269390e-02,2.535269389e-02
4.260000000e-04,5.000000000e+00,2.440459507e+00,2.559540493e-02,-2.559540494e-02,2.559540493e-02
4.270000000e-04,5.000000000e+00,2.416432308e+00,2.583567692e-02,-2.583567692e-02,2.583567692e-02
4.280000000e-04,5.000000000e+00,2.392646564e+00,2.607353436e-02,-2.607353437e-02,2.607353436e-02
4.290000000e-04,5.000000000e+00,2.369099847e+00,2.630900153e-02,-2.630900153e-02,2.630900153e-02
4.300000000e-04,5.000000000e+00,2.345789757e+00,2.654210243e-02,-2.654210244e-02,2.654210243e-02
4.310000000e-04,5.000000000e+00,2.322713914e+00,2.677286086e-02,-2.677286086e-02,2.677286086e-02
4.320000000e-04,5.000000000e+00,2.299869965e+00,2.700130034e-02,-2.700130035e-02,2.700130034e-02
4.330000000e-04,5.000000000e+00,2.277255580e+00,2.722744420e-02,-2.722744420e-02,2.722744420e-02
4.340000000e-04,5.000000000e+00,2.254868452e+00,2.745131548e-02,-2.745131549e-02,2.745131548e-02
4.350000000e-04,5.000000000e+00,2.232706296e+00,2.767293704e-02,-2.767293704e-02,2.767293704e-02
4.360000000e-04,5.000000000e+00,2.210766853e+00,2.789233147e-02,-2.789233148e-02,2.789233147e-02
4.370000000e-04,5.000000000e+00,2.189047883e+00,2.810952117e-02,-2.810952117e-02,2.810952117e-02
4.380000000e-04,5.000000000e+00,2.167547172e+00,2.832452828e-02,-2.832452828e-02,2.832452828e-02
4.390000000e-04,5.000000000e+00,2.146262526e+00,2.853737474e-02,-2.853737474e-02,2.853737474e-02
4.400000000e-04,5.000000000e+00,2.125191774e+00,2.874808226e-02,-2.874808226e-02,2.874808226e-02
4.410000000e-04,5.000000000e+00,2.104332766e+00,2.895667233e-02,-2.895667234e-02,2.895667233e-02
4.420000000e-04,5.000000000e+00,2.083683375e+00,2.916316625e-02,-2.916316625e-02,2.916316625e-02
4.430000000e-04,5.000000000e+00,2.063241494e+00,2.936758506e-02,-2.936758507e-02,2.936758506e-02
4.440000000e-04,5.000000000e+00,2.043005037e+00,2.956994962e-02,-2.956994963e-02,2.956994962e-02
4.450000000e-04,5.000000000e+00,2.022971941e+00,2.977028059e-02,-2.977028059e-02,2.977028059e-02
4.460000000e-04,5.000000000e+00,2.003140162e+00,2.996859838e-02,-2.996859839e-02,2.996859838e-02
4.470000000e-04,5.000000000e+00,1.983507676e+00,3.016492324e-02,-3.016492324e-02,3.016492324e-02
4.480000000e-04,5.000000000e+00,1.964072481e+00,3.035927519e-02,-3.035927519e-02,3.035927519e-02
4.490000000e-04,5.000000000e+00,1.944832595e+00,3.055167405e-02,-3.055167406e-02,3.055167405e-02
4.500000000e-04,0.000000000e+00,-3.059612479e+00,3.059612479e-02,-3.059612479e-02,3.059612479e-02
4.510000000e-04,6.162975822e-33,-3.028865798e+00,3.028865799e-02,-3.028865798e-02,3.028865799e-02
4.520000000e-04,1.036150310e-31,-2.998428097e+00,2.998428097e-02,-2.998428097e-02,2.998428097e-02
4.530000000e-04,-2.542227527e-32,-2.968296271e+00,2.968296271e-02,-2.968296271e-02,2.968296271e-02
4.540000000e-04,4.853343460e-32,-2.938467245e+00,2.938467246e-02,-2.938467245e-02,2.938467246e-02
4.550000000e-04,-1.309632362e-32,-2.908937978e+00,2.908937978e-02,-2.908937978e-02,2.908937978e-02
4.560000000e-04,2.388153131e-32,-2.879705457e+00,2.879705457e-02,-2.879705457e-02,2.879705457e-02
4.570000000e-04,-3.045348143e-20,-2.850766699e+00,2.850766699e-02,-2.850766699e-02,2.850766699e-02
4.580000000e-04,-1.103139697e-20,-2.822118753e+00,2.822118753e-02,-2.822118753e-02,2.822118753e-02
4.590000000e-04,-4.065758147e-20,-2.793758695e+00,2.793758696e-02,-2.793758695e-02,2.793758696e-02
4.600000000e-04,1.444447458e-33,-2.765683634e+00,2.765683635e-02,-2.765683634e-02,2.765683635e-02
4.610000000e-04,1.444447458e-33,-2.737890705e+00,2.737890706e-02,-2.737890705e-02,2.737890706e-02
4.620000000e-04,-9.716316569e-32,-2.710377073e+00,2.710377074e-02,-2.710377073e-02,2.710377074e-02
4.630000000e-04,-2.710505431e-20,-2.683139932e+00,2.683139932e-02,-2.683139932e-02,2.683139932e-02
4.640000000e-04,1.059261469e-31,-2.656176502e+00,2.656176502e-02,-2.656176502e-02,2.656176502e-02
4.650000000e-04,7.318533789e-33,-2.629484033e+00,2.629484033e-02,-2.629484033e-02,2.629484033e-02
4.660000000e-04,7.607423280e-33,-2.603059802e+00,2.603059802e-02,-2.603059802e-02,2.603059802e-02
4.670000000e-04,2.710505431e-20,-2.576901113e+00,2.576901114e-02,-2.576901113e-02,2.576901114e-02
4.680000000e-04,8.267054286e-32,-2.551005299e+00,2.551005300e-02,-2.551005299e-02,2.551005300e-02
4.690000000e-04,-1.593707029e-32,-2.525369718e+00,2.525369718e-02,-2.525369718e-02,2.525369718e-02
4.700000000e-04,3.730915435e-20,-2.499991753e+00,2.499991753e-02,-2.499991753e-02,2.499991753e-02
4.710000000e-04,1.355252716e-20,-2.474868817e+00,2.474868817e-02,-2.474868817e-02,2.474868817e-02
4.720000000e-04,-2.407412430e-34,-2.449998347e+00,2.449998347e-02,-2.449998347e-02,2.449998347e-02
4.730000000e-04,1.355252716e-20,-2.425377805e+00,2.425377805e-02,-2.425377805e-02,2.425377805e-02
4.740000000e-04,1.291817510e-31,-2.401004680e+00,2.401004680e-02,-2.401004680e-02,2.401004680e-02
4.750000000e-04,-5.729641585e-32,-2.376876485e+00,2.376876485e-02,-2.376876485e-02,2.376876485e-02
4.760000000e-04,6.776263578e-21,-2.352990760e+00,2.352990760e-02,-2.352990760e-02,2.352990760e-02
4.770000000e-04,9.629649722e-35,-2.329345068e+00,2.329345068e-02,-2.329345068e-02,2.329345068e-02
4.780000000e-04,-6.066679325e-33,-2.305936995e+00,2.305936996e-02,-2.305936995e-02,2.305936996e-02
4.790000000e-04,4.323712725e-32,-2.282764156e+00,2.282764156e-02,-2.282764156e-02,2.282764156e-02
4.800000000e-04,-1.444447458e-33,-2.259824185e+00,2.259824185e-02,-2.259824185e-02,2.259824185e-02
4.810000000e-04,-1.444447458e-33,-2.237114743e+00,2.237114743e-02,-2.237114743e-02,2.237114743e-02
4.820000000e-04,2.320745583e-32,-2.214633512e+00,2.214633513e-02,-2.214633512e-02,2.214633513e-02
4.830000000e-04,1.711188756e-31,-2.192378201e+00,2.192378201e-02,-2.192378201e-02,2.192378201e-02
4.840000000e-04,-3.842230239e-32,-2.170346537e+00,2.170346537e-02,-2.170346537e-02,2.170346537e-02
4.850000000e-04,1.094891173e-31,-2.148536274e+00,2.148536274e-02,-2.148536274e-02,2.148536274e-02
4.860000000e-04,2.937043165e-32,-2.126945187e+00,2.126945187e-02,-2.126945187e-02,2.126945187e-02
4.870000000e-04,-1.189646927e-30,-2.105571073e+00,2.105571074e-02,-2.105571073e-02,2.105571074e-02
4.880000000e-04,-1.598521854e-32,-2.084411753e+00,2.084411753e-02,-2.084411753e-02,2.084411753e-02
4.890000000e-04,3.331858804e-32,-2.063465066e+00,2.063465066e-02,-2.063465066e-02,2.063465066e-02
4.900000000e-04,-1.355252716e-20,-2.042728878e+00,2.042728878e-02,-2.042728878e-02,2.042728878e-02
4.910000000e-04,2.084819165e-32,-2.022201071e+00,2.022201071e-02,-2.022201071e-02,2.022201071e-02
4.920000000e-04,3.069170945e-20,-2.001879553e+00,2.001879553e-02,-2.001879553e-02,2.001879553e-02
4.930000000e-04,3.707415143e-33,-1.981762250e+00,1.981762250e-02,-1.981762250e-02,1.981762250e-02
4.940000000e-04,-2.455560679e-33,-1.961847109e+00,1.961847110e-02,-1.961847109e-02,1.961847110e-02
4.950000000e-04,6.776263578e-21,-1.942132101e+00,1.942132101e-02,-1.942132101e-02,1.942132101e-02
4.960000000e-04,1.295187888e-32,-1.922615212e+00,1.922615212e-02,-1.922615212e-02,1.922615212e-02
4.970000000e-04,-8.652240275e-32,-1.903294453e+00,1.903294453e-02,-1.903294453e-02,1.903294453e-02
4.980000000e-04,-6.776263578e-21,-1.884167852e+00,1.884167852e-02,-1.884167852e-02,1.884167852e-02
4.990000000e-04,5.984827302e-32,-1.865233458e+00,1.865233458e-02,-1.865233458e-02,1.865233458e-02
5.000000000e-04,5.000000000e+00,3.138909193e+00,1.861090806e-02,-1.861090807e-02,1.861090806e-02
5.010000000e-04,5.000000000e+00,3.107863129e+00,1.892136871e-02,-1.892136872e-02,1.892136871e-02
5.020000000e-04,5.000000000e+00,3.077129053e+00,1.922870947e-02,-1.922870948e-02,1.922870947e-02
5.030000000e-04,5.000000000e+00,3.046703830e+00,1.953296170e-02,-1.953296171e-02,1.953296170e-02
5.040000000e-04,5.000000000e+00,3.016584356e+00,1.983415644e-02,-1.983415645e-02,1.983415644e-02
5.050000000e-04,5.000000000e+00,2.986767559e+00,2.013232441e-02,-2.013232441e-02,2.013232441e-02
5.060000000e-04,5.000000000e+00,2.957250398e+00,2.042749602e-02,-2.042749603e-02,2.042749602e-02
5.070000000e-04,5.000000000e+00,2.928029860e+00,2.071970140e-02,-2.071970141e-02,2.071970140e-02
5.080000000e-04,5.000000000e+00,2.899102966e+00,2.100897034e-02,-2.100897035e-02,2.100897034e-02
5.090000000e-04,5.000000000e+00,2.870466764e+00,2.129533236e-02,-2.129533237e-02,2.129533236e-02
5.100000000e-04,5.000000000e+00,2.842118333e+00,2.157881667e-02,-2.157881668e-02,2.157881667e-02
5.110000000e-04,5.000000000e+00,2.814054781e+00,2.185945218e-02,-2.185945219e-02,2.185945218e-02
5.120000000e-04,5.000000000e+00,2.786273246e+00,2.213726753e-02,-2.213726754e-02,2.213726753e-02
5.130000000e-04,5.000000000e+00,2.758770894e+00,2.241229106e-02,-2.241229107e-02,2.241229106e-02
5.140000000e-04,5.000000000e+00,2.731544918e+00,2.268455082e-02,-2.268455083e-02,2.268455082e-02
5.150000000e-04,5.000000000e+00,2.704592541e+00,2.295407458e-02,-2.295407459e-02,2.295407458e-02
5.160000000e-04,5.000000000e+00,2.677911015e+00,2.322088985e-02,-2.322088985e-02,2.322088985e-02
5.170000000e-04,5.000000000e+00,2.651497617e+00,2.348502383e-02,-2.348502383e-02,2.348502383e-02
5.180000000e-04,5.000000000e+00,2.625349653e+00,2.374650347e-02,-2.374650348e-02,2.374650347e-02
5.190000000e-04,5.000000000e+00,2.599464455e+00,2.400535545e-02,-2.400535546e-02,2.400535545e-02
5.200000000e-04,5.000000000e+00,2.573839382e+00,2.426160617e-02,-2.426160618e-02,2.426160618e-02
5.210000000e-04,5.000000000e+00,2.548471822e+00,2.451528178e-02,-2.451528179e-02,2.451528178e-02
5.220000000e-04,5.000000000e+00,2.523359185e+00,2.476640815e-02,-2.476640816e-02,2.476640815e-02
5.230000000e-04,5.000000000e+00,2.498498910e+00,2.501501090e-02,-2.501501090e-02,2.501501090e-02
5.240000000e-04,5.000000000e+00,2.473888461e+00,2.526111538e-02,-2.526111539e-02,2.526111538e-02
5.250000000e-04,5.000000000e+00,2.449525328e+00,2.550474671e-02,-2.550474672e-02,2.550474671e-02
5.260000000e-04,5.000000000e+00,2.425407025e+00,2.574592974e-02,-2.574592975e-02,2.574592974e-02
5.270000000e-04,5.000000000e+00,2.401531092e+00,2.598468907e-02,-2.598468908e-02,2.598468907e-02
5.280000000e-04,5.000000000e+00,2.377895093e+00,2.622104906e-02,-2.622104907e-02,2.622104906e-02
5.290000000e-04,5.000000000e+00,2.354496618e+00,2.645503382e-02,-2.645503383e-02,2.645503382e-02
5.300000000e-04,5.000000000e+00,2.331333278e+00,2.668666722e-02,-2.668666723e-02,2.668666722e-02
5.310000000e-04,5.000000000e+00,2.308402711e+00,2.691597288e-02,-2.691597289e-02,2.691597288e-02
5.320000000e-04,5.000000000e+00,2.285702579e+00,2.714297421e-02,-2.714297422e-02,2.714297421e-02
5.330000000e-04,5.000000000e+00,2.263230565e+00,2.736769435e-02,-2.736769436e-02,2.736769435e-02
5.340000000e-04,5.000000000e+00,2.240984377e+00,2.759015623e-02,-2.759015624e-02,2.759015623e-02
5.350000000e-04,5.000000000e+00,2.218961745e+00,2.781038255e-02,-2.781038256e-02,2.781038255e-02
5.360000000e-04,5.000000000e+00,2.197160423e+00,2.802839577e-02,-2.802839577e-02,2.802839577e-02
5.370000000e-04,5.000000000e+00,2.175578188e+00,2.824421812e-02,-2.824421813e-02,2.824421812e-02
5.380000000e-04,5.000000000e+00,2.154212836e+00,2.845787163e-02,-2.845787164e-02,2.845787163e-02
5.390000000e-04,5.000000000e+00,2.133062190e+00,2.866937810e-02,-2.866937811e-02,2.866937810e-02
5.400000000e-04,5.000000000e+00,2.112124091e+00,2.887875909e-02,-2.887875910e-02,2.887875909e-02
5.410000000e-04,5.000000000e+00,2.091396403e+00,2.908603597e-02,-2.908603598e-02,2.908603597e-02
5.420000000e-04,5.000000000e+00,2.070877012e+00,2.929122988e-02,-2.929122989e-02,2.929122988e-02
5.430000000e-04,5.000000000e+00,2.050563824e+00,2.949436175e-02,-2.949436176e-02,2.949436175e-02
5.440000000e-04,5.000000000e+00,2.030454768e+00,2.969545231e-02,-2.969545232e-02,2.969545231e-02
5.450000000e-04,5.000000000e+00,2.010547793e+00,2.989452207e-02,-2.989452208e-02,2.989452207e-02
5.460000000e-04,5.000000000e+00,1.990840866e+00,3.009159134e-02,-3.009159135e-02,3.009159134e-02
5.470000000e-04,5.000000000e+00,1.971331978e+00,3.028668021e-02,-3.028668022e-02,3.028668021e-02
5.480000000e-04,5.000000000e+00,1.952019140e+00,3.047980860e-02,-3.047980861e-02,3.047980860e-02
5.490000000e-04,5.000000000e+00,1.932900380e+00,3.067099620e-02,-3.067099621e-02,3.067099620e-02
5.500000000e-04,-3.944304526e-31,-3.071424785e+00,3.071424785e-02,-3.071424785e-02,3.071424785e-02
5.510000000e-04,-4.065758147e-20,-3.040559400e+00,3.040559400e-02,-3.040559400e-02,3.040559400e-02
5.520000000e-04,1.540743956e-32,-3.010004187e+00,3.010004187e-02,-3.010004187e-02,3.010004187e-02
5.530000000e-04,-9.244463733e-33,-2.979756030e+00,2.979756031e-02,-2.979756030e-02,2.979756031e-02
5.540000000e-04,1.486817917e-31,-2.949811843e+00,2.949811844e-02,-2.949811843e-02,2.949811844e-02
5.550000000e-04,-1.155557967e-32,-2.920168572e+00,2.920168572e-02,-2.920168572e-02,2.920168572e-02
5.560000000e-04,-1.141113492e-32,-2.890823192e+00,2.890823192e-02,-2.890823192e-02,2.890823192e-02
5.570000000e-04,1.324076837e-32,-2.861772709e+00,2.861772710e-02,-2.861772709e-02,2.861772710e-02
5.580000000e-04,8.901648203e-31,-2.833014162e+00,2.833014162e-02,-2.833014162e-02,2.833014162e-02
5.590000000e-04,-1.540743956e-33,-2.804544614e+00,2.804544614e-02,-2.804544614e-02,2.804544614e-02
5.600000000e-04,4.065758147e-20,-2.776361163e+00,2.776361163e-02,-2.776361163e-02,2.776361163e-02
5.610000000e-04,-1.540743956e-33,-2.748460934e+00,2.748460934e-02,-2.748460934e-02,2.748460934e-02
5.620000000e-04,6.779273404e-32,-2.720841079e+00,2.720841079e-02,-2.720841079e-02,2.720841079e-02
5.630000000e-04,4.583713268e-32,-2.693498782e+00,2.693498783e-02,-2.693498782e-02,2.693498783e-02
5.640000000e-04,-5.277048048e-32,-2.666431254e+00,2.666431254e-02,-2.666431254e-02,2.666431254e-02
5.650000000e-04,1.450225248e-31,-2.639635733e+00,2.639635733e-02,-2.639635733e-02,2.639635733e-02
5.660000000e-04,4.641491166e-32,-2.613109486e+00,2.613109486e-02,-2.613109486e-02,2.613109486e-02
5.670000000e-04,4.585518827e-32,-2.586849806e+00,2.586849806e-02,-2.586849806e-02,2.586849806e-02
5.680000000e-04,1.564818080e-33,-2.560854015e+00,2.560854016e-02,-2.560854015e-02,2.560854016e-02
5.690000000e-04,5.029084567e-32,-2.535119462e+00,2.535119462e-02,-2.535119462e-02,2.535119462e-02
5.700000000e-04,9.870390965e-34,-2.509643520e+00,2.509643520e-02,-2.509643520e-02,2.509643520e-02
5.710000000e-04,-9.819835304e-32,-2.484423591e+00,2.484423592e-02,-2.484423591e-02,2.484423592e-02
5.720000000e-04,4.092601132e-34,-2.459457103e+00,2.459457103e-02,-2.459457103e-02,2.459457103e-02
5.730000000e-04,-1.355252716e-20,-2.434741508e+00,2.434741508e-02,-2.434741508e-02,2.434741508e-02
5.740000000e-04,1.889818758e-32,-2.410274285e+00,2.410274286e-02,-2.410274285e-02,2.410274286e-02
5.750000000e-04,6.283346444e-33,-2.386052939e+00,2.386052939e-02,-2.386052939e-02,2.386052939e-02
5.760000000e-04,1.541947662e-31,-2.362074997e+00,2.362074998e-02,-2.362074997e-02,2.362074998e-02
5.770000000e-04,-2.453153267e-32,-2.338338016e+00,2.338338016e-02,-2.338338016e-02,2.338338016e-02
5.780000000e-04,-2.453153267e-32,-2.314839571e+00,2.314839572e-02,-2.314839571e-02,2.314839572e-02
5.790000000e-04,2.712913068e-31,-2.291577268e+00,2.291577268e-02,-2.291577268e-02,2.291577268e-02
5.800000000e-04,1.203706215e-34,-2.268548732e+00,2.268548733e-02,-2.268548732e-02,2.268548733e-02
5.810000000e-04,6.283346444e-33,-2.245751615e+00,2.245751616e-02,-2.245751615e-02,2.245751616e-02
5.820000000e-04,7.951442517e-31,-2.223183591e+00,2.223183591e-02,-2.223183591e-02,2.223183591e-02
5.830000000e-04,-7.537608320e-32,-2.200842358e+00,2.200842358e-02,-2.200842358e-02,2.200842358e-02
5.840000000e-04,-2.607227662e-32,-2.178725636e+00,2.178725636e-02,-2.178725636e-02,2.178725636e-02
5.850000000e-04,-1.374632498e-32,-2.156831170e+00,2.156831170e-02,-2.156831170e-02,2.156831170e-02
5.860000000e-04,-1.374632498e-32,-2.135156726e+00,2.135156726e-02,-2.135156726e-02,2.135156726e-02
5.870000000e-04,-1.355252716e-20,-2.113700093e+00,2.113700093e-02,-2.113700093e-02,2.113700093e-02
5.880000000e-04,1.090557831e-32,-2.092459082e+00,2.092459082e-02,-2.092459082e-02,2.092459082e-02
5.890000000e-04,-1.004528136e-20,-2.071431526e+00,2.071431526e-02,-2.071431526e-02,2.071431526e-02
5.900000000e-04,-1.131483842e-33,-2.050615281e+00,2.050615281e-02,-2.050615281e-02,2.050615281e-02
5.910000000e-04,4.759454375e-32,-2.030008222e+00,2.030008222e-02,-2.030008222e-02,2.030008222e-02
5.920000000e-04,-3.868711776e-32,-2.009608248e+00,2.009608248e-02,-2.009608248e-02,2.009608248e-02
5.930000000e-04,1.061668882e-32,-1.989413278e+00,1.989413278e-02,-1.989413278e-02,1.989413278e-02
5.940000000e-04,-6.796125291e-32,-1.969421251e+00,1.969421251e-02,-1.969421251e-02,1.969421251e-02
5.950000000e-04,-4.790750737e-33,-1.949630128e+00,1.949630128e-02,-1.949630128e-02,1.949630128e-02
5.960000000e-04,-1.033983639e-31,-1.930037890e+00,1.930037890e-02,-1.930037890e-02,1.930037890e-02
5.970000000e-04,4.451305584e-32,-1.910642539e+00,1.910642539e-02,-1.910642539e-02,1.910642539e-02
5.980000000e-04,1.426151124e-31,-1.891442095e+00,1.891442095e-02,-1.891442095e-02,1.891442095e-02
5.990000000e-04,1.155557967e-33,-1.872434601e+00,1.872434601e-02,-1.872434601e-02,1.872434601e-02
6.000000000e-04,5.000000000e+00,3.131780416e+00,1.868219584e-02,-1.868219585e-02,1.868219584e-02
6.010000000e-04,5.000000000e+00,3.100805990e+00,1.899194010e-02,-1.899194011e-02,1.899194010e-02
6.020000000e-04,5.000000000e+00,3.070142832e+00,1.929857167e-02,-1.929857168e-02,1.929857167e-02
6.030000000e-04,5.000000000e+00,3.039787815e+00,1.960212184e-02,-1.960212185e-02,1.960212184e-02
6.040000000e-04,5.000000000e+00,3.009737842e+00,1.990262158e-02,-1.990262158e-02,1.990262158e-02
6.050000000e-04,5.000000000e+00,2.979989847e+00,2.020010152e-02,-2.020010153e-02,2.020010152e-02
6.060000000e-04,5.000000000e+00,2.950540796e+00,2.049459203e-02,-2.049459204e-02,2.049459203e-02
6.070000000e-04,5.000000000e+00,2.921387685e+00,2.078612315e-02,-2.078612315e-02,2.078612315e-02
6.080000000e-04,5.000000000e+00,2.892527539e+00,2.107472460e-02,-2.107472461e-02,2.107472460e-02
6.090000000e-04,5.000000000e+00,2.863957415e+00,2.136042585e-02,-2.136042585e-02,2.136042585e-02
6.100000000e-04,5.000000000e+00,2.835674398e+00,2.164325602e-02,-2.164325602e-02,2.164325602e-02
6.110000000e-04,5.000000000e+00,2.807675603e+00,2.192324397e-02,-2.192324397e-02,2.192324397e-02
6.120000000e-04,5.000000000e+00,2.779958174e+00,2.220041826e-02,-2.220041827e-02,2.220041826e-02
6.130000000e-04,5.000000000e+00,2.752519282e+00,2.247480717e-02,-2.247480718e-02,2.247480717e-02
6.140000000e-04,5.000000000e+00,2.725356130e+00,2.274643869e-02,-2.274643870e-02,2.274643869e-02
6.150000000e-04,5.000000000e+00,2.698465946e+00,2.301534053e-02,-2.301534054e-02,2.301534053e-02
6.160000000e-04,5.000000000e+00,2.671845988e+00,2.328154012e-02,-2.328154013e-02,2.328154012e-02
6.170000000e-04,5.000000000e+00,2.645493538e+00,2.354506462e-02,-2.354506462e-02,2.354506462e-02
6.180000000e-04,5.000000000e+00,2.619405910e+00,2.380594090e-02,-2.380594090e-02,2.380594090e-02
6.190000000e-04,5.000000000e+00,2.593580442e+00,2.406419558e-02,-2.406419559e-02,2.406419558e-02
6.200000000e-04,5.000000000e+00,2.568014499e+00,2.431985501e-02,-2.431985501e-02,2.431985501e-02
6.210000000e-04,5.000000000e+00,2.542705474e+00,2.457294526e-02,-2.457294527e-02,2.457294526e-02
6.220000000e-04,5.000000000e+00,2.517650784e+00,2.482349215e-02,-2.482349216e-02,2.482349215e-02
6.230000000e-04,5.000000000e+00,2.492847875e+00,2.507152125e-02,-2.507152126e-02,2.507152125e-02
6.240000000e-04,5.000000000e+00,2.468294214e+00,2.531705785e-02,-2.531705786e-02,2.531705785e-02
6.250000000e-04,5.000000000e+00,2.443987299e+00,2.556012701e-02,-2.556012701e-02,2.556012701e-02
6.260000000e-04,5.000000000e+00,2.419924649e+00,2.580075351e-02,-2.580075352e-02,2.580075351e-02
6.270000000e-04,5.000000000e+00,2.396103809e+00,2.603896190e-02,-2.603896191e-02,2.603896190e-02
6.280000000e-04,5.000000000e+00,2.372522350e+00,2.627477649e-02,-2.627477650e-02,2.627477649e-02
6.290000000e-04,5.000000000e+00,2.349177866e+00,2.650822134e-02,-2.650822134e-02,2.650822134e-02
6.300000000e-04,5.000000000e+00,2.326067976e+00,2.673932024e-02,-2.673932025e-02,2.673932024e-02
6.310000000e-04,5.000000000e+00,2.303190321e+00,2.696809678e-02,-2.696809679e-02,2.696809678e-02
6.320000000e-04,5.000000000e+00,2.280542569e+00,2.719457430e-02,-2.719457431e-02,2.719457430e-02
6.330000000e-04,5.000000000e+00,2.258122409e+00,2.741877591e-02,-2.741877591e-02,2.741877591e-02
6.340000000e-04,5.000000000e+00,2.235927554e+00,2.764072446e-02,-2.764072447e-02,2.764072446e-02
6.350000000e-04,5.000000000e+00,2.213955739e+00,2.786044260e-02,-2.786044261e-02,2.786044260e-02
6.360000000e-04,5.000000000e+00,2.192204724e+00,2.807795276e-02,-2.807795276e-02,2.807795276e-02
6.370000000e-04,5.000000000e+00,2.170672289e+00,2.829327710e-02,-2.829327711e-02,2.829327710e-02
6.380000000e-04,5.000000000e+00,2.149356238e+00,2.850643761e-02,-2.850643762e-02,2.850643761e-02
6.390000000e-04,5.000000000e+00,2.128254397e+00,2.871745603e-02,-2.871745604e-02,2.871745603e-02
6.400000000e-04,5.000000000e+00,2.107364612e+00,2.892635387e-02,-2.892635388e-02,2.892635387e-02
6.410000000e-04,5.000000000e+00,2.086684753e+00,2.913315246e-02,-2.913315247e-02,2.913315246e-02
6.420000000e-04,5.000000000e+00,2.066212711e+00,2.933787289e-02,-2.933787290e-02,2.933787289e-02
6.430000000e-04,5.000000000e+00,2.045946396e+00,2.954053604e-02,-2.954053605e-02,2.954053604e-02
6.440000000e-04,5.000000000e+00,2.025883741e+00,2.974116258e-02,-2.974116259e-02,2.974116258e-02
6.450000000e-04,5.000000000e+00,2.006022701e+00,2.993977299e-02,-2.993977300e-02,2.993977299e-02
6.460000000e-04,5.000000000e+00,1.986361248e+00,3.013638752e-02,-3.013638753e-02,3.013638752e-02
6.470000000e-04,5.000000000e+00,1.966897377e+00,3.033102623e-02,-3.033102624e-02,3.033102623e-02
6.480000000e-04,5.000000000e+00,1.947629102e+00,3.052370898e-02,-3.052370898e-02,3.052370898e-02
6.490000000e-04,5.000000000e+00,1.928554459e+00,3.071445541e-02,-3.071445542e-02,3.071445541e-02
6.500000000e-04,0.000000000e+00,-3.075727033e+00,3.075727033e-02,-3.075727033e-02,3.075727033e-02
6.510000000e-04,-1.444447458e-34,-3.044818413e+00,3.044818414e-02,-3.044818413e-02,3.044818414e-02
6.520000000e-04,-1.247039639e-32,-3.014220401e+00,3.014220402e-02,-3.014220401e-02,3.014220402e-02
6.530000000e-04,-9.258908208e-32,-2.983929875e+00,2.983929875e-02,-2.983929875e-02,2.983929875e-02
6.540000000e-04,3.038154487e-32,-2.953943744e+00,2.953943744e-02,-2.953943744e-02,2.953943744e-02
6.550000000e-04,1.289891580e-31,-2.924258950e+00,2.924258951e-02,-2.924258950e-02,2.924258951e-02
6.560000000e-04,5.503344816e-32,-2.894872465e+00,2.894872465e-02,-2.894872465e-02,2.894872465e-02
6.570000000e-04,3.038154487e-32,-2.865781291e+00,2.865781291e-02,-2.865781291e-02,2.865781291e-02
6.580000000e-04,-2.795208726e-20,-2.836982460e+00,2.836982460e-02,-2.836982460e-02,2.836982460e-02
6.590000000e-04,3.548525923e-32,-2.808473034e+00,2.808473034e-02,-2.808473034e-02,2.808473034e-02
6.600000000e-04,-3.847045064e-32,-2.780250106e+00,2.780250106e-02,-2.780250106e-02,2.780250106e-02
6.610000000e-04,-2.720376046e-32,-2.752310795e+00,2.752310796e-02,-2.752310795e-02,2.752310796e-02
6.620000000e-04,-1.516669831e-32,-2.724652253e+00,2.724652253e-02,-2.724652253e-02,2.724652253e-02
6.630000000e-04,-1.487780882e-32,-2.697271657e+00,2.697271657e-02,-2.697271657e-02,2.697271657e-02
6.640000000e-04,1.823374175e-31,-2.670166214e+00,2.670166214e-02,-2.670166214e-02,2.670166214e-02
6.650000000e-04,4.904862086e-31,-2.643333159e+00,2.643333160e-02,-2.643333159e-02,2.643333160e-02
6.660000000e-04,-5.185566375e-32,-2.616769756e+00,2.616769756e-02,-2.616769756e-02,2.616769756e-02
6.670000000e-04,-4.569268793e-32,-2.590473293e+00,2.590473294e-02,-2.590473293e-02,2.590473294e-02
6.680000000e-04,2.012596792e-31,-2.564441090e+00,2.564441090e-02,-2.564441090e-02,2.564441090e-02
6.690000000e-04,2.869635617e-32,-2.538670489e+00,2.538670489e-02,-2.538670489e-02,2.538670489e-02
6.700000000e-04,-4.525935369e-32,-2.513158862e+00,2.513158862e-02,-2.513158862e-02,2.513158862e-02
6.710000000e-04,-3.293340205e-32,-2.487903607e+00,2.487903607e-02,-2.487903607e-02,2.487903607e-02
6.720000000e-04,4.391120273e-32,-2.462902147e+00,2.462902148e-02,-2.462902147e-02,2.462902148e-02
6.730000000e-04,-2.710505431e-20,-2.438151932e+00,2.438151933e-02,-2.438151932e-02,2.438151933e-02
6.740000000e-04,1.355252716e-20,-2.413650438e+00,2.413650438e-02,-2.413650438e-02,2.413650438e-02
6.750000000e-04,1.136298667e-32,-2.389395163e+00,2.389395164e-02,-2.389395163e-02,2.389395164e-02
6.760000000e-04,2.118522939e-33,-2.365383635e+00,2.365383636e-02,-2.365383635e-02,2.365383636e-02
6.770000000e-04,9.985946762e-32,-2.341613404e+00,2.341613404e-02,-2.341613404e-02,2.341613404e-02
6.780000000e-04,-1.925929944e-34,-2.318082045e+00,2.318082045e-02,-2.318082045e-02,2.318082045e-02
6.790000000e-04,-4.949639957e-32,-2.294787157e+00,2.294787158e-02,-2.294787157e-02,2.294787158e-02
6.800000000e-04,-2.710505431e-20,-2.271726365e+00,2.271726365e-02,-2.271726365e-02,2.271726365e-02
6.810000000e-04,4.065758147e-20,-2.248897315e+00,2.248897315e-02,-2.248897315e-02,2.248897315e-02
6.820000000e-04,5.970382828e-33,-2.226297679e+00,2.226297680e-02,-2.226297679e-02,2.226297680e-02
6.830000000e-04,1.607245017e-19,-2.203925152e+00,2.203925152e-02,-2.203925152e-02,2.203925152e-02
6.840000000e-04,-1.646670102e-32,-2.181777450e+00,2.181777451e-02,-2.181777450e-02,2.181777451e-02
6.850000000e-04,-1.137382003e-31,-2.159852316e+00,2.159852316e-02,-2.159852316e-02,2.159852316e-02
6.860000000e-04,2.768524295e-34,-2.138147512e+00,2.138147512e-02,-2.138147512e-02,2.138147512e-02
6.870000000e-04,2.678741696e-20,-2.116660824e+00,2.116660824e-02,-2.116660824e-02,2.116660824e-02
6.880000000e-04,-8.787055371e-34,-2.095390060e+00,2.095390060e-02,-2.095390060e-02,2.095390060e-02
6.890000000e-04,4.842510104e-32,-2.074333050e+00,2.074333050e-02,-2.074333050e-02,2.074333050e-02
6.900000000e-04,-1.071496678e-19,-2.053487647e+00,2.053487647e-02,-2.053487647e-02,2.053487647e-02
6.910000000e-04,-1.290373063e-32,-2.032851723e+00,2.032851723e-02,-2.032851723e-02,2.032851723e-02
6.920000000e-04,1.174817266e-32,-2.012423174e+00,2.012423174e-02,-2.012423174e-02,2.012423174e-02
6.930000000e-04,-4.065758147e-20,-1.992199916e+00,1.992199916e-02,-1.992199916e-02,1.992199916e-02
6.940000000e-04,4.872602759e-32,-1.972179885e+00,1.972179886e-02,-1.972179885e-02,1.972179886e-02
6.950000000e-04,4.872602759e-32,-1.952361040e+00,1.952361041e-02,-1.952361040e-02,1.952361041e-02
6.960000000e-04,1.174817266e-32,-1.932741359e+00,1.932741359e-02,-1.932741359e-02,1.932741359e-02
6.970000000e-04,3.640007595e-32,-1.913318840e+00,1.913318840e-02,-1.913318840e-02,1.913318840e-02
6.980000000e-04,4.872602759e-32,-1.894091502e+00,1.894091502e-02,-1.894091502e-02,1.894091502e-02
6.990000000e-04,-2.964006184e-31,-1.875057383e+00,1.875057383e-02,-1.875057383e-02,1.875057383e-02
7.000000000e-04,5.000000000e+00,3.129183991e+00,1.870816009e-02,-1.870816010e-02,1.870816009e-02
7.010000000e-04,5.000000000e+00,3.098235657e+00,1.901764343e-02,-1.901764344e-02,1.901764343e-02
7.020000000e-04,5.000000000e+00,3.067598329e+00,1.932401671e-02,-1.932401671e-02,1.932401671e-02
7.030000000e-04,5.000000000e+00,3.037268882e+00,1.962731117e-02,-1.962731118e-02,1.962731117e-02
7.040000000e-04,5.000000000e+00,3.007244222e+00,1.992755777e-02,-1.992755778e-02,1.992755777e-02
7.050000000e-04,5.000000000e+00,2.977521286e+00,2.022478713e-02,-2.022478714e-02,2.022478713e-02
7.060000000e-04,5.000000000e+00,2.948097042e+00,2.051902957e-02,-2.051902958e-02,2.051902957e-02
7.070000000e-04,5.000000000e+00,2.918968489e+00,2.081031511e-02,-2.081031512e-02,2.081031511e-02
7.080000000e-04,5.000000000e+00,2.890132654e+00,2.109867346e-02,-2.109867346e-02,2.109867346e-02
7.090000000e-04,5.000000000e+00,2.861586597e+00,2.138413403e-02,-2.138413404e-02,2.138413403e-02
7.100000000e-04,5.000000000e+00,2.833327405e+00,2.166672595e-02,-2.166672596e-02,2.166672595e-02
7.110000000e-04,5.000000000e+00,2.805352195e+00,2.194647805e-02,-2.194647806e-02,2.194647805e-02
7.120000000e-04,5.000000000e+00,2.777658114e+00,2.222341886e-02,-2.222341887e-02,2.222341886e-02
7.130000000e-04,5.000000000e+00,2.750242337e+00,2.249757663e-02,-2.249757664e-02,2.249757663e-02
7.140000000e-04,5.000000000e+00,2.723102066e+00,2.276897934e-02,-2.276897935e-02,2.276897934e-02
7.150000000e-04,5.000000000e+00,2.696234534e+00,2.303765466e-02,-2.303765467e-02,2.303765466e-02
7.160000000e-04,5.000000000e+00,2.669636999e+00,2.330363001e-02,-2.330363002e-02,2.330363001e-02
7.170000000e-04,5.000000000e+00,2.643306748e+00,2.356693252e-02,-2.356693253e-02,2.356693252e-02
7.180000000e-04,5.000000000e+00,2.617241095e+00,2.382758905e-02,-2.382758905e-02,2.382758905e-02
7.190000000e-04,5.000000000e+00,2.591437382e+00,2.408562618e-02,-2.408562619e-02,2.408562618e-02
7.200000000e-04,5.000000000e+00,2.565892975e+00,2.434107025e-02,-2.434107025e-02,2.434107025e-02
7.210000000e-04,5.000000000e+00,2.540605269e+00,2.459394730e-02,-2.459394731e-02,2.459394730e-02
7.220000000e-04,5.000000000e+00,2.515571685e+00,2.484428314e-02,-2.484428315e-02,2.484428314e-02
7.230000000e-04,5.000000000e+00,2.490789669e+00,2.509210331e-02,-2.509210332e-02,2.509210331e-02
7.240000000e-04,5.000000000e+00,2.466256692e+00,2.533743308e-02,-2.533743309e-02,2.533743308e-02
7.250000000e-04,5.000000000e+00,2.441970252e+00,2.558029748e-02,-2.558029748e-02,2.558029748e-02
7.260000000e-04,5.000000000e+00,2.417927872e+00,2.582072128e-02,-2.582072129e-02,2.582072128e-02
7.270000000e-04,5.000000000e+00,2.394127098e+00,2.605872902e-02,-2.605872902e-02,2.605872902e-02
7.280000000e-04,5.000000000e+00,2.370565503e+00,2.629434496e-02,-2.629434497e-02,2.629434496e-02
7.290000000e-04,5.000000000e+00,2.347240684e+00,2.652759316e-02,-2.652759316e-02,2.652759316e-02
7.300000000e-04,5.000000000e+00,2.324150261e+00,2.675849739e-02,-2.675849740e-02,2.675849739e-02
7.310000000e-04,5.000000000e+00,2.301291878e+00,2.698708122e-02,-2.698708123e-02,2.698708122e-02
7.320000000e-04,5.000000000e+00,2.278663204e+00,2.721336796e-02,-2.721336797e-02,2.721336796e-02
7.330000000e-04,5.000000000e+00,2.256261930e+00,2.743738070e-02,-2.743738071e-02,2.743738070e-02
7.340000000e-04,5.000000000e+00,2.234085771e+00,2.765914229e-02,-2.765914230e-02,2.765914229e-02
7.350000000e-04,5.000000000e+00,2.212132465e+00,2.787867535e-02,-2.787867536e-02,2.787867535e-02
7.360000000e-04,5.000000000e+00,2.190399772e+00,2.809600228e-02,-2.809600229e-02,2.809600228e-02
7.370000000e-04,5.000000000e+00,2.168885475e+00,2.831114524e-02,-2.831114525e-02,2.831114524e-02
7.380000000e-04,5.000000000e+00,2.147587381e+00,2.852412619e-02,-2.852412620e-02,2.852412619e-02
7.390000000e-04,5.000000000e+00,2.126503315e+00,2.873496685e-02,-2.873496686e-02,2.873496685e-02
7.400000000e-04,5.000000000e+00,2.105631127e+00,2.894368873e-02,-2.894368873e-02,2.894368873e-02
7.410000000e-04,5.000000000e+00,2.084968688e+00,2.915031311e-02,-2.915031312e-02,2.915031311e-02
7.420000000e-04,5.000000000e+00,2.064513891e+00,2.935486109e-02,-2.935486110e-02,2.935486109e-02
7.430000000e-04,5.000000000e+00,2.044264648e+00,2.955735352e-02,-2.955735353e-02,2.955735352e-02
7.440000000e-04,5.000000000e+00,2.024218893e+00,2.975781106e-02,-2.975781107e-02,2.975781106e-02
7.450000000e-04,5.000000000e+00,2.004374583e+00,2.995625417e-02,-2.995625417e-02,2.995625417e-02
7.460000000e-04,5.000000000e+00,1.984729692e+00,3.015270307e-02,-3.015270308e-02,3.015270307e-02
7.470000000e-04,5.000000000e+00,1.965282217e+00,3.034717782e-02,-3.034717783e-02,3.034717782e-02
7.480000000e-04,5.000000000e+00,1.946030174e+00,3.053969826e-02,-3.053969827e-02,3.053969826e-02
7.490000000e-04,5.000000000e+00,1.926971598e+00,3.073028401e-02,-3.073028402e-02,3.073028401e-02
7.500000000e-04,7.888609052e-31,-3.077293987e+00,3.077293987e-02,-3.077293987e-02,3.077293987e-02
7.510000000e-04,1.848892747e-32,-3.046369621e+00,3.046369621e-02,-3.046369621e-02,3.046369621e-02
7.520000000e-04,-6.162975822e-33,-3.015756020e+00,3.015756020e-02,-3.015756020e-02,3.015756020e-02
7.530000000e-04,9.244463733e-32,-2.985450062e+00,2.985450062e-02,-2.985450062e-02,2.985450062e-02
7.540000000e-04,0.000000000e+00,-2.955448654e+00,2.955448655e-02,-2.955448654e-02,2.955448655e-02
7.550000000e-04,-2.465190329e-32,-2.925748737e+00,2.925748738e-02,-2.925748737e-02,2.925748738e-02
7.560000000e-04,2.678487070e-31,-2.896347281e+00,2.896347281e-02,-2.896347281e-02,2.896347281e-02
7.570000000e-04,-1.251372981e-31,-2.867241286e+00,2.867241286e-02,-2.867241286e-02,2.867241286e-02
7.580000000e-04,-1.877781696e-33,-2.838427783e+00,2.838427784e-02,-2.838427783e-02,2.838427784e-02
7.590000000e-04,4.285194126e-33,-2.809903833e+00,2.809903834e-02,-2.809903833e-02,2.809903834e-02
7.600000000e-04,1.028928073e-31,-2.781666526e+00,2.781666527e-02,-2.781666526e-02,2.781666527e-02
7.610000000e-04,1.028928073e-31,-2.753712982e+00,2.753712982e-02,-2.753712982e-02,2.753712982e-02
7.620000000e-04,4.285194126e-33,-2.726040349e+00,2.726040349e-02,-2.726040349e-02,2.726040349e-02
7.630000000e-04,4.065758147e-20,-2.698645803e+00,2.698645804e-02,-2.698645803e-02,2.698645804e-02
7.640000000e-04,-6.967051574e-32,-2.671526552e+00,2.671526552e-02,-2.671526552e-02,2.671526552e-02
7.650000000e-04,-1.011113221e-33,-2.644679827e+00,2.644679827e-02,-2.644679827e-02,2.644679827e-02
7.660000000e-04,-1.071496678e-19,-2.618102890e+00,2.618102891e-02,-2.618102890e-02,2.618102891e-02
7.670000000e-04,-2.652968498e-32,-2.591793031e+00,2.591793031e-02,-2.591793031e-02,2.591793031e-02
7.680000000e-04,-3.418525651e-33,-2.565747565e+00,2.565747565e-02,-2.565747565e-02,2.565747565e-02
7.690000000e-04,-3.979212006e-31,-2.539963835e+00,2.539963835e-02,-2.539963835e-02,2.539963835e-02
7.700000000e-04,-3.490748024e-33,-2.514439211e+00,2.514439211e-02,-2.514439211e-02,2.514439211e-02
7.710000000e-04,-1.581669967e-32,-2.489171090e+00,2.489171090e-02,-2.489171090e-02,2.489171090e-02
7.720000000e-04,2.116115526e-32,-2.464156893e+00,2.464156893e-02,-2.464156893e-02,2.464156893e-02
7.730000000e-04,-1.355252716e-20,-2.439394068e+00,2.439394069e-02,-2.439394068e-02,2.439394069e-02
7.740000000e-04,5.486492929e-32,-2.414880091e+00,2.414880091e-02,-2.414880091e-02,2.414880091e-02
7.750000000e-04,1.129076430e-32,-2.390612460e+00,2.390612460e-02,-2.390612460e-02,2.390612460e-02
7.760000000e-04,2.361671594e-32,-2.366588699e+00,2.366588699e-02,-2.366588699e-02,2.366588699e-02
7.770000000e-04,-4.116675256e-33,-2.342806358e+00,2.342806358e-02,-2.342806358e-02,2.342806358e-02
7.780000000e-04,8.137054015e-33,-2.319263011e+00,2.319263011e-02,-2.319263011e-02,2.319263011e-02
7.790000000e-04,5.801863957e-32,-2.295956255e+00,2.295956255e-02,-2.295956255e-02,2.295956255e-02
7.800000000e-04,5.185566375e-32,-2.272883714e+00,2.272883714e-02,-2.272883714e-02,2.272883714e-02
7.810000000e-04,5.113344002e-32,-2.250043034e+00,2.250043034e-02,-2.250043034e-02,2.250043034e-02
7.820000000e-04,4.065758147e-20,-2.227431885e+00,2.227431885e-02,-2.227431885e-02,2.227431885e-02
7.830000000e-04,-6.596310060e-32,-2.205047959e+00,2.205047959e-02,-2.205047959e-02,2.205047959e-02
7.840000000e-04,1.829633447e-33,-2.182888975e+00,2.182888975e-02,-2.182888975e-02,2.182888975e-02
7.850000000e-04,1.829633447e-33,-2.160952670e+00,2.160952670e-02,-2.160952670e-02,2.160952670e-02
7.860000000e-04,-2.418005045e-31,-2.139236808e+00,2.139236808e-02,-2.139236808e-02,2.139236808e-02
7.870000000e-04,4.718528364e-33,-2.117739173e+00,2.117739174e-02,-2.117739173e-02,2.117739174e-02
7.880000000e-04,2.937043165e-32,-2.096457573e+00,2.096457573e-02,-2.096457573e-02,2.096457573e-02
7.890000000e-04,-4.342972025e-32,-2.075389836e+00,2.075389836e-02,-2.075389836e-02,2.075389836e-02
7.900000000e-04,5.209640500e-32,-2.054533812e+00,2.054533813e-02,-2.054533812e-02,2.054533813e-02
7.910000000e-04,2.792598419e-33,-2.033887376e+00,2.033887376e-02,-2.033887376e-02,2.033887376e-02
7.920000000e-04,-7.101866670e-34,-2.013448419e+00,2.013448419e-02,-2.013448419e-02,2.013448419e-02
7.930000000e-04,-2.955219129e-31,-1.993214858e+00,1.993214858e-02,-1.993214858e-02,1.993214858e-02
7.940000000e-04,3.009265538e-34,-1.973184628e+00,1.973184629e-02,-1.973184628e-02,1.973184629e-02
7.950000000e-04,-8.036225087e-20,-1.953355686e+00,1.953355687e-02,-1.953355686e-02,1.953355687e-02
7.960000000e-04,1.551577311e-32,-1.933726010e+00,1.933726010e-02,-1.933726010e-02,1.933726010e-02
7.970000000e-04,4.016767640e-32,-1.914293596e+00,1.914293596e-02,-1.914293596e-02,1.914293596e-02
7.980000000e-04,-9.148167236e-33,-1.895056462e+00,1.895056462e-02,-1.895056462e-02,1.895056462e-02
7.990000000e-04,3.177784408e-33,-1.876012646e+00,1.876012646e-02,-1.876012646e-02,1.876012646e-02
8.000000000e-04,5.000000000e+00,3.128238327e+00,1.871761672e-02,-1.871761673e-02,1.871761672e-02
8.010000000e-04,5.000000000e+00,3.097299496e+00,1.902700503e-02,-1.902700504e-02,1.902700503e-02
8.020000000e-04,5.000000000e+00,3.066671576e+00,1.933328423e-02,-1.933328424e-02,1.933328423e-02
8.030000000e-04,5.000000000e+00,3.036351443e+00,1.963648557e-02,-1.963648558e-02,1.963648557e-02
8.040000000e-04,5.000000000e+00,3.006336002e+00,1.993663997e-02,-1.993663998e-02,1.993663997e-02
8.050000000e-04,5.000000000e+00,2.976622193e+00,2.023377806e-02,-2.023377807e-02,2.023377806e-02
8.060000000e-04,5.000000000e+00,2.947206985e+00,2.052793015e-02,-2.052793016e-02,2.052793015e-02
8.070000000e-04,5.000000000e+00,2.918087375e+00,2.081912624e-02,-2.081912625e-02,2.081912624e-02
8.080000000e-04,5.000000000e+00,2.889260395e+00,2.110739604e-02,-2.110739605e-02,2.110739604e-02
8.090000000e-04,5.000000000e+00,2.860723103e+00,2.139276896e-02,-2.139276897e-02,2.139276896e-02
8.100000000e-04,5.000000000e+00,2.832472589e+00,2.167527411e-02,-2.167527412e-02,2.167527411e-02
8.110000000e-04,5.000000000e+00,2.804505969e+00,2.195494031e-02,-2.195494031e-02,2.195494031e-02
8.120000000e-04,5.000000000e+00,2.776820392e+00,2.223179608e-02,-2.223179608e-02,2.223179608e-02
8.130000000e-04,5.000000000e+00,2.749413033e+00,2.250586967e-02,-2.250586967e-02,2.250586967e-02
8.140000000e-04,5.000000000e+00,2.722281096e+00,2.277718903e-02,-2.277718904e-02,2.277718903e-02
8.150000000e-04,5.000000000e+00,2.695421814e+00,2.304578186e-02,-2.304578186e-02,2.304578186e-02
8.160000000e-04,5.000000000e+00,2.668832446e+00,2.331167553e-02,-2.331167554e-02,2.331167553e-02
8.170000000e-04,5.000000000e+00,2.642510281e+00,2.357489719e-02,-2.357489720e-02,2.357489719e-02
8.180000000e-04,5.000000000e+00,2.616452632e+00,2.383547368e-02,-2.383547369e-02,2.383547368e-02
8.190000000e-04,5.000000000e+00,2.590656842e+00,2.409343158e-02,-2.409343159e-02,2.409343158e-02
8.200000000e-04,5.000000000e+00,2.565120279e+00,2.434879721e-02,-2.434879722e-02,2.434879721e-02
8.210000000e-04,5.000000000e+00,2.539840338e+00,2.460159661e-02,-2.460159662e-02,2.460159661e-02
8.220000000e-04,5.000000000e+00,2.514814441e+00,2.485185559e-02,-2.485185559e-02,2.485185559e-02
8.230000000e-04,5.000000000e+00,2.490040034e+00,2.509959965e-02,-2.509959966e-02,2.509959965e-02
8.240000000e-04,5.000000000e+00,2.465514591e+00,2.534485409e-02,-2.534485410e-02,2.534485409e-02
8.250000000e-04,5.000000000e+00,2.441235608e+00,2.558764391e-02,-2.558764392e-02,2.558764391e-02
8.260000000e-04,5.000000000e+00,2.417200610e+00,2.582799389e-02,-2.582799390e-02,2.582799389e-02
8.270000000e-04,5.000000000e+00,2.393407145e+00,2.606592854e-02,-2.606592855e-02,2.606592854e-02
8.280000000e-04,5.000000000e+00,2.369852786e+00,2.630147214e-02,-2.630147215e-02,2.630147214e-02
8.290000000e-04,5.000000000e+00,2.346535129e+00,2.653464871e-02,-2.653464872e-02,2.653464871e-02
8.300000000e-04,5.000000000e+00,2.323451796e+00,2.676548204e-02,-2.676548205e-02,2.676548204e-02
8.310000000e-04,5.000000000e+00,2.300600432e+00,2.699399568e-02,-2.699399569e-02,2.699399568e-02
8.320000000e-04,5.000000000e+00,2.277978706e+00,2.722021294e-02,-2.722021294e-02,2.722021294e-02
8.330000000e-04,5.000000000e+00,2.255584311e+00,2.744415689e-02,-2.744415690e-02,2.744415689e-02
8.340000000e-04,5.000000000e+00,2.233414961e+00,2.766585039e-02,-2.766585039e-02,2.766585039e-02
8.350000000e-04,5.000000000e+00,2.211468396e+00,2.788531604e-02,-2.788531604e-02,2.788531604e-02
8.360000000e-04,5.000000000e+00,2.189742377e+00,2.810257623e-02,-2.810257624e-02,2.810257623e-02
8.370000000e-04,5.000000000e+00,2.168234687e+00,2.831765313e-02,-2.831765314e-02,2.831765313e-02
8.380000000e-04,5.000000000e+00,2.146943132e+00,2.853056868e-02,-2.853056869e-02,2.853056868e-02
8.390000000e-04,5.000000000e+00,2.125865540e+00,2.874134460e-02,-2.874134460e-02,2.874134460e-02
8.400000000e-04,5.000000000e+00,2.104999762e+00,2.895000238e-02,-2.895000239e-02,2.895000238e-02
8.410000000e-04,5.000000000e+00,2.084343668e+00,2.915656332e-02,-2.915656333e-02,2.915656332e-02
8.420000000e-04,5.000000000e+00,2.063895151e+00,2.936104849e-02,-2.936104850e-02,2.936104849e-02
8.430000000e-04,5.000000000e+00,2.043652126e+00,2.956347874e-02,-2.956347875e-02,2.956347874e-02
8.440000000e-04,5.000000000e+00,2.023612527e+00,2.976387473e-02,-2.976387474e-02,2.976387473e-02
8.450000000e-04,5.000000000e+00,2.003774310e+00,2.996225690e-02,-2.996225690e-02,2.996225690e-02
8.460000000e-04,5.000000000e+00,1.984135452e+00,3.015864548e-02,-3.015864549e-02,3.015864548e-02
8.470000000e-04,5.000000000e+00,1.964693948e+00,3.035306052e-02,-3.035306052e-02,3.035306052e-02
8.480000000e-04,5.000000000e+00,1.945447816e+00,3.054552183e-02,-3.054552184e-02,3.054552183e-02
8.490000000e-04,5.000000000e+00,1.926395093e+00,3.073604907e-02,-3.073604908e-02,3.073604907e-02
8.500000000e-04,-4.314083075e-32,-3.077864699e+00,3.077864699e-02,-3.077864699e-02,3.077864699e-02
8.510000000e-04,-1.798337086e-32,-3.046934597e+00,3.046934598e-02,-3.046934597e-02,3.046934598e-02
8.520000000e-04,-3.033339662e-32,-3.016315319e+00,3.016315319e-02,-3.016315319e-02,3.016315319e-02
8.530000000e-04,-2.768524295e-31,-2.986003740e+00,2.986003741e-02,-2.986003740e-02,2.986003741e-02
8.540000000e-04,-5.429918737e-32,-2.955996769e+00,2.955996769e-02,-2.955996769e-02,2.955996769e-02
8.550000000e-04,-1.998272688e-31,-2.926291344e+00,2.926291344e-02,-2.926291344e-02,2.926291344e-02
8.560000000e-04,9.713909157e-33,-2.896884435e+00,2.896884435e-02,-2.896884435e-02,2.896884435e-02
8.570000000e-04,-2.612042487e-33,-2.867773042e+00,2.867773042e-02,-2.867773042e-02,2.867773042e-02
8.580000000e-04,4.669176409e-32,-2.838954195e+00,2.838954196e-02,-2.838954195e-02,2.838954196e-02
8.590000000e-04,-2.612042487e-33,-2.810424955e+00,2.810424956e-02,-2.810424955e-02,2.810424956e-02
8.600000000e-04,7.105477789e-32,-2.782182412e+00,2.782182412e-02,-2.782182412e-02,2.782182412e-02
8.610000000e-04,2.678741696e-19,-2.754223683e+00,2.754223683e-02,-2.754223683e-02,2.754223683e-02
8.620000000e-04,-8.570388253e-32,-2.726545918e+00,2.726545918e-02,-2.726545918e-02,2.726545918e-02
8.630000000e-04,-2.503708928e-33,-2.699146292e+00,2.699146292e-02,-2.699146292e-02,2.699146292e-02
8.640000000e-04,-3.948156386e-32,-2.672022010e+00,2.672022011e-02,-2.672022010e-02,2.672022011e-02
8.650000000e-04,1.571558835e-31,-2.645170307e+00,2.645170307e-02,-2.645170307e-02,2.645170307e-02
8.660000000e-04,-1.405447377e-31,-2.618588441e+00,2.618588441e-02,-2.618588441e-02,2.618588441e-02
8.670000000e-04,-7.310348586e-31,-2.592273702e+00,2.592273703e-02,-2.592273702e-02,2.592273703e-02
8.680000000e-04,-2.710505431e-20,-2.566223406e+00,2.566223406e-02,-2.566223406e-02,2.566223406e-02
8.690000000e-04,-2.236486148e-32,-2.540434894e+00,2.540434894e-02,-2.540434894e-02,2.540434894e-02
8.700000000e-04,-2.236486148e-32,-2.514905537e+00,2.514905537e-02,-2.514905537e-02,2.514905537e-02
8.710000000e-04,-3.425747889e-32,-2.489632729e+00,2.489632729e-02,-2.489632729e-02,2.489632729e-02
8.720000000e-04,-5.357483391e-20,-2.464613893e+00,2.464613893e-02,-2.464613893e-02,2.464613893e-02
8.730000000e-04,-1.844800145e-31,-2.439846476e+00,2.439846476e-02,-2.439846476e-02,2.439846476e-02
8.740000000e-04,-1.355252716e-20,-2.415327952e+00,2.415327953e-02,-2.415327952e-02,2.415327953e-02
8.750000000e-04,9.391291687e-20,-2.391055821e+00,2.391055821e-02,-2.391055821e-02,2.391055821e-02
8.760000000e-04,-1.448319284e-20,-2.367027604e+00,2.367027605e-02,-2.367027604e-02,2.367027605e-02
8.770000000e-04,-1.037594758e-32,-2.343240853e+00,2.343240853e-02,-2.343240853e-02,2.343240853e-02
8.780000000e-04,2.678741696e-20,-2.319693139e+00,2.319693139e-02,-2.319693139e-02,2.319693139e-02
8.790000000e-04,-5.101306940e-32,-2.296382061e+00,2.296382061e-02,-2.296382061e-02,2.296382061e-02
8.800000000e-04,-4.743384505e-20,-2.273305241e+00,2.273305241e-02,-2.273305241e-02,2.273305241e-02
8.810000000e-04,5.224084974e-33,-2.250460325e+00,2.250460325e-02,-2.250460325e-02,2.250460325e-02
8.820000000e-04,-6.873162489e-32,-2.227844982e+00,2.227844982e-02,-2.227844982e-02,2.227844982e-02
8.830000000e-04,5.452789155e-32,-2.205456905e+00,2.205456905e-02,-2.205456905e-02,2.205456905e-02
8.840000000e-04,5.357483391e-20,-2.183293811e+00,2.183293811e-02,-2.183293811e-02,2.183293811e-02
8.850000000e-04,5.224084974e-33,-2.161353438e+00,2.161353439e-02,-2.161353438e-02,2.161353439e-02
8.860000000e-04,-1.942781831e-32,-2.139633549e+00,2.139633549e-02,-2.139633549e-02,2.139633549e-02
8.870000000e-04,2.142597063e-33,-2.118131927e+00,2.118131928e-02,-2.118131927e-02,2.118131928e-02
8.880000000e-04,1.755003662e-32,-2.096846380e+00,2.096846380e-02,-2.096846380e-02,2.096846380e-02
8.890000000e-04,5.224084974e-33,-2.075774735e+00,2.075774736e-02,-2.075774735e-02,2.075774736e-02
8.900000000e-04,5.224084974e-33,-2.054914844e+00,2.054914844e-02,-2.054914844e-02,2.054914844e-02
8.910000000e-04,3.722974501e-20,-2.034264578e+00,2.034264579e-02,-2.034264578e-02,2.034264579e-02
8.920000000e-04,-1.887411345e-32,-2.013821831e+00,2.013821832e-02,-2.013821831e-02,2.013821832e-02
8.930000000e-04,-1.887411345e-32,-1.993584518e+00,1.993584518e-02,-1.993584518e-02,1.993584518e-02
8.940000000e-04,3.042969312e-32,-1.973550573e+00,1.973550573e-02,-1.973550573e-02,1.973550573e-02
8.950000000e-04,-4.352601674e-32,-1.953717954e+00,1.953717954e-02,-1.953717954e-02,1.953717954e-02
8.960000000e-04,-3.851859889e-34,-1.934084637e+00,1.934084637e-02,-1.934084637e-02,1.934084637e-02
8.970000000e-04,-6.548161811e-33,-1.914648619e+00,1.914648619e-02,-1.914648619e-02,1.914648619e-02
8.980000000e-04,-4.814824861e-33,-1.895407917e+00,1.895407917e-02,-1.895407917e-02,1.895407917e-02
8.990000000e-04,1.381854735e-32,-1.876360570e+00,1.876360570e-02,-1.876360570e-02,1.876360570e-02
9.000000000e-04,5.000000000e+00,3.127893900e+00,1.872106100e-02,-1.872106100e-02,1.872106100e-02
9.010000000e-04,5.000000000e+00,3.096958531e+00,1.903041469e-02,-1.903041470e-02,1.903041469e-02
9.020000000e-04,5.000000000e+00,3.066334037e+00,1.933665963e-02,-1.933665964e-02,1.933665963e-02
9.030000000e-04,5.000000000e+00,3.036017295e+00,1.963982704e-02,-1.963982705e-02,1.963982704e-02
9.040000000e-04,5.000000000e+00,3.006005213e+00,1.993994787e-02,-1.993994788e-02,1.993994787e-02
9.050000000e-04,5.000000000e+00,2.976294728e+00,2.023705272e-02,-2.023705272e-02,2.023705272e-02
9.060000000e-04,5.000000000e+00,2.946882810e+00,2.053117190e-02,-2.053117190e-02,2.053117190e-02
9.070000000e-04,5.000000000e+00,2.917766459e+00,2.082233541e-02,-2.082233542e-02,2.082233541e-02
9.080000000e-04,5.000000000e+00,2.888942703e+00,2.111057296e-02,-2.111057297e-02,2.111057296e-02
9.090000000e-04,5.000000000e+00,2.860408604e+00,2.139591396e-02,-2.139591397e-02,2.139591396e-02
9.100000000e-04,5.000000000e+00,2.832161250e+00,2.167838750e-02,-2.167838751e-02,2.167838750e-02
9.110000000e-04,5.000000000e+00,2.804197759e+00,2.195802241e-02,-2.195802242e-02,2.195802241e-02
9.120000000e-04,5.000000000e+00,2.776515279e+00,2.223484721e-02,-2.223484721e-02,2.223484721e-02
9.130000000e-04,5.000000000e+00,2.749110986e+00,2.250889013e-02,-2.250889014e-02,2.250889013e-02
9.140000000e-04,5.000000000e+00,2.721982085e+00,2.278017915e-02,-2.278017916e-02,2.278017915e-02
9.150000000e-04,5.000000000e+00,2.695125807e+00,2.304874192e-02,-2.304874193e-02,2.304874192e-02
9.160000000e-04,5.000000000e+00,2.668539414e+00,2.331460585e-02,-2.331460586e-02,2.331460585e-02
9.170000000e-04,5.000000000e+00,2.642220193e+00,2.357779806e-02,-2.357779807e-02,2.357779806e-02
9.180000000e-04,5.000000000e+00,2.616165460e+00,2.383834540e-02,-2.383834541e-02,2.383834540e-02
9.190000000e-04,5.000000000e+00,2.590372555e+00,2.409627444e-02,-2.409627445e-02,2.409627444e-02
9.200000000e-04,5.000000000e+00,2.564838850e+00,2.435161150e-02,-2.435161151e-02,2.435161150e-02
9.210000000e-04,5.000000000e+00,2.539561737e+00,2.460438263e-02,-2.460438263e-02,2.460438263e-02
9.220000000e-04,5.000000000e+00,2.514538640e+00,2.485461360e-02,-2.485461361e-02,2.485461360e-02
9.230000000e-04,5.000000000e+00,2.489767004e+00,2.510232995e-02,-2.510232996e-02,2.510232995e-02
9.240000000e-04,5.000000000e+00,2.465244304e+00,2.534755695e-02,-2.534755696e-02,2.534755695e-02
9.250000000e-04,5.000000000e+00,2.440968038e+00,2.559031962e-02,-2.559031962e-02,2.559031962e-02
9.260000000e-04,5.000000000e+00,2.416935729e+00,2.583064270e-02,-2.583064271e-02,2.583064270e-02
9.270000000e-04,5.000000000e+00,2.393144926e+00,2.606855074e-02,-2.606855075e-02,2.606855074e-02
9.280000000e-04,5.000000000e+00,2.369593201e+00,2.630406798e-02,-2.630406799e-02,2.630406798e-02
9.290000000e-04,5.000000000e+00,2.346278153e+00,2.653721847e-02,-2.653721848e-02,2.653721847e-02
9.300000000e-04,5.000000000e+00,2.323197402e+00,2.676802597e-02,-2.676802598e-02,2.676802597e-02
9.310000000e-04,5.000000000e+00,2.300348595e+00,2.699651405e-02,-2.699651406e-02,2.699651405e-02
9.320000000e-04,5.000000000e+00,2.277729400e+00,2.722270600e-02,-2.722270601e-02,2.722270600e-02
9.330000000e-04,5.000000000e+00,2.255337510e+00,2.744662490e-02,-2.744662491e-02,2.744662490e-02
9.340000000e-04,5.000000000e+00,2.233170641e+00,2.766829359e-02,-2.766829360e-02,2.766829359e-02
9.350000000e-04,5.000000000e+00,2.211226531e+00,2.788773469e-02,-2.788773470e-02,2.788773469e-02
9.360000000e-04,5.000000000e+00,2.189502942e+00,2.810497058e-02,-2.810497058e-02,2.810497058e-02
9.370000000e-04,5.000000000e+00,2.167997658e+00,2.832002342e-02,-2.832002342e-02,2.832002342e-02
9.380000000e-04,5.000000000e+00,2.146708485e+00,2.853291515e-02,-2.853291515e-02,2.853291515e-02
9.390000000e-04,5.000000000e+00,2.125633251e+00,2.874366748e-02,-2.874366749e-02,2.874366748e-02
9.400000000e-04,5.000000000e+00,2.104769807e+00,2.895230193e-02,-2.895230193e-02,2.895230193e-02
9.410000000e-04,5.000000000e+00,2.084116024e+00,2.915883976e-02,-2.915883976e-02,2.915883976e-02
9.420000000e-04,5.000000000e+00,2.063669795e+00,2.936330205e-02,-2.936330205e-02,2.936330205e-02
9.430000000e-04,5.000000000e+00,2.043429034e+00,2.956570965e-02,-2.956570966e-02,2.956570965e-02
9.440000000e-04,5.000000000e+00,2.023391677e+00,2.976608322e-02,-2.976608323e-02,2.976608322e-02
9.450000000e-04,5.000000000e+00,2.003555680e+00,2.996444320e-02,-2.996444320e-02,2.996444320e-02
9.460000000e-04,5.000000000e+00,1.983919019e+00,3.016080981e-02,-3.016080982e-02,3.016080981e-02
9.470000000e-04,5.000000000e+00,1.964479690e+00,3.035520310e-02,-3.035520310e-02,3.035520310e-02
9.480000000e-04,5.000000000e+00,1.945235712e+00,3.054764288e-02,-3.054764289e-02,3.054764288e-02
9.490000000e-04,5.000000000e+00,1.926185120e+00,3.073814880e-02,-3.073814881e-02,3.073814880e-02
9.500000000e-04,-7.888609052e-31,-3.078072562e+00,3.078072562e-02,-3.078072562e-02,3.078072562e-02
9.510000000e-04,0.000000000e+00,-3.047140372e+00,3.047140372e-02,-3.047140372e-02,3.047140372e-02
9.520000000e-04,7.395570986e-32,-3.016519026e+00,3.016519026e-02,-3.016519026e-02,3.016519026e-02
9.530000000e-04,-2.710505431e-20,-2.986205400e+00,2.986205400e-02,-2.986205400e-02,2.986205400e-02
9.540000000e-04,2.311115933e-32,-2.956196402e+00,2.956196402e-02,-2.956196402e-02,2.956196402e-02
9.550000000e-04,-1.362017657e-30,-2.926488971e+00,2.926488971e-02,-2.926488971e-02,2.926488971e-02
9.560000000e-04,-2.710505431e-20,-2.897080076e+00,2.897080076e-02,-2.897080076e-02,2.897080076e-02
9.570000000e-04,-5.488900342e-32,-2.867966717e+00,2.867966717e-02,-2.867966717e-02,2.867966717e-02
9.580000000e-04,7.210200229e-32,-2.839145924e+00,2.839145924e-02,-2.839145924e-02,2.839145924e-02
9.590000000e-04,-5.115751415e-32,-2.810614757e+00,2.810614757e-02,-2.810614757e-02,2.810614757e-02
9.600000000e-04,-5.771735442e-20,-2.782370306e+00,2.782370306e-02,-2.782370306e-02,2.782370306e-02
9.610000000e-04,2.044374636e-31,-2.754409689e+00,2.754409689e-02,-2.754409689e-02,2.754409689e-02
9.620000000e-04,-1.213335865e-32,-2.726730055e+00,2.726730055e-02,-2.726730055e-02,2.726730055e-02
9.630000000e-04,-1.213335865e-32,-2.699328578e+00,2.699328578e-02,-2.699328578e-02,2.699328578e-02
9.640000000e-04,-3.388131789e-20,-2.672202465e+00,2.672202465e-02,-2.672202465e-02,2.672202465e-02
9.650000000e-04,-3.851859889e-34,-2.645348948e+00,2.645348948e-02,-2.645348948e-02,2.645348948e-02
9.660000000e-04,2.888894917e-33,-2.618765287e+00,2.618765287e-02,-2.618765287e-02,2.618765287e-02
9.670000000e-04,-1.323675096e-20,-2.592448771e+00,2.592448771e-02,-2.592448771e-02,2.592448771e-02
9.680000000e-04,2.311115933e-33,-2.566396715e+00,2.566396716e-02,-2.566396715e-02,2.566396716e-02
9.690000000e-04,-3.851859889e-33,-2.540606462e+00,2.540606462e-02,-2.540606462e-02,2.540606462e-02
9.700000000e-04,1.009187291e-31,-2.515075380e+00,2.515075381e-02,-2.515075380e-02,2.515075381e-02
9.710000000e-04,4.256305177e-32,-2.489800866e+00,2.489800866e-02,-2.489800866e-02,2.489800866e-02
9.720000000e-04,4.169638330e-32,-2.464780340e+00,2.464780340e-02,-2.464780340e-02,2.464780340e-02
9.730000000e-04,-8.040757518e-33,-2.440011251e+00,2.440011251e-02,-2.440011251e-02,2.440011251e-02
9.740000000e-04,-9.124093112e-32,-2.415491071e+00,2.415491072e-02,-2.415491071e-02,2.415491072e-02
9.750000000e-04,-9.124093112e-32,-2.391217300e+00,2.391217300e-02,-2.391217300e-02,2.391217300e-02
9.760000000e-04,-6.543346986e-32,-2.367187461e+00,2.367187461e-02,-2.367187461e-02,2.367187461e-02
9.770000000e-04,1.468521583e-32,-2.343399103e+00,2.343399103e-02,-2.343399103e-02,2.343399103e-02
9.780000000e-04,6.370013291e-32,-2.319849799e+00,2.319849799e-02,-2.319849799e-02,2.319849799e-02
9.790000000e-04,4.983343731e-32,-2.296537147e+00,2.296537147e-02,-2.296537147e-02,2.296537147e-02
9.800000000e-04,6.403717065e-33,-2.273458768e+00,2.273458769e-02,-2.273458768e-02,2.273458769e-02
9.810000000e-04,-1.607245017e-19,-2.250612309e+00,2.250612310e-02,-2.250612309e-02,2.250612310e-02
9.820000000e-04,2.214819436e-33,-2.227995439e+00,2.227995439e-02,-2.227995439e-02,2.227995439e-02
9.830000000e-04,3.302969855e-32,-2.205605851e+00,2.205605851e-02,-2.205605851e-02,2.205605851e-02
9.840000000e-04,3.014080363e-32,-2.183441259e+00,2.183441260e-02,-2.183441259e-02,2.183441260e-02
9.850000000e-04,2.912969041e-32,-2.161499405e+00,2.161499405e-02,-2.161499405e-02,2.161499405e-02
9.860000000e-04,-2.732461257e-30,-2.139778049e+00,2.139778049e-02,-2.139778049e-02,2.139778049e-02
9.870000000e-04,5.936679054e-32,-2.118274975e+00,2.118274975e-02,-2.118274975e-02,2.118274975e-02
9.880000000e-04,6.776263578e-21,-2.096987990e+00,2.096987990e-02,-2.096987990e-02,2.096987990e-02
9.890000000e-04,8.423536094e-32,-2.075914923e+00,2.075914923e-02,-2.075914923e-02,2.075914923e-02
9.900000000e-04,-2.053522803e-32,-2.055053623e+00,2.055053623e-02,-2.055053623e-02,2.055053623e-02
9.910000000e-04,2.013319016e-31,-2.034401962e+00,2.034401962e-02,-2.034401962e-02,2.034401962e-02
9.920000000e-04,-5.751308296e-32,-2.013957835e+00,2.013957835e-02,-2.013957835e-02,2.013957835e-02
9.930000000e-04,4.116675256e-33,-1.993719154e+00,1.993719155e-02,-1.993719154e-02,1.993719155e-02
9.940000000e-04,5.342048183e-32,-1.973683857e+00,1.973683857e-02,-1.973683857e-02,1.973683857e-02
9.950000000e-04,-9.535760637e-32,-1.953849898e+00,1.953849898e-02,-1.953849898e-02,1.953849898e-02
9.960000000e-04,-2.309430745e-31,-1.934215255e+00,1.934215255e-02,-1.934215255e-02,1.934215255e-02
9.970000000e-04,-9.075944863e-33,-1.914777924e+00,1.914777924e-02,-1.914777924e-02,1.914777924e-02
9.980000000e-04,-1.076835580e-31,-1.895535923e+00,1.895535924e-02,-1.895535923e-02,1.895535924e-02
9.990000000e-04,6.776263578e-21,-1.876487289e+00,1.876487290e-02,-1.876487289e-02,1.876487290e-02
1.000000000e-03,5.000000000e+00,3.127768454e+00,1.872231546e-02,-1.872231547e-02,1.872231546e-02
1.001000000e-03,5.000000000e+00,3.096834345e+00,1.903165655e-02,-1.903165656e-02,1.903165655e-02
1.002000000e-03,5.000000000e+00,3.066211099e+00,1.933788900e-02,-1.933788901e-02,1.933788900e-02
1.003000000e-03,5.000000000e+00,3.035895593e+00,1.964104407e-02,-1.964104408e-02,1.964104407e-02
1.004000000e-03,5.000000000e+00,3.005884734e+00,1.994115266e-02,-1.994115267e-02,1.994115266e-02
1.005000000e-03,5.000000000e+00,2.976175459e+00,2.023824540e-02,-2.023824541e-02,2.023824540e-02
1.006000000e-03,5.000000000e+00,2.946764740e+00,2.053235260e-02,-2.053235260e-02,2.053235260e-02
1.007000000e-03,5.000000000e+00,2.917649575e+00,2.082350425e-02,-2.082350426e-02,2.082350425e-02
1.008000000e-03,5.000000000e+00,2.888826994e+00,2.111173005e-02,-2.111173006e-02,2.111173005e-02
1.009000000e-03,5.000000000e+00,2.860294058e+00,2.139705942e-02,-2.139705943e-02,2.139705942e-02
1.010000000e-03,5.000000000e+00,2.832047855e+00,2.167952145e-02,-2.167952146e-02,2.167952145e-02
1.011000000e-03,5.000000000e+00,2.804085503e+00,2.195914496e-02,-2.195914497e-02,2.195914496e-02
1.012000000e-03,5.000000000e+00,2.776404152e+00,2.223595848e-02,-2.223595849e-02,2.223595848e-02
1.013000000e-03,5.000000000e+00,2.749000976e+00,2.250999024e-02,-2.250999025e-02,2.250999024e-02
1.014000000e-03,5.000000000e+00,2.721873180e+00,2.278126820e-02,-2.278126821e-02,2.278126820e-02
1.015000000e-03,5.000000000e+00,2.695017997e+00,2.304982003e-02,-2.304982004e-02,2.304982003e-02
1.016000000e-03,5.000000000e+00,2.668432687e+00,2.331567313e-02,-2.331567314e-02,2.331567313e-02
1.017000000e-03,5.000000000e+00,2.642114538e+00,2.357885461e-02,-2.357885462e-02,2.357885461e-02
1.018000000e-03,5.000000000e+00,2.616060867e+00,2.383939133e-02,-2.383939134e-02,2.383939133e-02
1.019000000e-03,5.000000000e+00,2.590269013e+00,2.409730986e-02,-2.409730987e-02,2.409730986e-02
1.020000000e-03,5.000000000e+00,2.564736348e+00,2.435263652e-02,-2.435263653e-02,2.435263652e-02
1.021000000e-03,5.000000000e+00,2.539460266e+00,2.460539734e-02,-2.460539735e-02,2.460539734e-02
1.022000000e-03,5.000000000e+00,2.514438188e+00,2.485561812e-02,-2.485561813e-02,2.485561812e-02
1.023000000e-03,5.000000000e+00,2.489667562e+00,2.510332438e-02,-2.510332438e-02,2.510332438e-02
1.024000000e-03,5.000000000e+00,2.465145861e+00,2.534854138e-02,-2.534854139e-02,2.534854138e-02
1.025000000e-03,5.000000000e+00,2.440870585e+00,2.559129415e-02,-2.559129416e-02,2.559129415e-02
1.026000000e-03,5.000000000e+00,2.416839255e+00,2.583160745e-02,-2.583160746e-02,2.583160745e-02
1.027000000e-03,5.000000000e+00,2.393049421e+00,2.606950579e-02,-2.606950579e-02,2.606950579e-02
1.028000000e-03,5.000000000e+00,2.369498656e+00,2.630501343e-02,-2.630501344e-02,2.630501343e-02
1.029000000e-03,5.000000000e+00,2.346184558e+00,2.653815442e-02,-2.653815443e-02,2.653815442e-02
1.030000000e-03,5.000000000e+00,2.323104748e+00,2.676895252e-02,-2.676895253e-02,2.676895252e-02
1.031000000e-03,5.000000000e+00,2.300256872e+00,2.699743128e-02,-2.699743129e-02,2.699743128e-02
1.032000000e-03,5.000000000e+00,2.277638598e+00,2.722361401e-02,-2.722361402e-02,2.722361401e-02
1.033000000e-03,5.000000000e+00,2.255247621e+00,2.744752379e-02,-2.744752380e-02,2.744752379e-02
1.034000000e-03,5.000000000e+00,2.233081655e+00,2.766918345e-02,-2.766918346e-02,2.766918345e-02
1.035000000e-03,5.000000000e+00,2.211138439e+00,2.788861560e-02,-2.788861561e-02,2.788861560e-02
1.036000000e-03,5.000000000e+00,2.189415736e+00,2.810584264e-02,-2.810584265e-02,2.810584264e-02
1.037000000e-03,5.000000000e+00,2.167911328e+00,2.832088672e-02,-2.832088672e-02,2.832088672e-02
1.038000000e-03,5.000000000e+00,2.146623023e+00,2.853376977e-02,-2.853376978e-02,2.853376977e-02
1.039000000e-03,5.000000000e+00,2.125548648e+00,2.874451352e-02,-2.874451353e-02,2.874451352e-02
1.040000000e-03,5.000000000e+00,2.104686054e+00,2.895313946e-02,-2.895313947e-02,2.895313946e-02
1.041000000e-03,5.000000000e+00,2.084033112e+00,2.915966887e-02,-2.915966888e-02,2.915966887e-02
1.042000000e-03,5.000000000e+00,2.063587717e+00,2.936412283e-02,-2.936412284e-02,2.936412283e-02
1.043000000e-03,5.000000000e+00,2.043347781e+00,2.956652219e-02,-2.956652220e-02,2.956652219e-02
1.044000000e-03,5.000000000e+00,2.023311240e+00,2.976688759e-02,-2.976688760e-02,2.976688759e-02
1.045000000e-03,5.000000000e+00,2.003476051e+00,2.996523949e-02,-2.996523949e-02,2.996523949e-02
1.046000000e-03,5.000000000e+00,1.983840190e+00,3.016159810e-02,-3.016159810e-02,3.016159810e-02
1.047000000e-03,5.000000000e+00,1.964401654e+00,3.035598346e-02,-3.035598347e-02,3.035598346e-02
1.048000000e-03,5.000000000e+00,1.945158459e+00,3.054841541e-02,-3.054841541e-02,3.054841541e-02
1.049000000e-03,5.000000000e+00,1.926108644e+00,3.073891356e-02,-3.073891357e-02,3.073891356e-02
1.050000000e-03,0.000000000e+00,-3.078148269e+00,3.078148270e-02,-3.078148269e-02,3.078148270e-02
1.051000000e-03,-5.421010862e-20,-3.047215318e+00,3.047215319e-02,-3.047215318e-02,3.047215319e-02
1.052000000e-03,1.088150419e-32,-3.016593219e+00,3.016593219e-02,-3.016593219e-02,3.016593219e-02
1.053000000e-03,-3.842230239e-32,-2.986278848e+00,2.986278848e-02,-2.986278848e-02,2.986278848e-02
1.054000000e-03,-3.755563392e-32,-2.956269112e+00,2.956269112e-02,-2.956269112e-02,2.956269112e-02
1.055000000e-03,-2.522968227e-32,-2.926560950e+00,2.926560950e-02,-2.926560950e-02,2.926560950e-02
1.056000000e-03,4.814824861e-34,-2.897151331e+00,2.897151332e-02,-2.897151331e-02,2.897151332e-02
1.057000000e-03,2.513338577e-32,-2.868037256e+00,2.868037257e-02,-2.868037256e-02,2.868037257e-02
1.058000000e-03,-2.417042080e-32,-2.839215755e+00,2.839215755e-02,-2.839215755e-02,2.839215755e-02
1.059000000e-03,-7.347422738e-32,-2.810683886e+00,2.810683886e-02,-2.810683886e-02,2.810683886e-02
1.060000000e-03,-2.417042080e-32,-2.782438740e+00,2.782438741e-02,-2.782438740e-02,2.782438741e-02
1.061000000e-03,4.814824861e-34,-2.754477436e+00,2.754477436e-02,-2.754477436e-02,2.754477436e-02
1.062000000e-03,-2.009056272e-20,-2.726797120e+00,2.726797121e-02,-2.726797120e-02,2.726797121e-02
1.063000000e-03,-7.029644297e-32,-2.699394970e+00,2.699394970e-02,-2.699394970e-02,2.699394970e-02
1.064000000e-03,-1.482966057e-32,-2.672268190e+00,2.672268190e-02,-2.672268190e-02,2.672268190e-02
1.065000000e-03,1.355252716e-20,-2.645414012e+00,2.645414012e-02,-2.645414012e-02,2.645414012e-02
1.066000000e-03,-1.411706649e-31,-2.618829698e+00,2.618829698e-02,-2.618829698e-02,2.618829698e-02
1.067000000e-03,9.990761587e-33,-2.592512534e+00,2.592512535e-02,-2.592512534e-02,2.592512535e-02
1.068000000e-03,-1.564095856e-31,-2.566459838e+00,2.566459838e-02,-2.566459838e-02,2.566459838e-02
1.069000000e-03,-5.780197246e-32,-2.540668950e+00,2.540668950e-02,-2.540668950e-02,2.540668950e-02
1.070000000e-03,7.317811565e-31,-2.515137241e+00,2.515137241e-02,-2.515137241e-02,2.515137241e-02
1.071000000e-03,-1.063835553e-31,-2.489862104e+00,2.489862105e-02,-2.489862104e-02,2.489862105e-02
1.072000000e-03,1.661114577e-33,-2.464840963e+00,2.464840963e-02,-2.464840963e-02,2.464840963e-02
1.073000000e-03,-3.531674036e-32,-2.440071265e+00,2.440071265e-02,-2.440071265e-02,2.440071265e-02
1.074000000e-03,2.323152995e-32,-2.415550482e+00,2.415550482e-02,-2.415550482e-02,2.415550482e-02
1.075000000e-03,2.678741696e-20,-2.391276114e+00,2.391276114e-02,-2.391276114e-02,2.391276114e-02
1.076000000e-03,5.320381471e-33,-2.367245684e+00,2.367245684e-02,-2.367245684e-02,2.367245684e-02
1.077000000e-03,4.742602488e-33,-2.343456741e+00,2.343456741e-02,-2.343456741e-02,2.343456741e-02
1.078000000e-03,-1.904503974e-31,-2.319906857e+00,2.319906858e-02,-2.319906857e-02,2.319906858e-02
1.079000000e-03,5.837975144e-32,-2.296593632e+00,2.296593632e-02,-2.296593632e-02,2.296593632e-02
1.080000000e-03,5.684051212e-32,-2.273514686e+00,2.273514686e-02,-2.273514686e-02,2.273514686e-02
1.081000000e-03,1.534258988e-31,-2.250667665e+00,2.250667665e-02,-2.250667665e-02,2.250667665e-02
1.082000000e-03,1.783892611e-32,-2.228050238e+00,2.228050239e-02,-2.228050238e-02,2.228050239e-02
1.083000000e-03,2.646468485e-31,-2.205660099e+00,2.205660099e-02,-2.205660099e-02,2.205660099e-02
1.084000000e-03,3.661674307e-32,-2.183494963e+00,2.183494963e-02,-2.183494963e-02,2.183494963e-02
1.085000000e-03,3.661674307e-32,-2.161552569e+00,2.161552569e-02,-2.161552569e-02,2.161552569e-02
1.086000000e-03,-3.733896680e-32,-2.139830678e+00,2.139830678e-02,-2.139830678e-02,2.139830678e-02
1.087000000e-03,-1.848170523e-31,-2.118327076e+00,2.118327076e-02,-2.118327076e-02,2.118327076e-02
1.088000000e-03,-1.225372927e-32,-2.097039567e+00,2.097039567e-02,-2.097039567e-02,2.097039567e-02
1.089000000e-03,-2.457968092e-32,-2.075965981e+00,2.075965981e-02,-2.075965981e-02,2.075965981e-02
1.090000000e-03,1.723466559e-31,-2.055104168e+00,2.055104168e-02,-2.055104168e-02,2.055104168e-02
1.091000000e-03,3.676118781e-32,-2.034452000e+00,2.034452000e-02,-2.034452000e-02,2.034452000e-02
1.092000000e-03,5.946308703e-33,-2.014007369e+00,2.014007370e-02,-2.014007369e-02,2.014007370e-02
1.093000000e-03,-4.294221923e-32,-1.993768191e+00,1.993768192e-02,-1.993768191e-02,1.993768192e-02
1.094000000e-03,5.566539392e-32,-1.973732401e+00,1.973732401e-02,-1.973732401e-02,1.973732401e-02
1.095000000e-03,-1.829031594e-32,-1.953897954e+00,1.953897955e-02,-1.953897954e-02,1.953897955e-02
1.096000000e-03,-1.771855549e-32,-1.934262828e+00,1.934262828e-02,-1.934262828e-02,1.934262828e-02
1.097000000e-03,-9.783724117e-32,-1.914825020e+00,1.914825020e-02,-1.914825020e-02,1.914825020e-02
1.098000000e-03,1.925929944e-33,-1.895582546e+00,1.895582546e-02,-1.895582546e-02,1.895582546e-02
1.099000000e-03,-9.556223643e-32,-1.876533443e+00,1.876533443e-02,-1.876533443e-02,1.876533443e-02
1.100000000e-03,5.000000000e+00,3.127722764e+00,1.872277236e-02,-1.872277237e-02,1.872277236e-02
1.101000000e-03,5.000000000e+00,3.096789114e+00,1.903210885e-02,-1.903210886e-02,1.903210885e-02
1.102000000e-03,5.000000000e+00,3.066166323e+00,1.933833677e-02,-1.933833677e-02,1.933833677e-02
1.103000000e-03,5.000000000e+00,3.035851267e+00,1.964148733e-02,-1.964148734e-02,1.964148733e-02
1.104000000e-03,5.000000000e+00,3.005840853e+00,1.994159147e-02,-1.994159148e-02,1.994159147e-02
1.105000000e-03,5.000000000e+00,2.976132020e+00,2.023867980e-02,-2.023867981e-02,2.023867980e-02
1.106000000e-03,5.000000000e+00,2.946721737e+00,2.053278263e-02,-2.053278264e-02,2.053278263e-02
1.107000000e-03,5.000000000e+00,2.917607004e+00,2.082392996e-02,-2.082392997e-02,2.082392996e-02
1.108000000e-03,5.000000000e+00,2.888784851e+00,2.111215149e-02,-2.111215149e-02,2.111215149e-02
1.109000000e-03,5.000000000e+00,2.860252338e+00,2.139747662e-02,-2.139747662e-02,2.139747662e-02
1.110000000e-03,5.000000000e+00,2.832006554e+00,2.167993446e-02,-2.167993446e-02,2.167993446e-02
1.111000000e-03,5.000000000e+00,2.804044618e+00,2.195955382e-02,-2.195955383e-02,2.195955382e-02
1.112000000e-03,5.000000000e+00,2.776363677e+00,2.223636323e-02,-2.223636323e-02,2.223636323e-02
1.113000000e-03,5.000000000e+00,2.748960908e+00,2.251039092e-02,-2.251039093e-02,2.251039092e-02
1.114000000e-03,5.000000000e+00,2.721833514e+00,2.278166485e-02,-2.278166486e-02,2.278166485e-02
1.115000000e-03,5.000000000e+00,2.694978730e+00,2.305021270e-02,-2.305021270e-02,2.305021270e-02
1.116000000e-03,5.000000000e+00,2.668393815e+00,2.331606185e-02,-2.331606186e-02,2.331606185e-02
1.117000000e-03,5.000000000e+00,2.642076057e+00,2.357923943e-02,-2.357923943e-02,2.357923943e-02
1.118000000e-03,5.000000000e+00,2.616022772e+00,2.383977228e-02,-2.383977229e-02,2.383977228e-02
1.119000000e-03,5.000000000e+00,2.590231302e+00,2.409768698e-02,-2.409768699e-02,2.409768698e-02
1.120000000e-03,5.000000000e+00,2.564699015e+00,2.435300985e-02,-2.435300985e-02,2.435300985e-02
1.121000000e-03,5.000000000e+00,2.539423308e+00,2.460576692e-02,-2.460576693e-02,2.460576692e-02
1.122000000e-03,5.000000000e+00,2.514401602e+00,2.485598398e-02,-2.485598399e-02,2.485598398e-02
1.123000000e-03,5.000000000e+00,2.489631343e+00,2.510368656e-02,-2.510368657e-02,2.510368656e-02
1.124000000e-03,5.000000000e+00,2.465110007e+00,2.534889993e-02,-2.534889994e-02,2.534889993e-02
1.125000000e-03,5.000000000e+00,2.440835090e+00,2.559164910e-02,-2.559164910e-02,2.559164910e-02
1.126000000e-03,5.000000000e+00,2.416804117e+00,2.583195882e-02,-2.583195883e-02,2.583195882e-02
1.127000000e-03,5.000000000e+00,2.393014637e+00,2.606985363e-02,-2.606985364e-02,2.606985363e-02
1.128000000e-03,5.000000000e+00,2.369464221e+00,2.630535778e-02,-2.630535779e-02,2.630535778e-02
1.129000000e-03,5.000000000e+00,2.346150469e+00,2.653849531e-02,-2.653849531e-02,2.653849531e-02
1.130000000e-03,5.000000000e+00,2.323071002e+00,2.676928998e-02,-2.676928999e-02,2.676928998e-02
1.131000000e-03,5.000000000e+00,2.300223464e+00,2.699776535e-02,-2.699776536e-02,2.699776535e-02
1.132000000e-03,5.000000000e+00,2.277605527e+00,2.722394473e-02,-2.722394474e-02,2.722394473e-02
1.133000000e-03,5.000000000e+00,2.255214882e+00,2.744785118e-02,-2.744785119e-02,2.744785118e-02
1.134000000e-03,5.000000000e+00,2.233049245e+00,2.766950755e-02,-2.766950756e-02,2.766950755e-02
1.135000000e-03,5.000000000e+00,2.211106355e+00,2.788893645e-02,-2.788893646e-02,2.788893645e-02
1.136000000e-03,5.000000000e+00,2.189383974e+00,2.810616026e-02,-2.810616027e-02,2.810616026e-02
1.137000000e-03,5.000000000e+00,2.167879885e+00,2.832120115e-02,-2.832120115e-02,2.832120115e-02
1.138000000e-03,5.000000000e+00,2.146591896e+00,2.853408104e-02,-2.853408105e-02,2.853408104e-02
1.139000000e-03,5.000000000e+00,2.125517834e+00,2.874482166e-02,-2.874482167e-02,2.874482166e-02
1.140000000e-03,5.000000000e+00,2.104655549e+00,2.895344450e-02,-2.895344451e-02,2.895344450e-02
1.141000000e-03,5.000000000e+00,2.084002914e+00,2.915997085e-02,-2.915997086e-02,2.915997085e-02
1.142000000e-03,5.000000000e+00,2.063557822e+00,2.936442178e-02,-2.936442178e-02,2.936442178e-02
1.143000000e-03,5.000000000e+00,2.043318187e+00,2.956681813e-02,-2.956681814e-02,2.956681813e-02
1.144000000e-03,5.000000000e+00,2.023281944e+00,2.976718056e-02,-2.976718057e-02,2.976718056e-02
1.145000000e-03,5.000000000e+00,2.003447049e+00,2.996552951e-02,-2.996552952e-02,2.996552951e-02
1.146000000e-03,5.000000000e+00,1.983811479e+00,3.016188521e-02,-3.016188521e-02,3.016188521e-02
1.147000000e-03,5.000000000e+00,1.964373231e+00,3.035626768e-02,-3.035626769e-02,3.035626768e-02
1.148000000e-03,5.000000000e+00,1.945130323e+00,3.054869677e-02,-3.054869678e-02,3.054869677e-02
1.149000000e-03,5.000000000e+00,1.926080790e+00,3.073919210e-02,-3.073919211e-02,3.073919210e-02
1.150000000e-03,3.944304526e-31,-3.078175843e+00,3.078175844e-02,-3.078175843e-02,3.078175844e-02
1.151000000e-03,1.232595164e-32,-3.047242615e+00,3.047242616e-02,-3.047242615e-02,3.047242616e-02
1.152000000e-03,1.109335648e-31,-3.016620242e+00,3.016620242e-02,-3.016620242e-02,3.016620242e-02
1.153000000e-03,7.703719778e-34,-2.986305599e+00,2.986305599e-02,-2.986305599e-02,2.986305599e-02
1.154000000e-03,7.703719778e-34,-2.956295594e+00,2.956295594e-02,-2.956295594e-02,2.956295594e-02
1.155000000e-03,-5.392603844e-33,-2.926587166e+00,2.926587166e-02,-2.926587166e-02,2.926587166e-02
1.156000000e-03,-4.065758147e-20,-2.897177284e+00,2.897177284e-02,-2.897177284e-02,2.897177284e-02
1.157000000e-03,5.357483391e-20,-2.868062948e+00,2.868062948e-02,-2.868062948e-02,2.868062948e-02
1.158000000e-03,-1.328891662e-32,-2.839241188e+00,2.839241189e-02,-2.839241188e-02,2.839241189e-02
1.159000000e-03,-1.444447458e-32,-2.810709064e+00,2.810709064e-02,-2.810709064e-02,2.810709064e-02
1.160000000e-03,1.811818595e-31,-2.782463665e+00,2.782463666e-02,-2.782463665e-02,2.782463666e-02
1.161000000e-03,8.618536501e-33,-2.754502110e+00,2.754502111e-02,-2.754502110e-02,2.754502111e-02
1.162000000e-03,-9.870390965e-33,-2.726821547e+00,2.726821547e-02,-2.726821547e-02,2.726821547e-02
1.163000000e-03,-8.714832998e-33,-2.699419151e+00,2.699419152e-02,-2.699419151e-02,2.699419152e-02
1.164000000e-03,-8.714832998e-33,-2.672292128e+00,2.672292128e-02,-2.672292128e-02,2.672292128e-02
1.165000000e-03,-1.355252716e-20,-2.645437710e+00,2.645437710e-02,-2.645437710e-02,2.645437710e-02
1.166000000e-03,5.296307347e-34,-2.618853157e+00,2.618853157e-02,-2.618853157e-02,2.618853157e-02
1.167000000e-03,-7.342607913e-32,-2.592535758e+00,2.592535758e-02,-2.592535758e-02,2.592535758e-02
1.168000000e-03,2.344819707e-32,-2.566482828e+00,2.566482828e-02,-2.566482828e-02,2.566482828e-02
1.169000000e-03,2.344819707e-32,-2.540691709e+00,2.540691710e-02,-2.540691709e-02,2.540691710e-02
1.170000000e-03,-5.166307076e-32,-2.515159771e+00,2.515159771e-02,-2.515159771e-02,2.515159771e-02
1.171000000e-03,2.229263911e-32,-2.489884408e+00,2.489884409e-02,-2.489884408e-02,2.489884409e-02
1.172000000e-03,2.710505431e-20,-2.464863043e+00,2.464863043e-02,-2.464863043e-02,2.464863043e-02
1.173000000e-03,2.710505431e-20,-2.440093123e+00,2.440093123e-02,-2.440093123e-02,2.440093123e-02
1.174000000e-03,1.831077895e-31,-2.415572121e+00,2.415572121e-02,-2.415572121e-02,2.415572121e-02
1.175000000e-03,-1.781485199e-33,-2.391297535e+00,2.391297535e-02,-2.391297535e-02,2.391297535e-02
1.176000000e-03,1.054446645e-32,-2.367266890e+00,2.367266890e-02,-2.367266890e-02,2.367266890e-02
1.177000000e-03,9.682612795e-32,-2.343477733e+00,2.343477734e-02,-2.343477733e-02,2.343477734e-02
1.178000000e-03,2.032879073e-20,-2.319927639e+00,2.319927639e-02,-2.319927639e-02,2.319927639e-02
1.179000000e-03,-2.407412430e-34,-2.296614205e+00,2.296614205e-02,-2.296614205e-02,2.296614205e-02
1.180000000e-03,-6.403717065e-33,-2.273535052e+00,2.273535052e-02,-2.273535052e-02,2.273535052e-02
1.181000000e-03,-5.262603573e-32,-2.250687826e+00,2.250687826e-02,-2.250687826e-02,2.250687826e-02
1.182000000e-03,-2.797413244e-32,-2.228070197e+00,2.228070197e-02,-2.228070197e-02,2.228070197e-02
1.183000000e-03,-3.322229154e-33,-2.205679857e+00,2.205679857e-02,-2.205679857e-02,2.205679857e-02
1.184000000e-03,-3.322229154e-33,-2.183514523e+00,2.183514523e-02,-2.183514523e-02,2.183514523e-02
1.185000000e-03,2.840746668e-33,-2.161571932e+00,2.161571932e-02,-2.161571932e-02,2.161571932e-02
1.186000000e-03,2.840746668e-33,-2.139849847e+00,2.139849847e-02,-2.139849847e-02,2.139849847e-02
1.187000000e-03,2.132967413e-32,-2.118346052e+00,2.118346052e-02,-2.118346052e-02,2.118346052e-02
1.188000000e-03,2.132967413e-32,-2.097058352e+00,2.097058353e-02,-2.097058352e-02,2.097058353e-02
1.189000000e-03,-3.177784408e-33,-2.075984578e+00,2.075984578e-02,-2.075984578e-02,2.075984578e-02
1.190000000e-03,-1.550373605e-32,-2.055122578e+00,2.055122578e-02,-2.055122578e-02,2.055122578e-02
1.191000000e-03,-1.155557967e-31,-2.034470224e+00,2.034470225e-02,-2.034470224e-02,2.034470225e-02
1.192000000e-03,-1.550373605e-32,-2.014025411e+00,2.014025411e-02,-2.014025411e-02,2.014025411e-02
1.193000000e-03,-1.141113492e-31,-1.993786051e+00,1.993786052e-02,-1.993786051e-02,1.993786052e-02
1.194000000e-03,-5.209640500e-32,-1.973750082e+00,1.973750082e-02,-1.973750082e-02,1.973750082e-02
1.195000000e-03,-6.442235664e-32,-1.953915457e+00,1.953915458e-02,-1.953915457e-02,1.953915458e-02
1.196000000e-03,-1.511855006e-32,-1.934280155e+00,1.934280155e-02,-1.934280155e-02,1.934280156e-02
1.197000000e-03,-2.792598419e-33,-1.914842173e+00,1.914842173e-02,-1.914842173e-02,1.914842173e-02
1.198000000e-03,-7.674830828e-32,-1.895599526e+00,1.895599526e-02,-1.895599526e-02,1.895599526e-02
1.199000000e-03,2.185930487e-32,-1.876550253e+00,1.876550253e-02,-1.876550253e-02,1.876550253e-02
1.200000000e-03,2.185930487e-32,-1.857692410e+00,1.857692410e-02,-1.857692410e-02,1.857692410e-02
1.201000000e-03,5.000000000e+00,3.111227374e+00,1.888772626e-02,-1.888772627e-02,1.888772626e-02
1.202000000e-03,5.000000000e+00,3.080459490e+00,1.919540510e-02,-1.919540511e-02,1.919540510e-02
1.203000000e-03,5.000000000e+00,3.050000798e+00,1.949999201e-02,-1.949999202e-02,1.949999201e-02
1.204000000e-03,5.000000000e+00,3.019848193e+00,1.980151807e-02,-1.980151808e-02,1.980151807e-02
1.205000000e-03,5.000000000e+00,2.989998597e+00,2.010001403e-02,-2.010001403e-02,2.010001403e-02
1.206000000e-03,5.000000000e+00,2.960448966e+00,2.039551034e-02,-2.039551034e-02,2.039551034e-02
1.207000000e-03,5.000000000e+00,2.931196285e+00,2.068803714e-02,-2.068803715e-02,2.068803714e-02
1.208000000e-03,5.000000000e+00,2.902237571e+00,2.097762429e-02,-2.097762429e-02,2.097762429e-02
1.209000000e-03,5.000000000e+00,2.873569869e+00,2.126430131e-02,-2.126430132e-02,2.126430131e-02
1.210000000e-03,5.000000000e+00,2.845190254e+00,2.154809745e-02,-2.154809746e-02,2.154809745e-02
1.211000000e-03,5.000000000e+00,2.817095832e+00,2.182904167e-02,-2.182904168e-02,2.182904167e-02
1.212000000e-03,5.000000000e+00,2.789283737e+00,2.210716263e-02,-2.210716263e-02,2.210716263e-02
1.213000000e-03,5.000000000e+00,2.761751131e+00,2.238248868e-02,-2.238248869e-02,2.238248868e-02
1.214000000e-03,5.000000000e+00,2.734495207e+00,2.265504793e-02,-2.265504794e-02,2.265504793e-02
1.215000000e-03,5.000000000e+00,2.707513182e+00,2.292486818e-02,-2.292486818e-02,2.292486818e-02
1.216000000e-03,5.000000000e+00,2.680802306e+00,2.319197694e-02,-2.319197695e-02,2.319197694e-02
1.217000000e-03,5.000000000e+00,2.654359852e+00,2.345640147e-02,-2.345640148e-02,2.345640147e-02
1.218000000e-03,5.000000000e+00,2.628183125e+00,2.371816875e-02,-2.371816876e-02,2.371816875e-02
1.219000000e-03,5.000000000e+00,2.602269453e+00,2.397730547e-02,-2.397730548e-02,2.397730547e-02
1.220000000e-03,5.000000000e+00,2.576616192e+00,2.423383808e-02,-2.423383808e-02,2.423383808e-02
1.221000000e-03,5.000000000e+00,2.551220727e+00,2.448779273e-02,-2.448779274e-02,2.448779273e-02
1.222000000e-03,5.000000000e+00,2.526080466e+00,2.473919534e-02,-2.473919535e-02,2.473919534e-02
1.223000000e-03,5.000000000e+00,2.501192844e+00,2.498807155e-02,-2.498807156e-02,2.498807155e-02
1.224000000e-03,5.000000000e+00,2.476555324e+00,2.523444676e-02,-2.523444677e-02,2.523444676e-02
1.225000000e-03,5.000000000e+00,2.452165391e+00,2.547834609e-02,-2.547834610e-02,2.547834609e-02
1.226000000e-03,5.000000000e+00,2.428020557e+00,2.571979442e-02,-2.571979443e-02,2.571979442e-02
1.227000000e-03,5.000000000e+00,2.404118360e+00,2.595881640e-02,-2.595881640e-02,2.595881640e-02
1.228000000e-03,5.000000000e+00,2.380456361e+00,2.619543638e-02,-2.619543639e-02,2.619543638e-02
1.229000000e-03,5.000000000e+00,2.357032147e+00,2.642967853e-02,-2.642967854e-02,2.642967853e-02
1.230000000e-03,5.000000000e+00,2.333843327e+00,2.666156673e-02,-2.666156673e-02,2.666156673e-02
1.231000000e-03,5.000000000e+00,2.310887537e+00,2.689112463e-02,-2.689112464e-02,2.689112463e-02
1.232000000e-03,5.000000000e+00,2.288162434e+00,2.711837566e-02,-2.711837567e-02,2.711837566e-02
1.233000000e-03,5.000000000e+00,2.265665700e+00,2.734334300e-02,-2.734334301e-02,2.734334300e-02
1.234000000e-03,5.000000000e+00,2.243395040e+00,2.756604959e-02,-2.756604960e-02,2.756604959e-02
1.235000000e-03,5.000000000e+00,2.221348184e+00,2.778651816e-02,-2.778651817e-02,2.778651816e-02
1.236000000e-03,5.000000000e+00,2.199522880e+00,2.800477120e-02,-2.800477120e-02,2.800477120e-02
1.237000000e-03,5.000000000e+00,2.177916904e+00,2.822083096e-02,-2.822083097e-02,2.822083096e-02
1.238000000e-03,5.000000000e+00,2.156528050e+00,2.843471950e-02,-2.843471950e-02,2.843471950e-02
1.239000000e-03,5.000000000e+00,2.135354138e+00,2.864645862e-02,-2.864645863e-02,2.864645862e-02
1.240000000e-03,5.000000000e+00,2.114393006e+00,2.885606994e-02,-2.885606994e-02,2.885606994e-02
1.241000000e-03,5.000000000e+00,2.093642518e+00,2.906357482e-02,-2.906357483e-02,2.906357482e-02
1.242000000e-03,5.000000000e+00,2.073100555e+00,2.926899445e-02,-2.926899446e-02,2.926899445e-02
1.243000000e-03,5.000000000e+00,2.052765023e+00,2.947234977e-02,-2.947234978e-02,2.947234977e-02
1.244000000e-03,5.000000000e+00,2.032633846e+00,2.967366154e-02,-2.967366154e-02,2.967366154e-02
1.245000000e-03,5.000000000e+00,2.012704972e+00,2.987295027e-02,-2.987295028e-02,2.987295027e-02
1.246000000e-03,5.000000000e+00,1.992976368e+00,3.007023632e-02,-3.007023633e-02,3.007023632e-02
1.247000000e-03,5.000000000e+00,1.973446020e+00,3.026553980e-02,-3.026553980e-02,3.026553980e-02
1.248000000e-03,5.000000000e+00,1.954111937e+00,3.045888063e-02,-3.045888063e-02,3.045888063e-02
1.249000000e-03,5.000000000e+00,1.934972146e+00,3.065027854e-02,-3.065027854e-02,3.065027854e-02
1.250000000e-03,5.000000000e+00,1.916024695e+00,3.083975305e-02,-3.083975306e-02,3.083975305e-02
1.251000000e-03,2.465190329e-32,-3.052983797e+00,3.052983797e-02,-3.052983797e-02,3.052983797e-02
1.252000000e-03,-4.930380658e-32,-3.022303729e+00,3.022303729e-02,-3.022303729e-02,3.022303729e-02
1.253000000e-03,4.930380658e-32,-2.991931971e+00,2.991931972e-02,-2.991931971e-02,2.991931972e-02
1.254000000e-03,9.774094468e-32,-2.961865426e+00,2.961865426e-02,-2.961865426e-02,2.961865426e-02
1.255000000e-03,-9.947428163e-32,-2.932101025e+00,2.932101026e-02,-2.932101025e-02,2.932101026e-02
1.256000000e-03,2.994821064e-32,-2.902635734e+00,2.902635734e-02,-2.902635734e-02,2.902635734e-02
1.257000000e-03,-1.935559594e-32,-2.873466545e+00,2.873466545e-02,-2.873466545e-02,2.873466545e-02
1.258000000e-03,3.045348143e-20,-2.844590483e+00,2.844590483e-02,-2.844590483e-02,2.844590483e-02
1.259000000e-03,1.470447513e-31,-2.816004603e+00,2.816004603e-02,-2.816004603e-02,2.816004603e-02
1.260000000e-03,-2.551857176e-32,-2.787705988e+00,2.787705988e-02,-2.787705988e-02,2.787705988e-02
1.261000000e-03,-2.551857176e-32,-2.759691752e+00,2.759691752e-02,-2.759691752e-02,2.759691752e-02
1.262000000e-03,-1.355252716e-20,-2.731959037e+00,2.731959037e-02,-2.731959037e-02,2.731959037e-02
1.263000000e-03,-5.777789833e-34,-2.704505013e+00,2.704505013e-02,-2.704505013e-02,2.704505013e-02
1.264000000e-03,-1.272317470e-32,-2.677326881e+00,2.677326881e-02,-2.677326881e-02,2.677326881e-02
1.265000000e-03,2.830996648e-31,-2.650421867e+00,2.650421868e-02,-2.650421867e-02,2.650421868e-02
1.266000000e-03,1.351882450e-31,-2.623787228e+00,2.623787228e-02,-2.623787228e-02,2.623787228e-02
1.267000000e-03,-6.549365517e-32,-2.597420245e+00,2.597420246e-02,-2.597420245e-02,2.597420246e-02
1.268000000e-03,2.299078871e-33,-2.571318230e+00,2.571318230e-02,-2.571318230e-02,2.571318230e-02
1.269000000e-03,1.721299888e-33,-2.545478520e+00,2.545478520e-02,-2.545478520e-02,2.545478520e-02
1.270000000e-03,-4.642694872e-32,-2.519898478e+00,2.519898478e-02,-2.519898478e-02,2.519898478e-02
1.271000000e-03,1.355252716e-20,-2.494575495e+00,2.494575495e-02,-2.494575495e-02,2.494575495e-02
1.272000000e-03,-6.945384862e-33,-2.469506988e+00,2.469506988e-02,-2.469506988e-02,2.469506988e-02
1.273000000e-03,1.754401809e-32,-2.444690399e+00,2.444690400e-02,-2.444690399e-02,2.444690400e-02
1.274000000e-03,5.958345765e-34,-2.420123198e+00,2.420123198e-02,-2.420123198e-02,2.420123198e-02
1.275000000e-03,4.989964115e-32,-2.395802878e+00,2.395802878e-02,-2.395802878e-02,2.395802878e-02
1.276000000e-03,-2.009056272e-20,-2.371726957e+00,2.371726958e-02,-2.371726957e-02,2.371726958e-02
1.277000000e-03,-5.342048183e-32,-2.347892981e+00,2.347892981e-02,-2.347892981e-02,2.347892981e-02
1.278000000e-03,-4.405564748e-33,-2.324298517e+00,2.324298517e-02,-2.324298517e-02,2.324298517e-02
1.279000000e-03,-1.056854057e-32,-2.300941159e+00,2.300941159e-02,-2.300941159e-02,2.300941159e-02
1.280000000e-03,-5.929456816e-32,-2.277818523e+00,2.277818524e-02,-2.277818523e-02,2.277818524e-02
1.281000000e-03,-7.462978535e-34,-2.254928252e+00,2.254928253e-02,-2.254928252e-02,2.254928253e-02
1.282000000e-03,2.678741696e-20,-2.232268010e+00,2.232268010e-02,-2.232268010e-02,2.232268010e-02
1.283000000e-03,6.001679189e-32,-2.209835486e+00,2.209835486e-02,-2.209835486e-02,2.209835486e-02
1.284000000e-03,-3.859082126e-32,-2.187628390e+00,2.187628390e-02,-2.187628390e-02,2.187628390e-02
1.285000000e-03,2.574486853e-31,-2.165644458e+00,2.165644459e-02,-2.165644458e-02,2.165644459e-02
1.286000000e-03,-1.396299210e-33,-2.143881448e+00,2.143881448e-02,-2.143881448e-02,2.143881448e-02
1.287000000e-03,4.766676612e-33,-2.122337138e+00,2.122337138e-02,-2.122337138e-02,2.122337138e-02
1.288000000e-03,-4.410379573e-32,-2.101009332e+00,2.101009332e-02,-2.101009332e-02,2.101009332e-02
1.289000000e-03,1.355252716e-20,-2.079895853e+00,2.079895853e-02,-2.079895853e-02,2.079895853e-02
1.290000000e-03,1.339370848e-19,-2.058994548e+00,2.058994548e-02,-2.058994548e-02,2.058994548e-02
1.291000000e-03,8.036225087e-20,-2.038303284e+00,2.038303284e-02,-2.038303284e-02,2.038303284e-02
1.292000000e-03,1.227780340e-31,-2.017819951e+00,2.017819951e-02,-2.017819951e-02,2.017819951e-02
1.293000000e-03,-1.355252716e-20,-1.997542460e+00,1.997542460e-02,-1.997542460e-02,1.997542460e-02
1.294000000e-03,5.970382828e-33,-1.977468741e+00,1.977468741e-02,-1.977468741e-02,1.977468741e-02
1.295000000e-03,8.608906851e-32,-1.957596747e+00,1.957596747e-02,-1.957596747e-02,1.957596747e-02
1.296000000e-03,-1.251854464e-32,-1.937924451e+00,1.937924451e-02,-1.937924451e-02,1.937924451e-02
1.297000000e-03,2.137782238e-32,-1.918449846e+00,1.918449846e-02,-1.918449846e-02,1.918449846e-02
1.298000000e-03,3.283710555e-32,-1.899170945e+00,1.899170945e-02,-1.899170945e-02,1.899170945e-02
1.299000000e-03,-1.646670102e-32,-1.880085782e+00,1.880085782e-02,-1.880085782e-02,1.880085782e-02
1.300000000e-03,3.341488454e-32,-1.861192410e+00,1.861192410e-02,-1.861192410e-02,1.861192410e-02
1.301000000e-03,5.000000000e+00,3.107762546e+00,1.892237454e-02,-1.892237454e-02,1.892237454e-02
1.302000000e-03,5.000000000e+00,3.077029481e+00,1.922970519e-02,-1.922970520e-02,1.922970519e-02
1.303000000e-03,5.000000000e+00,3.046605258e+00,1.953394741e-02,-1.953394742e-02,1.953394741e-02
1.304000000e-03,5.000000000e+00,3.016486775e+00,1.983513224e-02,-1.983513225e-02,1.983513225e-02
1.305000000e-03,5.000000000e+00,2.986670959e+00,2.013329041e-02,-2.013329042e-02,2.013329041e-02
1.306000000e-03,5.000000000e+00,2.957154768e+00,2.042845232e-02,-2.042845232e-02,2.042845232e-02
1.307000000e-03,5.000000000e+00,2.927935192e+00,2.072064808e-02,-2.072064809e-02,2.072064808e-02
1.308000000e-03,5.000000000e+00,2.899009249e+00,2.100990751e-02,-2.100990752e-02,2.100990751e-02
1.309000000e-03,5.000000000e+00,2.870373988e+00,2.129626011e-02,-2.129626012e-02,2.129626011e-02
1.310000000e-03,5.000000000e+00,2.842026490e+00,2.157973510e-02,-2.157973511e-02,2.157973510e-02
1.311000000e-03,5.000000000e+00,2.813963861e+00,2.186036138e-02,-2.186036139e-02,2.186036138e-02
1.312000000e-03,5.000000000e+00,2.786183240e+00,2.213816760e-02,-2.213816761e-02,2.213816760e-02
1.313000000e-03,5.000000000e+00,2.758681792e+00,2.241318208e-02,-2.241318209e-02,2.241318208e-02
1.314000000e-03,5.000000000e+00,2.731456711e+00,2.268543288e-02,-2.268543289e-02,2.268543288e-02
1.315000000e-03,5.000000000e+00,2.704505221e+00,2.295494778e-02,-2.295494779e-02,2.295494778e-02
1.316000000e-03,5.000000000e+00,2.677824573e+00,2.322175427e-02,-2.322175428e-02,2.322175427e-02
1.317000000e-03,5.000000000e+00,2.651412043e+00,2.348587957e-02,-2.348587957e-02,2.348587957e-02
1.318000000e-03,5.000000000e+00,2.625264939e+00,2.374735061e-02,-2.374735062e-02,2.374735061e-02
1.319000000e-03,5.000000000e+00,2.599380592e+00,2.400619408e-02,-2.400619409e-02,2.400619408e-02
1.320000000e-03,5.000000000e+00,2.573756362e+00,2.426243637e-02,-2.426243638e-02,2.426243637e-02
1.321000000e-03,5.000000000e+00,2.548389636e+00,2.451610364e-02,-2.451610365e-02,2.451610364e-02
1.322000000e-03,5.000000000e+00,2.523277825e+00,2.476722175e-02,-2.476722175e-02,2.476722175e-02
1.323000000e-03,5.000000000e+00,2.498418368e+00,2.501581632e-02,-2.501581633e-02,2.501581632e-02
1.324000000e-03,5.000000000e+00,2.473808729e+00,2.526191271e-02,-2.526191272e-02,2.526191271e-02
1.325000000e-03,5.000000000e+00,2.449446397e+00,2.550553603e-02,-2.550553604e-02,2.550553603e-02
1.326000000e-03,5.000000000e+00,2.425328887e+00,2.574671113e-02,-2.574671113e-02,2.574671113e-02
1.327000000e-03,5.000000000e+00,2.401453739e+00,2.598546261e-02,-2.598546261e-02,2.598546261e-02
1.328000000e-03,5.000000000e+00,2.377818518e+00,2.622181482e-02,-2.622181483e-02,2.622181482e-02
1.329000000e-03,5.000000000e+00,2.354420811e+00,2.645579188e-02,-2.645579189e-02,2.645579188e-02
1.330000000e-03,5.000000000e+00,2.331258233e+00,2.668741766e-02,-2.668741767e-02,2.668741766e-02
1.331000000e-03,5.000000000e+00,2.308328421e+00,2.691671579e-02,-2.691671579e-02,2.691671579e-02
1.332000000e-03,5.000000000e+00,2.285629035e+00,2.714370965e-02,-2.714370965e-02,2.714370965e-02
1.333000000e-03,5.000000000e+00,2.263157760e+00,2.736842240e-02,-2.736842240e-02,2.736842240e-02
1.334000000e-03,5.000000000e+00,2.240912304e+00,2.759087696e-02,-2.759087697e-02,2.759087696e-02
1.335000000e-03,5.000000000e+00,2.218890396e+00,2.781109604e-02,-2.781109604e-02,2.781109604e-02
1.336000000e-03,5.000000000e+00,2.197089792e+00,2.802910208e-02,-2.802910209e-02,2.802910208e-02
1.337000000e-03,5.000000000e+00,2.175508266e+00,2.824491734e-02,-2.824491735e-02,2.824491734e-02
1.338000000e-03,5.000000000e+00,2.154143617e+00,2.845856383e-02,-2.845856383e-02,2.845856383e-02
1.339000000e-03,5.000000000e+00,2.132993666e+00,2.867006334e-02,-2.867006334e-02,2.867006334e-02
1.340000000e-03,5.000000000e+00,2.112056256e+00,2.887943744e-02,-2.887943745e-02,2.887943744e-02
1.341000000e-03,5.000000000e+00,2.091329249e+00,2.908670750e-02,-2.908670751e-02,2.908670750e-02
1.342000000e-03,5.000000000e+00,2.070810533e+00,2.929189466e-02,-2.929189467e-02,2.929189466e-02
1.343000000e-03,5.000000000e+00,2.050498014e+00,2.949501986e-02,-2.949501987e-02,2.949501986e-02
1.344000000e-03,5.000000000e+00,2.030389619e+00,2.969610380e-02,-2.969610381e-02,2.969610380e-02
1.345000000e-03,5.000000000e+00,2.010483298e+00,2.989516702e-02,-2.989516702e-02,2.989516702e-02
1.346000000e-03,5.000000000e+00,1.990777020e+00,3.009222980e-02,-3.009222981e-02,3.009222980e-02
1.347000000e-03,5.000000000e+00,1.971268774e+00,3.028731226e-02,-3.028731227e-02,3.028731226e-02
1.348000000e-03,5.000000000e+00,1.951956570e+00,3.048043430e-02,-3.048043430e-02,3.048043430e-02
1.349000000e-03,5.000000000e+00,1.932838439e+00,3.067161561e-02,-3.067161562e-02,3.067161561e-02
1.350000000e-03,5.000000000e+00,1.913912430e+00,3.086087570e-02,-3.086087571e-02,3.086087570e-02
1.351000000e-03,4.930380658e-31,-3.055074835e+00,3.055074835e-02,-3.055074835e-02,3.055074835e-02
1.352000000e-03,5.916456789e-31,-3.024373754e+00,3.024373754e-02,-3.024373754e-02,3.024373754e-02
1.353000000e-03,0.000000000e+00,-2.993981194e+00,2.993981195e-02,-2.993981194e-02,2.993981195e-02
1.354000000e-03,1.694065895e-20,-2.963894056e+00,2.963894056e-02,-2.963894056e-02,2.963894056e-02
1.355000000e-03,-6.162975822e-32,-2.934109269e+00,2.934109270e-02,-2.934109269e-02,2.934109270e-02
1.356000000e-03,3.764591188e-32,-2.904623796e+00,2.904623797e-02,-2.904623796e-02,2.904623797e-02
1.357000000e-03,3.678526194e-32,-2.875434629e+00,2.875434629e-02,-2.875434629e-02,2.875434629e-02
1.358000000e-03,7.453348885e-32,-2.846538789e+00,2.846538790e-02,-2.846538789e-02,2.846538790e-02
1.359000000e-03,-1.841670509e-33,-2.817933330e+00,2.817933331e-02,-2.817933330e-02,2.817933331e-02
1.360000000e-03,4.321305313e-33,-2.789615333e+00,2.789615334e-02,-2.789615333e-02,2.789615334e-02
1.361000000e-03,1.170626003e-20,-2.761581910e+00,2.761581910e-02,-2.761581910e-02,2.761581910e-02
1.362000000e-03,-1.524493922e-31,-2.733830200e+00,2.733830200e-02,-2.733830200e-02,2.733830200e-02
1.363000000e-03,3.245191956e-32,-2.706357373e+00,2.706357373e-02,-2.706357373e-02,2.706357373e-02
1.364000000e-03,-9.080759688e-32,-2.679160626e+00,2.679160626e-02,-2.679160626e-02,2.679160626e-02
1.365000000e-03,8.175572614e-32,-2.652237185e+00,2.652237185e-02,-2.652237185e-02,2.652237185e-02
1.366000000e-03,7.800016275e-33,-2.625584303e+00,2.625584303e-02,-2.625584303e-02,2.625584303e-02
1.367000000e-03,-2.710505431e-20,-2.599199261e+00,2.599199261e-02,-2.599199261e-02,2.599199261e-02
1.368000000e-03,-1.068891119e-32,-2.573079368e+00,2.573079368e-02,-2.573079368e-02,2.573079368e-02
1.369000000e-03,5.094084703e-32,-2.547221959e+00,2.547221960e-02,-2.547221959e-02,2.547221960e-02
1.370000000e-03,4.430601837e-31,-2.521624397e+00,2.521624397e-02,-2.521624397e-02,2.521624397e-02
1.371000000e-03,-1.134661627e-30,-2.496284070e+00,2.496284070e-02,-2.496284070e-02,2.496284070e-02
1.372000000e-03,-3.264451256e-32,-2.471198393e+00,2.471198394e-02,-2.471198393e-02,2.471198394e-02
1.373000000e-03,9.061500388e-32,-2.446364808e+00,2.446364808e-02,-2.446364808e-02,2.446364808e-02
1.374000000e-03,4.015563934e-32,-2.421780780e+00,2.421780780e-02,-2.421780780e-02,2.421780780e-02
1.375000000e-03,-5.902975280e-32,-2.397443802e+00,2.397443803e-02,-2.397443802e-02,2.397443803e-02
1.376000000e-03,-4.814824861e-34,-2.373351392e+00,2.373351392e-02,-2.373351392e-02,2.373351392e-02
1.377000000e-03,9.812613067e-32,-2.349501091e+00,2.349501091e-02,-2.349501091e-02,2.349501091e-02
1.378000000e-03,-4.814824861e-34,-2.325890467e+00,2.325890467e-02,-2.325890467e-02,2.325890467e-02
1.379000000e-03,2.417042080e-32,-2.302517111e+00,2.302517111e-02,-2.302517111e-02,2.302517111e-02
1.380000000e-03,-2.513338577e-32,-2.279378639e+00,2.279378639e-02,-2.279378639e-02,2.279378639e-02
1.381000000e-03,-4.918945449e-32,-2.256472690e+00,2.256472690e-02,-2.256472690e-02,2.256472690e-02
1.382000000e-03,5.433289114e-31,-2.233796927e+00,2.233796927e-02,-2.233796927e-02,2.233796927e-02
1.383000000e-03,-5.438344680e-32,-2.211349038e+00,2.211349038e-02,-2.211349038e-02,2.211349038e-02
1.384000000e-03,1.957226306e-32,-2.189126733e+00,2.189126733e-02,-2.189126733e-02,2.189126733e-02
1.385000000e-03,-2.575931301e-33,-2.167127744e+00,2.167127744e-02,-2.167127744e-02,2.167127744e-02
1.386000000e-03,1.513516121e-30,-2.145349827e+00,2.145349827e-02,-2.145349827e-02,2.145349827e-02
1.387000000e-03,6.213531483e-32,-2.123790761e+00,2.123790762e-02,-2.123790761e-02,2.123790762e-02
1.388000000e-03,1.607429280e-31,-2.102448347e+00,2.102448347e-02,-2.102448347e-02,2.102448347e-02
1.389000000e-03,1.579984778e-31,-2.081320407e+00,2.081320408e-02,-2.081320407e-02,2.081320408e-02
1.390000000e-03,1.008705808e-32,-2.060404787e+00,2.060404787e-02,-2.060404787e-02,2.060404787e-02
1.391000000e-03,-8.470329473e-21,-2.039699351e+00,2.039699351e-02,-2.039699351e-02,2.039699351e-02
1.392000000e-03,5.939086466e-32,-2.019201989e+00,2.019201989e-02,-2.019201989e-02,2.019201989e-02
1.393000000e-03,1.008705808e-32,-1.998910609e+00,1.998910609e-02,-1.998910609e-02,1.998910609e-02
1.394000000e-03,1.341289836e-30,-1.978823142e+00,1.978823142e-02,-1.978823142e-02,1.978823142e-02
1.395000000e-03,-2.238893560e-33,-1.958937537e+00,1.958937537e-02,-1.958937537e-02,1.958937537e-02
1.396000000e-03,4.706491302e-32,-1.939251767e+00,1.939251767e-02,-1.939251767e-02,1.939251767e-02
1.397000000e-03,-2.689079685e-32,-1.919763824e+00,1.919763824e-02,-1.919763824e-02,1.919763824e-02
1.398000000e-03,-2.094448815e-33,-1.900471718e+00,1.900471719e-02,-1.900471718e-02,1.900471719e-02
1.399000000e-03,-5.537048590e-34,-1.881373484e+00,1.881373484e-02,-1.881373484e-02,1.881373484e-02
1.400000000e-03,2.678741696e-20,-1.862467171e+00,1.862467171e-02,-1.862467171e-02,1.862467171e-02
1.401000000e-03,5.000000000e+00,3.106500595e+00,1.893499404e-02,-1.893499405e-02,1.893499404e-02
1.402000000e-03,5.000000000e+00,3.075780212e+00,1.924219788e-02,-1.924219789e-02,1.924219788e-02
1.403000000e-03,5.000000000e+00,3.045368543e+00,1.954631456e-02,-1.954631457e-02,1.954631456e-02
1.404000000e-03,5.000000000e+00,3.015262488e+00,1.984737511e-02,-1.984737512e-02,1.984737511e-02
1.405000000e-03,5.000000000e+00,2.985458975e+00,2.014541025e-02,-2.014541025e-02,2.014541025e-02
1.406000000e-03,5.000000000e+00,2.955954964e+00,2.044045036e-02,-2.044045037e-02,2.044045036e-02
1.407000000e-03,5.000000000e+00,2.926747444e+00,2.073252555e-02,-2.073252556e-02,2.073252555e-02
1.408000000e-03,5.000000000e+00,2.897833437e+00,2.102166563e-02,-2.102166563e-02,2.102166563e-02
1.409000000e-03,5.000000000e+00,2.869209993e+00,2.130790007e-02,-2.130790007e-02,2.130790007e-02
1.410000000e-03,5.000000000e+00,2.840874192e+00,2.159125808e-02,-2.159125809e-02,2.159125808e-02
1.411000000e-03,5.000000000e+00,2.812823143e+00,2.187176857e-02,-2.187176858e-02,2.187176857e-02
1.412000000e-03,5.000000000e+00,2.785053985e+00,2.214946015e-02,-2.214946016e-02,2.214946015e-02
1.413000000e-03,5.000000000e+00,2.757563885e+00,2.242436115e-02,-2.242436116e-02,2.242436115e-02
1.414000000e-03,5.000000000e+00,2.730350038e+00,2.269649961e-02,-2.269649962e-02,2.269649961e-02
1.415000000e-03,5.000000000e+00,2.703409670e+00,2.296590330e-02,-2.296590331e-02,2.296590330e-02
1.416000000e-03,5.000000000e+00,2.676740030e+00,2.323259969e-02,-2.323259970e-02,2.323259970e-02
1.417000000e-03,5.000000000e+00,2.650338400e+00,2.349661600e-02,-2.349661601e-02,2.349661600e-02
1.418000000e-03,5.000000000e+00,2.624202084e+00,2.375797915e-02,-2.375797916e-02,2.375797915e-02
1.419000000e-03,5.000000000e+00,2.598328418e+00,2.401671581e-02,-2.401671582e-02,2.401671581e-02
1.420000000e-03,5.000000000e+00,2.572714762e+00,2.427285237e-02,-2.427285238e-02,2.427285237e-02
1.421000000e-03,5.000000000e+00,2.547358503e+00,2.452641496e-02,-2.452641497e-02,2.452641496e-02
1.422000000e-03,5.000000000e+00,2.522257054e+00,2.477742945e-02,-2.477742946e-02,2.477742945e-02
1.423000000e-03,5.000000000e+00,2.497407855e+00,2.502592144e-02,-2.502592145e-02,2.502592144e-02
1.424000000e-03,5.000000000e+00,2.472808371e+00,2.527191629e-02,-2.527191630e-02,2.527191629e-02
1.425000000e-03,5.000000000e+00,2.448456092e+00,2.551543908e-02,-2.551543909e-02,2.551543908e-02
1.426000000e-03,5.000000000e+00,2.424348534e+00,2.575651466e-02,-2.575651467e-02,2.575651466e-02
1.427000000e-03,5.000000000e+00,2.400483238e+00,2.599516762e-02,-2.599516763e-02,2.599516762e-02
1.428000000e-03,5.000000000e+00,2.376857769e+00,2.623142231e-02,-2.623142232e-02,2.623142231e-02
1.429000000e-03,5.000000000e+00,2.353469717e+00,2.646530282e-02,-2.646530283e-02,2.646530282e-02
1.430000000e-03,5.000000000e+00,2.330316697e+00,2.669683303e-02,-2.669683303e-02,2.669683303e-02
1.431000000e-03,5.000000000e+00,2.307396347e+00,2.692603653e-02,-2.692603654e-02,2.692603653e-02
1.432000000e-03,5.000000000e+00,2.284706327e+00,2.715293673e-02,-2.715293673e-02,2.715293673e-02
1.433000000e-03,5.000000000e+00,2.262244325e+00,2.737755675e-02,-2.737755676e-02,2.737755675e-02
1.434000000e-03,5.000000000e+00,2.240008047e+00,2.759991952e-02,-2.759991953e-02,2.759991952e-02
1.435000000e-03,5.000000000e+00,2.217995227e+00,2.782004773e-02,-2.782004773e-02,2.782004773e-02
1.436000000e-03,5.000000000e+00,2.196203618e+00,2.803796382e-02,-2.803796382e-02,2.803796382e-02
1.437000000e-03,5.000000000e+00,2.174630998e+00,2.825369002e-02,-2.825369003e-02,2.825369002e-02
1.438000000e-03,5.000000000e+00,2.153275165e+00,2.846724835e-02,-2.846724836e-02,2.846724835e-02
1.439000000e-03,5.000000000e+00,2.132133941e+00,2.867866058e-02,-2.867866059e-02,2.867866058e-02
1.440000000e-03,5.000000000e+00,2.111205170e+00,2.888794829e-02,-2.888794830e-02,2.888794829e-02
1.441000000e-03,5.000000000e+00,2.090486717e+00,2.909513283e-02,-2.909513284e-02,2.909513283e-02
1.442000000e-03,5.000000000e+00,2.069976467e+00,2.930023532e-02,-2.930023533e-02,2.930023532e-02
1.443000000e-03,5.000000000e+00,2.049672330e+00,2.950327670e-02,-2.950327671e-02,2.950327670e-02
1.444000000e-03,5.000000000e+00,2.029572233e+00,2.970427767e-02,-2.970427768e-02,2.970427767e-02
1.445000000e-03,5.000000000e+00,2.009674126e+00,2.990325874e-02,-2.990325875e-02,2.990325874e-02
1.446000000e-03,5.000000000e+00,1.989975979e+00,3.010024021e-02,-3.010024022e-02,3.010024021e-02
1.447000000e-03,5.000000000e+00,1.970475782e+00,3.029524217e-02,-3.029524218e-02,3.029524217e-02
1.448000000e-03,5.000000000e+00,1.951171548e+00,3.048828452e-02,-3.048828453e-02,3.048828452e-02
1.449000000e-03,5.000000000e+00,1.932061306e+00,3.067938694e-02,-3.067938695e-02,3.067938694e-02
1.450000000e-03,5.000000000e+00,1.913143106e+00,3.086856894e-02,-3.086856895e-02,3.086856894e-02
1.451000000e-03,1.232595164e-32,-3.055836428e+00,3.055836428e-02,-3.055836428e-02,3.055836428e-02
1.452000000e-03,-3.218725200e-20,-3.025127693e+00,3.025127694e-02,-3.025127693e-02,3.025127694e-02
1.453000000e-03,-3.081487911e-33,-2.994727557e+00,2.994727558e-02,-2.994727557e-02,2.994727558e-02
1.454000000e-03,-3.081487911e-33,-2.964632918e+00,2.964632919e-02,-2.964632918e-02,2.964632919e-02
1.455000000e-03,2.157041538e-32,-2.934840707e+00,2.934840707e-02,-2.934840707e-02,2.934840707e-02
1.456000000e-03,2.142597063e-32,-2.905347883e+00,2.905347884e-02,-2.905347883e-02,2.905347884e-02
1.457000000e-03,-3.225932657e-33,-2.876151439e+00,2.876151440e-02,-2.876151439e-02,2.876151440e-02
1.458000000e-03,4.607787392e-32,-2.847248397e+00,2.847248397e-02,-2.847248397e-02,2.847248397e-02
1.459000000e-03,-5.252973923e-32,-2.818635807e+00,2.818635807e-02,-2.818635807e-02,2.818635807e-02
1.460000000e-03,-1.555188430e-32,-2.790310750e+00,2.790310751e-02,-2.790310750e-02,2.790310751e-02
1.461000000e-03,-3.603896408e-31,-2.762270338e+00,2.762270339e-02,-2.762270338e-02,2.762270339e-02
1.462000000e-03,9.388908479e-33,-2.734511710e+00,2.734511711e-02,-2.734511710e-02,2.734511711e-02
1.463000000e-03,2.710505431e-20,-2.707032035e+00,2.707032035e-02,-2.707032035e-02,2.707032035e-02
1.464000000e-03,-1.396299210e-33,-2.679828508e+00,2.679828508e-02,-2.679828508e-02,2.679828508e-02
1.465000000e-03,2.710505431e-20,-2.652898355e+00,2.652898355e-02,-2.652898355e-02,2.652898355e-02
1.466000000e-03,-2.604820250e-32,-2.626238829e+00,2.626238829e-02,-2.626238829e-02,2.626238829e-02
1.467000000e-03,2.347227120e-32,-2.599847210e+00,2.599847210e-02,-2.599847210e-02,2.599847210e-02
1.468000000e-03,-2.580746125e-32,-2.573720805e+00,2.573720806e-02,-2.573720805e-02,2.573720806e-02
1.469000000e-03,-1.155557967e-33,-2.547856951e+00,2.547856951e-02,-2.547856951e-02,2.547856951e-02
1.470000000e-03,1.590818134e-31,-2.522253007e+00,2.522253008e-02,-2.522253007e-02,2.522253008e-02
1.471000000e-03,5.357483391e-20,-2.496906363e+00,2.496906364e-02,-2.496906363e-02,2.496906364e-02
1.472000000e-03,-1.355066600e-20,-2.471814433e+00,2.471814433e-02,-2.471814433e-02,2.471814433e-02
1.473000000e-03,-1.355252716e-20,-2.446974657e+00,2.446974657e-02,-2.446974657e-02,2.446974657e-02
1.474000000e-03,6.023345901e-32,-2.422384500e+00,2.422384501e-02,-2.422384500e-02,2.422384501e-02
1.475000000e-03,-3.924082262e-32,-2.398041456e+00,2.398041456e-02,-2.398041456e-02,2.398041456e-02
1.476000000e-03,-1.355252716e-20,-2.373943039e+00,2.373943040e-02,-2.373943039e-02,2.373943040e-02
1.477000000e-03,-7.621867755e-32,-2.350086793e+00,2.350086793e-02,-2.350086793e-02,2.350086793e-02
1.478000000e-03,-6.776263578e-21,-2.326470283e+00,2.326470283e-02,-2.326470283e-02,2.326470283e-02
1.479000000e-03,-1.008705808e-31,-2.303091100e+00,2.303091101e-02,-2.303091100e-02,2.303091101e-02
1.480000000e-03,1.328939810e-30,-2.279946860e+00,2.279946860e-02,-2.279946860e-02,2.279946860e-02
1.481000000e-03,9.634464547e-32,-2.257035201e+00,2.257035201e-02,-2.257035201e-02,2.257035201e-02
1.482000000e-03,-1.017372493e-31,-2.234353785e+00,2.234353786e-02,-2.234353785e-02,2.234353786e-02
1.483000000e-03,9.196315484e-33,-2.211900300e+00,2.211900301e-02,-2.211900300e-02,2.211900301e-02
1.484000000e-03,-6.396494828e-32,-2.189672455e+00,2.189672455e-02,-2.189672455e-02,2.189672455e-02
1.485000000e-03,3.827785764e-33,-2.167667982e+00,2.167667982e-02,-2.167667982e-02,2.167667982e-02
1.486000000e-03,-1.613523318e-19,-2.145884637e+00,2.145884637e-02,-2.145884637e-02,2.145884637e-02
1.487000000e-03,-3.698026234e-31,-2.124320196e+00,2.124320197e-02,-2.124320196e-02,2.124320197e-02
1.488000000e-03,-2.063152453e-32,-2.102972462e+00,2.102972462e-02,-2.102972462e-02,2.102972462e-02
1.489000000e-03,-4.002416791e-20,-2.081839255e+00,2.081839255e-02,-2.081839255e-02,2.081839255e-02
1.490000000e-03,1.029168814e-31,-2.060918420e+00,2.060918421e-02,-2.060918420e-02,2.060918421e-02
1.491000000e-03,-1.419410369e-31,-2.040207823e+00,2.040207824e-02,-2.040207823e-02,2.040207824e-02
1.492000000e-03,2.678741696e-20,-2.019705351e+00,2.019705352e-02,-2.019705351e-02,2.019705352e-02
1.493000000e-03,-1.637040453e-32,-1.999408913e+00,1.999408913e-02,-1.999408913e-02,1.999408913e-02
1.494000000e-03,8.281498761e-33,-1.979316438e+00,1.979316438e-02,-1.979316438e-02,1.979316438e-02
1.495000000e-03,-1.390521420e-31,-1.959425876e+00,1.959425876e-02,-1.959425876e-02,1.959425876e-02
1.496000000e-03,-2.032879073e-20,-1.939735199e+00,1.939735199e-02,-1.939735199e-02,1.939735199e-02
1.497000000e-03,-1.497892014e-31,-1.920242397e+00,1.920242397e-02,-1.920242397e-02,1.920242397e-02
1.498000000e-03,-3.885563663e-32,-1.900945483e+00,1.900945483e-02,-1.900945483e-02,1.900945483e-02
1.499000000e-03,-7.583349156e-32,-1.881842487e+00,1.881842487e-02,-1.881842487e-02,1.881842487e-02
1.500000000e-03,9.672983146e-32,-1.862931461e+00,1.862931461e-02,-1.862931461e-02,1.862931461e-02
1.501000000e-03,5.000000000e+00,3.106040971e+00,1.893959029e-02,-1.893959030e-02,1.893959029e-02
1.502000000e-03,5.000000000e+00,3.075325206e+00,1.924674794e-02,-1.924674795e-02,1.924674794e-02
1.503000000e-03,5.000000000e+00,3.044918110e+00,1.955081890e-02,-1.955081890e-02,1.955081890e-02
1.504000000e-03,5.000000000e+00,3.014816582e+00,1.985183418e-02,-1.985183419e-02,1.985183418e-02
1.505000000e-03,5.000000000e+00,2.985017549e+00,2.014982450e-02,-2.014982451e-02,2.014982450e-02
1.506000000e-03,5.000000000e+00,2.955517974e+00,2.044482026e-02,-2.044482027e-02,2.044482026e-02
1.507000000e-03,5.000000000e+00,2.926314846e+00,2.073685154e-02,-2.073685155e-02,2.073685154e-02
1.508000000e-03,5.000000000e+00,2.897405186e+00,2.102594814e-02,-2.102594814e-02,2.102594814e-02
1.509000000e-03,5.000000000e+00,2.868786046e+00,2.131213954e-02,-2.131213955e-02,2.131213954e-02
1.510000000e-03,5.000000000e+00,2.840454505e+00,2.159545495e-02,-2.159545496e-02,2.159545495e-02
1.511000000e-03,5.000000000e+00,2.812407673e+00,2.187592326e-02,-2.187592327e-02,2.187592326e-02
1.512000000e-03,5.000000000e+00,2.784642690e+00,2.215357309e-02,-2.215357310e-02,2.215357309e-02
1.513000000e-03,5.000000000e+00,2.757156723e+00,2.242843276e-02,-2.242843277e-02,2.242843276e-02
1.514000000e-03,5.000000000e+00,2.729946969e+00,2.270053031e-02,-2.270053032e-02,2.270053031e-02
1.515000000e-03,5.000000000e+00,2.703010651e+00,2.296989349e-02,-2.296989350e-02,2.296989349e-02
1.516000000e-03,5.000000000e+00,2.676345021e+00,2.323654979e-02,-2.323654980e-02,2.323654979e-02
1.517000000e-03,5.000000000e+00,2.649947360e+00,2.350052640e-02,-2.350052641e-02,2.350052640e-02
1.518000000e-03,5.000000000e+00,2.623814974e+00,2.376185025e-02,-2.376185026e-02,2.376185025e-02
1.519000000e-03,5.000000000e+00,2.597945199e+00,2.402054801e-02,-2.402054802e-02,2.402054801e-02
1.520000000e-03,5.000000000e+00,2.572335394e+00,2.427664606e-02,-2.427664607e-02,2.427664606e-02
1.521000000e-03,5.000000000e+00,2.546982947e+00,2.453017053e-02,-2.453017054e-02,2.453017053e-02
1.522000000e-03,5.000000000e+00,2.521885272e+00,2.478114728e-02,-2.478114729e-02,2.478114728e-02
1.523000000e-03,5.000000000e+00,2.497039809e+00,2.502960191e-02,-2.502960192e-02,2.502960191e-02
1.524000000e-03,5.000000000e+00,2.472444023e+00,2.527555977e-02,-2.527555977e-02,2.527555977e-02
1.525000000e-03,5.000000000e+00,2.448095405e+00,2.551904594e-02,-2.551904595e-02,2.551904594e-02
1.526000000e-03,5.000000000e+00,2.423991472e+00,2.576008528e-02,-2.576008528e-02,2.576008528e-02
1.527000000e-03,5.000000000e+00,2.400129764e+00,2.599870236e-02,-2.599870236e-02,2.599870236e-02
1.528000000e-03,5.000000000e+00,2.376507847e+00,2.623492152e-02,-2.623492153e-02,2.623492152e-02
1.529000000e-03,5.000000000e+00,2.353123312e+00,2.646876687e-02,-2.646876688e-02,2.646876687e-02
1.530000000e-03,5.000000000e+00,2.329973773e+00,2.670026226e-02,-2.670026227e-02,2.670026226e-02
1.531000000e-03,5.000000000e+00,2.307056869e+00,2.692943131e-02,-2.692943132e-02,2.692943131e-02
1.532000000e-03,5.000000000e+00,2.284370261e+00,2.715629739e-02,-2.715629740e-02,2.715629739e-02
1.533000000e-03,5.000000000e+00,2.261911636e+00,2.738088364e-02,-2.738088365e-02,2.738088364e-02
1.534000000e-03,5.000000000e+00,2.239678702e+00,2.760321298e-02,-2.760321299e-02,2.760321298e-02
1.535000000e-03,5.000000000e+00,2.217669191e+00,2.782330809e-02,-2.782330810e-02,2.782330809e-02
1.536000000e-03,5.000000000e+00,2.195880858e+00,2.804119141e-02,-2.804119142e-02,2.804119141e-02
1.537000000e-03,5.000000000e+00,2.174311481e+00,2.825688518e-02,-2.825688519e-02,2.825688518e-02
1.538000000e-03,5.000000000e+00,2.152958859e+00,2.847041140e-02,-2.847041141e-02,2.847041140e-02
1.539000000e-03,5.000000000e+00,2.131820815e+00,2.868179185e-02,-2.868179186e-02,2.868179185e-02
1.540000000e-03,5.000000000e+00,2.110895190e+00,2.889104810e-02,-2.889104810e-02,2.889104810e-02
1.541000000e-03,5.000000000e+00,2.090179852e+00,2.909820148e-02,-2.909820149e-02,2.909820148e-02
1.542000000e-03,5.000000000e+00,2.069672686e+00,2.930327314e-02,-2.930327314e-02,2.930327314e-02
1.543000000e-03,5.000000000e+00,2.049371601e+00,2.950628399e-02,-2.950628399e-02,2.950628399e-02
1.544000000e-03,5.000000000e+00,2.029274526e+00,2.970725474e-02,-2.970725474e-02,2.970725474e-02
1.545000000e-03,5.000000000e+00,2.009379411e+00,2.990620589e-02,-2.990620590e-02,2.990620589e-02
1.546000000e-03,5.000000000e+00,1.989684226e+00,3.010315774e-02,-3.010315775e-02,3.010315774e-02
1.547000000e-03,5.000000000e+00,1.970186961e+00,3.029813039e-02,-3.029813039e-02,3.029813039e-02
1.548000000e-03,5.000000000e+00,1.950885629e+00,3.049114371e-02,-3.049114371e-02,3.049114371e-02
1.549000000e-03,5.000000000e+00,1.931778260e+00,3.068221740e-02,-3.068221741e-02,3.068221740e-02
1.550000000e-03,5.000000000e+00,1.912862905e+00,3.087137095e-02,-3.087137096e-02,3.087137095e-02
1.551000000e-03,2.465190329e-32,-3.056113813e+00,3.056113814e-02,-3.056113813e-02,3.056113814e-02
1.552000000e-03,0.000000000e+00,-3.025402291e+00,3.025402292e-02,-3.025402291e-02,3.025402292e-02
1.553000000e-03,4.930380658e-32,-2.994999396e+00,2.994999396e-02,-2.994999396e-02,2.994999396e-02
1.554000000e-03,1.355252716e-20,-2.964902025e+00,2.964902025e-02,-2.964902025e-02,2.964902025e-02
1.555000000e-03,-7.701382375e-20,-2.935107109e+00,2.935107109e-02,-2.935107109e-02,2.935107109e-02
1.556000000e-03,-5.450381743e-32,-2.905611609e+00,2.905611609e-02,-2.905611609e-02,2.905611609e-02
1.557000000e-03,1.355252716e-20,-2.876412514e+00,2.876412515e-02,-2.876412514e-02,2.876412515e-02
1.558000000e-03,3.388131789e-20,-2.847506848e+00,2.847506848e-02,-2.847506848e-02,2.847506848e-02
1.559000000e-03,-4.545194669e-32,-2.818891661e+00,2.818891661e-02,-2.818891661e-02,2.818891661e-02
1.560000000e-03,-3.166228829e-31,-2.790564033e+00,2.790564034e-02,-2.790564033e-02,2.790564034e-02
1.561000000e-03,1.355252716e-20,-2.762521076e+00,2.762521076e-02,-2.762521076e-02,2.762521076e-02
1.562000000e-03,7.703719778e-34,-2.734759928e+00,2.734759929e-02,-2.734759928e-02,2.734759929e-02
1.563000000e-03,1.309632362e-32,-2.707277758e+00,2.707277758e-02,-2.707277758e-02,2.707277758e-02
1.564000000e-03,1.128594947e-31,-2.680071762e+00,2.680071762e-02,-2.680071762e-02,2.680071762e-02
1.565000000e-03,1.107409718e-32,-2.653139165e+00,2.653139165e-02,-2.653139165e-02,2.653139165e-02
1.566000000e-03,3.457044250e-32,-2.626477218e+00,2.626477219e-02,-2.626477218e-02,2.626477219e-02
1.567000000e-03,-8.666684750e-34,-2.600083204e+00,2.600083204e-02,-2.600083204e-02,2.600083204e-02
1.568000000e-03,-2.530190464e-32,-2.573954428e+00,2.573954428e-02,-2.573954428e-02,2.573954428e-02
1.569000000e-03,-4.995380793e-32,-2.548088226e+00,2.548088226e-02,-2.548088226e-02,2.548088226e-02
1.570000000e-03,8.907425993e-34,-2.522481958e+00,2.522481958e-02,-2.522481958e-02,2.522481958e-02
1.571000000e-03,-7.306496727e-32,-2.497133013e+00,2.497133014e-02,-2.497133013e-02,2.497133014e-02
1.572000000e-03,-7.306496727e-32,-2.472038805e+00,2.472038806e-02,-2.472038805e-02,2.472038806e-02
1.573000000e-03,5.019454918e-32,-2.447196774e+00,2.447196774e-02,-2.447196774e-02,2.447196774e-02
1.574000000e-03,-2.067967278e-32,-2.422604386e+00,2.422604386e-02,-2.422604386e-02,2.422604386e-02
1.575000000e-03,3.972230510e-33,-2.398259132e+00,2.398259132e-02,-2.398259132e-02,2.398259132e-02
1.576000000e-03,1.629818215e-32,-2.374158528e+00,2.374158528e-02,-2.374158528e-02,2.374158528e-02
1.577000000e-03,-1.495003119e-32,-2.350300116e+00,2.350300116e-02,-2.350300116e-02,2.350300116e-02
1.578000000e-03,-2.624079549e-33,-2.326681462e+00,2.326681462e-02,-2.326681462e-02,2.326681462e-02
1.579000000e-03,-5.942697585e-31,-2.303300157e+00,2.303300157e-02,-2.303300157e-02,2.303300157e-02
1.580000000e-03,-2.624079549e-33,-2.280153816e+00,2.280153816e-02,-2.280153816e-02,2.280153816e-02
1.581000000e-03,9.598353360e-32,-2.257240077e+00,2.257240077e-02,-2.257240077e-02,2.257240077e-02
1.582000000e-03,-2.624079549e-33,-2.234556603e+00,2.234556603e-02,-2.234556603e-02,2.234556603e-02
1.583000000e-03,2.202782374e-32,-2.212101080e+00,2.212101080e-02,-2.212101080e-02,2.212101080e-02
1.584000000e-03,-2.727598284e-32,-2.189871217e+00,2.189871217e-02,-2.189871217e-02,2.189871217e-02
1.585000000e-03,-5.192788613e-32,-2.167864746e+00,2.167864747e-02,-2.167864746e-02,2.167864747e-02
1.586000000e-03,-1.495003119e-32,-2.146079424e+00,2.146079424e-02,-2.146079424e-02,2.146079424e-02
1.587000000e-03,5.828345494e-32,-2.124513026e+00,2.124513026e-02,-2.124513026e-02,2.124513026e-02
1.588000000e-03,5.709178579e-32,-2.103163354e+00,2.103163354e-02,-2.103163354e-02,2.103163354e-02
1.589000000e-03,-2.918987572e-32,-2.082028229e+00,2.082028229e-02,-2.082028229e-02,2.082028229e-02
1.590000000e-03,7.787979213e-33,-2.061105495e+00,2.061105495e-02,-2.061105495e-02,2.061105495e-02
1.591000000e-03,-3.747137448e-32,-2.040393018e+00,2.040393018e-02,-2.040393018e-02,2.040393018e-02
1.592000000e-03,-2.514542284e-32,-2.019888685e+00,2.019888685e-02,-2.019888685e-02,2.019888685e-02
1.593000000e-03,6.620384184e-34,-1.999590404e+00,1.999590404e-02,-1.999590404e-02,1.999590404e-02
1.594000000e-03,-4.864176816e-32,-1.979496105e+00,1.979496105e-02,-1.979496105e-02,1.979496105e-02
1.595000000e-03,-1.166391323e-32,-1.959603738e+00,1.959603738e-02,-1.959603738e-02,1.959603738e-02
1.596000000e-03,-8.561962309e-32,-1.939911273e+00,1.939911273e-02,-1.939911273e-02,1.939911273e-02
1.597000000e-03,-1.842272362e-31,-1.920416702e+00,1.920416702e-02,-1.920416702e-02,1.920416702e-02
1.598000000e-03,3.880748838e-32,-1.901118036e+00,1.901118036e-02,-1.901118036e-02,1.901118036e-02
1.599000000e-03,-5.951123528e-32,-1.882013306e+00,1.882013306e-02,-1.882013306e-02,1.882013306e-02
1.600000000e-03,-6.712549991e-20,-1.863100564e+00,1.863100564e-02,-1.863100564e-02,1.863100564e-02
1.601000000e-03,5.000000000e+00,3.105873568e+00,1.894126432e-02,-1.894126433e-02,1.894126432e-02
1.602000000e-03,5.000000000e+00,3.075159485e+00,1.924840515e-02,-1.924840516e-02,1.924840515e-02
1.603000000e-03,5.000000000e+00,3.044754054e+00,1.955245945e-02,-1.955245946e-02,1.955245945e-02
1.604000000e-03,5.000000000e+00,3.014654175e+00,1.985345825e-02,-1.985345826e-02,1.985345825e-02
1.605000000e-03,5.000000000e+00,2.984856774e+00,2.015143225e-02,-2.015143226e-02,2.015143225e-02
1.606000000e-03,5.000000000e+00,2.955358815e+00,2.044641185e-02,-2.044641186e-02,2.044641185e-02
1.607000000e-03,5.000000000e+00,2.926157286e+00,2.073842714e-02,-2.073842714e-02,2.073842714e-02
1.608000000e-03,5.000000000e+00,2.897249210e+00,2.102750790e-02,-2.102750791e-02,2.102750790e-02
1.609000000e-03,5.000000000e+00,2.868631636e+00,2.131368363e-02,-2.131368364e-02,2.131368363e-02
1.610000000e-03,5.000000000e+00,2.840301647e+00,2.159698352e-02,-2.159698353e-02,2.159698352e-02
1.611000000e-03,5.000000000e+00,2.812256352e+00,2.187743648e-02,-2.187743649e-02,2.187743648e-02
1.612000000e-03,5.000000000e+00,2.784492890e+00,2.215507110e-02,-2.215507111e-02,2.215507110e-02
1.613000000e-03,5.000000000e+00,2.757008428e+00,2.242991572e-02,-2.242991572e-02,2.242991572e-02
1.614000000e-03,5.000000000e+00,2.729800164e+00,2.270199836e-02,-2.270199837e-02,2.270199836e-02
1.615000000e-03,5.000000000e+00,2.702865321e+00,2.297134679e-02,-2.297134680e-02,2.297134679e-02
1.616000000e-03,5.000000000e+00,2.676201152e+00,2.323798848e-02,-2.323798849e-02,2.323798848e-02
1.617000000e-03,5.000000000e+00,2.649804936e+00,2.350195063e-02,-2.350195064e-02,2.350195063e-02
1.618000000e-03,5.000000000e+00,2.623673982e+00,2.376326018e-02,-2.376326018e-02,2.376326018e-02
1.619000000e-03,5.000000000e+00,2.597805623e+00,2.402194377e-02,-2.402194377e-02,2.402194377e-02
1.620000000e-03,5.000000000e+00,2.572197221e+00,2.427802779e-02,-2.427802780e-02,2.427802779e-02
1.621000000e-03,5.000000000e+00,2.546846162e+00,2.453153837e-02,-2.453153838e-02,2.453153837e-02
1.622000000e-03,5.000000000e+00,2.521749862e+00,2.478250137e-02,-2.478250138e-02,2.478250137e-02
1.623000000e-03,5.000000000e+00,2.496905760e+00,2.503094240e-02,-2.503094241e-02,2.503094240e-02
1.624000000e-03,5.000000000e+00,2.472311321e+00,2.527688678e-02,-2.527688679e-02,2.527688679e-02
1.625000000e-03,5.000000000e+00,2.447964037e+00,2.552035963e-02,-2.552035963e-02,2.552035963e-02
1.626000000e-03,5.000000000e+00,2.423861424e+00,2.576138576e-02,-2.576138577e-02,2.576138576e-02
1.627000000e-03,5.000000000e+00,2.400001023e+00,2.599998977e-02,-2.599998978e-02,2.599998977e-02
1.628000000e-03,5.000000000e+00,2.376380400e+00,2.623619600e-02,-2.623619601e-02,2.623619600e-02
1.629000000e-03,5.000000000e+00,2.352997146e+00,2.647002854e-02,-2.647002855e-02,2.647002854e-02
1.630000000e-03,5.000000000e+00,2.329848874e+00,2.670151125e-02,-2.670151126e-02,2.670151125e-02
1.631000000e-03,5.000000000e+00,2.306933225e+00,2.693066775e-02,-2.693066776e-02,2.693066775e-02
1.632000000e-03,5.000000000e+00,2.284247860e+00,2.715752140e-02,-2.715752141e-02,2.715752140e-02
1.633000000e-03,5.000000000e+00,2.261790464e+00,2.738209535e-02,-2.738209536e-02,2.738209535e-02
1.634000000e-03,5.000000000e+00,2.239558748e+00,2.760441252e-02,-2.760441253e-02,2.760441252e-02
1.635000000e-03,5.000000000e+00,2.217550443e+00,2.782449557e-02,-2.782449558e-02,2.782449557e-02
1.636000000e-03,5.000000000e+00,2.195763304e+00,2.804236696e-02,-2.804236697e-02,2.804236696e-02
1.637000000e-03,5.000000000e+00,2.174195108e+00,2.825804892e-02,-2.825804893e-02,2.825804892e-02
1.638000000e-03,5.000000000e+00,2.152843656e+00,2.847156344e-02,-2.847156345e-02,2.847156344e-02
1.639000000e-03,5.000000000e+00,2.131706768e+00,2.868293231e-02,-2.868293232e-02,2.868293231e-02
1.640000000e-03,5.000000000e+00,2.110782290e+00,2.889217710e-02,-2.889217710e-02,2.889217710e-02
1.641000000e-03,5.000000000e+00,2.090068086e+00,2.909931914e-02,-2.909931914e-02,2.909931914e-02
1.642000000e-03,5.000000000e+00,2.069562044e+00,2.930437956e-02,-2.930437957e-02,2.930437956e-02
1.643000000e-03,5.000000000e+00,2.049262071e+00,2.950737929e-02,-2.950737930e-02,2.950737929e-02
1.644000000e-03,5.000000000e+00,2.029166096e+00,2.970833904e-02,-2.970833904e-02,2.970833904e-02
1.645000000e-03,5.000000000e+00,2.009272070e+00,2.990727929e-02,-2.990727930e-02,2.990727929e-02
1.646000000e-03,5.000000000e+00,1.989577964e+00,3.010422036e-02,-3.010422037e-02,3.010422036e-02
1.647000000e-03,5.000000000e+00,1.970081768e+00,3.029918232e-02,-3.029918233e-02,3.029918232e-02
1.648000000e-03,5.000000000e+00,1.950781492e+00,3.049218507e-02,-3.049218508e-02,3.049218507e-02
1.649000000e-03,5.000000000e+00,1.931675170e+00,3.068324830e-02,-3.068324831e-02,3.068324830e-02
1.650000000e-03,5.000000000e+00,1.912760851e+00,3.087239149e-02,-3.087239150e-02,3.087239149e-02
1.651000000e-03,-3.081487911e-33,-3.056214842e+00,3.056214842e-02,-3.056214842e-02,3.056214842e-02
1.652000000e-03,-2.427609662e-20,-3.025502305e+00,3.025502305e-02,-3.025502305e-02,3.025502305e-02
1.653000000e-03,4.506676070e-32,-2.995098404e+00,2.995098404e-02,-2.995098404e-02,2.995098404e-02
1.654000000e-03,9.437056727e-32,-2.965000038e+00,2.965000039e-02,-2.965000038e-02,2.965000039e-02
1.655000000e-03,-1.251854464e-33,-2.935204138e+00,2.935204138e-02,-2.935204138e-02,2.935204138e-02
1.656000000e-03,-1.251854464e-33,-2.905707662e+00,2.905707662e-02,-2.905707662e-02,2.905707662e-02
1.657000000e-03,-4.747417313e-32,-2.876507602e+00,2.876507603e-02,-2.876507602e-02,2.876507603e-02
1.658000000e-03,8.768114493e-21,-2.847600981e+00,2.847600981e-02,-2.847600981e-02,2.847600981e-02
1.659000000e-03,-5.662234036e-32,-2.818984847e+00,2.818984847e-02,-2.818984847e-02,2.818984847e-02
1.660000000e-03,-5.561122714e-32,-2.790656283e+00,2.790656284e-02,-2.790656283e-02,2.790656284e-02
1.661000000e-03,-1.776670374e-32,-2.762612399e+00,2.762612399e-02,-2.762612399e-02,2.762612399e-02
1.662000000e-03,-2.359264182e-33,-2.734850334e+00,2.734850334e-02,-2.734850334e-02,2.734850334e-02
1.663000000e-03,-2.359264182e-33,-2.707367255e+00,2.707367255e-02,-2.707367255e-02,2.707367255e-02
1.664000000e-03,-2.359264182e-33,-2.680160359e+00,2.680160360e-02,-2.680160359e-02,2.680160360e-02
1.665000000e-03,-1.781485199e-33,-2.653226872e+00,2.653226872e-02,-2.653226872e-02,2.653226872e-02
1.666000000e-03,-7.573719506e-32,-2.626564044e+00,2.626564044e-02,-2.626564044e-02,2.626564044e-02
1.667000000e-03,-1.381854735e-32,-2.600169157e+00,2.600169157e-02,-2.600169157e-02,2.600169157e-02
1.668000000e-03,1.083335594e-32,-2.574039517e+00,2.574039518e-02,-2.574039517e-02,2.574039518e-02
1.669000000e-03,-1.001002089e-31,-2.548172460e+00,2.548172460e-02,-2.548172460e-02,2.548172460e-02
1.670000000e-03,-6.917458878e-31,-2.522565346e+00,2.522565346e-02,-2.522565346e-02,2.522565346e-02
1.671000000e-03,2.315930758e-32,-2.497215563e+00,2.497215563e-02,-2.497215563e-02,2.497215563e-02
1.672000000e-03,-1.492595707e-33,-2.472120526e+00,2.472120526e-02,-2.472120526e-02,2.472120526e-02
1.673000000e-03,-5.006936373e-31,-2.447277673e+00,2.447277674e-02,-2.447277673e-02,2.447277674e-02
1.674000000e-03,-4.065758147e-20,-2.422684472e+00,2.422684472e-02,-2.422684472e-02,2.422684472e-02
1.675000000e-03,-1.104665268e-30,-2.398338413e+00,2.398338413e-02,-2.398338413e-02,2.398338413e-02
1.676000000e-03,-4.429638872e-33,-2.374237012e+00,2.374237013e-02,-2.374237012e-02,2.374237013e-02
1.677000000e-03,-1.675559052e-32,-2.350377812e+00,2.350377812e-02,-2.350377812e-02,2.350377812e-02
1.678000000e-03,2.678741696e-20,-2.326758377e+00,2.326758378e-02,-2.326758377e-02,2.326758378e-02
1.679000000e-03,2.647718061e-20,-2.303376299e+00,2.303376300e-02,-2.303376299e-02,2.303376300e-02
1.680000000e-03,6.162975822e-33,-2.280229193e+00,2.280229193e-02,-2.280229193e-02,2.280229193e-02
1.681000000e-03,-9.244463733e-32,-2.257314696e+00,2.257314697e-02,-2.257314696e-02,2.257314697e-02
1.682000000e-03,8.011868569e-32,-2.234630472e+00,2.234630473e-02,-2.234630472e-02,2.234630473e-02
1.683000000e-03,-2.403560571e-31,-2.212174207e+00,2.212174207e-02,-2.212174207e-02,2.212174207e-02
1.684000000e-03,1.848892747e-32,-2.189943609e+00,2.189943609e-02,-2.189943609e-02,2.189943609e-02
1.685000000e-03,-2.371692252e-20,-2.167936411e+00,2.167936412e-02,-2.167936411e-02,2.167936412e-02
1.686000000e-03,-1.444447458e-34,-2.146150368e+00,2.146150369e-02,-2.146150368e-02,2.146150369e-02
1.687000000e-03,-1.247039639e-32,-2.124583258e+00,2.124583258e-02,-2.124583258e-02,2.124583258e-02
1.688000000e-03,-1.247039639e-32,-2.103232880e+00,2.103232880e-02,-2.103232880e-02,2.103232880e-02
1.689000000e-03,-3.037407209e-20,-2.082097056e+00,2.082097056e-02,-2.082097056e-02,2.082097056e-02
1.690000000e-03,7.222237291e-34,-2.061173630e+00,2.061173631e-02,-2.061173630e-02,2.061173631e-02
1.691000000e-03,7.222237291e-34,-2.040460469e+00,2.040460469e-02,-2.040460469e-02,2.040460469e-02
1.692000000e-03,4.694454239e-32,-2.019955458e+00,2.019955458e-02,-2.019955458e-02,2.019955458e-02
1.693000000e-03,-2.359264182e-33,-1.999656506e+00,1.999656507e-02,-1.999656506e-02,1.999656507e-02
1.694000000e-03,7.159644568e-32,-1.979561543e+00,1.979561543e-02,-1.979561543e-02,1.979561543e-02
1.695000000e-03,7.004817856e-32,-1.959668518e+00,1.959668518e-02,-1.959668518e-02,1.959668518e-02
1.696000000e-03,1.653817108e-31,-1.939975402e+00,1.939975403e-02,-1.939975402e-02,1.939975403e-02
1.697000000e-03,-3.183201086e-32,-1.920480187e+00,1.920480187e-02,-1.920480187e-02,1.920480187e-02
1.698000000e-03,1.786901877e-32,-1.901180883e+00,1.901180883e-02,-1.901180883e-02,1.901180883e-02
1.699000000e-03,-2.710505431e-20,-1.882075522e+00,1.882075522e-02,-1.882075522e-02,1.882075522e-02
1.700000000e-03,-6.788903054e-33,-1.863162154e+00,1.863162154e-02,-1.863162154e-02,1.863162154e-02
1.701000000e-03,5.000000000e+00,3.105812596e+00,1.894187403e-02,-1.894187404e-02,1.894187403e-02
1.702000000e-03,5.000000000e+00,3.075099126e+00,1.924900873e-02,-1.924900874e-02,1.924900873e-02
1.703000000e-03,5.000000000e+00,3.044694303e+00,1.955305697e-02,-1.955305698e-02,1.955305697e-02
1.704000000e-03,5.000000000e+00,3.014595023e+00,1.985404977e-02,-1.985404977e-02,1.985404977e-02
1.705000000e-03,5.000000000e+00,2.984798217e+00,2.015201782e-02,-2.015201783e-02,2.015201782e-02
1.706000000e-03,5.000000000e+00,2.955300846e+00,2.044699154e-02,-2.044699154e-02,2.044699154e-02
1.707000000e-03,5.000000000e+00,2.926099900e+00,2.073900100e-02,-2.073900100e-02,2.073900100e-02
1.708000000e-03,5.000000000e+00,2.897192400e+00,2.102807599e-02,-2.102807600e-02,2.102807599e-02
1.709000000e-03,5.000000000e+00,2.868575398e+00,2.131424602e-02,-2.131424602e-02,2.131424602e-02
1.710000000e-03,5.000000000e+00,2.840245974e+00,2.159754026e-02,-2.159754027e-02,2.159754026e-02
1.711000000e-03,5.000000000e+00,2.812201238e+00,2.187798762e-02,-2.187798762e-02,2.187798762e-02
1.712000000e-03,5.000000000e+00,2.784438330e+00,2.215561670e-02,-2.215561671e-02,2.215561670e-02
1.713000000e-03,5.000000000e+00,2.756954416e+00,2.243045583e-02,-2.243045584e-02,2.243045583e-02
1.714000000e-03,5.000000000e+00,2.729746695e+00,2.270253305e-02,-2.270253306e-02,2.270253305e-02
1.715000000e-03,5.000000000e+00,2.702812389e+00,2.297187611e-02,-2.297187611e-02,2.297187611e-02
1.716000000e-03,5.000000000e+00,2.676148752e+00,2.323851248e-02,-2.323851249e-02,2.323851248e-02
1.717000000e-03,5.000000000e+00,2.649753063e+00,2.350246937e-02,-2.350246937e-02,2.350246937e-02
1.718000000e-03,5.000000000e+00,2.623622630e+00,2.376377370e-02,-2.376377370e-02,2.376377370e-02
1.719000000e-03,5.000000000e+00,2.597754787e+00,2.402245212e-02,-2.402245213e-02,2.402245212e-02
1.720000000e-03,5.000000000e+00,2.572146896e+00,2.427853104e-02,-2.427853105e-02,2.427853104e-02
1.721000000e-03,5.000000000e+00,2.546796343e+00,2.453203656e-02,-2.453203657e-02,2.453203656e-02
1.722000000e-03,5.000000000e+00,2.521700544e+00,2.478299456e-02,-2.478299457e-02,2.478299456e-02
1.723000000e-03,5.000000000e+00,2.496856937e+00,2.503143063e-02,-2.503143063e-02,2.503143063e-02
1.724000000e-03,5.000000000e+00,2.472262989e+00,2.527737011e-02,-2.527737012e-02,2.527737011e-02
1.725000000e-03,5.000000000e+00,2.447916191e+00,2.552083809e-02,-2.552083810e-02,2.552083809e-02
1.726000000e-03,5.000000000e+00,2.423814058e+00,2.576185942e-02,-2.576185942e-02,2.576185942e-02
1.727000000e-03,5.000000000e+00,2.399954133e+00,2.600045867e-02,-2.600045867e-02,2.600045867e-02
1.728000000e-03,5.000000000e+00,2.376333981e+00,2.623666018e-02,-2.623666019e-02,2.623666018e-02
1.729000000e-03,5.000000000e+00,2.352951193e+00,2.647048806e-02,-2.647048807e-02,2.647048806e-02
1.730000000e-03,5.000000000e+00,2.329803384e+00,2.670196616e-02,-2.670196616e-02,2.670196616e-02
1.731000000e-03,5.000000000e+00,2.306888192e+00,2.693111808e-02,-2.693111809e-02,2.693111808e-02
1.732000000e-03,5.000000000e+00,2.284203279e+00,2.715796721e-02,-2.715796721e-02,2.715796721e-02
1.733000000e-03,5.000000000e+00,2.261746332e+00,2.738253668e-02,-2.738253669e-02,2.738253668e-02
1.734000000e-03,5.000000000e+00,2.239515059e+00,2.760484941e-02,-2.760484942e-02,2.760484941e-02
1.735000000e-03,5.000000000e+00,2.217507193e+00,2.782492807e-02,-2.782492808e-02,2.782492807e-02
1.736000000e-03,5.000000000e+00,2.195720488e+00,2.804279512e-02,-2.804279512e-02,2.804279512e-02
1.737000000e-03,5.000000000e+00,2.174152723e+00,2.825847277e-02,-2.825847278e-02,2.825847277e-02
1.738000000e-03,5.000000000e+00,2.152801696e+00,2.847198304e-02,-2.847198304e-02,2.847198304e-02
1.739000000e-03,5.000000000e+00,2.131665231e+00,2.868334769e-02,-2.868334770e-02,2.868334769e-02
1.740000000e-03,5.000000000e+00,2.110741170e+00,2.889258830e-02,-2.889258831e-02,2.889258830e-02
1.741000000e-03,5.000000000e+00,2.090027379e+00,2.909972621e-02,-2.909972621e-02,2.909972621e-02
1.742000000e-03,5.000000000e+00,2.069521746e+00,2.930478254e-02,-2.930478255e-02,2.930478254e-02
1.743000000e-03,5.000000000e+00,2.049222178e+00,2.950777822e-02,-2.950777823e-02,2.950777822e-02
1.744000000e-03,5.000000000e+00,2.029126604e+00,2.970873396e-02,-2.970873396e-02,2.970873396e-02
1.745000000e-03,5.000000000e+00,2.009232975e+00,2.990767024e-02,-2.990767025e-02,2.990767025e-02
1.746000000e-03,5.000000000e+00,1.989539262e+00,3.010460738e-02,-3.010460739e-02,3.010460738e-02
1.747000000e-03,5.000000000e+00,1.970043454e+00,3.029956546e-02,-3.029956546e-02,3.029956546e-02
1.748000000e-03,5.000000000e+00,1.950743564e+00,3.049256436e-02,-3.049256436e-02,3.049256436e-02
1.749000000e-03,5.000000000e+00,1.931637623e+00,3.068362377e-02,-3.068362378e-02,3.068362377e-02
1.750000000e-03,5.000000000e+00,1.912723681e+00,3.087276319e-02,-3.087276320e-02,3.087276319e-02
1.751000000e-03,-1.355252716e-20,-3.056251638e+00,3.056251639e-02,-3.056251638e-02,3.056251639e-02
1.752000000e-03,0.000000000e+00,-3.025538731e+00,3.025538731e-02,-3.025538731e-02,3.025538731e-02
1.753000000e-03,3.021013711e-30,-2.995134464e+00,2.995134465e-02,-2.995134464e-02,2.995134465e-02
1.754000000e-03,1.348150961e-32,-2.965035737e+00,2.965035737e-02,-2.965035737e-02,2.965035737e-02
1.755000000e-03,1.355252716e-20,-2.935239477e+00,2.935239477e-02,-2.935239477e-02,2.935239477e-02
1.756000000e-03,1.348150961e-32,-2.905742646e+00,2.905742646e-02,-2.905742646e-02,2.905742646e-02
1.757000000e-03,9.870390965e-34,-2.876542235e+00,2.876542235e-02,-2.876542235e-02,2.876542235e-02
1.758000000e-03,2.647350191e-20,-2.847635265e+00,2.847635265e-02,-2.847635265e-02,2.847635265e-02
1.759000000e-03,-4.661954172e-32,-2.819018787e+00,2.819018788e-02,-2.819018787e-02,2.819018788e-02
1.760000000e-03,-2.196763843e-32,-2.790689882e+00,2.790689883e-02,-2.790689882e-02,2.790689883e-02
1.761000000e-03,2.733616815e-32,-2.762645661e+00,2.762645661e-02,-2.762645661e-02,2.762645661e-02
1.762000000e-03,-5.894549336e-32,-2.734883261e+00,2.734883261e-02,-2.734883261e-02,2.734883261e-02
1.763000000e-03,3.967415685e-32,-2.707399851e+00,2.707399852e-02,-2.707399851e-02,2.707399852e-02
1.764000000e-03,-8.268257992e-32,-2.680192628e+00,2.680192628e-02,-2.680192628e-02,2.680192628e-02
1.765000000e-03,-8.726870061e-33,-2.653258816e+00,2.653258816e-02,-2.653258816e-02,2.653258816e-02
1.766000000e-03,-3.337877335e-32,-2.626595668e+00,2.626595668e-02,-2.626595668e-02,2.626595668e-02
1.767000000e-03,1.592503323e-32,-2.600200463e+00,2.600200463e-02,-2.600200463e-02,2.600200463e-02
1.768000000e-03,-8.726870061e-33,-2.574070508e+00,2.574070509e-02,-2.574070508e-02,2.574070509e-02
1.769000000e-03,-1.231150717e-31,-2.548203140e+00,2.548203140e-02,-2.548203140e-02,2.548203140e-02
1.770000000e-03,-1.102594893e-32,-2.522595717e+00,2.522595717e-02,-2.522595717e-02,2.522595718e-02
1.771000000e-03,-8.498165880e-32,-2.497245629e+00,2.497245630e-02,-2.497245629e-02,2.497245630e-02
1.772000000e-03,-1.342854654e-31,-2.472150290e+00,2.472150290e-02,-2.472150290e-02,2.472150290e-02
1.773000000e-03,-3.408896002e-32,-2.447307138e+00,2.447307138e-02,-2.447307138e-02,2.447307138e-02
1.774000000e-03,-5.816308432e-32,-2.422713641e+00,2.422713641e-02,-2.422713641e-02,2.422713641e-02
1.775000000e-03,3.851859889e-34,-2.398367289e+00,2.398367289e-02,-2.398367289e-02,2.398367289e-02
1.776000000e-03,3.851859889e-34,-2.374265598e+00,2.374265598e-02,-2.374265598e-02,2.374265598e-02
1.777000000e-03,-7.183718693e-32,-2.350406110e+00,2.350406110e-02,-2.350406110e-02,2.350406110e-02
1.778000000e-03,-4.718528364e-32,-2.326786391e+00,2.326786391e-02,-2.326786391e-02,2.326786391e-02
1.779000000e-03,5.142232952e-32,-2.303404032e+00,2.303404032e-02,-2.303404032e-02,2.303404032e-02
1.780000000e-03,-1.334669451e-31,-2.280256646e+00,2.280256647e-02,-2.280256646e-02,2.280256647e-02
1.781000000e-03,-1.020742871e-32,-2.257341874e+00,2.257341874e-02,-2.257341874e-02,2.257341874e-02
1.782000000e-03,-4.044452883e-33,-2.234657377e+00,2.234657377e-02,-2.234657377e-02,2.234657377e-02
1.783000000e-03,6.681158487e-20,-2.212200841e+00,2.212200841e-02,-2.212200841e-02,2.212200841e-02
1.784000000e-03,-3.177784408e-33,-2.189969976e+00,2.189969976e-02,-2.189969976e-02,2.189969976e-02
1.785000000e-03,-2.166671187e-32,-2.167962513e+00,2.167962513e-02,-2.167962513e-02,2.167962513e-02
1.786000000e-03,3.909637787e-32,-2.146176208e+00,2.146176208e-02,-2.146176208e-02,2.146176208e-02
1.787000000e-03,3.909637787e-32,-2.124608838e+00,2.124608838e-02,-2.124608838e-02,2.124608838e-02
1.788000000e-03,-4.044452883e-33,-2.103258202e+00,2.103258203e-02,-2.103258202e-02,2.103258203e-02
1.789000000e-03,-3.121932440e-31,-2.082122124e+00,2.082122124e-02,-2.082122124e-02,2.082122124e-02
1.790000000e-03,-1.617179300e-32,-2.061198447e+00,2.061198447e-02,-2.061198447e-02,2.061198447e-02
1.791000000e-03,1.810434333e-31,-2.040485036e+00,2.040485036e-02,-2.040485036e-02,2.040485036e-02
1.792000000e-03,-1.394313094e-31,-2.019979778e+00,2.019979778e-02,-2.019979778e-02,2.019979778e-02
1.793000000e-03,5.398622375e-33,-1.999680582e+00,1.999680582e-02,-1.999680582e-02,1.999680582e-02
1.794000000e-03,7.935433224e-32,-1.979585377e+00,1.979585377e-02,-1.979585377e-02,1.979585377e-02
1.795000000e-03,1.771855549e-32,-1.959692112e+00,1.959692112e-02,-1.959692112e-02,1.959692112e-02
1.796000000e-03,3.303428494e-20,-1.939998759e+00,1.939998760e-02,-1.939998759e-02,1.939998760e-02
1.797000000e-03,2.080004340e-32,-1.920503309e+00,1.920503309e-02,-1.920503309e-02,1.920503309e-02
1.798000000e-03,-2.032879073e-20,-1.901203773e+00,1.901203773e-02,-1.901203773e-02,1.901203773e-02
1.799000000e-03,2.696301922e-32,-1.882098182e+00,1.882098182e-02,-1.882098182e-02,1.882098182e-02
1.800000000e-03,1.439956010e-20,-1.863184586e+00,1.863184586e-02,-1.863184586e-02,1.863184586e-02
1.801000000e-03,5.000000000e+00,3.105790390e+00,1.894209610e-02,-1.894209611e-02,1.894209610e-02
1.802000000e-03,5.000000000e+00,3.075077143e+00,1.924922857e-02,-1.924922858e-02,1.924922857e-02
1.803000000e-03,5.000000000e+00,3.044672540e+00,1.955327460e-02,-1.955327461e-02,1.955327460e-02
1.804000000e-03,5.000000000e+00,3.014573479e+00,1.985426521e-02,-1.985426521e-02,1.985426521e-02
1.805000000e-03,5.000000000e+00,2.984776890e+00,2.015223110e-02,-2.015223111e-02,2.015223110e-02
1.806000000e-03,5.000000000e+00,2.955279733e+00,2.044720267e-02,-2.044720268e-02,2.044720267e-02
1.807000000e-03,5.000000000e+00,2.926078999e+00,2.073921001e-02,-2.073921001e-02,2.073921001e-02
1.808000000e-03,5.000000000e+00,2.897171709e+00,2.102828290e-02,-2.102828291e-02,2.102828290e-02
1.809000000e-03,5.000000000e+00,2.868554915e+00,2.131445085e-02,-2.131445086e-02,2.131445085e-02
1.810000000e-03,5.000000000e+00,2.840225697e+00,2.159774303e-02,-2.159774304e-02,2.159774303e-02
1.811000000e-03,5.000000000e+00,2.812181165e+00,2.187818835e-02,-2.187818836e-02,2.187818835e-02
1.812000000e-03,5.000000000e+00,2.784418458e+00,2.215581542e-02,-2.215581543e-02,2.215581542e-02
1.813000000e-03,5.000000000e+00,2.756934744e+00,2.243065255e-02,-2.243065256e-02,2.243065255e-02
1.814000000e-03,5.000000000e+00,2.729727220e+00,2.270272779e-02,-2.270272780e-02,2.270272779e-02
1.815000000e-03,5.000000000e+00,2.702793111e+00,2.297206889e-02,-2.297206890e-02,2.297206889e-02
1.816000000e-03,5.000000000e+00,2.676129667e+00,2.323870333e-02,-2.323870333e-02,2.323870333e-02
1.817000000e-03,5.000000000e+00,2.649734170e+00,2.350265830e-02,-2.350265830e-02,2.350265830e-02
1.818000000e-03,5.000000000e+00,2.623603927e+00,2.376396073e-02,-2.376396074e-02,2.376396073e-02
1.819000000e-03,5.000000000e+00,2.597736272e+00,2.402263728e-02,-2.402263728e-02,2.402263728e-02
1.820000000e-03,5.000000000e+00,2.572128567e+00,2.427871433e-02,-2.427871434e-02,2.427871433e-02
1.821000000e-03,5.000000000e+00,2.546778198e+00,2.453221802e-02,-2.453221802e-02,2.453221802e-02
1.822000000e-03,5.000000000e+00,2.521682581e+00,2.478317419e-02,-2.478317419e-02,2.478317419e-02
1.823000000e-03,5.000000000e+00,2.496839155e+00,2.503160845e-02,-2.503160846e-02,2.503160845e-02
1.824000000e-03,5.000000000e+00,2.472245385e+00,2.527754614e-02,-2.527754615e-02,2.527754614e-02
1.825000000e-03,5.000000000e+00,2.447898764e+00,2.552101236e-02,-2.552101237e-02,2.552101236e-02
1.826000000e-03,5.000000000e+00,2.423796807e+00,2.576203193e-02,-2.576203194e-02,2.576203193e-02
1.827000000e-03,5.000000000e+00,2.399937055e+00,2.600062945e-02,-2.600062946e-02,2.600062945e-02
1.828000000e-03,5.000000000e+00,2.376317075e+00,2.623682925e-02,-2.623682926e-02,2.623682925e-02
1.829000000e-03,5.000000000e+00,2.352934457e+00,2.647065543e-02,-2.647065544e-02,2.647065543e-02
1.830000000e-03,5.000000000e+00,2.329786816e+00,2.670213184e-02,-2.670213185e-02,2.670213184e-02
1.831000000e-03,5.000000000e+00,2.306871790e+00,2.693128210e-02,-2.693128211e-02,2.693128210e-02
1.832000000e-03,5.000000000e+00,2.284187042e+00,2.715812958e-02,-2.715812959e-02,2.715812958e-02
1.833000000e-03,5.000000000e+00,2.261730258e+00,2.738269742e-02,-2.738269743e-02,2.738269742e-02
1.834000000e-03,5.000000000e+00,2.239499146e+00,2.760500853e-02,-2.760500854e-02,2.760500853e-02
1.835000000e-03,5.000000000e+00,2.217491440e+00,2.782508560e-02,-2.782508560e-02,2.782508560e-02
1.836000000e-03,5.000000000e+00,2.195704894e+00,2.804295106e-02,-2.804295107e-02,2.804295106e-02
1.837000000e-03,5.000000000e+00,2.174137285e+00,2.825862715e-02,-2.825862715e-02,2.825862715e-02
1.838000000e-03,5.000000000e+00,2.152786414e+00,2.847213586e-02,-2.847213587e-02,2.847213586e-02
1.839000000e-03,5.000000000e+00,2.131650102e+00,2.868349898e-02,-2.868349899e-02,2.868349898e-02
1.840000000e-03,5.000000000e+00,2.110726193e+00,2.889273807e-02,-2.889273807e-02,2.889273807e-02
1.841000000e-03,5.000000000e+00,2.090012553e+00,2.909987447e-02,-2.909987448e-02,2.909987447e-02
1.842000000e-03,5.000000000e+00,2.069507069e+00,2.930492931e-02,-2.930492932e-02,2.930492931e-02
1.843000000e-03,5.000000000e+00,2.049207648e+00,2.950792352e-02,-2.950792353e-02,2.950792352e-02
1.844000000e-03,5.000000000e+00,2.029112221e+00,2.970887779e-02,-2.970887780e-02,2.970887779e-02
1.845000000e-03,5.000000000e+00,2.009218736e+00,2.990781264e-02,-2.990781264e-02,2.990781264e-02
1.846000000e-03,5.000000000e+00,1.989525166e+00,3.010474834e-02,-3.010474835e-02,3.010474834e-02
1.847000000e-03,5.000000000e+00,1.970029500e+00,3.029970500e-02,-3.029970501e-02,3.029970500e-02
1.848000000e-03,5.000000000e+00,1.950729750e+00,3.049270250e-02,-3.049270251e-02,3.049270250e-02
1.849000000e-03,5.000000000e+00,1.931623947e+00,3.068376053e-02,-3.068376053e-02,3.068376053e-02
1.850000000e-03,5.000000000e+00,1.912710143e+00,3.087289857e-02,-3.087289858e-02,3.087289857e-02
1.851000000e-03,0.000000000e+00,-3.056265040e+00,3.056265040e-02,-3.056265040e-02,3.056265040e-02
1.852000000e-03,7.703719778e-34,-3.025551998e+00,3.025551999e-02,-3.025551998e-02,3.025551999e-02
1.853000000e-03,-6.085938624e-32,-2.995147598e+00,2.995147599e-02,-2.995147598e-02,2.995147599e-02
1.854000000e-03,-1.571558835e-31,-2.965048738e+00,2.965048739e-02,-2.965048738e-02,2.965048739e-02
1.855000000e-03,-3.389636702e-32,-2.935252348e+00,2.935252348e-02,-2.935252348e-02,2.935252348e-02
1.856000000e-03,-2.710505431e-20,-2.905755388e+00,2.905755388e-02,-2.905755388e-02,2.905755388e-02
1.857000000e-03,-2.128152589e-32,-2.876554849e+00,2.876554849e-02,-2.876554849e-02,2.876554849e-02
1.858000000e-03,-1.251854464e-33,-2.847647752e+00,2.847647753e-02,-2.847647752e-02,2.847647753e-02
1.859000000e-03,9.851131666e-32,-2.819031149e+00,2.819031149e-02,-2.819031149e-02,2.819031149e-02
1.860000000e-03,-1.973115228e-31,-2.790702120e+00,2.790702120e-02,-2.790702120e-02,2.790702120e-02
1.861000000e-03,-3.177784408e-33,-2.762657775e+00,2.762657775e-02,-2.762657775e-02,2.762657775e-02
1.862000000e-03,-3.105562035e-33,-2.734895254e+00,2.734895254e-02,-2.734895254e-02,2.734895254e-02
1.863000000e-03,1.429280760e-31,-2.707411723e+00,2.707411724e-02,-2.707411723e-02,2.707411724e-02
1.864000000e-03,4.065758147e-20,-2.680204381e+00,2.680204381e-02,-2.680204381e-02,2.680204381e-02
1.865000000e-03,7.342607913e-33,-2.653270451e+00,2.653270451e-02,-2.653270451e-02,2.653270451e-02
1.866000000e-03,-3.851859889e-34,-2.626607185e+00,2.626607186e-02,-2.626607185e-02,2.626607186e-02
1.867000000e-03,3.851859889e-34,-2.600211865e+00,2.600211865e-02,-2.600211865e-02,2.600211865e-02
1.868000000e-03,3.851859889e-34,-2.574081796e+00,2.574081796e-02,-2.574081796e-02,2.574081796e-02
1.869000000e-03,1.300002712e-32,-2.548214314e+00,2.548214314e-02,-2.548214314e-02,2.548214314e-02
1.870000000e-03,6.362011527e-20,-2.522606779e+00,2.522606779e-02,-2.522606779e-02,2.522606779e-02
1.871000000e-03,1.160372791e-31,-2.497256580e+00,2.497256580e-02,-2.497256580e-02,2.497256580e-02
1.872000000e-03,-1.416521474e-31,-2.472161130e+00,2.472161130e-02,-2.472161130e-02,2.472161130e-02
1.873000000e-03,6.259272319e-33,-2.447317870e+00,2.447317870e-02,-2.447317870e-02,2.447317870e-02
1.874000000e-03,6.259272319e-33,-2.422724265e+00,2.422724265e-02,-2.422724265e-02,2.422724265e-02
1.875000000e-03,9.629649722e-35,-2.398377806e+00,2.398377806e-02,-2.398377806e-02,2.398377806e-02
1.876000000e-03,-4.920751008e-32,-2.374276009e+00,2.374276009e-02,-2.374276009e-02,2.374276009e-02
1.877000000e-03,-7.540015732e-32,-2.350416417e+00,2.350416417e-02,-2.350416417e-02,2.350416417e-02
1.878000000e-03,2.080967305e-31,-2.326796594e+00,2.326796594e-02,-2.326796594e-02,2.326796594e-02
1.879000000e-03,-4.525935369e-33,-2.303414132e+00,2.303414133e-02,-2.303414132e-02,2.303414133e-02
1.880000000e-03,2.012596792e-32,-2.280266646e+00,2.280266646e-02,-2.280266646e-02,2.280266646e-02
1.881000000e-03,-2.917783866e-32,-2.257351773e+00,2.257351773e-02,-2.257351773e-02,2.257351773e-02
1.882000000e-03,-1.391195495e-30,-2.234667176e+00,2.234667176e-02,-2.234667176e-02,2.234667176e-02
1.883000000e-03,-9.196315484e-32,-2.212210542e+00,2.212210542e-02,-2.212210542e-02,2.212210542e-02
1.884000000e-03,-9.196315484e-32,-2.189979579e+00,2.189979579e-02,-2.189979579e-02,2.189979579e-02
1.885000000e-03,4.814824861e-34,-2.167972020e+00,2.167972020e-02,-2.167972020e-02,2.167972020e-02
1.886000000e-03,4.814824861e-34,-2.146185619e+00,2.146185619e-02,-2.146185619e-02,2.146185619e-02
1.887000000e-03,-4.882232409e-32,-2.124618154e+00,2.124618154e-02,-2.124618154e-02,2.124618154e-02
1.888000000e-03,-1.445410423e-31,-2.103267425e+00,2.103267425e-02,-2.103267425e-02,2.103267425e-02
1.889000000e-03,-1.674596087e-31,-2.082131254e+00,2.082131255e-02,-2.082131254e-02,2.082131255e-02
1.890000000e-03,1.300965677e-31,-2.061207485e+00,2.061207485e-02,-2.061207485e-02,2.061207485e-02
1.891000000e-03,-5.488900342e-33,-2.040493983e+00,2.040493983e-02,-2.040493983e-02,2.040493983e-02
1.892000000e-03,-2.032879073e-20,-2.019988636e+00,2.019988636e-02,-2.019988636e-02,2.019988636e-02
1.893000000e-03,5.614085788e-32,-1.999689351e+00,1.999689351e-02,-1.999689351e-02,1.999689351e-02
1.894000000e-03,-5.488900342e-33,-1.979594057e+00,1.979594057e-02,-1.979594057e-02,1.979594057e-02
1.895000000e-03,-5.488900342e-33,-1.959700706e+00,1.959700706e-02,-1.959700706e-02,1.959700706e-02
1.896000000e-03,6.740754805e-34,-1.940007267e+00,1.940007267e-02,-1.940007267e-02,1.940007267e-02
1.897000000e-03,1.300002712e-32,-1.920511731e+00,1.920511731e-02,-1.920511731e-02,1.920511731e-02
1.898000000e-03,6.740754805e-34,-1.901212110e+00,1.901212110e-02,-1.901212110e-02,1.901212110e-02
1.899000000e-03,1.300002712e-32,-1.882106435e+00,1.882106435e-02,-1.882106435e-02,1.882106435e-02
1.900000000e-03,1.285558238e-32,-1.863192756e+00,1.863192757e-02,-1.863192756e-02,1.863192757e-02
1.901000000e-03,5.000000000e+00,3.105782301e+00,1.894217698e-02,-1.894217699e-02,1.894217698e-02
1.902000000e-03,5.000000000e+00,3.075069136e+00,1.924930864e-02,-1.924930864e-02,1.924930864e-02
1.903000000e-03,5.000000000e+00,3.044664613e+00,1.955335386e-02,-1.955335387e-02,1.955335386e-02
1.904000000e-03,5.000000000e+00,3.014565632e+00,1.985434367e-02,-1.985434368e-02,1.985434367e-02
1.905000000e-03,5.000000000e+00,2.984769122e+00,2.015230878e-02,-2.015230878e-02,2.015230878e-02
1.906000000e-03,5.000000000e+00,2.955272043e+00,2.044727957e-02,-2.044727957e-02,2.044727957e-02
1.907000000e-03,5.000000000e+00,2.926071387e+00,2.073928613e-02,-2.073928614e-02,2.073928613e-02
1.908000000e-03,5.000000000e+00,2.897164173e+00,2.102835826e-02,-2.102835827e-02,2.102835826e-02
1.909000000e-03,5.000000000e+00,2.868547455e+00,2.131452545e-02,-2.131452546e-02,2.131452545e-02
1.910000000e-03,5.000000000e+00,2.840218311e+00,2.159781688e-02,-2.159781689e-02,2.159781688e-02
1.911000000e-03,5.000000000e+00,2.812173854e+00,2.187826146e-02,-2.187826147e-02,2.187826146e-02
1.912000000e-03,5.000000000e+00,2.784411220e+00,2.215588779e-02,-2.215588780e-02,2.215588779e-02
1.913000000e-03,5.000000000e+00,2.756927580e+00,2.243072420e-02,-2.243072421e-02,2.243072420e-02
1.914000000e-03,5.000000000e+00,2.729720128e+00,2.270279872e-02,-2.270279873e-02,2.270279872e-02
1.915000000e-03,5.000000000e+00,2.702786089e+00,2.297213911e-02,-2.297213912e-02,2.297213911e-02
1.916000000e-03,5.000000000e+00,2.676122716e+00,2.323877284e-02,-2.323877284e-02,2.323877284e-02
1.917000000e-03,5.000000000e+00,2.649727289e+00,2.350272711e-02,-2.350272712e-02,2.350272711e-02
1.918000000e-03,5.000000000e+00,2.623597115e+00,2.376402885e-02,-2.376402886e-02,2.376402885e-02
1.919000000e-03,5.000000000e+00,2.597729528e+00,2.402270471e-02,-2.402270472e-02,2.402270471e-02
1.920000000e-03,5.000000000e+00,2.572121891e+00,2.427878109e-02,-2.427878110e-02,2.427878109e-02
1.921000000e-03,5.000000000e+00,2.546771589e+00,2.453228410e-02,-2.453228411e-02,2.453228410e-02
1.922000000e-03,5.000000000e+00,2.521676039e+00,2.478323961e-02,-2.478323962e-02,2.478323961e-02
1.923000000e-03,5.000000000e+00,2.496832678e+00,2.503167321e-02,-2.503167322e-02,2.503167321e-02
1.924000000e-03,5.000000000e+00,2.472238974e+00,2.527761026e-02,-2.527761027e-02,2.527761026e-02
1.925000000e-03,5.000000000e+00,2.447892417e+00,2.552107583e-02,-2.552107584e-02,2.552107583e-02
1.926000000e-03,5.000000000e+00,2.423790523e+00,2.576209476e-02,-2.576209477e-02,2.576209476e-02
1.927000000e-03,5.000000000e+00,2.399930835e+00,2.600069165e-02,-2.600069166e-02,2.600069165e-02
1.928000000e-03,5.000000000e+00,2.376310917e+00,2.623689082e-02,-2.623689083e-02,2.623689083e-02
1.929000000e-03,5.000000000e+00,2.352928361e+00,2.647071639e-02,-2.647071639e-02,2.647071639e-02
1.930000000e-03,5.000000000e+00,2.329780781e+00,2.670219219e-02,-2.670219219e-02,2.670219219e-02
1.931000000e-03,5.000000000e+00,2.306865816e+00,2.693134184e-02,-2.693134184e-02,2.693134184e-02
1.932000000e-03,5.000000000e+00,2.284181128e+00,2.715818872e-02,-2.715818872e-02,2.715818872e-02
1.933000000e-03,5.000000000e+00,2.261724403e+00,2.738275596e-02,-2.738275597e-02,2.738275596e-02
1.934000000e-03,5.000000000e+00,2.239493351e+00,2.760506649e-02,-2.760506650e-02,2.760506649e-02
1.935000000e-03,5.000000000e+00,2.217485703e+00,2.782514297e-02,-2.782514298e-02,2.782514297e-02
1.936000000e-03,5.000000000e+00,2.195699214e+00,2.804300785e-02,-2.804300786e-02,2.804300785e-02
1.937000000e-03,5.000000000e+00,2.174131663e+00,2.825868337e-02,-2.825868338e-02,2.825868337e-02
1.938000000e-03,5.000000000e+00,2.152780848e+00,2.847219152e-02,-2.847219153e-02,2.847219152e-02
1.939000000e-03,5.000000000e+00,2.131644592e+00,2.868355408e-02,-2.868355409e-02,2.868355408e-02
1.940000000e-03,5.000000000e+00,2.110720738e+00,2.889279261e-02,-2.889279262e-02,2.889279261e-02
1.941000000e-03,5.000000000e+00,2.090007153e+00,2.909992847e-02,-2.909992847e-02,2.909992847e-02
1.942000000e-03,5.000000000e+00,2.069501723e+00,2.930498277e-02,-2.930498278e-02,2.930498277e-02
1.943000000e-03,5.000000000e+00,2.049202356e+00,2.950797644e-02,-2.950797644e-02,2.950797644e-02
1.944000000e-03,5.000000000e+00,2.029106982e+00,2.970893018e-02,-2.970893019e-02,2.970893018e-02
1.945000000e-03,5.000000000e+00,2.009213550e+00,2.990786450e-02,-2.990786451e-02,2.990786450e-02
1.946000000e-03,5.000000000e+00,1.989520032e+00,3.010479968e-02,-3.010479969e-02,3.010479968e-02
1.947000000e-03,5.000000000e+00,1.970024417e+00,3.029975583e-02,-3.029975583e-02,3.029975583e-02
1.948000000e-03,5.000000000e+00,1.950724719e+00,3.049275281e-02,-3.049275282e-02,3.049275281e-02
1.949000000e-03,5.000000000e+00,1.931618966e+00,3.068381033e-02,-3.068381034e-02,3.068381033e-02
1.950000000e-03,5.000000000e+00,1.912705212e+00,3.087294788e-02,-3.087294788e-02,3.087294788e-02
1.951000000e-03,-1.232595164e-32,-3.056269921e+00,3.056269922e-02,-3.056269921e-02,3.056269922e-02
1.952000000e-03,3.218725200e-20,-3.025556831e+00,3.025556831e-02,-3.025556831e-02,3.025556831e-02
1.953000000e-03,-1.848892747e-32,-2.995152382e+00,2.995152382e-02,-2.995152382e-02,2.995152382e-02
1.954000000e-03,2.710505431e-20,-2.965053474e+00,2.965053474e-02,-2.965053474e-02,2.965053474e-02
1.955000000e-03,6.076308975e-32,-2.935257036e+00,2.935257036e-02,-2.935257036e-02,2.935257036e-02
1.956000000e-03,1.145928317e-32,-2.905760029e+00,2.905760029e-02,-2.905760029e-02,2.905760029e-02
1.957000000e-03,-1.323675096e-20,-2.876559443e+00,2.876559444e-02,-2.876559443e-02,2.876559444e-02
1.958000000e-03,4.562046556e-33,-2.847652300e+00,2.847652301e-02,-2.847652300e-02,2.847652301e-02
1.959000000e-03,1.419169628e-32,-2.819035651e+00,2.819035652e-02,-2.819035651e-02,2.819035652e-02
1.960000000e-03,-3.511211030e-32,-2.790706577e+00,2.790706577e-02,-2.790706577e-02,2.790706577e-02
1.961000000e-03,8.028720456e-33,-2.762662187e+00,2.762662187e-02,-2.762662187e-02,2.762662187e-02
1.962000000e-03,5.661030330e-32,-2.734899621e+00,2.734899622e-02,-2.734899621e-02,2.734899622e-02
1.963000000e-03,-1.355252716e-20,-2.707416047e+00,2.707416048e-02,-2.707416047e-02,2.707416048e-02
1.964000000e-03,-3.082691617e-32,-2.680208662e+00,2.680208662e-02,-2.680208662e-02,2.680208662e-02
1.965000000e-03,-5.085658759e-32,-2.653274688e+00,2.653274689e-02,-2.653274688e-02,2.653274689e-02
1.966000000e-03,1.528706893e-33,-2.626611380e+00,2.626611381e-02,-2.626611380e-02,2.626611381e-02
1.967000000e-03,-1.079724475e-32,-2.600216017e+00,2.600216018e-02,-2.600216017e-02,2.600216018e-02
1.968000000e-03,-1.937967007e-33,-2.574085907e+00,2.574085907e-02,-2.574085907e-02,2.574085907e-02
1.969000000e-03,1.459734527e-31,-2.548218383e+00,2.548218384e-02,-2.548218383e-02,2.548218384e-02
1.970000000e-03,-1.019900276e-31,-2.522610808e+00,2.522610808e-02,-2.522610808e-02,2.522610808e-02
1.971000000e-03,-3.382414465e-33,-2.497260568e+00,2.497260569e-02,-2.497260568e-02,2.497260569e-02
1.972000000e-03,-3.382414465e-33,-2.472165078e+00,2.472165079e-02,-2.472165078e-02,2.472165079e-02
1.973000000e-03,2.710505431e-20,-2.447321778e+00,2.447321779e-02,-2.447321778e-02,2.447321779e-02
1.974000000e-03,1.075511503e-31,-2.422728134e+00,2.422728134e-02,-2.422728134e-02,2.422728134e-02
1.975000000e-03,3.359544047e-32,-2.398381636e+00,2.398381636e-02,-2.398381636e-02,2.398381636e-02
1.976000000e-03,-1.694065895e-20,-2.374279801e+00,2.374279801e-02,-2.374279801e-02,2.374279801e-02
1.977000000e-03,2.551857176e-32,-2.350420171e+00,2.350420171e-02,-2.350420171e-02,2.350420171e-02
1.978000000e-03,-5.357483391e-20,-2.326800310e+00,2.326800311e-02,-2.326800310e-02,2.326800311e-02
1.979000000e-03,-2.378523481e-32,-2.303417811e+00,2.303417811e-02,-2.303417811e-02,2.303417811e-02
1.980000000e-03,1.487780882e-31,-2.280270287e+00,2.280270288e-02,-2.280270287e-02,2.280270288e-02
1.981000000e-03,-1.088238814e-20,-2.257355378e+00,2.257355378e-02,-2.257355378e-02,2.257355378e-02
1.982000000e-03,9.629649722e-34,-2.234670745e+00,2.234670745e-02,-2.234670745e-02,2.234670745e-02
1.983000000e-03,2.474819979e-31,-2.212214075e+00,2.212214075e-02,-2.212214075e-02,2.212214075e-02
1.984000000e-03,2.561486826e-32,-2.189983077e+00,2.189983077e-02,-2.189983077e-02,2.189983077e-02
1.985000000e-03,9.629649722e-34,-2.167975482e+00,2.167975482e-02,-2.167975482e-02,2.167975482e-02
1.986000000e-03,3.388131789e-20,-2.146189047e+00,2.146189047e-02,-2.146189047e-02,2.146189047e-02
1.987000000e-03,6.259272319e-32,-2.124621547e+00,2.124621548e-02,-2.124621547e-02,2.124621548e-02
1.988000000e-03,-8.820759145e-32,-2.103270784e+00,2.103270785e-02,-2.103270784e-02,2.103270785e-02
1.989000000e-03,-6.355568816e-32,-2.082134580e+00,2.082134580e-02,-2.082134580e-02,2.082134580e-02
1.990000000e-03,1.355066600e-20,-2.061210777e+00,2.061210777e-02,-2.061210777e-02,2.061210777e-02
1.991000000e-03,1.355206732e-20,-2.040497242e+00,2.040497242e-02,-2.040497242e-02,2.040497242e-02
1.992000000e-03,-3.601488996e-32,-2.019991862e+00,2.019991862e-02,-2.019991862e-02,2.019991862e-02
1.993000000e-03,8.724462648e-32,-1.999692544e+00,1.999692545e-02,-1.999692544e-02,1.999692545e-02
1.994000000e-03,-1.161335756e-31,-1.979597219e+00,1.979597219e-02,-1.979597219e-02,1.979597219e-02
1.995000000e-03,-1.752596249e-32,-1.959703836e+00,1.959703836e-02,-1.959703836e-02,1.959703836e-02
1.996000000e-03,-6.697421382e-32,-1.940010365e+00,1.940010365e-02,-1.940010365e-02,1.940010365e-02
1.997000000e-03,6.981496048e-33,-1.920514798e+00,1.920514798e-02,-1.920514798e-02,1.920514798e-02
1.998000000e-03,-6.409013372e-31,-1.901215146e+00,1.901215146e-02,-1.901215146e-02,1.901215146e-02
1.999000000e-03,7.400385811e-32,-1.882109441e+00,1.882109441e-02,-1.882109441e-02,1.882109441e-02
2.000000000e-03,4.814824861e-35,-1.863195732e+00,1.863195732e-02,-1.863195732e-02,1.863195732e-02
2.001000000e-03,5.000000000e+00,3.105779356e+00,1.894220644e-02,-1.894220645e-02,1.894220644e-02
2.002000000e-03,5.000000000e+00,3.075066220e+00,1.924933780e-02,-1.924933781e-02,1.924933780e-02
2.003000000e-03,5.000000000e+00,3.044661727e+00,1.955338273e-02,-1.955338274e-02,1.955338273e-02
2.004000000e-03,5.000000000e+00,3.014562774e+00,1.985437225e-02,-1.985437226e-02,1.985437225e-02
2.005000000e-03,5.000000000e+00,2.984766293e+00,2.015233707e-02,-2.015233708e-02,2.015233707e-02
2.006000000e-03,5.000000000e+00,2.955269242e+00,2.044730757e-02,-2.044730758e-02,2.044730757e-02
2.007000000e-03,5.000000000e+00,2.926068614e+00,2.073931386e-02,-2.073931387e-02,2.073931386e-02
2.008000000e-03,5.000000000e+00,2.897161429e+00,2.102838571e-02,-2.102838572e-02,2.102838571e-02
2.009000000e-03,5.000000000e+00,2.868544738e+00,2.131455262e-02,-2.131455263e-02,2.131455262e-02
2.010000000e-03,5.000000000e+00,2.840215622e+00,2.159784378e-02,-2.159784379e-02,2.159784378e-02
2.011000000e-03,5.000000000e+00,2.812171191e+00,2.187828809e-02,-2.187828810e-02,2.187828809e-02
2.012000000e-03,5.000000000e+00,2.784408584e+00,2.215591415e-02,-2.215591416e-02,2.215591415e-02
2.013000000e-03,5.000000000e+00,2.756924970e+00,2.243075030e-02,-2.243075031e-02,2.243075030e-02
2.014000000e-03,5.000000000e+00,2.729717544e+00,2.270282455e-02,-2.270282456e-02,2.270282455e-02
2.015000000e-03,5.000000000e+00,2.702783532e+00,2.297216468e-02,-2.297216469e-02,2.297216468e-02
2.016000000e-03,5.000000000e+00,2.676120184e+00,2.323879815e-02,-2.323879816e-02,2.323879815e-02
2.017000000e-03,5.000000000e+00,2.649724783e+00,2.350275217e-02,-2.350275218e-02,2.350275217e-02
2.018000000e-03,5.000000000e+00,2.623594634e+00,2.376405366e-02,-2.376405367e-02,2.376405366e-02
2.019000000e-03,5.000000000e+00,2.597727072e+00,2.402272927e-02,-2.402272928e-02,2.402272927e-02
2.020000000e-03,5.000000000e+00,2.572119459e+00,2.427880540e-02,-2.427880541e-02,2.427880540e-02
2.021000000e-03,5.000000000e+00,2.546769182e+00,2.453230817e-02,-2.453230818e-02,2.453230817e-02
2.022000000e-03,5.000000000e+00,2.521673656e+00,2.478326344e-02,-2.478326345e-02,2.478326344e-02
2.023000000e-03,5.000000000e+00,2.496830319e+00,2.503169680e-02,-2.503169681e-02,2.503169680e-02
2.024000000e-03,5.000000000e+00,2.472236639e+00,2.527763361e-02,-2.527763362e-02,2.527763361e-02
2.025000000e-03,5.000000000e+00,2.447890105e+00,2.552109895e-02,-2.552109895e-02,2.552109895e-02
2.026000000e-03,5.000000000e+00,2.423788235e+00,2.576211765e-02,-2.576211766e-02,2.576211765e-02
2.027000000e-03,5.000000000e+00,2.399928569e+00,2.600071430e-02,-2.600071431e-02,2.600071430e-02
2.028000000e-03,5.000000000e+00,2.376308675e+00,2.623691325e-02,-2.623691326e-02,2.623691325e-02
2.029000000e-03,5.000000000e+00,2.352926141e+00,2.647073859e-02,-2.647073860e-02,2.647073859e-02
2.030000000e-03,5.000000000e+00,2.329778583e+00,2.670221416e-02,-2.670221417e-02,2.670221416e-02
2.031000000e-03,5.000000000e+00,2.306863640e+00,2.693136360e-02,-2.693136360e-02,2.693136360e-02
2.032000000e-03,5.000000000e+00,2.284178974e+00,2.715821026e-02,-2.715821026e-02,2.715821026e-02
2.033000000e-03,5.000000000e+00,2.261722271e+00,2.738277729e-02,-2.738277729e-02,2.738277729e-02
2.034000000e-03,5.000000000e+00,2.239491240e+00,2.760508760e-02,-2.760508760e-02,2.760508760e-02
2.035000000e-03,5.000000000e+00,2.217483613e+00,2.782516387e-02,-2.782516387e-02,2.782516387e-02
2.036000000e-03,5.000000000e+00,2.195697146e+00,2.804302854e-02,-2.804302855e-02,2.804302854e-02
2.037000000e-03,5.000000000e+00,2.174129615e+00,2.825870385e-02,-2.825870386e-02,2.825870385e-02
2.038000000e-03,5.000000000e+00,2.152778821e+00,2.847221179e-02,-2.847221180e-02,2.847221179e-02
2.039000000e-03,5.000000000e+00,2.131642585e+00,2.868357415e-02,-2.868357416e-02,2.868357415e-02
2.040000000e-03,5.000000000e+00,2.110718752e+00,2.889281248e-02,-2.889281249e-02,2.889281248e-02
2.041000000e-03,5.000000000e+00,2.090005186e+00,2.909994814e-02,-2.909994814e-02,2.909994814e-02
2.042000000e-03,5.000000000e+00,2.069499776e+00,2.930500224e-02,-2.930500225e-02,2.930500224e-02
2.043000000e-03,5.000000000e+00,2.049200429e+00,2.950799571e-02,-2.950799572e-02,2.950799571e-02
2.044000000e-03,5.000000000e+00,2.029105074e+00,2.970894926e-02,-2.970894927e-02,2.970894926e-02
2.045000000e-03,5.000000000e+00,2.009211661e+00,2.990788339e-02,-2.990788339e-02,2.990788339e-02
2.046000000e-03,5.000000000e+00,1.989518162e+00,3.010481838e-02,-3.010481839e-02,3.010481838e-02
2.047000000e-03,5.000000000e+00,1.970022566e+00,3.029977434e-02,-3.029977434e-02,3.029977434e-02
2.048000000e-03,5.000000000e+00,1.950722886e+00,3.049277114e-02,-3.049277115e-02,3.049277114e-02
2.049000000e-03,5.000000000e+00,1.931617152e+00,3.068382847e-02,-3.068382848e-02,3.068382847e-02
2.050000000e-03,5.000000000e+00,1.912703416e+00,3.087296584e-02,-3.087296584e-02,3.087296584e-02
2.051000000e-03,-2.465190329e-32,-3.056271699e+00,3.056271699e-02,-3.056271699e-02,3.056271699e-02
2.052000000e-03,1.261484114e-32,-3.025558590e+00,3.025558591e-02,-3.025558590e-02,3.025558591e-02
2.053000000e-03,2.710505431e-20,-2.995154124e+00,2.995154124e-02,-2.995154124e-02,2.995154124e-02
2.054000000e-03,-1.251854464e-33,-2.965055199e+00,2.965055199e-02,-2.965055199e-02,2.965055199e-02
2.055000000e-03,-5.171121901e-32,-2.935258744e+00,2.935258744e-02,-2.935258744e-02,2.935258744e-02
2.056000000e-03,-1.010150256e-31,-2.905761719e+00,2.905761719e-02,-2.905761719e-02,2.905761719e-02
2.057000000e-03,-5.171121901e-32,-2.876561117e+00,2.876561117e-02,-2.876561117e-02,2.876561117e-02
2.058000000e-03,-2.705931572e-32,-2.847653957e+00,2.847653957e-02,-2.847653957e-02,2.847653957e-02
2.059000000e-03,-2.407412430e-33,-2.819037291e+00,2.819037291e-02,-2.819037291e-02,2.819037291e-02
2.060000000e-03,3.755563392e-33,-2.790708200e+00,2.790708200e-02,-2.790708200e-02,2.790708200e-02
2.061000000e-03,1.763188864e-31,-2.762663794e+00,2.762663795e-02,-2.762663794e-02,2.762663795e-02
2.062000000e-03,-3.045348143e-20,-2.734901212e+00,2.734901213e-02,-2.734901212e-02,2.734901213e-02
2.063000000e-03,6.018531076e-34,-2.707417622e+00,2.707417623e-02,-2.707417622e-02,2.707417623e-02
2.064000000e-03,9.918539214e-32,-2.680210221e+00,2.680210221e-02,-2.680210221e-02,2.680210221e-02
2.065000000e-03,-1.972152263e-31,-2.653276232e+00,2.653276232e-02,-2.653276232e-02,2.653276232e-02
2.066000000e-03,-2.923561656e-31,-2.626612908e+00,2.626612909e-02,-2.626612908e-02,2.626612909e-02
2.067000000e-03,-1.771855549e-32,-2.600217530e+00,2.600217530e-02,-2.600217530e-02,2.600217530e-02
2.068000000e-03,-5.392603844e-33,-2.574087404e+00,2.574087405e-02,-2.574087404e-02,2.574087405e-02
2.069000000e-03,5.623715438e-32,-2.548219866e+00,2.548219866e-02,-2.548219866e-02,2.548219866e-02
2.070000000e-03,-1.771855549e-32,-2.522612275e+00,2.522612276e-02,-2.522612275e-02,2.522612276e-02
2.071000000e-03,-2.388153131e-32,-2.497262021e+00,2.497262021e-02,-2.497262021e-02,2.497262021e-02
2.072000000e-03,4.949639957e-32,-2.472166517e+00,2.472166517e-02,-2.472166517e-02,2.472166517e-02
2.073000000e-03,-1.300002712e-32,-2.447323202e+00,2.447323202e-02,-2.447323202e-02,2.447323202e-02
2.074000000e-03,-2.678741696e-19,-2.422729543e+00,2.422729543e-02,-2.422729543e-02,2.422729543e-02
2.075000000e-03,8.377795258e-33,-2.398383031e+00,2.398383031e-02,-2.398383031e-02,2.398383031e-02
2.076000000e-03,5.710382285e-32,-2.374281182e+00,2.374281182e-02,-2.374281182e-02,2.374281182e-02
2.077000000e-03,7.800016275e-33,-2.350421538e+00,2.350421538e-02,-2.350421538e-02,2.350421538e-02
2.078000000e-03,1.068409637e-31,-2.326801664e+00,2.326801664e-02,-2.326801664e-02,2.326801664e-02
2.079000000e-03,5.753715709e-32,-2.303419151e+00,2.303419151e-02,-2.303419151e-02,2.303419151e-02
2.080000000e-03,-2.258152860e-32,-2.280271614e+00,2.280271614e-02,-2.280271614e-02,2.280271614e-02
2.081000000e-03,1.439632633e-32,-2.257356691e+00,2.257356691e-02,-2.257356691e-02,2.257356691e-02
2.082000000e-03,-1.025557695e-32,-2.234672045e+00,2.234672045e-02,-2.234672045e-02,2.234672045e-02
2.083000000e-03,6.855672917e-21,-2.212215362e+00,2.212215362e-02,-2.212215362e-02,2.212215362e-02
2.084000000e-03,4.333342375e-34,-2.189984351e+00,2.189984351e-02,-2.189984351e-02,2.189984351e-02
2.085000000e-03,3.416599721e-31,-2.167976743e+00,2.167976743e-02,-2.167976743e-02,2.167976743e-02
2.086000000e-03,-5.277048048e-32,-2.146190295e+00,2.146190295e-02,-2.146190295e-02,2.146190295e-02
2.087000000e-03,8.859277744e-33,-2.124622783e+00,2.124622783e-02,-2.124622783e-02,2.124622783e-02
2.088000000e-03,8.859277744e-33,-2.103272008e+00,2.103272008e-02,-2.103272008e-02,2.103272008e-02
2.089000000e-03,-3.362673683e-31,-2.082135791e+00,2.082135791e-02,-2.082135791e-02,2.082135791e-02
2.090000000e-03,1.355252716e-20,-2.061211976e+00,2.061211976e-02,-2.061211976e-02,2.061211976e-02
2.091000000e-03,-3.755563392e-32,-2.040498429e+00,2.040498429e-02,-2.040498429e-02,2.040498429e-02
2.092000000e-03,1.290373063e-32,-2.019993037e+00,2.019993037e-02,-2.019993037e-02,2.019993037e-02
2.093000000e-03,8.036225087e-20,-1.999693708e+00,1.999693708e-02,-1.999693708e-02,1.999693708e-02
2.094000000e-03,-6.740754805e-33,-1.979598370e+00,1.979598371e-02,-1.979598370e-02,1.979598371e-02
2.095000000e-03,1.646670102e-31,-1.959704975e+00,1.959704976e-02,-1.959704975e-02,1.959704976e-02
2.096000000e-03,-7.896312772e-33,-1.940011493e+00,1.940011494e-02,-1.940011493e-02,1.940011494e-02
2.097000000e-03,-9.629649722e-34,-1.920515915e+00,1.920515915e-02,-1.920515915e-02,1.920515915e-02
2.098000000e-03,-5.585196839e-33,-1.901216252e+00,1.901216252e-02,-1.901216252e-02,1.901216252e-02
2.099000000e-03,1.355252716e-20,-1.882110535e+00,1.882110536e-02,-1.882110535e-02,1.882110536e-02
2.100000000e-03,-7.332978263e-32,-1.863196816e+00,1.863196816e-02,-1.863196816e-02,1.863196816e-02
2.101000000e-03,5.000000000e+00,3.105778283e+00,1.894221717e-02,-1.894221718e-02,1.894221717e-02
2.102000000e-03,5.000000000e+00,3.075065158e+00,1.924934842e-02,-1.924934843e-02,1.924934842e-02
2.103000000e-03,5.000000000e+00,3.044660675e+00,1.955339325e-02,-1.955339325e-02,1.955339325e-02
2.104000000e-03,5.000000000e+00,3.014561734e+00,1.985438266e-02,-1.985438267e-02,1.985438266e-02
2.105000000e-03,5.000000000e+00,2.984765262e+00,2.015234737e-02,-2.015234738e-02,2.015234737e-02
2.106000000e-03,5.000000000e+00,2.955268222e+00,2.044731777e-02,-2.044731778e-02,2.044731777e-02
2.107000000e-03,5.000000000e+00,2.926067604e+00,2.073932396e-02,-2.073932396e-02,2.073932396e-02
2.108000000e-03,5.000000000e+00,2.897160429e+00,2.102839571e-02,-2.102839572e-02,2.102839571e-02
2.109000000e-03,5.000000000e+00,2.868543748e+00,2.131456252e-02,-2.131456253e-02,2.131456252e-02
2.110000000e-03,5.000000000e+00,2.840214642e+00,2.159785358e-02,-2.159785359e-02,2.159785358e-02
2.111000000e-03,5.000000000e+00,2.812170221e+00,2.187829779e-02,-2.187829780e-02,2.187829779e-02
2.112000000e-03,5.000000000e+00,2.784407624e+00,2.215592376e-02,-2.215592376e-02,2.215592376e-02
2.113000000e-03,5.000000000e+00,2.756924020e+00,2.243075980e-02,-2.243075981e-02,2.243075980e-02
2.114000000e-03,5.000000000e+00,2.729716603e+00,2.270283396e-02,-2.270283397e-02,2.270283396e-02
2.115000000e-03,5.000000000e+00,2.702782600e+00,2.297217400e-02,-2.297217400e-02,2.297217400e-02
2.116000000e-03,5.000000000e+00,2.676119262e+00,2.323880737e-02,-2.323880738e-02,2.323880737e-02
2.117000000e-03,5.000000000e+00,2.649723870e+00,2.350276130e-02,-2.350276131e-02,2.350276130e-02
2.118000000e-03,5.000000000e+00,2.623593730e+00,2.376406270e-02,-2.376406270e-02,2.376406270e-02
2.119000000e-03,5.000000000e+00,2.597726178e+00,2.402273822e-02,-2.402273823e-02,2.402273822e-02
2.120000000e-03,5.000000000e+00,2.572118574e+00,2.427881426e-02,-2.427881427e-02,2.427881426e-02
2.121000000e-03,5.000000000e+00,2.546768306e+00,2.453231694e-02,-2.453231695e-02,2.453231694e-02
2.122000000e-03,5.000000000e+00,2.521672788e+00,2.478327212e-02,-2.478327213e-02,2.478327212e-02
2.123000000e-03,5.000000000e+00,2.496829460e+00,2.503170539e-02,-2.503170540e-02,2.503170539e-02
2.124000000e-03,5.000000000e+00,2.472235788e+00,2.527764211e-02,-2.527764212e-02,2.527764211e-02
2.125000000e-03,5.000000000e+00,2.447889263e+00,2.552110737e-02,-2.552110737e-02,2.552110737e-02
2.126000000e-03,5.000000000e+00,2.423787401e+00,2.576212598e-02,-2.576212599e-02,2.576212598e-02
2.127000000e-03,5.000000000e+00,2.399927744e+00,2.600072256e-02,-2.600072256e-02,2.600072256e-02
2.128000000e-03,5.000000000e+00,2.376307858e+00,2.623692142e-02,-2.623692143e-02,2.623692142e-02
2.129000000e-03,5.000000000e+00,2.352925332e+00,2.647074667e-02,-2.647074668e-02,2.647074667e-02
2.130000000e-03,5.000000000e+00,2.329777783e+00,2.670222217e-02,-2.670222218e-02,2.670222217e-02
2.131000000e-03,5.000000000e+00,2.306862848e+00,2.693137152e-02,-2.693137153e-02,2.693137152e-02
2.132000000e-03,5.000000000e+00,2.284178190e+00,2.715821810e-02,-2.715821811e-02,2.715821810e-02
2.133000000e-03,5.000000000e+00,2.261721494e+00,2.738278505e-02,-2.738278506e-02,2.738278505e-02
2.134000000e-03,5.000000000e+00,2.239490471e+00,2.760509529e-02,-2.760509529e-02,2.760509529e-02
2.135000000e-03,5.000000000e+00,2.217482852e+00,2.782517148e-02,-2.782517148e-02,2.782517148e-02
2.136000000e-03,5.000000000e+00,2.195696392e+00,2.804303608e-02,-2.804303608e-02,2.804303608e-02
2.137000000e-03,5.000000000e+00,2.174128869e+00,2.825871131e-02,-2.825871132e-02,2.825871131e-02
2.138000000e-03,5.000000000e+00,2.152778082e+00,2.847221918e-02,-2.847221918e-02,2.847221918e-02
2.139000000e-03,5.000000000e+00,2.131641854e+00,2.868358146e-02,-2.868358147e-02,2.868358146e-02
2.140000000e-03,5.000000000e+00,2.110718028e+00,2.889281972e-02,-2.889281972e-02,2.889281972e-02
2.141000000e-03,5.000000000e+00,2.090004470e+00,2.909995530e-02,-2.909995531e-02,2.909995530e-02
2.142000000e-03,5.000000000e+00,2.069499067e+00,2.930500933e-02,-2.930500934e-02,2.930500933e-02
2.143000000e-03,5.000000000e+00,2.049199727e+00,2.950800273e-02,-2.950800274e-02,2.950800273e-02
2.144000000e-03,5.000000000e+00,2.029104379e+00,2.970895621e-02,-2.970895622e-02,2.970895621e-02
2.145000000e-03,5.000000000e+00,2.009210973e+00,2.990789027e-02,-2.990789027e-02,2.990789027e-02
2.146000000e-03,5.000000000e+00,1.989517481e+00,3.010482519e-02,-3.010482520e-02,3.010482519e-02
2.147000000e-03,5.000000000e+00,1.970021892e+00,3.029978108e-02,-3.029978109e-02,3.029978108e-02
2.148000000e-03,5.000000000e+00,1.950722219e+00,3.049277781e-02,-3.049277782e-02,3.049277781e-02
2.149000000e-03,5.000000000e+00,1.931616492e+00,3.068383508e-02,-3.068383509e-02,3.068383508e-02
2.150000000e-03,5.000000000e+00,1.912702762e+00,3.087297238e-02,-3.087297238e-02,3.087297238e-02
2.151000000e-03,2.710505431e-20,-3.056272347e+00,3.056272347e-02,-3.056272347e-02,3.056272347e-02
2.152000000e-03,3.081487911e-33,-3.025559231e+00,3.025559232e-02,-3.025559231e-02,3.025559232e-02
2.153000000e-03,-1.941337384e-31,-2.995154759e+00,2.995154759e-02,-2.995154759e-02,2.995154759e-02
2.154000000e-03,5.421010862e-20,-2.965055827e+00,2.965055827e-02,-2.965055827e-02,2.965055827e-02
2.155000000e-03,-4.448898172e-32,-2.935259365e+00,2.935259366e-02,-2.935259365e-02,2.935259366e-02
2.156000000e-03,-5.296307347e-32,-2.905762335e+00,2.905762335e-02,-2.905762335e-02,2.905762335e-02
2.157000000e-03,-3.948156386e-33,-2.876561726e+00,2.876561726e-02,-2.876561726e-02,2.876561726e-02
2.158000000e-03,4.920751008e-32,-2.847654560e+00,2.847654560e-02,-2.847654560e-02,2.847654560e-02
2.159000000e-03,1.355252716e-20,-2.819037888e+00,2.819037889e-02,-2.819037888e-02,2.819037889e-02
2.160000000e-03,-3.943823044e-31,-2.790708791e+00,2.790708792e-02,-2.790708791e-02,2.790708792e-02
2.161000000e-03,4.935195482e-32,-2.762664380e+00,2.762664380e-02,-2.762664380e-02,2.762664380e-02
2.162000000e-03,-9.855946490e-32,-2.734901792e+00,2.734901792e-02,-2.734901792e-02,2.734901792e-02
2.163000000e-03,1.059261469e-33,-2.707418196e+00,2.707418196e-02,-2.707418196e-02,2.707418196e-02
2.164000000e-03,-2.344819707e-32,-2.680210789e+00,2.680210789e-02,-2.680210789e-02,2.680210789e-02
2.165000000e-03,1.203706215e-33,-2.653276794e+00,2.653276794e-02,-2.653276794e-02,2.653276794e-02
2.166000000e-03,2.935598718e-31,-2.626613465e+00,2.626613465e-02,-2.626613465e-02,2.626613465e-02
2.167000000e-03,-2.262967685e-33,-2.600218081e+00,2.600218081e-02,-2.600218081e-02,2.600218081e-02
2.168000000e-03,-2.262967685e-33,-2.574087950e+00,2.574087950e-02,-2.574087950e-02,2.574087950e-02
2.169000000e-03,1.323675096e-20,-2.548220406e+00,2.548220406e-02,-2.548220406e-02,2.548220406e-02
2.170000000e-03,-3.084185594e-22,-2.522612810e+00,2.522612810e-02,-2.522612810e-02,2.522612810e-02
2.171000000e-03,-5.921030873e-31,-2.497262550e+00,2.497262550e-02,-2.497262550e-02,2.497262550e-02
2.172000000e-03,6.475939438e-33,-2.472167040e+00,2.472167041e-02,-2.472167040e-02,2.472167041e-02
2.173000000e-03,3.129636160e-34,-2.447323721e+00,2.447323721e-02,-2.447323721e-02,2.447323721e-02
2.174000000e-03,3.129636160e-34,-2.422730056e+00,2.422730057e-02,-2.422730056e-02,2.422730057e-02
2.175000000e-03,-5.357483391e-20,-2.398383539e+00,2.398383540e-02,-2.398383539e-02,2.398383540e-02
2.176000000e-03,2.032879073e-20,-2.374281685e+00,2.374281686e-02,-2.374281685e-02,2.374281686e-02
2.177000000e-03,1.468521583e-33,-2.350422036e+00,2.350422036e-02,-2.350422036e-02,2.350422036e-02
2.178000000e-03,1.234063686e-30,-2.326802157e+00,2.326802157e-02,-2.326802157e-02,2.326802157e-02
2.179000000e-03,1.355252716e-20,-2.303419639e+00,2.303419639e-02,-2.303419639e-02,2.303419639e-02
2.180000000e-03,6.463902376e-32,-2.280272097e+00,2.280272097e-02,-2.280272097e-02,2.280272097e-02
2.181000000e-03,9.172241360e-33,-2.257357169e+00,2.257357170e-02,-2.257357169e-02,2.257357170e-02
2.182000000e-03,-4.020378759e-32,-2.234672519e+00,2.234672519e-02,-2.234672519e-02,2.234672519e-02
2.183000000e-03,3.490748024e-32,-2.212215831e+00,2.212215831e-02,-2.212215831e-02,2.212215831e-02
2.184000000e-03,-2.070374690e-33,-2.189984815e+00,2.189984815e-02,-2.189984815e-02,2.189984815e-02
2.185000000e-03,9.530945812e-32,-2.167977203e+00,2.167977203e-02,-2.167977203e-02,2.167977203e-02
2.186000000e-03,-2.678741696e-20,-2.146190750e+00,2.146190750e-02,-2.146190750e-02,2.146190750e-02
2.187000000e-03,-2.431486555e-33,-2.124623233e+00,2.124623234e-02,-2.124623233e-02,2.124623234e-02
2.188000000e-03,-2.429079142e-32,-2.103272453e+00,2.103272454e-02,-2.103272453e-02,2.103272454e-02
2.189000000e-03,3.611118646e-34,-2.082136232e+00,2.082136232e-02,-2.082136232e-02,2.082136232e-02
2.190000000e-03,-1.475503079e-31,-2.061212413e+00,2.061212413e-02,-2.061212413e-02,2.061212413e-02
2.191000000e-03,-1.196483978e-32,-2.040498861e+00,2.040498862e-02,-2.040498861e-02,2.040498862e-02
2.192000000e-03,3.442599776e-33,-2.019993465e+00,2.019993465e-02,-2.019993465e-02,2.019993465e-02
2.193000000e-03,5.274640635e-32,-1.999694131e+00,1.999694131e-02,-1.999694131e-02,1.999694131e-02
2.194000000e-03,-2.710505431e-20,-1.979598790e+00,1.979598790e-02,-1.979598790e-02,1.979598790e-02
2.195000000e-03,2.286988958e-20,-1.959705391e+00,1.959705391e-02,-1.959705391e-02,1.959705391e-02
2.196000000e-03,-1.109166483e-20,-1.940011904e+00,1.940011905e-02,-1.940011904e-02,1.940011905e-02
2.197000000e-03,4.128712318e-32,-1.920516322e+00,1.920516322e-02,-1.920516322e-02,1.920516322e-02
2.198000000e-03,1.692410939e-32,-1.901216655e+00,1.901216655e-02,-1.901216655e-02,1.901216655e-02
2.199000000e-03,-5.703160048e-32,-1.882110934e+00,1.882110934e-02,-1.882110934e-02,1.882110934e-02
2.200000000e-03,-7.089829608e-32,-1.863197211e+00,1.863197211e-02,-1.863197211e-02,1.863197211e-02
2.201000000e-03,5.000000000e+00,3.105777892e+00,1.894222108e-02,-1.894222109e-02,1.894222108e-02
2.202000000e-03,5.000000000e+00,3.075064771e+00,1.924935229e-02,-1.924935230e-02,1.924935229e-02
2.203000000e-03,5.000000000e+00,3.044660292e+00,1.955339708e-02,-1.955339708e-02,1.955339708e-02
2.204000000e-03,5.000000000e+00,3.014561354e+00,1.985438645e-02,-1.985438646e-02,1.985438645e-02
2.205000000e-03,5.000000000e+00,2.984764887e+00,2.015235113e-02,-2.015235113e-02,2.015235113e-02
2.206000000e-03,5.000000000e+00,2.955267851e+00,2.044732149e-02,-2.044732150e-02,2.044732149e-02
2.207000000e-03,5.000000000e+00,2.926067236e+00,2.073932763e-02,-2.073932764e-02,2.073932763e-02
2.208000000e-03,5.000000000e+00,2.897160065e+00,2.102839935e-02,-2.102839936e-02,2.102839935e-02
2.209000000e-03,5.000000000e+00,2.868543387e+00,2.131456612e-02,-2.131456613e-02,2.131456612e-02
2.210000000e-03,5.000000000e+00,2.840214285e+00,2.159785715e-02,-2.159785715e-02,2.159785715e-02
2.211000000e-03,5.000000000e+00,2.812169868e+00,2.187830132e-02,-2.187830133e-02,2.187830132e-02
2.212000000e-03,5.000000000e+00,2.784407274e+00,2.215592725e-02,-2.215592726e-02,2.215592725e-02
2.213000000e-03,5.000000000e+00,2.756923673e+00,2.243076326e-02,-2.243076327e-02,2.243076326e-02
2.214000000e-03,5.000000000e+00,2.729716261e+00,2.270283739e-02,-2.270283740e-02,2.270283739e-02
2.215000000e-03,5.000000000e+00,2.702782261e+00,2.297217739e-02,-2.297217740e-02,2.297217739e-02
2.216000000e-03,5.000000000e+00,2.676118926e+00,2.323881073e-02,-2.323881074e-02,2.323881073e-02
2.217000000e-03,5.000000000e+00,2.649723537e+00,2.350276462e-02,-2.350276463e-02,2.350276462e-02
2.218000000e-03,5.000000000e+00,2.623593401e+00,2.376406599e-02,-2.376406599e-02,2.376406599e-02
2.219000000e-03,5.000000000e+00,2.597725852e+00,2.402274148e-02,-2.402274149e-02,2.402274148e-02
2.220000000e-03,5.000000000e+00,2.572118251e+00,2.427881749e-02,-2.427881749e-02,2.427881749e-02
2.221000000e-03,5.000000000e+00,2.546767987e+00,2.453232013e-02,-2.453232014e-02,2.453232013e-02
2.222000000e-03,5.000000000e+00,2.521672472e+00,2.478327528e-02,-2.478327529e-02,2.478327528e-02
2.223000000e-03,5.000000000e+00,2.496829147e+00,2.503170852e-02,-2.503170853e-02,2.503170852e-02
2.224000000e-03,5.000000000e+00,2.472235478e+00,2.527764521e-02,-2.527764522e-02,2.527764521e-02
2.225000000e-03,5.000000000e+00,2.447888957e+00,2.552111043e-02,-2.552111044e-02,2.552111043e-02
2.226000000e-03,5.000000000e+00,2.423787098e+00,2.576212902e-02,-2.576212903e-02,2.576212902e-02
2.227000000e-03,5.000000000e+00,2.399927444e+00,2.600072556e-02,-2.600072557e-02,2.600072556e-02
2.228000000e-03,5.000000000e+00,2.376307560e+00,2.623692440e-02,-2.623692440e-02,2.623692440e-02
2.229000000e-03,5.000000000e+00,2.352925038e+00,2.647074962e-02,-2.647074963e-02,2.647074962e-02
2.230000000e-03,5.000000000e+00,2.329777491e+00,2.670222509e-02,-2.670222509e-02,2.670222509e-02
2.231000000e-03,5.000000000e+00,2.306862559e+00,2.693137441e-02,-2.693137441e-02,2.693137441e-02
2.232000000e-03,5.000000000e+00,2.284177904e+00,2.715822096e-02,-2.715822097e-02,2.715822096e-02
2.233000000e-03,5.000000000e+00,2.261721212e+00,2.738278788e-02,-2.738278789e-02,2.738278788e-02
2.234000000e-03,5.000000000e+00,2.239490191e+00,2.760509809e-02,-2.760509809e-02,2.760509809e-02
2.235000000e-03,5.000000000e+00,2.217482575e+00,2.782517425e-02,-2.782517426e-02,2.782517425e-02
2.236000000e-03,5.000000000e+00,2.195696118e+00,2.804303882e-02,-2.804303883e-02,2.804303882e-02
2.237000000e-03,5.000000000e+00,2.174128597e+00,2.825871402e-02,-2.825871403e-02,2.825871402e-02
2.238000000e-03,5.000000000e+00,2.152777813e+00,2.847222186e-02,-2.847222187e-02,2.847222187e-02
2.239000000e-03,5.000000000e+00,2.131641588e+00,2.868358412e-02,-2.868358413e-02,2.868358412e-02
2.240000000e-03,5.000000000e+00,2.110717764e+00,2.889282235e-02,-2.889282236e-02,2.889282235e-02
2.241000000e-03,5.000000000e+00,2.090004209e+00,2.909995791e-02,-2.909995791e-02,2.909995791e-02
2.242000000e-03,5.000000000e+00,2.069498808e+00,2.930501191e-02,-2.930501192e-02,2.930501191e-02
2.243000000e-03,5.000000000e+00,2.049199471e+00,2.950800529e-02,-2.950800530e-02,2.950800529e-02
2.244000000e-03,5.000000000e+00,2.029104126e+00,2.970895874e-02,-2.970895875e-02,2.970895874e-02
2.245000000e-03,5.000000000e+00,2.009210723e+00,2.990789277e-02,-2.990789278e-02,2.990789277e-02
2.246000000e-03,5.000000000e+00,1.989517232e+00,3.010482767e-02,-3.010482768e-02,3.010482767e-02
2.247000000e-03,5.000000000e+00,1.970021646e+00,3.029978353e-02,-3.029978354e-02,3.029978353e-02
2.248000000e-03,5.000000000e+00,1.950721975e+00,3.049278024e-02,-3.049278025e-02,3.049278024e-02
2.249000000e-03,5.000000000e+00,1.931616251e+00,3.068383749e-02,-3.068383750e-02,3.068383749e-02
2.250000000e-03,5.000000000e+00,1.912702524e+00,3.087297476e-02,-3.087297477e-02,3.087297476e-02
2.251000000e-03,0.000000000e+00,-3.056272583e+00,3.056272583e-02,-3.056272583e-02,3.056272583e-02
2.252000000e-03,6.162975822e-33,-3.025559465e+00,3.025559465e-02,-3.025559465e-02,3.025559465e-02
2.253000000e-03,-1.848892747e-32,-2.995154990e+00,2.995154990e-02,-2.995154990e-02,2.995154990e-02
2.254000000e-03,1.355252716e-20,-2.965056056e+00,2.965056056e-02,-2.965056056e-02,2.965056056e-02
2.255000000e-03,-1.540743956e-33,-2.935259592e+00,2.935259592e-02,-2.935259592e-02,2.935259592e-02
2.256000000e-03,-7.106681495e-32,-2.905762559e+00,2.905762559e-02,-2.905762559e-02,2.905762559e-02
2.257000000e-03,2.888894917e-33,-2.876561948e+00,2.876561948e-02,-2.876561948e-02,2.876561948e-02
2.258000000e-03,-2.710133200e-20,-2.847654780e+00,2.847654780e-02,-2.847654780e-02,2.847654780e-02
2.259000000e-03,5.305936997e-32,-2.819038106e+00,2.819038106e-02,-2.819038106e-02,2.819038106e-02
2.260000000e-03,-2.407412430e-33,-2.790709007e+00,2.790709007e-02,-2.790709007e-02,2.790709007e-02
2.261000000e-03,-1.210142489e-19,-2.762664593e+00,2.762664593e-02,-2.762664593e-02,2.762664593e-02
2.262000000e-03,3.846082099e-31,-2.734902003e+00,2.734902003e-02,-2.734902003e-02,2.734902003e-02
2.263000000e-03,-6.317050218e-32,-2.707418405e+00,2.707418405e-02,-2.707418405e-02,2.707418405e-02
2.264000000e-03,-9.629649722e-34,-2.680210995e+00,2.680210996e-02,-2.680210995e-02,2.680210996e-02
2.265000000e-03,2.118522939e-33,-2.653276999e+00,2.653276999e-02,-2.653276999e-02,2.653276999e-02
2.266000000e-03,1.829633447e-33,-2.626613667e+00,2.626613668e-02,-2.626613667e-02,2.626613668e-02
2.267000000e-03,1.415558509e-32,-2.600218281e+00,2.600218282e-02,-2.600218281e-02,2.600218282e-02
2.268000000e-03,1.415558509e-32,-2.574088148e+00,2.574088149e-02,-2.574088148e-02,2.574088149e-02
2.269000000e-03,1.829633447e-33,-2.548220602e+00,2.548220602e-02,-2.548220602e-02,2.548220602e-02
2.270000000e-03,-4.747417313e-32,-2.522613004e+00,2.522613005e-02,-2.522613004e-02,2.522613005e-02
2.271000000e-03,-2.364753082e-30,-2.497262743e+00,2.497262743e-02,-2.497262743e-02,2.497262743e-02
2.272000000e-03,5.113344002e-32,-2.472167231e+00,2.472167231e-02,-2.472167231e-02,2.472167231e-02
2.273000000e-03,-1.357780611e-32,-2.447323909e+00,2.447323910e-02,-2.447323909e-02,2.447323910e-02
2.274000000e-03,-4.235164736e-20,-2.422730243e+00,2.422730244e-02,-2.422730243e-02,2.422730244e-02
2.275000000e-03,1.829633447e-33,-2.398383724e+00,2.398383725e-02,-2.398383724e-02,2.398383725e-02
2.276000000e-03,-9.555019937e-32,-2.374281868e+00,2.374281869e-02,-2.374281868e-02,2.374281869e-02
2.277000000e-03,1.527503187e-32,-2.350422217e+00,2.350422217e-02,-2.350422217e-02,2.350422217e-02
2.278000000e-03,9.539371756e-32,-2.326802336e+00,2.326802337e-02,-2.326802336e-02,2.326802337e-02
2.279000000e-03,-3.213895595e-33,-2.303419817e+00,2.303419817e-02,-2.303419817e-02,2.303419817e-02
2.280000000e-03,7.074181427e-32,-2.280272273e+00,2.280272273e-02,-2.280272273e-02,2.280272273e-02
2.281000000e-03,2.143800769e-32,-2.257357344e+00,2.257357344e-02,-2.257357344e-02,2.257357344e-02
2.282000000e-03,-1.355252716e-20,-2.234672691e+00,2.234672691e-02,-2.234672691e-02,2.234672691e-02
2.283000000e-03,1.527503187e-32,-2.212216001e+00,2.212216002e-02,-2.212216001e-02,2.212216002e-02
2.284000000e-03,-3.402877470e-32,-2.189984984e+00,2.189984984e-02,-2.189984984e-02,2.189984984e-02
2.285000000e-03,-6.295383506e-33,-2.167977370e+00,2.167977370e-02,-2.167977370e-02,2.167977370e-02
2.286000000e-03,-1.295548999e-31,-2.146190915e+00,2.146190915e-02,-2.146190915e-02,2.146190915e-02
2.287000000e-03,1.169641329e-31,-2.124623397e+00,2.124623397e-02,-2.124623397e-02,2.124623397e-02
2.288000000e-03,-8.025109337e-32,-2.103272616e+00,2.103272616e-02,-2.103272616e-02,2.103272616e-02
2.289000000e-03,-3.213895595e-33,-2.082136393e+00,2.082136393e-02,-2.082136393e-02,2.082136393e-02
2.290000000e-03,-4.002416791e-20,-2.061212572e+00,2.061212572e-02,-2.061212572e-02,2.061212572e-02
2.291000000e-03,-3.213895595e-33,-2.040499019e+00,2.040499019e-02,-2.040499019e-02,2.040499019e-02
2.292000000e-03,-2.678741696e-20,-2.019993621e+00,2.019993621e-02,-2.019993621e-02,2.019993621e-02
2.293000000e-03,-1.088511530e-31,-1.999694286e+00,1.999694286e-02,-1.999694286e-02,1.999694286e-02
2.294000000e-03,2.082411752e-33,-1.979598943e+00,1.979598943e-02,-1.979598943e-02,1.979598943e-02
2.295000000e-03,-5.954734647e-32,-1.959705542e+00,1.959705542e-02,-1.959705542e-02,1.959705542e-02
2.296000000e-03,-4.033808296e-20,-1.940012054e+00,1.940012054e-02,-1.940012054e-02,1.940012054e-02
2.297000000e-03,2.070374690e-33,-1.920516470e+00,1.920516471e-02,-1.920516470e-02,1.920516471e-02
2.298000000e-03,-1.355252716e-20,-1.901216802e+00,1.901216802e-02,-1.901216802e-02,1.901216802e-02
2.299000000e-03,7.366682037e-33,-1.882111079e+00,1.882111080e-02,-1.882111079e-02,1.882111080e-02
2.300000000e-03,-5.226492387e-31,-1.863197355e+00,1.863197355e-02,-1.863197355e-02,1.863197355e-02
2.301000000e-03,5.000000000e+00,3.105777750e+00,1.894222250e-02,-1.894222251e-02,1.894222250e-02
2.302000000e-03,5.000000000e+00,3.075064630e+00,1.924935370e-02,-1.924935371e-02,1.924935370e-02
2.303000000e-03,5.000000000e+00,3.044660153e+00,1.955339847e-02,-1.955339848e-02,1.955339847e-02
2.304000000e-03,5.000000000e+00,3.014561216e+00,1.985438783e-02,-1.985438784e-02,1.985438783e-02
2.305000000e-03,5.000000000e+00,2.984764750e+00,2.015235249e-02,-2.015235250e-02,2.015235249e-02
2.306000000e-03,5.000000000e+00,2.955267715e+00,2.044732284e-02,-2.044732285e-02,2.044732284e-02
2.307000000e-03,5.000000000e+00,2.926067102e+00,2.073932897e-02,-2.073932898e-02,2.073932897e-02
2.308000000e-03,5.000000000e+00,2.897159932e+00,2.102840068e-02,-2.102840068e-02,2.102840068e-02
2.309000000e-03,5.000000000e+00,2.868543256e+00,2.131456744e-02,-2.131456744e-02,2.131456744e-02
2.310000000e-03,5.000000000e+00,2.840214155e+00,2.159785845e-02,-2.159785845e-02,2.159785845e-02
2.311000000e-03,5.000000000e+00,2.812169739e+00,2.187830261e-02,-2.187830261e-02,2.187830261e-02
2.312000000e-03,5.000000000e+00,2.784407147e+00,2.215592853e-02,-2.215592853e-02,2.215592853e-02
2.313000000e-03,5.000000000e+00,2.756923547e+00,2.243076452e-02,-2.243076453e-02,2.243076452e-02
2.314000000e-03,5.000000000e+00,2.729716136e+00,2.270283864e-02,-2.270283865e-02,2.270283864e-02
2.315000000e-03,5.000000000e+00,2.702782137e+00,2.297217862e-02,-2.297217863e-02,2.297217862e-02
2.316000000e-03,5.000000000e+00,2.676118804e+00,2.323881196e-02,-2.323881196e-02,2.323881196e-02
2.317000000e-03,5.000000000e+00,2.649723416e+00,2.350276583e-02,-2.350276584e-02,2.350276583e-02
2.318000000e-03,5.000000000e+00,2.623593281e+00,2.376406719e-02,-2.376406719e-02,2.376406719e-02
2.319000000e-03,5.000000000e+00,2.597725733e+00,2.402274266e-02,-2.402274267e-02,2.402274266e-02
2.320000000e-03,5.000000000e+00,2.572118134e+00,2.427881866e-02,-2.427881867e-02,2.427881866e-02
2.321000000e-03,5.000000000e+00,2.546767870e+00,2.453232130e-02,-2.453232130e-02,2.453232130e-02
2.322000000e-03,5.000000000e+00,2.521672357e+00,2.478327643e-02,-2.478327644e-02,2.478327643e-02
2.323000000e-03,5.000000000e+00,2.496829033e+00,2.503170966e-02,-2.503170967e-02,2.503170966e-02
2.324000000e-03,5.000000000e+00,2.472235366e+00,2.527764634e-02,-2.527764635e-02,2.527764634e-02
2.325000000e-03,5.000000000e+00,2.447888845e+00,2.552111155e-02,-2.552111156e-02,2.552111155e-02
2.326000000e-03,5.000000000e+00,2.423786987e+00,2.576213012e-02,-2.576213013e-02,2.576213012e-02
2.327000000e-03,5.000000000e+00,2.399927334e+00,2.600072666e-02,-2.600072666e-02,2.600072666e-02
2.328000000e-03,5.000000000e+00,2.376307452e+00,2.623692548e-02,-2.623692549e-02,2.623692548e-02
2.329000000e-03,5.000000000e+00,2.352924931e+00,2.647075069e-02,-2.647075070e-02,2.647075069e-02
2.330000000e-03,5.000000000e+00,2.329777385e+00,2.670222615e-02,-2.670222615e-02,2.670222615e-02
2.331000000e-03,5.000000000e+00,2.306862454e+00,2.693137546e-02,-2.693137546e-02,2.693137546e-02
2.332000000e-03,5.000000000e+00,2.284177800e+00,2.715822200e-02,-2.715822201e-02,2.715822200e-02
2.333000000e-03,5.000000000e+00,2.261721109e+00,2.738278891e-02,-2.738278892e-02,2.738278891e-02
2.334000000e-03,5.000000000e+00,2.239490089e+00,2.760509911e-02,-2.760509911e-02,2.760509911e-02
2.335000000e-03,5.000000000e+00,2.217482474e+00,2.782517526e-02,-2.782517526e-02,2.782517526e-02
2.336000000e-03,5.000000000e+00,2.195696018e+00,2.804303982e-02,-2.804303983e-02,2.804303982e-02
2.337000000e-03,5.000000000e+00,2.174128498e+00,2.825871501e-02,-2.825871502e-02,2.825871501e-02
2.338000000e-03,5.000000000e+00,2.152777715e+00,2.847222284e-02,-2.847222285e-02,2.847222284e-02
2.339000000e-03,5.000000000e+00,2.131641491e+00,2.868358509e-02,-2.868358510e-02,2.868358509e-02
2.340000000e-03,5.000000000e+00,2.110717668e+00,2.889282331e-02,-2.889282332e-02,2.889282331e-02
2.341000000e-03,5.000000000e+00,2.090004114e+00,2.909995886e-02,-2.909995886e-02,2.909995886e-02
2.342000000e-03,5.000000000e+00,2.069498714e+00,2.930501285e-02,-2.930501286e-02,2.930501285e-02
2.343000000e-03,5.000000000e+00,2.049199378e+00,2.950800622e-02,-2.950800623e-02,2.950800622e-02
2.344000000e-03,5.000000000e+00,2.029104033e+00,2.970895966e-02,-2.970895967e-02,2.970895966e-02
2.345000000e-03,5.000000000e+00,2.009210631e+00,2.990789368e-02,-2.990789369e-02,2.990789368e-02
2.346000000e-03,5.000000000e+00,1.989517142e+00,3.010482858e-02,-3.010482858e-02,3.010482858e-02
2.347000000e-03,5.000000000e+00,1.970021557e+00,3.029978443e-02,-3.029978444e-02,3.029978443e-02
2.348000000e-03,5.000000000e+00,1.950721887e+00,3.049278113e-02,-3.049278114e-02,3.049278113e-02
2.349000000e-03,5.000000000e+00,1.931616163e+00,3.068383836e-02,-3.068383837e-02,3.068383836e-02
2.350000000e-03,5.000000000e+00,1.912702437e+00,3.087297563e-02,-3.087297563e-02,3.087297563e-02
2.351000000e-03,2.465190329e-32,-3.056272668e+00,3.056272669e-02,-3.056272668e-02,3.056272669e-02
2.352000000e-03,2.378523481e-32,-3.025559550e+00,3.025559550e-02,-3.025559550e-02,3.025559550e-02
2.353000000e-03,2.710505431e-20,-2.995155074e+00,2.995155074e-02,-2.995155074e-02,2.995155074e-02
2.354000000e-03,-2.551857176e-32,-2.965056139e+00,2.965056139e-02,-2.965056139e-02,2.965056139e-02
2.355000000e-03,-8.666684750e-34,-2.935259674e+00,2.935259675e-02,-2.935259674e-02,2.935259675e-02
2.356000000e-03,2.503708928e-33,-2.905762641e+00,2.905762641e-02,-2.905762641e-02,2.905762641e-02
2.357000000e-03,-2.710505431e-20,-2.876562029e+00,2.876562029e-02,-2.876562029e-02,2.876562029e-02
2.358000000e-03,-2.710505431e-20,-2.847654860e+00,2.847654860e-02,-2.847654860e-02,2.847654860e-02
2.359000000e-03,2.647350191e-20,-2.819038185e+00,2.819038185e-02,-2.819038185e-02,2.819038185e-02
2.360000000e-03,-8.762981247e-33,-2.790709085e+00,2.790709085e-02,-2.790709085e-02,2.790709085e-02
2.361000000e-03,-8.762981247e-33,-2.762664670e+00,2.762664671e-02,-2.762664670e-02,2.762664671e-02
2.362000000e-03,-8.618536501e-33,-2.734902080e+00,2.734902080e-02,-2.734902080e-02,2.734902080e-02
2.363000000e-03,-1.442040046e-31,-2.707418481e+00,2.707418481e-02,-2.707418481e-02,2.707418481e-02
2.364000000e-03,-9.345575055e-32,-2.680211071e+00,2.680211071e-02,-2.680211071e-02,2.680211071e-02
2.365000000e-03,-1.011113221e-33,-2.653277073e+00,2.653277074e-02,-2.653277073e-02,2.653277074e-02
2.366000000e-03,-2.566301651e-32,-2.626613741e+00,2.626613742e-02,-2.626613741e-02,2.626613742e-02
2.367000000e-03,3.009747021e-31,-2.600218355e+00,2.600218355e-02,-2.600218355e-02,2.600218355e-02
2.368000000e-03,-4.704083889e-32,-2.574088221e+00,2.574088221e-02,-2.574088221e-02,2.574088221e-02
2.369000000e-03,-2.380930894e-31,-2.548220674e+00,2.548220674e-02,-2.548220674e-02,2.548220674e-02
2.370000000e-03,-2.855191143e-32,-2.522613075e+00,2.522613076e-02,-2.522613075e-02,2.522613076e-02
2.371000000e-03,-4.667521313e-31,-2.497262813e+00,2.497262813e-02,-2.497262813e-02,2.497262813e-02
2.372000000e-03,1.396299210e-32,-2.472167301e+00,2.472167301e-02,-2.472167301e-02,2.472167301e-02
2.373000000e-03,-6.886162516e-31,-2.447323978e+00,2.447323978e-02,-2.447323978e-02,2.447323978e-02
2.374000000e-03,-1.355252716e-20,-2.422730312e+00,2.422730312e-02,-2.422730312e-02,2.422730312e-02
2.375000000e-03,-1.663521989e-32,-2.398383792e+00,2.398383792e-02,-2.398383792e-02,2.398383792e-02
2.376000000e-03,8.197239326e-32,-2.374281935e+00,2.374281935e-02,-2.374281935e-02,2.374281935e-02
2.377000000e-03,1.853707571e-33,-2.350422283e+00,2.350422283e-02,-2.350422283e-02,2.350422283e-02
2.378000000e-03,4.884639821e-32,-2.326802402e+00,2.326802402e-02,-2.326802402e-02,2.326802402e-02
2.379000000e-03,1.228021081e-31,-2.303419882e+00,2.303419882e-02,-2.303419882e-02,2.303419882e-02
2.380000000e-03,-3.743526329e-32,-2.280272337e+00,2.280272337e-02,-2.280272337e-02,2.280272337e-02
2.381000000e-03,-2.961117289e-33,-2.257357407e+00,2.257357407e-02,-2.257357407e-02,2.257357407e-02
2.382000000e-03,-2.961117289e-33,-2.234672754e+00,2.234672754e-02,-2.234672754e-02,2.234672754e-02
2.383000000e-03,-5.946067962e-31,-2.212216063e+00,2.212216064e-02,-2.212216063e-02,2.212216064e-02
2.384000000e-03,-2.678741696e-20,-2.189985045e+00,2.189985045e-02,-2.189985045e-02,2.189985045e-02
2.385000000e-03,1.071496678e-19,-2.167977431e+00,2.167977431e-02,-2.167977431e-02,2.167977431e-02
2.386000000e-03,-1.355252716e-20,-2.146190976e+00,2.146190976e-02,-2.146190976e-02,2.146190976e-02
2.387000000e-03,-2.032879073e-20,-2.124623457e+00,2.124623457e-02,-2.124623457e-02,2.124623457e-02
2.388000000e-03,5.055566104e-34,-2.103272675e+00,2.103272675e-02,-2.103272675e-02,2.103272675e-02
2.389000000e-03,-2.678741696e-20,-2.082136451e+00,2.082136451e-02,-2.082136451e-02,2.082136451e-02
2.390000000e-03,1.668336814e-32,-2.061212630e+00,2.061212630e-02,-2.061212630e-02,2.061212630e-02
2.391000000e-03,2.958709877e-32,-2.040499076e+00,2.040499076e-02,-2.040499076e-02,2.040499076e-02
2.392000000e-03,1.080928181e-32,-2.019993677e+00,2.019993678e-02,-2.019993677e-02,2.019993678e-02
2.393000000e-03,-3.849452476e-32,-1.999694342e+00,1.999694342e-02,-1.999694342e-02,1.999694342e-02
2.394000000e-03,1.080928181e-32,-1.979598998e+00,1.979598998e-02,-1.979598998e-02,1.979598998e-02
2.395000000e-03,2.342412295e-32,-1.959705597e+00,1.959705597e-02,-1.959705597e-02,1.959705597e-02
2.396000000e-03,-1.227780340e-33,-1.940012109e+00,1.940012109e-02,-1.940012109e-02,1.940012109e-02
2.397000000e-03,2.342412295e-32,-1.920516524e+00,1.920516524e-02,-1.920516524e-02,1.920516524e-02
2.398000000e-03,1.690095428e-20,-1.901216855e+00,1.901216855e-02,-1.901216855e-02,1.901216855e-02
2.399000000e-03,-3.262043843e-32,-1.882111132e+00,1.882111132e-02,-1.882111132e-02,1.882111132e-02
2.400000000e-03,4.333342375e-33,-1.863197407e+00,1.863197407e-02,-1.863197407e-02,1.863197407e-02
2.401000000e-03,5.000000000e+00,3.105777698e+00,1.894222302e-02,-1.894222303e-02,1.894222302e-02
2.402000000e-03,5.000000000e+00,3.075064579e+00,1.924935421e-02,-1.924935422e-02,1.924935421e-02
2.403000000e-03,5.000000000e+00,3.044660102e+00,1.955339898e-02,-1.955339899e-02,1.955339898e-02
2.404000000e-03,5.000000000e+00,3.014561166e+00,1.985438834e-02,-1.985438834e-02,1.985438834e-02
2.405000000e-03,5.000000000e+00,2.984764701e+00,2.015235299e-02,-2.015235300e-02,2.015235299e-02
2.406000000e-03,5.000000000e+00,2.955267666e+00,2.044732334e-02,-2.044732334e-02,2.044732334e-02
2.407000000e-03,5.000000000e+00,2.926067054e+00,2.073932946e-02,-2.073932947e-02,2.073932946e-02
2.408000000e-03,5.000000000e+00,2.897159884e+00,2.102840116e-02,-2.102840117e-02,2.102840116e-02
2.409000000e-03,5.000000000e+00,2.868543208e+00,2.131456791e-02,-2.131456792e-02,2.131456791e-02
2.410000000e-03,5.000000000e+00,2.840214108e+00,2.159785892e-02,-2.159785893e-02,2.159785892e-02
2.411000000e-03,5.000000000e+00,2.812169692e+00,2.187830308e-02,-2.187830308e-02,2.187830308e-02
2.412000000e-03,5.000000000e+00,2.784407101e+00,2.215592899e-02,-2.215592900e-02,2.215592899e-02
2.413000000e-03,5.000000000e+00,2.756923501e+00,2.243076498e-02,-2.243076499e-02,2.243076498e-02
2.414000000e-03,5.000000000e+00,2.729716090e+00,2.270283909e-02,-2.270283910e-02,2.270283909e-02
2.415000000e-03,5.000000000e+00,2.702782092e+00,2.297217907e-02,-2.297217908e-02,2.297217907e-02
2.416000000e-03,5.000000000e+00,2.676118760e+00,2.323881240e-02,-2.323881241e-02,2.323881240e-02
2.417000000e-03,5.000000000e+00,2.649723372e+00,2.350276628e-02,-2.350276628e-02,2.350276628e-02
2.418000000e-03,5.000000000e+00,2.623593238e+00,2.376406762e-02,-2.376406763e-02,2.376406762e-02
2.419000000e-03,5.000000000e+00,2.597725690e+00,2.402274310e-02,-2.402274310e-02,2.402274310e-02
2.420000000e-03,5.000000000e+00,2.572118091e+00,2.427881909e-02,-2.427881910e-02,2.427881909e-02
2.421000000e-03,5.000000000e+00,2.546767828e+00,2.453232172e-02,-2.453232173e-02,2.453232172e-02
2.422000000e-03,5.000000000e+00,2.521672315e+00,2.478327685e-02,-2.478327686e-02,2.478327685e-02
2.423000000e-03,5.000000000e+00,2.496828992e+00,2.503171008e-02,-2.503171009e-02,2.503171008e-02
2.424000000e-03,5.000000000e+00,2.472235325e+00,2.527764675e-02,-2.527764676e-02,2.527764675e-02
2.425000000e-03,5.000000000e+00,2.447888804e+00,2.552111196e-02,-2.552111196e-02,2.552111196e-02
2.426000000e-03,5.000000000e+00,2.423786947e+00,2.576213053e-02,-2.576213054e-02,2.576213053e-02
2.427000000e-03,5.000000000e+00,2.399927294e+00,2.600072705e-02,-2.600072706e-02,2.600072705e-02
2.428000000e-03,5.000000000e+00,2.376307412e+00,2.623692587e-02,-2.623692588e-02,2.623692587e-02
2.429000000e-03,5.000000000e+00,2.352924891e+00,2.647075108e-02,-2.647075109e-02,2.647075108e-02
2.430000000e-03,5.000000000e+00,2.329777346e+00,2.670222653e-02,-2.670222654e-02,2.670222653e-02
2.431000000e-03,5.000000000e+00,2.306862416e+00,2.693137584e-02,-2.693137585e-02,2.693137584e-02
2.432000000e-03,5.000000000e+00,2.284177762e+00,2.715822238e-02,-2.715822238e-02,2.715822238e-02
2.433000000e-03,5.000000000e+00,2.261721071e+00,2.738278929e-02,-2.738278929e-02,2.738278929e-02
2.434000000e-03,5.000000000e+00,2.239490052e+00,2.760509948e-02,-2.760509948e-02,2.760509948e-02
2.435000000e-03,5.000000000e+00,2.217482437e+00,2.782517563e-02,-2.782517563e-02,2.782517563e-02
2.436000000e-03,5.000000000e+00,2.195695981e+00,2.804304018e-02,-2.804304019e-02,2.804304018e-02
2.437000000e-03,5.000000000e+00,2.174128462e+00,2.825871537e-02,-2.825871538e-02,2.825871537e-02
2.438000000e-03,5.000000000e+00,2.152777680e+00,2.847222320e-02,-2.847222321e-02,2.847222320e-02
2.439000000e-03,5.000000000e+00,2.131641455e+00,2.868358544e-02,-2.868358545e-02,2.868358544e-02
2.440000000e-03,5.000000000e+00,2.110717634e+00,2.889282366e-02,-2.889282367e-02,2.889282366e-02
2.441000000e-03,5.000000000e+00,2.090004079e+00,2.909995920e-02,-2.909995921e-02,2.909995920e-02
2.442000000e-03,5.000000000e+00,2.069498680e+00,2.930501320e-02,-2.930501320e-02,2.930501320e-02
2.443000000e-03,5.000000000e+00,2.049199344e+00,2.950800656e-02,-2.950800657e-02,2.950800656e-02
2.444000000e-03,5.000000000e+00,2.029104000e+00,2.970896000e-02,-2.970896001e-02,2.970896000e-02
2.445000000e-03,5.000000000e+00,2.009210598e+00,2.990789402e-02,-2.990789402e-02,2.990789402e-02
2.446000000e-03,5.000000000e+00,1.989517109e+00,3.010482891e-02,-3.010482891e-02,3.010482891e-02
2.447000000e-03,5.000000000e+00,1.970021524e+00,3.029978475e-02,-3.029978476e-02,3.029978475e-02
2.448000000e-03,5.000000000e+00,1.950721855e+00,3.049278145e-02,-3.049278146e-02,3.049278145e-02
2.449000000e-03,5.000000000e+00,1.931616131e+00,3.068383868e-02,-3.068383869e-02,3.068383868e-02
2.450000000e-03,-1.972152263e-31,-3.072696127e+00,3.072696128e-02,-3.072696127e-02,3.072696128e-02
2.451000000e-03,2.710505431e-20,-3.041817966e+00,3.041817967e-02,-3.041817966e-02,3.041817967e-02
2.452000000e-03,-1.174817266e-32,-3.011250106e+00,3.011250106e-02,-3.011250106e-02,3.011250106e-02
2.453000000e-03,4.812898931e-31,-2.980989429e+00,2.980989429e-02,-2.980989429e-02,2.980989429e-02
2.454000000e-03,3.755563392e-32,-2.951032847e+00,2.951032848e-02,-2.951032847e-02,2.951032848e-02
2.455000000e-03,9.831872366e-32,-2.921377306e+00,2.921377306e-02,-2.921377306e-02,2.921377306e-02
2.456000000e-03,2.792598419e-33,-2.892019779e+00,2.892019779e-02,-2.892019779e-02,2.892019779e-02
2.457000000e-03,1.511855006e-32,-2.862957272e+00,2.862957272e-02,-2.862957272e-02,2.862957272e-02
2.458000000e-03,1.454077108e-32,-2.834186820e+00,2.834186820e-02,-2.834186820e-02,2.834186820e-02
2.459000000e-03,1.355252716e-20,-2.805705488e+00,2.805705488e-02,-2.805705488e-02,2.805705488e-02
2.460000000e-03,-3.948156386e-33,-2.777510371e+00,2.777510372e-02,-2.777510371e-02,2.777510372e-02
2.461000000e-03,8.377795258e-33,-2.749598593e+00,2.749598593e-02,-2.749598593e-02,2.749598593e-02
2.462000000e-03,3.302969855e-32,-2.721967306e+00,2.721967306e-02,-2.721967306e-02,2.721967306e-02
2.463000000e-03,5.710382285e-32,-2.694613692e+00,2.694613692e-02,-2.694613692e-02,2.694613692e-02
2.464000000e-03,-1.355252716e-20,-2.667534959e+00,2.667534960e-02,-2.667534959e-02,2.667534960e-02
2.465000000e-03,-1.032779933e-32,-2.640728347e+00,2.640728347e-02,-2.640728347e-02,2.640728347e-02
2.466000000e-03,1.432410396e-32,-2.614191120e+00,2.614191120e-02,-2.614191120e-02,2.614191120e-02
2.467000000e-03,-4.730565426e-32,-2.587920570e+00,2.587920571e-02,-2.587920570e-02,2.587920571e-02
2.468000000e-03,1.355252716e-20,-2.561914019e+00,2.561914020e-02,-2.561914019e-02,2.561914020e-02
2.469000000e-03,8.185202264e-33,-2.536168814e+00,2.536168814e-02,-2.536168814e-02,2.536168814e-02
2.470000000e-03,-5.344455596e-32,-2.510682327e+00,2.510682327e-02,-2.510682327e-02,2.510682327e-02
2.471000000e-03,2.051115391e-32,-2.485451959e+00,2.485451959e-02,-2.485451959e-02,2.485451959e-02
2.472000000e-03,-1.646670102e-32,-2.460475136e+00,2.460475137e-02,-2.460475136e-02,2.460475137e-02
2.473000000e-03,-1.059261469e-33,-2.435749311e+00,2.435749311e-02,-2.435749311e-02,2.435749311e-02
2.474000000e-03,2.359264182e-32,-2.411271961e+00,2.411271961e-02,-2.411271961e-02,2.411271961e-02
2.475000000e-03,-2.585560950e-32,-2.387040588e+00,2.387040588e-02,-2.387040588e-02,2.387040588e-02
2.476000000e-03,1.220558102e-31,-2.363052722e+00,2.363052722e-02,-2.363052722e-02,2.363052722e-02
2.477000000e-03,7.217422467e-32,-2.339305914e+00,2.339305915e-02,-2.339305914e-02,2.339305915e-02
2.478000000e-03,-5.108529177e-32,-2.315797744e+00,2.315797744e-02,-2.315797744e-02,2.315797744e-02
2.479000000e-03,-1.488262365e-31,-2.292525812e+00,2.292525812e-02,-2.292525812e-02,2.292525812e-02
2.480000000e-03,-9.148167236e-34,-2.269487744e+00,2.269487744e-02,-2.269487744e-02,2.269487744e-02
2.481000000e-03,1.469966030e-31,-2.246681190e+00,2.246681191e-02,-2.246681190e-02,2.246681191e-02
2.482000000e-03,-7.660386354e-32,-2.224103825e+00,2.224103825e-02,-2.224103825e-02,2.224103825e-02
2.483000000e-03,-5.195196025e-32,-2.201753344e+00,2.201753344e-02,-2.201753344e-02,2.201753344e-02
2.484000000e-03,9.595945948e-32,-2.179627467e+00,2.179627468e-02,-2.179627467e-02,2.179627468e-02
2.485000000e-03,6.776263578e-21,-2.157723939e+00,2.157723939e-02,-2.157723939e-02,2.157723939e-02
2.486000000e-03,5.804271370e-32,-2.136040523e+00,2.136040523e-02,-2.136040523e-02,2.136040523e-02
2.487000000e-03,1.490188294e-32,-2.114575008e+00,2.114575008e-02,-2.114575008e-02,2.114575008e-02
2.488000000e-03,-1.915578071e-31,-2.093325205e+00,2.093325205e-02,-2.093325205e-02,2.093325205e-02
2.489000000e-03,-5.597233901e-32,-2.072288946e+00,2.072288946e-02,-2.072288946e-02,2.072288946e-02
2.490000000e-03,8.036225087e-20,-2.051464084e+00,2.051464084e-02,-2.051464084e-02,2.051464084e-02
2.491000000e-03,4.147971618e-32,-2.030848495e+00,2.030848496e-02,-2.030848495e-02,2.030848496e-02
2.492000000e-03,-8.401869382e-33,-2.010440077e+00,2.010440078e-02,-2.010440077e-02,2.010440078e-02
2.493000000e-03,4.090193719e-32,-1.990236748e+00,1.990236748e-02,-1.990236748e-02,1.990236748e-02
2.494000000e-03,4.574083618e-34,-1.970236446e+00,1.970236446e-02,-1.970236446e-02,1.970236446e-02
2.495000000e-03,7.749460614e-32,-1.950437131e+00,1.950437131e-02,-1.950437131e-02,1.950437131e-02
2.496000000e-03,-2.624079549e-33,-1.930836783e+00,1.930836783e-02,-1.930836783e-02,1.930836783e-02
2.497000000e-03,3.912285941e-31,-1.911433403e+00,1.911433404e-02,-1.911433403e-02,1.911433404e-02
2.498000000e-03,-9.509279100e-33,-1.892225012e+00,1.892225013e-02,-1.892225012e-02,1.892225013e-02
2.499000000e-03,1.075872615e-31,-1.873209650e+00,1.873209651e-02,-1.873209650e-02,1.873209651e-02
2.500000000e-03,5.000000000e+00,3.131013155e+00,1.868986845e-02,-1.868986845e-02,1.868986845e-02
2.501000000e-03,5.000000000e+00,3.100046440e+00,1.899953560e-02,-1.899953561e-02,1.899953560e-02
2.502000000e-03,5.000000000e+00,3.069390915e+00,1.930609085e-02,-1.930609086e-02,1.930609085e-02
2.503000000e-03,5.000000000e+00,3.039043454e+00,1.960956546e-02,-1.960956546e-02,1.960956546e-02
2.504000000e-03,5.000000000e+00,3.009000961e+00,1.990999039e-02,-1.990999039e-02,1.990999039e-02
2.505000000e-03,5.000000000e+00,2.979260371e+00,2.020739628e-02,-2.020739629e-02,2.020739628e-02
2.506000000e-03,5.000000000e+00,2.949818651e+00,2.050181349e-02,-2.050181349e-02,2.050181349e-02
2.507000000e-03,5.000000000e+00,2.920672797e+00,2.079327203e-02,-2.079327204e-02,2.079327203e-02
2.508000000e-03,5.000000000e+00,2.891819835e+00,2.108180165e-02,-2.108180166e-02,2.108180165e-02
2.509000000e-03,5.000000000e+00,2.863256823e+00,2.136743177e-02,-2.136743178e-02,2.136743177e-02
2.510000000e-03,5.000000000e+00,2.834980846e+00,2.165019154e-02,-2.165019154e-02,2.165019154e-02
2.511000000e-03,5.000000000e+00,2.806989021e+00,2.193010979e-02,-2.193010980e-02,2.193010979e-02
2.512000000e-03,5.000000000e+00,2.779278491e+00,2.220721509e-02,-2.220721510e-02,2.220721509e-02
2.513000000e-03,5.000000000e+00,2.751846430e+00,2.248153570e-02,-2.248153571e-02,2.248153570e-02
2.514000000e-03,5.000000000e+00,2.724690040e+00,2.275309960e-02,-2.275309961e-02,2.275309960e-02
2.515000000e-03,5.000000000e+00,2.697806549e+00,2.302193450e-02,-2.302193451e-02,2.302193450e-02
2.516000000e-03,5.000000000e+00,2.671193217e+00,2.328806783e-02,-2.328806784e-02,2.328806783e-02
2.517000000e-03,5.000000000e+00,2.644847327e+00,2.355152673e-02,-2.355152673e-02,2.355152673e-02
2.518000000e-03,5.000000000e+00,2.618766193e+00,2.381233807e-02,-2.381233808e-02,2.381233807e-02
2.519000000e-03,5.000000000e+00,2.592947153e+00,2.407052846e-02,-2.407052847e-02,2.407052846e-02
2.520000000e-03,5.000000000e+00,2.567387575e+00,2.432612425e-02,-2.432612426e-02,2.432612425e-02
2.521000000e-03,5.000000000e+00,2.542084850e+00,2.457915150e-02,-2.457915151e-02,2.457915150e-02
2.522000000e-03,5.000000000e+00,2.517036397e+00,2.482963603e-02,-2.482963604e-02,2.482963603e-02
2.523000000e-03,5.000000000e+00,2.492239661e+00,2.507760339e-02,-2.507760339e-02,2.507760339e-02
2.524000000e-03,5.000000000e+00,2.467692113e+00,2.532307887e-02,-2.532307887e-02,2.532307887e-02
2.525000000e-03,5.000000000e+00,2.443391248e+00,2.556608751e-02,-2.556608752e-02,2.556608751e-02
2.526000000e-03,5.000000000e+00,2.419334588e+00,2.580665412e-02,-2.580665412e-02,2.580665412e-02
2.527000000e-03,5.000000000e+00,2.395519678e+00,2.604480322e-02,-2.604480322e-02,2.604480322e-02
2.528000000e-03,5.000000000e+00,2.371944089e+00,2.628055911e-02,-2.628055911e-02,2.628055911e-02
2.529000000e-03,5.000000000e+00,2.348605416e+00,2.651394584e-02,-2.651394584e-02,2.651394584e-02
2.530000000e-03,5.000000000e+00,2.325501278e+00,2.674498721e-02,-2.674498722e-02,2.674498721e-02
2.531000000e-03,5.000000000e+00,2.302629319e+00,2.697370681e-02,-2.697370682e-02,2.697370681e-02
2.532000000e-03,5.000000000e+00,2.279987204e+00,2.720012795e-02,-2.720012796e-02,2.720012795e-02
2.533000000e-03,5.000000000e+00,2.257572625e+00,2.742427375e-02,-2.742427375e-02,2.742427375e-02
2.534000000e-03,5.000000000e+00,2.235383295e+00,2.764616705e-02,-2.764616706e-02,2.764616705e-02
2.535000000e-03,5.000000000e+00,2.213416950e+00,2.786583050e-02,-2.786583051e-02,2.786583050e-02
2.536000000e-03,5.000000000e+00,2.191671349e+00,2.808328651e-02,-2.808328652e-02,2.808328651e-02
2.537000000e-03,5.000000000e+00,2.170144274e+00,2.829855726e-02,-2.829855726e-02,2.829855726e-02
2.538000000e-03,5.000000000e+00,2.148833529e+00,2.851166470e-02,-2.851166471e-02,2.851166470e-02
2.539000000e-03,5.000000000e+00,2.127736941e+00,2.872263059e-02,-2.872263060e-02,2.872263059e-02
2.540000000e-03,5.000000000e+00,2.106852356e+00,2.893147644e-02,-2.893147644e-02,2.893147644e-02
2.541000000e-03,5.000000000e+00,2.086177645e+00,2.913822355e-02,-2.913822356e-02,2.913822355e-02
2.542000000e-03,5.000000000e+00,2.065710698e+00,2.934289302e-02,-2.934289302e-02,2.934289302e-02
2.543000000e-03,5.000000000e+00,2.045449428e+00,2.954550572e-02,-2.954550572e-02,2.954550572e-02
2.544000000e-03,5.000000000e+00,2.025391768e+00,2.974608232e-02,-2.974608233e-02,2.974608232e-02
2.545000000e-03,5.000000000e+00,2.005535671e+00,2.994464329e-02,-2.994464329e-02,2.994464329e-02
2.546000000e-03,5.000000000e+00,1.985879112e+00,3.014120887e-02,-3.014120888e-02,3.014120887e-02
2.547000000e-03,5.000000000e+00,1.966420086e+00,3.033579913e-02,-3.033579914e-02,3.033579913e-02
2.548000000e-03,5.000000000e+00,1.947156608e+00,3.052843391e-02,-3.052843392e-02,3.052843391e-02
2.549000000e-03,5.000000000e+00,1.928086713e+00,3.071913287e-02,-3.071913288e-02,3.071913287e-02
2.550000000e-03,0.000000000e+00,-3.076190078e+00,3.076190078e-02,-3.076190078e-02,3.076190078e-02
2.551000000e-03,-1.355252716e-20,-3.045276805e+00,3.045276806e-02,-3.045276805e-02,3.045276806e-02
2.552000000e-03,-4.065758147e-20,-3.014674187e+00,3.014674187e-02,-3.014674187e-02,3.014674187e-02
2.553000000e-03,-1.355252716e-20,-2.984379100e+00,2.984379100e-02,-2.984379100e-02,2.984379100e-02
2.554000000e-03,1.215261795e-31,-2.954388455e+00,2.954388455e-02,-2.954388455e-02,2.954388455e-02
2.555000000e-03,-5.720011935e-32,-2.924699192e+00,2.924699192e-02,-2.924699192e-02,2.924699192e-02
2.556000000e-03,-5.420266400e-20,-2.895308283e+00,2.895308283e-02,-2.895308283e-02,2.895308283e-02
2.557000000e-03,-2.994821064e-32,-2.866212729e+00,2.866212729e-02,-2.866212729e-02,2.866212729e-02
2.558000000e-03,-1.285558238e-31,-2.837409562e+00,2.837409563e-02,-2.837409562e-02,2.837409563e-02
2.559000000e-03,8.666684750e-34,-2.808895845e+00,2.808895845e-02,-2.808895845e-02,2.808895845e-02
2.560000000e-03,1.333706486e-32,-2.780668667e+00,2.780668668e-02,-2.780668667e-02,2.780668668e-02
2.561000000e-03,2.407412430e-34,-2.752725151e+00,2.752725151e-02,-2.752725151e-02,2.752725151e-02
2.562000000e-03,-9.836687191e-32,-2.725062444e+00,2.725062445e-02,-2.725062444e-02,2.725062445e-02
2.563000000e-03,-1.824818622e-32,-2.697677726e+00,2.697677726e-02,-2.697677726e-02,2.697677726e-02
2.564000000e-03,-1.810374148e-32,-2.670568203e+00,2.670568203e-02,-2.670568203e-02,2.670568203e-02
2.565000000e-03,-1.167113546e-31,-2.643731109e+00,2.643731109e-02,-2.643731109e-02,2.643731109e-02
2.566000000e-03,3.776267138e-31,-2.617163706e+00,2.617163706e-02,-2.617163706e-02,2.617163706e-02
2.567000000e-03,-5.378159370e-32,-2.590863285e+00,2.590863285e-02,-2.590863285e-02,2.590863285e-02
2.568000000e-03,1.187817293e-31,-2.564827162e+00,2.564827162e-02,-2.564827162e-02,2.564827162e-02
2.569000000e-03,7.848164523e-33,-2.539052681e+00,2.539052681e-02,-2.539052681e-02,2.539052681e-02
2.570000000e-03,8.137054015e-33,-2.513537214e+00,2.513537214e-02,-2.513537214e-02,2.513537214e-02
2.571000000e-03,1.355252716e-20,-2.488278156e+00,2.488278157e-02,-2.488278156e-02,2.488278157e-02
2.572000000e-03,4.033808296e-20,-2.463272933e+00,2.463272933e-02,-2.463272933e-02,2.463272933e-02
2.573000000e-03,3.129636160e-33,-2.438518992e+00,2.438518992e-02,-2.438518992e-02,2.438518992e-02
2.574000000e-03,-3.033339662e-33,-2.414013808e+00,2.414013809e-02,-2.414013808e-02,2.414013809e-02
2.575000000e-03,-5.946790186e-31,-2.389754882e+00,2.389754883e-02,-2.389754882e-02,2.389754883e-02
2.576000000e-03,-9.151537613e-31,-2.365739740e+00,2.365739740e-02,-2.365739740e-02,2.365739740e-02
2.577000000e-03,-2.768524295e-32,-2.341965930e+00,2.341965930e-02,-2.341965930e-02,2.341965930e-02
2.578000000e-03,3.394451527e-32,-2.318431028e+00,2.318431028e-02,-2.318431028e-02,2.318431028e-02
2.579000000e-03,3.394451527e-32,-2.295132634e+00,2.295132634e-02,-2.295132634e-02,2.295132634e-02
2.580000000e-03,-1.632707110e-31,-2.272068369e+00,2.272068370e-02,-2.272068369e-02,2.272068370e-02
2.581000000e-03,2.032879073e-20,-2.249235883e+00,2.249235883e-02,-2.249235883e-02,2.249235883e-02
2.582000000e-03,4.814824861e-35,-2.226632844e+00,2.226632845e-02,-2.226632844e-02,2.226632845e-02
2.583000000e-03,-1.478632715e-31,-2.204256949e+00,2.204256949e-02,-2.204256949e-02,2.204256949e-02
2.584000000e-03,-3.519636973e-32,-2.182105913e+00,2.182105913e-02,-2.182105913e-02,2.182105913e-02
2.585000000e-03,-3.053289077e-20,-2.160177478e+00,2.160177478e-02,-2.160177478e-02,2.160177478e-02
2.586000000e-03,-4.381490623e-33,-2.138469406e+00,2.138469406e-02,-2.138469406e-02,2.138469406e-02
2.587000000e-03,-1.670744227e-32,-2.116979483e+00,2.116979483e-02,-2.116979483e-02,2.116979483e-02
2.588000000e-03,-6.601124884e-32,-2.095705517e+00,2.095705517e-02,-2.095705517e-02,2.095705517e-02
2.589000000e-03,-1.383780665e-31,-2.074645337e+00,2.074645337e-02,-2.074645337e-02,2.074645337e-02
2.590000000e-03,-1.876818731e-31,-2.053796795e+00,2.053796796e-02,-2.053796795e-02,2.053796796e-02
2.591000000e-03,9.533353225e-33,-2.033157765e+00,2.033157765e-02,-2.033157765e-02,2.033157765e-02
2.592000000e-03,1.011113221e-32,-2.012726141e+00,2.012726141e-02,-2.012726141e-02,2.012726141e-02
2.593000000e-03,-2.214819436e-33,-1.992499838e+00,1.992499838e-02,-1.992499838e-02,1.992499838e-02
2.594000000e-03,-2.214819436e-33,-1.972476794e+00,1.972476794e-02,-1.972476794e-02,1.972476794e-02
2.595000000e-03,1.040002170e-32,-1.952654965e+00,1.952654965e-02,-1.952654965e-02,1.952654965e-02
2.596000000e-03,1.339370848e-19,-1.933032330e+00,1.933032330e-02,-1.933032330e-02,1.933032330e-02
2.597000000e-03,7.800016275e-33,-1.913606887e+00,1.913606887e-02,-1.913606887e-02,1.913606887e-02
2.598000000e-03,1.396299210e-32,-1.894376654e+00,1.894376654e-02,-1.894376654e-02,1.894376654e-02
2.599000000e-03,2.571116476e-32,-1.875339670e+00,1.875339670e-02,-1.875339670e-02,1.875339670e-02
2.600000000e-03,5.000000000e+00,3.128904541e+00,1.871095459e-02,-1.871095460e-02,1.871095459e-02
2.601000000e-03,5.000000000e+00,3.097959015e+00,1.902040984e-02,-1.902040985e-02,1.902040984e-02
2.602000000e-03,5.000000000e+00,3.067324468e+00,1.932675532e-02,-1.932675533e-02,1.932675532e-02
2.603000000e-03,5.000000000e+00,3.036997773e+00,1.963002227e-02,-1.963002228e-02,1.963002227e-02
2.604000000e-03,5.000000000e+00,3.006975837e+00,1.993024162e-02,-1.993024163e-02,1.993024162e-02
2.605000000e-03,5.000000000e+00,2.977255599e+00,2.022744401e-02,-2.022744402e-02,2.022744401e-02
2.606000000e-03,5.000000000e+00,2.947834025e+00,2.052165975e-02,-2.052165976e-02,2.052165975e-02
2.607000000e-03,5.000000000e+00,2.918708114e+00,2.081291886e-02,-2.081291886e-02,2.081291886e-02
2.608000000e-03,5.000000000e+00,2.889874896e+00,2.110125104e-02,-2.110125105e-02,2.110125104e-02
2.609000000e-03,5.000000000e+00,2.861331429e+00,2.138668571e-02,-2.138668572e-02,2.138668571e-02
2.610000000e-03,5.000000000e+00,2.833074801e+00,2.166925199e-02,-2.166925200e-02,2.166925199e-02
2.611000000e-03,5.000000000e+00,2.805102130e+00,2.194897870e-02,-2.194897871e-02,2.194897870e-02
2.612000000e-03,5.000000000e+00,2.777410562e+00,2.222589438e-02,-2.222589439e-02,2.222589438e-02
2.613000000e-03,5.000000000e+00,2.749997272e+00,2.250002728e-02,-2.250002729e-02,2.250002728e-02
2.614000000e-03,5.000000000e+00,2.722859464e+00,2.277140536e-02,-2.277140536e-02,2.277140536e-02
2.615000000e-03,5.000000000e+00,2.695994370e+00,2.304005630e-02,-2.304005631e-02,2.304005630e-02
2.616000000e-03,5.000000000e+00,2.669399248e+00,2.330600752e-02,-2.330600752e-02,2.330600752e-02
2.617000000e-03,5.000000000e+00,2.643071387e+00,2.356928613e-02,-2.356928614e-02,2.356928613e-02
2.618000000e-03,5.000000000e+00,2.617008099e+00,2.382991901e-02,-2.382991901e-02,2.382991901e-02
2.619000000e-03,5.000000000e+00,2.591206727e+00,2.408793273e-02,-2.408793274e-02,2.408793273e-02
2.620000000e-03,5.000000000e+00,2.565664638e+00,2.434335361e-02,-2.434335362e-02,2.434335361e-02
2.621000000e-03,5.000000000e+00,2.540379227e+00,2.459620772e-02,-2.459620773e-02,2.459620772e-02
2.622000000e-03,5.000000000e+00,2.515347915e+00,2.484652085e-02,-2.484652086e-02,2.484652085e-02
2.623000000e-03,5.000000000e+00,2.490568147e+00,2.509431853e-02,-2.509431854e-02,2.509431853e-02
2.624000000e-03,5.000000000e+00,2.466037396e+00,2.533962604e-02,-2.533962604e-02,2.533962604e-02
2.625000000e-03,5.000000000e+00,2.441753160e+00,2.558246840e-02,-2.558246841e-02,2.558246840e-02
2.626000000e-03,5.000000000e+00,2.417712961e+00,2.582287039e-02,-2.582287039e-02,2.582287039e-02
2.627000000e-03,5.000000000e+00,2.393914347e+00,2.606085652e-02,-2.606085653e-02,2.606085652e-02
2.628000000e-03,5.000000000e+00,2.370354891e+00,2.629645109e-02,-2.629645110e-02,2.629645109e-02
2.629000000e-03,5.000000000e+00,2.347032188e+00,2.652967812e-02,-2.652967813e-02,2.652967812e-02
2.630000000e-03,5.000000000e+00,2.323943860e+00,2.676056140e-02,-2.676056141e-02,2.676056140e-02
2.631000000e-03,5.000000000e+00,2.301087551e+00,2.698912449e-02,-2.698912449e-02,2.698912449e-02
2.632000000e-03,5.000000000e+00,2.278460930e+00,2.721539070e-02,-2.721539070e-02,2.721539070e-02
2.633000000e-03,5.000000000e+00,2.256061689e+00,2.743938311e-02,-2.743938312e-02,2.743938311e-02
2.634000000e-03,5.000000000e+00,2.233887542e+00,2.766112458e-02,-2.766112458e-02,2.766112458e-02
2.635000000e-03,5.000000000e+00,2.211936228e+00,2.788063772e-02,-2.788063772e-02,2.788063772e-02
2.636000000e-03,5.000000000e+00,2.190205507e+00,2.809794492e-02,-2.809794493e-02,2.809794492e-02
2.637000000e-03,5.000000000e+00,2.168693163e+00,2.831306837e-02,-2.831306837e-02,2.831306837e-02
2.638000000e-03,5.000000000e+00,2.147397001e+00,2.852602999e-02,-2.852603000e-02,2.852602999e-02
2.639000000e-03,5.000000000e+00,2.126314848e+00,2.873685152e-02,-2.873685152e-02,2.873685152e-02
2.640000000e-03,5.000000000e+00,2.105444554e+00,2.894555445e-02,-2.894555446e-02,2.894555445e-02
2.641000000e-03,5.000000000e+00,2.084783991e+00,2.915216009e-02,-2.915216010e-02,2.915216009e-02
2.642000000e-03,5.000000000e+00,2.064331049e+00,2.935668951e-02,-2.935668951e-02,2.935668951e-02
2.643000000e-03,5.000000000e+00,2.044083643e+00,2.955916356e-02,-2.955916357e-02,2.955916356e-02
2.644000000e-03,5.000000000e+00,2.024039708e+00,2.975960292e-02,-2.975960292e-02,2.975960292e-02
2.645000000e-03,5.000000000e+00,2.004197199e+00,2.995802801e-02,-2.995802802e-02,2.995802801e-02
2.646000000e-03,5.000000000e+00,1.984554090e+00,3.015445909e-02,-3.015445910e-02,3.015445909e-02
2.647000000e-03,5.000000000e+00,1.965108380e+00,3.034891620e-02,-3.034891621e-02,3.034891620e-02
2.648000000e-03,5.000000000e+00,1.945858083e+00,3.054141916e-02,-3.054141917e-02,3.054141916e-02
2.649000000e-03,5.000000000e+00,1.926801237e+00,3.073198763e-02,-3.073198763e-02,3.073198763e-02
2.650000000e-03,7.888609052e-31,-3.077462636e+00,3.077462636e-02,-3.077462636e-02,3.077462636e-02
2.651000000e-03,8.932703823e-32,-3.046536575e+00,3.046536575e-02,-3.046536575e-02,3.046536575e-02
2.652000000e-03,-1.355252716e-20,-3.015921297e+00,3.015921297e-02,-3.015921297e-02,3.015921297e-02
2.653000000e-03,-1.457327115e-31,-2.985613677e+00,2.985613678e-02,-2.985613677e-02,2.985613678e-02
2.654000000e-03,9.947428163e-32,-2.955610626e+00,2.955610626e-02,-2.955610626e-02,2.955610626e-02
2.655000000e-03,-2.888894917e-34,-2.925909081e+00,2.925909082e-02,-2.925909081e-02,2.925909082e-02
2.656000000e-03,2.708820467e-31,-2.896506014e+00,2.896506014e-02,-2.896506014e-02,2.896506014e-02
2.657000000e-03,2.436301380e-32,-2.867398423e+00,2.867398424e-02,-2.867398423e-02,2.867398424e-02
2.658000000e-03,-2.888894917e-34,-2.838583341e+00,2.838583342e-02,-2.838583341e-02,2.838583342e-02
2.659000000e-03,-1.829633447e-33,-2.810057828e+00,2.810057829e-02,-2.810057828e-02,2.810057829e-02
2.660000000e-03,-1.757411074e-33,-2.781818974e+00,2.781818974e-02,-2.781818974e-02,2.781818974e-02
2.661000000e-03,-1.733336950e-33,-2.753863898e+00,2.753863898e-02,-2.753863898e-02,2.753863898e-02
2.662000000e-03,1.924004014e-31,-2.726189748e+00,2.726189748e-02,-2.726189748e-02,2.726189748e-02
2.663000000e-03,-8.493351055e-32,-2.698793701e+00,2.698793701e-02,-2.698793701e-02,2.698793701e-02
2.664000000e-03,1.615855223e-31,-2.671672963e+00,2.671672963e-02,-2.671672963e-02,2.671672963e-02
2.665000000e-03,-1.943263314e-31,-2.644824767e+00,2.644824767e-02,-2.644824767e-02,2.644824767e-02
2.666000000e-03,-3.390599667e-31,-2.618246374e+00,2.618246374e-02,-2.618246374e-02,2.618246374e-02
2.667000000e-03,-1.858522396e-32,-2.591935072e+00,2.591935073e-02,-2.591935072e-02,2.591935073e-02
2.668000000e-03,4.814824861e-35,-2.565888179e+00,2.565888179e-02,-2.565888179e-02,2.565888179e-02
2.669000000e-03,-4.309268251e-32,-2.540103036e+00,2.540103036e-02,-2.540103036e-02,2.540103036e-02
2.670000000e-03,5.551493065e-32,-2.514577013e+00,2.514577014e-02,-2.514577013e-02,2.514577014e-02
2.671000000e-03,5.777789833e-34,-2.489307507e+00,2.489307507e-02,-2.489307507e-02,2.489307507e-02
2.672000000e-03,2.522968227e-32,-2.464291939e+00,2.464291939e-02,-2.464291939e-02,2.464291939e-02
2.673000000e-03,1.925929944e-34,-2.439527758e+00,2.439527758e-02,-2.439527758e-02,2.439527758e-02
2.674000000e-03,-5.692326103e-20,-2.415012437e+00,2.415012437e-02,-2.415012437e-02,2.415012437e-02
2.675000000e-03,-6.220753720e-32,-2.390743476e+00,2.390743476e-02,-2.390743476e-02,2.390743476e-02
2.676000000e-03,1.174817266e-32,-2.366718398e+00,2.366718399e-02,-2.366718398e-02,2.366718399e-02
2.677000000e-03,9.629649722e-34,-2.342934754e+00,2.342934754e-02,-2.342934754e-02,2.342934754e-02
2.678000000e-03,-9.685020208e-32,-2.319390116e+00,2.319390117e-02,-2.319390116e-02,2.319390117e-02
2.679000000e-03,5.722419347e-32,-2.296082084e+00,2.296082084e-02,-2.296082084e-02,2.296082084e-02
2.680000000e-03,-2.032879073e-20,-2.273008278e+00,2.273008278e-02,-2.273008278e-02,2.273008278e-02
2.681000000e-03,-8.967611304e-32,-2.250166346e+00,2.250166346e-02,-2.250166346e-02,2.250166346e-02
2.682000000e-03,-2.238893560e-33,-2.227553958e+00,2.227553958e-02,-2.227553958e-02,2.227553958e-02
2.683000000e-03,-2.689079685e-32,-2.205168805e+00,2.205168806e-02,-2.205168805e-02,2.205168806e-02
2.684000000e-03,1.355252716e-20,-2.183008606e+00,2.183008607e-02,-2.183008606e-02,2.183008607e-02
2.685000000e-03,2.462782916e-32,-2.161071100e+00,2.161071100e-02,-2.161071100e-02,2.161071100e-02
2.686000000e-03,3.079080499e-32,-2.139354048e+00,2.139354048e-02,-2.139354048e-02,2.139354048e-02
2.687000000e-03,-6.187049946e-33,-2.117855235e+00,2.117855235e-02,-2.117855235e-02,2.117855235e-02
2.688000000e-03,-2.407412430e-35,-2.096572468e+00,2.096572468e-02,-2.096572468e-02,2.096572468e-02
2.689000000e-03,-7.397978399e-32,-2.075503576e+00,2.075503576e-02,-2.075503576e-02,2.075503576e-02
2.690000000e-03,-2.467597741e-32,-2.054646410e+00,2.054646410e-02,-2.054646410e-02,2.054646410e-02
2.691000000e-03,-2.407412430e-35,-2.033998842e+00,2.033998842e-02,-2.033998842e-02,2.033998842e-02
2.692000000e-03,1.230187752e-32,-2.013558765e+00,2.013558765e-02,-2.013558765e-02,2.013558765e-02
2.693000000e-03,2.032879073e-20,-1.993324095e+00,1.993324095e-02,-1.993324095e-02,1.993324095e-02
2.694000000e-03,7.679645653e-33,-1.973292767e+00,1.973292768e-02,-1.973292767e-02,1.973292768e-02
2.695000000e-03,-1.525577257e-31,-1.953462739e+00,1.953462739e-02,-1.953462739e-02,1.953462739e-02
2.696000000e-03,1.516669831e-33,-1.933831986e+00,1.933831986e-02,-1.933831986e-02,1.933831986e-02
2.697000000e-03,7.535200907e-33,-1.914398507e+00,1.914398507e-02,-1.914398507e-02,1.914398507e-02
2.698000000e-03,4.019656535e-31,-1.895160319e+00,1.895160319e-02,-1.895160319e-02,1.895160319e-02
2.699000000e-03,3.218710420e-32,-1.876115460e+00,1.876115460e-02,-1.876115460e-02,1.876115460e-02
2.700000000e-03,5.000000000e+00,3.128136547e+00,1.871863453e-02,-1.871863454e-02,1.871863453e-02
2.701000000e-03,5.000000000e+00,3.097198739e+00,1.902801261e-02,-1.902801262e-02,1.902801261e-02
2.702000000e-03,5.000000000e+00,3.066571831e+00,1.933428168e-02,-1.933428169e-02,1.933428168e-02
2.703000000e-03,5.000000000e+00,3.036252700e+00,1.963747300e-02,-1.963747301e-02,1.963747300e-02
2.704000000e-03,5.000000000e+00,3.006238252e+00,1.993761748e-02,-1.993761749e-02,1.993761748e-02
2.705000000e-03,5.000000000e+00,2.976525425e+00,2.023474574e-02,-2.023474575e-02,2.023474574e-02
2.706000000e-03,5.000000000e+00,2.947111189e+00,2.052888811e-02,-2.052888812e-02,2.052888811e-02
2.707000000e-03,5.000000000e+00,2.917992542e+00,2.082007457e-02,-2.082007458e-02,2.082007457e-02
2.708000000e-03,5.000000000e+00,2.889166515e+00,2.110833485e-02,-2.110833485e-02,2.110833485e-02
2.709000000e-03,5.000000000e+00,2.860630167e+00,2.139369833e-02,-2.139369834e-02,2.139369833e-02
2.710000000e-03,5.000000000e+00,2.832380586e+00,2.167619414e-02,-2.167619415e-02,2.167619414e-02
2.711000000e-03,5.000000000e+00,2.804414891e+00,2.195585109e-02,-2.195585110e-02,2.195585109e-02
2.712000000e-03,5.000000000e+00,2.776730229e+00,2.223269771e-02,-2.223269771e-02,2.223269771e-02
2.713000000e-03,5.000000000e+00,2.749323776e+00,2.250676223e-02,-2.250676224e-02,2.250676223e-02
2.714000000e-03,5.000000000e+00,2.722192736e+00,2.277807263e-02,-2.277807264e-02,2.277807263e-02
2.715000000e-03,5.000000000e+00,2.695334342e+00,2.304665658e-02,-2.304665658e-02,2.304665658e-02
2.716000000e-03,5.000000000e+00,2.668745853e+00,2.331254146e-02,-2.331254147e-02,2.331254146e-02
2.717000000e-03,5.000000000e+00,2.642424558e+00,2.357575442e-02,-2.357575443e-02,2.357575442e-02
2.718000000e-03,5.000000000e+00,2.616367771e+00,2.383632229e-02,-2.383632230e-02,2.383632229e-02
2.719000000e-03,5.000000000e+00,2.590572833e+00,2.409427166e-02,-2.409427167e-02,2.409427166e-02
2.720000000e-03,5.000000000e+00,2.565037115e+00,2.434962885e-02,-2.434962886e-02,2.434962885e-02
2.721000000e-03,5.000000000e+00,2.539758010e+00,2.460241990e-02,-2.460241991e-02,2.460241990e-02
2.722000000e-03,5.000000000e+00,2.514732940e+00,2.485267060e-02,-2.485267061e-02,2.485267060e-02
2.723000000e-03,5.000000000e+00,2.489959352e+00,2.510040648e-02,-2.510040648e-02,2.510040648e-02
2.724000000e-03,5.000000000e+00,2.465434719e+00,2.534565280e-02,-2.534565281e-02,2.534565280e-02
2.725000000e-03,5.000000000e+00,2.441156540e+00,2.558843460e-02,-2.558843461e-02,2.558843460e-02
2.726000000e-03,5.000000000e+00,2.417122336e+00,2.582877663e-02,-2.582877664e-02,2.582877663e-02
2.727000000e-03,5.000000000e+00,2.393329658e+00,2.606670342e-02,-2.606670343e-02,2.606670342e-02
2.728000000e-03,5.000000000e+00,2.369776077e+00,2.630223923e-02,-2.630223924e-02,2.630223923e-02
2.729000000e-03,5.000000000e+00,2.346459191e+00,2.653540809e-02,-2.653540810e-02,2.653540809e-02
2.730000000e-03,5.000000000e+00,2.323376621e+00,2.676623379e-02,-2.676623380e-02,2.676623379e-02
2.731000000e-03,5.000000000e+00,2.300526012e+00,2.699473987e-02,-2.699473988e-02,2.699473987e-02
2.732000000e-03,5.000000000e+00,2.277905034e+00,2.722094965e-02,-2.722094966e-02,2.722094965e-02
2.733000000e-03,5.000000000e+00,2.255511379e+00,2.744488620e-02,-2.744488621e-02,2.744488620e-02
2.734000000e-03,5.000000000e+00,2.233342763e+00,2.766657237e-02,-2.766657238e-02,2.766657237e-02
2.735000000e-03,5.000000000e+00,2.211396923e+00,2.788603076e-02,-2.788603077e-02,2.788603076e-02
2.736000000e-03,5.000000000e+00,2.189671622e+00,2.810328377e-02,-2.810328378e-02,2.810328377e-02
2.737000000e-03,5.000000000e+00,2.168164643e+00,2.831835357e-02,-2.831835357e-02,2.831835357e-02
2.738000000e-03,5.000000000e+00,2.146873792e+00,2.853126208e-02,-2.853126208e-02,2.853126208e-02
2.739000000e-03,5.000000000e+00,2.125796897e+00,2.874203102e-02,-2.874203103e-02,2.874203102e-02
2.740000000e-03,5.000000000e+00,2.104931809e+00,2.895068191e-02,-2.895068192e-02,2.895068191e-02
2.741000000e-03,5.000000000e+00,2.084276397e+00,2.915723602e-02,-2.915723603e-02,2.915723602e-02
2.742000000e-03,5.000000000e+00,2.063828557e+00,2.936171443e-02,-2.936171444e-02,2.936171443e-02
2.743000000e-03,5.000000000e+00,2.043586201e+00,2.956413799e-02,-2.956413800e-02,2.956413799e-02
2.744000000e-03,5.000000000e+00,2.023547264e+00,2.976452735e-02,-2.976452736e-02,2.976452735e-02
2.745000000e-03,5.000000000e+00,2.003709703e+00,2.996290296e-02,-2.996290297e-02,2.996290296e-02
2.746000000e-03,5.000000000e+00,1.984071494e+00,3.015928506e-02,-3.015928506e-02,3.015928506e-02
2.747000000e-03,5.000000000e+00,1.964630633e+00,3.035369366e-02,-3.035369367e-02,3.035369366e-02
2.748000000e-03,5.000000000e+00,1.945385138e+00,3.054614862e-02,-3.054614863e-02,3.054614862e-02
2.749000000e-03,5.000000000e+00,1.926333044e+00,3.073666955e-02,-3.073666956e-02,3.073666955e-02
2.750000000e-03,-9.860761315e-32,-3.077926124e+00,3.077926124e-02,-3.077926124e-02,3.077926124e-02
2.751000000e-03,-1.848892747e-32,-3.046995405e+00,3.046995405e-02,-3.046995405e-02,3.046995405e-02
2.752000000e-03,3.266377186e-31,-3.016375516e+00,3.016375516e-02,-3.016375516e-02,3.016375516e-02
2.753000000e-03,-1.848892747e-32,-2.986063332e+00,2.986063332e-02,-2.986063332e-02,2.986063332e-02
2.754000000e-03,4.314083075e-32,-2.956055762e+00,2.956055762e-02,-2.956055762e-02,2.956055762e-02
2.755000000e-03,-1.363558401e-31,-2.926349744e+00,2.926349744e-02,-2.926349744e-02,2.926349744e-02
2.756000000e-03,-1.309632362e-32,-2.896942248e+00,2.896942248e-02,-2.896942248e-02,2.896942248e-02
2.757000000e-03,-1.332743522e-31,-2.867830274e+00,2.867830274e-02,-2.867830274e-02,2.867830274e-02
2.758000000e-03,6.394087415e-32,-2.839010852e+00,2.839010853e-02,-2.839010852e-02,2.839010853e-02
2.759000000e-03,-2.056122809e-30,-2.810481043e+00,2.810481043e-02,-2.810481043e-02,2.810481043e-02
2.760000000e-03,-3.466673900e-32,-2.782237936e+00,2.782237936e-02,-2.782237936e-02,2.782237936e-02
2.761000000e-03,3.971025287e-20,-2.754278649e+00,2.754278649e-02,-2.754278649e-02,2.754278649e-02
2.762000000e-03,1.149780177e-31,-2.726600331e+00,2.726600332e-02,-2.726600331e-02,2.726600332e-02
2.763000000e-03,-2.795208726e-20,-2.699200159e+00,2.699200159e-02,-2.699200159e-02,2.699200159e-02
2.764000000e-03,5.642974737e-32,-2.672075336e+00,2.672075336e-02,-2.672075336e-02,2.672075336e-02
2.765000000e-03,7.125940794e-33,-2.645223096e+00,2.645223096e-02,-2.645223096e-02,2.645223096e-02
2.766000000e-03,-4.217786578e-32,-2.618640700e+00,2.618640701e-02,-2.618640700e-02,2.618640701e-02
2.767000000e-03,-4.119564151e-31,-2.592325436e+00,2.592325437e-02,-2.592325436e-02,2.592325437e-02
2.768000000e-03,9.629649722e-34,-2.566274620e+00,2.566274620e-02,-2.566274620e-02,2.566274620e-02
2.769000000e-03,-8.223720863e-32,-2.540485594e+00,2.540485594e-02,-2.540485594e-02,2.540485594e-02
2.770000000e-03,-8.050387168e-32,-2.514955727e+00,2.514955727e-02,-2.514955727e-02,2.514955727e-02
2.771000000e-03,-3.851859889e-34,-2.489682414e+00,2.489682415e-02,-2.489682414e-02,2.489682415e-02
2.772000000e-03,-2.962080254e-31,-2.464663079e+00,2.464663079e-02,-2.464663079e-02,2.464663079e-02
2.773000000e-03,-6.548161811e-33,-2.439895168e+00,2.439895168e-02,-2.439895168e-02,2.439895168e-02
2.774000000e-03,1.810374148e-32,-2.415376155e+00,2.415376155e-02,-2.415376155e-02,2.415376155e-02
2.775000000e-03,8.036225087e-20,-2.391103539e+00,2.391103539e-02,-2.391103539e-02,2.391103539e-02
2.776000000e-03,1.129172726e-30,-2.367074843e+00,2.367074843e-02,-2.367074843e-02,2.367074843e-02
2.777000000e-03,5.970382828e-33,-2.343287617e+00,2.343287617e-02,-2.343287617e-02,2.343287617e-02
2.778000000e-03,5.970382828e-33,-2.319739433e+00,2.319739433e-02,-2.319739433e-02,2.319739433e-02
2.779000000e-03,-1.355252716e-20,-2.296427890e+00,2.296427890e-02,-2.296427890e-02,2.296427890e-02
2.780000000e-03,1.945189244e-32,-2.273350609e+00,2.273350610e-02,-2.273350609e-02,2.273350610e-02
2.781000000e-03,-8.724462648e-32,-2.250505237e+00,2.250505237e-02,-2.250505237e-02,2.250505237e-02
2.782000000e-03,2.097337709e-31,-2.227889443e+00,2.227889443e-02,-2.227889443e-02,2.227889443e-02
2.783000000e-03,1.107409718e-32,-2.205500920e+00,2.205500920e-02,-2.205500920e-02,2.205500920e-02
2.784000000e-03,7.514978643e-31,-2.183337383e+00,2.183337383e-02,-2.183337383e-02,2.183337383e-02
2.785000000e-03,-2.977487694e-31,-2.161396572e+00,2.161396573e-02,-2.161396572e-02,2.161396573e-02
2.786000000e-03,-1.925929944e-33,-2.139676250e+00,2.139676250e-02,-2.139676250e-02,2.139676250e-02
2.787000000e-03,4.237045878e-33,-2.118174199e+00,2.118174199e-02,-2.118174199e-02,2.118174199e-02
2.788000000e-03,4.237045878e-33,-2.096888227e+00,2.096888227e-02,-2.096888227e-02,2.096888227e-02
2.789000000e-03,1.521484656e-31,-2.075816162e+00,2.075816162e-02,-2.075816162e-02,2.075816162e-02
2.790000000e-03,-2.041485741e-32,-2.054955854e+00,2.054955854e-02,-2.054955854e-02,2.054955854e-02
2.791000000e-03,2.630820304e-31,-2.034305176e+00,2.034305176e-02,-2.034305176e-02,2.034305176e-02
2.792000000e-03,4.814824861e-33,-2.013862021e+00,2.013862021e-02,-2.013862021e-02,2.013862021e-02
2.793000000e-03,5.404640906e-32,-1.993624304e+00,1.993624304e-02,-1.993624304e-02,1.993624304e-02
2.794000000e-03,2.032879073e-20,-1.973589959e+00,1.973589960e-02,-1.973589959e-02,1.973589960e-02
2.795000000e-03,-7.219107655e-31,-1.953756944e+00,1.953756944e-02,-1.953756944e-02,1.953756944e-02
2.796000000e-03,4.525935369e-33,-1.934123235e+00,1.934123235e-02,-1.934123235e-02,1.934123235e-02
2.797000000e-03,1.685188701e-32,-1.914686829e+00,1.914686829e-02,-1.914686829e-02,1.914686829e-02
2.798000000e-03,1.444447458e-33,-1.895445744e+00,1.895445744e-02,-1.895445744e-02,1.895445744e-02
2.799000000e-03,-4.323712725e-32,-1.876398016e+00,1.876398016e-02,-1.876398016e-02,1.876398016e-02
2.800000000e-03,5.000000000e+00,3.127856830e+00,1.872143170e-02,-1.872143171e-02,1.872143170e-02
2.801000000e-03,5.000000000e+00,3.096921833e+00,1.903078167e-02,-1.903078168e-02,1.903078167e-02
2.802000000e-03,5.000000000e+00,3.066297708e+00,1.933702292e-02,-1.933702292e-02,1.933702292e-02
2.803000000e-03,5.000000000e+00,3.035981331e+00,1.964018668e-02,-1.964018669e-02,1.964018668e-02
2.804000000e-03,5.000000000e+00,3.005969610e+00,1.994030389e-02,-1.994030390e-02,1.994030389e-02
2.805000000e-03,5.000000000e+00,2.976259483e+00,2.023740516e-02,-2.023740517e-02,2.023740516e-02
2.806000000e-03,5.000000000e+00,2.946847920e+00,2.053152080e-02,-2.053152081e-02,2.053152080e-02
2.807000000e-03,5.000000000e+00,2.917731919e+00,2.082268081e-02,-2.082268082e-02,2.082268081e-02
2.808000000e-03,5.000000000e+00,2.888908511e+00,2.111091489e-02,-2.111091490e-02,2.111091489e-02
2.809000000e-03,5.000000000e+00,2.860374755e+00,2.139625245e-02,-2.139625246e-02,2.139625245e-02
2.810000000e-03,5.000000000e+00,2.832127741e+00,2.167872259e-02,-2.167872260e-02,2.167872259e-02
2.811000000e-03,5.000000000e+00,2.804164587e+00,2.195835413e-02,-2.195835414e-02,2.195835413e-02
2.812000000e-03,5.000000000e+00,2.776482440e+00,2.223517560e-02,-2.223517560e-02,2.223517560e-02
2.813000000e-03,5.000000000e+00,2.749078477e+00,2.250921522e-02,-2.250921523e-02,2.250921522e-02
2.814000000e-03,5.000000000e+00,2.721949903e+00,2.278050097e-02,-2.278050098e-02,2.278050097e-02
2.815000000e-03,5.000000000e+00,2.695093949e+00,2.304906051e-02,-2.304906052e-02,2.304906051e-02
2.816000000e-03,5.000000000e+00,2.668507876e+00,2.331492124e-02,-2.331492125e-02,2.331492124e-02
2.817000000e-03,5.000000000e+00,2.642188972e+00,2.357811028e-02,-2.357811029e-02,2.357811028e-02
2.818000000e-03,5.000000000e+00,2.616134552e+00,2.383865448e-02,-2.383865449e-02,2.383865448e-02
2.819000000e-03,5.000000000e+00,2.590341958e+00,2.409658042e-02,-2.409658042e-02,2.409658042e-02
2.820000000e-03,5.000000000e+00,2.564808560e+00,2.435191440e-02,-2.435191441e-02,2.435191440e-02
2.821000000e-03,5.000000000e+00,2.539531752e+00,2.460468248e-02,-2.460468249e-02,2.460468248e-02
2.822000000e-03,5.000000000e+00,2.514508955e+00,2.485491044e-02,-2.485491045e-02,2.485491044e-02
2.823000000e-03,5.000000000e+00,2.489737618e+00,2.510262381e-02,-2.510262382e-02,2.510262381e-02
2.824000000e-03,5.000000000e+00,2.465215214e+00,2.534784786e-02,-2.534784787e-02,2.534784786e-02
2.825000000e-03,5.000000000e+00,2.440939240e+00,2.559060760e-02,-2.559060760e-02,2.559060760e-02
2.826000000e-03,5.000000000e+00,2.416907220e+00,2.583092779e-02,-2.583092780e-02,2.583092779e-02
2.827000000e-03,5.000000000e+00,2.393116704e+00,2.606883296e-02,-2.606883297e-02,2.606883296e-02
2.828000000e-03,5.000000000e+00,2.369565263e+00,2.630434737e-02,-2.630434738e-02,2.630434737e-02
2.829000000e-03,5.000000000e+00,2.346250495e+00,2.653749505e-02,-2.653749505e-02,2.653749505e-02
2.830000000e-03,5.000000000e+00,2.323170022e+00,2.676829977e-02,-2.676829978e-02,2.676829977e-02
2.831000000e-03,5.000000000e+00,2.300321490e+00,2.699678510e-02,-2.699678510e-02,2.699678510e-02
2.832000000e-03,5.000000000e+00,2.277702567e+00,2.722297432e-02,-2.722297433e-02,2.722297432e-02
2.833000000e-03,5.000000000e+00,2.255310947e+00,2.744689053e-02,-2.744689053e-02,2.744689053e-02
2.834000000e-03,5.000000000e+00,2.233144345e+00,2.766855655e-02,-2.766855656e-02,2.766855655e-02
2.835000000e-03,5.000000000e+00,2.211200499e+00,2.788799500e-02,-2.788799501e-02,2.788799500e-02
2.836000000e-03,5.000000000e+00,2.189477172e+00,2.810522828e-02,-2.810522828e-02,2.810522828e-02
2.837000000e-03,5.000000000e+00,2.167972147e+00,2.832027853e-02,-2.832027854e-02,2.832027853e-02
2.838000000e-03,5.000000000e+00,2.146683230e+00,2.853316769e-02,-2.853316770e-02,2.853316769e-02
2.839000000e-03,5.000000000e+00,2.125608251e+00,2.874391749e-02,-2.874391750e-02,2.874391749e-02
2.840000000e-03,5.000000000e+00,2.104745058e+00,2.895254942e-02,-2.895254943e-02,2.895254942e-02
2.841000000e-03,5.000000000e+00,2.084091523e+00,2.915908477e-02,-2.915908477e-02,2.915908477e-02
2.842000000e-03,5.000000000e+00,2.063645540e+00,2.936354459e-02,-2.936354460e-02,2.936354459e-02
2.843000000e-03,5.000000000e+00,2.043405023e+00,2.956594976e-02,-2.956594977e-02,2.956594976e-02
2.844000000e-03,5.000000000e+00,2.023367908e+00,2.976632092e-02,-2.976632093e-02,2.976632092e-02
2.845000000e-03,5.000000000e+00,2.003532149e+00,2.996467851e-02,-2.996467851e-02,2.996467851e-02
2.846000000e-03,5.000000000e+00,1.983895724e+00,3.016104276e-02,-3.016104276e-02,3.016104276e-02
2.847000000e-03,5.000000000e+00,1.964456630e+00,3.035543370e-02,-3.035543371e-02,3.035543370e-02
2.848000000e-03,5.000000000e+00,1.945212883e+00,3.054787117e-02,-3.054787118e-02,3.054787117e-02
2.849000000e-03,5.000000000e+00,1.926162520e+00,3.073837479e-02,-3.073837480e-02,3.073837479e-02
2.850000000e-03,-3.944304526e-31,-3.078094934e+00,3.078094934e-02,-3.078094934e-02,3.078094934e-02
2.851000000e-03,0.000000000e+00,-3.047162519e+00,3.047162519e-02,-3.047162519e-02,3.047162519e-02
2.852000000e-03,5.421010862e-20,-3.016540950e+00,3.016540951e-02,-3.016540950e-02,3.016540951e-02
2.853000000e-03,-1.355252716e-20,-2.986227104e+00,2.986227105e-02,-2.986227104e-02,2.986227105e-02
2.854000000e-03,-3.266377186e-31,-2.956217888e+00,2.956217888e-02,-2.956217888e-02,2.956217888e-02
2.855000000e-03,-4.235164736e-21,-2.926510241e+00,2.926510241e-02,-2.926510241e-02,2.926510241e-02
2.856000000e-03,2.080004340e-32,-2.897101132e+00,2.897101132e-02,-2.897101132e-02,2.897101132e-02
2.857000000e-03,-1.001483571e-32,-2.867987562e+00,2.867987562e-02,-2.867987562e-02,2.867987562e-02
2.858000000e-03,-7.703719778e-34,-2.839166559e+00,2.839166560e-02,-2.839166559e-02,2.839166560e-02
2.859000000e-03,-7.472608184e-32,-2.810635185e+00,2.810635185e-02,-2.810635185e-02,2.810635185e-02
2.860000000e-03,-1.540743956e-33,-2.782390529e+00,2.782390529e-02,-2.782390529e-02,2.782390529e-02
2.861000000e-03,-5.084455053e-32,-2.754429709e+00,2.754429709e-02,-2.754429709e-02,2.754429709e-02
2.862000000e-03,-2.002967142e-32,-2.726749873e+00,2.726749873e-02,-2.726749873e-02,2.726749873e-02
2.863000000e-03,5.238529449e-32,-2.699348197e+00,2.699348198e-02,-2.699348197e-02,2.699348198e-02
2.864000000e-03,5.151862601e-32,-2.672221887e+00,2.672221887e-02,-2.672221887e-02,2.672221887e-02
2.865000000e-03,1.008224326e-31,-2.645368175e+00,2.645368175e-02,-2.645368175e-02,2.645368175e-02
2.866000000e-03,2.214819436e-33,-2.618784321e+00,2.618784321e-02,-2.618784321e-02,2.618784321e-02
2.867000000e-03,-3.948156386e-33,-2.592467614e+00,2.592467614e-02,-2.592467614e-02,2.592467614e-02
2.868000000e-03,-3.875934013e-33,-2.566415368e+00,2.566415369e-02,-2.566415368e-02,2.566415369e-02
2.869000000e-03,5.368529720e-33,-2.540624928e+00,2.540624928e-02,-2.540624928e-02,2.540624928e-02
2.870000000e-03,-4.393527686e-32,-2.515093660e+00,2.515093661e-02,-2.515093660e-02,2.515093661e-02
2.871000000e-03,-2.710505431e-20,-2.489818962e+00,2.489818962e-02,-2.489818962e-02,2.489818962e-02
2.872000000e-03,3.002043301e-32,-2.464798255e+00,2.464798255e-02,-2.464798255e-02,2.464798255e-02
2.873000000e-03,4.234638465e-32,-2.440028985e+00,2.440028986e-02,-2.440028985e-02,2.440028986e-02
2.874000000e-03,5.996864364e-32,-2.415508628e+00,2.415508628e-02,-2.415508628e-02,2.415508628e-02
2.875000000e-03,-2.678741696e-20,-2.391234680e+00,2.391234680e-02,-2.391234680e-02,2.391234680e-02
2.876000000e-03,-8.693166286e-32,-2.367204666e+00,2.367204667e-02,-2.367204666e-02,2.367204667e-02
2.877000000e-03,1.167595029e-32,-2.343416135e+00,2.343416136e-02,-2.343416135e-02,2.343416136e-02
2.878000000e-03,-3.731489267e-33,-2.319866660e+00,2.319866660e-02,-2.319866660e-02,2.319866660e-02
2.879000000e-03,1.694065895e-20,-2.296553839e+00,2.296553839e-02,-2.296553839e-02,2.296553839e-02
2.880000000e-03,-1.355252716e-20,-2.273475292e+00,2.273475293e-02,-2.273475292e-02,2.273475293e-02
2.881000000e-03,1.475743820e-32,-2.250628667e+00,2.250628668e-02,-2.250628667e-02,2.250628668e-02
2.882000000e-03,-1.824577881e-31,-2.228011633e+00,2.228011633e-02,-2.228011633e-02,2.228011633e-02
2.883000000e-03,1.432410396e-32,-2.205621881e+00,2.205621882e-02,-2.205621881e-02,2.205621882e-02
2.884000000e-03,-1.649077515e-32,-2.183457129e+00,2.183457129e-02,-2.183457129e-02,2.183457129e-02
2.885000000e-03,-6.521680274e-32,-2.161515115e+00,2.161515115e-02,-2.161515115e-02,2.161515115e-02
2.886000000e-03,8.327239597e-32,-2.139793601e+00,2.139793601e-02,-2.139793601e-02,2.139793601e-02
2.887000000e-03,5.862049268e-32,-2.118290371e+00,2.118290371e-02,-2.118290371e-02,2.118290371e-02
2.888000000e-03,3.396858939e-32,-2.097003232e+00,2.097003232e-02,-2.097003232e-02,2.097003232e-02
2.889000000e-03,-3.009265538e-33,-2.075930011e+00,2.075930011e-02,-2.075930011e-02,2.075930011e-02
2.890000000e-03,-1.533521718e-32,-2.055068559e+00,2.055068559e-02,-2.055068559e-02,2.055068559e-02
2.891000000e-03,-1.632466369e-31,-2.034416749e+00,2.034416749e-02,-2.034416749e-02,2.034416749e-02
2.892000000e-03,6.235198195e-33,-2.013972473e+00,2.013972473e-02,-2.013972473e-02,2.013972473e-02
2.893000000e-03,8.019090806e-32,-1.993733645e+00,1.993733645e-02,-1.993733645e-02,1.993733645e-02
2.894000000e-03,-6.714273269e-32,-1.973698202e+00,1.973698202e-02,-1.973698202e-02,1.973698202e-02
2.895000000e-03,-1.203706215e-34,-1.953864099e+00,1.953864099e-02,-1.953864099e-02,1.953864099e-02
2.896000000e-03,-3.201858533e-33,-1.934229313e+00,1.934229313e-02,-1.934229313e-02,1.934229313e-02
2.897000000e-03,2.145004476e-32,-1.914791841e+00,1.914791841e-02,-1.914791841e-02,1.914791841e-02
2.898000000e-03,2.648153674e-34,-1.895549701e+00,1.895549701e-02,-1.895549701e-02,1.895549701e-02
2.899000000e-03,2.032879073e-20,-1.876500928e+00,1.876500928e-02,-1.876500928e-02,1.876500928e-02
2.900000000e-03,5.000000000e+00,3.127754952e+00,1.872245048e-02,-1.872245048e-02,1.872245048e-02
2.901000000e-03,5.000000000e+00,3.096820979e+00,1.903179021e-02,-1.903179022e-02,1.903179021e-02
2.902000000e-03,5.000000000e+00,3.066197868e+00,1.933802132e-02,-1.933802133e-02,1.933802132e-02
2.903000000e-03,5.000000000e+00,3.035882494e+00,1.964117505e-02,-1.964117506e-02,1.964117505e-02
2.904000000e-03,5.000000000e+00,3.005871766e+00,1.994128233e-02,-1.994128234e-02,1.994128233e-02
2.905000000e-03,5.000000000e+00,2.976162623e+00,2.023837377e-02,-2.023837378e-02,2.023837377e-02
2.906000000e-03,5.000000000e+00,2.946752032e+00,2.053247967e-02,-2.053247968e-02,2.053247967e-02
2.907000000e-03,5.000000000e+00,2.917636995e+00,2.082363005e-02,-2.082363006e-02,2.082363005e-02
2.908000000e-03,5.000000000e+00,2.888814541e+00,2.111185459e-02,-2.111185460e-02,2.111185459e-02
2.909000000e-03,5.000000000e+00,2.860281729e+00,2.139718270e-02,-2.139718271e-02,2.139718270e-02
2.910000000e-03,5.000000000e+00,2.832035650e+00,2.167964350e-02,-2.167964350e-02,2.167964350e-02
2.911000000e-03,5.000000000e+00,2.804073421e+00,2.195926578e-02,-2.195926579e-02,2.195926578e-02
2.912000000e-03,5.000000000e+00,2.776392191e+00,2.223607809e-02,-2.223607809e-02,2.223607809e-02
2.913000000e-03,5.000000000e+00,2.748989135e+00,2.251010864e-02,-2.251010865e-02,2.251010864e-02
2.914000000e-03,5.000000000e+00,2.721861458e+00,2.278138541e-02,-2.278138542e-02,2.278138541e-02
2.915000000e-03,5.000000000e+00,2.695006393e+00,2.304993607e-02,-2.304993607e-02,2.304993607e-02
2.916000000e-03,5.000000000e+00,2.668421200e+00,2.331578800e-02,-2.331578801e-02,2.331578800e-02
2.917000000e-03,5.000000000e+00,2.642103167e+00,2.357896833e-02,-2.357896834e-02,2.357896833e-02
2.918000000e-03,5.000000000e+00,2.616049609e+00,2.383950390e-02,-2.383950391e-02,2.383950390e-02
2.919000000e-03,5.000000000e+00,2.590257869e+00,2.409742130e-02,-2.409742131e-02,2.409742130e-02
2.920000000e-03,5.000000000e+00,2.564725316e+00,2.435274684e-02,-2.435274685e-02,2.435274684e-02
2.921000000e-03,5.000000000e+00,2.539449344e+00,2.460550655e-02,-2.460550656e-02,2.460550655e-02
2.922000000e-03,5.000000000e+00,2.514427376e+00,2.485572623e-02,-2.485572624e-02,2.485572623e-02
2.923000000e-03,5.000000000e+00,2.489656859e+00,2.510343141e-02,-2.510343141e-02,2.510343141e-02
2.924000000e-03,5.000000000e+00,2.465135266e+00,2.534864734e-02,-2.534864734e-02,2.534864734e-02
2.925000000e-03,5.000000000e+00,2.440860096e+00,2.559139904e-02,-2.559139905e-02,2.559139904e-02
2.926000000e-03,5.000000000e+00,2.416828872e+00,2.583171128e-02,-2.583171129e-02,2.583171128e-02
2.927000000e-03,5.000000000e+00,2.393039142e+00,2.606960858e-02,-2.606960858e-02,2.606960858e-02
2.928000000e-03,5.000000000e+00,2.369488481e+00,2.630511519e-02,-2.630511520e-02,2.630511519e-02
2.929000000e-03,5.000000000e+00,2.346174484e+00,2.653825515e-02,-2.653825516e-02,2.653825515e-02
2.930000000e-03,5.000000000e+00,2.323094776e+00,2.676905224e-02,-2.676905225e-02,2.676905224e-02
2.931000000e-03,5.000000000e+00,2.300247000e+00,2.699753000e-02,-2.699753001e-02,2.699753000e-02
2.932000000e-03,5.000000000e+00,2.277628826e+00,2.722371174e-02,-2.722371175e-02,2.722371174e-02
2.933000000e-03,5.000000000e+00,2.255237946e+00,2.744762054e-02,-2.744762054e-02,2.744762054e-02
2.934000000e-03,5.000000000e+00,2.233072077e+00,2.766927922e-02,-2.766927923e-02,2.766927922e-02
2.935000000e-03,5.000000000e+00,2.211128958e+00,2.788871042e-02,-2.788871042e-02,2.788871042e-02
2.936000000e-03,5.000000000e+00,2.189406350e+00,2.810593650e-02,-2.810593651e-02,2.810593650e-02
2.937000000e-03,5.000000000e+00,2.167902037e+00,2.832097963e-02,-2.832097964e-02,2.832097963e-02
2.938000000e-03,5.000000000e+00,2.146613824e+00,2.853386175e-02,-2.853386176e-02,2.853386175e-02
2.939000000e-03,5.000000000e+00,2.125539542e+00,2.874460458e-02,-2.874460458e-02,2.874460458e-02
2.940000000e-03,5.000000000e+00,2.104677040e+00,2.895322960e-02,-2.895322961e-02,2.895322960e-02
2.941000000e-03,5.000000000e+00,2.084024189e+00,2.915975811e-02,-2.915975812e-02,2.915975811e-02
2.942000000e-03,5.000000000e+00,2.063578883e+00,2.936421117e-02,-2.936421118e-02,2.936421117e-02
2.943000000e-03,5.000000000e+00,2.043339036e+00,2.956660964e-02,-2.956660965e-02,2.956660964e-02
2.944000000e-03,5.000000000e+00,2.023302583e+00,2.976697417e-02,-2.976697418e-02,2.976697417e-02
2.945000000e-03,5.000000000e+00,2.003467481e+00,2.996532519e-02,-2.996532520e-02,2.996532519e-02
2.946000000e-03,5.000000000e+00,1.983831706e+00,3.016168294e-02,-3.016168295e-02,3.016168294e-02
2.947000000e-03,5.000000000e+00,1.964393255e+00,3.035606745e-02,-3.035606746e-02,3.035606745e-02
2.948000000e-03,5.000000000e+00,1.945150145e+00,3.054849855e-02,-3.054849856e-02,3.054849855e-02
2.949000000e-03,5.000000000e+00,1.926100413e+00,3.073899587e-02,-3.073899588e-02,3.073899587e-02
2.950000000e-03,1.232595164e-32,-3.078156418e+00,3.078156418e-02,-3.078156418e-02,3.078156418e-02
2.951000000e-03,-3.697785493e-32,-3.047223385e+00,3.047223385e-02,-3.047223385e-02,3.047223385e-02
2.952000000e-03,-6.162975822e-33,-3.016601205e+00,3.016601205e-02,-3.016601205e-02,3.016601205e-02
2.953000000e-03,2.710505431e-20,-2.986286753e+00,2.986286753e-02,-2.986286753e-02,2.986286753e-02
2.954000000e-03,2.157041538e-31,-2.956276937e+00,2.956276938e-02,-2.956276937e-02,2.956276938e-02
2.955000000e-03,-9.860761315e-32,-2.926568697e+00,2.926568697e-02,-2.926568697e-02,2.926568697e-02
2.956000000e-03,-2.465190329e-32,-2.897159001e+00,2.897159001e-02,-2.897159001e-02,2.897159001e-02
2.957000000e-03,-4.930380658e-32,-2.868044848e+00,2.868044849e-02,-2.868044848e-02,2.868044849e-02
2.958000000e-03,-4.728158013e-32,-2.839223270e+00,2.839223271e-02,-2.839223270e-02,2.839223271e-02
2.959000000e-03,2.638524024e-32,-2.810691326e+00,2.810691327e-02,-2.810691326e-02,2.810691327e-02
2.960000000e-03,-2.320745583e-32,-2.782446106e+00,2.782446106e-02,-2.782446106e-02,2.782446106e-02
2.961000000e-03,-2.320745583e-32,-2.754484727e+00,2.754484728e-02,-2.754484727e-02,2.754484728e-02
2.962000000e-03,1.444447458e-33,-2.726804339e+00,2.726804339e-02,-2.726804339e-02,2.726804339e-02
2.963000000e-03,-1.088150419e-32,-2.699402116e+00,2.699402116e-02,-2.699402116e-02,2.699402116e-02
2.964000000e-03,-4.718528364e-33,-2.672275264e+00,2.672275264e-02,-2.672275264e-02,2.672275264e-02
2.965000000e-03,-3.375192228e-31,-2.645421015e+00,2.645421015e-02,-2.645421015e-02,2.645421015e-02
2.966000000e-03,1.355252716e-20,-2.618836630e+00,2.618836630e-02,-2.618836630e-02,2.618836630e-02
2.967000000e-03,1.355252716e-20,-2.592519397e+00,2.592519397e-02,-2.592519397e-02,2.592519397e-02
2.968000000e-03,-4.501861245e-33,-2.566466632e+00,2.566466632e-02,-2.566466632e-02,2.566466632e-02
2.969000000e-03,-1.066483707e-32,-2.540675676e+00,2.540675676e-02,-2.540675676e-02,2.540675676e-02
2.970000000e-03,3.057413787e-33,-2.515143898e+00,2.515143899e-02,-2.515143898e-02,2.515143899e-02
2.971000000e-03,-4.595750330e-32,-2.489868695e+00,2.489868696e-02,-2.489868695e-02,2.489868696e-02
2.972000000e-03,2.648153674e-34,-2.464847488e+00,2.464847488e-02,-2.464847488e-02,2.464847488e-02
2.973000000e-03,-2.438708792e-32,-2.440077724e+00,2.440077724e-02,-2.440077724e-02,2.440077724e-02
2.974000000e-03,-1.353206527e-31,-2.415556876e+00,2.415556877e-02,-2.415556876e-02,2.415556877e-02
2.975000000e-03,-2.339282659e-31,-2.391282444e+00,2.391282444e-02,-2.391282444e-02,2.391282444e-02
2.976000000e-03,-8.979648366e-33,-2.367251950e+00,2.367251951e-02,-2.367251950e-02,2.367251951e-02
2.977000000e-03,1.567225492e-32,-2.343462944e+00,2.343462944e-02,-2.343462944e-02,2.343462944e-02
2.978000000e-03,-6.187049946e-33,-2.319912999e+00,2.319912999e-02,-2.319912999e-02,2.319912999e-02
2.979000000e-03,-3.513136960e-31,-2.296599711e+00,2.296599712e-02,-2.296599711e-02,2.296599712e-02
2.980000000e-03,1.663762731e-31,-2.273520704e+00,2.273520704e-02,-2.273520704e-02,2.273520704e-02
2.981000000e-03,-1.355252716e-20,-2.250673623e+00,2.250673623e-02,-2.250673623e-02,2.250673623e-02
2.982000000e-03,-2.678741696e-20,-2.228056136e+00,2.228056136e-02,-2.228056136e-02,2.228056136e-02
2.983000000e-03,1.035187345e-33,-2.205665938e+00,2.205665938e-02,-2.205665938e-02,2.205665938e-02
2.984000000e-03,1.035187345e-33,-2.183500743e+00,2.183500743e-02,-2.183500743e-02,2.183500743e-02
2.985000000e-03,-1.129076430e-32,-2.161558291e+00,2.161558291e-02,-2.161558291e-02,2.161558291e-02
2.986000000e-03,-6.029364432e-31,-2.139836343e+00,2.139836343e-02,-2.139836343e-02,2.139836343e-02
2.987000000e-03,-2.977969177e-32,-2.118332683e+00,2.118332683e-02,-2.118332683e-02,2.118332683e-02
2.988000000e-03,2.309286300e-30,-2.097045118e+00,2.097045119e-02,-2.097045118e-02,2.097045119e-02
2.989000000e-03,1.251854464e-33,-2.075971477e+00,2.075971477e-02,-2.075971477e-02,2.075971477e-02
2.990000000e-03,-1.466595653e-31,-2.055109608e+00,2.055109609e-02,-2.055109608e-02,2.055109609e-02
2.991000000e-03,7.414830286e-33,-2.034457385e+00,2.034457386e-02,-2.034457385e-02,2.034457386e-02
2.992000000e-03,-4.188897629e-32,-2.014012701e+00,2.014012701e-02,-2.014012701e-02,2.014012701e-02
2.993000000e-03,-4.138341968e-32,-1.993773469e+00,1.993773469e-02,-1.993773469e-02,1.993773469e-02
2.994000000e-03,1.757411074e-33,-1.973737626e+00,1.973737626e-02,-1.973737626e-02,1.973737626e-02
2.995000000e-03,5.106121765e-32,-1.953903127e+00,1.953903127e-02,-1.953903127e-02,1.953903127e-02
2.996000000e-03,1.757411074e-33,-1.934267948e+00,1.934267949e-02,-1.934267948e-02,1.934267949e-02
2.997000000e-03,5.106121765e-32,-1.914830088e+00,1.914830089e-02,-1.914830088e-02,1.914830089e-02
2.998000000e-03,7.920386896e-33,-1.895587563e+00,1.895587564e-02,-1.895587563e-02,1.895587564e-02
2.999000000e-03,2.375662719e-20,-1.876538410e+00,1.876538411e-02,-1.876538410e-02,1.876538411e-02
3.000000000e-03,2.521130185e-21,-1.857680686e+00,1.857680687e-02,-1.857680686e-02,1.857680687e-02
