time,V(in),V(fast),V(slow),I(Vp)
0.000000000e+00,0.000000000e+00,0.000000000e+00,0.000000000e+00,-0.000000000e+00
1.000000000e-07,5.000000000e+00,2.645311316e+00,2.485559343e-03,-2.354688684e-02
2.000000000e-07,5.000000000e+00,2.358709983e+00,4.983835295e-03,-2.641290018e-02
3.000000000e-07,5.000000000e+00,2.647233699e+00,7.480574931e-03,-2.352766301e-02
4.000000000e-07,5.000000000e+00,2.504642688e+00,9.976281967e-03,-2.495357312e-02
5.000000000e-07,5.000000000e+00,2.506235540e+00,1.247066941e-02,-2.493764461e-02
6.000000000e-07,5.000000000e+00,2.507481280e+00,1.496381014e-02,-2.492518721e-02
7.000000000e-07,5.000000000e+00,2.508727229e+00,1.745570461e-02,-2.491272771e-02
8.000000000e-07,5.000000000e+00,2.509972554e+00,1.994635344e-02,-2.490027446e-02
9.000000000e-07,5.000000000e+00,2.511217256e+00,2.243575727e-02,-2.488782744e-02
1.000000000e-06,5.000000000e+00,2.512461336e+00,2.492391670e-02,-2.487538664e-02
1.100000000e-06,5.000000000e+00,2.513704794e+00,2.741083236e-02,-2.486295206e-02
1.200000000e-06,5.000000000e+00,2.514947631e+00,2.989650488e-02,-2.485052369e-02
1.300000000e-06,5.000000000e+00,2.516189846e+00,3.238093487e-02,-2.483810154e-02
1.400000000e-06,5.000000000e+00,2.517431441e+00,3.486412296e-02,-2.482568560e-02
1.500000000e-06,5.000000000e+00,2.518672414e+00,3.734606977e-02,-2.481327586e-02
1.600000000e-06,5.000000000e+00,2.519912768e+00,3.982677591e-02,-2.480087233e-02
1.700000000e-06,5.000000000e+00,2.521152501e+00,4.230624201e-02,-2.478847499e-02
1.800000000e-06,5.000000000e+00,2.522391615e+00,4.478446868e-02,-2.477608386e-02
1.900000000e-06,5.000000000e+00,2.523630109e+00,4.726145656e-02,-2.476369891e-02
2.000000000e-06,5.000000000e+00,2.524867984e+00,4.973720624e-02,-2.475132016e-02
2.100000000e-06,5.000000000e+00,2.526105241e+00,5.221171837e-02,-2.473894760e-02
2.200000000e-06,5.000000000e+00,2.527341878e+00,5.468499354e-02,-2.472658122e-02
2.300000000e-06,5.000000000e+00,2.528577898e+00,5.715703239e-02,-2.471422102e-02
2.400000000e-06,5.000000000e+00,2.529813300e+00,5.962783553e-02,-2.470186700e-02
2.500000000e-06,5.000000000e+00,2.531048084e+00,6.209740358e-02,-2.468951916e-02
2.600000000e-06,5.000000000e+00,2.532282252e+00,6.456573715e-02,-2.467717749e-02
2.700000000e-06,5.000000000e+00,2.533515802e+00,6.703283686e-02,-2.466484199e-02
2.800000000e-06,5.000000000e+00,2.534748735e+00,6.949870333e-02,-2.465251265e-02
2.900000000e-06,5.000000000e+00,2.535981052e+00,7.196333718e-02,-2.464018948e-02
3.000000000e-06,5.000000000e+00,2.537212754e+00,7.442673902e-02,-2.462787247e-02
3.100000000e-06,5.000000000e+00,2.538443839e+00,7.688890947e-02,-2.461556161e-02
3.200000000e-06,5.000000000e+00,2.539674309e+00,7.934984914e-02,-2.460325691e-02
3.300000000e-06,5.000000000e+00,2.540904164e+00,8.180955864e-02,-2.459095836e-02
3.400000000e-06,5.000000000e+00,2.542133405e+00,8.426803860e-02,-2.457866596e-02
3.500000000e-06,5.000000000e+00,2.543362031e+00,8.672528963e-02,-2.456637970e-02
3.600000000e-06,5.000000000e+00,2.544590042e+00,8.918131234e-02,-2.455409958e-02
3.700000000e-06,5.000000000e+00,2.545817440e+00,9.163610734e-02,-2.454182561e-02
3.800000000e-06,5.000000000e+00,2.547044224e+00,9.408967526e-02,-2.452955776e-02
3.900000000e-06,5.000000000e+00,2.548270395e+00,9.654201669e-02,-2.451729605e-02
4.000000000e-06,5.000000000e+00,2.549495953e+00,9.899313227e-02,-2.450504047e-02
4.100000000e-06,5.000000000e+00,2.550720899e+00,1.014430226e-01,-2.449279102e-02
4.200000000e-06,5.000000000e+00,2.551945232e+00,1.038916883e-01,-2.448054769e-02
4.300000000e-06,5.000000000e+00,2.553168953e+00,1.063391299e-01,-2.446831047e-02
4.400000000e-06,5.000000000e+00,2.554392063e+00,1.087853482e-01,-2.445607938e-02
4.500000000e-06,5.000000000e+00,2.555614561e+00,1.112303436e-01,-2.444385440e-02
4.600000000e-06,5.000000000e+00,2.556836448e+00,1.136741169e-01,-2.443163553e-02
4.700000000e-06,5.000000000e+00,2.558057724e+00,1.161166685e-01,-2.441942277e-02
4.800000000e-06,5.000000000e+00,2.559278389e+00,1.185579992e-01,-2.440721611e-02
4.900000000e-06,5.000000000e+00,2.560498445e+00,1.209981096e-01,-2.439501556e-02
5.000000000e-06,5.000000000e+00,2.561717890e+00,1.234370001e-01,-2.438282110e-02
5.100000000e-06,5.000000000e+00,2.562936726e+00,1.258746716e-01,-2.437063274e-02
5.200000000e-06,5.000000000e+00,2.564154953e+00,1.283111245e-01,-2.435845047e-02
5.300000000e-06,5.000000000e+00,2.565372571e+00,1.307463595e-01,-2.434627430e-02
5.400000000e-06,5.000000000e+00,2.566589580e+00,1.331803772e-01,-2.433410420e-02
5.500000000e-06,5.000000000e+00,2.567805981e+00,1.356131782e-01,-2.432194020e-02
5.600000000e-06,5.000000000e+00,2.569021774e+00,1.380447630e-01,-2.430978227e-02
5.700000000e-06,5.000000000e+00,2.570236959e+00,1.404751324e-01,-2.429763042e-02
5.800000000e-06,5.000000000e+00,2.571451536e+00,1.429042869e-01,-2.428548464e-02
5.900000000e-06,5.000000000e+00,2.572665507e+00,1.453322272e-01,-2.427334494e-02
6.000000000e-06,5.000000000e+00,2.573878870e+00,1.477589538e-01,-2.426121130e-02
6.100000000e-06,5.000000000e+00,2.575091627e+00,1.501844673e-01,-2.424908373e-02
6.200000000e-06,5.000000000e+00,2.576303778e+00,1.526087683e-01,-2.423696222e-02
6.300000000e-06,5.000000000e+00,2.577515323e+00,1.550318575e-01,-2.422484677e-02
6.400000000e-06,5.000000000e+00,2.578726262e+00,1.574537355e-01,-2.421273738e-02
6.500000000e-06,5.000000000e+00,2.579936596e+00,1.598744028e-01,-2.420063404e-02
6.600000000e-06,5.000000000e+00,2.581146325e+00,1.622938601e-01,-2.418853675e-02
6.700000000e-06,5.000000000e+00,2.582355449e+00,1.647121080e-01,-2.417644551e-02
6.800000000e-06,5.000000000e+00,2.583563969e+00,1.671291471e-01,-2.416436031e-02
6.900000000e-06,5.000000000e+00,2.584771885e+00,1.695449779e-01,-2.415228115e-02
7.000000000e-06,5.000000000e+00,2.585979197e+00,1.719596011e-01,-2.414020804e-02
7.100000000e-06,5.000000000e+00,2.587185905e+00,1.743730174e-01,-2.412814095e-02
7.200000000e-06,5.000000000e+00,2.588392011e+00,1.767852272e-01,-2.411607990e-02
7.300000000e-06,5.000000000e+00,2.589597513e+00,1.791962312e-01,-2.410402488e-02
7.400000000e-06,5.000000000e+00,2.590802413e+00,1.816060300e-01,-2.409197588e-02
7.500000000e-06,5.000000000e+00,2.592006710e+00,1.840146242e-01,-2.407993291e-02
7.600000000e-06,5.000000000e+00,2.593210405e+00,1.864220144e-01,-2.406789595e-02
7.700000000e-06,5.000000000e+00,2.594413499e+00,1.888282012e-01,-2.405586501e-02
7.800000000e-06,5.000000000e+00,2.595615991e+00,1.912331852e-01,-2.404384009e-02
7.900000000e-06,5.000000000e+00,2.596817883e+00,1.936369671e-01,-2.403182118e-02
8.000000000e-06,5.000000000e+00,2.598019173e+00,1.960395473e-01,-2.401980827e-02
8.100000000e-06,5.000000000e+00,2.599219863e+00,1.984409266e-01,-2.400780138e-02
8.200000000e-06,5.000000000e+00,2.600419953e+00,2.008411054e-01,-2.399580048e-02
8.300000000e-06,5.000000000e+00,2.601619443e+00,2.032400845e-01,-2.398380558e-02
8.400000000e-06,5.000000000e+00,2.602818333e+00,2.056378644e-01,-2.397181668e-02
8.500000000e-06,5.000000000e+00,2.604016624e+00,2.080344457e-01,-2.395983377e-02
8.600000000e-06,5.000000000e+00,2.605214316e+00,2.104298290e-01,-2.394785685e-02
8.700000000e-06,5.000000000e+00,2.606411409e+00,2.128240149e-01,-2.393588592e-02
8.800000000e-06,5.000000000e+00,2.607607904e+00,2.152170041e-01,-2.392392097e-02
8.900000000e-06,5.000000000e+00,2.608803801e+00,2.176087970e-01,-2.391196200e-02
9.000000000e-06,5.000000000e+00,2.609999100e+00,2.199993943e-01,-2.390000901e-02
9.100000000e-06,5.000000000e+00,2.611193801e+00,2.223887966e-01,-2.388806200e-02
9.200000000e-06,5.000000000e+00,2.612387905e+00,2.247770046e-01,-2.387612095e-02
9.300000000e-06,5.000000000e+00,2.613581413e+00,2.271640187e-01,-2.386418588e-02
9.400000000e-06,5.000000000e+00,2.614774323e+00,2.295498396e-01,-2.385225677e-02
9.500000000e-06,5.000000000e+00,2.615966638e+00,2.319344679e-01,-2.384033363e-02
9.600000000e-06,5.000000000e+00,2.617158356e+00,2.343179042e-01,-2.382841644e-02
9.700000000e-06,5.000000000e+00,2.618349479e+00,2.367001491e-01,-2.381650522e-02
9.800000000e-06,5.000000000e+00,2.619540006e+00,2.390812031e-01,-2.380459994e-02
9.900000000e-06,5.000000000e+00,2.620729939e+00,2.414610669e-01,-2.379270062e-02
1.000000000e-05,5.000000000e+00,2.621919276e+00,2.438397411e-01,-2.378080725e-02
1.010000000e-05,5.000000000e+00,2.623108019e+00,2.462172262e-01,-2.376891982e-02
1.020000000e-05,5.000000000e+00,2.624296167e+00,2.485935229e-01,-2.375703833e-02
1.030000000e-05,5.000000000e+00,2.625483722e+00,2.509686318e-01,-2.374516278e-02
1.040000000e-05,5.000000000e+00,2.626670683e+00,2.533425533e-01,-2.373329317e-02
1.050000000e-05,5.000000000e+00,2.627857051e+00,2.557152883e-01,-2.372142950e-02
1.060000000e-05,5.000000000e+00,2.629042826e+00,2.580868371e-01,-2.370957175e-02
1.070000000e-05,5.000000000e+00,2.630228008e+00,2.604572005e-01,-2.369771993e-02
1.080000000e-05,5.000000000e+00,2.631412597e+00,2.628263790e-01,-2.368587403e-02
1.090000000e-05,5.000000000e+00,2.632596595e+00,2.651943732e-01,-2.367403406e-02
1.100000000e-05,5.000000000e+00,2.633780000e+00,2.675611837e-01,-2.366220000e-02
1.110000000e-05,5.000000000e+00,2.634962814e+00,2.699268110e-01,-2.365037186e-02
1.120000000e-05,5.000000000e+00,2.636145037e+00,2.722912559e-01,-2.363854964e-02
1.130000000e-05,5.000000000e+00,2.637326669e+00,2.746545188e-01,-2.362673332e-02
1.140000000e-05,5.000000000e+00,2.638507710e+00,2.770166005e-01,-2.361492291e-02
1.150000000e-05,5.000000000e+00,2.639688160e+00,2.793775013e-01,-2.360311840e-02
1.160000000e-05,5.000000000e+00,2.640868021e+00,2.817372220e-01,-2.359131979e-02
1.170000000e-05,5.000000000e+00,2.642047292e+00,2.840957632e-01,-2.357952709e-02
1.180000000e-05,5.000000000e+00,2.643225973e+00,2.864531253e-01,-2.356774027e-02
1.190000000e-05,5.000000000e+00,2.644404066e+00,2.888093091e-01,-2.355595935e-02
1.200000000e-05,5.000000000e+00,2.645581569e+00,2.911643151e-01,-2.354418432e-02
1.210000000e-05,5.000000000e+00,2.646758483e+00,2.935181438e-01,-2.353241517e-02
1.220000000e-05,5.000000000e+00,2.647934810e+00,2.958707960e-01,-2.352065191e-02
1.230000000e-05,5.000000000e+00,2.649110548e+00,2.982222721e-01,-2.350889452e-02
1.240000000e-05,5.000000000e+00,2.650285699e+00,3.005725728e-01,-2.349714302e-02
1.250000000e-05,5.000000000e+00,2.651460262e+00,3.029216986e-01,-2.348539738e-02
1.260000000e-05,5.000000000e+00,2.652634238e+00,3.052696502e-01,-2.347365762e-02
1.270000000e-05,5.000000000e+00,2.653807627e+00,3.076164280e-01,-2.346192373e-02
1.280000000e-05,5.000000000e+00,2.654980430e+00,3.099620328e-01,-2.345019570e-02
1.290000000e-05,5.000000000e+00,2.656152646e+00,3.123064651e-01,-2.343847354e-02
1.300000000e-05,5.000000000e+00,2.657324277e+00,3.146497254e-01,-2.342675724e-02
1.310000000e-05,5.000000000e+00,2.658495322e+00,3.169918144e-01,-2.341504679e-02
1.320000000e-05,5.000000000e+00,2.659665781e+00,3.193327327e-01,-2.340334219e-02
1.330000000e-05,5.000000000e+00,2.660835655e+00,3.216724808e-01,-2.339164345e-02
1.340000000e-05,5.000000000e+00,2.662004945e+00,3.240110593e-01,-2.337995056e-02
1.350000000e-05,5.000000000e+00,2.663173650e+00,3.263484688e-01,-2.336826350e-02
1.360000000e-05,5.000000000e+00,2.664341771e+00,3.286847099e-01,-2.335658230e-02
1.370000000e-05,5.000000000e+00,2.665509308e+00,3.310197831e-01,-2.334490693e-02
1.380000000e-05,5.000000000e+00,2.666676261e+00,3.333536892e-01,-2.333323739e-02
1.390000000e-05,5.000000000e+00,2.667842631e+00,3.356864285e-01,-2.332157369e-02
1.400000000e-05,5.000000000e+00,2.669008418e+00,3.380180018e-01,-2.330991582e-02
1.410000000e-05,5.000000000e+00,2.670173622e+00,3.403484096e-01,-2.329826378e-02
1.420000000e-05,5.000000000e+00,2.671338244e+00,3.426776525e-01,-2.328661757e-02
1.430000000e-05,5.000000000e+00,2.672502283e+00,3.450057310e-01,-2.327497717e-02
1.440000000e-05,5.000000000e+00,2.673665741e+00,3.473326458e-01,-2.326334259e-02
1.450000000e-05,5.000000000e+00,2.674828617e+00,3.496583974e-01,-2.325171383e-02
1.460000000e-05,5.000000000e+00,2.675990912e+00,3.519829865e-01,-2.324009088e-02
1.470000000e-05,5.000000000e+00,2.677152626e+00,3.543064135e-01,-2.322847375e-02
1.480000000e-05,5.000000000e+00,2.678313759e+00,3.566286792e-01,-2.321686241e-02
1.490000000e-05,5.000000000e+00,2.679474312e+00,3.589497839e-01,-2.320525689e-02
1.500000000e-05,5.000000000e+00,2.680634284e+00,3.612697285e-01,-2.319365716e-02
1.510000000e-05,5.000000000e+00,2.681793677e+00,3.635885133e-01,-2.318206324e-02
1.520000000e-05,5.000000000e+00,2.682952490e+00,3.659061390e-01,-2.317047510e-02
1.530000000e-05,5.000000000e+00,2.684110724e+00,3.682226062e-01,-2.315889276e-02
1.540000000e-05,5.000000000e+00,2.685268379e+00,3.705379155e-01,-2.314731622e-02
1.550000000e-05,5.000000000e+00,2.686425455e+00,3.728520674e-01,-2.313574545e-02
1.560000000e-05,5.000000000e+00,2.687581953e+00,3.751650625e-01,-2.312418047e-02
1.570000000e-05,5.000000000e+00,2.688737873e+00,3.774769014e-01,-2.311262128e-02
1.580000000e-05,5.000000000e+00,2.689893215e+00,3.797875847e-01,-2.310106786e-02
1.590000000e-05,5.000000000e+00,2.691047979e+00,3.820971129e-01,-2.308952021e-02
1.600000000e-05,5.000000000e+00,2.692202166e+00,3.844054867e-01,-2.307797834e-02
1.610000000e-05,5.000000000e+00,2.693355776e+00,3.867127065e-01,-2.306644224e-02
1.620000000e-05,5.000000000e+00,2.694508810e+00,3.890187730e-01,-2.305491190e-02
1.630000000e-05,5.000000000e+00,2.695661267e+00,3.913236868e-01,-2.304338733e-02
1.640000000e-05,5.000000000e+00,2.696813148e+00,3.936274484e-01,-2.303186852e-02
1.650000000e-05,5.000000000e+00,2.697964454e+00,3.959300585e-01,-2.302035547e-02
1.660000000e-05,5.000000000e+00,2.699115183e+00,3.982315175e-01,-2.300884817e-02
1.670000000e-05,5.000000000e+00,2.700265338e+00,4.005318260e-01,-2.299734663e-02
1.680000000e-05,5.000000000e+00,2.701414918e+00,4.028309847e-01,-2.298585083e-02
1.690000000e-05,5.000000000e+00,2.702563923e+00,4.051289941e-01,-2.297436078e-02
1.700000000e-05,5.000000000e+00,2.703712353e+00,4.074258548e-01,-2.296287647e-02
1.710000000e-05,5.000000000e+00,2.704860210e+00,4.097215674e-01,-2.295139791e-02
1.720000000e-05,5.000000000e+00,2.706007493e+00,4.120161324e-01,-2.293992508e-02
1.730000000e-05,5.000000000e+00,2.707154202e+00,4.143095503e-01,-2.292845799e-02
1.740000000e-05,5.000000000e+00,2.708300338e+00,4.166018219e-01,-2.291699663e-02
1.750000000e-05,5.000000000e+00,2.709445901e+00,4.188929476e-01,-2.290554099e-02
1.760000000e-05,5.000000000e+00,2.710590892e+00,4.211829280e-01,-2.289409109e-02
1.770000000e-05,5.000000000e+00,2.711735310e+00,4.234717638e-01,-2.288264691e-02
1.780000000e-05,5.000000000e+00,2.712879156e+00,4.257594554e-01,-2.287120845e-02
1.790000000e-05,5.000000000e+00,2.714022430e+00,4.280460034e-01,-2.285977570e-02
1.800000000e-05,5.000000000e+00,2.715165133e+00,4.303314085e-01,-2.284834868e-02
1.810000000e-05,5.000000000e+00,2.716307264e+00,4.326156711e-01,-2.283692736e-02
1.820000000e-05,5.000000000e+00,2.717448825e+00,4.348987919e-01,-2.282551175e-02
1.830000000e-05,5.000000000e+00,2.718589815e+00,4.371807714e-01,-2.281410185e-02
1.840000000e-05,5.000000000e+00,2.719730235e+00,4.394616102e-01,-2.280269766e-02
1.850000000e-05,5.000000000e+00,2.720870085e+00,4.417413089e-01,-2.279129916e-02
1.860000000e-05,5.000000000e+00,2.722009364e+00,4.440198680e-01,-2.277990636e-02
1.870000000e-05,5.000000000e+00,2.723148075e+00,4.462972881e-01,-2.276851926e-02
1.880000000e-05,5.000000000e+00,2.724286216e+00,4.485735698e-01,-2.275713785e-02
1.890000000e-05,5.000000000e+00,2.725423788e+00,4.508487136e-01,-2.274576212e-02
1.900000000e-05,5.000000000e+00,2.726560792e+00,4.531227202e-01,-2.273439209e-02
1.910000000e-05,5.000000000e+00,2.727697227e+00,4.553955900e-01,-2.272302774e-02
1.920000000e-05,5.000000000e+00,2.728833094e+00,4.576673237e-01,-2.271166907e-02
1.930000000e-05,5.000000000e+00,2.729968393e+00,4.599379218e-01,-2.270031607e-02
1.940000000e-05,5.000000000e+00,2.731103125e+00,4.622073849e-01,-2.268896875e-02
1.950000000e-05,5.000000000e+00,2.732237290e+00,4.644757135e-01,-2.267762711e-02
1.960000000e-05,5.000000000e+00,2.733370887e+00,4.667429083e-01,-2.266629113e-02
1.970000000e-05,5.000000000e+00,2.734503918e+00,4.690089697e-01,-2.265496082e-02
1.980000000e-05,5.000000000e+00,2.735636383e+00,4.712738984e-01,-2.264363618e-02
1.990000000e-05,5.000000000e+00,2.736768282e+00,4.735376949e-01,-2.263231719e-02
2.000000000e-05,5.000000000e+00,2.737899614e+00,4.758003598e-01,-2.262100386e-02
2.010000000e-05,5.000000000e+00,2.739030381e+00,4.780618936e-01,-2.260969619e-02
2.020000000e-05,5.000000000e+00,2.740160583e+00,4.803222970e-01,-2.259839417e-02
2.030000000e-05,5.000000000e+00,2.741290220e+00,4.825815704e-01,-2.258709780e-02
2.040000000e-05,5.000000000e+00,2.742419293e+00,4.848397145e-01,-2.257580708e-02
2.050000000e-05,5.000000000e+00,2.743547801e+00,4.870967298e-01,-2.256452200e-02
2.060000000e-05,5.000000000e+00,2.744675744e+00,4.893526169e-01,-2.255324256e-02
2.070000000e-05,5.000000000e+00,2.745803124e+00,4.916073763e-01,-2.254196876e-02
2.080000000e-05,5.000000000e+00,2.746929941e+00,4.938610086e-01,-2.253070060e-02
2.090000000e-05,5.000000000e+00,2.748056194e+00,4.961135144e-01,-2.251943806e-02
2.100000000e-05,5.000000000e+00,2.749181884e+00,4.983648942e-01,-2.250818116e-02
2.110000000e-05,5.000000000e+00,2.750307012e+00,5.006151486e-01,-2.249692989e-02
2.120000000e-05,5.000000000e+00,2.751431577e+00,5.028642782e-01,-2.248568424e-02
2.130000000e-05,5.000000000e+00,2.752555580e+00,5.051122835e-01,-2.247444421e-02
2.140000000e-05,5.000000000e+00,2.753679021e+00,5.073591650e-01,-2.246320980e-02
2.150000000e-05,5.000000000e+00,2.754801900e+00,5.096049234e-01,-2.245198100e-02
2.160000000e-05,5.000000000e+00,2.755924218e+00,5.118495592e-01,-2.244075782e-02
2.170000000e-05,5.000000000e+00,2.757045976e+00,5.140930730e-01,-2.242954025e-02
2.180000000e-05,5.000000000e+00,2.758167172e+00,5.163354652e-01,-2.241832828e-02
2.190000000e-05,5.000000000e+00,2.759287808e+00,5.185767366e-01,-2.240712193e-02
2.200000000e-05,5.000000000e+00,2.760407884e+00,5.208168876e-01,-2.239592117e-02
2.210000000e-05,5.000000000e+00,2.761527400e+00,5.230559188e-01,-2.238472601e-02
2.220000000e-05,5.000000000e+00,2.762646356e+00,5.252938308e-01,-2.237353645e-02
2.230000000e-05,5.000000000e+00,2.763764753e+00,5.275306241e-01,-2.236235248e-02
2.240000000e-05,5.000000000e+00,2.764882591e+00,5.297662993e-01,-2.235117410e-02
2.250000000e-05,5.000000000e+00,2.765999870e+00,5.320008569e-01,-2.234000131e-02
2.260000000e-05,5.000000000e+00,2.767116590e+00,5.342342976e-01,-2.232883410e-02
2.270000000e-05,5.000000000e+00,2.768232753e+00,5.364666217e-01,-2.231767248e-02
2.280000000e-05,5.000000000e+00,2.769348357e+00,5.386978300e-01,-2.230651643e-02
2.290000000e-05,5.000000000e+00,2.770463404e+00,5.409279230e-01,-2.229536597e-02
2.300000000e-05,5.000000000e+00,2.771577893e+00,5.431569012e-01,-2.228422107e-02
2.310000000e-05,5.000000000e+00,2.772691826e+00,5.453847652e-01,-2.227308175e-02
2.320000000e-05,5.000000000e+00,2.773805201e+00,5.476115156e-01,-2.226194799e-02
2.330000000e-05,5.000000000e+00,2.774918020e+00,5.498371528e-01,-2.225081980e-02
2.340000000e-05,5.000000000e+00,2.776030283e+00,5.520616776e-01,-2.223969718e-02
2.350000000e-05,5.000000000e+00,2.777141989e+00,5.542850903e-01,-2.222858011e-02
2.360000000e-05,5.000000000e+00,2.778253140e+00,5.565073916e-01,-2.221746860e-02
2.370000000e-05,5.000000000e+00,2.779363736e+00,5.587285820e-01,-2.220636265e-02
2.380000000e-05,5.000000000e+00,2.780473776e+00,5.609486621e-01,-2.219526224e-02
2.390000000e-05,5.000000000e+00,2.781583261e+00,5.631676325e-01,-2.218416739e-02
2.400000000e-05,5.000000000e+00,2.782692192e+00,5.653854936e-01,-2.217307808e-02
2.410000000e-05,5.000000000e+00,2.783800569e+00,5.676022461e-01,-2.216199432e-02
2.420000000e-05,5.000000000e+00,2.784908391e+00,5.698178905e-01,-2.215091609e-02
2.430000000e-05,5.000000000e+00,2.786015660e+00,5.720324273e-01,-2.213984340e-02
2.440000000e-05,5.000000000e+00,2.787122375e+00,5.742458572e-01,-2.212877625e-02
2.450000000e-05,5.000000000e+00,2.788228537e+00,5.764581806e-01,-2.211771463e-02
2.460000000e-05,5.000000000e+00,2.789334146e+00,5.786693981e-01,-2.210665854e-02
2.470000000e-05,5.000000000e+00,2.790439203e+00,5.808795103e-01,-2.209560798e-02
2.480000000e-05,5.000000000e+00,2.791543707e+00,5.830885177e-01,-2.208456294e-02
2.490000000e-05,5.000000000e+00,2.792647658e+00,5.852964209e-01,-2.207352342e-02
2.500000000e-05,5.000000000e+00,2.793751059e+00,5.875032204e-01,-2.206248942e-02
2.510000000e-05,5.000000000e+00,2.794853907e+00,5.897089168e-01,-2.205146094e-02
2.520000000e-05,5.000000000e+00,2.795956204e+00,5.919135106e-01,-2.204043796e-02
2.530000000e-05,5.000000000e+00,2.797057950e+00,5.941170024e-01,-2.202942050e-02
2.540000000e-05,5.000000000e+00,2.798159146e+00,5.963193928e-01,-2.201840855e-02
2.550000000e-05,5.000000000e+00,2.799259791e+00,5.985206822e-01,-2.200740210e-02
2.560000000e-05,5.000000000e+00,2.800359886e+00,6.007208712e-01,-2.199640115e-02
2.570000000e-05,5.000000000e+00,2.801459430e+00,6.029199604e-01,-2.198540570e-02
2.580000000e-05,5.000000000e+00,2.802558426e+00,6.051179504e-01,-2.197441575e-02
2.590000000e-05,5.000000000e+00,2.803656872e+00,6.073148416e-01,-2.196343129e-02
2.600000000e-05,5.000000000e+00,2.804754768e+00,6.095106347e-01,-2.195245232e-02
2.610000000e-05,5.000000000e+00,2.805852116e+00,6.117053301e-01,-2.194147884e-02
2.620000000e-05,5.000000000e+00,2.806948916e+00,6.138989285e-01,-2.193051085e-02
2.630000000e-05,5.000000000e+00,2.808045167e+00,6.160914303e-01,-2.191954833e-02
2.640000000e-05,5.000000000e+00,2.809140870e+00,6.182828362e-01,-2.190859130e-02
2.650000000e-05,5.000000000e+00,2.810236026e+00,6.204731466e-01,-2.189763975e-02
2.660000000e-05,5.000000000e+00,2.811330634e+00,6.226623622e-01,-2.188669367e-02
2.670000000e-05,5.000000000e+00,2.812424695e+00,6.248504834e-01,-2.187575306e-02
2.680000000e-05,5.000000000e+00,2.813518209e+00,6.270375108e-01,-2.186481792e-02
2.690000000e-05,5.000000000e+00,2.814611176e+00,6.292234450e-01,-2.185388824e-02
2.700000000e-05,5.000000000e+00,2.815703597e+00,6.314082865e-01,-2.184296403e-02
2.710000000e-05,5.000000000e+00,2.816795472e+00,6.335920358e-01,-2.183204529e-02
2.720000000e-05,5.000000000e+00,2.817886801e+00,6.357746936e-01,-2.182113199e-02
2.730000000e-05,5.000000000e+00,2.818977585e+00,6.379562603e-01,-2.181022416e-02
2.740000000e-05,5.000000000e+00,2.820067823e+00,6.401367365e-01,-2.179932177e-02
2.750000000e-05,5.000000000e+00,2.821157516e+00,6.423161227e-01,-2.178842484e-02
2.760000000e-05,5.000000000e+00,2.822246665e+00,6.444944195e-01,-2.177753335e-02
2.770000000e-05,5.000000000e+00,2.823335269e+00,6.466716274e-01,-2.176664731e-02
2.780000000e-05,5.000000000e+00,2.824423329e+00,6.488477470e-01,-2.175576671e-02
2.790000000e-05,5.000000000e+00,2.825510846e+00,6.510227788e-01,-2.174489155e-02
2.800000000e-05,5.000000000e+00,2.826597818e+00,6.531967233e-01,-2.173402182e-02
2.810000000e-05,5.000000000e+00,2.827684247e+00,6.553695812e-01,-2.172315753e-02
2.820000000e-05,5.000000000e+00,2.828770134e+00,6.575413529e-01,-2.171229867e-02
2.830000000e-05,5.000000000e+00,2.829855477e+00,6.597120390e-01,-2.170144524e-02
2.840000000e-05,5.000000000e+00,2.830940278e+00,6.618816400e-01,-2.169059723e-02
2.850000000e-05,5.000000000e+00,2.832024536e+00,6.640501565e-01,-2.167975464e-02
2.860000000e-05,5.000000000e+00,2.833108253e+00,6.662175890e-01,-2.166891748e-02
2.870000000e-05,5.000000000e+00,2.834191427e+00,6.683839380e-01,-2.165808573e-02
2.880000000e-05,5.000000000e+00,2.835274061e+00,6.705492042e-01,-2.164725940e-02
2.890000000e-05,5.000000000e+00,2.836356153e+00,6.727133880e-01,-2.163643848e-02
2.900000000e-05,5.000000000e+00,2.837437704e+00,6.748764899e-01,-2.162562296e-02
2.910000000e-05,5.000000000e+00,2.838518715e+00,6.770385106e-01,-2.161481286e-02
2.920000000e-05,5.000000000e+00,2.839599185e+00,6.791994506e-01,-2.160400815e-02
2.930000000e-05,5.000000000e+00,2.840679115e+00,6.813593103e-01,-2.159320885e-02
2.940000000e-05,5.000000000e+00,2.841758506e+00,6.835180904e-01,-2.158241495e-02
2.950000000e-05,5.000000000e+00,2.842837356e+00,6.856757914e-01,-2.157162644e-02
2.960000000e-05,5.000000000e+00,2.843915668e+00,6.878324138e-01,-2.156084333e-02
2.970000000e-05,5.000000000e+00,2.844993440e+00,6.899879581e-01,-2.155006560e-02
2.980000000e-05,5.000000000e+00,2.846070674e+00,6.921424250e-01,-2.153929327e-02
2.990000000e-05,5.000000000e+00,2.847147369e+00,6.942958148e-01,-2.152852631e-02
3.000000000e-05,5.000000000e+00,2.848223526e+00,6.964481283e-01,-2.151776474e-02
3.010000000e-05,5.000000000e+00,2.849299145e+00,6.985993658e-01,-2.150700855e-02
3.020000000e-05,5.000000000e+00,2.850374226e+00,7.007495281e-01,-2.149625774e-02
3.030000000e-05,5.000000000e+00,2.851448770e+00,7.028986155e-01,-2.148551230e-02
3.040000000e-05,5.000000000e+00,2.852522777e+00,7.050466286e-01,-2.147477223e-02
3.050000000e-05,5.000000000e+00,2.853596247e+00,7.071935680e-01,-2.146403753e-02
3.060000000e-05,5.000000000e+00,2.854669181e+00,7.093394342e-01,-2.145330820e-02
3.070000000e-05,5.000000000e+00,2.855741578e+00,7.114842277e-01,-2.144258423e-02
3.080000000e-05,5.000000000e+00,2.856813439e+00,7.136279491e-01,-2.143186562e-02
3.090000000e-05,5.000000000e+00,2.857884764e+00,7.157705989e-01,-2.142115237e-02
3.100000000e-05,5.000000000e+00,2.858955553e+00,7.179121776e-01,-2.141044447e-02
3.110000000e-05,5.000000000e+00,2.860025808e+00,7.200526859e-01,-2.139974193e-02
3.120000000e-05,5.000000000e+00,2.861095527e+00,7.221921241e-01,-2.138904473e-02
3.130000000e-05,5.000000000e+00,2.862164712e+00,7.243304929e-01,-2.137835289e-02
3.140000000e-05,5.000000000e+00,2.863233362e+00,7.264677928e-01,-2.136766638e-02
3.150000000e-05,5.000000000e+00,2.864301478e+00,7.286040243e-01,-2.135698522e-02
3.160000000e-05,5.000000000e+00,2.865369060e+00,7.307391879e-01,-2.134630940e-02
3.170000000e-05,5.000000000e+00,2.866436109e+00,7.328732842e-01,-2.133563892e-02
3.180000000e-05,5.000000000e+00,2.867502624e+00,7.350063138e-01,-2.132497377e-02
3.190000000e-05,5.000000000e+00,2.868568606e+00,7.371382771e-01,-2.131431395e-02
3.200000000e-05,5.000000000e+00,2.869634055e+00,7.392691746e-01,-2.130365946e-02
3.210000000e-05,5.000000000e+00,2.870698971e+00,7.413990070e-01,-2.129301029e-02
3.220000000e-05,5.000000000e+00,2.871763355e+00,7.435277748e-01,-2.128236645e-02
3.230000000e-05,5.000000000e+00,2.872827207e+00,7.456554784e-01,-2.127172793e-02
3.240000000e-05,5.000000000e+00,2.873890528e+00,7.477821185e-01,-2.126109473e-02
3.250000000e-05,5.000000000e+00,2.874953316e+00,7.499076955e-01,-2.125046684e-02
3.260000000e-05,5.000000000e+00,2.876015574e+00,7.520322099e-01,-2.123984427e-02
3.270000000e-05,5.000000000e+00,2.877077300e+00,7.541556624e-01,-2.122922700e-02
3.280000000e-05,5.000000000e+00,2.878138496e+00,7.562780534e-01,-2.121861504e-02
3.290000000e-05,5.000000000e+00,2.879199161e+00,7.583993835e-01,-2.120800839e-02
3.300000000e-05,5.000000000e+00,2.880259297e+00,7.605196532e-01,-2.119740704e-02
3.310000000e-05,5.000000000e+00,2.881318902e+00,7.626388630e-01,-2.118681099e-02
3.320000000e-05,5.000000000e+00,2.882377977e+00,7.647570135e-01,-2.117622023e-02
3.330000000e-05,5.000000000e+00,2.883436523e+00,7.668741052e-01,-2.116563477e-02
3.340000000e-05,5.000000000e+00,2.884494540e+00,7.689901386e-01,-2.115505460e-02
3.350000000e-05,5.000000000e+00,2.885552028e+00,7.711051142e-01,-2.114447972e-02
3.360000000e-05,5.000000000e+00,2.886608988e+00,7.732190326e-01,-2.113391013e-02
3.370000000e-05,5.000000000e+00,2.887665419e+00,7.753318943e-01,-2.112334582e-02
3.380000000e-05,5.000000000e+00,2.888721322e+00,7.774436999e-01,-2.111278679e-02
3.390000000e-05,5.000000000e+00,2.889776697e+00,7.795544498e-01,-2.110223303e-02
3.400000000e-05,5.000000000e+00,2.890831545e+00,7.816641446e-01,-2.109168456e-02
3.410000000e-05,5.000000000e+00,2.891885865e+00,7.837727848e-01,-2.108114135e-02
3.420000000e-05,5.000000000e+00,2.892939659e+00,7.858803710e-01,-2.107060342e-02
3.430000000e-05,5.000000000e+00,2.893992925e+00,7.879869036e-01,-2.106007075e-02
3.440000000e-05,5.000000000e+00,2.895045665e+00,7.900923832e-01,-2.104954335e-02
3.450000000e-05,5.000000000e+00,2.896097879e+00,7.921968104e-01,-2.103902121e-02
3.460000000e-05,5.000000000e+00,2.897149567e+00,7.943001856e-01,-2.102850434e-02
3.470000000e-05,5.000000000e+00,2.898200729e+00,7.964025094e-01,-2.101799271e-02
3.480000000e-05,5.000000000e+00,2.899251366e+00,7.985037822e-01,-2.100748635e-02
3.490000000e-05,5.000000000e+00,2.900301477e+00,8.006040047e-01,-2.099698523e-02
3.500000000e-05,5.000000000e+00,2.901351064e+00,8.027031774e-01,-2.098648937e-02
3.510000000e-05,5.000000000e+00,2.902400126e+00,8.048013007e-01,-2.097599875e-02
3.520000000e-05,5.000000000e+00,2.903448663e+00,8.068983753e-01,-2.096551337e-02
3.530000000e-05,5.000000000e+00,2.904496677e+00,8.089944015e-01,-2.095503324e-02
3.540000000e-05,5.000000000e+00,2.905544166e+00,8.110893800e-01,-2.094455834e-02
3.550000000e-05,5.000000000e+00,2.906591132e+00,8.131833113e-01,-2.093408868e-02
3.560000000e-05,5.000000000e+00,2.907637575e+00,8.152761959e-01,-2.092362426e-02
3.570000000e-05,5.000000000e+00,2.908683494e+00,8.173680343e-01,-2.091316506e-02
3.580000000e-05,5.000000000e+00,2.909728891e+00,8.194588270e-01,-2.090271110e-02
3.590000000e-05,5.000000000e+00,2.910773765e+00,8.215485746e-01,-2.089226236e-02
3.600000000e-05,5.000000000e+00,2.911818117e+00,8.236372776e-01,-2.088181884e-02
3.610000000e-05,5.000000000e+00,2.912861946e+00,8.257249365e-01,-2.087138054e-02
3.620000000e-05,5.000000000e+00,2.913905254e+00,8.278115519e-01,-2.086094746e-02
3.630000000e-05,5.000000000e+00,2.914948041e+00,8.298971242e-01,-2.085051960e-02
3.640000000e-05,5.000000000e+00,2.915990306e+00,8.319816539e-01,-2.084009695e-02
3.650000000e-05,5.000000000e+00,2.917032050e+00,8.340651417e-01,-2.082967951e-02
3.660000000e-05,5.000000000e+00,2.918073273e+00,8.361475879e-01,-2.081926727e-02
3.670000000e-05,5.000000000e+00,2.919113976e+00,8.382289933e-01,-2.080886024e-02
3.680000000e-05,5.000000000e+00,2.920154159e+00,8.403093581e-01,-2.079845842e-02
3.690000000e-05,5.000000000e+00,2.921193822e+00,8.423886831e-01,-2.078806179e-02
3.700000000e-05,5.000000000e+00,2.922232965e+00,8.444669686e-01,-2.077767036e-02
3.710000000e-05,5.000000000e+00,2.923271588e+00,8.465442153e-01,-2.076728412e-02
3.720000000e-05,5.000000000e+00,2.924309693e+00,8.486204236e-01,-2.075690308e-02
3.730000000e-05,5.000000000e+00,2.925347278e+00,8.506955940e-01,-2.074652722e-02
3.740000000e-05,5.000000000e+00,2.926384345e+00,8.527697272e-01,-2.073615655e-02
3.750000000e-05,5.000000000e+00,2.927420893e+00,8.548428235e-01,-2.072579107e-02
3.760000000e-05,5.000000000e+00,2.928456924e+00,8.569148835e-01,-2.071543077e-02
3.770000000e-05,5.000000000e+00,2.929492436e+00,8.589859078e-01,-2.070507564e-02
3.780000000e-05,5.000000000e+00,2.930527431e+00,8.610558968e-01,-2.069472570e-02
3.790000000e-05,5.000000000e+00,2.931561908e+00,8.631248511e-01,-2.068438092e-02
3.800000000e-05,5.000000000e+00,2.932595869e+00,8.651927711e-01,-2.067404132e-02
3.810000000e-05,5.000000000e+00,2.933629312e+00,8.672596575e-01,-2.066370689e-02
3.820000000e-05,5.000000000e+00,2.934662239e+00,8.693255106e-01,-2.065337762e-02
3.830000000e-05,5.000000000e+00,2.935694649e+00,8.713903311e-01,-2.064305351e-02
3.840000000e-05,5.000000000e+00,2.936726544e+00,8.734541195e-01,-2.063273457e-02
3.850000000e-05,5.000000000e+00,2.937757922e+00,8.755168762e-01,-2.062242078e-02
3.860000000e-05,5.000000000e+00,2.938788785e+00,8.775786018e-01,-2.061211215e-02
3.870000000e-05,5.000000000e+00,2.939819133e+00,8.796392968e-01,-2.060180867e-02
3.880000000e-05,5.000000000e+00,2.940848966e+00,8.816989617e-01,-2.059151035e-02
3.890000000e-05,5.000000000e+00,2.941878284e+00,8.837575970e-01,-2.058121717e-02
3.900000000e-05,5.000000000e+00,2.942907087e+00,8.858152033e-01,-2.057092913e-02
3.910000000e-05,5.000000000e+00,2.943935376e+00,8.878717810e-01,-2.056064624e-02
3.920000000e-05,5.000000000e+00,2.944963151e+00,8.899273307e-01,-2.055036849e-02
3.930000000e-05,5.000000000e+00,2.945990413e+00,8.919818528e-01,-2.054009588e-02
3.940000000e-05,5.000000000e+00,2.947017161e+00,8.940353480e-01,-2.052982840e-02
3.950000000e-05,5.000000000e+00,2.948043395e+00,8.960878167e-01,-2.051956605e-02
3.960000000e-05,5.000000000e+00,2.949069117e+00,8.981392594e-01,-2.050930884e-02
3.970000000e-05,5.000000000e+00,2.950094326e+00,9.001896766e-01,-2.049905675e-02
3.980000000e-05,5.000000000e+00,2.951119022e+00,9.022390689e-01,-2.048880978e-02
3.990000000e-05,5.000000000e+00,2.952143206e+00,9.042874367e-01,-2.047856794e-02
4.000000000e-05,5.000000000e+00,2.953166878e+00,9.063347806e-01,-2.046833122e-02
4.010000000e-05,5.000000000e+00,2.954190039e+00,9.083811011e-01,-2.045809962e-02
4.020000000e-05,5.000000000e+00,2.955212688e+00,9.104263987e-01,-2.044787312e-02
4.030000000e-05,5.000000000e+00,2.956234826e+00,9.124706739e-01,-2.043765175e-02
4.040000000e-05,5.000000000e+00,2.957256453e+00,9.145139272e-01,-2.042743548e-02
4.050000000e-05,5.000000000e+00,2.958277569e+00,9.165561592e-01,-2.041722431e-02
4.060000000e-05,5.000000000e+00,2.959298175e+00,9.185973703e-01,-2.040701826e-02
4.070000000e-05,5.000000000e+00,2.960318270e+00,9.206375610e-01,-2.039681730e-02
4.080000000e-05,5.000000000e+00,2.961337856e+00,9.226767319e-01,-2.038662144e-02
4.090000000e-05,5.000000000e+00,2.962356932e+00,9.247148835e-01,-2.037643068e-02
4.100000000e-05,5.000000000e+00,2.963375499e+00,9.267520162e-01,-2.036624502e-02
4.110000000e-05,5.000000000e+00,2.964393556e+00,9.287881306e-01,-2.035606444e-02
4.120000000e-05,5.000000000e+00,2.965411105e+00,9.308232273e-01,-2.034588896e-02
4.130000000e-05,5.000000000e+00,2.966428145e+00,9.328573066e-01,-2.033571856e-02
4.140000000e-05,5.000000000e+00,2.967444676e+00,9.348903692e-01,-2.032555324e-02
4.150000000e-05,5.000000000e+00,2.968460700e+00,9.369224154e-01,-2.031539301e-02
4.160000000e-05,5.000000000e+00,2.969476215e+00,9.389534459e-01,-2.030523785e-02
4.170000000e-05,5.000000000e+00,2.970491223e+00,9.409834612e-01,-2.029508777e-02
4.180000000e-05,5.000000000e+00,2.971505724e+00,9.430124617e-01,-2.028494277e-02
4.190000000e-05,5.000000000e+00,2.972519717e+00,9.450404479e-01,-2.027480284e-02
4.200000000e-05,5.000000000e+00,2.973533203e+00,9.470674204e-01,-2.026466797e-02
4.210000000e-05,5.000000000e+00,2.974546183e+00,9.490933797e-01,-2.025453817e-02
4.220000000e-05,5.000000000e+00,2.975558657e+00,9.511183262e-01,-2.024441344e-02
4.230000000e-05,5.000000000e+00,2.976570624e+00,9.531422606e-01,-2.023429376e-02
4.240000000e-05,5.000000000e+00,2.977582086e+00,9.551651832e-01,-2.022417915e-02
4.250000000e-05,5.000000000e+00,2.978593042e+00,9.571870946e-01,-2.021406959e-02
4.260000000e-05,5.000000000e+00,2.979603492e+00,9.592079953e-01,-2.020396508e-02
4.270000000e-05,5.000000000e+00,2.980613438e+00,9.612278858e-01,-2.019386563e-02
4.280000000e-05,5.000000000e+00,2.981622879e+00,9.632467666e-01,-2.018377122e-02
4.290000000e-05,5.000000000e+00,2.982631815e+00,9.652646382e-01,-2.017368186e-02
4.300000000e-05,5.000000000e+00,2.983640246e+00,9.672815011e-01,-2.016359754e-02
4.310000000e-05,5.000000000e+00,2.984648174e+00,9.692973559e-01,-2.015351827e-02
4.320000000e-05,5.000000000e+00,2.985655598e+00,9.713122030e-01,-2.014344403e-02
4.330000000e-05,5.000000000e+00,2.986662518e+00,9.733260429e-01,-2.013337483e-02
4.340000000e-05,5.000000000e+00,2.987668935e+00,9.753388761e-01,-2.012331066e-02
4.350000000e-05,5.000000000e+00,2.988674849e+00,9.773507032e-01,-2.011325152e-02
4.360000000e-05,5.000000000e+00,2.989680260e+00,9.793615246e-01,-2.010319741e-02
4.370000000e-05,5.000000000e+00,2.990685168e+00,9.813713409e-01,-2.009314833e-02
4.380000000e-05,5.000000000e+00,2.991689574e+00,9.833801525e-01,-2.008310426e-02
4.390000000e-05,5.000000000e+00,2.992693478e+00,9.853879600e-01,-2.007306522e-02
4.400000000e-05,5.000000000e+00,2.993696880e+00,9.873947638e-01,-2.006303120e-02
4.410000000e-05,5.000000000e+00,2.994699781e+00,9.894005644e-01,-2.005300220e-02
4.420000000e-05,5.000000000e+00,2.995702180e+00,9.914053624e-01,-2.004297821e-02
4.430000000e-05,5.000000000e+00,2.996704078e+00,9.934091582e-01,-2.003295922e-02
4.440000000e-05,5.000000000e+00,2.997705475e+00,9.954119524e-01,-2.002294525e-02
4.450000000e-05,5.000000000e+00,2.998706372e+00,9.974137455e-01,-2.001293628e-02
4.460000000e-05,5.000000000e+00,2.999706769e+00,9.994145379e-01,-2.000293232e-02
4.470000000e-05,5.000000000e+00,3.000706665e+00,1.001414330e+00,-1.999293335e-02
4.480000000e-05,5.000000000e+00,3.001706062e+00,1.003413123e+00,-1.998293939e-02
4.490000000e-05,5.000000000e+00,3.002704959e+00,1.005410916e+00,-1.997295042e-02
4.500000000e-05,5.000000000e+00,3.003703356e+00,1.007407711e+00,-1.996296644e-02
4.510000000e-05,5.000000000e+00,3.004701255e+00,1.009403508e+00,-1.995298746e-02
4.520000000e-05,5.000000000e+00,3.005698655e+00,1.011398307e+00,-1.994301346e-02
4.530000000e-05,5.000000000e+00,3.006695556e+00,1.013392109e+00,-1.993304445e-02
4.540000000e-05,5.000000000e+00,3.007691959e+00,1.015384914e+00,-1.992308042e-02
4.550000000e-05,5.000000000e+00,3.008687863e+00,1.017376723e+00,-1.991312137e-02
4.560000000e-05,5.000000000e+00,3.009683270e+00,1.019367536e+00,-1.990316730e-02
4.570000000e-05,5.000000000e+00,3.010678180e+00,1.021357355e+00,-1.989321821e-02
4.580000000e-05,5.000000000e+00,3.011672592e+00,1.023346178e+00,-1.988327409e-02
4.590000000e-05,5.000000000e+00,3.012666507e+00,1.025334008e+00,-1.987333494e-02
4.600000000e-05,5.000000000e+00,3.013659925e+00,1.027320843e+00,-1.986340076e-02
4.610000000e-05,5.000000000e+00,3.014652847e+00,1.029306686e+00,-1.985347154e-02
4.620000000e-05,5.000000000e+00,3.015645272e+00,1.031291536e+00,-1.984354729e-02
4.630000000e-05,5.000000000e+00,3.016637201e+00,1.033275394e+00,-1.983362800e-02
4.640000000e-05,5.000000000e+00,3.017628634e+00,1.035258260e+00,-1.982371366e-02
4.650000000e-05,5.000000000e+00,3.018619572e+00,1.037240135e+00,-1.981380429e-02
4.660000000e-05,5.000000000e+00,3.019610014e+00,1.039221019e+00,-1.980389986e-02
4.670000000e-05,5.000000000e+00,3.020599961e+00,1.041200913e+00,-1.979400039e-02
4.680000000e-05,5.000000000e+00,3.021589414e+00,1.043179817e+00,-1.978410587e-02
4.690000000e-05,5.000000000e+00,3.022578372e+00,1.045157732e+00,-1.977421629e-02
4.700000000e-05,5.000000000e+00,3.023566835e+00,1.047134659e+00,-1.976433165e-02
4.710000000e-05,5.000000000e+00,3.024554804e+00,1.049110597e+00,-1.975445196e-02
4.720000000e-05,5.000000000e+00,3.025542280e+00,1.051085547e+00,-1.974457721e-02
4.730000000e-05,5.000000000e+00,3.026529262e+00,1.053059510e+00,-1.973470739e-02
4.740000000e-05,5.000000000e+00,3.027515750e+00,1.055032487e+00,-1.972484250e-02
4.750000000e-05,5.000000000e+00,3.028501746e+00,1.057004477e+00,-1.971498255e-02
4.760000000e-05,5.000000000e+00,3.029487248e+00,1.058975482e+00,-1.970512752e-02
4.770000000e-05,5.000000000e+00,3.030472258e+00,1.060945501e+00,-1.969527743e-02
4.780000000e-05,5.000000000e+00,3.031456775e+00,1.062914535e+00,-1.968543225e-02
4.790000000e-05,5.000000000e+00,3.032440801e+00,1.064882586e+00,-1.967559200e-02
4.800000000e-05,5.000000000e+00,3.033424334e+00,1.066849652e+00,-1.966575666e-02
4.810000000e-05,5.000000000e+00,3.034407376e+00,1.068815735e+00,-1.965592624e-02
4.820000000e-05,5.000000000e+00,3.035389926e+00,1.070780836e+00,-1.964610074e-02
4.830000000e-05,5.000000000e+00,3.036371986e+00,1.072744954e+00,-1.963628015e-02
4.840000000e-05,5.000000000e+00,3.037353554e+00,1.074708090e+00,-1.962646446e-02
4.850000000e-05,5.000000000e+00,3.038334632e+00,1.076670245e+00,-1.961665369e-02
4.860000000e-05,5.000000000e+00,3.039315219e+00,1.078631419e+00,-1.960684781e-02
4.870000000e-05,5.000000000e+00,3.040295316e+00,1.080591613e+00,-1.959704684e-02
4.880000000e-05,5.000000000e+00,3.041274923e+00,1.082550826e+00,-1.958725077e-02
4.890000000e-05,5.000000000e+00,3.042254041e+00,1.084509061e+00,-1.957745960e-02
4.900000000e-05,5.000000000e+00,3.043232669e+00,1.086466317e+00,-1.956767332e-02
4.910000000e-05,5.000000000e+00,3.044210808e+00,1.088422594e+00,-1.955789193e-02
4.920000000e-05,5.000000000e+00,3.045188458e+00,1.090377893e+00,-1.954811543e-02
4.930000000e-05,5.000000000e+00,3.046165619e+00,1.092332215e+00,-1.953834382e-02
4.940000000e-05,5.000000000e+00,3.047142292e+00,1.094285560e+00,-1.952857709e-02
4.950000000e-05,5.000000000e+00,3.048118476e+00,1.096237929e+00,-1.951881524e-02
4.960000000e-05,5.000000000e+00,3.049094173e+00,1.098189321e+00,-1.950905828e-02
4.970000000e-05,5.000000000e+00,3.050069382e+00,1.100139739e+00,-1.949930619e-02
4.980000000e-05,5.000000000e+00,3.051044103e+00,1.102089181e+00,-1.948955897e-02
4.990000000e-05,5.000000000e+00,3.052018337e+00,1.104037649e+00,-1.947981663e-02
5.000000000e-05,5.000000000e+00,3.052992084e+00,1.105985143e+00,-1.947007916e-02
5.010000000e-05,5.000000000e+00,3.053965345e+00,1.107931663e+00,-1.946034656e-02
5.020000000e-05,5.000000000e+00,3.054938119e+00,1.109877210e+00,-1.945061882e-02
5.030000000e-05,5.000000000e+00,3.055910406e+00,1.111821785e+00,-1.944089594e-02
5.040000000e-05,5.000000000e+00,3.056882208e+00,1.113765388e+00,-1.943117793e-02
5.050000000e-05,5.000000000e+00,3.057853524e+00,1.115708019e+00,-1.942146477e-02
5.060000000e-05,5.000000000e+00,3.058824354e+00,1.117649679e+00,-1.941175647e-02
5.070000000e-05,5.000000000e+00,3.059794699e+00,1.119590368e+00,-1.940205302e-02
5.080000000e-05,5.000000000e+00,3.060764559e+00,1.121530088e+00,-1.939235442e-02
5.090000000e-05,5.000000000e+00,3.061733934e+00,1.123468837e+00,-1.938266067e-02
5.100000000e-05,5.000000000e+00,3.062702825e+00,1.125406618e+00,-1.937297176e-02
5.110000000e-05,5.000000000e+00,3.063671231e+00,1.127343430e+00,-1.936328770e-02
5.120000000e-05,5.000000000e+00,3.064639153e+00,1.129279274e+00,-1.935360848e-02
5.130000000e-05,5.000000000e+00,3.065606591e+00,1.131214150e+00,-1.934393409e-02
5.140000000e-05,5.000000000e+00,3.066573546e+00,1.133148059e+00,-1.933426455e-02
5.150000000e-05,5.000000000e+00,3.067540017e+00,1.135081001e+00,-1.932459983e-02
5.160000000e-05,5.000000000e+00,3.068506006e+00,1.137012977e+00,-1.931493995e-02
5.170000000e-05,5.000000000e+00,3.069471511e+00,1.138943987e+00,-1.930528490e-02
5.180000000e-05,5.000000000e+00,3.070436534e+00,1.140874032e+00,-1.929563467e-02
5.190000000e-05,5.000000000e+00,3.071401074e+00,1.142803113e+00,-1.928598927e-02
5.200000000e-05,5.000000000e+00,3.072365132e+00,1.144731229e+00,-1.927634868e-02
5.210000000e-05,5.000000000e+00,3.073328708e+00,1.146658381e+00,-1.926671292e-02
5.220000000e-05,5.000000000e+00,3.074291803e+00,1.148584569e+00,-1.925708197e-02
5.230000000e-05,5.000000000e+00,3.075254416e+00,1.150509795e+00,-1.924745584e-02
5.240000000e-05,5.000000000e+00,3.076216548e+00,1.152434059e+00,-1.923783452e-02
5.250000000e-05,5.000000000e+00,3.077178199e+00,1.154357360e+00,-1.922821801e-02
5.260000000e-05,5.000000000e+00,3.078139370e+00,1.156279701e+00,-1.921860631e-02
5.270000000e-05,5.000000000e+00,3.079100060e+00,1.158201080e+00,-1.920899941e-02
5.280000000e-05,5.000000000e+00,3.080060269e+00,1.160121499e+00,-1.919939731e-02
5.290000000e-05,5.000000000e+00,3.081019999e+00,1.162040958e+00,-1.918980002e-02
5.300000000e-05,5.000000000e+00,3.081979249e+00,1.163959457e+00,-1.918020752e-02
5.310000000e-05,5.000000000e+00,3.082938019e+00,1.165876998e+00,-1.917061981e-02
5.320000000e-05,5.000000000e+00,3.083896311e+00,1.167793579e+00,-1.916103690e-02
5.330000000e-05,5.000000000e+00,3.084854123e+00,1.169709203e+00,-1.915145878e-02
5.340000000e-05,5.000000000e+00,3.085811456e+00,1.171623869e+00,-1.914188544e-02
5.350000000e-05,5.000000000e+00,3.086768311e+00,1.173537579e+00,-1.913231690e-02
5.360000000e-05,5.000000000e+00,3.087724687e+00,1.175450331e+00,-1.912275313e-02
5.370000000e-05,5.000000000e+00,3.088680586e+00,1.177362127e+00,-1.911319415e-02
5.380000000e-05,5.000000000e+00,3.089636006e+00,1.179272968e+00,-1.910363994e-02
5.390000000e-05,5.000000000e+00,3.090590949e+00,1.181182854e+00,-1.909409051e-02
5.400000000e-05,5.000000000e+00,3.091545415e+00,1.183091785e+00,-1.908454585e-02
5.410000000e-05,5.000000000e+00,3.092499404e+00,1.184999761e+00,-1.907500597e-02
5.420000000e-05,5.000000000e+00,3.093452915e+00,1.186906784e+00,-1.906547085e-02
5.430000000e-05,5.000000000e+00,3.094405950e+00,1.188812854e+00,-1.905594050e-02
5.440000000e-05,5.000000000e+00,3.095358509e+00,1.190717970e+00,-1.904641492e-02
5.450000000e-05,5.000000000e+00,3.096310591e+00,1.192622135e+00,-1.903689409e-02
5.460000000e-05,5.000000000e+00,3.097262198e+00,1.194525348e+00,-1.902737803e-02
5.470000000e-05,5.000000000e+00,3.098213329e+00,1.196427609e+00,-1.901786672e-02
5.480000000e-05,5.000000000e+00,3.099163984e+00,1.198328919e+00,-1.900836016e-02
5.490000000e-05,5.000000000e+00,3.100114164e+00,1.200229279e+00,-1.899885836e-02
5.500000000e-05,5.000000000e+00,3.101063870e+00,1.202128689e+00,-1.898936131e-02
5.510000000e-05,5.000000000e+00,3.102013100e+00,1.204027150e+00,-1.897986900e-02
5.520000000e-05,5.000000000e+00,3.102961856e+00,1.205924661e+00,-1.897038144e-02
5.530000000e-05,5.000000000e+00,3.103910138e+00,1.207821224e+00,-1.896089863e-02
5.540000000e-05,5.000000000e+00,3.104857946e+00,1.209716839e+00,-1.895142055e-02
5.550000000e-05,5.000000000e+00,3.105805280e+00,1.211611507e+00,-1.894194721e-02
5.560000000e-05,5.000000000e+00,3.106752140e+00,1.213505227e+00,-1.893247860e-02
5.570000000e-05,5.000000000e+00,3.107698527e+00,1.215398001e+00,-1.892301473e-02
5.580000000e-05,5.000000000e+00,3.108644441e+00,1.217289828e+00,-1.891355559e-02
5.590000000e-05,5.000000000e+00,3.109589882e+00,1.219180710e+00,-1.890410118e-02
5.600000000e-05,5.000000000e+00,3.110534851e+00,1.221070647e+00,-1.889465150e-02
5.610000000e-05,5.000000000e+00,3.111479347e+00,1.222959639e+00,-1.888520653e-02
5.620000000e-05,5.000000000e+00,3.112423371e+00,1.224847686e+00,-1.887576629e-02
5.630000000e-05,5.000000000e+00,3.113366923e+00,1.226734790e+00,-1.886633077e-02
5.640000000e-05,5.000000000e+00,3.114310004e+00,1.228620951e+00,-1.885689997e-02
5.650000000e-05,5.000000000e+00,3.115252613e+00,1.230506169e+00,-1.884747388e-02
5.660000000e-05,5.000000000e+00,3.116194751e+00,1.232390444e+00,-1.883805250e-02
5.670000000e-05,5.000000000e+00,3.117136418e+00,1.234273777e+00,-1.882863583e-02
5.680000000e-05,5.000000000e+00,3.118077614e+00,1.236156169e+00,-1.881922386e-02
5.690000000e-05,5.000000000e+00,3.119018340e+00,1.238037621e+00,-1.880981661e-02
5.700000000e-05,5.000000000e+00,3.119958595e+00,1.239918131e+00,-1.880041405e-02
5.710000000e-05,5.000000000e+00,3.120898381e+00,1.241797702e+00,-1.879101620e-02
5.720000000e-05,5.000000000e+00,3.121837697e+00,1.243676333e+00,-1.878162304e-02
5.730000000e-05,5.000000000e+00,3.122776543e+00,1.245554025e+00,-1.877223458e-02
5.740000000e-05,5.000000000e+00,3.123714920e+00,1.247430778e+00,-1.876285081e-02
5.750000000e-05,5.000000000e+00,3.124652828e+00,1.249306593e+00,-1.875347173e-02
5.760000000e-05,5.000000000e+00,3.125590267e+00,1.251181471e+00,-1.874409734e-02
5.770000000e-05,5.000000000e+00,3.126527237e+00,1.253055411e+00,-1.873472764e-02
5.780000000e-05,5.000000000e+00,3.127463739e+00,1.254928414e+00,-1.872536262e-02
5.790000000e-05,5.000000000e+00,3.128399773e+00,1.256800482e+00,-1.871600228e-02
5.800000000e-05,5.000000000e+00,3.129335339e+00,1.258671613e+00,-1.870664662e-02
5.810000000e-05,5.000000000e+00,3.130270437e+00,1.260541809e+00,-1.869729563e-02
5.820000000e-05,5.000000000e+00,3.131205068e+00,1.262411071e+00,-1.868794933e-02
5.830000000e-05,5.000000000e+00,3.132139232e+00,1.264279397e+00,-1.867860769e-02
5.840000000e-05,5.000000000e+00,3.133072928e+00,1.266146790e+00,-1.866927072e-02
5.850000000e-05,5.000000000e+00,3.134006158e+00,1.268013250e+00,-1.865993842e-02
5.860000000e-05,5.000000000e+00,3.134938922e+00,1.269878776e+00,-1.865061079e-02
5.870000000e-05,5.000000000e+00,3.135871219e+00,1.271743370e+00,-1.864128781e-02
5.880000000e-05,5.000000000e+00,3.136803050e+00,1.273607032e+00,-1.863196950e-02
5.890000000e-05,5.000000000e+00,3.137734416e+00,1.275469763e+00,-1.862265585e-02
5.900000000e-05,5.000000000e+00,3.138665315e+00,1.277331562e+00,-1.861334685e-02
5.910000000e-05,5.000000000e+00,3.139595750e+00,1.279192430e+00,-1.860404251e-02
5.920000000e-05,5.000000000e+00,3.140525719e+00,1.281052369e+00,-1.859474281e-02
5.930000000e-05,5.000000000e+00,3.141455224e+00,1.282911377e+00,-1.858544777e-02
5.940000000e-05,5.000000000e+00,3.142384264e+00,1.284769457e+00,-1.857615737e-02
5.950000000e-05,5.000000000e+00,3.143312839e+00,1.286626607e+00,-1.856687161e-02
5.960000000e-05,5.000000000e+00,3.144240951e+00,1.288482829e+00,-1.855759050e-02
5.970000000e-05,5.000000000e+00,3.145168598e+00,1.290338123e+00,-1.854831403e-02
5.980000000e-05,5.000000000e+00,3.146095782e+00,1.292192490e+00,-1.853904219e-02
5.990000000e-05,5.000000000e+00,3.147022502e+00,1.294045930e+00,-1.852977499e-02
6.000000000e-05,5.000000000e+00,3.147948759e+00,1.295898444e+00,-1.852051242e-02
6.010000000e-05,5.000000000e+00,3.148874553e+00,1.297750031e+00,-1.851125448e-02
6.020000000e-05,5.000000000e+00,3.149799884e+00,1.299600693e+00,-1.850200117e-02
6.030000000e-05,5.000000000e+00,3.150724752e+00,1.301450430e+00,-1.849275248e-02
6.040000000e-05,5.000000000e+00,3.151649159e+00,1.303299242e+00,-1.848350842e-02
6.050000000e-05,5.000000000e+00,3.152573103e+00,1.305147130e+00,-1.847426898e-02
6.060000000e-05,5.000000000e+00,3.153496585e+00,1.306994094e+00,-1.846503415e-02
6.070000000e-05,5.000000000e+00,3.154419606e+00,1.308840135e+00,-1.845580395e-02
6.080000000e-05,5.000000000e+00,3.155342165e+00,1.310685253e+00,-1.844657835e-02
6.090000000e-05,5.000000000e+00,3.156264263e+00,1.312529449e+00,-1.843735737e-02
6.100000000e-05,5.000000000e+00,3.157185901e+00,1.314372723e+00,-1.842814100e-02
6.110000000e-05,5.000000000e+00,3.158107077e+00,1.316215075e+00,-1.841892923e-02
6.120000000e-05,5.000000000e+00,3.159027793e+00,1.318056507e+00,-1.840972207e-02
6.130000000e-05,5.000000000e+00,3.159948049e+00,1.319897018e+00,-1.840051952e-02
6.140000000e-05,5.000000000e+00,3.160867845e+00,1.321736609e+00,-1.839132156e-02
6.150000000e-05,5.000000000e+00,3.161787181e+00,1.323575281e+00,-1.838212820e-02
6.160000000e-05,5.000000000e+00,3.162706057e+00,1.325413033e+00,-1.837293943e-02
6.170000000e-05,5.000000000e+00,3.163624474e+00,1.327249867e+00,-1.836375526e-02
6.180000000e-05,5.000000000e+00,3.164542432e+00,1.329085783e+00,-1.835457568e-02
6.190000000e-05,5.000000000e+00,3.165459931e+00,1.330920781e+00,-1.834540069e-02
6.200000000e-05,5.000000000e+00,3.166376972e+00,1.332754861e+00,-1.833623028e-02
6.210000000e-05,5.000000000e+00,3.167293554e+00,1.334588025e+00,-1.832706446e-02
6.220000000e-05,5.000000000e+00,3.168209678e+00,1.336420272e+00,-1.831790322e-02
6.230000000e-05,5.000000000e+00,3.169125344e+00,1.338251604e+00,-1.830874656e-02
6.240000000e-05,5.000000000e+00,3.170040552e+00,1.340082020e+00,-1.829959448e-02
6.250000000e-05,5.000000000e+00,3.170955303e+00,1.341911521e+00,-1.829044697e-02
6.260000000e-05,5.000000000e+00,3.171869597e+00,1.343740108e+00,-1.828130404e-02
6.270000000e-05,5.000000000e+00,3.172783433e+00,1.345567780e+00,-1.827216567e-02
6.280000000e-05,5.000000000e+00,3.173696813e+00,1.347394539e+00,-1.826303188e-02
6.290000000e-05,5.000000000e+00,3.174609736e+00,1.349220385e+00,-1.825390264e-02
6.300000000e-05,5.000000000e+00,3.175522203e+00,1.351045318e+00,-1.824477798e-02
6.310000000e-05,5.000000000e+00,3.176434214e+00,1.352869339e+00,-1.823565787e-02
6.320000000e-05,5.000000000e+00,3.177345768e+00,1.354692448e+00,-1.822654232e-02
6.330000000e-05,5.000000000e+00,3.178256867e+00,1.356514646e+00,-1.821743133e-02
6.340000000e-05,5.000000000e+00,3.179167511e+00,1.358335933e+00,-1.820832489e-02
6.350000000e-05,5.000000000e+00,3.180077699e+00,1.360156309e+00,-1.819922301e-02
6.360000000e-05,5.000000000e+00,3.180987433e+00,1.361975776e+00,-1.819012568e-02
6.370000000e-05,5.000000000e+00,3.181896712e+00,1.363794333e+00,-1.818103289e-02
6.380000000e-05,5.000000000e+00,3.182805536e+00,1.365611981e+00,-1.817194465e-02
6.390000000e-05,5.000000000e+00,3.183713906e+00,1.367428720e+00,-1.816286095e-02
6.400000000e-05,5.000000000e+00,3.184621822e+00,1.369244551e+00,-1.815378179e-02
6.410000000e-05,5.000000000e+00,3.185529284e+00,1.371059475e+00,-1.814470717e-02
6.420000000e-05,5.000000000e+00,3.186436292e+00,1.372873491e+00,-1.813563709e-02
6.430000000e-05,5.000000000e+00,3.187342847e+00,1.374686601e+00,-1.812657154e-02
6.440000000e-05,5.000000000e+00,3.188248949e+00,1.376498804e+00,-1.811751052e-02
6.450000000e-05,5.000000000e+00,3.189154598e+00,1.378310101e+00,-1.810845403e-02
6.460000000e-05,5.000000000e+00,3.190059794e+00,1.380120493e+00,-1.809940207e-02
6.470000000e-05,5.000000000e+00,3.190964538e+00,1.381929980e+00,-1.809035463e-02
6.480000000e-05,5.000000000e+00,3.191868829e+00,1.383738562e+00,-1.808131172e-02
6.490000000e-05,5.000000000e+00,3.192772668e+00,1.385546241e+00,-1.807227332e-02
6.500000000e-05,5.000000000e+00,3.193676056e+00,1.387353015e+00,-1.806323945e-02
6.510000000e-05,5.000000000e+00,3.194578992e+00,1.389158887e+00,-1.805421009e-02
6.520000000e-05,5.000000000e+00,3.195481477e+00,1.390963856e+00,-1.804518524e-02
6.530000000e-05,5.000000000e+00,3.196383510e+00,1.392767922e+00,-1.803616490e-02
6.540000000e-05,5.000000000e+00,3.197285093e+00,1.394571087e+00,-1.802714908e-02
6.550000000e-05,5.000000000e+00,3.198186225e+00,1.396373350e+00,-1.801813776e-02
6.560000000e-05,5.000000000e+00,3.199086906e+00,1.398174713e+00,-1.800913094e-02
6.570000000e-05,5.000000000e+00,3.199987137e+00,1.399975175e+00,-1.800012863e-02
6.580000000e-05,5.000000000e+00,3.200886919e+00,1.401774737e+00,-1.799113082e-02
6.590000000e-05,5.000000000e+00,3.201786250e+00,1.403573400e+00,-1.798213750e-02
6.600000000e-05,5.000000000e+00,3.202685132e+00,1.405371163e+00,-1.797314868e-02
6.610000000e-05,5.000000000e+00,3.203583565e+00,1.407168028e+00,-1.796416436e-02
6.620000000e-05,5.000000000e+00,3.204481548e+00,1.408963994e+00,-1.795518452e-02
6.630000000e-05,5.000000000e+00,3.205379083e+00,1.410759063e+00,-1.794620918e-02
6.640000000e-05,5.000000000e+00,3.206276169e+00,1.412553234e+00,-1.793723832e-02
6.650000000e-05,5.000000000e+00,3.207172806e+00,1.414346509e+00,-1.792827194e-02
6.660000000e-05,5.000000000e+00,3.208068995e+00,1.416138887e+00,-1.791931005e-02
6.670000000e-05,5.000000000e+00,3.208964737e+00,1.417930369e+00,-1.791035264e-02
6.680000000e-05,5.000000000e+00,3.209860030e+00,1.419720956e+00,-1.790139970e-02
6.690000000e-05,5.000000000e+00,3.210754876e+00,1.421510648e+00,-1.789245124e-02
6.700000000e-05,5.000000000e+00,3.211649275e+00,1.423299445e+00,-1.788350725e-02
6.710000000e-05,5.000000000e+00,3.212543227e+00,1.425087348e+00,-1.787456774e-02
6.720000000e-05,5.000000000e+00,3.213436732e+00,1.426874357e+00,-1.786563269e-02
6.730000000e-05,5.000000000e+00,3.214329790e+00,1.428660473e+00,-1.785670211e-02
6.740000000e-05,5.000000000e+00,3.215222401e+00,1.430445696e+00,-1.784777599e-02
6.750000000e-05,5.000000000e+00,3.216114567e+00,1.432230026e+00,-1.783885434e-02
6.760000000e-05,5.000000000e+00,3.217006287e+00,1.434013465e+00,-1.782993714e-02
6.770000000e-05,5.000000000e+00,3.217897560e+00,1.435796012e+00,-1.782102440e-02
6.780000000e-05,5.000000000e+00,3.218788389e+00,1.437577668e+00,-1.781211612e-02
6.790000000e-05,5.000000000e+00,3.219678772e+00,1.439358434e+00,-1.780321229e-02
6.800000000e-05,5.000000000e+00,3.220568709e+00,1.441138309e+00,-1.779431291e-02
6.810000000e-05,5.000000000e+00,3.221458203e+00,1.442917295e+00,-1.778541798e-02
6.820000000e-05,5.000000000e+00,3.222347251e+00,1.444695391e+00,-1.777652750e-02
6.830000000e-05,5.000000000e+00,3.223235855e+00,1.446472599e+00,-1.776764146e-02
6.840000000e-05,5.000000000e+00,3.224124015e+00,1.448248918e+00,-1.775875986e-02
6.850000000e-05,5.000000000e+00,3.225011731e+00,1.450024349e+00,-1.774988270e-02
6.860000000e-05,5.000000000e+00,3.225899003e+00,1.451798893e+00,-1.774100998e-02
6.870000000e-05,5.000000000e+00,3.226785831e+00,1.453572549e+00,-1.773214169e-02
6.880000000e-05,5.000000000e+00,3.227672216e+00,1.455345319e+00,-1.772327784e-02
6.890000000e-05,5.000000000e+00,3.228558159e+00,1.457117203e+00,-1.771441842e-02
6.900000000e-05,5.000000000e+00,3.229443658e+00,1.458888201e+00,-1.770556343e-02
6.910000000e-05,5.000000000e+00,3.230328715e+00,1.460658314e+00,-1.769671286e-02
6.920000000e-05,5.000000000e+00,3.231213329e+00,1.462427542e+00,-1.768786672e-02
6.930000000e-05,5.000000000e+00,3.232097501e+00,1.464195886e+00,-1.767902500e-02
6.940000000e-05,5.000000000e+00,3.232981231e+00,1.465963346e+00,-1.767018769e-02
6.950000000e-05,5.000000000e+00,3.233864519e+00,1.467729922e+00,-1.766135481e-02
6.960000000e-05,5.000000000e+00,3.234747366e+00,1.469495615e+00,-1.765252634e-02
6.970000000e-05,5.000000000e+00,3.235629772e+00,1.471260426e+00,-1.764370229e-02
6.980000000e-05,5.000000000e+00,3.236511736e+00,1.473024354e+00,-1.763488264e-02
6.990000000e-05,5.000000000e+00,3.237393260e+00,1.474787401e+00,-1.762606741e-02
7.000000000e-05,5.000000000e+00,3.238274342e+00,1.476549566e+00,-1.761725658e-02
7.010000000e-05,5.000000000e+00,3.239154985e+00,1.478310850e+00,-1.760845016e-02
7.020000000e-05,5.000000000e+00,3.240035187e+00,1.480071254e+00,-1.759964813e-02
7.030000000e-05,5.000000000e+00,3.240914949e+00,1.481830778e+00,-1.759085051e-02
7.040000000e-05,5.000000000e+00,3.241794272e+00,1.483589423e+00,-1.758205729e-02
7.050000000e-05,5.000000000e+00,3.242673155e+00,1.485347188e+00,-1.757326846e-02
7.060000000e-05,5.000000000e+00,3.243551598e+00,1.487104075e+00,-1.756448402e-02
7.070000000e-05,5.000000000e+00,3.244429603e+00,1.488860084e+00,-1.755570398e-02
7.080000000e-05,5.000000000e+00,3.245307168e+00,1.490615214e+00,-1.754692832e-02
7.090000000e-05,5.000000000e+00,3.246184295e+00,1.492369468e+00,-1.753815705e-02
7.100000000e-05,5.000000000e+00,3.247060984e+00,1.494122844e+00,-1.752939017e-02
7.110000000e-05,5.000000000e+00,3.247937234e+00,1.495875344e+00,-1.752062767e-02
7.120000000e-05,5.000000000e+00,3.248813046e+00,1.497626968e+00,-1.751186954e-02
7.130000000e-05,5.000000000e+00,3.249688421e+00,1.499377716e+00,-1.750311580e-02
7.140000000e-05,5.000000000e+00,3.250563357e+00,1.501127590e+00,-1.749436643e-02
7.150000000e-05,5.000000000e+00,3.251437857e+00,1.502876588e+00,-1.748562144e-02
7.160000000e-05,5.000000000e+00,3.252311919e+00,1.504624712e+00,-1.747688081e-02
7.170000000e-05,5.000000000e+00,3.253185545e+00,1.506371963e+00,-1.746814456e-02
7.180000000e-05,5.000000000e+00,3.254058733e+00,1.508118340e+00,-1.745941267e-02
7.190000000e-05,5.000000000e+00,3.254931485e+00,1.509863844e+00,-1.745068515e-02
7.200000000e-05,5.000000000e+00,3.255803801e+00,1.511608475e+00,-1.744196199e-02
7.210000000e-05,5.000000000e+00,3.256675681e+00,1.513352235e+00,-1.743324319e-02
7.220000000e-05,5.000000000e+00,3.257547125e+00,1.515095122e+00,-1.742452875e-02
7.230000000e-05,5.000000000e+00,3.258418134e+00,1.516837139e+00,-1.741581867e-02
7.240000000e-05,5.000000000e+00,3.259288707e+00,1.518578284e+00,-1.740711294e-02
7.250000000e-05,5.000000000e+00,3.260158845e+00,1.520318560e+00,-1.739841156e-02
7.260000000e-05,5.000000000e+00,3.261028548e+00,1.522057965e+00,-1.738971453e-02
7.270000000e-05,5.000000000e+00,3.261897816e+00,1.523796501e+00,-1.738102185e-02
7.280000000e-05,5.000000000e+00,3.262766650e+00,1.525534168e+00,-1.737233351e-02
7.290000000e-05,5.000000000e+00,3.263635049e+00,1.527270966e+00,-1.736364952e-02
7.300000000e-05,5.000000000e+00,3.264503014e+00,1.529006896e+00,-1.735496986e-02
7.310000000e-05,5.000000000e+00,3.265370546e+00,1.530741959e+00,-1.734629455e-02
7.320000000e-05,5.000000000e+00,3.266237643e+00,1.532476154e+00,-1.733762357e-02
7.330000000e-05,5.000000000e+00,3.267104308e+00,1.534209482e+00,-1.732895693e-02
7.340000000e-05,5.000000000e+00,3.267970539e+00,1.535941944e+00,-1.732029462e-02
7.350000000e-05,5.000000000e+00,3.268836337e+00,1.537673539e+00,-1.731163664e-02
7.360000000e-05,5.000000000e+00,3.269701702e+00,1.539404269e+00,-1.730298299e-02
7.370000000e-05,5.000000000e+00,3.270566635e+00,1.541134134e+00,-1.729433366e-02
7.380000000e-05,5.000000000e+00,3.271431135e+00,1.542863135e+00,-1.728568866e-02
7.390000000e-05,5.000000000e+00,3.272295203e+00,1.544591270e+00,-1.727704797e-02
7.400000000e-05,5.000000000e+00,3.273158839e+00,1.546318543e+00,-1.726841161e-02
7.410000000e-05,5.000000000e+00,3.274022044e+00,1.548044951e+00,-1.725977957e-02
7.420000000e-05,5.000000000e+00,3.274884817e+00,1.549770497e+00,-1.725115183e-02
7.430000000e-05,5.000000000e+00,3.275747159e+00,1.551495180e+00,-1.724252842e-02
7.440000000e-05,5.000000000e+00,3.276609070e+00,1.553219001e+00,-1.723390931e-02
7.450000000e-05,5.000000000e+00,3.277470549e+00,1.554941960e+00,-1.722529451e-02
7.460000000e-05,5.000000000e+00,3.278331599e+00,1.556664058e+00,-1.721668402e-02
7.470000000e-05,5.000000000e+00,3.279192217e+00,1.558385296e+00,-1.720807783e-02
7.480000000e-05,5.000000000e+00,3.280052406e+00,1.560105672e+00,-1.719947594e-02
7.490000000e-05,5.000000000e+00,3.280912165e+00,1.561825189e+00,-1.719087836e-02
7.500000000e-05,5.000000000e+00,3.281771494e+00,1.563543847e+00,-1.718228507e-02
7.510000000e-05,5.000000000e+00,3.282630393e+00,1.565261645e+00,-1.717369608e-02
7.520000000e-05,5.000000000e+00,3.283488863e+00,1.566978584e+00,-1.716511138e-02
7.530000000e-05,5.000000000e+00,3.284346904e+00,1.568694665e+00,-1.715653097e-02
7.540000000e-05,5.000000000e+00,3.285204516e+00,1.570409889e+00,-1.714795485e-02
7.550000000e-05,5.000000000e+00,3.286061699e+00,1.572124255e+00,-1.713938302e-02
7.560000000e-05,5.000000000e+00,3.286918454e+00,1.573837764e+00,-1.713081547e-02
7.570000000e-05,5.000000000e+00,3.287774780e+00,1.575550416e+00,-1.712225220e-02
7.580000000e-05,5.000000000e+00,3.288630678e+00,1.577262213e+00,-1.711369322e-02
7.590000000e-05,5.000000000e+00,3.289486149e+00,1.578973154e+00,-1.710513852e-02
7.600000000e-05,5.000000000e+00,3.290341192e+00,1.580683239e+00,-1.709658809e-02
7.610000000e-05,5.000000000e+00,3.291195807e+00,1.582392470e+00,-1.708804193e-02
7.620000000e-05,5.000000000e+00,3.292049996e+00,1.584100846e+00,-1.707950005e-02
7.630000000e-05,5.000000000e+00,3.292903757e+00,1.585808368e+00,-1.707096243e-02
7.640000000e-05,5.000000000e+00,3.293757092e+00,1.587515037e+00,-1.706242909e-02
7.650000000e-05,5.000000000e+00,3.294610000e+00,1.589220852e+00,-1.705390001e-02
7.660000000e-05,5.000000000e+00,3.295462481e+00,1.590925815e+00,-1.704537519e-02
7.670000000e-05,5.000000000e+00,3.296314537e+00,1.592629926e+00,-1.703685464e-02
7.680000000e-05,5.000000000e+00,3.297166166e+00,1.594333185e+00,-1.702833834e-02
7.690000000e-05,5.000000000e+00,3.298017370e+00,1.596035592e+00,-1.701982630e-02
7.700000000e-05,5.000000000e+00,3.298868149e+00,1.597737148e+00,-1.701131852e-02
7.710000000e-05,5.000000000e+00,3.299718502e+00,1.599437854e+00,-1.700281499e-02
7.720000000e-05,5.000000000e+00,3.300568430e+00,1.601137710e+00,-1.699431571e-02
7.730000000e-05,5.000000000e+00,3.301417933e+00,1.602836716e+00,-1.698582067e-02
7.740000000e-05,5.000000000e+00,3.302267012e+00,1.604534873e+00,-1.697732989e-02
7.750000000e-05,5.000000000e+00,3.303115666e+00,1.606232180e+00,-1.696884335e-02
7.760000000e-05,5.000000000e+00,3.303963896e+00,1.607928640e+00,-1.696036105e-02
7.770000000e-05,5.000000000e+00,3.304811702e+00,1.609624251e+00,-1.695188299e-02
7.780000000e-05,5.000000000e+00,3.305659084e+00,1.611319015e+00,-1.694340917e-02
7.790000000e-05,5.000000000e+00,3.306506042e+00,1.613012931e+00,-1.693493958e-02
7.800000000e-05,5.000000000e+00,3.307352577e+00,1.614706001e+00,-1.692647423e-02
7.810000000e-05,5.000000000e+00,3.308198689e+00,1.616398225e+00,-1.691801311e-02
7.820000000e-05,5.000000000e+00,3.309044378e+00,1.618089602e+00,-1.690955622e-02
7.830000000e-05,5.000000000e+00,3.309889644e+00,1.619780134e+00,-1.690110356e-02
7.840000000e-05,5.000000000e+00,3.310734488e+00,1.621469821e+00,-1.689265512e-02
7.850000000e-05,5.000000000e+00,3.311578910e+00,1.623158664e+00,-1.688421091e-02
7.860000000e-05,5.000000000e+00,3.312422909e+00,1.624846662e+00,-1.687577092e-02
7.870000000e-05,5.000000000e+00,3.313266486e+00,1.626533817e+00,-1.686733514e-02
7.880000000e-05,5.000000000e+00,3.314109642e+00,1.628220128e+00,-1.685890358e-02
7.890000000e-05,5.000000000e+00,3.314952376e+00,1.629905596e+00,-1.685047624e-02
7.900000000e-05,5.000000000e+00,3.315794689e+00,1.631590221e+00,-1.684205311e-02
7.910000000e-05,5.000000000e+00,3.316636581e+00,1.633274005e+00,-1.683363419e-02
7.920000000e-05,5.000000000e+00,3.317478053e+00,1.634956947e+00,-1.682521948e-02
7.930000000e-05,5.000000000e+00,3.318319103e+00,1.636639047e+00,-1.681680897e-02
7.940000000e-05,5.000000000e+00,3.319159733e+00,1.638320307e+00,-1.680840267e-02
7.950000000e-05,5.000000000e+00,3.319999943e+00,1.640000726e+00,-1.680000058e-02
7.960000000e-05,5.000000000e+00,3.320839733e+00,1.641680306e+00,-1.679160268e-02
7.970000000e-05,5.000000000e+00,3.321679103e+00,1.643359045e+00,-1.678320898e-02
7.980000000e-05,5.000000000e+00,3.322518053e+00,1.645036946e+00,-1.677481947e-02
7.990000000e-05,5.000000000e+00,3.323356585e+00,1.646714008e+00,-1.676643416e-02
8.000000000e-05,5.000000000e+00,3.324194696e+00,1.648390231e+00,-1.675805304e-02
8.010000000e-05,5.000000000e+00,3.325032389e+00,1.650065617e+00,-1.674967611e-02
8.020000000e-05,5.000000000e+00,3.325869664e+00,1.651740165e+00,-1.674130337e-02
8.030000000e-05,5.000000000e+00,3.326706519e+00,1.653413876e+00,-1.673293481e-02
8.040000000e-05,5.000000000e+00,3.327542957e+00,1.655086750e+00,-1.672457044e-02
8.050000000e-05,5.000000000e+00,3.328378976e+00,1.656758789e+00,-1.671621024e-02
8.060000000e-05,5.000000000e+00,3.329214578e+00,1.658429991e+00,-1.670785423e-02
8.070000000e-05,5.000000000e+00,3.330049761e+00,1.660100358e+00,-1.669950239e-02
8.080000000e-05,5.000000000e+00,3.330884528e+00,1.661769890e+00,-1.669115473e-02
8.090000000e-05,5.000000000e+00,3.331718876e+00,1.663438587e+00,-1.668281124e-02
8.100000000e-05,5.000000000e+00,3.332552808e+00,1.665106451e+00,-1.667447192e-02
8.110000000e-05,5.000000000e+00,3.333386323e+00,1.666773480e+00,-1.666613677e-02
8.120000000e-05,5.000000000e+00,3.334219422e+00,1.668439677e+00,-1.665780579e-02
8.130000000e-05,5.000000000e+00,3.335052104e+00,1.670105040e+00,-1.664947897e-02
8.140000000e-05,5.000000000e+00,3.335884369e+00,1.671769571e+00,-1.664115631e-02
8.150000000e-05,5.000000000e+00,3.336716219e+00,1.673433270e+00,-1.663283782e-02
8.160000000e-05,5.000000000e+00,3.337547653e+00,1.675096137e+00,-1.662452348e-02
8.170000000e-05,5.000000000e+00,3.338378671e+00,1.676758173e+00,-1.661621330e-02
8.180000000e-05,5.000000000e+00,3.339209274e+00,1.678419378e+00,-1.660790727e-02
8.190000000e-05,5.000000000e+00,3.340039461e+00,1.680079753e+00,-1.659960539e-02
8.200000000e-05,5.000000000e+00,3.340869234e+00,1.681739298e+00,-1.659130767e-02
8.210000000e-05,5.000000000e+00,3.341698592e+00,1.683398013e+00,-1.658301409e-02
8.220000000e-05,5.000000000e+00,3.342527535e+00,1.685055899e+00,-1.657472466e-02
8.230000000e-05,5.000000000e+00,3.343356064e+00,1.686712956e+00,-1.656643937e-02
8.240000000e-05,5.000000000e+00,3.344184179e+00,1.688369185e+00,-1.655815822e-02
8.250000000e-05,5.000000000e+00,3.345011879e+00,1.690024586e+00,-1.654988121e-02
8.260000000e-05,5.000000000e+00,3.345839166e+00,1.691679160e+00,-1.654160834e-02
8.270000000e-05,5.000000000e+00,3.346666040e+00,1.693332907e+00,-1.653333961e-02
8.280000000e-05,5.000000000e+00,3.347492500e+00,1.694985827e+00,-1.652507501e-02
8.290000000e-05,5.000000000e+00,3.348318547e+00,1.696637920e+00,-1.651681454e-02
8.300000000e-05,5.000000000e+00,3.349144181e+00,1.698289188e+00,-1.650855819e-02
8.310000000e-05,5.000000000e+00,3.349969402e+00,1.699939630e+00,-1.650030598e-02
8.320000000e-05,5.000000000e+00,3.350794211e+00,1.701589248e+00,-1.649205789e-02
8.330000000e-05,5.000000000e+00,3.351618608e+00,1.703238040e+00,-1.648381393e-02
8.340000000e-05,5.000000000e+00,3.352442592e+00,1.704886009e+00,-1.647557408e-02
8.350000000e-05,5.000000000e+00,3.353266165e+00,1.706533154e+00,-1.646733835e-02
8.360000000e-05,5.000000000e+00,3.354089326e+00,1.708179475e+00,-1.645910675e-02
8.370000000e-05,5.000000000e+00,3.354912075e+00,1.709824974e+00,-1.645087925e-02
8.380000000e-05,5.000000000e+00,3.355734414e+00,1.711469650e+00,-1.644265587e-02
8.390000000e-05,5.000000000e+00,3.356556341e+00,1.713113503e+00,-1.643443660e-02
8.400000000e-05,5.000000000e+00,3.357377857e+00,1.714756535e+00,-1.642622144e-02
8.410000000e-05,5.000000000e+00,3.358198962e+00,1.716398746e+00,-1.641801038e-02
8.420000000e-05,5.000000000e+00,3.359019658e+00,1.718040136e+00,-1.640980343e-02
8.430000000e-05,5.000000000e+00,3.359839942e+00,1.719680705e+00,-1.640160058e-02
8.440000000e-05,5.000000000e+00,3.360659817e+00,1.721320455e+00,-1.639340183e-02
8.450000000e-05,5.000000000e+00,3.361479282e+00,1.722959384e+00,-1.638520718e-02
8.460000000e-05,5.000000000e+00,3.362298338e+00,1.724597495e+00,-1.637701663e-02
8.470000000e-05,5.000000000e+00,3.363116984e+00,1.726234786e+00,-1.636883017e-02
8.480000000e-05,5.000000000e+00,3.363935220e+00,1.727871259e+00,-1.636064780e-02
8.490000000e-05,5.000000000e+00,3.364753048e+00,1.729506914e+00,-1.635246952e-02
8.500000000e-05,5.000000000e+00,3.365570467e+00,1.731141752e+00,-1.634429533e-02
8.510000000e-05,5.000000000e+00,3.366387477e+00,1.732775772e+00,-1.633612523e-02
8.520000000e-05,5.000000000e+00,3.367204079e+00,1.734408975e+00,-1.632795921e-02
8.530000000e-05,5.000000000e+00,3.368020273e+00,1.736041362e+00,-1.631979728e-02
8.540000000e-05,5.000000000e+00,3.368836059e+00,1.737672933e+00,-1.631163942e-02
8.550000000e-05,5.000000000e+00,3.369651437e+00,1.739303689e+00,-1.630348564e-02
8.560000000e-05,5.000000000e+00,3.370466407e+00,1.740933629e+00,-1.629533594e-02
8.570000000e-05,5.000000000e+00,3.371280970e+00,1.742562754e+00,-1.628719031e-02
8.580000000e-05,5.000000000e+00,3.372095126e+00,1.744191065e+00,-1.627904875e-02
8.590000000e-05,5.000000000e+00,3.372908874e+00,1.745818563e+00,-1.627091126e-02
8.600000000e-05,5.000000000e+00,3.373722216e+00,1.747445246e+00,-1.626277784e-02
8.610000000e-05,5.000000000e+00,3.374535152e+00,1.749071117e+00,-1.625464849e-02
8.620000000e-05,5.000000000e+00,3.375347681e+00,1.750696174e+00,-1.624652320e-02
8.630000000e-05,5.000000000e+00,3.376159804e+00,1.752320420e+00,-1.623840197e-02
8.640000000e-05,5.000000000e+00,3.376971521e+00,1.753943853e+00,-1.623028480e-02
8.650000000e-05,5.000000000e+00,3.377782832e+00,1.755566475e+00,-1.622217169e-02
8.660000000e-05,5.000000000e+00,3.378593738e+00,1.757188286e+00,-1.621406263e-02
8.670000000e-05,5.000000000e+00,3.379404238e+00,1.758809286e+00,-1.620595763e-02
8.680000000e-05,5.000000000e+00,3.380214333e+00,1.760429476e+00,-1.619785667e-02
8.690000000e-05,5.000000000e+00,3.381024023e+00,1.762048856e+00,-1.618975977e-02
8.700000000e-05,5.000000000e+00,3.381833309e+00,1.763667427e+00,-1.618166692e-02
8.710000000e-05,5.000000000e+00,3.382642190e+00,1.765285188e+00,-1.617357811e-02
8.720000000e-05,5.000000000e+00,3.383450666e+00,1.766902141e+00,-1.616549334e-02
8.730000000e-05,5.000000000e+00,3.384258739e+00,1.768518286e+00,-1.615741262e-02
8.740000000e-05,5.000000000e+00,3.385066407e+00,1.770133622e+00,-1.614933593e-02
8.750000000e-05,5.000000000e+00,3.385873672e+00,1.771748151e+00,-1.614126329e-02
8.760000000e-05,5.000000000e+00,3.386680533e+00,1.773361873e+00,-1.613319467e-02
8.770000000e-05,5.000000000e+00,3.387486991e+00,1.774974789e+00,-1.612513009e-02
8.780000000e-05,5.000000000e+00,3.388293046e+00,1.776586898e+00,-1.611706955e-02
8.790000000e-05,5.000000000e+00,3.389098698e+00,1.778198201e+00,-1.610901303e-02
8.800000000e-05,5.000000000e+00,3.389903947e+00,1.779808699e+00,-1.610096054e-02
8.810000000e-05,5.000000000e+00,3.390708793e+00,1.781418392e+00,-1.609291207e-02
8.820000000e-05,5.000000000e+00,3.391513238e+00,1.783027280e+00,-1.608486763e-02
8.830000000e-05,5.000000000e+00,3.392317280e+00,1.784635364e+00,-1.607682721e-02
8.840000000e-05,5.000000000e+00,3.393120920e+00,1.786242644e+00,-1.606879080e-02
8.850000000e-05,5.000000000e+00,3.393924159e+00,1.787849121e+00,-1.606075842e-02
8.860000000e-05,5.000000000e+00,3.394726996e+00,1.789454794e+00,-1.605273005e-02
8.870000000e-05,5.000000000e+00,3.395529431e+00,1.791059665e+00,-1.604470569e-02
8.880000000e-05,5.000000000e+00,3.396331466e+00,1.792663734e+00,-1.603668535e-02
8.890000000e-05,5.000000000e+00,3.397133100e+00,1.794267001e+00,-1.602866901e-02
8.900000000e-05,5.000000000e+00,3.397934332e+00,1.795869466e+00,-1.602065668e-02
8.910000000e-05,5.000000000e+00,3.398735165e+00,1.797471131e+00,-1.601264836e-02
8.920000000e-05,5.000000000e+00,3.399535597e+00,1.799071995e+00,-1.600464404e-02
8.930000000e-05,5.000000000e+00,3.400335629e+00,1.800672058e+00,-1.599664372e-02
8.940000000e-05,5.000000000e+00,3.401135261e+00,1.802271322e+00,-1.598864739e-02
8.950000000e-05,5.000000000e+00,3.401934493e+00,1.803869786e+00,-1.598065507e-02
8.960000000e-05,5.000000000e+00,3.402733326e+00,1.805467451e+00,-1.597266674e-02
8.970000000e-05,5.000000000e+00,3.403531760e+00,1.807064318e+00,-1.596468241e-02
8.980000000e-05,5.000000000e+00,3.404329794e+00,1.808660386e+00,-1.595670206e-02
8.990000000e-05,5.000000000e+00,3.405127430e+00,1.810255657e+00,-1.594872571e-02
9.000000000e-05,5.000000000e+00,3.405924666e+00,1.811850130e+00,-1.594075334e-02
9.010000000e-05,5.000000000e+00,3.406721505e+00,1.813443806e+00,-1.593278496e-02
9.020000000e-05,5.000000000e+00,3.407517945e+00,1.815036686e+00,-1.592482056e-02
9.030000000e-05,5.000000000e+00,3.408313986e+00,1.816628769e+00,-1.591686014e-02
9.040000000e-05,5.000000000e+00,3.409109630e+00,1.818220056e+00,-1.590890370e-02
9.050000000e-05,5.000000000e+00,3.409904876e+00,1.819810548e+00,-1.590095124e-02
9.060000000e-05,5.000000000e+00,3.410699725e+00,1.821400245e+00,-1.589300275e-02
9.070000000e-05,5.000000000e+00,3.411494176e+00,1.822989147e+00,-1.588505824e-02
9.080000000e-05,5.000000000e+00,3.412288231e+00,1.824577255e+00,-1.587711770e-02
9.090000000e-05,5.000000000e+00,3.413081888e+00,1.826164570e+00,-1.586918113e-02
9.100000000e-05,5.000000000e+00,3.413875148e+00,1.827751090e+00,-1.586124852e-02
9.110000000e-05,5.000000000e+00,3.414668012e+00,1.829336818e+00,-1.585331988e-02
9.120000000e-05,5.000000000e+00,3.415460480e+00,1.830921753e+00,-1.584539520e-02
9.130000000e-05,5.000000000e+00,3.416252552e+00,1.832505895e+00,-1.583747449e-02
9.140000000e-05,5.000000000e+00,3.417044227e+00,1.834089246e+00,-1.582955773e-02
9.150000000e-05,5.000000000e+00,3.417835507e+00,1.835671806e+00,-1.582164493e-02
9.160000000e-05,5.000000000e+00,3.418626391e+00,1.837253574e+00,-1.581373609e-02
9.170000000e-05,5.000000000e+00,3.419416880e+00,1.838834551e+00,-1.580583120e-02
9.180000000e-05,5.000000000e+00,3.420206974e+00,1.840414739e+00,-1.579793026e-02
9.190000000e-05,5.000000000e+00,3.420996673e+00,1.841994136e+00,-1.579003327e-02
9.200000000e-05,5.000000000e+00,3.421785977e+00,1.843572744e+00,-1.578214023e-02
9.210000000e-05,5.000000000e+00,3.422574887e+00,1.845150563e+00,-1.577425114e-02
9.220000000e-05,5.000000000e+00,3.423363402e+00,1.846727593e+00,-1.576636598e-02
9.230000000e-05,5.000000000e+00,3.424151523e+00,1.848303834e+00,-1.575848477e-02
9.240000000e-05,5.000000000e+00,3.424939250e+00,1.849879288e+00,-1.575060750e-02
9.250000000e-05,5.000000000e+00,3.425726584e+00,1.851453954e+00,-1.574273417e-02
9.260000000e-05,5.000000000e+00,3.426513523e+00,1.853027834e+00,-1.573486477e-02
9.270000000e-05,5.000000000e+00,3.427300070e+00,1.854600926e+00,-1.572699931e-02
9.280000000e-05,5.000000000e+00,3.428086223e+00,1.856173232e+00,-1.571913778e-02
9.290000000e-05,5.000000000e+00,3.428871983e+00,1.857744752e+00,-1.571128017e-02
9.300000000e-05,5.000000000e+00,3.429657351e+00,1.859315487e+00,-1.570342650e-02
9.310000000e-05,5.000000000e+00,3.430442325e+00,1.860885436e+00,-1.569557675e-02
9.320000000e-05,5.000000000e+00,3.431226908e+00,1.862454601e+00,-1.568773093e-02
9.330000000e-05,5.000000000e+00,3.432011098e+00,1.864022981e+00,-1.567988902e-02
9.340000000e-05,5.000000000e+00,3.432794897e+00,1.865590577e+00,-1.567205104e-02
9.350000000e-05,5.000000000e+00,3.433578303e+00,1.867157390e+00,-1.566421697e-02
9.360000000e-05,5.000000000e+00,3.434361318e+00,1.868723419e+00,-1.565638683e-02
9.370000000e-05,5.000000000e+00,3.435143941e+00,1.870288666e+00,-1.564856059e-02
9.380000000e-05,5.000000000e+00,3.435926174e+00,1.871853130e+00,-1.564073827e-02
9.390000000e-05,5.000000000e+00,3.436708015e+00,1.873416812e+00,-1.563291986e-02
9.400000000e-05,5.000000000e+00,3.437489465e+00,1.874979712e+00,-1.562510535e-02
9.410000000e-05,5.000000000e+00,3.438270525e+00,1.876541832e+00,-1.561729475e-02
9.420000000e-05,5.000000000e+00,3.439051195e+00,1.878103170e+00,-1.560948806e-02
9.430000000e-05,5.000000000e+00,3.439831474e+00,1.879663728e+00,-1.560168527e-02
9.440000000e-05,5.000000000e+00,3.440611363e+00,1.881223506e+00,-1.559388638e-02
9.450000000e-05,5.000000000e+00,3.441390862e+00,1.882782504e+00,-1.558609139e-02
9.460000000e-05,5.000000000e+00,3.442169972e+00,1.884340722e+00,-1.557830029e-02
9.470000000e-05,5.000000000e+00,3.442948692e+00,1.885898162e+00,-1.557051309e-02
9.480000000e-05,5.000000000e+00,3.443727023e+00,1.887454824e+00,-1.556272978e-02
9.490000000e-05,5.000000000e+00,3.444504964e+00,1.889010707e+00,-1.555495036e-02
9.500000000e-05,5.000000000e+00,3.445282517e+00,1.890565812e+00,-1.554717483e-02
9.510000000e-05,5.000000000e+00,3.446059682e+00,1.892120140e+00,-1.553940319e-02
9.520000000e-05,5.000000000e+00,3.446836457e+00,1.893673692e+00,-1.553163543e-02
9.530000000e-05,5.000000000e+00,3.447612845e+00,1.895226466e+00,-1.552387156e-02
9.540000000e-05,5.000000000e+00,3.448388844e+00,1.896778464e+00,-1.551611156e-02
9.550000000e-05,5.000000000e+00,3.449164456e+00,1.898329687e+00,-1.550835545e-02
9.560000000e-05,5.000000000e+00,3.449939679e+00,1.899880134e+00,-1.550060321e-02
9.570000000e-05,5.000000000e+00,3.450714516e+00,1.901429806e+00,-1.549285485e-02
9.580000000e-05,5.000000000e+00,3.451488965e+00,1.902978704e+00,-1.548511036e-02
9.590000000e-05,5.000000000e+00,3.452263026e+00,1.904526827e+00,-1.547736974e-02
9.600000000e-05,5.000000000e+00,3.453036701e+00,1.906074176e+00,-1.546963299e-02
9.610000000e-05,5.000000000e+00,3.453809989e+00,1.907620752e+00,-1.546190011e-02
9.620000000e-05,5.000000000e+00,3.454582891e+00,1.909166555e+00,-1.545417110e-02
9.630000000e-05,5.000000000e+00,3.455355406e+00,1.910711585e+00,-1.544644594e-02
9.640000000e-05,5.000000000e+00,3.456127535e+00,1.912255843e+00,-1.543872465e-02
9.650000000e-05,5.000000000e+00,3.456899278e+00,1.913799329e+00,-1.543100722e-02
9.660000000e-05,5.000000000e+00,3.457670636e+00,1.915342043e+00,-1.542329365e-02
9.670000000e-05,5.000000000e+00,3.458441607e+00,1.916883986e+00,-1.541558393e-02
9.680000000e-05,5.000000000e+00,3.459212194e+00,1.918425158e+00,-1.540787807e-02
9.690000000e-05,5.000000000e+00,3.459982395e+00,1.919965560e+00,-1.540017606e-02
9.700000000e-05,5.000000000e+00,3.460752211e+00,1.921505192e+00,-1.539247789e-02
9.710000000e-05,5.000000000e+00,3.461521642e+00,1.923044054e+00,-1.538478358e-02
9.720000000e-05,5.000000000e+00,3.462290689e+00,1.924582147e+00,-1.537709311e-02
9.730000000e-05,5.000000000e+00,3.463059351e+00,1.926119472e+00,-1.536940649e-02
9.740000000e-05,5.000000000e+00,3.463827629e+00,1.927656027e+00,-1.536172371e-02
9.750000000e-05,5.000000000e+00,3.464595523e+00,1.929191815e+00,-1.535404477e-02
9.760000000e-05,5.000000000e+00,3.465363034e+00,1.930726835e+00,-1.534636967e-02
9.770000000e-05,5.000000000e+00,3.466130160e+00,1.932261087e+00,-1.533869840e-02
9.780000000e-05,5.000000000e+00,3.466896903e+00,1.933794573e+00,-1.533103097e-02
9.790000000e-05,5.000000000e+00,3.467663263e+00,1.935327292e+00,-1.532336738e-02
9.800000000e-05,5.000000000e+00,3.468429240e+00,1.936859245e+00,-1.531570761e-02
9.810000000e-05,5.000000000e+00,3.469194833e+00,1.938390432e+00,-1.530805167e-02
9.820000000e-05,5.000000000e+00,3.469960044e+00,1.939920854e+00,-1.530039956e-02
9.830000000e-05,5.000000000e+00,3.470724873e+00,1.941450511e+00,-1.529275128e-02
9.840000000e-05,5.000000000e+00,3.471489319e+00,1.942979403e+00,-1.528510681e-02
9.850000000e-05,5.000000000e+00,3.472253383e+00,1.944507531e+00,-1.527746617e-02
9.860000000e-05,5.000000000e+00,3.473017066e+00,1.946034895e+00,-1.526982935e-02
9.870000000e-05,5.000000000e+00,3.473780366e+00,1.947561495e+00,-1.526219635e-02
9.880000000e-05,5.000000000e+00,3.474543285e+00,1.949087333e+00,-1.525456716e-02
9.890000000e-05,5.000000000e+00,3.475305822e+00,1.950612408e+00,-1.524694178e-02
9.900000000e-05,5.000000000e+00,3.476067979e+00,1.952136720e+00,-1.523932022e-02
9.910000000e-05,5.000000000e+00,3.476829754e+00,1.953660270e+00,-1.523170246e-02
9.920000000e-05,5.000000000e+00,3.477591149e+00,1.955183059e+00,-1.522408852e-02
9.930000000e-05,5.000000000e+00,3.478352163e+00,1.956705087e+00,-1.521647838e-02
9.940000000e-05,5.000000000e+00,3.479112796e+00,1.958226353e+00,-1.520887204e-02
9.950000000e-05,5.000000000e+00,3.479873050e+00,1.959746860e+00,-1.520126951e-02
9.960000000e-05,5.000000000e+00,3.480632923e+00,1.961266606e+00,-1.519367078e-02
9.970000000e-05,5.000000000e+00,3.481392416e+00,1.962785592e+00,-1.518607584e-02
9.980000000e-05,5.000000000e+00,3.482151530e+00,1.964303820e+00,-1.517848470e-02
9.990000000e-05,5.000000000e+00,3.482910265e+00,1.965821288e+00,-1.517089736e-02
1.000000000e-04,5.000000000e+00,3.483668620e+00,1.967337998e+00,-1.516331381e-02
1.001000000e-04,5.000000000e+00,3.484426596e+00,1.968853949e+00,-1.515573405e-02
1.002000000e-04,5.000000000e+00,3.485184193e+00,1.970369143e+00,-1.514815808e-02
1.003000000e-04,5.000000000e+00,3.485941411e+00,1.971883580e+00,-1.514058589e-02
1.004000000e-04,5.000000000e+00,3.486698251e+00,1.973397259e+00,-1.513301750e-02
1.005000000e-04,5.000000000e+00,3.487454713e+00,1.974910182e+00,-1.512545288e-02
1.006000000e-04,5.000000000e+00,3.488210796e+00,1.976422348e+00,-1.511789205e-02
1.007000000e-04,5.000000000e+00,3.488966501e+00,1.977933759e+00,-1.511033499e-02
1.008000000e-04,5.000000000e+00,3.489721829e+00,1.979444414e+00,-1.510278171e-02
1.009000000e-04,5.000000000e+00,3.490476779e+00,1.980954314e+00,-1.509523221e-02
1.010000000e-04,5.000000000e+00,3.491231352e+00,1.982463459e+00,-1.508768648e-02
1.011000000e-04,5.000000000e+00,3.491985548e+00,1.983971850e+00,-1.508014453e-02
1.012000000e-04,5.000000000e+00,3.492739366e+00,1.985479486e+00,-1.507260634e-02
1.013000000e-04,5.000000000e+00,3.493492808e+00,1.986986370e+00,-1.506507192e-02
1.014000000e-04,5.000000000e+00,3.494245873e+00,1.988492500e+00,-1.505754127e-02
1.015000000e-04,5.000000000e+00,3.494998562e+00,1.989997877e+00,-1.505001439e-02
1.016000000e-04,5.000000000e+00,3.495750874e+00,1.991502501e+00,-1.504249126e-02
1.017000000e-04,5.000000000e+00,3.496502811e+00,1.993006373e+00,-1.503497190e-02
1.018000000e-04,5.000000000e+00,3.497254371e+00,1.994509494e+00,-1.502745629e-02
1.019000000e-04,5.000000000e+00,3.498005556e+00,1.996011863e+00,-1.501994445e-02
1.020000000e-04,5.000000000e+00,3.498756365e+00,1.997513482e+00,-1.501243635e-02
1.021000000e-04,5.000000000e+00,3.499506799e+00,1.999014349e+00,-1.500493201e-02
1.022000000e-04,5.000000000e+00,3.500256858e+00,2.000514467e+00,-1.499743142e-02
1.023000000e-04,5.000000000e+00,3.501006542e+00,2.002013834e+00,-1.498993458e-02
1.024000000e-04,5.000000000e+00,3.501755851e+00,2.003512452e+00,-1.498244149e-02
1.025000000e-04,5.000000000e+00,3.502504786e+00,2.005010321e+00,-1.497495214e-02
1.026000000e-04,5.000000000e+00,3.503253346e+00,2.006507441e+00,-1.496746654e-02
1.027000000e-04,5.000000000e+00,3.504001532e+00,2.008003813e+00,-1.495998468e-02
1.028000000e-04,5.000000000e+00,3.504749344e+00,2.009499437e+00,-1.495250656e-02
1.029000000e-04,5.000000000e+00,3.505496783e+00,2.010994313e+00,-1.494503218e-02
1.030000000e-04,5.000000000e+00,3.506243847e+00,2.012488442e+00,-1.493756153e-02
1.031000000e-04,5.000000000e+00,3.506990539e+00,2.013981824e+00,-1.493009462e-02
1.032000000e-04,5.000000000e+00,3.507736857e+00,2.015474460e+00,-1.492263144e-02
1.033000000e-04,5.000000000e+00,3.508482801e+00,2.016966349e+00,-1.491517199e-02
1.034000000e-04,5.000000000e+00,3.509228373e+00,2.018457493e+00,-1.490771627e-02
1.035000000e-04,5.000000000e+00,3.509973573e+00,2.019947891e+00,-1.490026428e-02
1.036000000e-04,5.000000000e+00,3.510718400e+00,2.021437544e+00,-1.489281601e-02
1.037000000e-04,5.000000000e+00,3.511462854e+00,2.022926453e+00,-1.488537146e-02
1.038000000e-04,5.000000000e+00,3.512206936e+00,2.024414617e+00,-1.487793064e-02
1.039000000e-04,5.000000000e+00,3.512950647e+00,2.025902038e+00,-1.487049354e-02
1.040000000e-04,5.000000000e+00,3.513693985e+00,2.027388714e+00,-1.486306015e-02
1.041000000e-04,5.000000000e+00,3.514436953e+00,2.028874648e+00,-1.485563048e-02
1.042000000e-04,5.000000000e+00,3.515179548e+00,2.030359839e+00,-1.484820452e-02
1.043000000e-04,5.000000000e+00,3.515921773e+00,2.031844288e+00,-1.484078228e-02
1.044000000e-04,5.000000000e+00,3.516663626e+00,2.033327994e+00,-1.483336374e-02
1.045000000e-04,5.000000000e+00,3.517405109e+00,2.034810959e+00,-1.482594892e-02
1.046000000e-04,5.000000000e+00,3.518146221e+00,2.036293183e+00,-1.481853780e-02
1.047000000e-04,5.000000000e+00,3.518886962e+00,2.037774665e+00,-1.481113038e-02
1.048000000e-04,5.000000000e+00,3.519627334e+00,2.039255408e+00,-1.480372667e-02
1.049000000e-04,5.000000000e+00,3.520367335e+00,2.040735409e+00,-1.479632666e-02
1.050000000e-04,5.000000000e+00,3.521106966e+00,2.042214672e+00,-1.478893035e-02
1.051000000e-04,5.000000000e+00,3.521846227e+00,2.043693194e+00,-1.478153773e-02
1.052000000e-04,5.000000000e+00,3.522585119e+00,2.045170978e+00,-1.477414881e-02
1.053000000e-04,5.000000000e+00,3.523323642e+00,2.046648023e+00,-1.476676359e-02
1.054000000e-04,5.000000000e+00,3.524061795e+00,2.048124329e+00,-1.475938205e-02
1.055000000e-04,5.000000000e+00,3.524799580e+00,2.049599898e+00,-1.475200421e-02
1.056000000e-04,5.000000000e+00,3.525536996e+00,2.051074729e+00,-1.474463005e-02
1.057000000e-04,5.000000000e+00,3.526274043e+00,2.052548822e+00,-1.473725958e-02
1.058000000e-04,5.000000000e+00,3.527010721e+00,2.054022179e+00,-1.472989279e-02
1.059000000e-04,5.000000000e+00,3.527747032e+00,2.055494800e+00,-1.472252969e-02
1.060000000e-04,5.000000000e+00,3.528482974e+00,2.056966684e+00,-1.471517027e-02
1.061000000e-04,5.000000000e+00,3.529218548e+00,2.058437832e+00,-1.470781452e-02
1.062000000e-04,5.000000000e+00,3.529953755e+00,2.059908245e+00,-1.470046245e-02
1.063000000e-04,5.000000000e+00,3.530688594e+00,2.061377924e+00,-1.469311406e-02
1.064000000e-04,5.000000000e+00,3.531423066e+00,2.062846867e+00,-1.468576934e-02
1.065000000e-04,5.000000000e+00,3.532157171e+00,2.064315076e+00,-1.467842830e-02
1.066000000e-04,5.000000000e+00,3.532890909e+00,2.065782551e+00,-1.467109092e-02
1.067000000e-04,5.000000000e+00,3.533624280e+00,2.067249293e+00,-1.466375721e-02
1.068000000e-04,5.000000000e+00,3.534357284e+00,2.068715301e+00,-1.465642716e-02
1.069000000e-04,5.000000000e+00,3.535089922e+00,2.070180577e+00,-1.464910078e-02
1.070000000e-04,5.000000000e+00,3.535822194e+00,2.071645120e+00,-1.464177807e-02
1.071000000e-04,5.000000000e+00,3.536554100e+00,2.073108931e+00,-1.463445901e-02
1.072000000e-04,5.000000000e+00,3.537285640e+00,2.074572011e+00,-1.462714361e-02
1.073000000e-04,5.000000000e+00,3.538016814e+00,2.076034359e+00,-1.461983187e-02
1.074000000e-04,5.000000000e+00,3.538747622e+00,2.077495976e+00,-1.461252378e-02
1.075000000e-04,5.000000000e+00,3.539478066e+00,2.078956862e+00,-1.460521935e-02
1.076000000e-04,5.000000000e+00,3.540208144e+00,2.080417018e+00,-1.459791856e-02
1.077000000e-04,5.000000000e+00,3.540937857e+00,2.081876445e+00,-1.459062143e-02
1.078000000e-04,5.000000000e+00,3.541667206e+00,2.083335141e+00,-1.458332795e-02
1.079000000e-04,5.000000000e+00,3.542396190e+00,2.084793109e+00,-1.457603811e-02
1.080000000e-04,5.000000000e+00,3.543124809e+00,2.086250348e+00,-1.456875191e-02
1.081000000e-04,5.000000000e+00,3.543853065e+00,2.087706858e+00,-1.456146936e-02
1.082000000e-04,5.000000000e+00,3.544580956e+00,2.089162640e+00,-1.455419044e-02
1.083000000e-04,5.000000000e+00,3.545308484e+00,2.090617695e+00,-1.454691517e-02
1.084000000e-04,5.000000000e+00,3.546035647e+00,2.092072022e+00,-1.453964353e-02
1.085000000e-04,5.000000000e+00,3.546762448e+00,2.093525622e+00,-1.453237553e-02
1.086000000e-04,5.000000000e+00,3.547488885e+00,2.094978496e+00,-1.452511116e-02
1.087000000e-04,5.000000000e+00,3.548214958e+00,2.096430643e+00,-1.451785042e-02
1.088000000e-04,5.000000000e+00,3.548940669e+00,2.097882065e+00,-1.451059331e-02
1.089000000e-04,5.000000000e+00,3.549666017e+00,2.099332760e+00,-1.450333983e-02
1.090000000e-04,5.000000000e+00,3.550391003e+00,2.100782731e+00,-1.449608997e-02
1.091000000e-04,5.000000000e+00,3.551115626e+00,2.102231977e+00,-1.448884374e-02
1.092000000e-04,5.000000000e+00,3.551839887e+00,2.103680499e+00,-1.448160113e-02
1.093000000e-04,5.000000000e+00,3.552563786e+00,2.105128296e+00,-1.447436214e-02
1.094000000e-04,5.000000000e+00,3.553287323e+00,2.106575370e+00,-1.446712677e-02
1.095000000e-04,5.000000000e+00,3.554010498e+00,2.108021720e+00,-1.445989502e-02
1.096000000e-04,5.000000000e+00,3.554733312e+00,2.109467348e+00,-1.445266688e-02
1.097000000e-04,5.000000000e+00,3.555455765e+00,2.110912252e+00,-1.444544236e-02
1.098000000e-04,5.000000000e+00,3.556177856e+00,2.112356435e+00,-1.443822144e-02
1.099000000e-04,5.000000000e+00,3.556899587e+00,2.113799895e+00,-1.443100414e-02
1.100000000e-04,5.000000000e+00,3.557620956e+00,2.115242634e+00,-1.442379044e-02
1.101000000e-04,5.000000000e+00,3.558341965e+00,2.116684652e+00,-1.441658035e-02
1.102000000e-04,5.000000000e+00,3.559062614e+00,2.118125949e+00,-1.440937386e-02
1.103000000e-04,5.000000000e+00,3.559782903e+00,2.119566525e+00,-1.440217098e-02
1.104000000e-04,5.000000000e+00,3.560502831e+00,2.121006382e+00,-1.439497170e-02
1.105000000e-04,5.000000000e+00,3.561222399e+00,2.122445519e+00,-1.438777601e-02
1.106000000e-04,5.000000000e+00,3.561941608e+00,2.123883936e+00,-1.438058392e-02
1.107000000e-04,5.000000000e+00,3.562660458e+00,2.125321634e+00,-1.437339543e-02
1.108000000e-04,5.000000000e+00,3.563378947e+00,2.126758614e+00,-1.436621053e-02
1.109000000e-04,5.000000000e+00,3.564097078e+00,2.128194875e+00,-1.435902922e-02
1.110000000e-04,5.000000000e+00,3.564814850e+00,2.129630418e+00,-1.435185150e-02
1.111000000e-04,5.000000000e+00,3.565532263e+00,2.131065244e+00,-1.434467737e-02
1.112000000e-04,5.000000000e+00,3.566249318e+00,2.132499352e+00,-1.433750683e-02
1.113000000e-04,5.000000000e+00,3.566966014e+00,2.133932744e+00,-1.433033987e-02
1.114000000e-04,5.000000000e+00,3.567682351e+00,2.135365419e+00,-1.432317649e-02
1.115000000e-04,5.000000000e+00,3.568398331e+00,2.136797378e+00,-1.431601670e-02
1.116000000e-04,5.000000000e+00,3.569113953e+00,2.138228621e+00,-1.430886048e-02
1.117000000e-04,5.000000000e+00,3.569829217e+00,2.139659149e+00,-1.430170784e-02
1.118000000e-04,5.000000000e+00,3.570544123e+00,2.141088961e+00,-1.429455877e-02
1.119000000e-04,5.000000000e+00,3.571258672e+00,2.142518059e+00,-1.428741328e-02
1.120000000e-04,5.000000000e+00,3.571972864e+00,2.143946443e+00,-1.428027136e-02
1.121000000e-04,5.000000000e+00,3.572686699e+00,2.145374112e+00,-1.427313301e-02
1.122000000e-04,5.000000000e+00,3.573400177e+00,2.146801068e+00,-1.426599823e-02
1.123000000e-04,5.000000000e+00,3.574113299e+00,2.148227311e+00,-1.425886702e-02
1.124000000e-04,5.000000000e+00,3.574826064e+00,2.149652840e+00,-1.425173937e-02
1.125000000e-04,5.000000000e+00,3.575538472e+00,2.151077657e+00,-1.424461528e-02
1.126000000e-04,5.000000000e+00,3.576250525e+00,2.152501762e+00,-1.423749476e-02
1.127000000e-04,5.000000000e+00,3.576962221e+00,2.153925155e+00,-1.423037779e-02
1.128000000e-04,5.000000000e+00,3.577673562e+00,2.155347836e+00,-1.422326438e-02
1.129000000e-04,5.000000000e+00,3.578384548e+00,2.156769806e+00,-1.421615453e-02
1.130000000e-04,5.000000000e+00,3.579095178e+00,2.158191066e+00,-1.420904823e-02
1.131000000e-04,5.000000000e+00,3.579805452e+00,2.159611615e+00,-1.420194548e-02
1.132000000e-04,5.000000000e+00,3.580515372e+00,2.161031454e+00,-1.419484629e-02
1.133000000e-04,5.000000000e+00,3.581224937e+00,2.162450583e+00,-1.418775064e-02
1.134000000e-04,5.000000000e+00,3.581934147e+00,2.163869003e+00,-1.418065854e-02
1.135000000e-04,5.000000000e+00,3.582643002e+00,2.165286713e+00,-1.417356998e-02
1.136000000e-04,5.000000000e+00,3.583351503e+00,2.166703715e+00,-1.416648497e-02
1.137000000e-04,5.000000000e+00,3.584059650e+00,2.168120009e+00,-1.415940350e-02
1.138000000e-04,5.000000000e+00,3.584767443e+00,2.169535595e+00,-1.415232557e-02
1.139000000e-04,5.000000000e+00,3.585474883e+00,2.170950473e+00,-1.414525118e-02
1.140000000e-04,5.000000000e+00,3.586181968e+00,2.172364644e+00,-1.413818032e-02
1.141000000e-04,5.000000000e+00,3.586888700e+00,2.173778108e+00,-1.413111300e-02
1.142000000e-04,5.000000000e+00,3.587595079e+00,2.175190865e+00,-1.412404921e-02
1.143000000e-04,5.000000000e+00,3.588301105e+00,2.176602916e+00,-1.411698896e-02
1.144000000e-04,5.000000000e+00,3.589006778e+00,2.178014262e+00,-1.410993223e-02
1.145000000e-04,5.000000000e+00,3.589712098e+00,2.179424901e+00,-1.410287903e-02
1.146000000e-04,5.000000000e+00,3.590417065e+00,2.180834836e+00,-1.409582935e-02
1.147000000e-04,5.000000000e+00,3.591121681e+00,2.182244066e+00,-1.408878320e-02
1.148000000e-04,5.000000000e+00,3.591825943e+00,2.183652591e+00,-1.408174057e-02
1.149000000e-04,5.000000000e+00,3.592529854e+00,2.185060413e+00,-1.407470146e-02
1.150000000e-04,5.000000000e+00,3.593233413e+00,2.186467530e+00,-1.406766587e-02
1.151000000e-04,5.000000000e+00,3.593936621e+00,2.187873945e+00,-1.406063380e-02
1.152000000e-04,5.000000000e+00,3.594639476e+00,2.189279656e+00,-1.405360524e-02
1.153000000e-04,5.000000000e+00,3.595341981e+00,2.190684665e+00,-1.404658020e-02
1.154000000e-04,5.000000000e+00,3.596044134e+00,2.192088971e+00,-1.403955866e-02
1.155000000e-04,5.000000000e+00,3.596745936e+00,2.193492575e+00,-1.403254064e-02
1.156000000e-04,5.000000000e+00,3.597447388e+00,2.194895478e+00,-1.402552613e-02
1.157000000e-04,5.000000000e+00,3.598148489e+00,2.196297679e+00,-1.401851512e-02
1.158000000e-04,5.000000000e+00,3.598849239e+00,2.197699179e+00,-1.401150761e-02
1.159000000e-04,5.000000000e+00,3.599549639e+00,2.199099979e+00,-1.400450361e-02
1.160000000e-04,5.000000000e+00,3.600249689e+00,2.200500079e+00,-1.399750311e-02
1.161000000e-04,5.000000000e+00,3.600949389e+00,2.201899479e+00,-1.399050611e-02
1.162000000e-04,5.000000000e+00,3.601648740e+00,2.203298179e+00,-1.398351261e-02
1.163000000e-04,5.000000000e+00,3.602347740e+00,2.204696180e+00,-1.397652260e-02
1.164000000e-04,5.000000000e+00,3.603046392e+00,2.206093482e+00,-1.396953609e-02
1.165000000e-04,5.000000000e+00,3.603744694e+00,2.207490086e+00,-1.396255307e-02
1.166000000e-04,5.000000000e+00,3.604442647e+00,2.208885991e+00,-1.395557354e-02
1.167000000e-04,5.000000000e+00,3.605140251e+00,2.210281199e+00,-1.394859750e-02
1.168000000e-04,5.000000000e+00,3.605837506e+00,2.211675710e+00,-1.394162494e-02
1.169000000e-04,5.000000000e+00,3.606534413e+00,2.213069523e+00,-1.393465588e-02
1.170000000e-04,5.000000000e+00,3.607230971e+00,2.214462640e+00,-1.392769029e-02
1.171000000e-04,5.000000000e+00,3.607927182e+00,2.215855060e+00,-1.392072819e-02
1.172000000e-04,5.000000000e+00,3.608623044e+00,2.217246784e+00,-1.391376957e-02
1.173000000e-04,5.000000000e+00,3.609318558e+00,2.218637812e+00,-1.390681442e-02
1.174000000e-04,5.000000000e+00,3.610013725e+00,2.220028146e+00,-1.389986275e-02
1.175000000e-04,5.000000000e+00,3.610708544e+00,2.221417784e+00,-1.389291456e-02
1.176000000e-04,5.000000000e+00,3.611403016e+00,2.222806727e+00,-1.388596984e-02
1.177000000e-04,5.000000000e+00,3.612097141e+00,2.224194976e+00,-1.387902859e-02
1.178000000e-04,5.000000000e+00,3.612790919e+00,2.225582532e+00,-1.387209082e-02
1.179000000e-04,5.000000000e+00,3.613484350e+00,2.226969393e+00,-1.386515651e-02
1.180000000e-04,5.000000000e+00,3.614177434e+00,2.228355562e+00,-1.385822566e-02
1.181000000e-04,5.000000000e+00,3.614870172e+00,2.229741037e+00,-1.385129828e-02
1.182000000e-04,5.000000000e+00,3.615562564e+00,2.231125820e+00,-1.384437437e-02
1.183000000e-04,5.000000000e+00,3.616254609e+00,2.232509911e+00,-1.383745391e-02
1.184000000e-04,5.000000000e+00,3.616946309e+00,2.233893310e+00,-1.383053692e-02
1.185000000e-04,5.000000000e+00,3.617637663e+00,2.235276017e+00,-1.382362338e-02
1.186000000e-04,5.000000000e+00,3.618328671e+00,2.236658033e+00,-1.381671329e-02
1.187000000e-04,5.000000000e+00,3.619019334e+00,2.238039358e+00,-1.380980667e-02
1.188000000e-04,5.000000000e+00,3.619709651e+00,2.239419993e+00,-1.380290349e-02
1.189000000e-04,5.000000000e+00,3.620399624e+00,2.240799938e+00,-1.379600377e-02
1.190000000e-04,5.000000000e+00,3.621089251e+00,2.242179193e+00,-1.378910749e-02
1.191000000e-04,5.000000000e+00,3.621778534e+00,2.243557758e+00,-1.378221466e-02
1.192000000e-04,5.000000000e+00,3.622467473e+00,2.244935635e+00,-1.377532528e-02
1.193000000e-04,5.000000000e+00,3.623156067e+00,2.246312822e+00,-1.376843934e-02
1.194000000e-04,5.000000000e+00,3.623844316e+00,2.247689321e+00,-1.376155684e-02
1.195000000e-04,5.000000000e+00,3.624532222e+00,2.249065132e+00,-1.375467778e-02
1.196000000e-04,5.000000000e+00,3.625219784e+00,2.250440255e+00,-1.374780217e-02
1.197000000e-04,5.000000000e+00,3.625907002e+00,2.251814691e+00,-1.374092999e-02
1.198000000e-04,5.000000000e+00,3.626593877e+00,2.253188440e+00,-1.373406124e-02
1.199000000e-04,5.000000000e+00,3.627280408e+00,2.254561502e+00,-1.372719593e-02
1.200000000e-04,5.000000000e+00,3.627966596e+00,2.255933878e+00,-1.372033405e-02
1.201000000e-04,5.000000000e+00,3.628652441e+00,2.257305568e+00,-1.371347560e-02
1.202000000e-04,5.000000000e+00,3.629337943e+00,2.258676572e+00,-1.370662057e-02
1.203000000e-04,5.000000000e+00,3.630023103e+00,2.260046891e+00,-1.369976898e-02
1.204000000e-04,5.000000000e+00,3.630707920e+00,2.261416525e+00,-1.369292081e-02
1.205000000e-04,5.000000000e+00,3.631392395e+00,2.262785474e+00,-1.368607606e-02
1.206000000e-04,5.000000000e+00,3.632076527e+00,2.264153739e+00,-1.367923473e-02
1.207000000e-04,5.000000000e+00,3.632760318e+00,2.265521319e+00,-1.367239683e-02
1.208000000e-04,5.000000000e+00,3.633443767e+00,2.266888217e+00,-1.366556234e-02
1.209000000e-04,5.000000000e+00,3.634126874e+00,2.268254431e+00,-1.365873127e-02
1.210000000e-04,5.000000000e+00,3.634809639e+00,2.269619962e+00,-1.365190361e-02
1.211000000e-04,5.000000000e+00,3.635492064e+00,2.270984810e+00,-1.364507937e-02
1.212000000e-04,5.000000000e+00,3.636174147e+00,2.272348976e+00,-1.363825853e-02
1.213000000e-04,5.000000000e+00,3.636855889e+00,2.273712461e+00,-1.363144111e-02
1.214000000e-04,5.000000000e+00,3.637537291e+00,2.275075263e+00,-1.362462710e-02
1.215000000e-04,5.000000000e+00,3.638218352e+00,2.276437385e+00,-1.361781649e-02
1.216000000e-04,5.000000000e+00,3.638899072e+00,2.277798825e+00,-1.361100928e-02
1.217000000e-04,5.000000000e+00,3.639579452e+00,2.279159586e+00,-1.360420548e-02
1.218000000e-04,5.000000000e+00,3.640259493e+00,2.280519665e+00,-1.359740508e-02
1.219000000e-04,5.000000000e+00,3.640939193e+00,2.281879065e+00,-1.359060808e-02
1.220000000e-04,5.000000000e+00,3.641618553e+00,2.283237786e+00,-1.358381447e-02
1.221000000e-04,5.000000000e+00,3.642297574e+00,2.284595827e+00,-1.357702427e-02
1.222000000e-04,5.000000000e+00,3.642976255e+00,2.285953189e+00,-1.357023745e-02
1.223000000e-04,5.000000000e+00,3.643654597e+00,2.287309873e+00,-1.356345403e-02
1.224000000e-04,5.000000000e+00,3.644332600e+00,2.288665879e+00,-1.355667400e-02
1.225000000e-04,5.000000000e+00,3.645010264e+00,2.290021207e+00,-1.354989736e-02
1.226000000e-04,5.000000000e+00,3.645687590e+00,2.291375857e+00,-1.354312411e-02
1.227000000e-04,5.000000000e+00,3.646364577e+00,2.292729830e+00,-1.353635424e-02
1.228000000e-04,5.000000000e+00,3.647041225e+00,2.294083127e+00,-1.352958775e-02
1.229000000e-04,5.000000000e+00,3.647717535e+00,2.295435747e+00,-1.352282465e-02
1.230000000e-04,5.000000000e+00,3.648393507e+00,2.296787691e+00,-1.351606493e-02
1.231000000e-04,5.000000000e+00,3.649069141e+00,2.298138959e+00,-1.350930859e-02
1.232000000e-04,5.000000000e+00,3.649744438e+00,2.299489551e+00,-1.350255563e-02
1.233000000e-04,5.000000000e+00,3.650419397e+00,2.300839468e+00,-1.349580604e-02
1.234000000e-04,5.000000000e+00,3.651094018e+00,2.302188711e+00,-1.348905982e-02
1.235000000e-04,5.000000000e+00,3.651768302e+00,2.303537279e+00,-1.348231698e-02
1.236000000e-04,5.000000000e+00,3.652442250e+00,2.304885173e+00,-1.347557751e-02
1.237000000e-04,5.000000000e+00,3.653115860e+00,2.306232394e+00,-1.346884141e-02
1.238000000e-04,5.000000000e+00,3.653789133e+00,2.307578940e+00,-1.346210867e-02
1.239000000e-04,5.000000000e+00,3.654462070e+00,2.308924814e+00,-1.345537930e-02
1.240000000e-04,5.000000000e+00,3.655134671e+00,2.310270015e+00,-1.344865329e-02
1.241000000e-04,5.000000000e+00,3.655806936e+00,2.311614544e+00,-1.344193065e-02
1.242000000e-04,5.000000000e+00,3.656478864e+00,2.312958400e+00,-1.343521137e-02
1.243000000e-04,5.000000000e+00,3.657150456e+00,2.314301585e+00,-1.342849544e-02
1.244000000e-04,5.000000000e+00,3.657821713e+00,2.315644098e+00,-1.342178287e-02
1.245000000e-04,5.000000000e+00,3.658492634e+00,2.316985940e+00,-1.341507366e-02
1.246000000e-04,5.000000000e+00,3.659163220e+00,2.318327111e+00,-1.340836780e-02
1.247000000e-04,5.000000000e+00,3.659833471e+00,2.319667612e+00,-1.340166530e-02
1.248000000e-04,5.000000000e+00,3.660503387e+00,2.321007443e+00,-1.339496614e-02
1.249000000e-04,5.000000000e+00,3.661172967e+00,2.322346604e+00,-1.338827033e-02
1.250000000e-04,5.000000000e+00,3.661842213e+00,2.323685096e+00,-1.338157787e-02
1.251000000e-04,5.000000000e+00,3.662511125e+00,2.325022919e+00,-1.337488876e-02
1.252000000e-04,5.000000000e+00,3.663179702e+00,2.326360073e+00,-1.336820299e-02
1.253000000e-04,5.000000000e+00,3.663847945e+00,2.327696558e+00,-1.336152056e-02
1.254000000e-04,5.000000000e+00,3.664515854e+00,2.329032376e+00,-1.335484147e-02
1.255000000e-04,5.000000000e+00,3.665183429e+00,2.330367525e+00,-1.334816572e-02
1.256000000e-04,5.000000000e+00,3.665850670e+00,2.331702007e+00,-1.334149330e-02
1.257000000e-04,5.000000000e+00,3.666517578e+00,2.333035823e+00,-1.333482423e-02
1.258000000e-04,5.000000000e+00,3.667184152e+00,2.334368971e+00,-1.332815848e-02
1.259000000e-04,5.000000000e+00,3.667850393e+00,2.335701453e+00,-1.332149607e-02
1.260000000e-04,5.000000000e+00,3.668516302e+00,2.337033269e+00,-1.331483699e-02
1.261000000e-04,5.000000000e+00,3.669181877e+00,2.338364419e+00,-1.330818124e-02
1.262000000e-04,5.000000000e+00,3.669847119e+00,2.339694904e+00,-1.330152881e-02
1.263000000e-04,5.000000000e+00,3.670512029e+00,2.341024724e+00,-1.329487971e-02
1.264000000e-04,5.000000000e+00,3.671176607e+00,2.342353879e+00,-1.328823393e-02
1.265000000e-04,5.000000000e+00,3.671840853e+00,2.343682370e+00,-1.328159148e-02
1.266000000e-04,5.000000000e+00,3.672504766e+00,2.345010196e+00,-1.327495235e-02
1.267000000e-04,5.000000000e+00,3.673168348e+00,2.346337359e+00,-1.326831653e-02
1.268000000e-04,5.000000000e+00,3.673831597e+00,2.347663858e+00,-1.326168403e-02
1.269000000e-04,5.000000000e+00,3.674494516e+00,2.348989694e+00,-1.325505485e-02
1.270000000e-04,5.000000000e+00,3.675157103e+00,2.350314868e+00,-1.324842898e-02
1.271000000e-04,5.000000000e+00,3.675819358e+00,2.351639379e+00,-1.324180642e-02
1.272000000e-04,5.000000000e+00,3.676481283e+00,2.352963228e+00,-1.323518718e-02
1.273000000e-04,5.000000000e+00,3.677142877e+00,2.354286415e+00,-1.322857124e-02
1.274000000e-04,5.000000000e+00,3.677804140e+00,2.355608941e+00,-1.322195861e-02
1.275000000e-04,5.000000000e+00,3.678465072e+00,2.356930806e+00,-1.321534928e-02
1.276000000e-04,5.000000000e+00,3.679125674e+00,2.358252010e+00,-1.320874326e-02
1.277000000e-04,5.000000000e+00,3.679785946e+00,2.359572553e+00,-1.320214054e-02
1.278000000e-04,5.000000000e+00,3.680445888e+00,2.360892437e+00,-1.319554112e-02
1.279000000e-04,5.000000000e+00,3.681105500e+00,2.362211660e+00,-1.318894500e-02
1.280000000e-04,5.000000000e+00,3.681764782e+00,2.363530224e+00,-1.318235218e-02
1.281000000e-04,5.000000000e+00,3.682423735e+00,2.364848130e+00,-1.317576265e-02
1.282000000e-04,5.000000000e+00,3.683082358e+00,2.366165376e+00,-1.316917642e-02
1.283000000e-04,5.000000000e+00,3.683740653e+00,2.367481964e+00,-1.316259348e-02
1.284000000e-04,5.000000000e+00,3.684398618e+00,2.368797893e+00,-1.315601383e-02
1.285000000e-04,5.000000000e+00,3.685056254e+00,2.370113165e+00,-1.314943747e-02
1.286000000e-04,5.000000000e+00,3.685713561e+00,2.371427780e+00,-1.314286439e-02
1.287000000e-04,5.000000000e+00,3.686370540e+00,2.372741737e+00,-1.313629461e-02
1.288000000e-04,5.000000000e+00,3.687027190e+00,2.374055037e+00,-1.312972810e-02
1.289000000e-04,5.000000000e+00,3.687683512e+00,2.375367681e+00,-1.312316488e-02
1.290000000e-04,5.000000000e+00,3.688339506e+00,2.376679669e+00,-1.311660494e-02
1.291000000e-04,5.000000000e+00,3.688995173e+00,2.377991001e+00,-1.311004828e-02
1.292000000e-04,5.000000000e+00,3.689650511e+00,2.379301678e+00,-1.310349489e-02
1.293000000e-04,5.000000000e+00,3.690305522e+00,2.380611699e+00,-1.309694479e-02
1.294000000e-04,5.000000000e+00,3.690960205e+00,2.381921065e+00,-1.309039795e-02
1.295000000e-04,5.000000000e+00,3.691614561e+00,2.383229777e+00,-1.308385439e-02
1.296000000e-04,5.000000000e+00,3.692268590e+00,2.384537835e+00,-1.307731410e-02
1.297000000e-04,5.000000000e+00,3.692922293e+00,2.385845239e+00,-1.307077708e-02
1.298000000e-04,5.000000000e+00,3.693575668e+00,2.387151989e+00,-1.306424333e-02
1.299000000e-04,5.000000000e+00,3.694228717e+00,2.388458087e+00,-1.305771284e-02
1.300000000e-04,5.000000000e+00,3.694881439e+00,2.389763531e+00,-1.305118562e-02
1.301000000e-04,5.000000000e+00,3.695533835e+00,2.391068322e+00,-1.304466166e-02
1.302000000e-04,5.000000000e+00,3.696185905e+00,2.392372462e+00,-1.303814096e-02
1.303000000e-04,5.000000000e+00,3.696837649e+00,2.393675950e+00,-1.303162352e-02
1.304000000e-04,5.000000000e+00,3.697489067e+00,2.394978785e+00,-1.302510934e-02
1.305000000e-04,5.000000000e+00,3.698140159e+00,2.396280970e+00,-1.301859841e-02
1.306000000e-04,5.000000000e+00,3.698790927e+00,2.397582504e+00,-1.301209074e-02
1.307000000e-04,5.000000000e+00,3.699441368e+00,2.398883387e+00,-1.300558632e-02
1.308000000e-04,5.000000000e+00,3.700091485e+00,2.400183620e+00,-1.299908516e-02
1.309000000e-04,5.000000000e+00,3.700741277e+00,2.401483203e+00,-1.299258724e-02
1.310000000e-04,5.000000000e+00,3.701390743e+00,2.402782136e+00,-1.298609257e-02
1.311000000e-04,5.000000000e+00,3.702039886e+00,2.404080420e+00,-1.297960115e-02
1.312000000e-04,5.000000000e+00,3.702688703e+00,2.405378055e+00,-1.297311297e-02
1.313000000e-04,5.000000000e+00,3.703337197e+00,2.406675042e+00,-1.296662804e-02
1.314000000e-04,5.000000000e+00,3.703985366e+00,2.407971380e+00,-1.296014635e-02
1.315000000e-04,5.000000000e+00,3.704633211e+00,2.409267070e+00,-1.295366790e-02
1.316000000e-04,5.000000000e+00,3.705280732e+00,2.410562112e+00,-1.294719268e-02
1.317000000e-04,5.000000000e+00,3.705927930e+00,2.411856507e+00,-1.294072071e-02
1.318000000e-04,5.000000000e+00,3.706574804e+00,2.413150255e+00,-1.293425196e-02
1.319000000e-04,5.000000000e+00,3.707221355e+00,2.414443357e+00,-1.292778646e-02
1.320000000e-04,5.000000000e+00,3.707867582e+00,2.415735811e+00,-1.292132418e-02
1.321000000e-04,5.000000000e+00,3.708513487e+00,2.417027620e+00,-1.291486513e-02
1.322000000e-04,5.000000000e+00,3.709159069e+00,2.418318783e+00,-1.290840932e-02
1.323000000e-04,5.000000000e+00,3.709804328e+00,2.419609301e+00,-1.290195673e-02
1.324000000e-04,5.000000000e+00,3.710449264e+00,2.420899173e+00,-1.289550736e-02
1.325000000e-04,5.000000000e+00,3.711093878e+00,2.422188401e+00,-1.288906122e-02
1.326000000e-04,5.000000000e+00,3.711738170e+00,2.423476985e+00,-1.288261830e-02
1.327000000e-04,5.000000000e+00,3.712382140e+00,2.424764924e+00,-1.287617861e-02
1.328000000e-04,5.000000000e+00,3.713025788e+00,2.426052219e+00,-1.286974213e-02
1.329000000e-04,5.000000000e+00,3.713669114e+00,2.427338871e+00,-1.286330887e-02
1.330000000e-04,5.000000000e+00,3.714312118e+00,2.428624880e+00,-1.285687882e-02
1.331000000e-04,5.000000000e+00,3.714954801e+00,2.429910246e+00,-1.285045199e-02
1.332000000e-04,5.000000000e+00,3.715597163e+00,2.431194969e+00,-1.284402837e-02
1.333000000e-04,5.000000000e+00,3.716239204e+00,2.432479050e+00,-1.283760797e-02
1.334000000e-04,5.000000000e+00,3.716880924e+00,2.433762489e+00,-1.283119077e-02
1.335000000e-04,5.000000000e+00,3.717522323e+00,2.435045287e+00,-1.282477678e-02
1.336000000e-04,5.000000000e+00,3.718163401e+00,2.436327444e+00,-1.281836599e-02
1.337000000e-04,5.000000000e+00,3.718804159e+00,2.437608959e+00,-1.281195841e-02
1.338000000e-04,5.000000000e+00,3.719444597e+00,2.438889834e+00,-1.280555404e-02
1.339000000e-04,5.000000000e+00,3.720084714e+00,2.440170069e+00,-1.279915286e-02
1.340000000e-04,5.000000000e+00,3.720724512e+00,2.441449664e+00,-1.279275489e-02
1.341000000e-04,5.000000000e+00,3.721363989e+00,2.442728619e+00,-1.278636011e-02
1.342000000e-04,5.000000000e+00,3.722003148e+00,2.444006934e+00,-1.277996853e-02
1.343000000e-04,5.000000000e+00,3.722641986e+00,2.445284611e+00,-1.277358014e-02
1.344000000e-04,5.000000000e+00,3.723280505e+00,2.446561649e+00,-1.276719495e-02
1.345000000e-04,5.000000000e+00,3.723918705e+00,2.447838049e+00,-1.276081295e-02
1.346000000e-04,5.000000000e+00,3.724556586e+00,2.449113811e+00,-1.275443414e-02
1.347000000e-04,5.000000000e+00,3.725194148e+00,2.450388935e+00,-1.274805852e-02
1.348000000e-04,5.000000000e+00,3.725831392e+00,2.451663421e+00,-1.274168609e-02
1.349000000e-04,5.000000000e+00,3.726468317e+00,2.452937271e+00,-1.273531684e-02
1.350000000e-04,5.000000000e+00,3.727104923e+00,2.454210484e+00,-1.272895077e-02
1.351000000e-04,5.000000000e+00,3.727741212e+00,2.455483060e+00,-1.272258789e-02
1.352000000e-04,5.000000000e+00,3.728377182e+00,2.456755000e+00,-1.271622819e-02
1.353000000e-04,5.000000000e+00,3.729012834e+00,2.458026304e+00,-1.270987166e-02
1.354000000e-04,5.000000000e+00,3.729648169e+00,2.459296973e+00,-1.270351832e-02
1.355000000e-04,5.000000000e+00,3.730283186e+00,2.460567007e+00,-1.269716815e-02
1.356000000e-04,5.000000000e+00,3.730917885e+00,2.461836406e+00,-1.269082115e-02
1.357000000e-04,5.000000000e+00,3.731552268e+00,2.463105170e+00,-1.268447733e-02
1.358000000e-04,5.000000000e+00,3.732186333e+00,2.464373300e+00,-1.267813668e-02
1.359000000e-04,5.000000000e+00,3.732820081e+00,2.465640796e+00,-1.267179919e-02
1.360000000e-04,5.000000000e+00,3.733453513e+00,2.466907659e+00,-1.266546488e-02
1.361000000e-04,5.000000000e+00,3.734086627e+00,2.468173888e+00,-1.265913373e-02
1.362000000e-04,5.000000000e+00,3.734719426e+00,2.469439484e+00,-1.265280575e-02
1.363000000e-04,5.000000000e+00,3.735351908e+00,2.470704448e+00,-1.264648093e-02
1.364000000e-04,5.000000000e+00,3.735984073e+00,2.471968779e+00,-1.264015927e-02
1.365000000e-04,5.000000000e+00,3.736615923e+00,2.473232479e+00,-1.263384077e-02
1.366000000e-04,5.000000000e+00,3.737247457e+00,2.474495546e+00,-1.262752543e-02
1.367000000e-04,5.000000000e+00,3.737878676e+00,2.475757983e+00,-1.262121325e-02
1.368000000e-04,5.000000000e+00,3.738509578e+00,2.477019788e+00,-1.261490422e-02
1.369000000e-04,5.000000000e+00,3.739140166e+00,2.478280962e+00,-1.260859835e-02
1.370000000e-04,5.000000000e+00,3.739770438e+00,2.479541506e+00,-1.260229563e-02
1.371000000e-04,5.000000000e+00,3.740400395e+00,2.480801420e+00,-1.259599605e-02
1.372000000e-04,5.000000000e+00,3.741030037e+00,2.482060705e+00,-1.258969963e-02
1.373000000e-04,5.000000000e+00,3.741659365e+00,2.483319359e+00,-1.258340636e-02
1.374000000e-04,5.000000000e+00,3.742288378e+00,2.484577385e+00,-1.257711623e-02
1.375000000e-04,5.000000000e+00,3.742917076e+00,2.485834781e+00,-1.257082924e-02
1.376000000e-04,5.000000000e+00,3.743545460e+00,2.487091549e+00,-1.256454540e-02
1.377000000e-04,5.000000000e+00,3.744173530e+00,2.488347689e+00,-1.255826470e-02
1.378000000e-04,5.000000000e+00,3.744801287e+00,2.489603201e+00,-1.255198714e-02
1.379000000e-04,5.000000000e+00,3.745428729e+00,2.490858086e+00,-1.254571272e-02
1.380000000e-04,5.000000000e+00,3.746055858e+00,2.492112343e+00,-1.253944143e-02
1.381000000e-04,5.000000000e+00,3.746682673e+00,2.493365973e+00,-1.253317328e-02
1.382000000e-04,5.000000000e+00,3.747309175e+00,2.494618976e+00,-1.252690826e-02
1.383000000e-04,5.000000000e+00,3.747935363e+00,2.495871353e+00,-1.252064637e-02
1.384000000e-04,5.000000000e+00,3.748561239e+00,2.497123104e+00,-1.251438761e-02
1.385000000e-04,5.000000000e+00,3.749186802e+00,2.498374230e+00,-1.250813199e-02
1.386000000e-04,5.000000000e+00,3.749812052e+00,2.499624730e+00,-1.250187948e-02
1.387000000e-04,5.000000000e+00,3.750436990e+00,2.500874604e+00,-1.249563011e-02
1.388000000e-04,5.000000000e+00,3.751061615e+00,2.502123854e+00,-1.248938386e-02
1.389000000e-04,5.000000000e+00,3.751685928e+00,2.503372480e+00,-1.248314073e-02
1.390000000e-04,5.000000000e+00,3.752309929e+00,2.504620481e+00,-1.247690072e-02
1.391000000e-04,5.000000000e+00,3.752933618e+00,2.505867859e+00,-1.247066383e-02
1.392000000e-04,5.000000000e+00,3.753556995e+00,2.507114613e+00,-1.246443006e-02
1.393000000e-04,5.000000000e+00,3.754180060e+00,2.508360744e+00,-1.245819940e-02
1.394000000e-04,5.000000000e+00,3.754802814e+00,2.509606252e+00,-1.245197186e-02
1.395000000e-04,5.000000000e+00,3.755425257e+00,2.510851137e+00,-1.244574743e-02
1.396000000e-04,5.000000000e+00,3.756047389e+00,2.512095400e+00,-1.243952612e-02
1.397000000e-04,5.000000000e+00,3.756669210e+00,2.513339041e+00,-1.243330791e-02
1.398000000e-04,5.000000000e+00,3.757290719e+00,2.514582061e+00,-1.242709281e-02
1.399000000e-04,5.000000000e+00,3.757911919e+00,2.515824459e+00,-1.242088082e-02
1.400000000e-04,5.000000000e+00,3.758532807e+00,2.517066236e+00,-1.241467193e-02
1.401000000e-04,5.000000000e+00,3.759153386e+00,2.518307392e+00,-1.240846615e-02
1.402000000e-04,5.000000000e+00,3.759773654e+00,2.519547928e+00,-1.240226347e-02
1.403000000e-04,5.000000000e+00,3.760393612e+00,2.520787844e+00,-1.239606389e-02
1.404000000e-04,5.000000000e+00,3.761013260e+00,2.522027140e+00,-1.238986741e-02
1.405000000e-04,5.000000000e+00,3.761632598e+00,2.523265816e+00,-1.238367402e-02
1.406000000e-04,5.000000000e+00,3.762251627e+00,2.524503873e+00,-1.237748374e-02
1.407000000e-04,5.000000000e+00,3.762870346e+00,2.525741312e+00,-1.237129654e-02
1.408000000e-04,5.000000000e+00,3.763488756e+00,2.526978131e+00,-1.236511244e-02
1.409000000e-04,5.000000000e+00,3.764106857e+00,2.528214333e+00,-1.235893143e-02
1.410000000e-04,5.000000000e+00,3.764724649e+00,2.529449917e+00,-1.235275351e-02
1.411000000e-04,5.000000000e+00,3.765342132e+00,2.530684883e+00,-1.234657868e-02
1.412000000e-04,5.000000000e+00,3.765959307e+00,2.531919231e+00,-1.234040694e-02
1.413000000e-04,5.000000000e+00,3.766576173e+00,2.533152963e+00,-1.233423828e-02
1.414000000e-04,5.000000000e+00,3.767192730e+00,2.534386078e+00,-1.232807270e-02
1.415000000e-04,5.000000000e+00,3.767808980e+00,2.535618576e+00,-1.232191021e-02
1.416000000e-04,5.000000000e+00,3.768424921e+00,2.536850459e+00,-1.231575079e-02
1.417000000e-04,5.000000000e+00,3.769040555e+00,2.538081725e+00,-1.230959446e-02
1.418000000e-04,5.000000000e+00,3.769655880e+00,2.539312376e+00,-1.230344120e-02
1.419000000e-04,5.000000000e+00,3.770270899e+00,2.540542412e+00,-1.229729102e-02
1.420000000e-04,5.000000000e+00,3.770885609e+00,2.541771834e+00,-1.229114391e-02
1.421000000e-04,5.000000000e+00,3.771500013e+00,2.543000640e+00,-1.228499988e-02
1.422000000e-04,5.000000000e+00,3.772114109e+00,2.544228832e+00,-1.227885891e-02
1.423000000e-04,5.000000000e+00,3.772727898e+00,2.545456411e+00,-1.227272102e-02
1.424000000e-04,5.000000000e+00,3.773341381e+00,2.546683376e+00,-1.226658620e-02
1.425000000e-04,5.000000000e+00,3.773954557e+00,2.547909727e+00,-1.226045444e-02
1.426000000e-04,5.000000000e+00,3.774567426e+00,2.549135465e+00,-1.225432574e-02
1.427000000e-04,5.000000000e+00,3.775179989e+00,2.550360591e+00,-1.224820011e-02
1.428000000e-04,5.000000000e+00,3.775792246e+00,2.551585104e+00,-1.224207755e-02
1.429000000e-04,5.000000000e+00,3.776404197e+00,2.552809005e+00,-1.223595804e-02
1.430000000e-04,5.000000000e+00,3.777015841e+00,2.554032295e+00,-1.222984159e-02
1.431000000e-04,5.000000000e+00,3.777627181e+00,2.555254973e+00,-1.222372820e-02
1.432000000e-04,5.000000000e+00,3.778238214e+00,2.556477039e+00,-1.221761786e-02
1.433000000e-04,5.000000000e+00,3.778848942e+00,2.557698495e+00,-1.221151058e-02
1.434000000e-04,5.000000000e+00,3.779459365e+00,2.558919340e+00,-1.220540636e-02
1.435000000e-04,5.000000000e+00,3.780069482e+00,2.560139575e+00,-1.219930518e-02
1.436000000e-04,5.000000000e+00,3.780679295e+00,2.561359200e+00,-1.219320705e-02
1.437000000e-04,5.000000000e+00,3.781288803e+00,2.562578216e+00,-1.218711198e-02
1.438000000e-04,5.000000000e+00,3.781898006e+00,2.563796622e+00,-1.218101994e-02
1.439000000e-04,5.000000000e+00,3.782506905e+00,2.565014419e+00,-1.217493096e-02
1.440000000e-04,5.000000000e+00,3.783115499e+00,2.566231607e+00,-1.216884502e-02
1.441000000e-04,5.000000000e+00,3.783723789e+00,2.567448186e+00,-1.216276212e-02
1.442000000e-04,5.000000000e+00,3.784331775e+00,2.568664158e+00,-1.215668226e-02
1.443000000e-04,5.000000000e+00,3.784939457e+00,2.569879522e+00,-1.215060544e-02
1.444000000e-04,5.000000000e+00,3.785546835e+00,2.571094278e+00,-1.214453165e-02
1.445000000e-04,5.000000000e+00,3.786153910e+00,2.572308427e+00,-1.213846091e-02
1.446000000e-04,5.000000000e+00,3.786760681e+00,2.573521969e+00,-1.213239319e-02
1.447000000e-04,5.000000000e+00,3.787367149e+00,2.574734905e+00,-1.212632852e-02
1.448000000e-04,5.000000000e+00,3.787973314e+00,2.575947234e+00,-1.212026687e-02
1.449000000e-04,5.000000000e+00,3.788579175e+00,2.577158957e+00,-1.211420825e-02
1.450000000e-04,5.000000000e+00,3.789184734e+00,2.578370074e+00,-1.210815266e-02
1.451000000e-04,5.000000000e+00,3.789789990e+00,2.579580586e+00,-1.210210010e-02
1.452000000e-04,5.000000000e+00,3.790394944e+00,2.580790493e+00,-1.209605056e-02
1.453000000e-04,5.000000000e+00,3.790999595e+00,2.581999795e+00,-1.209000405e-02
1.454000000e-04,5.000000000e+00,3.791603944e+00,2.583208493e+00,-1.208396056e-02
1.455000000e-04,5.000000000e+00,3.792207991e+00,2.584416586e+00,-1.207792009e-02
1.456000000e-04,5.000000000e+00,3.792811736e+00,2.585624076e+00,-1.207188265e-02
1.457000000e-04,5.000000000e+00,3.793415179e+00,2.586830962e+00,-1.206584821e-02
1.458000000e-04,5.000000000e+00,3.794018321e+00,2.588037244e+00,-1.205981680e-02
1.459000000e-04,5.000000000e+00,3.794621161e+00,2.589242924e+00,-1.205378840e-02
1.460000000e-04,5.000000000e+00,3.795223699e+00,2.590448001e+00,-1.204776301e-02
1.461000000e-04,5.000000000e+00,3.795825937e+00,2.591652476e+00,-1.204174064e-02
1.462000000e-04,5.000000000e+00,3.796427873e+00,2.592856348e+00,-1.203572128e-02
1.463000000e-04,5.000000000e+00,3.797029508e+00,2.594059619e+00,-1.202970492e-02
1.464000000e-04,5.000000000e+00,3.797630843e+00,2.595262288e+00,-1.202369157e-02
1.465000000e-04,5.000000000e+00,3.798231877e+00,2.596464356e+00,-1.201768123e-02
1.466000000e-04,5.000000000e+00,3.798832611e+00,2.597665823e+00,-1.201167389e-02
1.467000000e-04,5.000000000e+00,3.799433045e+00,2.598866690e+00,-1.200566956e-02
1.468000000e-04,5.000000000e+00,3.800033178e+00,2.600066956e+00,-1.199966823e-02
1.469000000e-04,5.000000000e+00,3.800633011e+00,2.601266622e+00,-1.199366989e-02
1.470000000e-04,5.000000000e+00,3.801232545e+00,2.602465689e+00,-1.198767456e-02
1.471000000e-04,5.000000000e+00,3.801831778e+00,2.603664156e+00,-1.198168222e-02
1.472000000e-04,5.000000000e+00,3.802430713e+00,2.604862024e+00,-1.197569288e-02
1.473000000e-04,5.000000000e+00,3.803029347e+00,2.606059294e+00,-1.196970653e-02
1.474000000e-04,5.000000000e+00,3.803627683e+00,2.607255964e+00,-1.196372318e-02
1.475000000e-04,5.000000000e+00,3.804225719e+00,2.608452037e+00,-1.195774281e-02
1.476000000e-04,5.000000000e+00,3.804823457e+00,2.609647512e+00,-1.195176544e-02
1.477000000e-04,5.000000000e+00,3.805420896e+00,2.610842389e+00,-1.194579105e-02
1.478000000e-04,5.000000000e+00,3.806018036e+00,2.612036669e+00,-1.193981965e-02
1.479000000e-04,5.000000000e+00,3.806614877e+00,2.613230352e+00,-1.193385123e-02
1.480000000e-04,5.000000000e+00,3.807211421e+00,2.614423438e+00,-1.192788580e-02
1.481000000e-04,5.000000000e+00,3.807807666e+00,2.615615928e+00,-1.192192335e-02
1.482000000e-04,5.000000000e+00,3.808403613e+00,2.616807822e+00,-1.191596388e-02
1.483000000e-04,5.000000000e+00,3.808999262e+00,2.617999120e+00,-1.191000739e-02
1.484000000e-04,5.000000000e+00,3.809594613e+00,2.619189822e+00,-1.190405387e-02
1.485000000e-04,5.000000000e+00,3.810189667e+00,2.620379930e+00,-1.189810333e-02
1.486000000e-04,5.000000000e+00,3.810784423e+00,2.621569442e+00,-1.189215577e-02
1.487000000e-04,5.000000000e+00,3.811378882e+00,2.622758360e+00,-1.188621118e-02
1.488000000e-04,5.000000000e+00,3.811973044e+00,2.623946683e+00,-1.188026956e-02
1.489000000e-04,5.000000000e+00,3.812566909e+00,2.625134412e+00,-1.187433091e-02
1.490000000e-04,5.000000000e+00,3.813160477e+00,2.626321548e+00,-1.186839523e-02
1.491000000e-04,5.000000000e+00,3.813753748e+00,2.627508090e+00,-1.186246252e-02
1.492000000e-04,5.000000000e+00,3.814346723e+00,2.628694040e+00,-1.185653277e-02
1.493000000e-04,5.000000000e+00,3.814939402e+00,2.629879396e+00,-1.185060599e-02
1.494000000e-04,5.000000000e+00,3.815531784e+00,2.631064160e+00,-1.184468217e-02
1.495000000e-04,5.000000000e+00,3.816123869e+00,2.632248331e+00,-1.183876131e-02
1.496000000e-04,5.000000000e+00,3.816715659e+00,2.633431911e+00,-1.183284341e-02
1.497000000e-04,5.000000000e+00,3.817307154e+00,2.634614899e+00,-1.182692847e-02
1.498000000e-04,5.000000000e+00,3.817898352e+00,2.635797296e+00,-1.182101648e-02
1.499000000e-04,5.000000000e+00,3.818489255e+00,2.636979101e+00,-1.181510745e-02
1.500000000e-04,5.000000000e+00,3.819079863e+00,2.638160316e+00,-1.180920138e-02
1.501000000e-04,5.000000000e+00,3.819670175e+00,2.639340940e+00,-1.180329826e-02
1.502000000e-04,5.000000000e+00,3.820260192e+00,2.640520975e+00,-1.179739808e-02
1.503000000e-04,5.000000000e+00,3.820849914e+00,2.641700419e+00,-1.179150086e-02
1.504000000e-04,5.000000000e+00,3.821439342e+00,2.642879274e+00,-1.178560658e-02
1.505000000e-04,5.000000000e+00,3.822028475e+00,2.644057539e+00,-1.177971526e-02
1.506000000e-04,5.000000000e+00,3.822617313e+00,2.645235216e+00,-1.177382687e-02
1.507000000e-04,5.000000000e+00,3.823205857e+00,2.646412304e+00,-1.176794143e-02
1.508000000e-04,5.000000000e+00,3.823794107e+00,2.647588803e+00,-1.176205893e-02
1.509000000e-04,5.000000000e+00,3.824382063e+00,2.648764714e+00,-1.175617937e-02
1.510000000e-04,5.000000000e+00,3.824969725e+00,2.649940038e+00,-1.175030276e-02
1.511000000e-04,5.000000000e+00,3.825557093e+00,2.651114774e+00,-1.174442907e-02
1.512000000e-04,5.000000000e+00,3.826144168e+00,2.652288923e+00,-1.173855833e-02
1.513000000e-04,5.000000000e+00,3.826730949e+00,2.653462484e+00,-1.173269052e-02
1.514000000e-04,5.000000000e+00,3.827317436e+00,2.654635460e+00,-1.172682564e-02
1.515000000e-04,5.000000000e+00,3.827903631e+00,2.655807848e+00,-1.172096370e-02
1.516000000e-04,5.000000000e+00,3.828489533e+00,2.656979651e+00,-1.171510468e-02
1.517000000e-04,5.000000000e+00,3.829075141e+00,2.658150868e+00,-1.170924859e-02
1.518000000e-04,5.000000000e+00,3.829660457e+00,2.659321500e+00,-1.170339543e-02
1.519000000e-04,5.000000000e+00,3.830245481e+00,2.660491546e+00,-1.169754520e-02
1.520000000e-04,5.000000000e+00,3.830830211e+00,2.661661008e+00,-1.169169789e-02
1.521000000e-04,5.000000000e+00,3.831414650e+00,2.662829885e+00,-1.168585350e-02
1.522000000e-04,5.000000000e+00,3.831998797e+00,2.663998178e+00,-1.168001204e-02
1.523000000e-04,5.000000000e+00,3.832582651e+00,2.665165886e+00,-1.167417349e-02
1.524000000e-04,5.000000000e+00,3.833166214e+00,2.666333011e+00,-1.166833787e-02
1.525000000e-04,5.000000000e+00,3.833749485e+00,2.667499553e+00,-1.166250516e-02
1.526000000e-04,5.000000000e+00,3.834332464e+00,2.668665511e+00,-1.165667537e-02
1.527000000e-04,5.000000000e+00,3.834915152e+00,2.669830887e+00,-1.165084849e-02
1.528000000e-04,5.000000000e+00,3.835497549e+00,2.670995680e+00,-1.164502452e-02
1.529000000e-04,5.000000000e+00,3.836079654e+00,2.672159891e+00,-1.163920346e-02
1.530000000e-04,5.000000000e+00,3.836661469e+00,2.673323519e+00,-1.163338532e-02
1.531000000e-04,5.000000000e+00,3.837242992e+00,2.674486567e+00,-1.162757008e-02
1.532000000e-04,5.000000000e+00,3.837824225e+00,2.675649032e+00,-1.162175775e-02
1.533000000e-04,5.000000000e+00,3.838405168e+00,2.676810917e+00,-1.161594833e-02
1.534000000e-04,5.000000000e+00,3.838985820e+00,2.677972221e+00,-1.161014180e-02
1.535000000e-04,5.000000000e+00,3.839566182e+00,2.679132944e+00,-1.160433819e-02
1.536000000e-04,5.000000000e+00,3.840146254e+00,2.680293088e+00,-1.159853747e-02
1.537000000e-04,5.000000000e+00,3.840726035e+00,2.681452651e+00,-1.159273965e-02
1.538000000e-04,5.000000000e+00,3.841305527e+00,2.682611635e+00,-1.158694473e-02
1.539000000e-04,5.000000000e+00,3.841884730e+00,2.683770039e+00,-1.158115271e-02
1.540000000e-04,5.000000000e+00,3.842463642e+00,2.684927864e+00,-1.157536358e-02
1.541000000e-04,5.000000000e+00,3.843042266e+00,2.686085111e+00,-1.156957735e-02
1.542000000e-04,5.000000000e+00,3.843620600e+00,2.687241778e+00,-1.156379401e-02
1.543000000e-04,5.000000000e+00,3.844198645e+00,2.688397868e+00,-1.155801356e-02
1.544000000e-04,5.000000000e+00,3.844776401e+00,2.689553380e+00,-1.155223599e-02
1.545000000e-04,5.000000000e+00,3.845353868e+00,2.690708314e+00,-1.154646132e-02
1.546000000e-04,5.000000000e+00,3.845931047e+00,2.691862671e+00,-1.154068954e-02
1.547000000e-04,5.000000000e+00,3.846507937e+00,2.693016451e+00,-1.153492063e-02
1.548000000e-04,5.000000000e+00,3.847084539e+00,2.694169654e+00,-1.152915462e-02
1.549000000e-04,5.000000000e+00,3.847660852e+00,2.695322281e+00,-1.152339148e-02
1.550000000e-04,5.000000000e+00,3.848236878e+00,2.696474332e+00,-1.151763123e-02
1.551000000e-04,5.000000000e+00,3.848812615e+00,2.697625806e+00,-1.151187385e-02
1.552000000e-04,5.000000000e+00,3.849388065e+00,2.698776705e+00,-1.150611936e-02
1.553000000e-04,5.000000000e+00,3.849963227e+00,2.699927029e+00,-1.150036774e-02
1.554000000e-04,5.000000000e+00,3.850538101e+00,2.701076778e+00,-1.149461899e-02
1.555000000e-04,5.000000000e+00,3.851112689e+00,2.702225952e+00,-1.148887312e-02
1.556000000e-04,5.000000000e+00,3.851686989e+00,2.703374552e+00,-1.148313012e-02
1.557000000e-04,5.000000000e+00,3.852261001e+00,2.704522577e+00,-1.147738999e-02
1.558000000e-04,5.000000000e+00,3.852834727e+00,2.705670029e+00,-1.147165273e-02
1.559000000e-04,5.000000000e+00,3.853408166e+00,2.706816907e+00,-1.146591834e-02
1.560000000e-04,5.000000000e+00,3.853981319e+00,2.707963211e+00,-1.146018682e-02
1.561000000e-04,5.000000000e+00,3.854554185e+00,2.709108943e+00,-1.145445816e-02
1.562000000e-04,5.000000000e+00,3.855126764e+00,2.710254102e+00,-1.144873236e-02
1.563000000e-04,5.000000000e+00,3.855699058e+00,2.711398688e+00,-1.144300943e-02
1.564000000e-04,5.000000000e+00,3.856271065e+00,2.712542703e+00,-1.143728935e-02
1.565000000e-04,5.000000000e+00,3.856842787e+00,2.713686145e+00,-1.143157214e-02
1.566000000e-04,5.000000000e+00,3.857414222e+00,2.714829016e+00,-1.142585778e-02
1.567000000e-04,5.000000000e+00,3.857985372e+00,2.715971316e+00,-1.142014628e-02
1.568000000e-04,5.000000000e+00,3.858556237e+00,2.717113044e+00,-1.141443764e-02
1.569000000e-04,5.000000000e+00,3.859126816e+00,2.718254202e+00,-1.140873185e-02
1.570000000e-04,5.000000000e+00,3.859697110e+00,2.719394790e+00,-1.140302891e-02
1.571000000e-04,5.000000000e+00,3.860267118e+00,2.720534807e+00,-1.139732882e-02
1.572000000e-04,5.000000000e+00,3.860836842e+00,2.721674254e+00,-1.139163158e-02
1.573000000e-04,5.000000000e+00,3.861406281e+00,2.722813132e+00,-1.138593719e-02
1.574000000e-04,5.000000000e+00,3.861975436e+00,2.723951441e+00,-1.138024565e-02
1.575000000e-04,5.000000000e+00,3.862544306e+00,2.725089180e+00,-1.137455695e-02
1.576000000e-04,5.000000000e+00,3.863112891e+00,2.726226351e+00,-1.136887109e-02
1.577000000e-04,5.000000000e+00,3.863681192e+00,2.727362954e+00,-1.136318808e-02
1.578000000e-04,5.000000000e+00,3.864249210e+00,2.728498988e+00,-1.135750791e-02
1.579000000e-04,5.000000000e+00,3.864816943e+00,2.729634454e+00,-1.135183057e-02
1.580000000e-04,5.000000000e+00,3.865384393e+00,2.730769353e+00,-1.134615608e-02
1.581000000e-04,5.000000000e+00,3.865951558e+00,2.731903684e+00,-1.134048442e-02
1.582000000e-04,5.000000000e+00,3.866518441e+00,2.733037449e+00,-1.133481560e-02
1.583000000e-04,5.000000000e+00,3.867085040e+00,2.734170646e+00,-1.132914961e-02
1.584000000e-04,5.000000000e+00,3.867651356e+00,2.735303278e+00,-1.132348645e-02
1.585000000e-04,5.000000000e+00,3.868217388e+00,2.736435343e+00,-1.131782612e-02
1.586000000e-04,5.000000000e+00,3.868783138e+00,2.737566842e+00,-1.131216863e-02
1.587000000e-04,5.000000000e+00,3.869348605e+00,2.738697775e+00,-1.130651396e-02
1.588000000e-04,5.000000000e+00,3.869913789e+00,2.739828144e+00,-1.130086211e-02
1.589000000e-04,5.000000000e+00,3.870478691e+00,2.740957947e+00,-1.129521310e-02
1.590000000e-04,5.000000000e+00,3.871043310e+00,2.742087185e+00,-1.128956690e-02
1.591000000e-04,5.000000000e+00,3.871607647e+00,2.743215859e+00,-1.128392353e-02
1.592000000e-04,5.000000000e+00,3.872171702e+00,2.744343969e+00,-1.127828298e-02
1.593000000e-04,5.000000000e+00,3.872735475e+00,2.745471515e+00,-1.127264525e-02
1.594000000e-04,5.000000000e+00,3.873298967e+00,2.746598497e+00,-1.126701034e-02
1.595000000e-04,5.000000000e+00,3.873862176e+00,2.747724916e+00,-1.126137824e-02
1.596000000e-04,5.000000000e+00,3.874425104e+00,2.748850772e+00,-1.125574896e-02
1.597000000e-04,5.000000000e+00,3.874987751e+00,2.749976065e+00,-1.125012250e-02
1.598000000e-04,5.000000000e+00,3.875550116e+00,2.751100795e+00,-1.124449884e-02
1.599000000e-04,5.000000000e+00,3.876112200e+00,2.752224963e+00,-1.123887800e-02
1.600000000e-04,5.000000000e+00,3.876674004e+00,2.753348570e+00,-1.123325997e-02
1.601000000e-04,5.000000000e+00,3.877235526e+00,2.754471614e+00,-1.122764474e-02
1.602000000e-04,5.000000000e+00,3.877796768e+00,2.755594098e+00,-1.122203232e-02
1.603000000e-04,5.000000000e+00,3.878357729e+00,2.756716020e+00,-1.121642271e-02
1.604000000e-04,5.000000000e+00,3.878918410e+00,2.757837381e+00,-1.121081590e-02
1.605000000e-04,5.000000000e+00,3.879478811e+00,2.758958182e+00,-1.120521190e-02
1.606000000e-04,5.000000000e+00,3.880038931e+00,2.760078422e+00,-1.119961069e-02
1.607000000e-04,5.000000000e+00,3.880598771e+00,2.761198103e+00,-1.119401229e-02
1.608000000e-04,5.000000000e+00,3.881158332e+00,2.762317224e+00,-1.118841668e-02
1.609000000e-04,5.000000000e+00,3.881717613e+00,2.763435785e+00,-1.118282388e-02
1.610000000e-04,5.000000000e+00,3.882276614e+00,2.764553788e+00,-1.117723386e-02
1.611000000e-04,5.000000000e+00,3.882835336e+00,2.765671231e+00,-1.117164664e-02
1.612000000e-04,5.000000000e+00,3.883393779e+00,2.766788116e+00,-1.116606222e-02
1.613000000e-04,5.000000000e+00,3.883951942e+00,2.767904443e+00,-1.116048058e-02
1.614000000e-04,5.000000000e+00,3.884509827e+00,2.769020211e+00,-1.115490174e-02
1.615000000e-04,5.000000000e+00,3.885067432e+00,2.770135422e+00,-1.114932568e-02
1.616000000e-04,5.000000000e+00,3.885624759e+00,2.771250075e+00,-1.114375242e-02
1.617000000e-04,5.000000000e+00,3.886181807e+00,2.772364171e+00,-1.113818193e-02
1.618000000e-04,5.000000000e+00,3.886738577e+00,2.773477711e+00,-1.113261424e-02
1.619000000e-04,5.000000000e+00,3.887295068e+00,2.774590693e+00,-1.112704932e-02
1.620000000e-04,5.000000000e+00,3.887851282e+00,2.775703120e+00,-1.112148719e-02
1.621000000e-04,5.000000000e+00,3.888407217e+00,2.776814990e+00,-1.111592784e-02
1.622000000e-04,5.000000000e+00,3.888962874e+00,2.777926304e+00,-1.111037126e-02
1.623000000e-04,5.000000000e+00,3.889518254e+00,2.779037063e+00,-1.110481747e-02
1.624000000e-04,5.000000000e+00,3.890073356e+00,2.780147267e+00,-1.109926645e-02
1.625000000e-04,5.000000000e+00,3.890628180e+00,2.781256915e+00,-1.109371820e-02
1.626000000e-04,5.000000000e+00,3.891182727e+00,2.782366009e+00,-1.108817273e-02
1.627000000e-04,5.000000000e+00,3.891736997e+00,2.783474549e+00,-1.108263003e-02
1.628000000e-04,5.000000000e+00,3.892290990e+00,2.784582534e+00,-1.107709010e-02
1.629000000e-04,5.000000000e+00,3.892844706e+00,2.785689966e+00,-1.107155295e-02
1.630000000e-04,5.000000000e+00,3.893398145e+00,2.786796844e+00,-1.106601855e-02
1.631000000e-04,5.000000000e+00,3.893951308e+00,2.787903169e+00,-1.106048693e-02
1.632000000e-04,5.000000000e+00,3.894504194e+00,2.789008940e+00,-1.105495807e-02
1.633000000e-04,5.000000000e+00,3.895056803e+00,2.790114159e+00,-1.104943197e-02
1.634000000e-04,5.000000000e+00,3.895609137e+00,2.791218826e+00,-1.104390864e-02
1.635000000e-04,5.000000000e+00,3.896161194e+00,2.792322940e+00,-1.103838807e-02
1.636000000e-04,5.000000000e+00,3.896712975e+00,2.793426502e+00,-1.103287025e-02
1.637000000e-04,5.000000000e+00,3.897264481e+00,2.794529513e+00,-1.102735520e-02
1.638000000e-04,5.000000000e+00,3.897815710e+00,2.795631972e+00,-1.102184290e-02
1.639000000e-04,5.000000000e+00,3.898366665e+00,2.796733881e+00,-1.101633336e-02
1.640000000e-04,5.000000000e+00,3.898917344e+00,2.797835238e+00,-1.101082657e-02
1.641000000e-04,5.000000000e+00,3.899467747e+00,2.798936045e+00,-1.100532253e-02
1.642000000e-04,5.000000000e+00,3.900017876e+00,2.800036302e+00,-1.099982125e-02
1.643000000e-04,5.000000000e+00,3.900567729e+00,2.801136008e+00,-1.099432271e-02
1.644000000e-04,5.000000000e+00,3.901117308e+00,2.802235165e+00,-1.098882693e-02
1.645000000e-04,5.000000000e+00,3.901666611e+00,2.803333773e+00,-1.098333389e-02
1.646000000e-04,5.000000000e+00,3.902215641e+00,2.804431831e+00,-1.097784360e-02
1.647000000e-04,5.000000000e+00,3.902764396e+00,2.805529340e+00,-1.097235605e-02
1.648000000e-04,5.000000000e+00,3.903312876e+00,2.806626301e+00,-1.096687124e-02
1.649000000e-04,5.000000000e+00,3.903861083e+00,2.807722714e+00,-1.096138918e-02
1.650000000e-04,5.000000000e+00,3.904409015e+00,2.808818578e+00,-1.095590986e-02
1.651000000e-04,5.000000000e+00,3.904956673e+00,2.809913895e+00,-1.095043327e-02
1.652000000e-04,5.000000000e+00,3.905504058e+00,2.811008664e+00,-1.094495943e-02
1.653000000e-04,5.000000000e+00,3.906051169e+00,2.812102885e+00,-1.093948831e-02
1.654000000e-04,5.000000000e+00,3.906598007e+00,2.813196560e+00,-1.093401994e-02
1.655000000e-04,5.000000000e+00,3.907144571e+00,2.814289688e+00,-1.092855430e-02
1.656000000e-04,5.000000000e+00,3.907690862e+00,2.815382270e+00,-1.092309139e-02
1.657000000e-04,5.000000000e+00,3.908236880e+00,2.816474306e+00,-1.091763121e-02
1.658000000e-04,5.000000000e+00,3.908782625e+00,2.817565795e+00,-1.091217376e-02
1.659000000e-04,5.000000000e+00,3.909328097e+00,2.818656739e+00,-1.090671904e-02
1.660000000e-04,5.000000000e+00,3.909873296e+00,2.819747138e+00,-1.090126704e-02
1.661000000e-04,5.000000000e+00,3.910418223e+00,2.820836992e+00,-1.089581777e-02
1.662000000e-04,5.000000000e+00,3.910962878e+00,2.821926301e+00,-1.089037123e-02
1.663000000e-04,5.000000000e+00,3.911507260e+00,2.823015065e+00,-1.088492740e-02
1.664000000e-04,5.000000000e+00,3.912051370e+00,2.824103285e+00,-1.087948630e-02
1.665000000e-04,5.000000000e+00,3.912595209e+00,2.825190961e+00,-1.087404792e-02
1.666000000e-04,5.000000000e+00,3.913138775e+00,2.826278094e+00,-1.086861225e-02
1.667000000e-04,5.000000000e+00,3.913682070e+00,2.827364683e+00,-1.086317931e-02
1.668000000e-04,5.000000000e+00,3.914225093e+00,2.828450729e+00,-1.085774908e-02
1.669000000e-04,5.000000000e+00,3.914767844e+00,2.829536232e+00,-1.085232156e-02
1.670000000e-04,5.000000000e+00,3.915310325e+00,2.830621192e+00,-1.084689676e-02
1.671000000e-04,5.000000000e+00,3.915852534e+00,2.831705610e+00,-1.084147467e-02
1.672000000e-04,5.000000000e+00,3.916394472e+00,2.832789486e+00,-1.083605529e-02
1.673000000e-04,5.000000000e+00,3.916936139e+00,2.833872820e+00,-1.083063861e-02
1.674000000e-04,5.000000000e+00,3.917477536e+00,2.834955613e+00,-1.082522465e-02
1.675000000e-04,5.000000000e+00,3.918018661e+00,2.836037864e+00,-1.081981339e-02
1.676000000e-04,5.000000000e+00,3.918559517e+00,2.837119575e+00,-1.081440484e-02
1.677000000e-04,5.000000000e+00,3.919100102e+00,2.838200744e+00,-1.080899899e-02
1.678000000e-04,5.000000000e+00,3.919640416e+00,2.839281373e+00,-1.080359584e-02
1.679000000e-04,5.000000000e+00,3.920180461e+00,2.840361462e+00,-1.079819539e-02
1.680000000e-04,5.000000000e+00,3.920720236e+00,2.841441011e+00,-1.079279765e-02
1.681000000e-04,5.000000000e+00,3.921259741e+00,2.842520021e+00,-1.078740260e-02
1.682000000e-04,5.000000000e+00,3.921798976e+00,2.843598491e+00,-1.078201025e-02
1.683000000e-04,5.000000000e+00,3.922337941e+00,2.844676422e+00,-1.077662059e-02
1.684000000e-04,5.000000000e+00,3.922876638e+00,2.845753814e+00,-1.077123363e-02
1.685000000e-04,5.000000000e+00,3.923415065e+00,2.846830668e+00,-1.076584936e-02
1.686000000e-04,5.000000000e+00,3.923953222e+00,2.847906983e+00,-1.076046778e-02
1.687000000e-04,5.000000000e+00,3.924491111e+00,2.848982760e+00,-1.075508889e-02
1.688000000e-04,5.000000000e+00,3.925028731e+00,2.850058000e+00,-1.074971269e-02
1.689000000e-04,5.000000000e+00,3.925566082e+00,2.851132702e+00,-1.074433918e-02
1.690000000e-04,5.000000000e+00,3.926103165e+00,2.852206867e+00,-1.073896836e-02
1.691000000e-04,5.000000000e+00,3.926639979e+00,2.853280495e+00,-1.073360022e-02
1.692000000e-04,5.000000000e+00,3.927176525e+00,2.854353586e+00,-1.072823476e-02
1.693000000e-04,5.000000000e+00,3.927712802e+00,2.855426141e+00,-1.072287198e-02
1.694000000e-04,5.000000000e+00,3.928248812e+00,2.856498159e+00,-1.071751189e-02
1.695000000e-04,5.000000000e+00,3.928784553e+00,2.857569642e+00,-1.071215447e-02
1.696000000e-04,5.000000000e+00,3.929320027e+00,2.858640589e+00,-1.070679974e-02
1.697000000e-04,5.000000000e+00,3.929855233e+00,2.859711001e+00,-1.070144768e-02
1.698000000e-04,5.000000000e+00,3.930390171e+00,2.860780878e+00,-1.069609829e-02
1.699000000e-04,5.000000000e+00,3.930924842e+00,2.861850220e+00,-1.069075158e-02
1.700000000e-04,5.000000000e+00,3.931459246e+00,2.862919027e+00,-1.068540754e-02
1.701000000e-04,5.000000000e+00,3.931993383e+00,2.863987300e+00,-1.068006618e-02
1.702000000e-04,5.000000000e+00,3.932527253e+00,2.865055039e+00,-1.067472748e-02
1.703000000e-04,5.000000000e+00,3.933060855e+00,2.866122245e+00,-1.066939145e-02
1.704000000e-04,5.000000000e+00,3.933594192e+00,2.867188917e+00,-1.066405809e-02
1.705000000e-04,5.000000000e+00,3.934127261e+00,2.868255055e+00,-1.065872739e-02
1.706000000e-04,5.000000000e+00,3.934660064e+00,2.869320661e+00,-1.065339936e-02
1.707000000e-04,5.000000000e+00,3.935192601e+00,2.870385734e+00,-1.064807400e-02
1.708000000e-04,5.000000000e+00,3.935724871e+00,2.871450275e+00,-1.064275129e-02
1.709000000e-04,5.000000000e+00,3.936256876e+00,2.872514284e+00,-1.063743125e-02
1.710000000e-04,5.000000000e+00,3.936788614e+00,2.873577760e+00,-1.063211386e-02
1.711000000e-04,5.000000000e+00,3.937320087e+00,2.874640706e+00,-1.062679914e-02
1.712000000e-04,5.000000000e+00,3.937851294e+00,2.875703119e+00,-1.062148707e-02
1.713000000e-04,5.000000000e+00,3.938382235e+00,2.876765002e+00,-1.061617765e-02
1.714000000e-04,5.000000000e+00,3.938912911e+00,2.877826354e+00,-1.061087089e-02
1.715000000e-04,5.000000000e+00,3.939443322e+00,2.878887175e+00,-1.060556678e-02
1.716000000e-04,5.000000000e+00,3.939973468e+00,2.879947466e+00,-1.060026533e-02
1.717000000e-04,5.000000000e+00,3.940503349e+00,2.881007227e+00,-1.059496652e-02
1.718000000e-04,5.000000000e+00,3.941032964e+00,2.882066459e+00,-1.058967036e-02
1.719000000e-04,5.000000000e+00,3.941562315e+00,2.883125160e+00,-1.058437685e-02
1.720000000e-04,5.000000000e+00,3.942091402e+00,2.884183333e+00,-1.057908599e-02
1.721000000e-04,5.000000000e+00,3.942620224e+00,2.885240977e+00,-1.057379777e-02
1.722000000e-04,5.000000000e+00,3.943148781e+00,2.886298092e+00,-1.056851219e-02
1.723000000e-04,5.000000000e+00,3.943677075e+00,2.887354678e+00,-1.056322926e-02
1.724000000e-04,5.000000000e+00,3.944205104e+00,2.888410737e+00,-1.055794896e-02
1.725000000e-04,5.000000000e+00,3.944732869e+00,2.889466267e+00,-1.055267131e-02
1.726000000e-04,5.000000000e+00,3.945260371e+00,2.890521270e+00,-1.054739629e-02
1.727000000e-04,5.000000000e+00,3.945787609e+00,2.891575745e+00,-1.054212392e-02
1.728000000e-04,5.000000000e+00,3.946314583e+00,2.892629694e+00,-1.053685417e-02
1.729000000e-04,5.000000000e+00,3.946841294e+00,2.893683115e+00,-1.053158706e-02
1.730000000e-04,5.000000000e+00,3.947367742e+00,2.894736010e+00,-1.052632259e-02
1.731000000e-04,5.000000000e+00,3.947893926e+00,2.895788379e+00,-1.052106074e-02
1.732000000e-04,5.000000000e+00,3.948419848e+00,2.896840221e+00,-1.051580153e-02
1.733000000e-04,5.000000000e+00,3.948945506e+00,2.897891538e+00,-1.051054494e-02
1.734000000e-04,5.000000000e+00,3.949470902e+00,2.898942329e+00,-1.050529099e-02
1.735000000e-04,5.000000000e+00,3.949996035e+00,2.899992595e+00,-1.050003965e-02
1.736000000e-04,5.000000000e+00,3.950520906e+00,2.901042336e+00,-1.049479095e-02
1.737000000e-04,5.000000000e+00,3.951045514e+00,2.902091553e+00,-1.048954487e-02
1.738000000e-04,5.000000000e+00,3.951569860e+00,2.903140244e+00,-1.048430141e-02
1.739000000e-04,5.000000000e+00,3.952093944e+00,2.904188412e+00,-1.047906057e-02
1.740000000e-04,5.000000000e+00,3.952617766e+00,2.905236056e+00,-1.047382235e-02
1.741000000e-04,5.000000000e+00,3.953141326e+00,2.906283176e+00,-1.046858675e-02
1.742000000e-04,5.000000000e+00,3.953664624e+00,2.907329772e+00,-1.046335376e-02
1.743000000e-04,5.000000000e+00,3.954187661e+00,2.908375845e+00,-1.045812339e-02
1.744000000e-04,5.000000000e+00,3.954710436e+00,2.909421396e+00,-1.045289564e-02
1.745000000e-04,5.000000000e+00,3.955232950e+00,2.910466424e+00,-1.044767050e-02
1.746000000e-04,5.000000000e+00,3.955755203e+00,2.911510929e+00,-1.044244797e-02
1.747000000e-04,5.000000000e+00,3.956277195e+00,2.912554912e+00,-1.043722806e-02
1.748000000e-04,5.000000000e+00,3.956798926e+00,2.913598374e+00,-1.043201075e-02
1.749000000e-04,5.000000000e+00,3.957320396e+00,2.914641313e+00,-1.042679605e-02
1.750000000e-04,5.000000000e+00,3.957841605e+00,2.915683732e+00,-1.042158395e-02
1.751000000e-04,5.000000000e+00,3.958362554e+00,2.916725629e+00,-1.041637446e-02
1.752000000e-04,5.000000000e+00,3.958883242e+00,2.917767006e+00,-1.041116758e-02
1.753000000e-04,5.000000000e+00,3.959403671e+00,2.918807862e+00,-1.040596330e-02
1.754000000e-04,5.000000000e+00,3.959923839e+00,2.919848198e+00,-1.040076162e-02
1.755000000e-04,5.000000000e+00,3.960443747e+00,2.920888013e+00,-1.039556254e-02
1.756000000e-04,5.000000000e+00,3.960963395e+00,2.921927309e+00,-1.039036606e-02
1.757000000e-04,5.000000000e+00,3.961482783e+00,2.922966085e+00,-1.038517218e-02
1.758000000e-04,5.000000000e+00,3.962001912e+00,2.924004343e+00,-1.037998089e-02
1.759000000e-04,5.000000000e+00,3.962520781e+00,2.925042081e+00,-1.037479220e-02
1.760000000e-04,5.000000000e+00,3.963039391e+00,2.926079300e+00,-1.036960610e-02
1.761000000e-04,5.000000000e+00,3.963557741e+00,2.927116001e+00,-1.036442259e-02
1.762000000e-04,5.000000000e+00,3.964075833e+00,2.928152184e+00,-1.035924168e-02
1.763000000e-04,5.000000000e+00,3.964593665e+00,2.929187848e+00,-1.035406335e-02
1.764000000e-04,5.000000000e+00,3.965111239e+00,2.930222995e+00,-1.034888762e-02
1.765000000e-04,5.000000000e+00,3.965628554e+00,2.931257625e+00,-1.034371447e-02
1.766000000e-04,5.000000000e+00,3.966145610e+00,2.932291737e+00,-1.033854390e-02
1.767000000e-04,5.000000000e+00,3.966662408e+00,2.933325333e+00,-1.033337593e-02
1.768000000e-04,5.000000000e+00,3.967178947e+00,2.934358412e+00,-1.032821053e-02
1.769000000e-04,5.000000000e+00,3.967695229e+00,2.935390974e+00,-1.032304772e-02
1.770000000e-04,5.000000000e+00,3.968211252e+00,2.936423020e+00,-1.031788749e-02
1.771000000e-04,5.000000000e+00,3.968727017e+00,2.937454551e+00,-1.031272983e-02
1.772000000e-04,5.000000000e+00,3.969242525e+00,2.938485565e+00,-1.030757476e-02
1.773000000e-04,5.000000000e+00,3.969757775e+00,2.939516065e+00,-1.030242226e-02
1.774000000e-04,5.000000000e+00,3.970272767e+00,2.940546049e+00,-1.029727234e-02
1.775000000e-04,5.000000000e+00,3.970787502e+00,2.941575518e+00,-1.029212499e-02
1.776000000e-04,5.000000000e+00,3.971301979e+00,2.942604473e+00,-1.028698021e-02
1.777000000e-04,5.000000000e+00,3.971816199e+00,2.943632913e+00,-1.028183801e-02
1.778000000e-04,5.000000000e+00,3.972330163e+00,2.944660840e+00,-1.027669838e-02
1.779000000e-04,5.000000000e+00,3.972843869e+00,2.945688252e+00,-1.027156131e-02
1.780000000e-04,5.000000000e+00,3.973357319e+00,2.946715151e+00,-1.026642682e-02
1.781000000e-04,5.000000000e+00,3.973870512e+00,2.947741536e+00,-1.026129489e-02
1.782000000e-04,5.000000000e+00,3.974383448e+00,2.948767409e+00,-1.025616553e-02
1.783000000e-04,5.000000000e+00,3.974896128e+00,2.949792769e+00,-1.025103873e-02
1.784000000e-04,5.000000000e+00,3.975408552e+00,2.950817616e+00,-1.024591449e-02
1.785000000e-04,5.000000000e+00,3.975920719e+00,2.951841951e+00,-1.024079281e-02
1.786000000e-04,5.000000000e+00,3.976432631e+00,2.952865773e+00,-1.023567370e-02
1.787000000e-04,5.000000000e+00,3.976944286e+00,2.953889084e+00,-1.023055714e-02
1.788000000e-04,5.000000000e+00,3.977455686e+00,2.954911884e+00,-1.022544314e-02
1.789000000e-04,5.000000000e+00,3.977966830e+00,2.955934172e+00,-1.022033170e-02
1.790000000e-04,5.000000000e+00,3.978477719e+00,2.956955949e+00,-1.021522281e-02
1.791000000e-04,5.000000000e+00,3.978988352e+00,2.957977216e+00,-1.021011648e-02
1.792000000e-04,5.000000000e+00,3.979498731e+00,2.958997972e+00,-1.020501270e-02
1.793000000e-04,5.000000000e+00,3.980008854e+00,2.960018217e+00,-1.019991147e-02
1.794000000e-04,5.000000000e+00,3.980518722e+00,2.961037953e+00,-1.019481279e-02
1.795000000e-04,5.000000000e+00,3.981028335e+00,2.962057179e+00,-1.018971666e-02
1.796000000e-04,5.000000000e+00,3.981537693e+00,2.963075896e+00,-1.018462308e-02
1.797000000e-04,5.000000000e+00,3.982046797e+00,2.964094103e+00,-1.017953204e-02
1.798000000e-04,5.000000000e+00,3.982555646e+00,2.965111801e+00,-1.017444355e-02
1.799000000e-04,5.000000000e+00,3.983064241e+00,2.966128991e+00,-1.016935760e-02
1.800000000e-04,5.000000000e+00,3.983572582e+00,2.967145672e+00,-1.016427419e-02
1.801000000e-04,5.000000000e+00,3.984080668e+00,2.968161845e+00,-1.015919332e-02
1.802000000e-04,5.000000000e+00,3.984588501e+00,2.969177509e+00,-1.015411500e-02
1.803000000e-04,5.000000000e+00,3.985096079e+00,2.970192667e+00,-1.014903921e-02
1.804000000e-04,5.000000000e+00,3.985603404e+00,2.971207316e+00,-1.014396596e-02
1.805000000e-04,5.000000000e+00,3.986110476e+00,2.972221459e+00,-1.013889525e-02
1.806000000e-04,5.000000000e+00,3.986617294e+00,2.973235094e+00,-1.013382707e-02
1.807000000e-04,5.000000000e+00,3.987123858e+00,2.974248223e+00,-1.012876142e-02
1.808000000e-04,5.000000000e+00,3.987630170e+00,2.975260846e+00,-1.012369831e-02
1.809000000e-04,5.000000000e+00,3.988136228e+00,2.976272962e+00,-1.011863773e-02
1.810000000e-04,5.000000000e+00,3.988642033e+00,2.977284572e+00,-1.011357967e-02
1.811000000e-04,5.000000000e+00,3.989147586e+00,2.978295677e+00,-1.010852415e-02
1.812000000e-04,5.000000000e+00,3.989652885e+00,2.979306276e+00,-1.010347115e-02
1.813000000e-04,5.000000000e+00,3.990157933e+00,2.980316370e+00,-1.009842068e-02
1.814000000e-04,5.000000000e+00,3.990662727e+00,2.981325960e+00,-1.009337273e-02
1.815000000e-04,5.000000000e+00,3.991167270e+00,2.982335044e+00,-1.008832731e-02
1.816000000e-04,5.000000000e+00,3.991671560e+00,2.983343624e+00,-1.008328441e-02
1.817000000e-04,5.000000000e+00,3.992175598e+00,2.984351700e+00,-1.007824403e-02
1.818000000e-04,5.000000000e+00,3.992679384e+00,2.985359272e+00,-1.007320616e-02
1.819000000e-04,5.000000000e+00,3.993182918e+00,2.986366340e+00,-1.006817082e-02
1.820000000e-04,5.000000000e+00,3.993686201e+00,2.987372905e+00,-1.006313800e-02
1.821000000e-04,5.000000000e+00,3.994189232e+00,2.988378967e+00,-1.005810769e-02
1.822000000e-04,5.000000000e+00,3.994692011e+00,2.989384526e+00,-1.005307989e-02
1.823000000e-04,5.000000000e+00,3.995194540e+00,2.990389582e+00,-1.004805461e-02
1.824000000e-04,5.000000000e+00,3.995696817e+00,2.991394136e+00,-1.004303184e-02
1.825000000e-04,5.000000000e+00,3.996198843e+00,2.992398188e+00,-1.003801158e-02
1.826000000e-04,5.000000000e+00,3.996700618e+00,2.993401737e+00,-1.003299383e-02
1.827000000e-04,5.000000000e+00,3.997202142e+00,2.994404786e+00,-1.002797859e-02
1.828000000e-04,5.000000000e+00,3.997703415e+00,2.995407332e+00,-1.002296585e-02
1.829000000e-04,5.000000000e+00,3.998204438e+00,2.996409378e+00,-1.001795562e-02
1.830000000e-04,5.000000000e+00,3.998705211e+00,2.997410922e+00,-1.001294790e-02
1.831000000e-04,5.000000000e+00,3.999205733e+00,2.998411966e+00,-1.000794268e-02
1.832000000e-04,5.000000000e+00,3.999706005e+00,2.999412510e+00,-1.000293996e-02
1.833000000e-04,5.000000000e+00,4.000206027e+00,3.000412554e+00,-9.997939739e-03
1.834000000e-04,5.000000000e+00,4.000705799e+00,3.001412097e+00,-9.992942020e-03
1.835000000e-04,5.000000000e+00,4.001205321e+00,3.002411141e+00,-9.987946799e-03
1.836000000e-04,5.000000000e+00,4.001704593e+00,3.003409686e+00,-9.982954075e-03
1.837000000e-04,5.000000000e+00,4.002203616e+00,3.004407731e+00,-9.977963847e-03
1.838000000e-04,5.000000000e+00,4.002702389e+00,3.005405277e+00,-9.972976113e-03
1.839000000e-04,5.000000000e+00,4.003200913e+00,3.006402325e+00,-9.967990872e-03
1.840000000e-04,5.000000000e+00,4.003699188e+00,3.007398875e+00,-9.963008124e-03
1.841000000e-04,5.000000000e+00,4.004197214e+00,3.008394926e+00,-9.958027866e-03
1.842000000e-04,5.000000000e+00,4.004694991e+00,3.009390479e+00,-9.953050098e-03
1.843000000e-04,5.000000000e+00,4.005192519e+00,3.010385535e+00,-9.948074818e-03
1.844000000e-04,5.000000000e+00,4.005689798e+00,3.011380094e+00,-9.943102025e-03
1.845000000e-04,5.000000000e+00,4.006186829e+00,3.012374155e+00,-9.938131718e-03
1.846000000e-04,5.000000000e+00,4.006683611e+00,3.013367719e+00,-9.933163896e-03
1.847000000e-04,5.000000000e+00,4.007180145e+00,3.014360787e+00,-9.928198556e-03
1.848000000e-04,5.000000000e+00,4.007676431e+00,3.015353358e+00,-9.923235699e-03
1.849000000e-04,5.000000000e+00,4.008172468e+00,3.016345433e+00,-9.918275323e-03
1.850000000e-04,5.000000000e+00,4.008668258e+00,3.017337012e+00,-9.913317426e-03
1.851000000e-04,5.000000000e+00,4.009163800e+00,3.018328095e+00,-9.908362007e-03
1.852000000e-04,5.000000000e+00,4.009659094e+00,3.019318683e+00,-9.903409066e-03
1.853000000e-04,5.000000000e+00,4.010154141e+00,3.020308776e+00,-9.898458600e-03
1.854000000e-04,5.000000000e+00,4.010648940e+00,3.021298374e+00,-9.893510609e-03
1.855000000e-04,5.000000000e+00,4.011143491e+00,3.022287478e+00,-9.888565091e-03
1.856000000e-04,5.000000000e+00,4.011637796e+00,3.023276086e+00,-9.883622046e-03
1.857000000e-04,5.000000000e+00,4.012131853e+00,3.024264201e+00,-9.878681471e-03
1.858000000e-04,5.000000000e+00,4.012625664e+00,3.025251822e+00,-9.873743366e-03
1.859000000e-04,5.000000000e+00,4.013119228e+00,3.026238949e+00,-9.868807730e-03
1.860000000e-04,5.000000000e+00,4.013612544e+00,3.027225582e+00,-9.863874561e-03
1.861000000e-04,5.000000000e+00,4.014105615e+00,3.028211723e+00,-9.858943857e-03
1.862000000e-04,5.000000000e+00,4.014598439e+00,3.029197370e+00,-9.854015619e-03
1.863000000e-04,5.000000000e+00,4.015091016e+00,3.030182525e+00,-9.849089844e-03
1.864000000e-04,5.000000000e+00,4.015583347e+00,3.031167187e+00,-9.844166531e-03
1.865000000e-04,5.000000000e+00,4.016075433e+00,3.032151358e+00,-9.839245679e-03
1.866000000e-04,5.000000000e+00,4.016567272e+00,3.033135036e+00,-9.834327287e-03
1.867000000e-04,5.000000000e+00,4.017058865e+00,3.034118222e+00,-9.829411354e-03
1.868000000e-04,5.000000000e+00,4.017550213e+00,3.035100917e+00,-9.824497878e-03
1.869000000e-04,5.000000000e+00,4.018041315e+00,3.036083121e+00,-9.819586858e-03
1.870000000e-04,5.000000000e+00,4.018532171e+00,3.037064834e+00,-9.814678293e-03
1.871000000e-04,5.000000000e+00,4.019022782e+00,3.038046056e+00,-9.809772181e-03
1.872000000e-04,5.000000000e+00,4.019513148e+00,3.039026787e+00,-9.804868523e-03
1.873000000e-04,5.000000000e+00,4.020003269e+00,3.040007028e+00,-9.799967315e-03
1.874000000e-04,5.000000000e+00,4.020493145e+00,3.040986780e+00,-9.795068557e-03
1.875000000e-04,5.000000000e+00,4.020982776e+00,3.041966041e+00,-9.790172248e-03
1.876000000e-04,5.000000000e+00,4.021472162e+00,3.042944813e+00,-9.785278387e-03
1.877000000e-04,5.000000000e+00,4.021961303e+00,3.043923096e+00,-9.780386972e-03
1.878000000e-04,5.000000000e+00,4.022450200e+00,3.044900890e+00,-9.775498002e-03
1.879000000e-04,5.000000000e+00,4.022938853e+00,3.045878195e+00,-9.770611476e-03
1.880000000e-04,5.000000000e+00,4.023427261e+00,3.046855011e+00,-9.765727392e-03
1.881000000e-04,5.000000000e+00,4.023915425e+00,3.047831339e+00,-9.760845750e-03
1.882000000e-04,5.000000000e+00,4.024403346e+00,3.048807179e+00,-9.755966549e-03
1.883000000e-04,5.000000000e+00,4.024891022e+00,3.049782532e+00,-9.751089786e-03
1.884000000e-04,5.000000000e+00,4.025378454e+00,3.050757397e+00,-9.746215461e-03
1.885000000e-04,5.000000000e+00,4.025865643e+00,3.051731774e+00,-9.741343572e-03
1.886000000e-04,5.000000000e+00,4.026352589e+00,3.052705664e+00,-9.736474119e-03
1.887000000e-04,5.000000000e+00,4.026839290e+00,3.053679068e+00,-9.731607100e-03
1.888000000e-04,5.000000000e+00,4.027325749e+00,3.054651985e+00,-9.726742514e-03
1.889000000e-04,5.000000000e+00,4.027811965e+00,3.055624416e+00,-9.721880359e-03
1.890000000e-04,5.000000000e+00,4.028297937e+00,3.056596360e+00,-9.717020636e-03
1.891000000e-04,5.000000000e+00,4.028783666e+00,3.057567819e+00,-9.712163341e-03
1.892000000e-04,5.000000000e+00,4.029269153e+00,3.058538792e+00,-9.707308474e-03
1.893000000e-04,5.000000000e+00,4.029754397e+00,3.059509280e+00,-9.702456034e-03
1.894000000e-04,5.000000000e+00,4.030239398e+00,3.060479282e+00,-9.697606020e-03
1.895000000e-04,5.000000000e+00,4.030724157e+00,3.061448800e+00,-9.692758430e-03
1.896000000e-04,5.000000000e+00,4.031208674e+00,3.062417833e+00,-9.687913264e-03
1.897000000e-04,5.000000000e+00,4.031692949e+00,3.063386382e+00,-9.683070519e-03
1.898000000e-04,5.000000000e+00,4.032176981e+00,3.064354446e+00,-9.678230195e-03
1.899000000e-04,5.000000000e+00,4.032660771e+00,3.065322027e+00,-9.673392291e-03
1.900000000e-04,5.000000000e+00,4.033144320e+00,3.066289124e+00,-9.668556805e-03
1.901000000e-04,5.000000000e+00,4.033627627e+00,3.067255737e+00,-9.663723736e-03
1.902000000e-04,5.000000000e+00,4.034110692e+00,3.068221868e+00,-9.658893083e-03
1.903000000e-04,5.000000000e+00,4.034593516e+00,3.069187515e+00,-9.654064845e-03
1.904000000e-04,5.000000000e+00,4.035076099e+00,3.070152680e+00,-9.649239020e-03
1.905000000e-04,5.000000000e+00,4.035558440e+00,3.071117362e+00,-9.644415607e-03
1.906000000e-04,5.000000000e+00,4.036040540e+00,3.072081562e+00,-9.639594606e-03
1.907000000e-04,5.000000000e+00,4.036522399e+00,3.073045280e+00,-9.634776015e-03
1.908000000e-04,5.000000000e+00,4.037004017e+00,3.074008516e+00,-9.629959832e-03
1.909000000e-04,5.000000000e+00,4.037485395e+00,3.074971271e+00,-9.625146057e-03
1.910000000e-04,5.000000000e+00,4.037966532e+00,3.075933545e+00,-9.620334688e-03
1.911000000e-04,5.000000000e+00,4.038447428e+00,3.076895337e+00,-9.615525724e-03
1.912000000e-04,5.000000000e+00,4.038928084e+00,3.077856649e+00,-9.610719164e-03
1.913000000e-04,5.000000000e+00,4.039408500e+00,3.078817480e+00,-9.605915007e-03
1.914000000e-04,5.000000000e+00,4.039888675e+00,3.079777831e+00,-9.601113251e-03
1.915000000e-04,5.000000000e+00,4.040368611e+00,3.080737702e+00,-9.596313896e-03
1.916000000e-04,5.000000000e+00,4.040848307e+00,3.081697093e+00,-9.591516939e-03
1.917000000e-04,5.000000000e+00,4.041327762e+00,3.082656005e+00,-9.586722380e-03
1.918000000e-04,5.000000000e+00,4.041806979e+00,3.083614437e+00,-9.581930219e-03
1.919000000e-04,5.000000000e+00,4.042285955e+00,3.084572390e+00,-9.577140452e-03
1.920000000e-04,5.000000000e+00,4.042764692e+00,3.085529864e+00,-9.572353080e-03
1.921000000e-04,5.000000000e+00,4.043243190e+00,3.086486860e+00,-9.567568101e-03
1.922000000e-04,5.000000000e+00,4.043721449e+00,3.087443377e+00,-9.562785514e-03
1.923000000e-04,5.000000000e+00,4.044199469e+00,3.088399416e+00,-9.558005317e-03
1.924000000e-04,5.000000000e+00,4.044677249e+00,3.089354977e+00,-9.553227510e-03
1.925000000e-04,5.000000000e+00,4.045154791e+00,3.090310060e+00,-9.548452092e-03
1.926000000e-04,5.000000000e+00,4.045632094e+00,3.091264667e+00,-9.543679060e-03
1.927000000e-04,5.000000000e+00,4.046109159e+00,3.092218795e+00,-9.538908415e-03
1.928000000e-04,5.000000000e+00,4.046585985e+00,3.093172447e+00,-9.534140154e-03
1.929000000e-04,5.000000000e+00,4.047062573e+00,3.094125623e+00,-9.529374276e-03
1.930000000e-04,5.000000000e+00,4.047538922e+00,3.095078321e+00,-9.524610781e-03
1.931000000e-04,5.000000000e+00,4.048015034e+00,3.096030544e+00,-9.519849668e-03
1.932000000e-04,5.000000000e+00,4.048490907e+00,3.096982290e+00,-9.515090934e-03
1.933000000e-04,5.000000000e+00,4.048966543e+00,3.097933561e+00,-9.510334578e-03
1.934000000e-04,5.000000000e+00,4.049441940e+00,3.098884356e+00,-9.505580601e-03
1.935000000e-04,5.000000000e+00,4.049917101e+00,3.099834676e+00,-9.500829000e-03
1.936000000e-04,5.000000000e+00,4.050392023e+00,3.100784521e+00,-9.496079774e-03
1.937000000e-04,5.000000000e+00,4.050866708e+00,3.101733892e+00,-9.491332922e-03
1.938000000e-04,5.000000000e+00,4.051341156e+00,3.102682787e+00,-9.486588443e-03
1.939000000e-04,5.000000000e+00,4.051815367e+00,3.103631208e+00,-9.481846335e-03
1.940000000e-04,5.000000000e+00,4.052289341e+00,3.104579156e+00,-9.477106598e-03
1.941000000e-04,5.000000000e+00,4.052763077e+00,3.105526629e+00,-9.472369231e-03
1.942000000e-04,5.000000000e+00,4.053236577e+00,3.106473629e+00,-9.467634231e-03
1.943000000e-04,5.000000000e+00,4.053709841e+00,3.107420155e+00,-9.462901598e-03
1.944000000e-04,5.000000000e+00,4.054182867e+00,3.108366208e+00,-9.458171331e-03
1.945000000e-04,5.000000000e+00,4.054655658e+00,3.109311788e+00,-9.453443429e-03
1.946000000e-04,5.000000000e+00,4.055128212e+00,3.110256896e+00,-9.448717890e-03
1.947000000e-04,5.000000000e+00,4.055600529e+00,3.111201531e+00,-9.443994713e-03
1.948000000e-04,5.000000000e+00,4.056072611e+00,3.112145694e+00,-9.439273897e-03
1.949000000e-04,5.000000000e+00,4.056544456e+00,3.113089385e+00,-9.434555441e-03
1.950000000e-04,5.000000000e+00,4.057016066e+00,3.114032604e+00,-9.429839343e-03
1.951000000e-04,5.000000000e+00,4.057487440e+00,3.114975352e+00,-9.425125603e-03
1.952000000e-04,5.000000000e+00,4.057958579e+00,3.115917628e+00,-9.420414220e-03
1.953000000e-04,5.000000000e+00,4.058429481e+00,3.116859434e+00,-9.415705191e-03
1.954000000e-04,5.000000000e+00,4.058900149e+00,3.117800769e+00,-9.410998516e-03
1.955000000e-04,5.000000000e+00,4.059370581e+00,3.118741633e+00,-9.406294194e-03
1.956000000e-04,5.000000000e+00,4.059840778e+00,3.119682027e+00,-9.401592224e-03
1.957000000e-04,5.000000000e+00,4.060310740e+00,3.120621950e+00,-9.396892604e-03
1.958000000e-04,5.000000000e+00,4.060780467e+00,3.121561404e+00,-9.392195333e-03
1.959000000e-04,5.000000000e+00,4.061249959e+00,3.122500389e+00,-9.387500411e-03
1.960000000e-04,5.000000000e+00,4.061719217e+00,3.123438904e+00,-9.382807835e-03
1.961000000e-04,5.000000000e+00,4.062188240e+00,3.124376949e+00,-9.378117605e-03
1.962000000e-04,5.000000000e+00,4.062657029e+00,3.125314526e+00,-9.373429719e-03
1.963000000e-04,5.000000000e+00,4.063125583e+00,3.126251634e+00,-9.368744177e-03
1.964000000e-04,5.000000000e+00,4.063593903e+00,3.127188274e+00,-9.364060977e-03
1.965000000e-04,5.000000000e+00,4.064061989e+00,3.128124446e+00,-9.359380118e-03
1.966000000e-04,5.000000000e+00,4.064529841e+00,3.129060149e+00,-9.354701598e-03
1.967000000e-04,5.000000000e+00,4.064997459e+00,3.129995385e+00,-9.350025418e-03
1.968000000e-04,5.000000000e+00,4.065464843e+00,3.130930154e+00,-9.345351575e-03
1.969000000e-04,5.000000000e+00,4.065931994e+00,3.131864455e+00,-9.340680068e-03
1.970000000e-04,5.000000000e+00,4.066398911e+00,3.132798289e+00,-9.336010897e-03
1.971000000e-04,5.000000000e+00,4.066865595e+00,3.133731656e+00,-9.331344059e-03
1.972000000e-04,5.000000000e+00,4.067332045e+00,3.134664557e+00,-9.326679555e-03
1.973000000e-04,5.000000000e+00,4.067798262e+00,3.135596991e+00,-9.322017382e-03
1.974000000e-04,5.000000000e+00,4.068264247e+00,3.136528959e+00,-9.317357539e-03
1.975000000e-04,5.000000000e+00,4.068729998e+00,3.137460462e+00,-9.312700026e-03
1.976000000e-04,5.000000000e+00,4.069195516e+00,3.138391499e+00,-9.308044841e-03
1.977000000e-04,5.000000000e+00,4.069660802e+00,3.139322070e+00,-9.303391983e-03
1.978000000e-04,5.000000000e+00,4.070125855e+00,3.140252176e+00,-9.298741451e-03
1.979000000e-04,5.000000000e+00,4.070590676e+00,3.141181817e+00,-9.294093243e-03
1.980000000e-04,5.000000000e+00,4.071055265e+00,3.142110994e+00,-9.289447359e-03
1.981000000e-04,5.000000000e+00,4.071519621e+00,3.143039706e+00,-9.284803798e-03
1.982000000e-04,5.000000000e+00,4.071983745e+00,3.143967954e+00,-9.280162557e-03
1.983000000e-04,5.000000000e+00,4.072447637e+00,3.144895738e+00,-9.275523637e-03
1.984000000e-04,5.000000000e+00,4.072911297e+00,3.145823058e+00,-9.270887036e-03
1.985000000e-04,5.000000000e+00,4.073374725e+00,3.146749914e+00,-9.266252752e-03
1.986000000e-04,5.000000000e+00,4.073837922e+00,3.147676308e+00,-9.261620785e-03
1.987000000e-04,5.000000000e+00,4.074300887e+00,3.148602238e+00,-9.256991133e-03
1.988000000e-04,5.000000000e+00,4.074763621e+00,3.149527705e+00,-9.252363795e-03
1.989000000e-04,5.000000000e+00,4.075226123e+00,3.150452710e+00,-9.247738771e-03
1.990000000e-04,5.000000000e+00,4.075688395e+00,3.151377252e+00,-9.243116058e-03
1.991000000e-04,5.000000000e+00,4.076150435e+00,3.152301332e+00,-9.238495657e-03
1.992000000e-04,5.000000000e+00,4.076612244e+00,3.153224950e+00,-9.233877565e-03
1.993000000e-04,5.000000000e+00,4.077073822e+00,3.154148107e+00,-9.229261781e-03
1.994000000e-04,5.000000000e+00,4.077535170e+00,3.155070802e+00,-9.224648305e-03
1.995000000e-04,5.000000000e+00,4.077996287e+00,3.155993035e+00,-9.220037135e-03
1.996000000e-04,5.000000000e+00,4.078457174e+00,3.156914808e+00,-9.215428269e-03
1.997000000e-04,5.000000000e+00,4.078917830e+00,3.157836120e+00,-9.210821708e-03
1.998000000e-04,5.000000000e+00,4.079378256e+00,3.158756972e+00,-9.206217450e-03
1.999000000e-04,5.000000000e+00,4.079838451e+00,3.159677363e+00,-9.201615493e-03
2.000000000e-04,5.000000000e+00,4.080298417e+00,3.160597294e+00,-9.197015836e-03
2.001000000e-04,5.000000000e+00,4.080758153e+00,3.161516765e+00,-9.192418479e-03
2.002000000e-04,5.000000000e+00,4.081217659e+00,3.162435777e+00,-9.187823419e-03
2.003000000e-04,5.000000000e+00,4.081676935e+00,3.163354329e+00,-9.183230657e-03
2.004000000e-04,5.000000000e+00,4.082135981e+00,3.164272422e+00,-9.178640190e-03
2.005000000e-04,5.000000000e+00,4.082594799e+00,3.165190056e+00,-9.174052019e-03
2.006000000e-04,5.000000000e+00,4.083053386e+00,3.166107232e+00,-9.169466140e-03
2.007000000e-04,5.000000000e+00,4.083511745e+00,3.167023949e+00,-9.164882554e-03
2.008000000e-04,5.000000000e+00,4.083969875e+00,3.167940208e+00,-9.160301260e-03
2.009000000e-04,5.000000000e+00,4.084427775e+00,3.168856008e+00,-9.155722255e-03
2.010000000e-04,5.000000000e+00,4.084885447e+00,3.169771351e+00,-9.151145539e-03
2.011000000e-04,5.000000000e+00,4.085342889e+00,3.170686237e+00,-9.146571111e-03
2.012000000e-04,5.000000000e+00,4.085800104e+00,3.171600665e+00,-9.141998970e-03
2.013000000e-04,5.000000000e+00,4.086257089e+00,3.172514635e+00,-9.137429114e-03
2.014000000e-04,5.000000000e+00,4.086713846e+00,3.173428150e+00,-9.132861543e-03
2.015000000e-04,5.000000000e+00,4.087170375e+00,3.174341207e+00,-9.128296254e-03
2.016000000e-04,5.000000000e+00,4.087626676e+00,3.175253808e+00,-9.123733248e-03
2.017000000e-04,5.000000000e+00,4.088082748e+00,3.176165953e+00,-9.119172523e-03
2.018000000e-04,5.000000000e+00,4.088538593e+00,3.177077642e+00,-9.114614077e-03
2.019000000e-04,5.000000000e+00,4.088994209e+00,3.177988875e+00,-9.110057911e-03
2.020000000e-04,5.000000000e+00,4.089449598e+00,3.178899652e+00,-9.105504021e-03
2.021000000e-04,5.000000000e+00,4.089904760e+00,3.179809975e+00,-9.100952408e-03
2.022000000e-04,5.000000000e+00,4.090359693e+00,3.180719842e+00,-9.096403071e-03
2.023000000e-04,5.000000000e+00,4.090814400e+00,3.181629255e+00,-9.091856007e-03
2.024000000e-04,5.000000000e+00,4.091268879e+00,3.182538212e+00,-9.087311217e-03
2.025000000e-04,5.000000000e+00,4.091723131e+00,3.183446716e+00,-9.082768698e-03
2.026000000e-04,5.000000000e+00,4.092177156e+00,3.184354765e+00,-9.078228450e-03
2.027000000e-04,5.000000000e+00,4.092630953e+00,3.185262361e+00,-9.073690471e-03
2.028000000e-04,5.000000000e+00,4.093084524e+00,3.186169503e+00,-9.069154761e-03
2.029000000e-04,5.000000000e+00,4.093537869e+00,3.187076191e+00,-9.064621318e-03
2.030000000e-04,5.000000000e+00,4.093990986e+00,3.187982426e+00,-9.060090141e-03
2.031000000e-04,5.000000000e+00,4.094443878e+00,3.188888208e+00,-9.055561230e-03
2.032000000e-04,5.000000000e+00,4.094896542e+00,3.189793538e+00,-9.051034582e-03
2.033000000e-04,5.000000000e+00,4.095348981e+00,3.190698414e+00,-9.046510197e-03
2.034000000e-04,5.000000000e+00,4.095801193e+00,3.191602839e+00,-9.041988074e-03
2.035000000e-04,5.000000000e+00,4.096253179e+00,3.192506811e+00,-9.037468211e-03
2.036000000e-04,5.000000000e+00,4.096704940e+00,3.193410332e+00,-9.032950607e-03
2.037000000e-04,5.000000000e+00,4.097156474e+00,3.194313400e+00,-9.028435262e-03
2.038000000e-04,5.000000000e+00,4.097607783e+00,3.195216018e+00,-9.023922174e-03
2.039000000e-04,5.000000000e+00,4.098058866e+00,3.196118184e+00,-9.019411342e-03
2.040000000e-04,5.000000000e+00,4.098509724e+00,3.197019899e+00,-9.014902764e-03
2.041000000e-04,5.000000000e+00,4.098960356e+00,3.197921164e+00,-9.010396441e-03
2.042000000e-04,5.000000000e+00,4.099410764e+00,3.198821978e+00,-9.005892370e-03
2.043000000e-04,5.000000000e+00,4.099860945e+00,3.199722341e+00,-9.001390550e-03
2.044000000e-04,5.000000000e+00,4.100310902e+00,3.200622255e+00,-8.996890981e-03
2.045000000e-04,5.000000000e+00,4.100760634e+00,3.201521719e+00,-8.992393661e-03
2.046000000e-04,5.000000000e+00,4.101210142e+00,3.202420733e+00,-8.987898589e-03
2.047000000e-04,5.000000000e+00,4.101659424e+00,3.203319298e+00,-8.983405764e-03
2.048000000e-04,5.000000000e+00,4.102108482e+00,3.204217413e+00,-8.978915185e-03
2.049000000e-04,5.000000000e+00,4.102557315e+00,3.205115080e+00,-8.974426851e-03
2.050000000e-04,5.000000000e+00,4.103005925e+00,3.206012298e+00,-8.969940760e-03
2.051000000e-04,5.000000000e+00,4.103454309e+00,3.206909067e+00,-8.965456912e-03
2.052000000e-04,5.000000000e+00,4.103902470e+00,3.207805388e+00,-8.960975305e-03
2.053000000e-04,5.000000000e+00,4.104350407e+00,3.208701262e+00,-8.956495938e-03
2.054000000e-04,5.000000000e+00,4.104798119e+00,3.209596687e+00,-8.952018811e-03
2.055000000e-04,5.000000000e+00,4.105245608e+00,3.210491665e+00,-8.947543921e-03
2.056000000e-04,5.000000000e+00,4.105692874e+00,3.211386195e+00,-8.943071269e-03
2.057000000e-04,5.000000000e+00,4.106139915e+00,3.212280278e+00,-8.938600852e-03
2.058000000e-04,5.000000000e+00,4.106586734e+00,3.213173914e+00,-8.934132669e-03
2.059000000e-04,5.000000000e+00,4.107033328e+00,3.214067104e+00,-8.929666721e-03
2.060000000e-04,5.000000000e+00,4.107479700e+00,3.214959847e+00,-8.925203005e-03
2.061000000e-04,5.000000000e+00,4.107925849e+00,3.215852144e+00,-8.920741520e-03
2.062000000e-04,5.000000000e+00,4.108371774e+00,3.216743994e+00,-8.916282265e-03
2.063000000e-04,5.000000000e+00,4.108817477e+00,3.217635399e+00,-8.911825239e-03
2.064000000e-04,5.000000000e+00,4.109262956e+00,3.218526359e+00,-8.907370441e-03
2.065000000e-04,5.000000000e+00,4.109708213e+00,3.219416872e+00,-8.902917870e-03
2.066000000e-04,5.000000000e+00,4.110153248e+00,3.220306941e+00,-8.898467525e-03
2.067000000e-04,5.000000000e+00,4.110598060e+00,3.221196565e+00,-8.894019405e-03
2.068000000e-04,5.000000000e+00,4.111042650e+00,3.222085744e+00,-8.889573508e-03
2.069000000e-04,5.000000000e+00,4.111487017e+00,3.222974479e+00,-8.885129833e-03
2.070000000e-04,5.000000000e+00,4.111931163e+00,3.223862770e+00,-8.880688380e-03
2.071000000e-04,5.000000000e+00,4.112375086e+00,3.224750616e+00,-8.876249146e-03
2.072000000e-04,5.000000000e+00,4.112818787e+00,3.225638019e+00,-8.871812132e-03
2.073000000e-04,5.000000000e+00,4.113262267e+00,3.226524978e+00,-8.867377336e-03
2.074000000e-04,5.000000000e+00,4.113705525e+00,3.227411493e+00,-8.862944757e-03
2.075000000e-04,5.000000000e+00,4.114148561e+00,3.228297566e+00,-8.858514393e-03
2.076000000e-04,5.000000000e+00,4.114591376e+00,3.229183195e+00,-8.854086244e-03
2.077000000e-04,5.000000000e+00,4.115033970e+00,3.230068382e+00,-8.849660309e-03
2.078000000e-04,5.000000000e+00,4.115476342e+00,3.230953127e+00,-8.845236585e-03
2.079000000e-04,5.000000000e+00,4.115918493e+00,3.231837429e+00,-8.840815074e-03
2.080000000e-04,5.000000000e+00,4.116360423e+00,3.232721289e+00,-8.836395772e-03
2.081000000e-04,5.000000000e+00,4.116802133e+00,3.233604707e+00,-8.831978680e-03
2.082000000e-04,5.000000000e+00,4.117243621e+00,3.234487684e+00,-8.827563795e-03
2.083000000e-04,5.000000000e+00,4.117684889e+00,3.235370219e+00,-8.823151118e-03
2.084000000e-04,5.000000000e+00,4.118125936e+00,3.236252313e+00,-8.818740646e-03
2.085000000e-04,5.000000000e+00,4.118566763e+00,3.237133966e+00,-8.814332379e-03
2.086000000e-04,5.000000000e+00,4.119007369e+00,3.238015179e+00,-8.809926315e-03
2.087000000e-04,5.000000000e+00,4.119447755e+00,3.238895951e+00,-8.805522454e-03
2.088000000e-04,5.000000000e+00,4.119887921e+00,3.239776283e+00,-8.801120795e-03
2.089000000e-04,5.000000000e+00,4.120327867e+00,3.240656174e+00,-8.796721335e-03
2.090000000e-04,5.000000000e+00,4.120767593e+00,3.241535626e+00,-8.792324075e-03
2.091000000e-04,5.000000000e+00,4.121207099e+00,3.242414638e+00,-8.787929013e-03
2.092000000e-04,5.000000000e+00,4.121646386e+00,3.243293211e+00,-8.783536148e-03
2.093000000e-04,5.000000000e+00,4.122085453e+00,3.244171345e+00,-8.779145478e-03
2.094000000e-04,5.000000000e+00,4.122524300e+00,3.245049039e+00,-8.774757004e-03
2.095000000e-04,5.000000000e+00,4.122962928e+00,3.245926295e+00,-8.770370723e-03
2.096000000e-04,5.000000000e+00,4.123401337e+00,3.246803113e+00,-8.765986635e-03
2.097000000e-04,5.000000000e+00,4.123839527e+00,3.247679492e+00,-8.761604738e-03
2.098000000e-04,5.000000000e+00,4.124277497e+00,3.248555433e+00,-8.757225032e-03
2.099000000e-04,5.000000000e+00,4.124715249e+00,3.249430936e+00,-8.752847515e-03
2.100000000e-04,5.000000000e+00,4.125152782e+00,3.250306002e+00,-8.748472186e-03
2.101000000e-04,5.000000000e+00,4.125590096e+00,3.251180630e+00,-8.744099045e-03
2.102000000e-04,5.000000000e+00,4.126027192e+00,3.252054821e+00,-8.739728089e-03
2.103000000e-04,5.000000000e+00,4.126464069e+00,3.252928575e+00,-8.735359318e-03
2.104000000e-04,5.000000000e+00,4.126900727e+00,3.253801892e+00,-8.730992731e-03
2.105000000e-04,5.000000000e+00,4.127337168e+00,3.254674772e+00,-8.726628327e-03
2.106000000e-04,5.000000000e+00,4.127773390e+00,3.255547217e+00,-8.722266105e-03
2.107000000e-04,5.000000000e+00,4.128209394e+00,3.256419225e+00,-8.717906063e-03
2.108000000e-04,5.000000000e+00,4.128645180e+00,3.257290797e+00,-8.713548200e-03
2.109000000e-04,5.000000000e+00,4.129080749e+00,3.258161934e+00,-8.709192516e-03
2.110000000e-04,5.000000000e+00,4.129516100e+00,3.259032635e+00,-8.704839010e-03
2.111000000e-04,5.000000000e+00,4.129951233e+00,3.259902901e+00,-8.700487679e-03
2.112000000e-04,5.000000000e+00,4.130386148e+00,3.260772731e+00,-8.696138524e-03
2.113000000e-04,5.000000000e+00,4.130820846e+00,3.261642128e+00,-8.691791542e-03
2.114000000e-04,5.000000000e+00,4.131255327e+00,3.262511089e+00,-8.687446734e-03
2.115000000e-04,5.000000000e+00,4.131689591e+00,3.263379616e+00,-8.683104097e-03
2.116000000e-04,5.000000000e+00,4.132123637e+00,3.264247709e+00,-8.678763632e-03
2.117000000e-04,5.000000000e+00,4.132557467e+00,3.265115368e+00,-8.674425335e-03
2.118000000e-04,5.000000000e+00,4.132991080e+00,3.265982593e+00,-8.670089208e-03
2.119000000e-04,5.000000000e+00,4.133424476e+00,3.266849385e+00,-8.665755248e-03
2.120000000e-04,5.000000000e+00,4.133857655e+00,3.267715744e+00,-8.661423454e-03
2.121000000e-04,5.000000000e+00,4.134290618e+00,3.268581669e+00,-8.657093826e-03
2.122000000e-04,5.000000000e+00,4.134723364e+00,3.269447162e+00,-8.652766362e-03
2.123000000e-04,5.000000000e+00,4.135155894e+00,3.270312222e+00,-8.648441062e-03
2.124000000e-04,5.000000000e+00,4.135588208e+00,3.271176849e+00,-8.644117923e-03
2.125000000e-04,5.000000000e+00,4.136020306e+00,3.272041044e+00,-8.639796945e-03
2.126000000e-04,5.000000000e+00,4.136452188e+00,3.272904808e+00,-8.635478128e-03
2.127000000e-04,5.000000000e+00,4.136883854e+00,3.273768139e+00,-8.631161469e-03
2.128000000e-04,5.000000000e+00,4.137315304e+00,3.274631039e+00,-8.626846968e-03
2.129000000e-04,5.000000000e+00,4.137746538e+00,3.275493508e+00,-8.622534624e-03
2.130000000e-04,5.000000000e+00,4.138177557e+00,3.276355545e+00,-8.618224435e-03
2.131000000e-04,5.000000000e+00,4.138608360e+00,3.277217152e+00,-8.613916401e-03
2.132000000e-04,5.000000000e+00,4.139038948e+00,3.278078328e+00,-8.609610520e-03
2.133000000e-04,5.000000000e+00,4.139469321e+00,3.278939073e+00,-8.605306792e-03
2.134000000e-04,5.000000000e+00,4.139899479e+00,3.279799388e+00,-8.601005215e-03
2.135000000e-04,5.000000000e+00,4.140329422e+00,3.280659273e+00,-8.596705789e-03
2.136000000e-04,5.000000000e+00,4.140759149e+00,3.281518729e+00,-8.592408511e-03
2.137000000e-04,5.000000000e+00,4.141188662e+00,3.282377754e+00,-8.588113382e-03
2.138000000e-04,5.000000000e+00,4.141617961e+00,3.283236351e+00,-8.583820400e-03
2.139000000e-04,5.000000000e+00,4.142047044e+00,3.284094518e+00,-8.579529563e-03
2.140000000e-04,5.000000000e+00,4.142475913e+00,3.284952256e+00,-8.575240872e-03
2.141000000e-04,5.000000000e+00,4.142904568e+00,3.285809565e+00,-8.570954324e-03
2.142000000e-04,5.000000000e+00,4.143333009e+00,3.286666446e+00,-8.566669919e-03
2.143000000e-04,5.000000000e+00,4.143761235e+00,3.287522898e+00,-8.562387656e-03
2.144000000e-04,5.000000000e+00,4.144189247e+00,3.288378923e+00,-8.558107533e-03
2.145000000e-04,5.000000000e+00,4.144617045e+00,3.289234519e+00,-8.553829550e-03
2.146000000e-04,5.000000000e+00,4.145044630e+00,3.290089688e+00,-8.549553705e-03
2.147000000e-04,5.000000000e+00,4.145472001e+00,3.290944429e+00,-8.545279998e-03
2.148000000e-04,5.000000000e+00,4.145899158e+00,3.291798743e+00,-8.541008427e-03
2.149000000e-04,5.000000000e+00,4.146326101e+00,3.292652630e+00,-8.536738991e-03
2.150000000e-04,5.000000000e+00,4.146752832e+00,3.293506090e+00,-8.532471690e-03
2.151000000e-04,5.000000000e+00,4.147179348e+00,3.294359124e+00,-8.528206521e-03
2.152000000e-04,5.000000000e+00,4.147605652e+00,3.295211731e+00,-8.523943485e-03
2.153000000e-04,5.000000000e+00,4.148031743e+00,3.296063911e+00,-8.519682580e-03
2.154000000e-04,5.000000000e+00,4.148457620e+00,3.296915666e+00,-8.515423804e-03
2.155000000e-04,5.000000000e+00,4.148883285e+00,3.297766995e+00,-8.511167158e-03
2.156000000e-04,5.000000000e+00,4.149308737e+00,3.298617899e+00,-8.506912639e-03
2.157000000e-04,5.000000000e+00,4.149733976e+00,3.299468377e+00,-8.502660247e-03
2.158000000e-04,5.000000000e+00,4.150159002e+00,3.300318430e+00,-8.498409980e-03
2.159000000e-04,5.000000000e+00,4.150583817e+00,3.301168058e+00,-8.494161838e-03
2.160000000e-04,5.000000000e+00,4.151008418e+00,3.302017262e+00,-8.489915820e-03
2.161000000e-04,5.000000000e+00,4.151432808e+00,3.302866041e+00,-8.485671924e-03
2.162000000e-04,5.000000000e+00,4.151856986e+00,3.303714396e+00,-8.481430150e-03
2.163000000e-04,5.000000000e+00,4.152280951e+00,3.304562326e+00,-8.477190496e-03
2.164000000e-04,5.000000000e+00,4.152704704e+00,3.305409833e+00,-8.472952961e-03
2.165000000e-04,5.000000000e+00,4.153128246e+00,3.306256916e+00,-8.468717544e-03
2.166000000e-04,5.000000000e+00,4.153551576e+00,3.307103576e+00,-8.464484245e-03
2.167000000e-04,5.000000000e+00,4.153974694e+00,3.307949812e+00,-8.460253062e-03
2.168000000e-04,5.000000000e+00,4.154397601e+00,3.308795625e+00,-8.456023994e-03
2.169000000e-04,5.000000000e+00,4.154820297e+00,3.309641016e+00,-8.451797040e-03
2.170000000e-04,5.000000000e+00,4.155242781e+00,3.310485984e+00,-8.447572198e-03
2.171000000e-04,5.000000000e+00,4.155665054e+00,3.311330530e+00,-8.443349469e-03
2.172000000e-04,5.000000000e+00,4.156087115e+00,3.312174653e+00,-8.439128851e-03
2.173000000e-04,5.000000000e+00,4.156508966e+00,3.313018355e+00,-8.434910342e-03
2.174000000e-04,5.000000000e+00,4.156930606e+00,3.313861635e+00,-8.430693942e-03
2.175000000e-04,5.000000000e+00,4.157352036e+00,3.314704493e+00,-8.426479650e-03
2.176000000e-04,5.000000000e+00,4.157773254e+00,3.315546930e+00,-8.422267464e-03
2.177000000e-04,5.000000000e+00,4.158194262e+00,3.316388946e+00,-8.418057384e-03
2.178000000e-04,5.000000000e+00,4.158615060e+00,3.317230540e+00,-8.413849408e-03
2.179000000e-04,5.000000000e+00,4.159035647e+00,3.318071715e+00,-8.409643536e-03
2.180000000e-04,5.000000000e+00,4.159456024e+00,3.318912468e+00,-8.405439766e-03
2.181000000e-04,5.000000000e+00,4.159876191e+00,3.319752802e+00,-8.401238098e-03
2.182000000e-04,5.000000000e+00,4.160296147e+00,3.320592715e+00,-8.397038530e-03
2.183000000e-04,5.000000000e+00,4.160715894e+00,3.321432209e+00,-8.392841061e-03
2.184000000e-04,5.000000000e+00,4.161135431e+00,3.322271283e+00,-8.388645691e-03
2.185000000e-04,5.000000000e+00,4.161554759e+00,3.323109937e+00,-8.384452417e-03
2.186000000e-04,5.000000000e+00,4.161973877e+00,3.323948172e+00,-8.380261240e-03
2.187000000e-04,5.000000000e+00,4.162392785e+00,3.324785989e+00,-8.376072158e-03
2.188000000e-04,5.000000000e+00,4.162811484e+00,3.325623386e+00,-8.371885169e-03
2.189000000e-04,5.000000000e+00,4.163229973e+00,3.326460365e+00,-8.367700274e-03
2.190000000e-04,5.000000000e+00,4.163648253e+00,3.327296925e+00,-8.363517471e-03
2.191000000e-04,5.000000000e+00,4.164066325e+00,3.328133068e+00,-8.359336758e-03
2.192000000e-04,5.000000000e+00,4.164484187e+00,3.328968792e+00,-8.355158136e-03
2.193000000e-04,5.000000000e+00,4.164901840e+00,3.329804099e+00,-8.350981602e-03
2.194000000e-04,5.000000000e+00,4.165319285e+00,3.330638988e+00,-8.346807156e-03
2.195000000e-04,5.000000000e+00,4.165736521e+00,3.331473459e+00,-8.342634796e-03
2.196000000e-04,5.000000000e+00,4.166153548e+00,3.332307514e+00,-8.338464523e-03
2.197000000e-04,5.000000000e+00,4.166570367e+00,3.333141151e+00,-8.334296334e-03
2.198000000e-04,5.000000000e+00,4.166986978e+00,3.333974372e+00,-8.330130228e-03
2.199000000e-04,5.000000000e+00,4.167403380e+00,3.334807177e+00,-8.325966205e-03
2.200000000e-04,5.000000000e+00,4.167819574e+00,3.335639565e+00,-8.321804263e-03
2.201000000e-04,5.000000000e+00,4.168235560e+00,3.336471537e+00,-8.317644402e-03
2.202000000e-04,5.000000000e+00,4.168651338e+00,3.337303093e+00,-8.313486621e-03
2.203000000e-04,5.000000000e+00,4.169066909e+00,3.338134233e+00,-8.309330917e-03
2.204000000e-04,5.000000000e+00,4.169482271e+00,3.338964958e+00,-8.305177291e-03
2.205000000e-04,5.000000000e+00,4.169897426e+00,3.339795268e+00,-8.301025742e-03
2.206000000e-04,5.000000000e+00,4.170312374e+00,3.340625163e+00,-8.296876267e-03
2.207000000e-04,5.000000000e+00,4.170727114e+00,3.341454643e+00,-8.292728867e-03
2.208000000e-04,5.000000000e+00,4.171141646e+00,3.342283708e+00,-8.288583540e-03
2.209000000e-04,5.000000000e+00,4.171555972e+00,3.343112359e+00,-8.284440285e-03
2.210000000e-04,5.000000000e+00,4.171970090e+00,3.343940595e+00,-8.280299102e-03
2.211000000e-04,5.000000000e+00,4.172384002e+00,3.344768418e+00,-8.276159988e-03
2.212000000e-04,5.000000000e+00,4.172797706e+00,3.345595826e+00,-8.272022943e-03
2.213000000e-04,5.000000000e+00,4.173211204e+00,3.346422822e+00,-8.267887967e-03
2.214000000e-04,5.000000000e+00,4.173624495e+00,3.347249403e+00,-8.263755057e-03
2.215000000e-04,5.000000000e+00,4.174037579e+00,3.348075572e+00,-8.259624213e-03
2.216000000e-04,5.000000000e+00,4.174450457e+00,3.348901327e+00,-8.255495434e-03
2.217000000e-04,5.000000000e+00,4.174863129e+00,3.349726670e+00,-8.251368719e-03
2.218000000e-04,5.000000000e+00,4.175275594e+00,3.350551600e+00,-8.247244067e-03
2.219000000e-04,5.000000000e+00,4.175687853e+00,3.351376118e+00,-8.243121477e-03
2.220000000e-04,5.000000000e+00,4.176099906e+00,3.352200224e+00,-8.239000947e-03
2.221000000e-04,5.000000000e+00,4.176511753e+00,3.353023918e+00,-8.234882478e-03
2.222000000e-04,5.000000000e+00,4.176923394e+00,3.353847200e+00,-8.230766067e-03
2.223000000e-04,5.000000000e+00,4.177334829e+00,3.354670070e+00,-8.226651713e-03
2.224000000e-04,5.000000000e+00,4.177746059e+00,3.355492529e+00,-8.222539417e-03
2.225000000e-04,5.000000000e+00,4.178157083e+00,3.356314577e+00,-8.218429175e-03
2.226000000e-04,5.000000000e+00,4.178567902e+00,3.357136214e+00,-8.214320989e-03
2.227000000e-04,5.000000000e+00,4.178978515e+00,3.357957441e+00,-8.210214856e-03
2.228000000e-04,5.000000000e+00,4.179388923e+00,3.358778257e+00,-8.206110776e-03
2.229000000e-04,5.000000000e+00,4.179799126e+00,3.359598662e+00,-8.202008747e-03
2.230000000e-04,5.000000000e+00,4.180209124e+00,3.360418658e+00,-8.197908769e-03
2.231000000e-04,5.000000000e+00,4.180618917e+00,3.361238243e+00,-8.193810840e-03
2.232000000e-04,5.000000000e+00,4.181028505e+00,3.362057419e+00,-8.189714959e-03
2.233000000e-04,5.000000000e+00,4.181437888e+00,3.362876185e+00,-8.185621126e-03
2.234000000e-04,5.000000000e+00,4.181847067e+00,3.363694543e+00,-8.181529340e-03
2.235000000e-04,5.000000000e+00,4.182256041e+00,3.364512491e+00,-8.177439599e-03
2.236000000e-04,5.000000000e+00,4.182664810e+00,3.365330030e+00,-8.173351902e-03
2.237000000e-04,5.000000000e+00,4.183073376e+00,3.366147160e+00,-8.169266249e-03
2.238000000e-04,5.000000000e+00,4.183481737e+00,3.366963882e+00,-8.165182637e-03
2.239000000e-04,5.000000000e+00,4.183889894e+00,3.367780196e+00,-8.161101068e-03
2.240000000e-04,5.000000000e+00,4.184297847e+00,3.368596102e+00,-8.157021538e-03
2.241000000e-04,5.000000000e+00,4.184705596e+00,3.369411600e+00,-8.152944048e-03
2.242000000e-04,5.000000000e+00,4.185113141e+00,3.370226690e+00,-8.148868596e-03
2.243000000e-04,5.000000000e+00,4.185520482e+00,3.371041373e+00,-8.144795181e-03
2.244000000e-04,5.000000000e+00,4.185927620e+00,3.371855648e+00,-8.140723802e-03
2.245000000e-04,5.000000000e+00,4.186334555e+00,3.372669517e+00,-8.136654458e-03
2.246000000e-04,5.000000000e+00,4.186741286e+00,3.373482978e+00,-8.132587149e-03
2.247000000e-04,5.000000000e+00,4.187147813e+00,3.374296033e+00,-8.128521873e-03
2.248000000e-04,5.000000000e+00,4.187554138e+00,3.375108682e+00,-8.124458629e-03
2.249000000e-04,5.000000000e+00,4.187960259e+00,3.375920924e+00,-8.120397416e-03
2.250000000e-04,5.000000000e+00,4.188366177e+00,3.376732761e+00,-8.116338233e-03
2.251000000e-04,5.000000000e+00,4.188771893e+00,3.377544191e+00,-8.112281079e-03
2.252000000e-04,5.000000000e+00,4.189177405e+00,3.378355216e+00,-8.108225954e-03
2.253000000e-04,5.000000000e+00,4.189582715e+00,3.379165836e+00,-8.104172855e-03
2.254000000e-04,5.000000000e+00,4.189987822e+00,3.379976050e+00,-8.100121782e-03
2.255000000e-04,5.000000000e+00,4.190392727e+00,3.380785859e+00,-8.096072735e-03
2.256000000e-04,5.000000000e+00,4.190797429e+00,3.381595264e+00,-8.092025711e-03
2.257000000e-04,5.000000000e+00,4.191201929e+00,3.382404264e+00,-8.087980711e-03
2.258000000e-04,5.000000000e+00,4.191606227e+00,3.383212859e+00,-8.083937732e-03
2.259000000e-04,5.000000000e+00,4.192010323e+00,3.384021050e+00,-8.079896775e-03
2.260000000e-04,5.000000000e+00,4.192414217e+00,3.384828838e+00,-8.075857837e-03
2.261000000e-04,5.000000000e+00,4.192817909e+00,3.385636221e+00,-8.071820918e-03
2.262000000e-04,5.000000000e+00,4.193221399e+00,3.386443201e+00,-8.067786018e-03
2.263000000e-04,5.000000000e+00,4.193624687e+00,3.387249778e+00,-8.063753134e-03
2.264000000e-04,5.000000000e+00,4.194027774e+00,3.388055951e+00,-8.059722266e-03
2.265000000e-04,5.000000000e+00,4.194430659e+00,3.388861722e+00,-8.055693413e-03
2.266000000e-04,5.000000000e+00,4.194833343e+00,3.389667089e+00,-8.051666574e-03
2.267000000e-04,5.000000000e+00,4.195235826e+00,3.390472054e+00,-8.047641748e-03
2.268000000e-04,5.000000000e+00,4.195638107e+00,3.391276617e+00,-8.043618934e-03
2.269000000e-04,5.000000000e+00,4.196040187e+00,3.392080777e+00,-8.039598131e-03
2.270000000e-04,5.000000000e+00,4.196442067e+00,3.392884536e+00,-8.035579338e-03
2.271000000e-04,5.000000000e+00,4.196843745e+00,3.393687892e+00,-8.031562553e-03
2.272000000e-04,5.000000000e+00,4.197245223e+00,3.394490847e+00,-8.027547777e-03
2.273000000e-04,5.000000000e+00,4.197646500e+00,3.395293401e+00,-8.023535007e-03
2.274000000e-04,5.000000000e+00,4.198047576e+00,3.396095554e+00,-8.019524243e-03
2.275000000e-04,5.000000000e+00,4.198448452e+00,3.396897305e+00,-8.015515484e-03
2.276000000e-04,5.000000000e+00,4.198849128e+00,3.397698656e+00,-8.011508729e-03
2.277000000e-04,5.000000000e+00,4.199249603e+00,3.398499606e+00,-8.007503977e-03
2.278000000e-04,5.000000000e+00,4.199649878e+00,3.399300156e+00,-8.003501227e-03
2.279000000e-04,5.000000000e+00,4.200049953e+00,3.400100306e+00,-7.999500478e-03
2.280000000e-04,5.000000000e+00,4.200449828e+00,3.400900056e+00,-7.995501728e-03
2.281000000e-04,5.000000000e+00,4.200849503e+00,3.401699405e+00,-7.991504978e-03
2.282000000e-04,5.000000000e+00,4.201248978e+00,3.402498356e+00,-7.987510225e-03
2.283000000e-04,5.000000000e+00,4.201648254e+00,3.403296907e+00,-7.983517469e-03
2.284000000e-04,5.000000000e+00,4.202047330e+00,3.404095059e+00,-7.979526709e-03
2.285000000e-04,5.000000000e+00,4.202446206e+00,3.404892811e+00,-7.975537944e-03
2.286000000e-04,5.000000000e+00,4.202844883e+00,3.405690165e+00,-7.971551173e-03
2.287000000e-04,5.000000000e+00,4.203243361e+00,3.406487121e+00,-7.967566394e-03
2.288000000e-04,5.000000000e+00,4.203641640e+00,3.407283678e+00,-7.963583608e-03
2.289000000e-04,5.000000000e+00,4.204039719e+00,3.408079837e+00,-7.959602812e-03
2.290000000e-04,5.000000000e+00,4.204437600e+00,3.408875598e+00,-7.955624007e-03
2.291000000e-04,5.000000000e+00,4.204835282e+00,3.409670961e+00,-7.951647190e-03
2.292000000e-04,5.000000000e+00,4.205232764e+00,3.410465927e+00,-7.947672361e-03
2.293000000e-04,5.000000000e+00,4.205630049e+00,3.411260495e+00,-7.943699519e-03
2.294000000e-04,5.000000000e+00,4.206027134e+00,3.412054666e+00,-7.939728663e-03
2.295000000e-04,5.000000000e+00,4.206424021e+00,3.412848440e+00,-7.935759792e-03
2.296000000e-04,5.000000000e+00,4.206820710e+00,3.413641817e+00,-7.931792905e-03
2.297000000e-04,5.000000000e+00,4.207217200e+00,3.414434798e+00,-7.927828001e-03
2.298000000e-04,5.000000000e+00,4.207613493e+00,3.415227382e+00,-7.923865078e-03
2.299000000e-04,5.000000000e+00,4.208009587e+00,3.416019570e+00,-7.919904137e-03
2.300000000e-04,5.000000000e+00,4.208405483e+00,3.416811362e+00,-7.915945176e-03
2.301000000e-04,5.000000000e+00,4.208801181e+00,3.417602758e+00,-7.911988194e-03
2.302000000e-04,5.000000000e+00,4.209196682e+00,3.418393759e+00,-7.908033189e-03
2.303000000e-04,5.000000000e+00,4.209591984e+00,3.419184364e+00,-7.904080162e-03
2.304000000e-04,5.000000000e+00,4.209987089e+00,3.419974574e+00,-7.900129111e-03
2.305000000e-04,5.000000000e+00,4.210381997e+00,3.420764389e+00,-7.896180034e-03
2.306000000e-04,5.000000000e+00,4.210776707e+00,3.421553810e+00,-7.892232932e-03
2.307000000e-04,5.000000000e+00,4.211171220e+00,3.422342835e+00,-7.888287803e-03
2.308000000e-04,5.000000000e+00,4.211565536e+00,3.423131466e+00,-7.884344646e-03
2.309000000e-04,5.000000000e+00,4.211959654e+00,3.423919703e+00,-7.880403460e-03
2.310000000e-04,5.000000000e+00,4.212353576e+00,3.424707546e+00,-7.876464244e-03
2.311000000e-04,5.000000000e+00,4.212747301e+00,3.425494996e+00,-7.872526997e-03
2.312000000e-04,5.000000000e+00,4.213140829e+00,3.426282051e+00,-7.868591719e-03
2.313000000e-04,5.000000000e+00,4.213534160e+00,3.427068713e+00,-7.864658407e-03
2.314000000e-04,5.000000000e+00,4.213927294e+00,3.427854982e+00,-7.860727062e-03
2.315000000e-04,5.000000000e+00,4.214320232e+00,3.428640858e+00,-7.856797682e-03
2.316000000e-04,5.000000000e+00,4.214712974e+00,3.429426341e+00,-7.852870266e-03
2.317000000e-04,5.000000000e+00,4.215105519e+00,3.430211431e+00,-7.848944813e-03
2.318000000e-04,5.000000000e+00,4.215497868e+00,3.430996129e+00,-7.845021323e-03
2.319000000e-04,5.000000000e+00,4.215890021e+00,3.431780435e+00,-7.841099793e-03
2.320000000e-04,5.000000000e+00,4.216281978e+00,3.432564348e+00,-7.837180224e-03
2.321000000e-04,5.000000000e+00,4.216673739e+00,3.433347870e+00,-7.833262615e-03
2.322000000e-04,5.000000000e+00,4.217065304e+00,3.434131000e+00,-7.829346963e-03
2.323000000e-04,5.000000000e+00,4.217456674e+00,3.434913739e+00,-7.825433269e-03
2.324000000e-04,5.000000000e+00,4.217847847e+00,3.435696086e+00,-7.821521532e-03
2.325000000e-04,5.000000000e+00,4.218238826e+00,3.436478042e+00,-7.817611749e-03
2.326000000e-04,5.000000000e+00,4.218629608e+00,3.437259608e+00,-7.813703921e-03
2.327000000e-04,5.000000000e+00,4.219020196e+00,3.438040783e+00,-7.809798047e-03
2.328000000e-04,5.000000000e+00,4.219410588e+00,3.438821567e+00,-7.805894125e-03
2.329000000e-04,5.000000000e+00,4.219800785e+00,3.439601961e+00,-7.801992154e-03
2.330000000e-04,5.000000000e+00,4.220190787e+00,3.440381964e+00,-7.798092134e-03
2.331000000e-04,5.000000000e+00,4.220580594e+00,3.441161578e+00,-7.794194064e-03
2.332000000e-04,5.000000000e+00,4.220970206e+00,3.441940803e+00,-7.790297942e-03
2.333000000e-04,5.000000000e+00,4.221359624e+00,3.442719637e+00,-7.786403767e-03
2.334000000e-04,5.000000000e+00,4.221748847e+00,3.443498083e+00,-7.782511540e-03
2.335000000e-04,5.000000000e+00,4.222137875e+00,3.444276139e+00,-7.778621257e-03
2.336000000e-04,5.000000000e+00,4.222526709e+00,3.445053806e+00,-7.774732920e-03
2.337000000e-04,5.000000000e+00,4.222915348e+00,3.445831085e+00,-7.770846526e-03
2.338000000e-04,5.000000000e+00,4.223303793e+00,3.446607975e+00,-7.766962075e-03
2.339000000e-04,5.000000000e+00,4.223692044e+00,3.447384476e+00,-7.763079565e-03
2.340000000e-04,5.000000000e+00,4.224080101e+00,3.448160590e+00,-7.759198997e-03
2.341000000e-04,5.000000000e+00,4.224467964e+00,3.448936316e+00,-7.755320368e-03
2.342000000e-04,5.000000000e+00,4.224855633e+00,3.449711653e+00,-7.751443678e-03
2.343000000e-04,5.000000000e+00,4.225243108e+00,3.450486604e+00,-7.747568926e-03
2.344000000e-04,5.000000000e+00,4.225630389e+00,3.451261166e+00,-7.743696111e-03
2.345000000e-04,5.000000000e+00,4.226017477e+00,3.452035342e+00,-7.739825231e-03
2.346000000e-04,5.000000000e+00,4.226404372e+00,3.452809131e+00,-7.735956287e-03
2.347000000e-04,5.000000000e+00,4.226791073e+00,3.453582533e+00,-7.732089277e-03
2.348000000e-04,5.000000000e+00,4.227177581e+00,3.454355548e+00,-7.728224199e-03
2.349000000e-04,5.000000000e+00,4.227563895e+00,3.455128177e+00,-7.724361054e-03
2.350000000e-04,5.000000000e+00,4.227950017e+00,3.455900419e+00,-7.720499840e-03
2.351000000e-04,5.000000000e+00,4.228335945e+00,3.456672276e+00,-7.716640556e-03
2.352000000e-04,5.000000000e+00,4.228721680e+00,3.457443747e+00,-7.712783201e-03
2.353000000e-04,5.000000000e+00,4.229107223e+00,3.458214832e+00,-7.708927774e-03
2.354000000e-04,5.000000000e+00,4.229492573e+00,3.458985532e+00,-7.705074275e-03
2.355000000e-04,5.000000000e+00,4.229877730e+00,3.459755846e+00,-7.701222701e-03
2.356000000e-04,5.000000000e+00,4.230262695e+00,3.460525776e+00,-7.697373053e-03
2.357000000e-04,5.000000000e+00,4.230647468e+00,3.461295320e+00,-7.693525330e-03
2.358000000e-04,5.000000000e+00,4.231032048e+00,3.462064480e+00,-7.689679530e-03
2.359000000e-04,5.000000000e+00,4.231416435e+00,3.462833255e+00,-7.685835652e-03
2.360000000e-04,5.000000000e+00,4.231800631e+00,3.463601646e+00,-7.681993695e-03
2.361000000e-04,5.000000000e+00,4.232184635e+00,3.464369653e+00,-7.678153660e-03
2.362000000e-04,5.000000000e+00,4.232568446e+00,3.465137276e+00,-7.674315543e-03
2.363000000e-04,5.000000000e+00,4.232952066e+00,3.465904516e+00,-7.670479346e-03
2.364000000e-04,5.000000000e+00,4.233335494e+00,3.466671372e+00,-7.666645066e-03
2.365000000e-04,5.000000000e+00,4.233718730e+00,3.467437844e+00,-7.662812702e-03
2.366000000e-04,5.000000000e+00,4.234101775e+00,3.468203934e+00,-7.658982254e-03
2.367000000e-04,5.000000000e+00,4.234484628e+00,3.468969640e+00,-7.655153721e-03
2.368000000e-04,5.000000000e+00,4.234867290e+00,3.469734964e+00,-7.651327102e-03
2.369000000e-04,5.000000000e+00,4.235249761e+00,3.470499905e+00,-7.647502396e-03
2.370000000e-04,5.000000000e+00,4.235632040e+00,3.471264463e+00,-7.643679601e-03
2.371000000e-04,5.000000000e+00,4.236014129e+00,3.472028640e+00,-7.639858718e-03
2.372000000e-04,5.000000000e+00,4.236396026e+00,3.472792434e+00,-7.636039744e-03
2.373000000e-04,5.000000000e+00,4.236777733e+00,3.473555847e+00,-7.632222679e-03
2.374000000e-04,5.000000000e+00,4.237159248e+00,3.474318878e+00,-7.628407523e-03
2.375000000e-04,5.000000000e+00,4.237540573e+00,3.475081528e+00,-7.624594273e-03
2.376000000e-04,5.000000000e+00,4.237921707e+00,3.475843796e+00,-7.620782930e-03
2.377000000e-04,5.000000000e+00,4.238302651e+00,3.476605684e+00,-7.616973492e-03
2.378000000e-04,5.000000000e+00,4.238683405e+00,3.477367190e+00,-7.613165958e-03
2.379000000e-04,5.000000000e+00,4.239063968e+00,3.478128316e+00,-7.609360328e-03
2.380000000e-04,5.000000000e+00,4.239444341e+00,3.478889062e+00,-7.605556599e-03
2.381000000e-04,5.000000000e+00,4.239824523e+00,3.479649427e+00,-7.601754773e-03
2.382000000e-04,5.000000000e+00,4.240204516e+00,3.480409412e+00,-7.597954846e-03
2.383000000e-04,5.000000000e+00,4.240584319e+00,3.481169017e+00,-7.594156819e-03
2.384000000e-04,5.000000000e+00,4.240963931e+00,3.481928243e+00,-7.590360691e-03
2.385000000e-04,5.000000000e+00,4.241343354e+00,3.482687089e+00,-7.586566460e-03
2.386000000e-04,5.000000000e+00,4.241722588e+00,3.483445555e+00,-7.582774126e-03
2.387000000e-04,5.000000000e+00,4.242101632e+00,3.484203643e+00,-7.578983687e-03
2.388000000e-04,5.000000000e+00,4.242480486e+00,3.484961351e+00,-7.575195144e-03
2.389000000e-04,5.000000000e+00,4.242859151e+00,3.485718681e+00,-7.571408494e-03
2.390000000e-04,5.000000000e+00,4.243237627e+00,3.486475632e+00,-7.567623737e-03
2.391000000e-04,5.000000000e+00,4.243615913e+00,3.487232205e+00,-7.563840872e-03
2.392000000e-04,5.000000000e+00,4.243994011e+00,3.487988400e+00,-7.560059897e-03
2.393000000e-04,5.000000000e+00,4.244371919e+00,3.488744217e+00,-7.556280813e-03
2.394000000e-04,5.000000000e+00,4.244749639e+00,3.489499655e+00,-7.552503618e-03
2.395000000e-04,5.000000000e+00,4.245127169e+00,3.490254717e+00,-7.548728311e-03
2.396000000e-04,5.000000000e+00,4.245504511e+00,3.491009400e+00,-7.544954891e-03
2.397000000e-04,5.000000000e+00,4.245881665e+00,3.491763707e+00,-7.541183358e-03
2.398000000e-04,5.000000000e+00,4.246258630e+00,3.492517636e+00,-7.537413709e-03
2.399000000e-04,5.000000000e+00,4.246635406e+00,3.493271189e+00,-7.533645946e-03
2.400000000e-04,5.000000000e+00,4.247011994e+00,3.494024365e+00,-7.529880065e-03
2.401000000e-04,5.000000000e+00,4.247388394e+00,3.494777164e+00,-7.526116067e-03
2.402000000e-04,5.000000000e+00,4.247764605e+00,3.495529587e+00,-7.522353950e-03
2.403000000e-04,5.000000000e+00,4.248140629e+00,3.496281634e+00,-7.518593715e-03
2.404000000e-04,5.000000000e+00,4.248516465e+00,3.497033306e+00,-7.514835358e-03
2.405000000e-04,5.000000000e+00,4.248892112e+00,3.497784601e+00,-7.511078881e-03
2.406000000e-04,5.000000000e+00,4.249267572e+00,3.498535521e+00,-7.507324281e-03
2.407000000e-04,5.000000000e+00,4.249642845e+00,3.499286065e+00,-7.503571558e-03
2.408000000e-04,5.000000000e+00,4.250017929e+00,3.500036234e+00,-7.499820711e-03
2.409000000e-04,5.000000000e+00,4.250392827e+00,3.500786028e+00,-7.496071739e-03
2.410000000e-04,5.000000000e+00,4.250767536e+00,3.501535448e+00,-7.492324641e-03
2.411000000e-04,5.000000000e+00,4.251142059e+00,3.502284493e+00,-7.488579416e-03
2.412000000e-04,5.000000000e+00,4.251516394e+00,3.503033163e+00,-7.484836063e-03
2.413000000e-04,5.000000000e+00,4.251890542e+00,3.503781459e+00,-7.481094581e-03
2.414000000e-04,5.000000000e+00,4.252264504e+00,3.504529381e+00,-7.477354970e-03
2.415000000e-04,5.000000000e+00,4.252638278e+00,3.505276930e+00,-7.473617227e-03
2.416000000e-04,5.000000000e+00,4.253011865e+00,3.506024104e+00,-7.469881354e-03
2.417000000e-04,5.000000000e+00,4.253385266e+00,3.506770905e+00,-7.466147348e-03
2.418000000e-04,5.000000000e+00,4.253758480e+00,3.507517333e+00,-7.462415208e-03
2.419000000e-04,5.000000000e+00,4.254131507e+00,3.508263388e+00,-7.458684934e-03
2.420000000e-04,5.000000000e+00,4.254504348e+00,3.509009069e+00,-7.454956525e-03
2.421000000e-04,5.000000000e+00,4.254877003e+00,3.509754378e+00,-7.451229979e-03
2.422000000e-04,5.000000000e+00,4.255249471e+00,3.510499315e+00,-7.447505296e-03
2.423000000e-04,5.000000000e+00,4.255621753e+00,3.511243879e+00,-7.443782475e-03
2.424000000e-04,5.000000000e+00,4.255993849e+00,3.511988070e+00,-7.440061515e-03
2.425000000e-04,5.000000000e+00,4.256365759e+00,3.512731890e+00,-7.436342415e-03
2.426000000e-04,5.000000000e+00,4.256737483e+00,3.513475338e+00,-7.432625174e-03
2.427000000e-04,5.000000000e+00,4.257109021e+00,3.514218415e+00,-7.428909791e-03
2.428000000e-04,5.000000000e+00,4.257480374e+00,3.514961120e+00,-7.425196266e-03
2.429000000e-04,5.000000000e+00,4.257851541e+00,3.515703453e+00,-7.421484597e-03
2.430000000e-04,5.000000000e+00,4.258222522e+00,3.516445416e+00,-7.417774783e-03
2.431000000e-04,5.000000000e+00,4.258593318e+00,3.517187007e+00,-7.414066823e-03
2.432000000e-04,5.000000000e+00,4.258963929e+00,3.517928228e+00,-7.410360717e-03
2.433000000e-04,5.000000000e+00,4.259334354e+00,3.518669079e+00,-7.406656464e-03
2.434000000e-04,5.000000000e+00,4.259704594e+00,3.519409559e+00,-7.402954062e-03
2.435000000e-04,5.000000000e+00,4.260074649e+00,3.520149669e+00,-7.399253511e-03
2.436000000e-04,5.000000000e+00,4.260444519e+00,3.520889409e+00,-7.395554810e-03
2.437000000e-04,5.000000000e+00,4.260814205e+00,3.521628779e+00,-7.391857958e-03
2.438000000e-04,5.000000000e+00,4.261183705e+00,3.522367780e+00,-7.388162954e-03
2.439000000e-04,5.000000000e+00,4.261553021e+00,3.523106411e+00,-7.384469797e-03
2.440000000e-04,5.000000000e+00,4.261922152e+00,3.523844673e+00,-7.380778486e-03
2.441000000e-04,5.000000000e+00,4.262291099e+00,3.524582566e+00,-7.377089020e-03
2.442000000e-04,5.000000000e+00,4.262659861e+00,3.525320090e+00,-7.373401398e-03
2.443000000e-04,5.000000000e+00,4.263028439e+00,3.526057246e+00,-7.369715620e-03
2.444000000e-04,5.000000000e+00,4.263396832e+00,3.526794033e+00,-7.366031684e-03
2.445000000e-04,5.000000000e+00,4.263765042e+00,3.527530452e+00,-7.362349590e-03
2.446000000e-04,5.000000000e+00,4.264133067e+00,3.528266502e+00,-7.358669336e-03
2.447000000e-04,5.000000000e+00,4.264500908e+00,3.529002185e+00,-7.354990922e-03
2.448000000e-04,5.000000000e+00,4.264868566e+00,3.529737500e+00,-7.351314346e-03
2.449000000e-04,5.000000000e+00,4.265236040e+00,3.530472447e+00,-7.347639609e-03
2.450000000e-04,5.000000000e+00,4.265603330e+00,3.531207027e+00,-7.343966708e-03
2.451000000e-04,5.000000000e+00,4.265970436e+00,3.531941240e+00,-7.340295644e-03
2.452000000e-04,5.000000000e+00,4.266337359e+00,3.532675085e+00,-7.336626414e-03
2.453000000e-04,5.000000000e+00,4.266704099e+00,3.533408564e+00,-7.332959019e-03
2.454000000e-04,5.000000000e+00,4.267070655e+00,3.534141677e+00,-7.329293456e-03
2.455000000e-04,5.000000000e+00,4.267437028e+00,3.534874422e+00,-7.325629727e-03
2.456000000e-04,5.000000000e+00,4.267803218e+00,3.535606802e+00,-7.321967828e-03
2.457000000e-04,5.000000000e+00,4.268169224e+00,3.536338815e+00,-7.318307760e-03
2.458000000e-04,5.000000000e+00,4.268535048e+00,3.537070463e+00,-7.314649522e-03
2.459000000e-04,5.000000000e+00,4.268900689e+00,3.537801745e+00,-7.310993112e-03
2.460000000e-04,5.000000000e+00,4.269266147e+00,3.538532661e+00,-7.307338530e-03
2.461000000e-04,5.000000000e+00,4.269631423e+00,3.539263212e+00,-7.303685775e-03
2.462000000e-04,5.000000000e+00,4.269996516e+00,3.539993397e+00,-7.300034846e-03
2.463000000e-04,5.000000000e+00,4.270361426e+00,3.540723218e+00,-7.296385742e-03
2.464000000e-04,5.000000000e+00,4.270726154e+00,3.541452674e+00,-7.292738462e-03
2.465000000e-04,5.000000000e+00,4.271090700e+00,3.542181765e+00,-7.289093005e-03
2.466000000e-04,5.000000000e+00,4.271455063e+00,3.542910492e+00,-7.285449370e-03
2.467000000e-04,5.000000000e+00,4.271819245e+00,3.543638854e+00,-7.281807557e-03
2.468000000e-04,5.000000000e+00,4.272183244e+00,3.544366853e+00,-7.278167564e-03
2.469000000e-04,5.000000000e+00,4.272547061e+00,3.545094487e+00,-7.274529391e-03
2.470000000e-04,5.000000000e+00,4.272910697e+00,3.545821758e+00,-7.270893036e-03
2.471000000e-04,5.000000000e+00,4.273274151e+00,3.546548665e+00,-7.267258499e-03
2.472000000e-04,5.000000000e+00,4.273637423e+00,3.547275209e+00,-7.263625779e-03
2.473000000e-04,5.000000000e+00,4.274000513e+00,3.548001389e+00,-7.259994875e-03
2.474000000e-04,5.000000000e+00,4.274363422e+00,3.548727207e+00,-7.256365786e-03
2.475000000e-04,5.000000000e+00,4.274726149e+00,3.549452662e+00,-7.252738510e-03
2.476000000e-04,5.000000000e+00,4.275088696e+00,3.550177754e+00,-7.249113049e-03
2.477000000e-04,5.000000000e+00,4.275451061e+00,3.550902484e+00,-7.245489399e-03
2.478000000e-04,5.000000000e+00,4.275813244e+00,3.551626851e+00,-7.241867561e-03
2.479000000e-04,5.000000000e+00,4.276175247e+00,3.552350857e+00,-7.238247533e-03
2.480000000e-04,5.000000000e+00,4.276537069e+00,3.553074500e+00,-7.234629314e-03
2.481000000e-04,5.000000000e+00,4.276898710e+00,3.553797782e+00,-7.231012905e-03
2.482000000e-04,5.000000000e+00,4.277260170e+00,3.554520702e+00,-7.227398303e-03
2.483000000e-04,5.000000000e+00,4.277621450e+00,3.555243261e+00,-7.223785508e-03
2.484000000e-04,5.000000000e+00,4.277982549e+00,3.555965459e+00,-7.220174519e-03
2.485000000e-04,5.000000000e+00,4.278343467e+00,3.556687295e+00,-7.216565335e-03
2.486000000e-04,5.000000000e+00,4.278704205e+00,3.557408771e+00,-7.212957955e-03
2.487000000e-04,5.000000000e+00,4.279064763e+00,3.558129886e+00,-7.209352378e-03
2.488000000e-04,5.000000000e+00,4.279425140e+00,3.558850641e+00,-7.205748604e-03
2.489000000e-04,5.000000000e+00,4.279785337e+00,3.559571035e+00,-7.202146631e-03
2.490000000e-04,5.000000000e+00,4.280145355e+00,3.560291070e+00,-7.198546459e-03
2.491000000e-04,5.000000000e+00,4.280505192e+00,3.561010744e+00,-7.194948086e-03
2.492000000e-04,5.000000000e+00,4.280864849e+00,3.561730059e+00,-7.191351512e-03
2.493000000e-04,5.000000000e+00,4.281224327e+00,3.562449014e+00,-7.187756736e-03
2.494000000e-04,5.000000000e+00,4.281583625e+00,3.563167609e+00,-7.184163757e-03
2.495000000e-04,5.000000000e+00,4.281942743e+00,3.563885846e+00,-7.180572574e-03
2.496000000e-04,5.000000000e+00,4.282301682e+00,3.564603723e+00,-7.176983186e-03
2.497000000e-04,5.000000000e+00,4.282660441e+00,3.565321242e+00,-7.173395592e-03
2.498000000e-04,5.000000000e+00,4.283019021e+00,3.566038402e+00,-7.169809792e-03
2.499000000e-04,5.000000000e+00,4.283377422e+00,3.566755203e+00,-7.166225784e-03
2.500000000e-04,5.000000000e+00,4.283735644e+00,3.567471646e+00,-7.162643567e-03
2.501000000e-04,5.000000000e+00,4.284093686e+00,3.568187731e+00,-7.159063142e-03
2.502000000e-04,5.000000000e+00,4.284451550e+00,3.568903458e+00,-7.155484506e-03
2.503000000e-04,5.000000000e+00,4.284809235e+00,3.569618827e+00,-7.151907659e-03
2.504000000e-04,5.000000000e+00,4.285166741e+00,3.570333839e+00,-7.148332599e-03
2.505000000e-04,5.000000000e+00,4.285524068e+00,3.571048493e+00,-7.144759327e-03
2.506000000e-04,5.000000000e+00,4.285881216e+00,3.571762790e+00,-7.141187842e-03
2.507000000e-04,5.000000000e+00,4.286238186e+00,3.572476730e+00,-7.137618141e-03
2.508000000e-04,5.000000000e+00,4.286594978e+00,3.573190313e+00,-7.134050225e-03
2.509000000e-04,5.000000000e+00,4.286951591e+00,3.573903540e+00,-7.130484092e-03
2.510000000e-04,5.000000000e+00,4.287308026e+00,3.574616409e+00,-7.126919742e-03
2.511000000e-04,5.000000000e+00,4.287664283e+00,3.575328923e+00,-7.123357174e-03
2.512000000e-04,5.000000000e+00,4.288020362e+00,3.576041080e+00,-7.119796386e-03
2.513000000e-04,5.000000000e+00,4.288376263e+00,3.576752881e+00,-7.116237379e-03
2.514000000e-04,5.000000000e+00,4.288731985e+00,3.577464327e+00,-7.112680150e-03
2.515000000e-04,5.000000000e+00,4.289087530e+00,3.578175417e+00,-7.109124700e-03
2.516000000e-04,5.000000000e+00,4.289442898e+00,3.578886151e+00,-7.105571027e-03
2.517000000e-04,5.000000000e+00,4.289798087e+00,3.579596530e+00,-7.102019131e-03
2.518000000e-04,5.000000000e+00,4.290153100e+00,3.580306554e+00,-7.098469009e-03
2.519000000e-04,5.000000000e+00,4.290507934e+00,3.581016224e+00,-7.094920663e-03
2.520000000e-04,5.000000000e+00,4.290862591e+00,3.581725538e+00,-7.091374090e-03
2.521000000e-04,5.000000000e+00,4.291217071e+00,3.582434498e+00,-7.087829290e-03
2.522000000e-04,5.000000000e+00,4.291571374e+00,3.583143103e+00,-7.084286262e-03
2.523000000e-04,5.000000000e+00,4.291925500e+00,3.583851354e+00,-7.080745005e-03
2.524000000e-04,5.000000000e+00,4.292279449e+00,3.584559252e+00,-7.077205519e-03
2.525000000e-04,5.000000000e+00,4.292633220e+00,3.585266795e+00,-7.073667801e-03
2.526000000e-04,5.000000000e+00,4.292986815e+00,3.585973984e+00,-7.070131852e-03
2.527000000e-04,5.000000000e+00,4.293340233e+00,3.586680821e+00,-7.066597671e-03
2.528000000e-04,5.000000000e+00,4.293693475e+00,3.587387303e+00,-7.063065256e-03
2.529000000e-04,5.000000000e+00,4.294046540e+00,3.588093433e+00,-7.059534607e-03
2.530000000e-04,5.000000000e+00,4.294399428e+00,3.588799210e+00,-7.056005723e-03
2.531000000e-04,5.000000000e+00,4.294752140e+00,3.589504634e+00,-7.052478603e-03
2.532000000e-04,5.000000000e+00,4.295104676e+00,3.590209705e+00,-7.048953246e-03
2.533000000e-04,5.000000000e+00,4.295457035e+00,3.590914424e+00,-7.045429651e-03
2.534000000e-04,5.000000000e+00,4.295809219e+00,3.591618790e+00,-7.041907817e-03
2.535000000e-04,5.000000000e+00,4.296161226e+00,3.592322804e+00,-7.038387745e-03
2.536000000e-04,5.000000000e+00,4.296513057e+00,3.593026467e+00,-7.034869431e-03
2.537000000e-04,5.000000000e+00,4.296864713e+00,3.593729778e+00,-7.031352876e-03
2.538000000e-04,5.000000000e+00,4.297216193e+00,3.594432737e+00,-7.027838080e-03
2.539000000e-04,5.000000000e+00,4.297567497e+00,3.595135345e+00,-7.024325040e-03
2.540000000e-04,5.000000000e+00,4.297918625e+00,3.595837601e+00,-7.020813756e-03
2.541000000e-04,5.000000000e+00,4.298269578e+00,3.596539507e+00,-7.017304227e-03
2.542000000e-04,5.000000000e+00,4.298620355e+00,3.597241061e+00,-7.013796453e-03
2.543000000e-04,5.000000000e+00,4.298970957e+00,3.597942265e+00,-7.010290432e-03
2.544000000e-04,5.000000000e+00,4.299321384e+00,3.598643119e+00,-7.006786164e-03
2.545000000e-04,5.000000000e+00,4.299671636e+00,3.599343622e+00,-7.003283648e-03
2.546000000e-04,5.000000000e+00,4.300021712e+00,3.600043775e+00,-6.999782882e-03
2.547000000e-04,5.000000000e+00,4.300371614e+00,3.600743578e+00,-6.996283866e-03
2.548000000e-04,5.000000000e+00,4.300721341e+00,3.601443031e+00,-6.992786599e-03
2.549000000e-04,5.000000000e+00,4.301070892e+00,3.602142135e+00,-6.989291081e-03
2.550000000e-04,5.000000000e+00,4.301420270e+00,3.602840889e+00,-6.985797310e-03
2.551000000e-04,5.000000000e+00,4.301769472e+00,3.603539294e+00,-6.982305285e-03
2.552000000e-04,5.000000000e+00,4.302118500e+00,3.604237349e+00,-6.978815006e-03
2.553000000e-04,5.000000000e+00,4.302467353e+00,3.604935056e+00,-6.975326471e-03
2.554000000e-04,5.000000000e+00,4.302816032e+00,3.605632414e+00,-6.971839681e-03
2.555000000e-04,5.000000000e+00,4.303164537e+00,3.606329423e+00,-6.968354633e-03
2.556000000e-04,5.000000000e+00,4.303512868e+00,3.607026084e+00,-6.964871328e-03
2.557000000e-04,5.000000000e+00,4.303861024e+00,3.607722397e+00,-6.961389763e-03
2.558000000e-04,5.000000000e+00,4.304209007e+00,3.608418361e+00,-6.957909939e-03
2.559000000e-04,5.000000000e+00,4.304556815e+00,3.609113978e+00,-6.954431855e-03
2.560000000e-04,5.000000000e+00,4.304904450e+00,3.609809247e+00,-6.950955509e-03
2.561000000e-04,5.000000000e+00,4.305251910e+00,3.610504169e+00,-6.947480901e-03
2.562000000e-04,5.000000000e+00,4.305599198e+00,3.611198743e+00,-6.944008029e-03
2.563000000e-04,5.000000000e+00,4.305946311e+00,3.611892970e+00,-6.940536894e-03
2.564000000e-04,5.000000000e+00,4.306293251e+00,3.612586850e+00,-6.937067494e-03
2.565000000e-04,5.000000000e+00,4.306640018e+00,3.613280383e+00,-6.933599828e-03
2.566000000e-04,5.000000000e+00,4.306986611e+00,3.613973569e+00,-6.930133895e-03
2.567000000e-04,5.000000000e+00,4.307333031e+00,3.614666409e+00,-6.926669695e-03
2.568000000e-04,5.000000000e+00,4.307679278e+00,3.615358902e+00,-6.923207227e-03
2.569000000e-04,5.000000000e+00,4.308025352e+00,3.616051050e+00,-6.919746489e-03
2.570000000e-04,5.000000000e+00,4.308371252e+00,3.616742851e+00,-6.916287482e-03
2.571000000e-04,5.000000000e+00,4.308716980e+00,3.617434306e+00,-6.912830203e-03
2.572000000e-04,5.000000000e+00,4.309062535e+00,3.618125416e+00,-6.909374653e-03
2.573000000e-04,5.000000000e+00,4.309407917e+00,3.618816181e+00,-6.905920830e-03
2.574000000e-04,5.000000000e+00,4.309753127e+00,3.619506600e+00,-6.902468734e-03
2.575000000e-04,5.000000000e+00,4.310098164e+00,3.620196674e+00,-6.899018363e-03
2.576000000e-04,5.000000000e+00,4.310443029e+00,3.620886403e+00,-6.895569717e-03
2.577000000e-04,5.000000000e+00,4.310787721e+00,3.621575787e+00,-6.892122794e-03
2.578000000e-04,5.000000000e+00,4.311132241e+00,3.622264827e+00,-6.888677595e-03
2.579000000e-04,5.000000000e+00,4.311476589e+00,3.622953522e+00,-6.885234118e-03
2.580000000e-04,5.000000000e+00,4.311820764e+00,3.623641873e+00,-6.881792362e-03
2.581000000e-04,5.000000000e+00,4.312164768e+00,3.624329880e+00,-6.878352327e-03
2.582000000e-04,5.000000000e+00,4.312508599e+00,3.625017543e+00,-6.874914012e-03
2.583000000e-04,5.000000000e+00,4.312852259e+00,3.625704862e+00,-6.871477415e-03
2.584000000e-04,5.000000000e+00,4.313195747e+00,3.626391838e+00,-6.868042535e-03
2.585000000e-04,5.000000000e+00,4.313539063e+00,3.627078470e+00,-6.864609373e-03
2.586000000e-04,5.000000000e+00,4.313882208e+00,3.627764759e+00,-6.861177927e-03
2.587000000e-04,5.000000000e+00,4.314225181e+00,3.628450705e+00,-6.857748197e-03
2.588000000e-04,5.000000000e+00,4.314567982e+00,3.629136308e+00,-6.854320181e-03
2.589000000e-04,5.000000000e+00,4.314910613e+00,3.629821568e+00,-6.850893878e-03
2.590000000e-04,5.000000000e+00,4.315253072e+00,3.630506486e+00,-6.847469288e-03
2.591000000e-04,5.000000000e+00,4.315595359e+00,3.631191062e+00,-6.844046410e-03
2.592000000e-04,5.000000000e+00,4.315937476e+00,3.631875295e+00,-6.840625243e-03
2.593000000e-04,5.000000000e+00,4.316279422e+00,3.632559186e+00,-6.837205786e-03
2.594000000e-04,5.000000000e+00,4.316621197e+00,3.633242735e+00,-6.833788039e-03
2.595000000e-04,5.000000000e+00,4.316962801e+00,3.633925943e+00,-6.830372000e-03
2.596000000e-04,5.000000000e+00,4.317304234e+00,3.634608809e+00,-6.826957668e-03
2.597000000e-04,5.000000000e+00,4.317645496e+00,3.635291334e+00,-6.823545043e-03
2.598000000e-04,5.000000000e+00,4.317986588e+00,3.635973518e+00,-6.820134124e-03
2.599000000e-04,5.000000000e+00,4.318327509e+00,3.636655360e+00,-6.816724911e-03
2.600000000e-04,5.000000000e+00,4.318668260e+00,3.637336862e+00,-6.813317401e-03
2.601000000e-04,5.000000000e+00,4.319008841e+00,3.638018023e+00,-6.809911594e-03
2.602000000e-04,5.000000000e+00,4.319349251e+00,3.638698844e+00,-6.806507491e-03
2.603000000e-04,5.000000000e+00,4.319689492e+00,3.639379324e+00,-6.803105088e-03
2.604000000e-04,5.000000000e+00,4.320029562e+00,3.640059464e+00,-6.799704387e-03
2.605000000e-04,5.000000000e+00,4.320369462e+00,3.640739264e+00,-6.796305385e-03
2.606000000e-04,5.000000000e+00,4.320709192e+00,3.641418725e+00,-6.792908083e-03
2.607000000e-04,5.000000000e+00,4.321048753e+00,3.642097845e+00,-6.789512479e-03
2.608000000e-04,5.000000000e+00,4.321388143e+00,3.642776626e+00,-6.786118572e-03
2.609000000e-04,5.000000000e+00,4.321727364e+00,3.643455068e+00,-6.782726361e-03
2.610000000e-04,5.000000000e+00,4.322066416e+00,3.644133171e+00,-6.779335847e-03
2.611000000e-04,5.000000000e+00,4.322405298e+00,3.644810935e+00,-6.775947027e-03
2.612000000e-04,5.000000000e+00,4.322744010e+00,3.645488360e+00,-6.772559901e-03
2.613000000e-04,5.000000000e+00,4.323082554e+00,3.646165446e+00,-6.769174468e-03
2.614000000e-04,5.000000000e+00,4.323420928e+00,3.646842194e+00,-6.765790728e-03
2.615000000e-04,5.000000000e+00,4.323759133e+00,3.647518604e+00,-6.762408679e-03
2.616000000e-04,5.000000000e+00,4.324097168e+00,3.648194675e+00,-6.759028321e-03
2.617000000e-04,5.000000000e+00,4.324435035e+00,3.648870409e+00,-6.755649652e-03
2.618000000e-04,5.000000000e+00,4.324772733e+00,3.649545805e+00,-6.752272672e-03
2.619000000e-04,5.000000000e+00,4.325110262e+00,3.650220863e+00,-6.748897381e-03
2.620000000e-04,5.000000000e+00,4.325447623e+00,3.650895583e+00,-6.745523776e-03
2.621000000e-04,5.000000000e+00,4.325784815e+00,3.651569967e+00,-6.742151858e-03
2.622000000e-04,5.000000000e+00,4.326121838e+00,3.652244013e+00,-6.738781626e-03
2.623000000e-04,5.000000000e+00,4.326458693e+00,3.652917723e+00,-6.735413078e-03
2.624000000e-04,5.000000000e+00,4.326795379e+00,3.653591095e+00,-6.732046214e-03
2.625000000e-04,5.000000000e+00,4.327131897e+00,3.654264131e+00,-6.728681033e-03
2.626000000e-04,5.000000000e+00,4.327468247e+00,3.654936831e+00,-6.725317534e-03
2.627000000e-04,5.000000000e+00,4.327804429e+00,3.655609194e+00,-6.721955717e-03
2.628000000e-04,5.000000000e+00,4.328140442e+00,3.656281221e+00,-6.718595580e-03
2.629000000e-04,5.000000000e+00,4.328476288e+00,3.656952913e+00,-6.715237123e-03
2.630000000e-04,5.000000000e+00,4.328811966e+00,3.657624268e+00,-6.711880344e-03
2.631000000e-04,5.000000000e+00,4.329147476e+00,3.658295288e+00,-6.708525244e-03
2.632000000e-04,5.000000000e+00,4.329482818e+00,3.658965973e+00,-6.705171820e-03
2.633000000e-04,5.000000000e+00,4.329817993e+00,3.659636322e+00,-6.701820073e-03
2.634000000e-04,5.000000000e+00,4.330153000e+00,3.660306336e+00,-6.698470002e-03
2.635000000e-04,5.000000000e+00,4.330487840e+00,3.660976015e+00,-6.695121605e-03
2.636000000e-04,5.000000000e+00,4.330822512e+00,3.661645360e+00,-6.691774881e-03
2.637000000e-04,5.000000000e+00,4.331157017e+00,3.662314370e+00,-6.688429831e-03
2.638000000e-04,5.000000000e+00,4.331491355e+00,3.662983045e+00,-6.685086453e-03
2.639000000e-04,5.000000000e+00,4.331825526e+00,3.663651386e+00,-6.681744746e-03
2.640000000e-04,5.000000000e+00,4.332159530e+00,3.664319393e+00,-6.678404709e-03
2.641000000e-04,5.000000000e+00,4.332493366e+00,3.664987067e+00,-6.675066343e-03
2.642000000e-04,5.000000000e+00,4.332827036e+00,3.665654406e+00,-6.671729644e-03
2.643000000e-04,5.000000000e+00,4.333160539e+00,3.666321412e+00,-6.668394614e-03
2.644000000e-04,5.000000000e+00,4.333493875e+00,3.666988084e+00,-6.665061251e-03
2.645000000e-04,5.000000000e+00,4.333827045e+00,3.667654424e+00,-6.661729554e-03
2.646000000e-04,5.000000000e+00,4.334160048e+00,3.668320430e+00,-6.658399523e-03
2.647000000e-04,5.000000000e+00,4.334492885e+00,3.668986103e+00,-6.655071156e-03
2.648000000e-04,5.000000000e+00,4.334825555e+00,3.669651443e+00,-6.651744453e-03
2.649000000e-04,5.000000000e+00,4.335158059e+00,3.670316451e+00,-6.648419413e-03
2.650000000e-04,5.000000000e+00,4.335490397e+00,3.670981127e+00,-6.645096035e-03
2.651000000e-04,5.000000000e+00,4.335822569e+00,3.671645470e+00,-6.641774318e-03
2.652000000e-04,5.000000000e+00,4.336154574e+00,3.672309481e+00,-6.638454262e-03
2.653000000e-04,5.000000000e+00,4.336486414e+00,3.672973160e+00,-6.635135865e-03
2.654000000e-04,5.000000000e+00,4.336818088e+00,3.673636508e+00,-6.631819127e-03
2.655000000e-04,5.000000000e+00,4.337149596e+00,3.674299523e+00,-6.628504048e-03
2.656000000e-04,5.000000000e+00,4.337480938e+00,3.674962208e+00,-6.625190625e-03
2.657000000e-04,5.000000000e+00,4.337812115e+00,3.675624561e+00,-6.621878858e-03
2.658000000e-04,5.000000000e+00,4.338143126e+00,3.676286583e+00,-6.618568747e-03
2.659000000e-04,5.000000000e+00,4.338473971e+00,3.676948274e+00,-6.615260291e-03
2.660000000e-04,5.000000000e+00,4.338804652e+00,3.677609634e+00,-6.611953488e-03
2.661000000e-04,5.000000000e+00,4.339135167e+00,3.678270664e+00,-6.608648339e-03
2.662000000e-04,5.000000000e+00,4.339465516e+00,3.678931363e+00,-6.605344841e-03
2.663000000e-04,5.000000000e+00,4.339795701e+00,3.679591733e+00,-6.602042995e-03
2.664000000e-04,5.000000000e+00,4.340125721e+00,3.680251771e+00,-6.598742800e-03
2.665000000e-04,5.000000000e+00,4.340455575e+00,3.680911480e+00,-6.595444254e-03
2.666000000e-04,5.000000000e+00,4.340785265e+00,3.681570860e+00,-6.592147357e-03
2.667000000e-04,5.000000000e+00,4.341114790e+00,3.682229909e+00,-6.588852108e-03
2.668000000e-04,5.000000000e+00,4.341444150e+00,3.682888630e+00,-6.585558506e-03
2.669000000e-04,5.000000000e+00,4.341773345e+00,3.683547020e+00,-6.582266550e-03
2.670000000e-04,5.000000000e+00,4.342102376e+00,3.684205082e+00,-6.578976241e-03
2.671000000e-04,5.000000000e+00,4.342431243e+00,3.684862815e+00,-6.575687576e-03
2.672000000e-04,5.000000000e+00,4.342759945e+00,3.685520219e+00,-6.572400554e-03
2.673000000e-04,5.000000000e+00,4.343088483e+00,3.686177295e+00,-6.569115176e-03
2.674000000e-04,5.000000000e+00,4.343416856e+00,3.686834042e+00,-6.565831441e-03
2.675000000e-04,5.000000000e+00,4.343745066e+00,3.687490460e+00,-6.562549346e-03
2.676000000e-04,5.000000000e+00,4.344073111e+00,3.688146551e+00,-6.559268892e-03
2.677000000e-04,5.000000000e+00,4.344400993e+00,3.688802314e+00,-6.555990079e-03
2.678000000e-04,5.000000000e+00,4.344728710e+00,3.689457748e+00,-6.552712904e-03
2.679000000e-04,5.000000000e+00,4.345056264e+00,3.690112856e+00,-6.549437367e-03
2.680000000e-04,5.000000000e+00,4.345383654e+00,3.690767635e+00,-6.546163468e-03
2.681000000e-04,5.000000000e+00,4.345710880e+00,3.691422088e+00,-6.542891205e-03
2.682000000e-04,5.000000000e+00,4.346037943e+00,3.692076213e+00,-6.539620578e-03
2.683000000e-04,5.000000000e+00,4.346364842e+00,3.692730011e+00,-6.536351586e-03
2.684000000e-04,5.000000000e+00,4.346691578e+00,3.693383483e+00,-6.533084227e-03
2.685000000e-04,5.000000000e+00,4.347018150e+00,3.694036627e+00,-6.529818503e-03
2.686000000e-04,5.000000000e+00,4.347344559e+00,3.694689446e+00,-6.526554410e-03
2.687000000e-04,5.000000000e+00,4.347670806e+00,3.695341938e+00,-6.523291950e-03
2.688000000e-04,5.000000000e+00,4.347996889e+00,3.695994104e+00,-6.520031120e-03
2.689000000e-04,5.000000000e+00,4.348322809e+00,3.696645943e+00,-6.516771920e-03
2.690000000e-04,5.000000000e+00,4.348648566e+00,3.697297457e+00,-6.513514349e-03
2.691000000e-04,5.000000000e+00,4.348974160e+00,3.697948646e+00,-6.510258407e-03
2.692000000e-04,5.000000000e+00,4.349299591e+00,3.698599508e+00,-6.507004092e-03
2.693000000e-04,5.000000000e+00,4.349624860e+00,3.699250046e+00,-6.503751404e-03
2.694000000e-04,5.000000000e+00,4.349949966e+00,3.699900258e+00,-6.500500342e-03
2.695000000e-04,5.000000000e+00,4.350274910e+00,3.700550145e+00,-6.497250905e-03
2.696000000e-04,5.000000000e+00,4.350599691e+00,3.701199708e+00,-6.494003092e-03
2.697000000e-04,5.000000000e+00,4.350924310e+00,3.701848945e+00,-6.490756903e-03
2.698000000e-04,5.000000000e+00,4.351248767e+00,3.702497858e+00,-6.487512337e-03
2.699000000e-04,5.000000000e+00,4.351573061e+00,3.703146447e+00,-6.484269392e-03
2.700000000e-04,5.000000000e+00,4.351897194e+00,3.703794712e+00,-6.481028069e-03
2.701000000e-04,5.000000000e+00,4.352221164e+00,3.704442652e+00,-6.477788365e-03
2.702000000e-04,5.000000000e+00,4.352544972e+00,3.705090269e+00,-6.474550281e-03
2.703000000e-04,5.000000000e+00,4.352868619e+00,3.705737562e+00,-6.471313816e-03
2.704000000e-04,5.000000000e+00,4.353192104e+00,3.706384531e+00,-6.468078969e-03
2.705000000e-04,5.000000000e+00,4.353515427e+00,3.707031177e+00,-6.464845739e-03
2.706000000e-04,5.000000000e+00,4.353838588e+00,3.707677500e+00,-6.461614125e-03
2.707000000e-04,5.000000000e+00,4.354161588e+00,3.708323499e+00,-6.458384126e-03
2.708000000e-04,5.000000000e+00,4.354484426e+00,3.708969176e+00,-6.455155742e-03
2.709000000e-04,5.000000000e+00,4.354807103e+00,3.709614530e+00,-6.451928971e-03
2.710000000e-04,5.000000000e+00,4.355129619e+00,3.710259561e+00,-6.448703814e-03
2.711000000e-04,5.000000000e+00,4.355451974e+00,3.710904270e+00,-6.445480269e-03
2.712000000e-04,5.000000000e+00,4.355774167e+00,3.711548657e+00,-6.442258335e-03
2.713000000e-04,5.000000000e+00,4.356096199e+00,3.712192721e+00,-6.439038012e-03
2.714000000e-04,5.000000000e+00,4.356418071e+00,3.712836464e+00,-6.435819298e-03
2.715000000e-04,5.000000000e+00,4.356739781e+00,3.713479884e+00,-6.432602194e-03
2.716000000e-04,5.000000000e+00,4.357061331e+00,3.714122983e+00,-6.429386697e-03
2.717000000e-04,5.000000000e+00,4.357382720e+00,3.714765761e+00,-6.426172808e-03
2.718000000e-04,5.000000000e+00,4.357703948e+00,3.715408217e+00,-6.422960526e-03
2.719000000e-04,5.000000000e+00,4.358025016e+00,3.716050353e+00,-6.419749849e-03
2.720000000e-04,5.000000000e+00,4.358345923e+00,3.716692167e+00,-6.416540777e-03
2.721000000e-04,5.000000000e+00,4.358666670e+00,3.717333660e+00,-6.413333310e-03
2.722000000e-04,5.000000000e+00,4.358987256e+00,3.717974833e+00,-6.410127445e-03
2.723000000e-04,5.000000000e+00,4.359307682e+00,3.718615685e+00,-6.406923183e-03
2.724000000e-04,5.000000000e+00,4.359627948e+00,3.719256217e+00,-6.403720523e-03
2.725000000e-04,5.000000000e+00,4.359948054e+00,3.719896429e+00,-6.400519464e-03
2.726000000e-04,5.000000000e+00,4.360268000e+00,3.720536320e+00,-6.397320005e-03
2.727000000e-04,5.000000000e+00,4.360587786e+00,3.721175892e+00,-6.394122145e-03
2.728000000e-04,5.000000000e+00,4.360907412e+00,3.721815144e+00,-6.390925884e-03
2.729000000e-04,5.000000000e+00,4.361226878e+00,3.722454077e+00,-6.387731221e-03
2.730000000e-04,5.000000000e+00,4.361546185e+00,3.723092690e+00,-6.384538154e-03
2.731000000e-04,5.000000000e+00,4.361865332e+00,3.723730984e+00,-6.381346684e-03
2.732000000e-04,5.000000000e+00,4.362184320e+00,3.724368959e+00,-6.378156809e-03
2.733000000e-04,5.000000000e+00,4.362503148e+00,3.725006614e+00,-6.374968528e-03
2.734000000e-04,5.000000000e+00,4.362821816e+00,3.725643952e+00,-6.371781842e-03
2.735000000e-04,5.000000000e+00,4.363140326e+00,3.726280970e+00,-6.368596748e-03
2.736000000e-04,5.000000000e+00,4.363458676e+00,3.726917670e+00,-6.365413246e-03
2.737000000e-04,5.000000000e+00,4.363776867e+00,3.727554052e+00,-6.362231336e-03
2.738000000e-04,5.000000000e+00,4.364094899e+00,3.728190116e+00,-6.359051016e-03
2.739000000e-04,5.000000000e+00,4.364412772e+00,3.728825862e+00,-6.355872286e-03
2.740000000e-04,5.000000000e+00,4.364730486e+00,3.729461290e+00,-6.352695145e-03
2.741000000e-04,5.000000000e+00,4.365048041e+00,3.730096400e+00,-6.349519592e-03
2.742000000e-04,5.000000000e+00,4.365365438e+00,3.730731193e+00,-6.346345627e-03
2.743000000e-04,5.000000000e+00,4.365682676e+00,3.731365669e+00,-6.343173248e-03
2.744000000e-04,5.000000000e+00,4.365999755e+00,3.731999827e+00,-6.340002455e-03
2.745000000e-04,5.000000000e+00,4.366316676e+00,3.732633669e+00,-6.336833247e-03
2.746000000e-04,5.000000000e+00,4.366633438e+00,3.733267194e+00,-6.333665623e-03
2.747000000e-04,5.000000000e+00,4.366950042e+00,3.733900401e+00,-6.330499582e-03
2.748000000e-04,5.000000000e+00,4.367266488e+00,3.734533293e+00,-6.327335125e-03
2.749000000e-04,5.000000000e+00,4.367582776e+00,3.735165868e+00,-6.324172249e-03
2.750000000e-04,5.000000000e+00,4.367898905e+00,3.735798127e+00,-6.321010954e-03
2.751000000e-04,5.000000000e+00,4.368214877e+00,3.736430070e+00,-6.317851239e-03
2.752000000e-04,5.000000000e+00,4.368530690e+00,3.737061696e+00,-6.314693104e-03
2.753000000e-04,5.000000000e+00,4.368846346e+00,3.737693008e+00,-6.311536547e-03
2.754000000e-04,5.000000000e+00,4.369161844e+00,3.738324003e+00,-6.308381568e-03
2.755000000e-04,5.000000000e+00,4.369477184e+00,3.738954683e+00,-6.305228167e-03
2.756000000e-04,5.000000000e+00,4.369792366e+00,3.739585048e+00,-6.302076341e-03
2.757000000e-04,5.000000000e+00,4.370107391e+00,3.740215098e+00,-6.298926092e-03
2.758000000e-04,5.000000000e+00,4.370422259e+00,3.740844833e+00,-6.295777417e-03
2.759000000e-04,5.000000000e+00,4.370736969e+00,3.741474253e+00,-6.292630316e-03
2.760000000e-04,5.000000000e+00,4.371051522e+00,3.742103358e+00,-6.289484788e-03
2.761000000e-04,5.000000000e+00,4.371365917e+00,3.742732149e+00,-6.286340832e-03
2.762000000e-04,5.000000000e+00,4.371680156e+00,3.743360626e+00,-6.283198448e-03
2.763000000e-04,5.000000000e+00,4.371994237e+00,3.743988788e+00,-6.280057635e-03
2.764000000e-04,5.000000000e+00,4.372308161e+00,3.744616637e+00,-6.276918392e-03
2.765000000e-04,5.000000000e+00,4.372621929e+00,3.745244172e+00,-6.273780718e-03
2.766000000e-04,5.000000000e+00,4.372935539e+00,3.745871393e+00,-6.270644612e-03
2.767000000e-04,5.000000000e+00,4.373248993e+00,3.746498300e+00,-6.267510074e-03
2.768000000e-04,5.000000000e+00,4.373562290e+00,3.747124894e+00,-6.264377103e-03
2.769000000e-04,5.000000000e+00,4.373875431e+00,3.747751175e+00,-6.261245698e-03
2.770000000e-04,5.000000000e+00,4.374188415e+00,3.748377143e+00,-6.258115859e-03
2.771000000e-04,5.000000000e+00,4.374501242e+00,3.749002797e+00,-6.254987584e-03
2.772000000e-04,5.000000000e+00,4.374813913e+00,3.749628140e+00,-6.251860873e-03
2.773000000e-04,5.000000000e+00,4.375126428e+00,3.750253169e+00,-6.248735724e-03
2.774000000e-04,5.000000000e+00,4.375438787e+00,3.750877886e+00,-6.245612138e-03
2.775000000e-04,5.000000000e+00,4.375750989e+00,3.751502291e+00,-6.242490113e-03
2.776000000e-04,5.000000000e+00,4.376063036e+00,3.752126384e+00,-6.239369649e-03
2.777000000e-04,5.000000000e+00,4.376374926e+00,3.752750164e+00,-6.236250745e-03
2.778000000e-04,5.000000000e+00,4.376686661e+00,3.753373633e+00,-6.233133400e-03
2.779000000e-04,5.000000000e+00,4.376998239e+00,3.753996790e+00,-6.230017613e-03
2.780000000e-04,5.000000000e+00,4.377309662e+00,3.754619636e+00,-6.226903383e-03
2.781000000e-04,5.000000000e+00,4.377620929e+00,3.755242170e+00,-6.223790711e-03
2.782000000e-04,5.000000000e+00,4.377932041e+00,3.755864394e+00,-6.220679594e-03
2.783000000e-04,5.000000000e+00,4.378242997e+00,3.756486306e+00,-6.217570032e-03
2.784000000e-04,5.000000000e+00,4.378553798e+00,3.757107907e+00,-6.214462025e-03
2.785000000e-04,5.000000000e+00,4.378864443e+00,3.757729198e+00,-6.211355572e-03
2.786000000e-04,5.000000000e+00,4.379174933e+00,3.758350178e+00,-6.208250671e-03
2.787000000e-04,5.000000000e+00,4.379485268e+00,3.758970847e+00,-6.205147322e-03
2.788000000e-04,5.000000000e+00,4.379795448e+00,3.759591207e+00,-6.202045525e-03
2.789000000e-04,5.000000000e+00,4.380105473e+00,3.760211256e+00,-6.198945278e-03
2.790000000e-04,5.000000000e+00,4.380415342e+00,3.760830995e+00,-6.195846581e-03
2.791000000e-04,5.000000000e+00,4.380725057e+00,3.761450425e+00,-6.192749432e-03
2.792000000e-04,5.000000000e+00,4.381034617e+00,3.762069544e+00,-6.189653832e-03
2.793000000e-04,5.000000000e+00,4.381344023e+00,3.762688355e+00,-6.186559780e-03
2.794000000e-04,5.000000000e+00,4.381653273e+00,3.763306856e+00,-6.183467274e-03
2.795000000e-04,5.000000000e+00,4.381962369e+00,3.763925048e+00,-6.180376314e-03
2.796000000e-04,5.000000000e+00,4.382271311e+00,3.764542931e+00,-6.177286899e-03
2.797000000e-04,5.000000000e+00,4.382580098e+00,3.765160505e+00,-6.174199028e-03
2.798000000e-04,5.000000000e+00,4.382888730e+00,3.765777770e+00,-6.171112701e-03
2.799000000e-04,5.000000000e+00,4.383197209e+00,3.766394726e+00,-6.168027917e-03
2.800000000e-04,5.000000000e+00,4.383505533e+00,3.767011375e+00,-6.164944674e-03
2.801000000e-04,5.000000000e+00,4.383813703e+00,3.767627715e+00,-6.161862973e-03
2.802000000e-04,5.000000000e+00,4.384121719e+00,3.768243747e+00,-6.158782813e-03
2.803000000e-04,5.000000000e+00,4.384429581e+00,3.768859471e+00,-6.155704192e-03
2.804000000e-04,5.000000000e+00,4.384737290e+00,3.769474887e+00,-6.152627110e-03
2.805000000e-04,5.000000000e+00,4.385044844e+00,3.770089996e+00,-6.149551566e-03
2.806000000e-04,5.000000000e+00,4.385352245e+00,3.770704797e+00,-6.146477559e-03
2.807000000e-04,5.000000000e+00,4.385659492e+00,3.771319291e+00,-6.143405090e-03
2.808000000e-04,5.000000000e+00,4.385966585e+00,3.771933477e+00,-6.140334156e-03
2.809000000e-04,5.000000000e+00,4.386273525e+00,3.772547357e+00,-6.137264757e-03
2.810000000e-04,5.000000000e+00,4.386580311e+00,3.773160930e+00,-6.134196892e-03
2.811000000e-04,5.000000000e+00,4.386886944e+00,3.773774196e+00,-6.131130561e-03
2.812000000e-04,5.000000000e+00,4.387193424e+00,3.774387155e+00,-6.128065763e-03
2.813000000e-04,5.000000000e+00,4.387499751e+00,3.774999808e+00,-6.125002496e-03
2.814000000e-04,5.000000000e+00,4.387805924e+00,3.775612155e+00,-6.121940761e-03
2.815000000e-04,5.000000000e+00,4.388111945e+00,3.776224196e+00,-6.118880557e-03
2.816000000e-04,5.000000000e+00,4.388417812e+00,3.776835931e+00,-6.115821882e-03
2.817000000e-04,5.000000000e+00,4.388723527e+00,3.777447360e+00,-6.112764736e-03
2.818000000e-04,5.000000000e+00,4.389029089e+00,3.778058483e+00,-6.109709119e-03
2.819000000e-04,5.000000000e+00,4.389334498e+00,3.778669301e+00,-6.106655028e-03
2.820000000e-04,5.000000000e+00,4.389639754e+00,3.779279814e+00,-6.103602465e-03
2.821000000e-04,5.000000000e+00,4.389944858e+00,3.779890021e+00,-6.100551427e-03
2.822000000e-04,5.000000000e+00,4.390249809e+00,3.780499923e+00,-6.097501915e-03
2.823000000e-04,5.000000000e+00,4.390554608e+00,3.781109521e+00,-6.094453926e-03
2.824000000e-04,5.000000000e+00,4.390859254e+00,3.781718814e+00,-6.091407462e-03
2.825000000e-04,5.000000000e+00,4.391163748e+00,3.782327802e+00,-6.088362520e-03
2.826000000e-04,5.000000000e+00,4.391468090e+00,3.782936486e+00,-6.085319101e-03
2.827000000e-04,5.000000000e+00,4.391772280e+00,3.783544865e+00,-6.082277202e-03
2.828000000e-04,5.000000000e+00,4.392076318e+00,3.784152940e+00,-6.079236825e-03
2.829000000e-04,5.000000000e+00,4.392380204e+00,3.784760712e+00,-6.076197967e-03
2.830000000e-04,5.000000000e+00,4.392683938e+00,3.785368180e+00,-6.073160628e-03
2.831000000e-04,5.000000000e+00,4.392987520e+00,3.785975343e+00,-6.070124807e-03
2.832000000e-04,5.000000000e+00,4.393290950e+00,3.786582204e+00,-6.067090504e-03
2.833000000e-04,5.000000000e+00,4.393594229e+00,3.787188761e+00,-6.064057718e-03
2.834000000e-04,5.000000000e+00,4.393897356e+00,3.787795015e+00,-6.061026448e-03
2.835000000e-04,5.000000000e+00,4.394200331e+00,3.788400966e+00,-6.057996693e-03
2.836000000e-04,5.000000000e+00,4.394503155e+00,3.789006614e+00,-6.054968452e-03
2.837000000e-04,5.000000000e+00,4.394805828e+00,3.789611959e+00,-6.051941725e-03
2.838000000e-04,5.000000000e+00,4.395108349e+00,3.790217002e+00,-6.048916512e-03
2.839000000e-04,5.000000000e+00,4.395410719e+00,3.790821742e+00,-6.045892810e-03
2.840000000e-04,5.000000000e+00,4.395712938e+00,3.791426180e+00,-6.042870620e-03
2.841000000e-04,5.000000000e+00,4.396015006e+00,3.792030315e+00,-6.039849941e-03
2.842000000e-04,5.000000000e+00,4.396316923e+00,3.792634149e+00,-6.036830771e-03
2.843000000e-04,5.000000000e+00,4.396618689e+00,3.793237681e+00,-6.033813111e-03
2.844000000e-04,5.000000000e+00,4.396920305e+00,3.793840911e+00,-6.030796959e-03
2.845000000e-04,5.000000000e+00,4.397221769e+00,3.794443840e+00,-6.027782315e-03
2.846000000e-04,5.000000000e+00,4.397523083e+00,3.795046467e+00,-6.024769178e-03
2.847000000e-04,5.000000000e+00,4.397824246e+00,3.795648793e+00,-6.021757547e-03
2.848000000e-04,5.000000000e+00,4.398125258e+00,3.796250818e+00,-6.018747422e-03
2.849000000e-04,5.000000000e+00,4.398426120e+00,3.796852542e+00,-6.015738801e-03
2.850000000e-04,5.000000000e+00,4.398726832e+00,3.797453965e+00,-6.012731684e-03
2.851000000e-04,5.000000000e+00,4.399027393e+00,3.798055088e+00,-6.009726071e-03
2.852000000e-04,5.000000000e+00,4.399327805e+00,3.798655910e+00,-6.006721960e-03
2.853000000e-04,5.000000000e+00,4.399628065e+00,3.799256432e+00,-6.003719350e-03
2.854000000e-04,5.000000000e+00,4.399928176e+00,3.799856653e+00,-6.000718241e-03
2.855000000e-04,5.000000000e+00,4.400228137e+00,3.800456575e+00,-5.997718633e-03
2.856000000e-04,5.000000000e+00,4.400527948e+00,3.801056196e+00,-5.994720524e-03
2.857000000e-04,5.000000000e+00,4.400827609e+00,3.801655518e+00,-5.991723914e-03
2.858000000e-04,5.000000000e+00,4.401127120e+00,3.802254541e+00,-5.988728801e-03
2.859000000e-04,5.000000000e+00,4.401426482e+00,3.802853264e+00,-5.985735186e-03
2.860000000e-04,5.000000000e+00,4.401725694e+00,3.803451687e+00,-5.982743067e-03
2.861000000e-04,5.000000000e+00,4.402024756e+00,3.804049812e+00,-5.979752444e-03
2.862000000e-04,5.000000000e+00,4.402323669e+00,3.804647637e+00,-5.976763316e-03
2.863000000e-04,5.000000000e+00,4.402622432e+00,3.805245164e+00,-5.973775682e-03
2.864000000e-04,5.000000000e+00,4.402921046e+00,3.805842392e+00,-5.970789542e-03
2.865000000e-04,5.000000000e+00,4.403219511e+00,3.806439321e+00,-5.967804894e-03
2.866000000e-04,5.000000000e+00,4.403517827e+00,3.807035952e+00,-5.964821738e-03
2.867000000e-04,5.000000000e+00,4.403815993e+00,3.807632285e+00,-5.961840073e-03
2.868000000e-04,5.000000000e+00,4.404114011e+00,3.808228320e+00,-5.958859899e-03
2.869000000e-04,5.000000000e+00,4.404411879e+00,3.808824056e+00,-5.955881215e-03
2.870000000e-04,5.000000000e+00,4.404709599e+00,3.809419495e+00,-5.952904019e-03
2.871000000e-04,5.000000000e+00,4.405007169e+00,3.810014637e+00,-5.949928312e-03
2.872000000e-04,5.000000000e+00,4.405304591e+00,3.810609480e+00,-5.946954092e-03
2.873000000e-04,5.000000000e+00,4.405601865e+00,3.811204027e+00,-5.943981359e-03
2.874000000e-04,5.000000000e+00,4.405898989e+00,3.811798276e+00,-5.941010112e-03
2.875000000e-04,5.000000000e+00,4.406195966e+00,3.812392228e+00,-5.938040350e-03
2.876000000e-04,5.000000000e+00,4.406492793e+00,3.812985884e+00,-5.935072073e-03
2.877000000e-04,5.000000000e+00,4.406789473e+00,3.813579242e+00,-5.932105279e-03
2.878000000e-04,5.000000000e+00,4.407086004e+00,3.814172304e+00,-5.929139968e-03
2.879000000e-04,5.000000000e+00,4.407382386e+00,3.814765070e+00,-5.926176140e-03
2.880000000e-04,5.000000000e+00,4.407678621e+00,3.815357539e+00,-5.923213793e-03
2.881000000e-04,5.000000000e+00,4.407974708e+00,3.815949712e+00,-5.920252928e-03
2.882000000e-04,5.000000000e+00,4.408270646e+00,3.816541589e+00,-5.917293542e-03
2.883000000e-04,5.000000000e+00,4.408566437e+00,3.817133170e+00,-5.914335635e-03
2.884000000e-04,5.000000000e+00,4.408862080e+00,3.817724456e+00,-5.911379207e-03
2.885000000e-04,5.000000000e+00,4.409157575e+00,3.818315445e+00,-5.908424257e-03
2.886000000e-04,5.000000000e+00,4.409452922e+00,3.818906140e+00,-5.905470784e-03
2.887000000e-04,5.000000000e+00,4.409748122e+00,3.819496539e+00,-5.902518788e-03
2.888000000e-04,5.000000000e+00,4.410043174e+00,3.820086643e+00,-5.899568267e-03
2.889000000e-04,5.000000000e+00,4.410338078e+00,3.820676452e+00,-5.896619221e-03
2.890000000e-04,5.000000000e+00,4.410632836e+00,3.821265966e+00,-5.893671649e-03
2.891000000e-04,5.000000000e+00,4.410927445e+00,3.821855186e+00,-5.890725550e-03
2.892000000e-04,5.000000000e+00,4.411221908e+00,3.822444111e+00,-5.887780924e-03
2.893000000e-04,5.000000000e+00,4.411516223e+00,3.823032742e+00,-5.884837770e-03
2.894000000e-04,5.000000000e+00,4.411810392e+00,3.823621078e+00,-5.881896088e-03
2.895000000e-04,5.000000000e+00,4.412104413e+00,3.824209120e+00,-5.878955875e-03
2.896000000e-04,5.000000000e+00,4.412398287e+00,3.824796869e+00,-5.876017133e-03
2.897000000e-04,5.000000000e+00,4.412692015e+00,3.825384323e+00,-5.873079859e-03
2.898000000e-04,5.000000000e+00,4.412985595e+00,3.825971484e+00,-5.870144054e-03
2.899000000e-04,5.000000000e+00,4.413279029e+00,3.826558351e+00,-5.867209717e-03
2.900000000e-04,5.000000000e+00,4.413572316e+00,3.827144926e+00,-5.864276846e-03
2.901000000e-04,5.000000000e+00,4.413865456e+00,3.827731206e+00,-5.861345441e-03
2.902000000e-04,5.000000000e+00,4.414158450e+00,3.828317194e+00,-5.858415501e-03
2.903000000e-04,5.000000000e+00,4.414451298e+00,3.828902889e+00,-5.855487027e-03
2.904000000e-04,5.000000000e+00,4.414743999e+00,3.829488291e+00,-5.852560016e-03
2.905000000e-04,5.000000000e+00,4.415036554e+00,3.830073400e+00,-5.849634468e-03
2.906000000e-04,5.000000000e+00,4.415328962e+00,3.830658217e+00,-5.846710382e-03
2.907000000e-04,5.000000000e+00,4.415621225e+00,3.831242742e+00,-5.843787759e-03
2.908000000e-04,5.000000000e+00,4.415913341e+00,3.831826974e+00,-5.840866596e-03
2.909000000e-04,5.000000000e+00,4.416205311e+00,3.832410915e+00,-5.837946893e-03
2.910000000e-04,5.000000000e+00,4.416497136e+00,3.832994563e+00,-5.835028650e-03
2.911000000e-04,5.000000000e+00,4.416788814e+00,3.833577920e+00,-5.832111866e-03
2.912000000e-04,5.000000000e+00,4.417080347e+00,3.834160985e+00,-5.829196539e-03
2.913000000e-04,5.000000000e+00,4.417371733e+00,3.834743759e+00,-5.826282670e-03
2.914000000e-04,5.000000000e+00,4.417662975e+00,3.835326241e+00,-5.823370258e-03
2.915000000e-04,5.000000000e+00,4.417954070e+00,3.835908432e+00,-5.820459301e-03
2.916000000e-04,5.000000000e+00,4.418245021e+00,3.836490332e+00,-5.817549800e-03
2.917000000e-04,5.000000000e+00,4.418535825e+00,3.837071942e+00,-5.814641753e-03
2.918000000e-04,5.000000000e+00,4.418826485e+00,3.837653260e+00,-5.811735159e-03
2.919000000e-04,5.000000000e+00,4.419116999e+00,3.838234288e+00,-5.808830019e-03
2.920000000e-04,5.000000000e+00,4.419407367e+00,3.838815026e+00,-5.805926330e-03
2.921000000e-04,5.000000000e+00,4.419697591e+00,3.839395473e+00,-5.803024093e-03
2.922000000e-04,5.000000000e+00,4.419987670e+00,3.839975630e+00,-5.800123307e-03
2.923000000e-04,5.000000000e+00,4.420277603e+00,3.840555497e+00,-5.797223971e-03
2.924000000e-04,5.000000000e+00,4.420567392e+00,3.841135074e+00,-5.794326084e-03
2.925000000e-04,5.000000000e+00,4.420857036e+00,3.841714362e+00,-5.791429646e-03
2.926000000e-04,5.000000000e+00,4.421146535e+00,3.842293360e+00,-5.788534656e-03
2.927000000e-04,5.000000000e+00,4.421435889e+00,3.842872068e+00,-5.785641113e-03
2.928000000e-04,5.000000000e+00,4.421725099e+00,3.843450487e+00,-5.782749016e-03
2.929000000e-04,5.000000000e+00,4.422014164e+00,3.844028617e+00,-5.779858365e-03
2.930000000e-04,5.000000000e+00,4.422303085e+00,3.844606459e+00,-5.776969159e-03
2.931000000e-04,5.000000000e+00,4.422591861e+00,3.845184011e+00,-5.774081397e-03
2.932000000e-04,5.000000000e+00,4.422880493e+00,3.845761274e+00,-5.771195079e-03
2.933000000e-04,5.000000000e+00,4.423168980e+00,3.846338249e+00,-5.768310203e-03
2.934000000e-04,5.000000000e+00,4.423457324e+00,3.846914936e+00,-5.765426770e-03
2.935000000e-04,5.000000000e+00,4.423745523e+00,3.847491334e+00,-5.762544777e-03
2.936000000e-04,5.000000000e+00,4.424033578e+00,3.848067444e+00,-5.759664226e-03
2.937000000e-04,5.000000000e+00,4.424321489e+00,3.848643266e+00,-5.756785114e-03
2.938000000e-04,5.000000000e+00,4.424609256e+00,3.849218801e+00,-5.753907442e-03
2.939000000e-04,5.000000000e+00,4.424896880e+00,3.849794047e+00,-5.751031208e-03
2.940000000e-04,5.000000000e+00,4.425184359e+00,3.850369006e+00,-5.748156412e-03
2.941000000e-04,5.000000000e+00,4.425471695e+00,3.850943678e+00,-5.745283053e-03
2.942000000e-04,5.000000000e+00,4.425758887e+00,3.851518063e+00,-5.742411130e-03
2.943000000e-04,5.000000000e+00,4.426045936e+00,3.852092160e+00,-5.739540643e-03
2.944000000e-04,5.000000000e+00,4.426332841e+00,3.852665970e+00,-5.736671591e-03
2.945000000e-04,5.000000000e+00,4.426619603e+00,3.853239494e+00,-5.733803972e-03
2.946000000e-04,5.000000000e+00,4.426906222e+00,3.853812730e+00,-5.730937788e-03
2.947000000e-04,5.000000000e+00,4.427192697e+00,3.854385681e+00,-5.728073036e-03
2.948000000e-04,5.000000000e+00,4.427479029e+00,3.854958345e+00,-5.725209716e-03
2.949000000e-04,5.000000000e+00,4.427765218e+00,3.855530722e+00,-5.722347827e-03
2.950000000e-04,5.000000000e+00,4.428051264e+00,3.856102814e+00,-5.719487369e-03
2.951000000e-04,5.000000000e+00,4.428337166e+00,3.856674619e+00,-5.716628341e-03
2.952000000e-04,5.000000000e+00,4.428622926e+00,3.857246139e+00,-5.713770742e-03
2.953000000e-04,5.000000000e+00,4.428908543e+00,3.857817373e+00,-5.710914571e-03
2.954000000e-04,5.000000000e+00,4.429194018e+00,3.858388321e+00,-5.708059829e-03
2.955000000e-04,5.000000000e+00,4.429479349e+00,3.858958984e+00,-5.705206513e-03
2.956000000e-04,5.000000000e+00,4.429764538e+00,3.859529362e+00,-5.702354623e-03
2.957000000e-04,5.000000000e+00,4.430049585e+00,3.860099455e+00,-5.699504159e-03
2.958000000e-04,5.000000000e+00,4.430334488e+00,3.860669262e+00,-5.696655120e-03
2.959000000e-04,5.000000000e+00,4.430619250e+00,3.861238785e+00,-5.693807505e-03
2.960000000e-04,5.000000000e+00,4.430903869e+00,3.861808023e+00,-5.690961314e-03
2.961000000e-04,5.000000000e+00,4.431188346e+00,3.862376977e+00,-5.688116545e-03
2.962000000e-04,5.000000000e+00,4.431472681e+00,3.862945646e+00,-5.685273198e-03
2.963000000e-04,5.000000000e+00,4.431756873e+00,3.863514031e+00,-5.682431273e-03
2.964000000e-04,5.000000000e+00,4.432040924e+00,3.864082132e+00,-5.679590768e-03
2.965000000e-04,5.000000000e+00,4.432324832e+00,3.864649949e+00,-5.676751683e-03
2.966000000e-04,5.000000000e+00,4.432608599e+00,3.865217482e+00,-5.673914018e-03
2.967000000e-04,5.000000000e+00,4.432892223e+00,3.865784731e+00,-5.671077770e-03
2.968000000e-04,5.000000000e+00,4.433175706e+00,3.866351697e+00,-5.668242941e-03
2.969000000e-04,5.000000000e+00,4.433459048e+00,3.866918379e+00,-5.665409529e-03
2.970000000e-04,5.000000000e+00,4.433742247e+00,3.867484778e+00,-5.662577533e-03
2.971000000e-04,5.000000000e+00,4.434025305e+00,3.868050894e+00,-5.659746952e-03
2.972000000e-04,5.000000000e+00,4.434308222e+00,3.868616727e+00,-5.656917787e-03
2.973000000e-04,5.000000000e+00,4.434590997e+00,3.869182277e+00,-5.654090036e-03
2.974000000e-04,5.000000000e+00,4.434873631e+00,3.869747544e+00,-5.651263698e-03
2.975000000e-04,5.000000000e+00,4.435156123e+00,3.870312529e+00,-5.648438773e-03
2.976000000e-04,5.000000000e+00,4.435438474e+00,3.870877232e+00,-5.645615260e-03
2.977000000e-04,5.000000000e+00,4.435720685e+00,3.871441652e+00,-5.642793159e-03
2.978000000e-04,5.000000000e+00,4.436002754e+00,3.872005790e+00,-5.639972468e-03
2.979000000e-04,5.000000000e+00,4.436284682e+00,3.872569646e+00,-5.637153188e-03
2.980000000e-04,5.000000000e+00,4.436566469e+00,3.873133220e+00,-5.634335316e-03
2.981000000e-04,5.000000000e+00,4.436848115e+00,3.873696512e+00,-5.631518853e-03
2.982000000e-04,5.000000000e+00,4.437129621e+00,3.874259523e+00,-5.628703798e-03
2.983000000e-04,5.000000000e+00,4.437410985e+00,3.874822253e+00,-5.625890151e-03
2.984000000e-04,5.000000000e+00,4.437692210e+00,3.875384701e+00,-5.623077909e-03
2.985000000e-04,5.000000000e+00,4.437973293e+00,3.875946868e+00,-5.620267074e-03
2.986000000e-04,5.000000000e+00,4.438254236e+00,3.876508754e+00,-5.617457644e-03
2.987000000e-04,5.000000000e+00,4.438535039e+00,3.877070359e+00,-5.614649617e-03
2.988000000e-04,5.000000000e+00,4.438815701e+00,3.877631683e+00,-5.611842995e-03
2.989000000e-04,5.000000000e+00,4.439096223e+00,3.878192727e+00,-5.609037776e-03
2.990000000e-04,5.000000000e+00,4.439376605e+00,3.878753490e+00,-5.606233958e-03
2.991000000e-04,5.000000000e+00,4.439656846e+00,3.879313973e+00,-5.603431543e-03
2.992000000e-04,5.000000000e+00,4.439936948e+00,3.879874176e+00,-5.600630528e-03
2.993000000e-04,5.000000000e+00,4.440216909e+00,3.880434099e+00,-5.597830913e-03
2.994000000e-04,5.000000000e+00,4.440496731e+00,3.880993742e+00,-5.595032698e-03
2.995000000e-04,5.000000000e+00,4.440776412e+00,3.881553105e+00,-5.592235882e-03
2.996000000e-04,5.000000000e+00,4.441055954e+00,3.882112188e+00,-5.589440463e-03
2.997000000e-04,5.000000000e+00,4.441335356e+00,3.882670992e+00,-5.586646442e-03
2.998000000e-04,5.000000000e+00,4.441614619e+00,3.883229517e+00,-5.583853818e-03
2.999000000e-04,5.000000000e+00,4.441893742e+00,3.883787763e+00,-5.581062590e-03
3.000000000e-04,5.000000000e+00,4.442172725e+00,3.884345729e+00,-5.578272757e-03
3.001000000e-04,5.000000000e+00,4.442451569e+00,3.884903417e+00,-5.575484318e-03
3.002000000e-04,5.000000000e+00,4.442730273e+00,3.885460825e+00,-5.572697273e-03
3.003000000e-04,5.000000000e+00,4.443008838e+00,3.886017956e+00,-5.569911622e-03
3.004000000e-04,5.000000000e+00,4.443287264e+00,3.886574807e+00,-5.567127363e-03
3.005000000e-04,5.000000000e+00,4.443565551e+00,3.887131381e+00,-5.564344496e-03
3.006000000e-04,5.000000000e+00,4.443843699e+00,3.887687676e+00,-5.561563020e-03
3.007000000e-04,5.000000000e+00,4.444121707e+00,3.888243693e+00,-5.558782934e-03
3.008000000e-04,5.000000000e+00,4.444399577e+00,3.888799432e+00,-5.556004238e-03
3.009000000e-04,5.000000000e+00,4.444677307e+00,3.889354893e+00,-5.553226931e-03
3.010000000e-04,5.000000000e+00,4.444954899e+00,3.889910077e+00,-5.550451012e-03
3.011000000e-04,5.000000000e+00,4.445232352e+00,3.890464983e+00,-5.547676481e-03
3.012000000e-04,5.000000000e+00,4.445509667e+00,3.891019611e+00,-5.544903337e-03
3.013000000e-04,5.000000000e+00,4.445786843e+00,3.891573963e+00,-5.542131579e-03
3.014000000e-04,5.000000000e+00,4.446063880e+00,3.892128037e+00,-5.539361206e-03
3.015000000e-04,5.000000000e+00,4.446340779e+00,3.892681835e+00,-5.536592218e-03
3.016000000e-04,5.000000000e+00,4.446617539e+00,3.893235355e+00,-5.533824615e-03
3.017000000e-04,5.000000000e+00,4.446894161e+00,3.893788599e+00,-5.531058395e-03
3.018000000e-04,5.000000000e+00,4.447170645e+00,3.894341566e+00,-5.528293558e-03
3.019000000e-04,5.000000000e+00,4.447446990e+00,3.894894257e+00,-5.525530102e-03
3.020000000e-04,5.000000000e+00,4.447723198e+00,3.895446672e+00,-5.522768029e-03
3.021000000e-04,5.000000000e+00,4.447999267e+00,3.895998810e+00,-5.520007336e-03
3.022000000e-04,5.000000000e+00,4.448275198e+00,3.896550673e+00,-5.517248022e-03
3.023000000e-04,5.000000000e+00,4.448550992e+00,3.897102259e+00,-5.514490089e-03
3.024000000e-04,5.000000000e+00,4.448826647e+00,3.897653570e+00,-5.511733533e-03
3.025000000e-04,5.000000000e+00,4.449102165e+00,3.898204606e+00,-5.508978356e-03
3.026000000e-04,5.000000000e+00,4.449377545e+00,3.898755366e+00,-5.506224556e-03
3.027000000e-04,5.000000000e+00,4.449652787e+00,3.899305850e+00,-5.503472133e-03
3.028000000e-04,5.000000000e+00,4.449927892e+00,3.899856059e+00,-5.500721085e-03
3.029000000e-04,5.000000000e+00,4.450202859e+00,3.900405994e+00,-5.497971413e-03
3.030000000e-04,5.000000000e+00,4.450477689e+00,3.900955653e+00,-5.495223115e-03
3.031000000e-04,5.000000000e+00,4.450752381e+00,3.901505038e+00,-5.492476191e-03
3.032000000e-04,5.000000000e+00,4.451026937e+00,3.902054148e+00,-5.489730640e-03
3.033000000e-04,5.000000000e+00,4.451301354e+00,3.902602984e+00,-5.486986461e-03
3.034000000e-04,5.000000000e+00,4.451575635e+00,3.903151545e+00,-5.484243654e-03
3.035000000e-04,5.000000000e+00,4.451849779e+00,3.903699832e+00,-5.481502219e-03
3.036000000e-04,5.000000000e+00,4.452123785e+00,3.904247845e+00,-5.478762153e-03
3.037000000e-04,5.000000000e+00,4.452397655e+00,3.904795584e+00,-5.476023458e-03
3.038000000e-04,5.000000000e+00,4.452671387e+00,3.905343049e+00,-5.473286131e-03
3.039000000e-04,5.000000000e+00,4.452944983e+00,3.905890240e+00,-5.470550173e-03
3.040000000e-04,5.000000000e+00,4.453218442e+00,3.906437158e+00,-5.467815582e-03
3.041000000e-04,5.000000000e+00,4.453491765e+00,3.906983803e+00,-5.465082358e-03
3.042000000e-04,5.000000000e+00,4.453764950e+00,3.907530174e+00,-5.462350501e-03
3.043000000e-04,5.000000000e+00,4.454038000e+00,3.908076273e+00,-5.459620009e-03
3.044000000e-04,5.000000000e+00,4.454310912e+00,3.908622098e+00,-5.456890882e-03
3.045000000e-04,5.000000000e+00,4.454583689e+00,3.909167650e+00,-5.454163119e-03
3.046000000e-04,5.000000000e+00,4.454856329e+00,3.909712930e+00,-5.451436720e-03
3.047000000e-04,5.000000000e+00,4.455128832e+00,3.910257937e+00,-5.448711683e-03
3.048000000e-04,5.000000000e+00,4.455401200e+00,3.910802672e+00,-5.445988009e-03
3.049000000e-04,5.000000000e+00,4.455673431e+00,3.911347134e+00,-5.443265696e-03
3.050000000e-04,5.000000000e+00,4.455945526e+00,3.911891325e+00,-5.440544744e-03
3.051000000e-04,5.000000000e+00,4.456217485e+00,3.912435243e+00,-5.437825153e-03
3.052000000e-04,5.000000000e+00,4.456489308e+00,3.912978889e+00,-5.435106920e-03
3.053000000e-04,5.000000000e+00,4.456760996e+00,3.913522264e+00,-5.432390047e-03
3.054000000e-04,5.000000000e+00,4.457032547e+00,3.914065367e+00,-5.429674531e-03
3.055000000e-04,5.000000000e+00,4.457303963e+00,3.914608198e+00,-5.426960373e-03
3.056000000e-04,5.000000000e+00,4.457575243e+00,3.915150758e+00,-5.424247572e-03
3.057000000e-04,5.000000000e+00,4.457846388e+00,3.915693047e+00,-5.421536127e-03
3.058000000e-04,5.000000000e+00,4.458117397e+00,3.916235065e+00,-5.418826037e-03
3.059000000e-04,5.000000000e+00,4.458388270e+00,3.916776812e+00,-5.416117302e-03
3.060000000e-04,5.000000000e+00,4.458659008e+00,3.917318288e+00,-5.413409921e-03
3.061000000e-04,5.000000000e+00,4.458929611e+00,3.917859493e+00,-5.410703893e-03
3.062000000e-04,5.000000000e+00,4.459200079e+00,3.918400428e+00,-5.407999218e-03
3.063000000e-04,5.000000000e+00,4.459470411e+00,3.918941093e+00,-5.405295895e-03
3.064000000e-04,5.000000000e+00,4.459740608e+00,3.919481487e+00,-5.402593923e-03
3.065000000e-04,5.000000000e+00,4.460010670e+00,3.920021611e+00,-5.399893302e-03
3.066000000e-04,5.000000000e+00,4.460280597e+00,3.920561465e+00,-5.397194031e-03
3.067000000e-04,5.000000000e+00,4.460550390e+00,3.921101049e+00,-5.394496109e-03
3.068000000e-04,5.000000000e+00,4.460820047e+00,3.921640364e+00,-5.391799536e-03
3.069000000e-04,5.000000000e+00,4.461089569e+00,3.922179409e+00,-5.389104311e-03
3.070000000e-04,5.000000000e+00,4.461358957e+00,3.922718184e+00,-5.386410433e-03
3.071000000e-04,5.000000000e+00,4.461628210e+00,3.923256690e+00,-5.383717901e-03
3.072000000e-04,5.000000000e+00,4.461897329e+00,3.923794927e+00,-5.381026716e-03
3.073000000e-04,5.000000000e+00,4.462166313e+00,3.924332895e+00,-5.378336876e-03
3.074000000e-04,5.000000000e+00,4.462435162e+00,3.924870594e+00,-5.375648380e-03
3.075000000e-04,5.000000000e+00,4.462703878e+00,3.925408024e+00,-5.372961229e-03
3.076000000e-04,5.000000000e+00,4.462972458e+00,3.925945186e+00,-5.370275420e-03
3.077000000e-04,5.000000000e+00,4.463240905e+00,3.926482079e+00,-5.367590954e-03
3.078000000e-04,5.000000000e+00,4.463509217e+00,3.927018704e+00,-5.364907830e-03
3.079000000e-04,5.000000000e+00,4.463777396e+00,3.927555060e+00,-5.362226047e-03
3.080000000e-04,5.000000000e+00,4.464045440e+00,3.928091148e+00,-5.359545605e-03
3.081000000e-04,5.000000000e+00,4.464313350e+00,3.928626969e+00,-5.356866503e-03
3.082000000e-04,5.000000000e+00,4.464581127e+00,3.929162521e+00,-5.354188740e-03
3.083000000e-04,5.000000000e+00,4.464848769e+00,3.929697806e+00,-5.351512315e-03
3.084000000e-04,5.000000000e+00,4.465116278e+00,3.930232823e+00,-5.348837229e-03
3.085000000e-04,5.000000000e+00,4.465383653e+00,3.930767573e+00,-5.346163479e-03
3.086000000e-04,5.000000000e+00,4.465650894e+00,3.931302055e+00,-5.343491066e-03
3.087000000e-04,5.000000000e+00,4.465918002e+00,3.931836271e+00,-5.340819989e-03
3.088000000e-04,5.000000000e+00,4.466184976e+00,3.932370219e+00,-5.338150247e-03
3.089000000e-04,5.000000000e+00,4.466451817e+00,3.932903900e+00,-5.335481840e-03
3.090000000e-04,5.000000000e+00,4.466718524e+00,3.933437315e+00,-5.332814766e-03
3.091000000e-04,5.000000000e+00,4.466985098e+00,3.933970463e+00,-5.330149026e-03
3.092000000e-04,5.000000000e+00,4.467251539e+00,3.934503344e+00,-5.327484619e-03
3.093000000e-04,5.000000000e+00,4.467517846e+00,3.935035959e+00,-5.324821543e-03
3.094000000e-04,5.000000000e+00,4.467784021e+00,3.935568308e+00,-5.322159798e-03
3.095000000e-04,5.000000000e+00,4.468050062e+00,3.936100391e+00,-5.319499384e-03
3.096000000e-04,5.000000000e+00,4.468315971e+00,3.936632207e+00,-5.316840300e-03
3.097000000e-04,5.000000000e+00,4.468581746e+00,3.937163758e+00,-5.314182545e-03
3.098000000e-04,5.000000000e+00,4.468847389e+00,3.937695043e+00,-5.311526118e-03
3.099000000e-04,5.000000000e+00,4.469112899e+00,3.938226063e+00,-5.308871020e-03
3.100000000e-04,5.000000000e+00,4.469378276e+00,3.938756817e+00,-5.306217248e-03
3.101000000e-04,5.000000000e+00,4.469643520e+00,3.939287306e+00,-5.303564803e-03
3.102000000e-04,5.000000000e+00,4.469908632e+00,3.939817530e+00,-5.300913685e-03
3.103000000e-04,5.000000000e+00,4.470173611e+00,3.940347488e+00,-5.298263891e-03
3.104000000e-04,5.000000000e+00,4.470438458e+00,3.940877182e+00,-5.295615422e-03
3.105000000e-04,5.000000000e+00,4.470703173e+00,3.941406611e+00,-5.292968277e-03
3.106000000e-04,5.000000000e+00,4.470967755e+00,3.941935775e+00,-5.290322455e-03
3.107000000e-04,5.000000000e+00,4.471232205e+00,3.942464675e+00,-5.287677955e-03
3.108000000e-04,5.000000000e+00,4.471496523e+00,3.942993310e+00,-5.285034778e-03
3.109000000e-04,5.000000000e+00,4.471760708e+00,3.943521681e+00,-5.282392921e-03
3.110000000e-04,5.000000000e+00,4.472024762e+00,3.944049788e+00,-5.279752386e-03
3.111000000e-04,5.000000000e+00,4.472288683e+00,3.944577631e+00,-5.277113170e-03
3.112000000e-04,5.000000000e+00,4.472552473e+00,3.945105210e+00,-5.274475274e-03
3.113000000e-04,5.000000000e+00,4.472816131e+00,3.945632526e+00,-5.271838696e-03
3.114000000e-04,5.000000000e+00,4.473079657e+00,3.946159578e+00,-5.269203436e-03
3.115000000e-04,5.000000000e+00,4.473343051e+00,3.946686366e+00,-5.266569493e-03
3.116000000e-04,5.000000000e+00,4.473606314e+00,3.947212891e+00,-5.263936868e-03
3.117000000e-04,5.000000000e+00,4.473869445e+00,3.947739153e+00,-5.261305558e-03
3.118000000e-04,5.000000000e+00,4.474132444e+00,3.948265152e+00,-5.258675563e-03
3.119000000e-04,5.000000000e+00,4.474395312e+00,3.948790888e+00,-5.256046883e-03
3.120000000e-04,5.000000000e+00,4.474658049e+00,3.949316361e+00,-5.253419517e-03
3.121000000e-04,5.000000000e+00,4.474920654e+00,3.949841571e+00,-5.250793465e-03
3.122000000e-04,5.000000000e+00,4.475183128e+00,3.950366519e+00,-5.248168725e-03
3.123000000e-04,5.000000000e+00,4.475445471e+00,3.950891204e+00,-5.245545297e-03
3.124000000e-04,5.000000000e+00,4.475707682e+00,3.951415627e+00,-5.242923181e-03
3.125000000e-04,5.000000000e+00,4.475969763e+00,3.951939788e+00,-5.240302375e-03
3.126000000e-04,5.000000000e+00,4.476231713e+00,3.952463687e+00,-5.237682879e-03
3.127000000e-04,5.000000000e+00,4.476493531e+00,3.952987325e+00,-5.235064693e-03
3.128000000e-04,5.000000000e+00,4.476755219e+00,3.953510700e+00,-5.232447816e-03
3.129000000e-04,5.000000000e+00,4.477016776e+00,3.954033814e+00,-5.229832246e-03
3.130000000e-04,5.000000000e+00,4.477278202e+00,3.954556666e+00,-5.227217984e-03
3.131000000e-04,5.000000000e+00,4.477539498e+00,3.955079257e+00,-5.224605029e-03
3.132000000e-04,5.000000000e+00,4.477800662e+00,3.955601586e+00,-5.221993380e-03
3.133000000e-04,5.000000000e+00,4.478061697e+00,3.956123655e+00,-5.219383037e-03
3.134000000e-04,5.000000000e+00,4.478322601e+00,3.956645463e+00,-5.216773998e-03
3.135000000e-04,5.000000000e+00,4.478583374e+00,3.957167009e+00,-5.214166264e-03
3.136000000e-04,5.000000000e+00,4.478844017e+00,3.957688295e+00,-5.211559833e-03
3.137000000e-04,5.000000000e+00,4.479104530e+00,3.958209321e+00,-5.208954705e-03
3.138000000e-04,5.000000000e+00,4.479364913e+00,3.958730086e+00,-5.206350880e-03
3.139000000e-04,5.000000000e+00,4.479625165e+00,3.959250591e+00,-5.203748355e-03
3.140000000e-04,5.000000000e+00,4.479885287e+00,3.959770835e+00,-5.201147132e-03
3.141000000e-04,5.000000000e+00,4.480145280e+00,3.960290819e+00,-5.198547209e-03
3.142000000e-04,5.000000000e+00,4.480405142e+00,3.960810544e+00,-5.195948586e-03
3.143000000e-04,5.000000000e+00,4.480664874e+00,3.961330009e+00,-5.193351262e-03
3.144000000e-04,5.000000000e+00,4.480924477e+00,3.961849214e+00,-5.190755236e-03
3.145000000e-04,5.000000000e+00,4.481183950e+00,3.962368159e+00,-5.188160508e-03
3.146000000e-04,5.000000000e+00,4.481443293e+00,3.962886845e+00,-5.185567076e-03
3.147000000e-04,5.000000000e+00,4.481702506e+00,3.963405272e+00,-5.182974942e-03
3.148000000e-04,5.000000000e+00,4.481961590e+00,3.963923440e+00,-5.180384103e-03
3.149000000e-04,5.000000000e+00,4.482220545e+00,3.964441349e+00,-5.177794559e-03
3.150000000e-04,5.000000000e+00,4.482479370e+00,3.964958998e+00,-5.175206309e-03
3.151000000e-04,5.000000000e+00,4.482738065e+00,3.965476389e+00,-5.172619353e-03
3.152000000e-04,5.000000000e+00,4.482996631e+00,3.965993522e+00,-5.170033691e-03
3.153000000e-04,5.000000000e+00,4.483255068e+00,3.966510396e+00,-5.167449321e-03
3.154000000e-04,5.000000000e+00,4.483513376e+00,3.967027011e+00,-5.164866242e-03
3.155000000e-04,5.000000000e+00,4.483771555e+00,3.967543368e+00,-5.162284455e-03
3.156000000e-04,5.000000000e+00,4.484029605e+00,3.968059468e+00,-5.159703959e-03
3.157000000e-04,5.000000000e+00,4.484287525e+00,3.968575309e+00,-5.157124753e-03
3.158000000e-04,5.000000000e+00,4.484545317e+00,3.969090892e+00,-5.154546835e-03
3.159000000e-04,5.000000000e+00,4.484802980e+00,3.969606218e+00,-5.151970207e-03
3.160000000e-04,5.000000000e+00,4.485060514e+00,3.970121286e+00,-5.149394866e-03
3.161000000e-04,5.000000000e+00,4.485317919e+00,3.970636096e+00,-5.146820813e-03
3.162000000e-04,5.000000000e+00,4.485575196e+00,3.971150649e+00,-5.144248046e-03
3.163000000e-04,5.000000000e+00,4.485832344e+00,3.971664945e+00,-5.141676566e-03
3.164000000e-04,5.000000000e+00,4.486089363e+00,3.972178984e+00,-5.139106371e-03
3.165000000e-04,5.000000000e+00,4.486346254e+00,3.972692766e+00,-5.136537461e-03
3.166000000e-04,5.000000000e+00,4.486603017e+00,3.973206291e+00,-5.133969834e-03
3.167000000e-04,5.000000000e+00,4.486859651e+00,3.973719560e+00,-5.131403492e-03
3.168000000e-04,5.000000000e+00,4.487116157e+00,3.974232572e+00,-5.128838432e-03
3.169000000e-04,5.000000000e+00,4.487372535e+00,3.974745327e+00,-5.126274654e-03
3.170000000e-04,5.000000000e+00,4.487628785e+00,3.975257826e+00,-5.123712158e-03
3.171000000e-04,5.000000000e+00,4.487884906e+00,3.975770069e+00,-5.121150943e-03
3.172000000e-04,5.000000000e+00,4.488140900e+00,3.976282056e+00,-5.118591008e-03
3.173000000e-04,5.000000000e+00,4.488396765e+00,3.976793787e+00,-5.116032353e-03
3.174000000e-04,5.000000000e+00,4.488652503e+00,3.977305262e+00,-5.113474977e-03
3.175000000e-04,5.000000000e+00,4.488908113e+00,3.977816481e+00,-5.110918879e-03
3.176000000e-04,5.000000000e+00,4.489163595e+00,3.978327445e+00,-5.108364059e-03
3.177000000e-04,5.000000000e+00,4.489418949e+00,3.978838153e+00,-5.105810516e-03
3.178000000e-04,5.000000000e+00,4.489674176e+00,3.979348607e+00,-5.103258250e-03
3.179000000e-04,5.000000000e+00,4.489929275e+00,3.979858805e+00,-5.100707259e-03
3.180000000e-04,5.000000000e+00,4.490184246e+00,3.980368748e+00,-5.098157543e-03
3.181000000e-04,5.000000000e+00,4.490439090e+00,3.980878436e+00,-5.095609102e-03
3.182000000e-04,5.000000000e+00,4.490693807e+00,3.981387869e+00,-5.093061935e-03
3.183000000e-04,5.000000000e+00,4.490948396e+00,3.981897048e+00,-5.090516042e-03
3.184000000e-04,5.000000000e+00,4.491202858e+00,3.982405972e+00,-5.087971420e-03
3.185000000e-04,5.000000000e+00,4.491457193e+00,3.982914641e+00,-5.085428071e-03
3.186000000e-04,5.000000000e+00,4.491711401e+00,3.983423057e+00,-5.082885993e-03
3.187000000e-04,5.000000000e+00,4.491965482e+00,3.983931218e+00,-5.080345186e-03
3.188000000e-04,5.000000000e+00,4.492219436e+00,3.984439126e+00,-5.077805649e-03
3.189000000e-04,5.000000000e+00,4.492473262e+00,3.984946779e+00,-5.075267382e-03
3.190000000e-04,5.000000000e+00,4.492726962e+00,3.985454179e+00,-5.072730383e-03
3.191000000e-04,5.000000000e+00,4.492980535e+00,3.985961325e+00,-5.070194652e-03
3.192000000e-04,5.000000000e+00,4.493233982e+00,3.986468217e+00,-5.067660189e-03
3.193000000e-04,5.000000000e+00,4.493487301e+00,3.986974856e+00,-5.065126993e-03
3.194000000e-04,5.000000000e+00,4.493740494e+00,3.987481242e+00,-5.062595063e-03
3.195000000e-04,5.000000000e+00,4.493993561e+00,3.987987375e+00,-5.060064399e-03
3.196000000e-04,5.000000000e+00,4.494246501e+00,3.988493254e+00,-5.057535000e-03
3.197000000e-04,5.000000000e+00,4.494499314e+00,3.988998881e+00,-5.055006865e-03
3.198000000e-04,5.000000000e+00,4.494752001e+00,3.989504255e+00,-5.052479994e-03
3.199000000e-04,5.000000000e+00,4.495004562e+00,3.990009377e+00,-5.049954386e-03
3.200000000e-04,5.000000000e+00,4.495256996e+00,3.990514246e+00,-5.047430041e-03
3.201000000e-04,5.000000000e+00,4.495509305e+00,3.991018862e+00,-5.044906957e-03
3.202000000e-04,5.000000000e+00,4.495761487e+00,3.991523227e+00,-5.042385135e-03
3.203000000e-04,5.000000000e+00,4.496013543e+00,3.992027339e+00,-5.039864573e-03
3.204000000e-04,5.000000000e+00,4.496265473e+00,3.992531199e+00,-5.037345271e-03
3.205000000e-04,5.000000000e+00,4.496517278e+00,3.993034807e+00,-5.034827229e-03
3.206000000e-04,5.000000000e+00,4.496768956e+00,3.993538164e+00,-5.032310445e-03
3.207000000e-04,5.000000000e+00,4.497020509e+00,3.994041269e+00,-5.029794919e-03
3.208000000e-04,5.000000000e+00,4.497271935e+00,3.994544123e+00,-5.027280651e-03
3.209000000e-04,5.000000000e+00,4.497523237e+00,3.995046725e+00,-5.024767640e-03
3.210000000e-04,5.000000000e+00,4.497774412e+00,3.995549076e+00,-5.022255884e-03
3.211000000e-04,5.000000000e+00,4.498025462e+00,3.996051176e+00,-5.019745385e-03
3.212000000e-04,5.000000000e+00,4.498276387e+00,3.996553024e+00,-5.017236140e-03
3.213000000e-04,5.000000000e+00,4.498527186e+00,3.997054622e+00,-5.014728150e-03
3.214000000e-04,5.000000000e+00,4.498777859e+00,3.997555969e+00,-5.012221413e-03
3.215000000e-04,5.000000000e+00,4.499028408e+00,3.998057066e+00,-5.009715929e-03
3.216000000e-04,5.000000000e+00,4.499278831e+00,3.998557912e+00,-5.007211698e-03
3.217000000e-04,5.000000000e+00,4.499529129e+00,3.999058508e+00,-5.004708718e-03
3.218000000e-04,5.000000000e+00,4.499779301e+00,3.999558854e+00,-5.002206990e-03
3.219000000e-04,5.000000000e+00,4.500029349e+00,4.000058949e+00,-4.999706512e-03
3.220000000e-04,5.000000000e+00,4.500279272e+00,4.000558794e+00,-4.997207285e-03
3.221000000e-04,5.000000000e+00,4.500529070e+00,4.001058390e+00,-4.994709306e-03
3.222000000e-04,5.000000000e+00,4.500778743e+00,4.001557736e+00,-4.992212576e-03
3.223000000e-04,5.000000000e+00,4.501028291e+00,4.002056832e+00,-4.989717095e-03
3.224000000e-04,5.000000000e+00,4.501277714e+00,4.002555679e+00,-4.987222860e-03
3.225000000e-04,5.000000000e+00,4.501527013e+00,4.003054276e+00,-4.984729873e-03
3.226000000e-04,5.000000000e+00,4.501776187e+00,4.003552624e+00,-4.982238131e-03
3.227000000e-04,5.000000000e+00,4.502025237e+00,4.004050723e+00,-4.979747636e-03
3.228000000e-04,5.000000000e+00,4.502274162e+00,4.004548573e+00,-4.977258385e-03
3.229000000e-04,5.000000000e+00,4.502522963e+00,4.005046175e+00,-4.974770378e-03
3.230000000e-04,5.000000000e+00,4.502771639e+00,4.005543527e+00,-4.972283615e-03
3.231000000e-04,5.000000000e+00,4.503020191e+00,4.006040631e+00,-4.969798096e-03
3.232000000e-04,5.000000000e+00,4.503268619e+00,4.006537486e+00,-4.967313818e-03
3.233000000e-04,5.000000000e+00,4.503516922e+00,4.007034093e+00,-4.964830783e-03
3.234000000e-04,5.000000000e+00,4.503765102e+00,4.007530452e+00,-4.962348989e-03
3.235000000e-04,5.000000000e+00,4.504013157e+00,4.008026562e+00,-4.959868435e-03
3.236000000e-04,5.000000000e+00,4.504261088e+00,4.008522425e+00,-4.957389121e-03
3.237000000e-04,5.000000000e+00,4.504508896e+00,4.009018040e+00,-4.954911047e-03
3.238000000e-04,5.000000000e+00,4.504756579e+00,4.009513407e+00,-4.952434211e-03
3.239000000e-04,5.000000000e+00,4.505004139e+00,4.010008526e+00,-4.949958613e-03
3.240000000e-04,5.000000000e+00,4.505251575e+00,4.010503398e+00,-4.947484253e-03
3.241000000e-04,5.000000000e+00,4.505498887e+00,4.010998023e+00,-4.945011130e-03
3.242000000e-04,5.000000000e+00,4.505746076e+00,4.011492400e+00,-4.942539243e-03
3.243000000e-04,5.000000000e+00,4.505993141e+00,4.011986530e+00,-4.940068592e-03
3.244000000e-04,5.000000000e+00,4.506240083e+00,4.012480413e+00,-4.937599176e-03
3.245000000e-04,5.000000000e+00,4.506486901e+00,4.012974049e+00,-4.935130994e-03
3.246000000e-04,5.000000000e+00,4.506733596e+00,4.013467439e+00,-4.932664046e-03
3.247000000e-04,5.000000000e+00,4.506980167e+00,4.013960582e+00,-4.930198331e-03
3.248000000e-04,5.000000000e+00,4.507226616e+00,4.014453478e+00,-4.927733848e-03
3.249000000e-04,5.000000000e+00,4.507472941e+00,4.014946128e+00,-4.925270598e-03
3.250000000e-04,5.000000000e+00,4.507719143e+00,4.015438532e+00,-4.922808579e-03
3.251000000e-04,5.000000000e+00,4.507965221e+00,4.015930689e+00,-4.920347790e-03
3.252000000e-04,5.000000000e+00,4.508211177e+00,4.016422601e+00,-4.917888232e-03
3.253000000e-04,5.000000000e+00,4.508457010e+00,4.016914267e+00,-4.915429903e-03
3.254000000e-04,5.000000000e+00,4.508702720e+00,4.017405686e+00,-4.912972803e-03
3.255000000e-04,5.000000000e+00,4.508948307e+00,4.017896861e+00,-4.910516931e-03
3.256000000e-04,5.000000000e+00,4.509193772e+00,4.018387789e+00,-4.908062287e-03
3.257000000e-04,5.000000000e+00,4.509439114e+00,4.018878473e+00,-4.905608870e-03
3.258000000e-04,5.000000000e+00,4.509684333e+00,4.019368911e+00,-4.903156679e-03
3.259000000e-04,5.000000000e+00,4.509929429e+00,4.019859104e+00,-4.900705714e-03
3.260000000e-04,5.000000000e+00,4.510174403e+00,4.020349051e+00,-4.898255974e-03
3.261000000e-04,5.000000000e+00,4.510419255e+00,4.020838754e+00,-4.895807459e-03
3.262000000e-04,5.000000000e+00,4.510663984e+00,4.021328213e+00,-4.893360168e-03
3.263000000e-04,5.000000000e+00,4.510908590e+00,4.021817426e+00,-4.890914100e-03
3.264000000e-04,5.000000000e+00,4.511153075e+00,4.022306395e+00,-4.888469255e-03
3.265000000e-04,5.000000000e+00,4.511397437e+00,4.022795119e+00,-4.886025632e-03
3.266000000e-04,5.000000000e+00,4.511641677e+00,4.023283600e+00,-4.883583230e-03
3.267000000e-04,5.000000000e+00,4.511885796e+00,4.023771836e+00,-4.881142050e-03
3.268000000e-04,5.000000000e+00,4.512129792e+00,4.024259828e+00,-4.878702089e-03
3.269000000e-04,5.000000000e+00,4.512373666e+00,4.024747576e+00,-4.876263348e-03
3.270000000e-04,5.000000000e+00,4.512617418e+00,4.025235080e+00,-4.873825827e-03
3.271000000e-04,5.000000000e+00,4.512861048e+00,4.025722340e+00,-4.871389524e-03
3.272000000e-04,5.000000000e+00,4.513104557e+00,4.026209357e+00,-4.868954438e-03
3.273000000e-04,5.000000000e+00,4.513347943e+00,4.026696131e+00,-4.866520570e-03
3.274000000e-04,5.000000000e+00,4.513591209e+00,4.027182661e+00,-4.864087919e-03
3.275000000e-04,5.000000000e+00,4.513834352e+00,4.027668948e+00,-4.861656483e-03
3.276000000e-04,5.000000000e+00,4.514077374e+00,4.028154992e+00,-4.859226263e-03
3.277000000e-04,5.000000000e+00,4.514320275e+00,4.028640793e+00,-4.856797258e-03
3.278000000e-04,5.000000000e+00,4.514563054e+00,4.029126351e+00,-4.854369467e-03
3.279000000e-04,5.000000000e+00,4.514805712e+00,4.029611666e+00,-4.851942889e-03
3.280000000e-04,5.000000000e+00,4.515048248e+00,4.030096739e+00,-4.849517525e-03
3.281000000e-04,5.000000000e+00,4.515290663e+00,4.030581569e+00,-4.847093373e-03
3.282000000e-04,5.000000000e+00,4.515532957e+00,4.031066157e+00,-4.844670433e-03
3.283000000e-04,5.000000000e+00,4.515775130e+00,4.031550503e+00,-4.842248703e-03
3.284000000e-04,5.000000000e+00,4.516017182e+00,4.032034606e+00,-4.839828185e-03
3.285000000e-04,5.000000000e+00,4.516259113e+00,4.032518468e+00,-4.837408876e-03
3.286000000e-04,5.000000000e+00,4.516500923e+00,4.033002088e+00,-4.834990777e-03
3.287000000e-04,5.000000000e+00,4.516742612e+00,4.033485466e+00,-4.832573886e-03
3.288000000e-04,5.000000000e+00,4.516984180e+00,4.033968602e+00,-4.830158204e-03
3.289000000e-04,5.000000000e+00,4.517225628e+00,4.034451497e+00,-4.827743729e-03
3.290000000e-04,5.000000000e+00,4.517466954e+00,4.034934150e+00,-4.825330461e-03
3.291000000e-04,5.000000000e+00,4.517708161e+00,4.035416563e+00,-4.822918400e-03
3.292000000e-04,5.000000000e+00,4.517949246e+00,4.035898734e+00,-4.820507544e-03
3.293000000e-04,5.000000000e+00,4.518190211e+00,4.036380664e+00,-4.818097893e-03
3.294000000e-04,5.000000000e+00,4.518431056e+00,4.036862353e+00,-4.815689447e-03
3.295000000e-04,5.000000000e+00,4.518671780e+00,4.037343801e+00,-4.813282205e-03
3.296000000e-04,5.000000000e+00,4.518912384e+00,4.037825009e+00,-4.810876166e-03
3.297000000e-04,5.000000000e+00,4.519152868e+00,4.038305976e+00,-4.808471329e-03
3.298000000e-04,5.000000000e+00,4.519393231e+00,4.038786703e+00,-4.806067695e-03
3.299000000e-04,5.000000000e+00,4.519633474e+00,4.039267189e+00,-4.803665263e-03
3.300000000e-04,5.000000000e+00,4.519873597e+00,4.039747435e+00,-4.801264031e-03
3.301000000e-04,5.000000000e+00,4.520113601e+00,4.040227441e+00,-4.798864000e-03
3.302000000e-04,5.000000000e+00,4.520353484e+00,4.040707208e+00,-4.796465168e-03
3.303000000e-04,5.000000000e+00,4.520593247e+00,4.041186734e+00,-4.794067535e-03
3.304000000e-04,5.000000000e+00,4.520832890e+00,4.041666021e+00,-4.791671101e-03
3.305000000e-04,5.000000000e+00,4.521072414e+00,4.042145068e+00,-4.789275865e-03
3.306000000e-04,5.000000000e+00,4.521311818e+00,4.042623876e+00,-4.786881826e-03
3.307000000e-04,5.000000000e+00,4.521551102e+00,4.043102444e+00,-4.784488984e-03
3.308000000e-04,5.000000000e+00,4.521790267e+00,4.043580773e+00,-4.782097338e-03
3.309000000e-04,5.000000000e+00,4.522029312e+00,4.044058863e+00,-4.779706888e-03
3.310000000e-04,5.000000000e+00,4.522268237e+00,4.044536714e+00,-4.777317633e-03
3.311000000e-04,5.000000000e+00,4.522507043e+00,4.045014326e+00,-4.774929571e-03
3.312000000e-04,5.000000000e+00,4.522745730e+00,4.045491699e+00,-4.772542704e-03
3.313000000e-04,5.000000000e+00,4.522984298e+00,4.045968834e+00,-4.770157030e-03
3.314000000e-04,5.000000000e+00,4.523222746e+00,4.046445730e+00,-4.767772548e-03
3.315000000e-04,5.000000000e+00,4.523461075e+00,4.046922388e+00,-4.765389258e-03
3.316000000e-04,5.000000000e+00,4.523699285e+00,4.047398808e+00,-4.763007160e-03
3.317000000e-04,5.000000000e+00,4.523937375e+00,4.047874989e+00,-4.760626252e-03
3.318000000e-04,5.000000000e+00,4.524175347e+00,4.048350933e+00,-4.758246534e-03
3.319000000e-04,5.000000000e+00,4.524413200e+00,4.048826638e+00,-4.755868006e-03
3.320000000e-04,5.000000000e+00,4.524650934e+00,4.049302106e+00,-4.753490667e-03
3.321000000e-04,5.000000000e+00,4.524888549e+00,4.049777336e+00,-4.751114517e-03
3.322000000e-04,5.000000000e+00,4.525126045e+00,4.050252328e+00,-4.748739554e-03
3.323000000e-04,5.000000000e+00,4.525363423e+00,4.050727083e+00,-4.746365778e-03
3.324000000e-04,5.000000000e+00,4.525600682e+00,4.051201601e+00,-4.743993189e-03
3.325000000e-04,5.000000000e+00,4.525837822e+00,4.051675881e+00,-4.741621786e-03
3.326000000e-04,5.000000000e+00,4.526074844e+00,4.052149925e+00,-4.739251568e-03
3.327000000e-04,5.000000000e+00,4.526311747e+00,4.052623731e+00,-4.736882535e-03
3.328000000e-04,5.000000000e+00,4.526548532e+00,4.053097301e+00,-4.734514686e-03
3.329000000e-04,5.000000000e+00,4.526785198e+00,4.053570634e+00,-4.732148021e-03
3.330000000e-04,5.000000000e+00,4.527021747e+00,4.054043730e+00,-4.729782539e-03
3.331000000e-04,5.000000000e+00,4.527258177e+00,4.054516590e+00,-4.727418240e-03
3.332000000e-04,5.000000000e+00,4.527494488e+00,4.054989213e+00,-4.725055122e-03
3.333000000e-04,5.000000000e+00,4.527730682e+00,4.055461600e+00,-4.722693186e-03
3.334000000e-04,5.000000000e+00,4.527966758e+00,4.055933752e+00,-4.720332430e-03
3.335000000e-04,5.000000000e+00,4.528202715e+00,4.056405667e+00,-4.717972854e-03
3.336000000e-04,5.000000000e+00,4.528438555e+00,4.056877346e+00,-4.715614458e-03
3.337000000e-04,5.000000000e+00,4.528674276e+00,4.057348789e+00,-4.713257241e-03
3.338000000e-04,5.000000000e+00,4.528909880e+00,4.057819997e+00,-4.710901202e-03
3.339000000e-04,5.000000000e+00,4.529145366e+00,4.058290969e+00,-4.708546340e-03
3.340000000e-04,5.000000000e+00,4.529380735e+00,4.058761706e+00,-4.706192656e-03
3.341000000e-04,5.000000000e+00,4.529615986e+00,4.059232207e+00,-4.703840149e-03
3.342000000e-04,5.000000000e+00,4.529851119e+00,4.059702473e+00,-4.701488817e-03
3.343000000e-04,5.000000000e+00,4.530086134e+00,4.060172504e+00,-4.699138661e-03
3.344000000e-04,5.000000000e+00,4.530321033e+00,4.060642300e+00,-4.696789679e-03
3.345000000e-04,5.000000000e+00,4.530555813e+00,4.061111862e+00,-4.694441872e-03
3.346000000e-04,5.000000000e+00,4.530790477e+00,4.061581188e+00,-4.692095238e-03
3.347000000e-04,5.000000000e+00,4.531025023e+00,4.062050280e+00,-4.689749778e-03
3.348000000e-04,5.000000000e+00,4.531259452e+00,4.062519138e+00,-4.687405490e-03
3.349000000e-04,5.000000000e+00,4.531493763e+00,4.062987761e+00,-4.685062373e-03
3.350000000e-04,5.000000000e+00,4.531727958e+00,4.063456150e+00,-4.682720428e-03
3.351000000e-04,5.000000000e+00,4.531962035e+00,4.063924305e+00,-4.680379654e-03
3.352000000e-04,5.000000000e+00,4.532195996e+00,4.064392225e+00,-4.678040049e-03
3.353000000e-04,5.000000000e+00,4.532429839e+00,4.064859912e+00,-4.675701615e-03
3.354000000e-04,5.000000000e+00,4.532663566e+00,4.065327365e+00,-4.673364349e-03
3.355000000e-04,5.000000000e+00,4.532897175e+00,4.065794585e+00,-4.671028251e-03
3.356000000e-04,5.000000000e+00,4.533130668e+00,4.066261571e+00,-4.668693321e-03
3.357000000e-04,5.000000000e+00,4.533364045e+00,4.066728323e+00,-4.666359559e-03
3.358000000e-04,5.000000000e+00,4.533597304e+00,4.067194842e+00,-4.664026963e-03
3.359000000e-04,5.000000000e+00,4.533830447e+00,4.067661128e+00,-4.661695533e-03
3.360000000e-04,5.000000000e+00,4.534063474e+00,4.068127181e+00,-4.659365268e-03
3.361000000e-04,5.000000000e+00,4.534296384e+00,4.068593001e+00,-4.657036168e-03
3.362000000e-04,5.000000000e+00,4.534529177e+00,4.069058588e+00,-4.654708233e-03
3.363000000e-04,5.000000000e+00,4.534761854e+00,4.069523942e+00,-4.652381461e-03
3.364000000e-04,5.000000000e+00,4.534994415e+00,4.069989063e+00,-4.650055852e-03
3.365000000e-04,5.000000000e+00,4.535226860e+00,4.070453953e+00,-4.647731406e-03
3.366000000e-04,5.000000000e+00,4.535459188e+00,4.070918609e+00,-4.645408122e-03
3.367000000e-04,5.000000000e+00,4.535691401e+00,4.071383034e+00,-4.643085999e-03
3.368000000e-04,5.000000000e+00,4.535923497e+00,4.071847226e+00,-4.640765037e-03
3.369000000e-04,5.000000000e+00,4.536155477e+00,4.072311186e+00,-4.638445235e-03
3.370000000e-04,5.000000000e+00,4.536387341e+00,4.072774915e+00,-4.636126593e-03
3.371000000e-04,5.000000000e+00,4.536619090e+00,4.073238411e+00,-4.633809109e-03
3.372000000e-04,5.000000000e+00,4.536850722e+00,4.073701676e+00,-4.631492784e-03
3.373000000e-04,5.000000000e+00,4.537082239e+00,4.074164709e+00,-4.629177617e-03
3.374000000e-04,5.000000000e+00,4.537313640e+00,4.074627511e+00,-4.626863608e-03
3.375000000e-04,5.000000000e+00,4.537544925e+00,4.075090082e+00,-4.624550755e-03
3.376000000e-04,5.000000000e+00,4.537776095e+00,4.075552421e+00,-4.622239058e-03
3.377000000e-04,5.000000000e+00,4.538007149e+00,4.076014529e+00,-4.619928517e-03
3.378000000e-04,5.000000000e+00,4.538238087e+00,4.076476406e+00,-4.617619130e-03
3.379000000e-04,5.000000000e+00,4.538468911e+00,4.076938053e+00,-4.615310898e-03
3.380000000e-04,5.000000000e+00,4.538699618e+00,4.077399468e+00,-4.613003820e-03
3.381000000e-04,5.000000000e+00,4.538930211e+00,4.077860653e+00,-4.610697896e-03
3.382000000e-04,5.000000000e+00,4.539160688e+00,4.078321607e+00,-4.608393123e-03
3.383000000e-04,5.000000000e+00,4.539391050e+00,4.078782331e+00,-4.606089503e-03
3.384000000e-04,5.000000000e+00,4.539621297e+00,4.079242825e+00,-4.603787035e-03
3.385000000e-04,5.000000000e+00,4.539851429e+00,4.079703088e+00,-4.601485717e-03
3.386000000e-04,5.000000000e+00,4.540081445e+00,4.080163121e+00,-4.599185550e-03
3.387000000e-04,5.000000000e+00,4.540311347e+00,4.080622925e+00,-4.596886533e-03
3.388000000e-04,5.000000000e+00,4.540541134e+00,4.081082498e+00,-4.594588664e-03
3.389000000e-04,5.000000000e+00,4.540770806e+00,4.081541842e+00,-4.592291945e-03
3.390000000e-04,5.000000000e+00,4.541000363e+00,4.082000956e+00,-4.589996373e-03
3.391000000e-04,5.000000000e+00,4.541229806e+00,4.082459841e+00,-4.587701949e-03
3.392000000e-04,5.000000000e+00,4.541459133e+00,4.082918496e+00,-4.585408672e-03
3.393000000e-04,5.000000000e+00,4.541688346e+00,4.083376922e+00,-4.583116542e-03
3.394000000e-04,5.000000000e+00,4.541917445e+00,4.083835119e+00,-4.580825557e-03
3.395000000e-04,5.000000000e+00,4.542146429e+00,4.084293087e+00,-4.578535717e-03
3.396000000e-04,5.000000000e+00,4.542375298e+00,4.084750826e+00,-4.576247022e-03
3.397000000e-04,5.000000000e+00,4.542604053e+00,4.085208336e+00,-4.573959471e-03
3.398000000e-04,5.000000000e+00,4.542832694e+00,4.085665617e+00,-4.571673063e-03
3.399000000e-04,5.000000000e+00,4.543061221e+00,4.086122670e+00,-4.569387799e-03
3.400000000e-04,5.000000000e+00,4.543289633e+00,4.086579495e+00,-4.567103677e-03
3.401000000e-04,5.000000000e+00,4.543517931e+00,4.087036090e+00,-4.564820696e-03
3.402000000e-04,5.000000000e+00,4.543746115e+00,4.087492458e+00,-4.562538857e-03
3.403000000e-04,5.000000000e+00,4.543974185e+00,4.087948598e+00,-4.560258158e-03
3.404000000e-04,5.000000000e+00,4.544202141e+00,4.088404509e+00,-4.557978599e-03
3.405000000e-04,5.000000000e+00,4.544429982e+00,4.088860193e+00,-4.555700180e-03
3.406000000e-04,5.000000000e+00,4.544657710e+00,4.089315649e+00,-4.553422900e-03
3.407000000e-04,5.000000000e+00,4.544885325e+00,4.089770877e+00,-4.551146758e-03
3.408000000e-04,5.000000000e+00,4.545112825e+00,4.090225878e+00,-4.548871754e-03
3.409000000e-04,5.000000000e+00,4.545340212e+00,4.090680651e+00,-4.546597888e-03
3.410000000e-04,5.000000000e+00,4.545567485e+00,4.091135197e+00,-4.544325157e-03
3.411000000e-04,5.000000000e+00,4.545794644e+00,4.091589516e+00,-4.542053563e-03
3.412000000e-04,5.000000000e+00,4.546021690e+00,4.092043607e+00,-4.539783105e-03
3.413000000e-04,5.000000000e+00,4.546248622e+00,4.092497472e+00,-4.537513781e-03
3.414000000e-04,5.000000000e+00,4.546475441e+00,4.092951110e+00,-4.535245592e-03
3.415000000e-04,5.000000000e+00,4.546702147e+00,4.093404521e+00,-4.532978536e-03
3.416000000e-04,5.000000000e+00,4.546928739e+00,4.093857705e+00,-4.530712614e-03
3.417000000e-04,5.000000000e+00,4.547155218e+00,4.094310663e+00,-4.528447825e-03
3.418000000e-04,5.000000000e+00,4.547381584e+00,4.094763394e+00,-4.526184167e-03
3.419000000e-04,5.000000000e+00,4.547607836e+00,4.095215899e+00,-4.523921642e-03
3.420000000e-04,5.000000000e+00,4.547833976e+00,4.095668178e+00,-4.521660247e-03
3.421000000e-04,5.000000000e+00,4.548060002e+00,4.096120231e+00,-4.519399982e-03
3.422000000e-04,5.000000000e+00,4.548285916e+00,4.096572058e+00,-4.517140848e-03
3.423000000e-04,5.000000000e+00,4.548511716e+00,4.097023659e+00,-4.514882842e-03
3.424000000e-04,5.000000000e+00,4.548737404e+00,4.097475034e+00,-4.512625966e-03
3.425000000e-04,5.000000000e+00,4.548962979e+00,4.097926184e+00,-4.510370217e-03
3.426000000e-04,5.000000000e+00,4.549188441e+00,4.098377108e+00,-4.508115596e-03
3.427000000e-04,5.000000000e+00,4.549413790e+00,4.098827806e+00,-4.505862102e-03
3.428000000e-04,5.000000000e+00,4.549639027e+00,4.099278280e+00,-4.503609735e-03
3.429000000e-04,5.000000000e+00,4.549864151e+00,4.099728528e+00,-4.501358494e-03
3.430000000e-04,5.000000000e+00,4.550089163e+00,4.100178551e+00,-4.499108378e-03
3.431000000e-04,5.000000000e+00,4.550314062e+00,4.100628349e+00,-4.496859386e-03
3.432000000e-04,5.000000000e+00,4.550538849e+00,4.101077922e+00,-4.494611519e-03
3.433000000e-04,5.000000000e+00,4.550763523e+00,4.101527271e+00,-4.492364776e-03
3.434000000e-04,5.000000000e+00,4.550988085e+00,4.101976395e+00,-4.490119155e-03
3.435000000e-04,5.000000000e+00,4.551212535e+00,4.102425294e+00,-4.487874657e-03
3.436000000e-04,5.000000000e+00,4.551436872e+00,4.102873969e+00,-4.485631281e-03
3.437000000e-04,5.000000000e+00,4.551661098e+00,4.103322420e+00,-4.483389027e-03
3.438000000e-04,5.000000000e+00,4.551885211e+00,4.103770647e+00,-4.481147893e-03
3.439000000e-04,5.000000000e+00,4.552109213e+00,4.104218649e+00,-4.478907880e-03
3.440000000e-04,5.000000000e+00,4.552333102e+00,4.104666428e+00,-4.476668986e-03
3.441000000e-04,5.000000000e+00,4.552556879e+00,4.105113983e+00,-4.474431212e-03
3.442000000e-04,5.000000000e+00,4.552780545e+00,4.105561314e+00,-4.472194556e-03
3.443000000e-04,5.000000000e+00,4.553004099e+00,4.106008421e+00,-4.469959018e-03
3.444000000e-04,5.000000000e+00,4.553227541e+00,4.106455305e+00,-4.467724598e-03
3.445000000e-04,5.000000000e+00,4.553450871e+00,4.106901966e+00,-4.465491295e-03
3.446000000e-04,5.000000000e+00,4.553674090e+00,4.107348403e+00,-4.463259108e-03
3.447000000e-04,5.000000000e+00,4.553897197e+00,4.107794617e+00,-4.461028036e-03
3.448000000e-04,5.000000000e+00,4.554120192e+00,4.108240608e+00,-4.458798080e-03
3.449000000e-04,5.000000000e+00,4.554343077e+00,4.108686376e+00,-4.456569239e-03
3.450000000e-04,5.000000000e+00,4.554565849e+00,4.109131922e+00,-4.454341512e-03
3.451000000e-04,5.000000000e+00,4.554788511e+00,4.109577244e+00,-4.452114899e-03
3.452000000e-04,5.000000000e+00,4.555011061e+00,4.110022344e+00,-4.449889398e-03
3.453000000e-04,5.000000000e+00,4.555233499e+00,4.110467222e+00,-4.447665010e-03
3.454000000e-04,5.000000000e+00,4.555455827e+00,4.110911877e+00,-4.445441734e-03
3.455000000e-04,5.000000000e+00,4.555678044e+00,4.111356310e+00,-4.443219569e-03
3.456000000e-04,5.000000000e+00,4.555900149e+00,4.111800520e+00,-4.440998515e-03
3.457000000e-04,5.000000000e+00,4.556122143e+00,4.112244509e+00,-4.438778572e-03
3.458000000e-04,5.000000000e+00,4.556344027e+00,4.112688276e+00,-4.436559738e-03
3.459000000e-04,5.000000000e+00,4.556565799e+00,4.113131821e+00,-4.434342013e-03
3.460000000e-04,5.000000000e+00,4.556787461e+00,4.113575144e+00,-4.432125396e-03
3.461000000e-04,5.000000000e+00,4.557009012e+00,4.114018245e+00,-4.429909888e-03
3.462000000e-04,5.000000000e+00,4.557230452e+00,4.114461125e+00,-4.427695487e-03
3.463000000e-04,5.000000000e+00,4.557451781e+00,4.114903784e+00,-4.425482194e-03
3.464000000e-04,5.000000000e+00,4.557673000e+00,4.115346221e+00,-4.423270006e-03
3.465000000e-04,5.000000000e+00,4.557894108e+00,4.115788438e+00,-4.421058924e-03
3.466000000e-04,5.000000000e+00,4.558115106e+00,4.116230433e+00,-4.418848948e-03
3.467000000e-04,5.000000000e+00,4.558335993e+00,4.116672207e+00,-4.416640076e-03
3.468000000e-04,5.000000000e+00,4.558556770e+00,4.117113760e+00,-4.414432309e-03
3.469000000e-04,5.000000000e+00,4.558777436e+00,4.117555093e+00,-4.412225645e-03
3.470000000e-04,5.000000000e+00,4.558997992e+00,4.117996205e+00,-4.410020084e-03
3.471000000e-04,5.000000000e+00,4.559218438e+00,4.118437097e+00,-4.407815626e-03
3.472000000e-04,5.000000000e+00,4.559438774e+00,4.118877768e+00,-4.405612269e-03
3.473000000e-04,5.000000000e+00,4.559658999e+00,4.119318219e+00,-4.403410014e-03
3.474000000e-04,5.000000000e+00,4.559879114e+00,4.119758449e+00,-4.401208860e-03
3.475000000e-04,5.000000000e+00,4.560099120e+00,4.120198460e+00,-4.399008806e-03
3.476000000e-04,5.000000000e+00,4.560319015e+00,4.120638251e+00,-4.396809852e-03
3.477000000e-04,5.000000000e+00,4.560538801e+00,4.121077822e+00,-4.394611997e-03
3.478000000e-04,5.000000000e+00,4.560758476e+00,4.121517173e+00,-4.392415241e-03
3.479000000e-04,5.000000000e+00,4.560978042e+00,4.121956304e+00,-4.390219583e-03
3.480000000e-04,5.000000000e+00,4.561197498e+00,4.122395216e+00,-4.388025023e-03
3.481000000e-04,5.000000000e+00,4.561416845e+00,4.122833909e+00,-4.385831559e-03
3.482000000e-04,5.000000000e+00,4.561636081e+00,4.123272382e+00,-4.383639192e-03
3.483000000e-04,5.000000000e+00,4.561855208e+00,4.123710636e+00,-4.381447921e-03
3.484000000e-04,5.000000000e+00,4.562074226e+00,4.124148671e+00,-4.379257745e-03
3.485000000e-04,5.000000000e+00,4.562293134e+00,4.124586488e+00,-4.377068664e-03
3.486000000e-04,5.000000000e+00,4.562511933e+00,4.125024085e+00,-4.374880677e-03
3.487000000e-04,5.000000000e+00,4.562730622e+00,4.125461463e+00,-4.372693784e-03
3.488000000e-04,5.000000000e+00,4.562949202e+00,4.125898623e+00,-4.370507984e-03
3.489000000e-04,5.000000000e+00,4.563167673e+00,4.126335564e+00,-4.368323277e-03
3.490000000e-04,5.000000000e+00,4.563386034e+00,4.126772287e+00,-4.366139662e-03
3.491000000e-04,5.000000000e+00,4.563604287e+00,4.127208792e+00,-4.363957138e-03
3.492000000e-04,5.000000000e+00,4.563822430e+00,4.127645078e+00,-4.361775706e-03
3.493000000e-04,5.000000000e+00,4.564040464e+00,4.128081147e+00,-4.359595363e-03
3.494000000e-04,5.000000000e+00,4.564258389e+00,4.128516997e+00,-4.357416111e-03
3.495000000e-04,5.000000000e+00,4.564476206e+00,4.128952630e+00,-4.355237948e-03
3.496000000e-04,5.000000000e+00,4.564693913e+00,4.129388044e+00,-4.353060874e-03
3.497000000e-04,5.000000000e+00,4.564911512e+00,4.129823241e+00,-4.350884888e-03
3.498000000e-04,5.000000000e+00,4.565129002e+00,4.130258221e+00,-4.348709990e-03
3.499000000e-04,5.000000000e+00,4.565346383e+00,4.130692983e+00,-4.346536179e-03
3.500000000e-04,5.000000000e+00,4.565563655e+00,4.131127528e+00,-4.344363455e-03
3.501000000e-04,5.000000000e+00,4.565780819e+00,4.131561855e+00,-4.342191816e-03
3.502000000e-04,5.000000000e+00,4.565997874e+00,4.131995966e+00,-4.340021264e-03
3.503000000e-04,5.000000000e+00,4.566214821e+00,4.132429859e+00,-4.337851796e-03
3.504000000e-04,5.000000000e+00,4.566431659e+00,4.132863536e+00,-4.335683413e-03
3.505000000e-04,5.000000000e+00,4.566648389e+00,4.133296995e+00,-4.333516113e-03
3.506000000e-04,5.000000000e+00,4.566865011e+00,4.133730239e+00,-4.331349898e-03
3.507000000e-04,5.000000000e+00,4.567081524e+00,4.134163265e+00,-4.329184764e-03
3.508000000e-04,5.000000000e+00,4.567297929e+00,4.134596075e+00,-4.327020714e-03
3.509000000e-04,5.000000000e+00,4.567514226e+00,4.135028669e+00,-4.324857745e-03
3.510000000e-04,5.000000000e+00,4.567730415e+00,4.135461046e+00,-4.322695857e-03
3.511000000e-04,5.000000000e+00,4.567946496e+00,4.135893208e+00,-4.320535050e-03
3.512000000e-04,5.000000000e+00,4.568162468e+00,4.136325153e+00,-4.318375323e-03
3.513000000e-04,5.000000000e+00,4.568378333e+00,4.136756882e+00,-4.316216675e-03
3.514000000e-04,5.000000000e+00,4.568594090e+00,4.137188396e+00,-4.314059107e-03
3.515000000e-04,5.000000000e+00,4.568809739e+00,4.137619694e+00,-4.311902617e-03
3.516000000e-04,5.000000000e+00,4.569025280e+00,4.138050776e+00,-4.309747205e-03
3.517000000e-04,5.000000000e+00,4.569240713e+00,4.138481643e+00,-4.307592871e-03
3.518000000e-04,5.000000000e+00,4.569456039e+00,4.138912294e+00,-4.305439613e-03
3.519000000e-04,5.000000000e+00,4.569671257e+00,4.139342730e+00,-4.303287432e-03
3.520000000e-04,5.000000000e+00,4.569886368e+00,4.139772951e+00,-4.301136326e-03
3.521000000e-04,5.000000000e+00,4.570101371e+00,4.140202957e+00,-4.298986296e-03
3.522000000e-04,5.000000000e+00,4.570316266e+00,4.140632748e+00,-4.296837341e-03
3.523000000e-04,5.000000000e+00,4.570531055e+00,4.141062324e+00,-4.294689460e-03
3.524000000e-04,5.000000000e+00,4.570745735e+00,4.141491686e+00,-4.292542652e-03
3.525000000e-04,5.000000000e+00,4.570960309e+00,4.141920832e+00,-4.290396918e-03
3.526000000e-04,5.000000000e+00,4.571174775e+00,4.142349765e+00,-4.288252256e-03
3.527000000e-04,5.000000000e+00,4.571389134e+00,4.142778482e+00,-4.286108667e-03
3.528000000e-04,5.000000000e+00,4.571603386e+00,4.143206986e+00,-4.283966149e-03
3.529000000e-04,5.000000000e+00,4.571817530e+00,4.143635275e+00,-4.281824701e-03
3.530000000e-04,5.000000000e+00,4.572031568e+00,4.144063350e+00,-4.279684325e-03
3.531000000e-04,5.000000000e+00,4.572245499e+00,4.144491212e+00,-4.277545018e-03
3.532000000e-04,5.000000000e+00,4.572459322e+00,4.144918859e+00,-4.275406781e-03
3.533000000e-04,5.000000000e+00,4.572673039e+00,4.145346293e+00,-4.273269612e-03
3.534000000e-04,5.000000000e+00,4.572886649e+00,4.145773513e+00,-4.271133512e-03
3.535000000e-04,5.000000000e+00,4.573100153e+00,4.146200519e+00,-4.268998479e-03
3.536000000e-04,5.000000000e+00,4.573313549e+00,4.146627312e+00,-4.266864514e-03
3.537000000e-04,5.000000000e+00,4.573526839e+00,4.147053892e+00,-4.264731616e-03
3.538000000e-04,5.000000000e+00,4.573740022e+00,4.147480258e+00,-4.262599783e-03
3.539000000e-04,5.000000000e+00,4.573953099e+00,4.147906411e+00,-4.260469017e-03
3.540000000e-04,5.000000000e+00,4.574166069e+00,4.148332351e+00,-4.258339315e-03
3.541000000e-04,5.000000000e+00,4.574378933e+00,4.148758079e+00,-4.256210678e-03
3.542000000e-04,5.000000000e+00,4.574591690e+00,4.149183593e+00,-4.254083105e-03
3.543000000e-04,5.000000000e+00,4.574804341e+00,4.149608895e+00,-4.251956596e-03
3.544000000e-04,5.000000000e+00,4.575016886e+00,4.150033984e+00,-4.249831150e-03
3.545000000e-04,5.000000000e+00,4.575229324e+00,4.150458861e+00,-4.247706766e-03
3.546000000e-04,5.000000000e+00,4.575441656e+00,4.150883525e+00,-4.245583444e-03
3.547000000e-04,5.000000000e+00,4.575653882e+00,4.151307977e+00,-4.243461183e-03
3.548000000e-04,5.000000000e+00,4.575866002e+00,4.151732217e+00,-4.241339984e-03
3.549000000e-04,5.000000000e+00,4.576078016e+00,4.152156245e+00,-4.239219844e-03
3.550000000e-04,5.000000000e+00,4.576289924e+00,4.152580060e+00,-4.237100765e-03
3.551000000e-04,5.000000000e+00,4.576501726e+00,4.153003664e+00,-4.234982744e-03
3.552000000e-04,5.000000000e+00,4.576713422e+00,4.153427057e+00,-4.232865783e-03
3.553000000e-04,5.000000000e+00,4.576925013e+00,4.153850237e+00,-4.230749879e-03
3.554000000e-04,5.000000000e+00,4.577136497e+00,4.154273206e+00,-4.228635034e-03
3.555000000e-04,5.000000000e+00,4.577347876e+00,4.154695964e+00,-4.226521245e-03
3.556000000e-04,5.000000000e+00,4.577559149e+00,4.155118510e+00,-4.224408513e-03
3.557000000e-04,5.000000000e+00,4.577770317e+00,4.155540845e+00,-4.222296837e-03
3.558000000e-04,5.000000000e+00,4.577981379e+00,4.155962969e+00,-4.220186217e-03
3.559000000e-04,5.000000000e+00,4.578192335e+00,4.156384882e+00,-4.218076652e-03
3.560000000e-04,5.000000000e+00,4.578403186e+00,4.156806584e+00,-4.215968141e-03
3.561000000e-04,5.000000000e+00,4.578613932e+00,4.157228075e+00,-4.213860685e-03
3.562000000e-04,5.000000000e+00,4.578824572e+00,4.157649356e+00,-4.211754282e-03
3.563000000e-04,5.000000000e+00,4.579035107e+00,4.158070426e+00,-4.209648931e-03
3.564000000e-04,5.000000000e+00,4.579245537e+00,4.158491285e+00,-4.207544633e-03
3.565000000e-04,5.000000000e+00,4.579455862e+00,4.158911934e+00,-4.205441388e-03
3.566000000e-04,5.000000000e+00,4.579666081e+00,4.159332373e+00,-4.203339193e-03
3.567000000e-04,5.000000000e+00,4.579876196e+00,4.159752602e+00,-4.201238049e-03
3.568000000e-04,5.000000000e+00,4.580086205e+00,4.160172620e+00,-4.199137956e-03
3.569000000e-04,5.000000000e+00,4.580296109e+00,4.160592429e+00,-4.197038912e-03
3.570000000e-04,5.000000000e+00,4.580505909e+00,4.161012028e+00,-4.194940918e-03
3.571000000e-04,5.000000000e+00,4.580715603e+00,4.161431417e+00,-4.192843972e-03
3.572000000e-04,5.000000000e+00,4.580925193e+00,4.161850596e+00,-4.190748075e-03
3.573000000e-04,5.000000000e+00,4.581134678e+00,4.162269566e+00,-4.188653225e-03
3.574000000e-04,5.000000000e+00,4.581344058e+00,4.162688326e+00,-4.186559422e-03
3.575000000e-04,5.000000000e+00,4.581553334e+00,4.163106877e+00,-4.184466666e-03
3.576000000e-04,5.000000000e+00,4.581762505e+00,4.163525219e+00,-4.182374956e-03
3.577000000e-04,5.000000000e+00,4.581971571e+00,4.163943352e+00,-4.180284292e-03
3.578000000e-04,5.000000000e+00,4.582180533e+00,4.164361276e+00,-4.178194673e-03
3.579000000e-04,5.000000000e+00,4.582389391e+00,4.164778991e+00,-4.176106098e-03
3.580000000e-04,5.000000000e+00,4.582598144e+00,4.165196497e+00,-4.174018568e-03
3.581000000e-04,5.000000000e+00,4.582806792e+00,4.165613794e+00,-4.171932081e-03
3.582000000e-04,5.000000000e+00,4.583015337e+00,4.166030883e+00,-4.169846636e-03
3.583000000e-04,5.000000000e+00,4.583223777e+00,4.166447763e+00,-4.167762235e-03
3.584000000e-04,5.000000000e+00,4.583432113e+00,4.166864435e+00,-4.165678875e-03
3.585000000e-04,5.000000000e+00,4.583640345e+00,4.167280898e+00,-4.163596557e-03
3.586000000e-04,5.000000000e+00,4.583848473e+00,4.167697154e+00,-4.161515279e-03
3.587000000e-04,5.000000000e+00,4.584056496e+00,4.168113201e+00,-4.159435042e-03
3.588000000e-04,5.000000000e+00,4.584264416e+00,4.168529040e+00,-4.157355845e-03
3.589000000e-04,5.000000000e+00,4.584472232e+00,4.168944672e+00,-4.155277687e-03
3.590000000e-04,5.000000000e+00,4.584679944e+00,4.169360095e+00,-4.153200568e-03
3.591000000e-04,5.000000000e+00,4.584887552e+00,4.169775312e+00,-4.151124488e-03
3.592000000e-04,5.000000000e+00,4.585095056e+00,4.170190320e+00,-4.149049445e-03
3.593000000e-04,5.000000000e+00,4.585302457e+00,4.170605121e+00,-4.146975439e-03
3.594000000e-04,5.000000000e+00,4.585509754e+00,4.171019715e+00,-4.144902470e-03
3.595000000e-04,5.000000000e+00,4.585716947e+00,4.171434101e+00,-4.142830537e-03
3.596000000e-04,5.000000000e+00,4.585924036e+00,4.171848280e+00,-4.140759640e-03
3.597000000e-04,5.000000000e+00,4.586131023e+00,4.172262253e+00,-4.138689778e-03
3.598000000e-04,5.000000000e+00,4.586337905e+00,4.172676018e+00,-4.136620951e-03
3.599000000e-04,5.000000000e+00,4.586544685e+00,4.173089577e+00,-4.134553158e-03
3.600000000e-04,5.000000000e+00,4.586751361e+00,4.173502928e+00,-4.132486399e-03
3.601000000e-04,5.000000000e+00,4.586957933e+00,4.173916073e+00,-4.130420673e-03
3.602000000e-04,5.000000000e+00,4.587164403e+00,4.174329012e+00,-4.128355979e-03
3.603000000e-04,5.000000000e+00,4.587370769e+00,4.174741744e+00,-4.126292318e-03
3.604000000e-04,5.000000000e+00,4.587577032e+00,4.175154270e+00,-4.124229688e-03
3.605000000e-04,5.000000000e+00,4.587783192e+00,4.175566590e+00,-4.122168089e-03
3.606000000e-04,5.000000000e+00,4.587989248e+00,4.175978703e+00,-4.120107520e-03
3.607000000e-04,5.000000000e+00,4.588195202e+00,4.176390611e+00,-4.118047982e-03
3.608000000e-04,5.000000000e+00,4.588401053e+00,4.176802313e+00,-4.115989473e-03
3.609000000e-04,5.000000000e+00,4.588606801e+00,4.177213808e+00,-4.113931993e-03
3.610000000e-04,5.000000000e+00,4.588812446e+00,4.177625099e+00,-4.111875542e-03
3.611000000e-04,5.000000000e+00,4.589017989e+00,4.178036183e+00,-4.109820119e-03
3.612000000e-04,5.000000000e+00,4.589223428e+00,4.178447062e+00,-4.107765723e-03
3.613000000e-04,5.000000000e+00,4.589428765e+00,4.178857736e+00,-4.105712354e-03
3.614000000e-04,5.000000000e+00,4.589633999e+00,4.179268204e+00,-4.103660011e-03
3.615000000e-04,5.000000000e+00,4.589839131e+00,4.179678468e+00,-4.101608695e-03
3.616000000e-04,5.000000000e+00,4.590044160e+00,4.180088526e+00,-4.099558403e-03
3.617000000e-04,5.000000000e+00,4.590249087e+00,4.180498379e+00,-4.097509137e-03
3.618000000e-04,5.000000000e+00,4.590453911e+00,4.180908027e+00,-4.095460895e-03
3.619000000e-04,5.000000000e+00,4.590658633e+00,4.181317471e+00,-4.093413677e-03
3.620000000e-04,5.000000000e+00,4.590863252e+00,4.181726710e+00,-4.091367482e-03
3.621000000e-04,5.000000000e+00,4.591067769e+00,4.182135744e+00,-4.089322310e-03
3.622000000e-04,5.000000000e+00,4.591272184e+00,4.182544574e+00,-4.087278161e-03
3.623000000e-04,5.000000000e+00,4.591476497e+00,4.182953199e+00,-4.085235033e-03
3.624000000e-04,5.000000000e+00,4.591680708e+00,4.183361620e+00,-4.083192927e-03
3.625000000e-04,5.000000000e+00,4.591884816e+00,4.183769837e+00,-4.081151841e-03
3.626000000e-04,5.000000000e+00,4.592088823e+00,4.184177850e+00,-4.079111776e-03
3.627000000e-04,5.000000000e+00,4.592292728e+00,4.184585659e+00,-4.077072730e-03
3.628000000e-04,5.000000000e+00,4.592496530e+00,4.184993264e+00,-4.075034704e-03
3.629000000e-04,5.000000000e+00,4.592700231e+00,4.185400666e+00,-4.072997696e-03
3.630000000e-04,5.000000000e+00,4.592903830e+00,4.185807864e+00,-4.070961707e-03
3.631000000e-04,5.000000000e+00,4.593107327e+00,4.186214858e+00,-4.068926735e-03
3.632000000e-04,5.000000000e+00,4.593310722e+00,4.186621649e+00,-4.066892781e-03
3.633000000e-04,5.000000000e+00,4.593514016e+00,4.187028236e+00,-4.064859843e-03
3.634000000e-04,5.000000000e+00,4.593717208e+00,4.187434620e+00,-4.062827922e-03
3.635000000e-04,5.000000000e+00,4.593920299e+00,4.187840801e+00,-4.060797016e-03
3.636000000e-04,5.000000000e+00,4.594123288e+00,4.188246779e+00,-4.058767126e-03
3.637000000e-04,5.000000000e+00,4.594326176e+00,4.188652554e+00,-4.056738250e-03
3.638000000e-04,5.000000000e+00,4.594528962e+00,4.189058127e+00,-4.054710388e-03
3.639000000e-04,5.000000000e+00,4.594731646e+00,4.189463496e+00,-4.052683540e-03
3.640000000e-04,5.000000000e+00,4.594934230e+00,4.189868663e+00,-4.050657705e-03
3.641000000e-04,5.000000000e+00,4.595136712e+00,4.190273627e+00,-4.048632883e-03
3.642000000e-04,5.000000000e+00,4.595339093e+00,4.190678389e+00,-4.046609073e-03
3.643000000e-04,5.000000000e+00,4.595541373e+00,4.191082949e+00,-4.044586275e-03
3.644000000e-04,5.000000000e+00,4.595743552e+00,4.191487306e+00,-4.042564488e-03
3.645000000e-04,5.000000000e+00,4.595945629e+00,4.191891461e+00,-4.040543711e-03
3.646000000e-04,5.000000000e+00,4.596147606e+00,4.192295414e+00,-4.038523945e-03
3.647000000e-04,5.000000000e+00,4.596349482e+00,4.192699166e+00,-4.036505188e-03
3.648000000e-04,5.000000000e+00,4.596551256e+00,4.193102715e+00,-4.034487441e-03
3.649000000e-04,5.000000000e+00,4.596752930e+00,4.193506063e+00,-4.032470702e-03
3.650000000e-04,5.000000000e+00,4.596954503e+00,4.193909209e+00,-4.030454971e-03
3.651000000e-04,5.000000000e+00,4.597155976e+00,4.194312153e+00,-4.028440248e-03
3.652000000e-04,5.000000000e+00,4.597357347e+00,4.194714897e+00,-4.026426531e-03
3.653000000e-04,5.000000000e+00,4.597558618e+00,4.195117438e+00,-4.024413822e-03
3.654000000e-04,5.000000000e+00,4.597759789e+00,4.195519779e+00,-4.022402118e-03
3.655000000e-04,5.000000000e+00,4.597960858e+00,4.195921918e+00,-4.020391421e-03
3.656000000e-04,5.000000000e+00,4.598161828e+00,4.196323857e+00,-4.018381728e-03
3.657000000e-04,5.000000000e+00,4.598362697e+00,4.196725594e+00,-4.016373040e-03
3.658000000e-04,5.000000000e+00,4.598563465e+00,4.197127131e+00,-4.014365356e-03
3.659000000e-04,5.000000000e+00,4.598764133e+00,4.197528467e+00,-4.012358675e-03
3.660000000e-04,5.000000000e+00,4.598964701e+00,4.197929602e+00,-4.010352998e-03
3.661000000e-04,5.000000000e+00,4.599165168e+00,4.198330537e+00,-4.008348323e-03
3.662000000e-04,5.000000000e+00,4.599365535e+00,4.198731272e+00,-4.006344650e-03
3.663000000e-04,5.000000000e+00,4.599565803e+00,4.199131806e+00,-4.004341979e-03
3.664000000e-04,5.000000000e+00,4.599765970e+00,4.199532140e+00,-4.002340309e-03
3.665000000e-04,5.000000000e+00,4.599966037e+00,4.199932274e+00,-4.000339640e-03
3.666000000e-04,5.000000000e+00,4.600166003e+00,4.200332207e+00,-3.998339970e-03
3.667000000e-04,5.000000000e+00,4.600365870e+00,4.200731941e+00,-3.996341300e-03
3.668000000e-04,5.000000000e+00,4.600565638e+00,4.201131475e+00,-3.994343630e-03
3.669000000e-04,5.000000000e+00,4.600765305e+00,4.201530810e+00,-3.992346958e-03
3.670000000e-04,5.000000000e+00,4.600964872e+00,4.201929944e+00,-3.990351283e-03
3.671000000e-04,5.000000000e+00,4.601164340e+00,4.202328879e+00,-3.988356607e-03
3.672000000e-04,5.000000000e+00,4.601363708e+00,4.202727615e+00,-3.986362928e-03
3.673000000e-04,5.000000000e+00,4.601562976e+00,4.203126152e+00,-3.984370245e-03
3.674000000e-04,5.000000000e+00,4.601762145e+00,4.203524489e+00,-3.982378558e-03
3.675000000e-04,5.000000000e+00,4.601961214e+00,4.203922627e+00,-3.980387867e-03
3.676000000e-04,5.000000000e+00,4.602160183e+00,4.204320566e+00,-3.978398171e-03
3.677000000e-04,5.000000000e+00,4.602359054e+00,4.204718306e+00,-3.976409470e-03
3.678000000e-04,5.000000000e+00,4.602557824e+00,4.205115848e+00,-3.974421763e-03
3.679000000e-04,5.000000000e+00,4.602756496e+00,4.205513190e+00,-3.972435049e-03
3.680000000e-04,5.000000000e+00,4.602955068e+00,4.205910334e+00,-3.970449328e-03
3.681000000e-04,5.000000000e+00,4.603153540e+00,4.206307280e+00,-3.968464600e-03
3.682000000e-04,5.000000000e+00,4.603351914e+00,4.206704027e+00,-3.966480864e-03
3.683000000e-04,5.000000000e+00,4.603550188e+00,4.207100576e+00,-3.964498120e-03
3.684000000e-04,5.000000000e+00,4.603748364e+00,4.207496926e+00,-3.962516367e-03
3.685000000e-04,5.000000000e+00,4.603946440e+00,4.207893079e+00,-3.960535605e-03
3.686000000e-04,5.000000000e+00,4.604144417e+00,4.208289033e+00,-3.958555832e-03
3.687000000e-04,5.000000000e+00,4.604342296e+00,4.208684789e+00,-3.956577050e-03
3.688000000e-04,5.000000000e+00,4.604540075e+00,4.209080348e+00,-3.954599256e-03
3.689000000e-04,5.000000000e+00,4.604737755e+00,4.209475709e+00,-3.952622451e-03
3.690000000e-04,5.000000000e+00,4.604935337e+00,4.209870872e+00,-3.950646634e-03
3.691000000e-04,5.000000000e+00,4.605132820e+00,4.210265838e+00,-3.948671805e-03
3.692000000e-04,5.000000000e+00,4.605330204e+00,4.210660606e+00,-3.946697963e-03
3.693000000e-04,5.000000000e+00,4.605527490e+00,4.211055177e+00,-3.944725108e-03
3.694000000e-04,5.000000000e+00,4.605724677e+00,4.211449551e+00,-3.942753239e-03
3.695000000e-04,5.000000000e+00,4.605921765e+00,4.211843727e+00,-3.940782356e-03
3.696000000e-04,5.000000000e+00,4.606118755e+00,4.212237707e+00,-3.938812458e-03
3.697000000e-04,5.000000000e+00,4.606315646e+00,4.212631489e+00,-3.936843544e-03
3.698000000e-04,5.000000000e+00,4.606512439e+00,4.213025075e+00,-3.934875615e-03
3.699000000e-04,5.000000000e+00,4.606709134e+00,4.213418464e+00,-3.932908669e-03
3.700000000e-04,5.000000000e+00,4.606905730e+00,4.213811657e+00,-3.930942707e-03
3.701000000e-04,5.000000000e+00,4.607102228e+00,4.214204652e+00,-3.928977727e-03
3.702000000e-04,5.000000000e+00,4.607298628e+00,4.214597452e+00,-3.927013730e-03
3.703000000e-04,5.000000000e+00,4.607494929e+00,4.214990055e+00,-3.925050714e-03
3.704000000e-04,5.000000000e+00,4.607691132e+00,4.215382462e+00,-3.923088680e-03
3.705000000e-04,5.000000000e+00,4.607887238e+00,4.215774672e+00,-3.921127627e-03
3.706000000e-04,5.000000000e+00,4.608083245e+00,4.216166687e+00,-3.919167553e-03
3.707000000e-04,5.000000000e+00,4.608279155e+00,4.216558505e+00,-3.917208460e-03
3.708000000e-04,5.000000000e+00,4.608474966e+00,4.216950128e+00,-3.915250346e-03
3.709000000e-04,5.000000000e+00,4.608670679e+00,4.217341555e+00,-3.913293210e-03
3.710000000e-04,5.000000000e+00,4.608866295e+00,4.217732786e+00,-3.911337053e-03
3.711000000e-04,5.000000000e+00,4.609061813e+00,4.218123822e+00,-3.909381874e-03
3.712000000e-04,5.000000000e+00,4.609257233e+00,4.218514662e+00,-3.907427672e-03
3.713000000e-04,5.000000000e+00,4.609452556e+00,4.218905307e+00,-3.905474447e-03
3.714000000e-04,5.000000000e+00,4.609647781e+00,4.219295757e+00,-3.903522198e-03
3.715000000e-04,5.000000000e+00,4.609842908e+00,4.219686011e+00,-3.901570926e-03
3.716000000e-04,5.000000000e+00,4.610037938e+00,4.220076071e+00,-3.899620628e-03
3.717000000e-04,5.000000000e+00,4.610232870e+00,4.220465935e+00,-3.897671306e-03
3.718000000e-04,5.000000000e+00,4.610427705e+00,4.220855605e+00,-3.895722958e-03
3.719000000e-04,5.000000000e+00,4.610622442e+00,4.221245079e+00,-3.893775584e-03
3.720000000e-04,5.000000000e+00,4.610817082e+00,4.221634359e+00,-3.891829183e-03
3.721000000e-04,5.000000000e+00,4.611011625e+00,4.222023445e+00,-3.889883755e-03
3.722000000e-04,5.000000000e+00,4.611206071e+00,4.222412336e+00,-3.887939300e-03
3.723000000e-04,5.000000000e+00,4.611400419e+00,4.222801032e+00,-3.885995817e-03
3.724000000e-04,5.000000000e+00,4.611594670e+00,4.223189535e+00,-3.884053305e-03
3.725000000e-04,5.000000000e+00,4.611788824e+00,4.223577843e+00,-3.882111764e-03
3.726000000e-04,5.000000000e+00,4.611982881e+00,4.223965957e+00,-3.880171194e-03
3.727000000e-04,5.000000000e+00,4.612176841e+00,4.224353877e+00,-3.878231594e-03
3.728000000e-04,5.000000000e+00,4.612370704e+00,4.224741603e+00,-3.876292963e-03
3.729000000e-04,5.000000000e+00,4.612564470e+00,4.225129135e+00,-3.874355302e-03
3.730000000e-04,5.000000000e+00,4.612758140e+00,4.225516473e+00,-3.872418609e-03
3.731000000e-04,5.000000000e+00,4.612951712e+00,4.225903618e+00,-3.870482884e-03
3.732000000e-04,5.000000000e+00,4.613145188e+00,4.226290570e+00,-3.868548127e-03
3.733000000e-04,5.000000000e+00,4.613338567e+00,4.226677328e+00,-3.866614336e-03
3.734000000e-04,5.000000000e+00,4.613531849e+00,4.227063892e+00,-3.864681513e-03
3.735000000e-04,5.000000000e+00,4.613725035e+00,4.227450263e+00,-3.862749656e-03
3.736000000e-04,5.000000000e+00,4.613918124e+00,4.227836442e+00,-3.860818764e-03
3.737000000e-04,5.000000000e+00,4.614111117e+00,4.228222427e+00,-3.858888838e-03
3.738000000e-04,5.000000000e+00,4.614304013e+00,4.228608219e+00,-3.856959876e-03
3.739000000e-04,5.000000000e+00,4.614496813e+00,4.228993818e+00,-3.855031879e-03
3.740000000e-04,5.000000000e+00,4.614689516e+00,4.229379225e+00,-3.853104845e-03
3.741000000e-04,5.000000000e+00,4.614882123e+00,4.229764439e+00,-3.851178775e-03
3.742000000e-04,5.000000000e+00,4.615074634e+00,4.230149461e+00,-3.849253667e-03
3.743000000e-04,5.000000000e+00,4.615267048e+00,4.230534289e+00,-3.847329522e-03
3.744000000e-04,5.000000000e+00,4.615459367e+00,4.230918926e+00,-3.845406338e-03
3.745000000e-04,5.000000000e+00,4.615651589e+00,4.231303370e+00,-3.843484116e-03
3.746000000e-04,5.000000000e+00,4.615843715e+00,4.231687623e+00,-3.841562855e-03
3.747000000e-04,5.000000000e+00,4.616035745e+00,4.232071683e+00,-3.839642554e-03
3.748000000e-04,5.000000000e+00,4.616227679e+00,4.232455551e+00,-3.837723213e-03
3.749000000e-04,5.000000000e+00,4.616419517e+00,4.232839227e+00,-3.835804832e-03
3.750000000e-04,5.000000000e+00,4.616611260e+00,4.233222711e+00,-3.833887409e-03
3.751000000e-04,5.000000000e+00,4.616802906e+00,4.233606004e+00,-3.831970945e-03
3.752000000e-04,5.000000000e+00,4.616994457e+00,4.233989105e+00,-3.830055439e-03
3.753000000e-04,5.000000000e+00,4.617185911e+00,4.234372015e+00,-3.828140890e-03
3.754000000e-04,5.000000000e+00,4.617377271e+00,4.234754733e+00,-3.826227299e-03
3.755000000e-04,5.000000000e+00,4.617568534e+00,4.235137260e+00,-3.824314664e-03
3.756000000e-04,5.000000000e+00,4.617759702e+00,4.235519596e+00,-3.822402985e-03
3.757000000e-04,5.000000000e+00,4.617950774e+00,4.235901740e+00,-3.820492262e-03
3.758000000e-04,5.000000000e+00,4.618141751e+00,4.236283694e+00,-3.818582493e-03
3.759000000e-04,5.000000000e+00,4.618332633e+00,4.236665456e+00,-3.816673680e-03
3.760000000e-04,5.000000000e+00,4.618523418e+00,4.237047028e+00,-3.814765820e-03
3.761000000e-04,5.000000000e+00,4.618714109e+00,4.237428409e+00,-3.812858915e-03
3.762000000e-04,5.000000000e+00,4.618904704e+00,4.237809600e+00,-3.810952962e-03
3.763000000e-04,5.000000000e+00,4.619095204e+00,4.238190599e+00,-3.809047963e-03
3.764000000e-04,5.000000000e+00,4.619285609e+00,4.238571409e+00,-3.807143915e-03
3.765000000e-04,5.000000000e+00,4.619475919e+00,4.238952028e+00,-3.805240819e-03
3.766000000e-04,5.000000000e+00,4.619666133e+00,4.239332457e+00,-3.803338675e-03
3.767000000e-04,5.000000000e+00,4.619856252e+00,4.239712695e+00,-3.801437482e-03
3.768000000e-04,5.000000000e+00,4.620046277e+00,4.240092744e+00,-3.799537238e-03
3.769000000e-04,5.000000000e+00,4.620236206e+00,4.240472602e+00,-3.797637945e-03
3.770000000e-04,5.000000000e+00,4.620426040e+00,4.240852271e+00,-3.795739601e-03
3.771000000e-04,5.000000000e+00,4.620615780e+00,4.241231750e+00,-3.793842206e-03
3.772000000e-04,5.000000000e+00,4.620805425e+00,4.241611039e+00,-3.791945760e-03
3.773000000e-04,5.000000000e+00,4.620994974e+00,4.241990139e+00,-3.790050261e-03
3.774000000e-04,5.000000000e+00,4.621184429e+00,4.242369049e+00,-3.788155710e-03
3.775000000e-04,5.000000000e+00,4.621373790e+00,4.242747770e+00,-3.786262106e-03
3.776000000e-04,5.000000000e+00,4.621563056e+00,4.243126301e+00,-3.784369449e-03
3.777000000e-04,5.000000000e+00,4.621752227e+00,4.243504643e+00,-3.782477738e-03
3.778000000e-04,5.000000000e+00,4.621941303e+00,4.243882796e+00,-3.780586972e-03
3.779000000e-04,5.000000000e+00,4.622130285e+00,4.244260760e+00,-3.778697151e-03
3.780000000e-04,5.000000000e+00,4.622319173e+00,4.244638535e+00,-3.776808276e-03
3.781000000e-04,5.000000000e+00,4.622507966e+00,4.245016121e+00,-3.774920344e-03
3.782000000e-04,5.000000000e+00,4.622696665e+00,4.245393519e+00,-3.773033356e-03
3.783000000e-04,5.000000000e+00,4.622885269e+00,4.245770728e+00,-3.771147311e-03
3.784000000e-04,5.000000000e+00,4.623073780e+00,4.246147748e+00,-3.769262209e-03
3.785000000e-04,5.000000000e+00,4.623262196e+00,4.246524580e+00,-3.767378050e-03
3.786000000e-04,5.000000000e+00,4.623450517e+00,4.246901223e+00,-3.765494832e-03
3.787000000e-04,5.000000000e+00,4.623638745e+00,4.247277678e+00,-3.763612556e-03
3.788000000e-04,5.000000000e+00,4.623826878e+00,4.247653945e+00,-3.761731220e-03
3.789000000e-04,5.000000000e+00,4.624014918e+00,4.248030024e+00,-3.759850825e-03
3.790000000e-04,5.000000000e+00,4.624202863e+00,4.248405915e+00,-3.757971370e-03
3.791000000e-04,5.000000000e+00,4.624390715e+00,4.248781618e+00,-3.756092855e-03
3.792000000e-04,5.000000000e+00,4.624578473e+00,4.249157134e+00,-3.754215278e-03
3.793000000e-04,5.000000000e+00,4.624766136e+00,4.249532461e+00,-3.752338640e-03
3.794000000e-04,5.000000000e+00,4.624953706e+00,4.249907601e+00,-3.750462940e-03
3.795000000e-04,5.000000000e+00,4.625141183e+00,4.250282553e+00,-3.748588178e-03
3.796000000e-04,5.000000000e+00,4.625328565e+00,4.250657318e+00,-3.746714353e-03
3.797000000e-04,5.000000000e+00,4.625515854e+00,4.251031896e+00,-3.744841464e-03
3.798000000e-04,5.000000000e+00,4.625703049e+00,4.251406286e+00,-3.742969512e-03
3.799000000e-04,5.000000000e+00,4.625890151e+00,4.251780489e+00,-3.741098496e-03
3.800000000e-04,5.000000000e+00,4.626077159e+00,4.252154506e+00,-3.739228414e-03
3.801000000e-04,5.000000000e+00,4.626264074e+00,4.252528335e+00,-3.737359268e-03
3.802000000e-04,5.000000000e+00,4.626450895e+00,4.252901977e+00,-3.735491056e-03
3.803000000e-04,5.000000000e+00,4.626637623e+00,4.253275433e+00,-3.733623778e-03
3.804000000e-04,5.000000000e+00,4.626824257e+00,4.253648701e+00,-3.731757433e-03
3.805000000e-04,5.000000000e+00,4.627010798e+00,4.254021784e+00,-3.729892021e-03
3.806000000e-04,5.000000000e+00,4.627197246e+00,4.254394680e+00,-3.728027542e-03
3.807000000e-04,5.000000000e+00,4.627383601e+00,4.254767389e+00,-3.726163994e-03
3.808000000e-04,5.000000000e+00,4.627569863e+00,4.255139912e+00,-3.724301378e-03
3.809000000e-04,5.000000000e+00,4.627756031e+00,4.255512249e+00,-3.722439694e-03
3.810000000e-04,5.000000000e+00,4.627942107e+00,4.255884400e+00,-3.720578939e-03
3.811000000e-04,5.000000000e+00,4.628128089e+00,4.256256364e+00,-3.718719115e-03
3.812000000e-04,5.000000000e+00,4.628313978e+00,4.256628143e+00,-3.716860221e-03
3.813000000e-04,5.000000000e+00,4.628499775e+00,4.256999736e+00,-3.715002256e-03
3.814000000e-04,5.000000000e+00,4.628685479e+00,4.257371143e+00,-3.713145220e-03
3.815000000e-04,5.000000000e+00,4.628871089e+00,4.257742365e+00,-3.711289111e-03
3.816000000e-04,5.000000000e+00,4.629056607e+00,4.258113401e+00,-3.709433931e-03
3.817000000e-04,5.000000000e+00,4.629242033e+00,4.258484251e+00,-3.707579678e-03
3.818000000e-04,5.000000000e+00,4.629427365e+00,4.258854916e+00,-3.705726352e-03
3.819000000e-04,5.000000000e+00,4.629612605e+00,4.259225396e+00,-3.703873953e-03
3.820000000e-04,5.000000000e+00,4.629797753e+00,4.259595691e+00,-3.702022479e-03
3.821000000e-04,5.000000000e+00,4.629982807e+00,4.259965800e+00,-3.700171931e-03
3.822000000e-04,5.000000000e+00,4.630167770e+00,4.260335725e+00,-3.698322308e-03
3.823000000e-04,5.000000000e+00,4.630352640e+00,4.260705464e+00,-3.696473609e-03
3.824000000e-04,5.000000000e+00,4.630537417e+00,4.261075019e+00,-3.694625835e-03
3.825000000e-04,5.000000000e+00,4.630722102e+00,4.261444389e+00,-3.692778984e-03
3.826000000e-04,5.000000000e+00,4.630906695e+00,4.261813575e+00,-3.690933057e-03
3.827000000e-04,5.000000000e+00,4.631091195e+00,4.262182576e+00,-3.689088052e-03
3.828000000e-04,5.000000000e+00,4.631275604e+00,4.262551392e+00,-3.687243969e-03
3.829000000e-04,5.000000000e+00,4.631459920e+00,4.262920024e+00,-3.685400809e-03
3.830000000e-04,5.000000000e+00,4.631644144e+00,4.263288472e+00,-3.683558569e-03
3.831000000e-04,5.000000000e+00,4.631828275e+00,4.263656735e+00,-3.681717251e-03
3.832000000e-04,5.000000000e+00,4.632012315e+00,4.264024815e+00,-3.679876853e-03
3.833000000e-04,5.000000000e+00,4.632196263e+00,4.264392710e+00,-3.678037375e-03
3.834000000e-04,5.000000000e+00,4.632380119e+00,4.264760422e+00,-3.676198816e-03
3.835000000e-04,5.000000000e+00,4.632563883e+00,4.265127950e+00,-3.674361177e-03
3.836000000e-04,5.000000000e+00,4.632747555e+00,4.265495294e+00,-3.672524456e-03
3.837000000e-04,5.000000000e+00,4.632931135e+00,4.265862454e+00,-3.670688653e-03
3.838000000e-04,5.000000000e+00,4.633114624e+00,4.266229431e+00,-3.668853768e-03
3.839000000e-04,5.000000000e+00,4.633298021e+00,4.266596225e+00,-3.667019800e-03
3.840000000e-04,5.000000000e+00,4.633481326e+00,4.266962835e+00,-3.665186749e-03
3.841000000e-04,5.000000000e+00,4.633664539e+00,4.267329262e+00,-3.663354614e-03
3.842000000e-04,5.000000000e+00,4.633847661e+00,4.267695506e+00,-3.661523395e-03
3.843000000e-04,5.000000000e+00,4.634030691e+00,4.268061566e+00,-3.659693091e-03
3.844000000e-04,5.000000000e+00,4.634213630e+00,4.268427444e+00,-3.657863703e-03
3.845000000e-04,5.000000000e+00,4.634396478e+00,4.268793139e+00,-3.656035228e-03
3.846000000e-04,5.000000000e+00,4.634579234e+00,4.269158651e+00,-3.654207668e-03
3.847000000e-04,5.000000000e+00,4.634761898e+00,4.269523980e+00,-3.652381021e-03
3.848000000e-04,5.000000000e+00,4.634944472e+00,4.269889126e+00,-3.650555288e-03
3.849000000e-04,5.000000000e+00,4.635126954e+00,4.270254091e+00,-3.648730467e-03
3.850000000e-04,5.000000000e+00,4.635309345e+00,4.270618872e+00,-3.646906558e-03
3.851000000e-04,5.000000000e+00,4.635491644e+00,4.270983472e+00,-3.645083561e-03
3.852000000e-04,5.000000000e+00,4.635673853e+00,4.271347889e+00,-3.643261475e-03
3.853000000e-04,5.000000000e+00,4.635855970e+00,4.271712123e+00,-3.641440300e-03
3.854000000e-04,5.000000000e+00,4.636037997e+00,4.272076176e+00,-3.639620036e-03
3.855000000e-04,5.000000000e+00,4.636219932e+00,4.272440047e+00,-3.637800681e-03
3.856000000e-04,5.000000000e+00,4.636401777e+00,4.272803736e+00,-3.635982236e-03
3.857000000e-04,5.000000000e+00,4.636583531e+00,4.273167243e+00,-3.634164700e-03
3.858000000e-04,5.000000000e+00,4.636765193e+00,4.273530569e+00,-3.632348072e-03
3.859000000e-04,5.000000000e+00,4.636946765e+00,4.273893713e+00,-3.630532352e-03
3.860000000e-04,5.000000000e+00,4.637128246e+00,4.274256675e+00,-3.628717540e-03
3.861000000e-04,5.000000000e+00,4.637309637e+00,4.274619456e+00,-3.626903635e-03
3.862000000e-04,5.000000000e+00,4.637490937e+00,4.274982055e+00,-3.625090637e-03
3.863000000e-04,5.000000000e+00,4.637672146e+00,4.275344474e+00,-3.623278545e-03
3.864000000e-04,5.000000000e+00,4.637853265e+00,4.275706711e+00,-3.621467359e-03
3.865000000e-04,5.000000000e+00,4.638034293e+00,4.276068767e+00,-3.619657079e-03
3.866000000e-04,5.000000000e+00,4.638215230e+00,4.276430642e+00,-3.617847703e-03
3.867000000e-04,5.000000000e+00,4.638396077e+00,4.276792336e+00,-3.616039232e-03
3.868000000e-04,5.000000000e+00,4.638576834e+00,4.277153849e+00,-3.614231665e-03
3.869000000e-04,5.000000000e+00,4.638757500e+00,4.277515182e+00,-3.612425001e-03
3.870000000e-04,5.000000000e+00,4.638938076e+00,4.277876334e+00,-3.610619240e-03
3.871000000e-04,5.000000000e+00,4.639118562e+00,4.278237305e+00,-3.608814382e-03
3.872000000e-04,5.000000000e+00,4.639298958e+00,4.278598096e+00,-3.607010427e-03
3.873000000e-04,5.000000000e+00,4.639479263e+00,4.278958707e+00,-3.605207373e-03
3.874000000e-04,5.000000000e+00,4.639659478e+00,4.279319138e+00,-3.603405220e-03
3.875000000e-04,5.000000000e+00,4.639839604e+00,4.279679388e+00,-3.601603968e-03
3.876000000e-04,5.000000000e+00,4.640019639e+00,4.280039458e+00,-3.599803617e-03
3.877000000e-04,5.000000000e+00,4.640199584e+00,4.280399348e+00,-3.598004165e-03
3.878000000e-04,5.000000000e+00,4.640379439e+00,4.280759059e+00,-3.596205613e-03
3.879000000e-04,5.000000000e+00,4.640559204e+00,4.281118589e+00,-3.594407960e-03
3.880000000e-04,5.000000000e+00,4.640738880e+00,4.281477940e+00,-3.592611206e-03
3.881000000e-04,5.000000000e+00,4.640918466e+00,4.281837111e+00,-3.590815350e-03
3.882000000e-04,5.000000000e+00,4.641097961e+00,4.282196103e+00,-3.589020392e-03
3.883000000e-04,5.000000000e+00,4.641277367e+00,4.282554915e+00,-3.587226330e-03
3.884000000e-04,5.000000000e+00,4.641456684e+00,4.282913548e+00,-3.585433166e-03
3.885000000e-04,5.000000000e+00,4.641635911e+00,4.283272001e+00,-3.583640898e-03
3.886000000e-04,5.000000000e+00,4.641815048e+00,4.283630275e+00,-3.581849526e-03
3.887000000e-04,5.000000000e+00,4.641994096e+00,4.283988371e+00,-3.580059049e-03
3.888000000e-04,5.000000000e+00,4.642173054e+00,4.284346287e+00,-3.578269467e-03
3.889000000e-04,5.000000000e+00,4.642351922e+00,4.284704024e+00,-3.576480780e-03
3.890000000e-04,5.000000000e+00,4.642530702e+00,4.285061583e+00,-3.574692987e-03
3.891000000e-04,5.000000000e+00,4.642709392e+00,4.285418962e+00,-3.572906088e-03
3.892000000e-04,5.000000000e+00,4.642887992e+00,4.285776164e+00,-3.571120082e-03
3.893000000e-04,5.000000000e+00,4.643066504e+00,4.286133186e+00,-3.569334969e-03
3.894000000e-04,5.000000000e+00,4.643244926e+00,4.286490030e+00,-3.567550748e-03
3.895000000e-04,5.000000000e+00,4.643423259e+00,4.286846696e+00,-3.565767419e-03
3.896000000e-04,5.000000000e+00,4.643601502e+00,4.287203183e+00,-3.563984981e-03
3.897000000e-04,5.000000000e+00,4.643779657e+00,4.287559493e+00,-3.562203434e-03
3.898000000e-04,5.000000000e+00,4.643957723e+00,4.287915624e+00,-3.560422778e-03
3.899000000e-04,5.000000000e+00,4.644135699e+00,4.288271577e+00,-3.558643012e-03
3.900000000e-04,5.000000000e+00,4.644313587e+00,4.288627352e+00,-3.556864136e-03
3.901000000e-04,5.000000000e+00,4.644491386e+00,4.288982949e+00,-3.555086149e-03
3.902000000e-04,5.000000000e+00,4.644669095e+00,4.289338369e+00,-3.553309051e-03
3.903000000e-04,5.000000000e+00,4.644846716e+00,4.289693611e+00,-3.551532841e-03
3.904000000e-04,5.000000000e+00,4.645024249e+00,4.290048675e+00,-3.549757518e-03
3.905000000e-04,5.000000000e+00,4.645201692e+00,4.290403562e+00,-3.547983084e-03
3.906000000e-04,5.000000000e+00,4.645379047e+00,4.290758272e+00,-3.546209536e-03
3.907000000e-04,5.000000000e+00,4.645556313e+00,4.291112804e+00,-3.544436875e-03
3.908000000e-04,5.000000000e+00,4.645733491e+00,4.291467159e+00,-3.542665100e-03
3.909000000e-04,5.000000000e+00,4.645910579e+00,4.291821336e+00,-3.540894211e-03
3.910000000e-04,5.000000000e+00,4.646087580e+00,4.292175337e+00,-3.539124206e-03
3.911000000e-04,5.000000000e+00,4.646264492e+00,4.292529161e+00,-3.537355087e-03
3.912000000e-04,5.000000000e+00,4.646441315e+00,4.292882808e+00,-3.535586852e-03
3.913000000e-04,5.000000000e+00,4.646618050e+00,4.293236278e+00,-3.533819501e-03
3.914000000e-04,5.000000000e+00,4.646794697e+00,4.293589571e+00,-3.532053033e-03
3.915000000e-04,5.000000000e+00,4.646971256e+00,4.293942688e+00,-3.530287449e-03
3.916000000e-04,5.000000000e+00,4.647147726e+00,4.294295629e+00,-3.528522747e-03
3.917000000e-04,5.000000000e+00,4.647324108e+00,4.294648392e+00,-3.526758927e-03
3.918000000e-04,5.000000000e+00,4.647500402e+00,4.295000980e+00,-3.524995988e-03
3.919000000e-04,5.000000000e+00,4.647676607e+00,4.295353391e+00,-3.523233931e-03
3.920000000e-04,5.000000000e+00,4.647852725e+00,4.295705627e+00,-3.521472755e-03
3.921000000e-04,5.000000000e+00,4.648028755e+00,4.296057686e+00,-3.519712459e-03
3.922000000e-04,5.000000000e+00,4.648204696e+00,4.296409569e+00,-3.517953043e-03
3.923000000e-04,5.000000000e+00,4.648380550e+00,4.296761276e+00,-3.516194507e-03
3.924000000e-04,5.000000000e+00,4.648556316e+00,4.297112807e+00,-3.514436850e-03
3.925000000e-04,5.000000000e+00,4.648731993e+00,4.297464163e+00,-3.512680071e-03
3.926000000e-04,5.000000000e+00,4.648907583e+00,4.297815343e+00,-3.510924170e-03
3.927000000e-04,5.000000000e+00,4.649083086e+00,4.298166347e+00,-3.509169147e-03
3.928000000e-04,5.000000000e+00,4.649258500e+00,4.298517176e+00,-3.507415002e-03
3.929000000e-04,5.000000000e+00,4.649433827e+00,4.298867830e+00,-3.505661733e-03
3.930000000e-04,5.000000000e+00,4.649609066e+00,4.299218309e+00,-3.503909341e-03
3.931000000e-04,5.000000000e+00,4.649784218e+00,4.299568612e+00,-3.502157824e-03
3.932000000e-04,5.000000000e+00,4.649959282e+00,4.299918740e+00,-3.500407184e-03
3.933000000e-04,5.000000000e+00,4.650134259e+00,4.300268693e+00,-3.498657418e-03
3.934000000e-04,5.000000000e+00,4.650309148e+00,4.300618471e+00,-3.496908527e-03
3.935000000e-04,5.000000000e+00,4.650483949e+00,4.300968074e+00,-3.495160510e-03
3.936000000e-04,5.000000000e+00,4.650658664e+00,4.301317503e+00,-3.493413367e-03
3.937000000e-04,5.000000000e+00,4.650833291e+00,4.301666757e+00,-3.491667098e-03
3.938000000e-04,5.000000000e+00,4.651007830e+00,4.302015836e+00,-3.489921701e-03
3.939000000e-04,5.000000000e+00,4.651182283e+00,4.302364741e+00,-3.488177177e-03
3.940000000e-04,5.000000000e+00,4.651356648e+00,4.302713471e+00,-3.486433524e-03
3.941000000e-04,5.000000000e+00,4.651530926e+00,4.303062027e+00,-3.484690744e-03
3.942000000e-04,5.000000000e+00,4.651705117e+00,4.303410409e+00,-3.482948834e-03
3.943000000e-04,5.000000000e+00,4.651879221e+00,4.303758616e+00,-3.481207796e-03
3.944000000e-04,5.000000000e+00,4.652053238e+00,4.304106650e+00,-3.479467627e-03
3.945000000e-04,5.000000000e+00,4.652227168e+00,4.304454510e+00,-3.477728329e-03
3.946000000e-04,5.000000000e+00,4.652401011e+00,4.304802195e+00,-3.475989900e-03
3.947000000e-04,5.000000000e+00,4.652574767e+00,4.305149707e+00,-3.474252339e-03
3.948000000e-04,5.000000000e+00,4.652748436e+00,4.305497046e+00,-3.472515648e-03
3.949000000e-04,5.000000000e+00,4.652922018e+00,4.305844210e+00,-3.470779824e-03
3.950000000e-04,5.000000000e+00,4.653095514e+00,4.306191201e+00,-3.469044869e-03
3.951000000e-04,5.000000000e+00,4.653268922e+00,4.306538019e+00,-3.467310780e-03
3.952000000e-04,5.000000000e+00,4.653442245e+00,4.306884663e+00,-3.465577559e-03
3.953000000e-04,5.000000000e+00,4.653615480e+00,4.307231134e+00,-3.463845203e-03
3.954000000e-04,5.000000000e+00,4.653788629e+00,4.307577432e+00,-3.462113714e-03
3.955000000e-04,5.000000000e+00,4.653961691e+00,4.307923556e+00,-3.460383090e-03
3.956000000e-04,5.000000000e+00,4.654134667e+00,4.308269508e+00,-3.458653332e-03
3.957000000e-04,5.000000000e+00,4.654307557e+00,4.308615287e+00,-3.456924438e-03
3.958000000e-04,5.000000000e+00,4.654480360e+00,4.308960893e+00,-3.455196408e-03
3.959000000e-04,5.000000000e+00,4.654653076e+00,4.309306326e+00,-3.453469242e-03
3.960000000e-04,5.000000000e+00,4.654825707e+00,4.309651586e+00,-3.451742940e-03
3.961000000e-04,5.000000000e+00,4.654998251e+00,4.309996674e+00,-3.450017500e-03
3.962000000e-04,5.000000000e+00,4.655170708e+00,4.310341589e+00,-3.448292923e-03
3.963000000e-04,5.000000000e+00,4.655343080e+00,4.310686332e+00,-3.446569208e-03
3.964000000e-04,5.000000000e+00,4.655515365e+00,4.311030903e+00,-3.444846354e-03
3.965000000e-04,5.000000000e+00,4.655687564e+00,4.311375301e+00,-3.443124362e-03
3.966000000e-04,5.000000000e+00,4.655859677e+00,4.311719527e+00,-3.441403231e-03
3.967000000e-04,5.000000000e+00,4.656031705e+00,4.312063582e+00,-3.439682959e-03
3.968000000e-04,5.000000000e+00,4.656203646e+00,4.312407464e+00,-3.437963548e-03
3.969000000e-04,5.000000000e+00,4.656375501e+00,4.312751174e+00,-3.436244997e-03
3.970000000e-04,5.000000000e+00,4.656547270e+00,4.313094712e+00,-3.434527304e-03
3.971000000e-04,5.000000000e+00,4.656718954e+00,4.313438079e+00,-3.432810470e-03
3.972000000e-04,5.000000000e+00,4.656890551e+00,4.313781274e+00,-3.431094494e-03
3.973000000e-04,5.000000000e+00,4.657062063e+00,4.314124298e+00,-3.429379376e-03
3.974000000e-04,5.000000000e+00,4.657233489e+00,4.314467150e+00,-3.427665116e-03
3.975000000e-04,5.000000000e+00,4.657404829e+00,4.314809830e+00,-3.425951712e-03
3.976000000e-04,5.000000000e+00,4.657576084e+00,4.315152340e+00,-3.424239165e-03
3.977000000e-04,5.000000000e+00,4.657747253e+00,4.315494678e+00,-3.422527473e-03
3.978000000e-04,5.000000000e+00,4.657918337e+00,4.315836845e+00,-3.420816638e-03
3.979000000e-04,5.000000000e+00,4.658089335e+00,4.316178841e+00,-3.419106657e-03
3.980000000e-04,5.000000000e+00,4.658260247e+00,4.316520666e+00,-3.417397532e-03
3.981000000e-04,5.000000000e+00,4.658431074e+00,4.316862320e+00,-3.415689261e-03
3.982000000e-04,5.000000000e+00,4.658601816e+00,4.317203804e+00,-3.413981843e-03
3.983000000e-04,5.000000000e+00,4.658772473e+00,4.317545116e+00,-3.412275279e-03
3.984000000e-04,5.000000000e+00,4.658943044e+00,4.317886258e+00,-3.410569569e-03
3.985000000e-04,5.000000000e+00,4.659113529e+00,4.318227230e+00,-3.408864710e-03
3.986000000e-04,5.000000000e+00,4.659283930e+00,4.318568031e+00,-3.407160705e-03
3.987000000e-04,5.000000000e+00,4.659454245e+00,4.318908662e+00,-3.405457550e-03
3.988000000e-04,5.000000000e+00,4.659624476e+00,4.319249122e+00,-3.403755248e-03
3.989000000e-04,5.000000000e+00,4.659794621e+00,4.319589412e+00,-3.402053796e-03
3.990000000e-04,5.000000000e+00,4.659964681e+00,4.319929533e+00,-3.400353195e-03
3.991000000e-04,5.000000000e+00,4.660134656e+00,4.320269483e+00,-3.398653443e-03
3.992000000e-04,5.000000000e+00,4.660304546e+00,4.320609263e+00,-3.396954542e-03
3.993000000e-04,5.000000000e+00,4.660474352e+00,4.320948873e+00,-3.395256490e-03
3.994000000e-04,5.000000000e+00,4.660644072e+00,4.321288314e+00,-3.393559286e-03
3.995000000e-04,5.000000000e+00,4.660813707e+00,4.321627585e+00,-3.391862931e-03
3.996000000e-04,5.000000000e+00,4.660983258e+00,4.321966686e+00,-3.390167424e-03
3.997000000e-04,5.000000000e+00,4.661152724e+00,4.322305618e+00,-3.388472764e-03
3.998000000e-04,5.000000000e+00,4.661322105e+00,4.322644380e+00,-3.386778952e-03
3.999000000e-04,5.000000000e+00,4.661491402e+00,4.322982974e+00,-3.385085986e-03
4.000000000e-04,5.000000000e+00,4.661660614e+00,4.323321397e+00,-3.383393866e-03
4.001000000e-04,5.000000000e+00,4.661829741e+00,4.323659652e+00,-3.381702593e-03
4.002000000e-04,5.000000000e+00,4.661998784e+00,4.323997738e+00,-3.380012165e-03
4.003000000e-04,5.000000000e+00,4.662167742e+00,4.324335654e+00,-3.378322581e-03
4.004000000e-04,5.000000000e+00,4.662336616e+00,4.324673402e+00,-3.376633843e-03
4.005000000e-04,5.000000000e+00,4.662505406e+00,4.325010981e+00,-3.374945948e-03
4.006000000e-04,5.000000000e+00,4.662674111e+00,4.325348391e+00,-3.373258897e-03
4.007000000e-04,5.000000000e+00,4.662842732e+00,4.325685632e+00,-3.371572690e-03
4.008000000e-04,5.000000000e+00,4.663011268e+00,4.326022705e+00,-3.369887325e-03
4.009000000e-04,5.000000000e+00,4.663179720e+00,4.326359609e+00,-3.368202803e-03
4.010000000e-04,5.000000000e+00,4.663348088e+00,4.326696345e+00,-3.366519123e-03
4.011000000e-04,5.000000000e+00,4.663516372e+00,4.327032913e+00,-3.364836285e-03
4.012000000e-04,5.000000000e+00,4.663684572e+00,4.327369312e+00,-3.363154288e-03
4.013000000e-04,5.000000000e+00,4.663852687e+00,4.327705543e+00,-3.361473131e-03
4.014000000e-04,5.000000000e+00,4.664020719e+00,4.328041606e+00,-3.359792815e-03
4.015000000e-04,5.000000000e+00,4.664188667e+00,4.328377502e+00,-3.358113339e-03
4.016000000e-04,5.000000000e+00,4.664356530e+00,4.328713229e+00,-3.356434703e-03
4.017000000e-04,5.000000000e+00,4.664524310e+00,4.329048788e+00,-3.354756905e-03
4.018000000e-04,5.000000000e+00,4.664692006e+00,4.329384180e+00,-3.353079946e-03
4.019000000e-04,5.000000000e+00,4.664859618e+00,4.329719404e+00,-3.351403826e-03
4.020000000e-04,5.000000000e+00,4.665027146e+00,4.330054460e+00,-3.349728543e-03
4.021000000e-04,5.000000000e+00,4.665194591e+00,4.330389349e+00,-3.348054098e-03
4.022000000e-04,5.000000000e+00,4.665361952e+00,4.330724071e+00,-3.346380490e-03
4.023000000e-04,5.000000000e+00,4.665529229e+00,4.331058625e+00,-3.344707718e-03
4.024000000e-04,5.000000000e+00,4.665696422e+00,4.331393012e+00,-3.343035783e-03
4.025000000e-04,5.000000000e+00,4.665863532e+00,4.331727232e+00,-3.341364683e-03
4.026000000e-04,5.000000000e+00,4.666030559e+00,4.332061285e+00,-3.339694419e-03
4.027000000e-04,5.000000000e+00,4.666197502e+00,4.332395171e+00,-3.338024989e-03
4.028000000e-04,5.000000000e+00,4.666364361e+00,4.332728889e+00,-3.336356394e-03
4.029000000e-04,5.000000000e+00,4.666531137e+00,4.333062441e+00,-3.334688634e-03
4.030000000e-04,5.000000000e+00,4.666697830e+00,4.333395827e+00,-3.333021706e-03
4.031000000e-04,5.000000000e+00,4.666864439e+00,4.333729046e+00,-3.331355613e-03
4.032000000e-04,5.000000000e+00,4.667030965e+00,4.334062098e+00,-3.329690351e-03
4.033000000e-04,5.000000000e+00,4.667197408e+00,4.334394983e+00,-3.328025923e-03
4.034000000e-04,5.000000000e+00,4.667363768e+00,4.334727703e+00,-3.326362326e-03
4.035000000e-04,5.000000000e+00,4.667530044e+00,4.335060255e+00,-3.324699561e-03
4.036000000e-04,5.000000000e+00,4.667696238e+00,4.335392642e+00,-3.323037627e-03
4.037000000e-04,5.000000000e+00,4.667862348e+00,4.335724863e+00,-3.321376524e-03
4.038000000e-04,5.000000000e+00,4.668028375e+00,4.336056917e+00,-3.319716251e-03
4.039000000e-04,5.000000000e+00,4.668194320e+00,4.336388806e+00,-3.318056809e-03
4.040000000e-04,5.000000000e+00,4.668360181e+00,4.336720528e+00,-3.316398195e-03
4.041000000e-04,5.000000000e+00,4.668525959e+00,4.337052085e+00,-3.314740411e-03
4.042000000e-04,5.000000000e+00,4.668691655e+00,4.337383476e+00,-3.313083456e-03
4.043000000e-04,5.000000000e+00,4.668857268e+00,4.337714701e+00,-3.311427328e-03
4.044000000e-04,5.000000000e+00,4.669022798e+00,4.338045761e+00,-3.309772029e-03
4.045000000e-04,5.000000000e+00,4.669188245e+00,4.338376655e+00,-3.308117557e-03
4.046000000e-04,5.000000000e+00,4.669353609e+00,4.338707384e+00,-3.306463912e-03
4.047000000e-04,5.000000000e+00,4.669518891e+00,4.339037948e+00,-3.304811094e-03
4.048000000e-04,5.000000000e+00,4.669684090e+00,4.339368346e+00,-3.303159102e-03
4.049000000e-04,5.000000000e+00,4.669849207e+00,4.339698579e+00,-3.301507935e-03
4.050000000e-04,5.000000000e+00,4.670014241e+00,4.340028648e+00,-3.299857594e-03
4.051000000e-04,5.000000000e+00,4.670179193e+00,4.340358551e+00,-3.298208078e-03
4.052000000e-04,5.000000000e+00,4.670344062e+00,4.340688289e+00,-3.296559387e-03
4.053000000e-04,5.000000000e+00,4.670508849e+00,4.341017862e+00,-3.294911520e-03
4.054000000e-04,5.000000000e+00,4.670673553e+00,4.341347271e+00,-3.293264476e-03
4.055000000e-04,5.000000000e+00,4.670838175e+00,4.341676515e+00,-3.291618256e-03
4.056000000e-04,5.000000000e+00,4.671002715e+00,4.342005594e+00,-3.289972859e-03
4.057000000e-04,5.000000000e+00,4.671167172e+00,4.342334509e+00,-3.288328284e-03
4.058000000e-04,5.000000000e+00,4.671331547e+00,4.342663260e+00,-3.286684531e-03
4.059000000e-04,5.000000000e+00,4.671495841e+00,4.342991846e+00,-3.285041600e-03
4.060000000e-04,5.000000000e+00,4.671660052e+00,4.343320268e+00,-3.283399490e-03
4.061000000e-04,5.000000000e+00,4.671824180e+00,4.343648525e+00,-3.281758201e-03
4.062000000e-04,5.000000000e+00,4.671988227e+00,4.343976619e+00,-3.280117732e-03
4.063000000e-04,5.000000000e+00,4.672152192e+00,4.344304549e+00,-3.278478084e-03
4.064000000e-04,5.000000000e+00,4.672316075e+00,4.344632314e+00,-3.276839255e-03
4.065000000e-04,5.000000000e+00,4.672479876e+00,4.344959916e+00,-3.275201245e-03
4.066000000e-04,5.000000000e+00,4.672643595e+00,4.345287354e+00,-3.273564054e-03
4.067000000e-04,5.000000000e+00,4.672807232e+00,4.345614629e+00,-3.271927682e-03
4.068000000e-04,5.000000000e+00,4.672970788e+00,4.345941740e+00,-3.270292127e-03
4.069000000e-04,5.000000000e+00,4.673134261e+00,4.346268687e+00,-3.268657390e-03
4.070000000e-04,5.000000000e+00,4.673297653e+00,4.346595471e+00,-3.267023471e-03
4.071000000e-04,5.000000000e+00,4.673460964e+00,4.346922091e+00,-3.265390368e-03
4.072000000e-04,5.000000000e+00,4.673624192e+00,4.347248548e+00,-3.263758081e-03
4.073000000e-04,5.000000000e+00,4.673787339e+00,4.347574843e+00,-3.262126610e-03
4.074000000e-04,5.000000000e+00,4.673950405e+00,4.347900973e+00,-3.260495955e-03
4.075000000e-04,5.000000000e+00,4.674113389e+00,4.348226941e+00,-3.258866115e-03
4.076000000e-04,5.000000000e+00,4.674276292e+00,4.348552746e+00,-3.257237090e-03
4.077000000e-04,5.000000000e+00,4.674439113e+00,4.348878389e+00,-3.255608879e-03
4.078000000e-04,5.000000000e+00,4.674601852e+00,4.349203868e+00,-3.253981481e-03
4.079000000e-04,5.000000000e+00,4.674764511e+00,4.349529185e+00,-3.252354898e-03
4.080000000e-04,5.000000000e+00,4.674927088e+00,4.349854339e+00,-3.250729127e-03
4.081000000e-04,5.000000000e+00,4.675089584e+00,4.350179330e+00,-3.249104169e-03
4.082000000e-04,5.000000000e+00,4.675251998e+00,4.350504159e+00,-3.247480024e-03
4.083000000e-04,5.000000000e+00,4.675414332e+00,4.350828826e+00,-3.245856690e-03
4.084000000e-04,5.000000000e+00,4.675576584e+00,4.351153330e+00,-3.244234168e-03
4.085000000e-04,5.000000000e+00,4.675738755e+00,4.351477672e+00,-3.242612456e-03
4.086000000e-04,5.000000000e+00,4.675900845e+00,4.351801852e+00,-3.240991556e-03
4.087000000e-04,5.000000000e+00,4.676062854e+00,4.352125870e+00,-3.239371465e-03
4.088000000e-04,5.000000000e+00,4.676224782e+00,4.352449726e+00,-3.237752185e-03
4.089000000e-04,5.000000000e+00,4.676386629e+00,4.352773420e+00,-3.236133714e-03
4.090000000e-04,5.000000000e+00,4.676548395e+00,4.353096953e+00,-3.234516052e-03
4.091000000e-04,5.000000000e+00,4.676710081e+00,4.353420323e+00,-3.232899199e-03
4.092000000e-04,5.000000000e+00,4.676871685e+00,4.353743532e+00,-3.231283153e-03
4.093000000e-04,5.000000000e+00,4.677033209e+00,4.354066580e+00,-3.229667916e-03
4.094000000e-04,5.000000000e+00,4.677194652e+00,4.354389466e+00,-3.228053486e-03
4.095000000e-04,5.000000000e+00,4.677356014e+00,4.354712190e+00,-3.226439863e-03
4.096000000e-04,5.000000000e+00,4.677517296e+00,4.355034753e+00,-3.224827047e-03
4.097000000e-04,5.000000000e+00,4.677678497e+00,4.355357155e+00,-3.223215037e-03
4.098000000e-04,5.000000000e+00,4.677839617e+00,4.355679396e+00,-3.221603833e-03
4.099000000e-04,5.000000000e+00,4.678000657e+00,4.356001476e+00,-3.219993434e-03
4.100000000e-04,5.000000000e+00,4.678161617e+00,4.356323394e+00,-3.218383840e-03
4.101000000e-04,5.000000000e+00,4.678322495e+00,4.356645152e+00,-3.216775050e-03
4.102000000e-04,5.000000000e+00,4.678483294e+00,4.356966749e+00,-3.215167065e-03
4.103000000e-04,5.000000000e+00,4.678644012e+00,4.357288185e+00,-3.213559884e-03
4.104000000e-04,5.000000000e+00,4.678804650e+00,4.357609461e+00,-3.211953506e-03
4.105000000e-04,5.000000000e+00,4.678965207e+00,4.357930576e+00,-3.210347931e-03
4.106000000e-04,5.000000000e+00,4.679125685e+00,4.358251530e+00,-3.208743159e-03
4.107000000e-04,5.000000000e+00,4.679286082e+00,4.358572324e+00,-3.207139189e-03
4.108000000e-04,5.000000000e+00,4.679446398e+00,4.358892958e+00,-3.205536020e-03
4.109000000e-04,5.000000000e+00,4.679606635e+00,4.359213431e+00,-3.203933653e-03
4.110000000e-04,5.000000000e+00,4.679766792e+00,4.359533744e+00,-3.202332087e-03
4.111000000e-04,5.000000000e+00,4.679926868e+00,4.359853897e+00,-3.200731322e-03
4.112000000e-04,5.000000000e+00,4.680086865e+00,4.360173890e+00,-3.199131357e-03
4.113000000e-04,5.000000000e+00,4.680246781e+00,4.360493723e+00,-3.197532191e-03
4.114000000e-04,5.000000000e+00,4.680406618e+00,4.360813396e+00,-3.195933825e-03
4.115000000e-04,5.000000000e+00,4.680566375e+00,4.361132910e+00,-3.194336258e-03
4.116000000e-04,5.000000000e+00,4.680726052e+00,4.361452263e+00,-3.192739489e-03
4.117000000e-04,5.000000000e+00,4.680885649e+00,4.361771457e+00,-3.191143519e-03
4.118000000e-04,5.000000000e+00,4.681045166e+00,4.362090492e+00,-3.189548347e-03
4.119000000e-04,5.000000000e+00,4.681204603e+00,4.362409367e+00,-3.187953971e-03
4.120000000e-04,5.000000000e+00,4.681363961e+00,4.362728082e+00,-3.186360393e-03
4.121000000e-04,5.000000000e+00,4.681523239e+00,4.363046638e+00,-3.184767612e-03
4.122000000e-04,5.000000000e+00,4.681682438e+00,4.363365035e+00,-3.183175626e-03
4.123000000e-04,5.000000000e+00,4.681841557e+00,4.363683273e+00,-3.181584437e-03
4.124000000e-04,5.000000000e+00,4.682000596e+00,4.364001352e+00,-3.179994042e-03
4.125000000e-04,5.000000000e+00,4.682159556e+00,4.364319272e+00,-3.178404443e-03
4.126000000e-04,5.000000000e+00,4.682318437e+00,4.364637033e+00,-3.176815639e-03
4.127000000e-04,5.000000000e+00,4.682477238e+00,4.364954635e+00,-3.175227628e-03
4.128000000e-04,5.000000000e+00,4.682635959e+00,4.365272078e+00,-3.173640412e-03
4.129000000e-04,5.000000000e+00,4.682794602e+00,4.365589362e+00,-3.172053989e-03
4.130000000e-04,5.000000000e+00,4.682953165e+00,4.365906488e+00,-3.170468358e-03
4.131000000e-04,5.000000000e+00,4.683111648e+00,4.366223456e+00,-3.168883521e-03
4.132000000e-04,5.000000000e+00,4.683270053e+00,4.366540265e+00,-3.167299475e-03
4.133000000e-04,5.000000000e+00,4.683428378e+00,4.366856915e+00,-3.165716222e-03
4.134000000e-04,5.000000000e+00,4.683586625e+00,4.367173408e+00,-3.164133760e-03
4.135000000e-04,5.000000000e+00,4.683744792e+00,4.367489742e+00,-3.162552089e-03
4.136000000e-04,5.000000000e+00,4.683902880e+00,4.367805918e+00,-3.160971208e-03
4.137000000e-04,5.000000000e+00,4.684060889e+00,4.368121936e+00,-3.159391118e-03
4.138000000e-04,5.000000000e+00,4.684218819e+00,4.368437796e+00,-3.157811818e-03
4.139000000e-04,5.000000000e+00,4.684376670e+00,4.368753498e+00,-3.156233307e-03
4.140000000e-04,5.000000000e+00,4.684534442e+00,4.369069042e+00,-3.154655585e-03
4.141000000e-04,5.000000000e+00,4.684692135e+00,4.369384429e+00,-3.153078652e-03
4.142000000e-04,5.000000000e+00,4.684849750e+00,4.369699658e+00,-3.151502507e-03
4.143000000e-04,5.000000000e+00,4.685007285e+00,4.370014729e+00,-3.149927150e-03
4.144000000e-04,5.000000000e+00,4.685164742e+00,4.370329643e+00,-3.148352581e-03
4.145000000e-04,5.000000000e+00,4.685322121e+00,4.370644399e+00,-3.146778798e-03
4.146000000e-04,5.000000000e+00,4.685479420e+00,4.370958998e+00,-3.145205803e-03
4.147000000e-04,5.000000000e+00,4.685636641e+00,4.371273440e+00,-3.143633593e-03
4.148000000e-04,5.000000000e+00,4.685793784e+00,4.371587725e+00,-3.142062170e-03
4.149000000e-04,5.000000000e+00,4.685950847e+00,4.371901852e+00,-3.140491532e-03
4.150000000e-04,5.000000000e+00,4.686107833e+00,4.372215823e+00,-3.138921679e-03
4.151000000e-04,5.000000000e+00,4.686264739e+00,4.372529636e+00,-3.137352611e-03
4.152000000e-04,5.000000000e+00,4.686421568e+00,4.372843293e+00,-3.135784327e-03
4.153000000e-04,5.000000000e+00,4.686578318e+00,4.373156793e+00,-3.134216827e-03
4.154000000e-04,5.000000000e+00,4.686734989e+00,4.373470136e+00,-3.132650111e-03
4.155000000e-04,5.000000000e+00,4.686891583e+00,4.373783323e+00,-3.131084177e-03
4.156000000e-04,5.000000000e+00,4.687048098e+00,4.374096353e+00,-3.129519027e-03
4.157000000e-04,5.000000000e+00,4.687204535e+00,4.374409226e+00,-3.127954659e-03
4.158000000e-04,5.000000000e+00,4.687360893e+00,4.374721943e+00,-3.126391073e-03
4.159000000e-04,5.000000000e+00,4.687517174e+00,4.375034504e+00,-3.124828269e-03
4.160000000e-04,5.000000000e+00,4.687673376e+00,4.375346909e+00,-3.123266245e-03
4.161000000e-04,5.000000000e+00,4.687829500e+00,4.375659157e+00,-3.121705003e-03
4.162000000e-04,5.000000000e+00,4.687985546e+00,4.375971249e+00,-3.120144541e-03
4.163000000e-04,5.000000000e+00,4.688141515e+00,4.376283186e+00,-3.118584859e-03
4.164000000e-04,5.000000000e+00,4.688297405e+00,4.376594966e+00,-3.117025957e-03
4.165000000e-04,5.000000000e+00,4.688453217e+00,4.376906590e+00,-3.115467834e-03
4.166000000e-04,5.000000000e+00,4.688608952e+00,4.377218059e+00,-3.113910490e-03
4.167000000e-04,5.000000000e+00,4.688764608e+00,4.377529372e+00,-3.112353924e-03
4.168000000e-04,5.000000000e+00,4.688920187e+00,4.377840530e+00,-3.110798136e-03
4.169000000e-04,5.000000000e+00,4.689075688e+00,4.378151532e+00,-3.109243126e-03
4.170000000e-04,5.000000000e+00,4.689231111e+00,4.378462378e+00,-3.107688894e-03
4.171000000e-04,5.000000000e+00,4.689386457e+00,4.378773069e+00,-3.106135438e-03
4.172000000e-04,5.000000000e+00,4.689541725e+00,4.379083605e+00,-3.104582759e-03
4.173000000e-04,5.000000000e+00,4.689696915e+00,4.379393985e+00,-3.103030856e-03
4.174000000e-04,5.000000000e+00,4.689852028e+00,4.379704211e+00,-3.101479729e-03
4.175000000e-04,5.000000000e+00,4.690007063e+00,4.380014281e+00,-3.099929377e-03
4.176000000e-04,5.000000000e+00,4.690162020e+00,4.380324196e+00,-3.098379800e-03
4.177000000e-04,5.000000000e+00,4.690316901e+00,4.380633957e+00,-3.096830998e-03
4.178000000e-04,5.000000000e+00,4.690471704e+00,4.380943562e+00,-3.095282970e-03
4.179000000e-04,5.000000000e+00,4.690626429e+00,4.381253013e+00,-3.093735715e-03
4.180000000e-04,5.000000000e+00,4.690781077e+00,4.381562309e+00,-3.092189235e-03
4.181000000e-04,5.000000000e+00,4.690935648e+00,4.381871451e+00,-3.090643527e-03
4.182000000e-04,5.000000000e+00,4.691090141e+00,4.382180438e+00,-3.089098592e-03
4.183000000e-04,5.000000000e+00,4.691244558e+00,4.382489270e+00,-3.087554429e-03
4.184000000e-04,5.000000000e+00,4.691398897e+00,4.382797948e+00,-3.086011038e-03
4.185000000e-04,5.000000000e+00,4.691553159e+00,4.383106472e+00,-3.084468418e-03
4.186000000e-04,5.000000000e+00,4.691707343e+00,4.383414842e+00,-3.082926570e-03
4.187000000e-04,5.000000000e+00,4.691861451e+00,4.383723057e+00,-3.081385492e-03
4.188000000e-04,5.000000000e+00,4.692015482e+00,4.384031118e+00,-3.079845185e-03
4.189000000e-04,5.000000000e+00,4.692169436e+00,4.384339026e+00,-3.078305648e-03
4.190000000e-04,5.000000000e+00,4.692323312e+00,4.384646779e+00,-3.076766880e-03
4.191000000e-04,5.000000000e+00,4.692477112e+00,4.384954379e+00,-3.075228882e-03
4.192000000e-04,5.000000000e+00,4.692630835e+00,4.385261825e+00,-3.073691652e-03
4.193000000e-04,5.000000000e+00,4.692784481e+00,4.385569117e+00,-3.072155191e-03
4.194000000e-04,5.000000000e+00,4.692938051e+00,4.385876256e+00,-3.070619497e-03
4.195000000e-04,5.000000000e+00,4.693091543e+00,4.386183241e+00,-3.069084572e-03
4.196000000e-04,5.000000000e+00,4.693244959e+00,4.386490072e+00,-3.067550413e-03
4.197000000e-04,5.000000000e+00,4.693398298e+00,4.386796750e+00,-3.066017022e-03
4.198000000e-04,5.000000000e+00,4.693551561e+00,4.387103275e+00,-3.064484397e-03
4.199000000e-04,5.000000000e+00,4.693704747e+00,4.387409647e+00,-3.062952538e-03
4.200000000e-04,5.000000000e+00,4.693857856e+00,4.387715866e+00,-3.061421445e-03
4.201000000e-04,5.000000000e+00,4.694010889e+00,4.388021931e+00,-3.059891117e-03
4.202000000e-04,5.000000000e+00,4.694163845e+00,4.388327843e+00,-3.058361555e-03
4.203000000e-04,5.000000000e+00,4.694316725e+00,4.388633603e+00,-3.056832756e-03
4.204000000e-04,5.000000000e+00,4.694469528e+00,4.388939210e+00,-3.055304722e-03
4.205000000e-04,5.000000000e+00,4.694622255e+00,4.389244664e+00,-3.053777452e-03
4.206000000e-04,5.000000000e+00,4.694774906e+00,4.389549965e+00,-3.052250946e-03
4.207000000e-04,5.000000000e+00,4.694927480e+00,4.389855114e+00,-3.050725202e-03
4.208000000e-04,5.000000000e+00,4.695079978e+00,4.390160110e+00,-3.049200221e-03
4.209000000e-04,5.000000000e+00,4.695232400e+00,4.390464953e+00,-3.047676002e-03
4.210000000e-04,5.000000000e+00,4.695384746e+00,4.390769645e+00,-3.046152546e-03
4.211000000e-04,5.000000000e+00,4.695537015e+00,4.391074184e+00,-3.044629850e-03
4.212000000e-04,5.000000000e+00,4.695689209e+00,4.391378570e+00,-3.043107916e-03
4.213000000e-04,5.000000000e+00,4.695841326e+00,4.391682805e+00,-3.041586743e-03
4.214000000e-04,5.000000000e+00,4.695993367e+00,4.391986887e+00,-3.040066330e-03
4.215000000e-04,5.000000000e+00,4.696145333e+00,4.392290818e+00,-3.038546677e-03
4.216000000e-04,5.000000000e+00,4.696297222e+00,4.392594596e+00,-3.037027784e-03
4.217000000e-04,5.000000000e+00,4.696449035e+00,4.392898223e+00,-3.035509650e-03
4.218000000e-04,5.000000000e+00,4.696600773e+00,4.393201698e+00,-3.033992275e-03
4.219000000e-04,5.000000000e+00,4.696752435e+00,4.393505021e+00,-3.032475659e-03
4.220000000e-04,5.000000000e+00,4.696904020e+00,4.393808193e+00,-3.030959800e-03
4.221000000e-04,5.000000000e+00,4.697055531e+00,4.394111213e+00,-3.029444699e-03
4.222000000e-04,5.000000000e+00,4.697206965e+00,4.394414082e+00,-3.027930356e-03
4.223000000e-04,5.000000000e+00,4.697358324e+00,4.394716799e+00,-3.026416770e-03
4.224000000e-04,5.000000000e+00,4.697509607e+00,4.395019365e+00,-3.024903940e-03
4.225000000e-04,5.000000000e+00,4.697660814e+00,4.395321779e+00,-3.023391866e-03
4.226000000e-04,5.000000000e+00,4.697811946e+00,4.395624043e+00,-3.021880549e-03
4.227000000e-04,5.000000000e+00,4.697963002e+00,4.395926155e+00,-3.020369986e-03
4.228000000e-04,5.000000000e+00,4.698113983e+00,4.396228117e+00,-3.018860179e-03
4.229000000e-04,5.000000000e+00,4.698264888e+00,4.396529927e+00,-3.017351127e-03
4.230000000e-04,5.000000000e+00,4.698415718e+00,4.396831587e+00,-3.015842829e-03
4.231000000e-04,5.000000000e+00,4.698566472e+00,4.397133095e+00,-3.014335285e-03
4.232000000e-04,5.000000000e+00,4.698717151e+00,4.397434453e+00,-3.012828494e-03
4.233000000e-04,5.000000000e+00,4.698867755e+00,4.397735661e+00,-3.011322457e-03
4.234000000e-04,5.000000000e+00,4.699018283e+00,4.398036718e+00,-3.009817172e-03
4.235000000e-04,5.000000000e+00,4.699168736e+00,4.398337624e+00,-3.008312640e-03
4.236000000e-04,5.000000000e+00,4.699319114e+00,4.398638380e+00,-3.006808860e-03
4.237000000e-04,5.000000000e+00,4.699469417e+00,4.398938985e+00,-3.005305832e-03
4.238000000e-04,5.000000000e+00,4.699619645e+00,4.399239441e+00,-3.003803555e-03
4.239000000e-04,5.000000000e+00,4.699769798e+00,4.399539746e+00,-3.002302029e-03
4.240000000e-04,5.000000000e+00,4.699919875e+00,4.399839901e+00,-3.000801254e-03
4.241000000e-04,5.000000000e+00,4.700069878e+00,4.400139906e+00,-2.999301228e-03
4.242000000e-04,5.000000000e+00,4.700219805e+00,4.400439761e+00,-2.997801953e-03
4.243000000e-04,5.000000000e+00,4.700369658e+00,4.400739466e+00,-2.996303427e-03
4.244000000e-04,5.000000000e+00,4.700519435e+00,4.401039021e+00,-2.994805650e-03
4.245000000e-04,5.000000000e+00,4.700669138e+00,4.401338427e+00,-2.993308622e-03
4.246000000e-04,5.000000000e+00,4.700818766e+00,4.401637683e+00,-2.991812342e-03
4.247000000e-04,5.000000000e+00,4.700968319e+00,4.401936789e+00,-2.990316810e-03
4.248000000e-04,5.000000000e+00,4.701117798e+00,4.402235746e+00,-2.988822026e-03
4.249000000e-04,5.000000000e+00,4.701267202e+00,4.402534553e+00,-2.987327989e-03
4.250000000e-04,5.000000000e+00,4.701416531e+00,4.402833211e+00,-2.985834699e-03
4.251000000e-04,5.000000000e+00,4.701565785e+00,4.403131720e+00,-2.984342155e-03
4.252000000e-04,5.000000000e+00,4.701714965e+00,4.403430079e+00,-2.982850357e-03
4.253000000e-04,5.000000000e+00,4.701864070e+00,4.403728290e+00,-2.981359305e-03
4.254000000e-04,5.000000000e+00,4.702013101e+00,4.404026351e+00,-2.979868998e-03
4.255000000e-04,5.000000000e+00,4.702162057e+00,4.404324263e+00,-2.978379437e-03
4.256000000e-04,5.000000000e+00,4.702310939e+00,4.404622026e+00,-2.976890619e-03
4.257000000e-04,5.000000000e+00,4.702459746e+00,4.404919641e+00,-2.975402547e-03
4.258000000e-04,5.000000000e+00,4.702608479e+00,4.405217107e+00,-2.973915218e-03
4.259000000e-04,5.000000000e+00,4.702757137e+00,4.405514424e+00,-2.972428632e-03
4.260000000e-04,5.000000000e+00,4.702905722e+00,4.405811592e+00,-2.970942790e-03
4.261000000e-04,5.000000000e+00,4.703054232e+00,4.406108612e+00,-2.969457690e-03
4.262000000e-04,5.000000000e+00,4.703202667e+00,4.406405483e+00,-2.967973332e-03
4.263000000e-04,5.000000000e+00,4.703351029e+00,4.406702206e+00,-2.966489717e-03
4.264000000e-04,5.000000000e+00,4.703499316e+00,4.406998781e+00,-2.965006843e-03
4.265000000e-04,5.000000000e+00,4.703647529e+00,4.407295207e+00,-2.963524711e-03
4.266000000e-04,5.000000000e+00,4.703795669e+00,4.407591486e+00,-2.962043319e-03
4.267000000e-04,5.000000000e+00,4.703943734e+00,4.407887616e+00,-2.960562668e-03
4.268000000e-04,5.000000000e+00,4.704091725e+00,4.408183598e+00,-2.959082757e-03
4.269000000e-04,5.000000000e+00,4.704239642e+00,4.408479432e+00,-2.957603586e-03
4.270000000e-04,5.000000000e+00,4.704387485e+00,4.408775118e+00,-2.956125154e-03
4.271000000e-04,5.000000000e+00,4.704535254e+00,4.409070657e+00,-2.954647461e-03
4.272000000e-04,5.000000000e+00,4.704682950e+00,4.409366048e+00,-2.953170507e-03
4.273000000e-04,5.000000000e+00,4.704830571e+00,4.409661291e+00,-2.951694291e-03
4.274000000e-04,5.000000000e+00,4.704978119e+00,4.409956386e+00,-2.950218814e-03
4.275000000e-04,5.000000000e+00,4.705125593e+00,4.410251334e+00,-2.948744073e-03
4.276000000e-04,5.000000000e+00,4.705272993e+00,4.410546135e+00,-2.947270070e-03
4.277000000e-04,5.000000000e+00,4.705420320e+00,4.410840788e+00,-2.945796804e-03
4.278000000e-04,5.000000000e+00,4.705567573e+00,4.411135294e+00,-2.944324274e-03
4.279000000e-04,5.000000000e+00,4.705714752e+00,4.411429653e+00,-2.942852480e-03
4.280000000e-04,5.000000000e+00,4.705861858e+00,4.411723864e+00,-2.941381422e-03
4.281000000e-04,5.000000000e+00,4.706008891e+00,4.412017929e+00,-2.939911099e-03
4.282000000e-04,5.000000000e+00,4.706155849e+00,4.412311846e+00,-2.938441512e-03
4.283000000e-04,5.000000000e+00,4.706302735e+00,4.412605617e+00,-2.936972658e-03
4.284000000e-04,5.000000000e+00,4.706449547e+00,4.412899240e+00,-2.935504539e-03
4.285000000e-04,5.000000000e+00,4.706596285e+00,4.413192717e+00,-2.934037154e-03
4.286000000e-04,5.000000000e+00,4.706742950e+00,4.413486048e+00,-2.932570503e-03
4.287000000e-04,5.000000000e+00,4.706889542e+00,4.413779231e+00,-2.931104585e-03
4.288000000e-04,5.000000000e+00,4.707036061e+00,4.414072268e+00,-2.929639399e-03
4.289000000e-04,5.000000000e+00,4.707182506e+00,4.414365159e+00,-2.928174946e-03
4.290000000e-04,5.000000000e+00,4.707328878e+00,4.414657903e+00,-2.926711225e-03
4.291000000e-04,5.000000000e+00,4.707475177e+00,4.414950501e+00,-2.925248235e-03
4.292000000e-04,5.000000000e+00,4.707621403e+00,4.415242952e+00,-2.923785977e-03
4.293000000e-04,5.000000000e+00,4.707767556e+00,4.415535258e+00,-2.922324450e-03
4.294000000e-04,5.000000000e+00,4.707913635e+00,4.415827417e+00,-2.920863653e-03
4.295000000e-04,5.000000000e+00,4.708059642e+00,4.416119430e+00,-2.919403587e-03
4.296000000e-04,5.000000000e+00,4.708205575e+00,4.416411297e+00,-2.917944250e-03
4.297000000e-04,5.000000000e+00,4.708351436e+00,4.416703019e+00,-2.916485643e-03
4.298000000e-04,5.000000000e+00,4.708497224e+00,4.416994594e+00,-2.915027765e-03
4.299000000e-04,5.000000000e+00,4.708642939e+00,4.417286024e+00,-2.913570616e-03
4.300000000e-04,5.000000000e+00,4.708788581e+00,4.417577308e+00,-2.912114195e-03
4.301000000e-04,5.000000000e+00,4.708934150e+00,4.417868447e+00,-2.910658502e-03
4.302000000e-04,5.000000000e+00,4.709079647e+00,4.418159440e+00,-2.909203537e-03
4.303000000e-04,5.000000000e+00,4.709225071e+00,4.418450287e+00,-2.907749299e-03
4.304000000e-04,5.000000000e+00,4.709370422e+00,4.418740989e+00,-2.906295788e-03
4.305000000e-04,5.000000000e+00,4.709515700e+00,4.419031546e+00,-2.904843004e-03
4.306000000e-04,5.000000000e+00,4.709660906e+00,4.419321957e+00,-2.903390946e-03
4.307000000e-04,5.000000000e+00,4.709806039e+00,4.419612224e+00,-2.901939614e-03
4.308000000e-04,5.000000000e+00,4.709951100e+00,4.419902345e+00,-2.900489007e-03
4.309000000e-04,5.000000000e+00,4.710096088e+00,4.420192321e+00,-2.899039125e-03
4.310000000e-04,5.000000000e+00,4.710241004e+00,4.420482153e+00,-2.897589968e-03
4.311000000e-04,5.000000000e+00,4.710385847e+00,4.420771839e+00,-2.896141536e-03
4.312000000e-04,5.000000000e+00,4.710530618e+00,4.421061381e+00,-2.894693827e-03
4.313000000e-04,5.000000000e+00,4.710675316e+00,4.421350778e+00,-2.893246843e-03
4.314000000e-04,5.000000000e+00,4.710819942e+00,4.421640030e+00,-2.891800581e-03
4.315000000e-04,5.000000000e+00,4.710964496e+00,4.421929137e+00,-2.890355043e-03
4.316000000e-04,5.000000000e+00,4.711108978e+00,4.422218101e+00,-2.888910227e-03
4.317000000e-04,5.000000000e+00,4.711253387e+00,4.422506919e+00,-2.887466133e-03
4.318000000e-04,5.000000000e+00,4.711397724e+00,4.422795594e+00,-2.886022761e-03
4.319000000e-04,5.000000000e+00,4.711541989e+00,4.423084124e+00,-2.884580111e-03
4.320000000e-04,5.000000000e+00,4.711686182e+00,4.423372509e+00,-2.883138182e-03
4.321000000e-04,5.000000000e+00,4.711830303e+00,4.423660751e+00,-2.881696973e-03
4.322000000e-04,5.000000000e+00,4.711974352e+00,4.423948848e+00,-2.880256485e-03
4.323000000e-04,5.000000000e+00,4.712118329e+00,4.424236802e+00,-2.878816717e-03
4.324000000e-04,5.000000000e+00,4.712262234e+00,4.424524612e+00,-2.877377669e-03
4.325000000e-04,5.000000000e+00,4.712406066e+00,4.424812277e+00,-2.875939340e-03
4.326000000e-04,5.000000000e+00,4.712549827e+00,4.425099799e+00,-2.874501730e-03
4.327000000e-04,5.000000000e+00,4.712693517e+00,4.425387177e+00,-2.873064839e-03
4.328000000e-04,5.000000000e+00,4.712837134e+00,4.425674412e+00,-2.871628666e-03
4.329000000e-04,5.000000000e+00,4.712980679e+00,4.425961503e+00,-2.870193211e-03
4.330000000e-04,5.000000000e+00,4.713124153e+00,4.426248450e+00,-2.868758474e-03
4.331000000e-04,5.000000000e+00,4.713267555e+00,4.426535254e+00,-2.867324453e-03
4.332000000e-04,5.000000000e+00,4.713410886e+00,4.426821915e+00,-2.865891150e-03
4.333000000e-04,5.000000000e+00,4.713554144e+00,4.427108432e+00,-2.864458563e-03
4.334000000e-04,5.000000000e+00,4.713697331e+00,4.427394806e+00,-2.863026692e-03
4.335000000e-04,5.000000000e+00,4.713840447e+00,4.427681037e+00,-2.861595536e-03
4.336000000e-04,5.000000000e+00,4.713983491e+00,4.427967125e+00,-2.860165097e-03
4.337000000e-04,5.000000000e+00,4.714126463e+00,4.428253070e+00,-2.858735372e-03
4.338000000e-04,5.000000000e+00,4.714269364e+00,4.428538872e+00,-2.857306362e-03
4.339000000e-04,5.000000000e+00,4.714412194e+00,4.428824531e+00,-2.855878066e-03
4.340000000e-04,5.000000000e+00,4.714554952e+00,4.429110047e+00,-2.854450484e-03
4.341000000e-04,5.000000000e+00,4.714697639e+00,4.429395421e+00,-2.853023616e-03
4.342000000e-04,5.000000000e+00,4.714840254e+00,4.429680652e+00,-2.851597461e-03
4.343000000e-04,5.000000000e+00,4.714982799e+00,4.429965740e+00,-2.850172019e-03
4.344000000e-04,5.000000000e+00,4.715125272e+00,4.430250686e+00,-2.848747290e-03
4.345000000e-04,5.000000000e+00,4.715267673e+00,4.430535489e+00,-2.847323273e-03
4.346000000e-04,5.000000000e+00,4.715410004e+00,4.430820150e+00,-2.845899967e-03
4.347000000e-04,5.000000000e+00,4.715552263e+00,4.431104669e+00,-2.844477373e-03
4.348000000e-04,5.000000000e+00,4.715694451e+00,4.431389046e+00,-2.843055490e-03
4.349000000e-04,5.000000000e+00,4.715836569e+00,4.431673280e+00,-2.841634318e-03
4.350000000e-04,5.000000000e+00,4.715978615e+00,4.431957372e+00,-2.840213857e-03
4.351000000e-04,5.000000000e+00,4.716120590e+00,4.432241322e+00,-2.838794105e-03
4.352000000e-04,5.000000000e+00,4.716262494e+00,4.432525131e+00,-2.837375063e-03
4.353000000e-04,5.000000000e+00,4.716404327e+00,4.432808797e+00,-2.835956731e-03
4.354000000e-04,5.000000000e+00,4.716546090e+00,4.433092322e+00,-2.834539107e-03
4.355000000e-04,5.000000000e+00,4.716687781e+00,4.433375705e+00,-2.833122192e-03
4.356000000e-04,5.000000000e+00,4.716829402e+00,4.433658946e+00,-2.831705985e-03
4.357000000e-04,5.000000000e+00,4.716970952e+00,4.433942046e+00,-2.830290487e-03
4.358000000e-04,5.000000000e+00,4.717112431e+00,4.434225004e+00,-2.828875696e-03
4.359000000e-04,5.000000000e+00,4.717253839e+00,4.434507821e+00,-2.827461612e-03
4.360000000e-04,5.000000000e+00,4.717395177e+00,4.434790496e+00,-2.826048234e-03
4.361000000e-04,5.000000000e+00,4.717536444e+00,4.435073030e+00,-2.824635564e-03
4.362000000e-04,5.000000000e+00,4.717677641e+00,4.435355423e+00,-2.823223599e-03
4.363000000e-04,5.000000000e+00,4.717818766e+00,4.435637674e+00,-2.821812341e-03
4.364000000e-04,5.000000000e+00,4.717959822e+00,4.435919785e+00,-2.820401788e-03
4.365000000e-04,5.000000000e+00,4.718100807e+00,4.436201754e+00,-2.818991940e-03
4.366000000e-04,5.000000000e+00,4.718241721e+00,4.436483583e+00,-2.817582796e-03
4.367000000e-04,5.000000000e+00,4.718382565e+00,4.436765271e+00,-2.816174357e-03
4.368000000e-04,5.000000000e+00,4.718523338e+00,4.437046818e+00,-2.814766623e-03
4.369000000e-04,5.000000000e+00,4.718664041e+00,4.437328224e+00,-2.813359591e-03
4.370000000e-04,5.000000000e+00,4.718804674e+00,4.437609489e+00,-2.811953264e-03
4.371000000e-04,5.000000000e+00,4.718945237e+00,4.437890614e+00,-2.810547639e-03
4.372000000e-04,5.000000000e+00,4.719085729e+00,4.438171599e+00,-2.809142716e-03
4.373000000e-04,5.000000000e+00,4.719226151e+00,4.438452443e+00,-2.807738497e-03
4.374000000e-04,5.000000000e+00,4.719366503e+00,4.438733146e+00,-2.806334979e-03
4.375000000e-04,5.000000000e+00,4.719506784e+00,4.439013709e+00,-2.804932162e-03
4.376000000e-04,5.000000000e+00,4.719646996e+00,4.439294132e+00,-2.803530047e-03
4.377000000e-04,5.000000000e+00,4.719787137e+00,4.439574415e+00,-2.802128633e-03
4.378000000e-04,5.000000000e+00,4.719927209e+00,4.439854558e+00,-2.800727919e-03
4.379000000e-04,5.000000000e+00,4.720067210e+00,4.440134560e+00,-2.799327905e-03
4.380000000e-04,5.000000000e+00,4.720207141e+00,4.440414423e+00,-2.797928592e-03
4.381000000e-04,5.000000000e+00,4.720347003e+00,4.440694146e+00,-2.796529977e-03
4.382000000e-04,5.000000000e+00,4.720486794e+00,4.440973729e+00,-2.795132062e-03
4.383000000e-04,5.000000000e+00,4.720626516e+00,4.441253172e+00,-2.793734846e-03
4.384000000e-04,5.000000000e+00,4.720766168e+00,4.441532476e+00,-2.792338328e-03
4.385000000e-04,5.000000000e+00,4.720905750e+00,4.441811639e+00,-2.790942508e-03
4.386000000e-04,5.000000000e+00,4.721045262e+00,4.442090664e+00,-2.789547386e-03
4.387000000e-04,5.000000000e+00,4.721184704e+00,4.442369549e+00,-2.788152961e-03
4.388000000e-04,5.000000000e+00,4.721324077e+00,4.442648294e+00,-2.786759234e-03
4.389000000e-04,5.000000000e+00,4.721463380e+00,4.442926900e+00,-2.785366203e-03
4.390000000e-04,5.000000000e+00,4.721602614e+00,4.443205367e+00,-2.783973868e-03
4.391000000e-04,5.000000000e+00,4.721741778e+00,4.443483695e+00,-2.782582229e-03
4.392000000e-04,5.000000000e+00,4.721880872e+00,4.443761883e+00,-2.781191286e-03
4.393000000e-04,5.000000000e+00,4.722019897e+00,4.444039933e+00,-2.779801039e-03
4.394000000e-04,5.000000000e+00,4.722158852e+00,4.444317843e+00,-2.778411486e-03
4.395000000e-04,5.000000000e+00,4.722297738e+00,4.444595615e+00,-2.777022628e-03
4.396000000e-04,5.000000000e+00,4.722436554e+00,4.444873248e+00,-2.775634464e-03
4.397000000e-04,5.000000000e+00,4.722575301e+00,4.445150741e+00,-2.774246994e-03
4.398000000e-04,5.000000000e+00,4.722713979e+00,4.445428097e+00,-2.772860217e-03
4.399000000e-04,5.000000000e+00,4.722852587e+00,4.445705313e+00,-2.771474134e-03
4.400000000e-04,5.000000000e+00,4.722991126e+00,4.445982391e+00,-2.770088744e-03
4.401000000e-04,5.000000000e+00,4.723129596e+00,4.446259331e+00,-2.768704046e-03
4.402000000e-04,5.000000000e+00,4.723267996e+00,4.446536132e+00,-2.767320040e-03
4.403000000e-04,5.000000000e+00,4.723406328e+00,4.446812794e+00,-2.765936726e-03
4.404000000e-04,5.000000000e+00,4.723544590e+00,4.447089319e+00,-2.764554104e-03
4.405000000e-04,5.000000000e+00,4.723682783e+00,4.447365705e+00,-2.763172173e-03
4.406000000e-04,5.000000000e+00,4.723820907e+00,4.447641953e+00,-2.761790932e-03
4.407000000e-04,5.000000000e+00,4.723958962e+00,4.447918063e+00,-2.760410382e-03
4.408000000e-04,5.000000000e+00,4.724096948e+00,4.448194035e+00,-2.759030523e-03
4.409000000e-04,5.000000000e+00,4.724234865e+00,4.448469869e+00,-2.757651353e-03
4.410000000e-04,5.000000000e+00,4.724372713e+00,4.448745565e+00,-2.756272872e-03
4.411000000e-04,5.000000000e+00,4.724510492e+00,4.449021123e+00,-2.754895080e-03
4.412000000e-04,5.000000000e+00,4.724648203e+00,4.449296544e+00,-2.753517977e-03
4.413000000e-04,5.000000000e+00,4.724785844e+00,4.449571827e+00,-2.752141563e-03
4.414000000e-04,5.000000000e+00,4.724923417e+00,4.449846972e+00,-2.750765836e-03
4.415000000e-04,5.000000000e+00,4.725060921e+00,4.450121979e+00,-2.749390798e-03
4.416000000e-04,5.000000000e+00,4.725198356e+00,4.450396850e+00,-2.748016446e-03
4.417000000e-04,5.000000000e+00,4.725335722e+00,4.450671582e+00,-2.746642782e-03
4.418000000e-04,5.000000000e+00,4.725473020e+00,4.450946178e+00,-2.745269804e-03
4.419000000e-04,5.000000000e+00,4.725610249e+00,4.451220636e+00,-2.743897512e-03
4.420000000e-04,5.000000000e+00,4.725747410e+00,4.451494957e+00,-2.742525907e-03
4.421000000e-04,5.000000000e+00,4.725884502e+00,4.451769141e+00,-2.741154987e-03
4.422000000e-04,5.000000000e+00,4.726021525e+00,4.452043188e+00,-2.739784752e-03
4.423000000e-04,5.000000000e+00,4.726158480e+00,4.452317098e+00,-2.738415203e-03
4.424000000e-04,5.000000000e+00,4.726295367e+00,4.452590871e+00,-2.737046338e-03
4.425000000e-04,5.000000000e+00,4.726432185e+00,4.452864507e+00,-2.735678157e-03
4.426000000e-04,5.000000000e+00,4.726568934e+00,4.453138006e+00,-2.734310660e-03
4.427000000e-04,5.000000000e+00,4.726705616e+00,4.453411369e+00,-2.732943847e-03
4.428000000e-04,5.000000000e+00,4.726842229e+00,4.453684595e+00,-2.731577717e-03
4.429000000e-04,5.000000000e+00,4.726978774e+00,4.453957684e+00,-2.730212270e-03
4.430000000e-04,5.000000000e+00,4.727115250e+00,4.454230637e+00,-2.728847505e-03
4.431000000e-04,5.000000000e+00,4.727251658e+00,4.454503453e+00,-2.727483423e-03
4.432000000e-04,5.000000000e+00,4.727387998e+00,4.454776133e+00,-2.726120022e-03
4.433000000e-04,5.000000000e+00,4.727524270e+00,4.455048677e+00,-2.724757303e-03
4.434000000e-04,5.000000000e+00,4.727660474e+00,4.455321085e+00,-2.723395266e-03
4.435000000e-04,5.000000000e+00,4.727796610e+00,4.455593356e+00,-2.722033909e-03
4.436000000e-04,5.000000000e+00,4.727932677e+00,4.455865491e+00,-2.720673232e-03
4.437000000e-04,5.000000000e+00,4.728068677e+00,4.456137490e+00,-2.719313236e-03
4.438000000e-04,5.000000000e+00,4.728204609e+00,4.456409353e+00,-2.717953920e-03
4.439000000e-04,5.000000000e+00,4.728340472e+00,4.456681081e+00,-2.716595283e-03
4.440000000e-04,5.000000000e+00,4.728476268e+00,4.456952672e+00,-2.715237325e-03
4.441000000e-04,5.000000000e+00,4.728611996e+00,4.457224128e+00,-2.713880046e-03
4.442000000e-04,5.000000000e+00,4.728747656e+00,4.457495448e+00,-2.712523445e-03
4.443000000e-04,5.000000000e+00,4.728883248e+00,4.457766632e+00,-2.711167523e-03
4.444000000e-04,5.000000000e+00,4.729018773e+00,4.458037681e+00,-2.709812278e-03
4.445000000e-04,5.000000000e+00,4.729154229e+00,4.458308595e+00,-2.708457711e-03
4.446000000e-04,5.000000000e+00,4.729289618e+00,4.458579373e+00,-2.707103821e-03
4.447000000e-04,5.000000000e+00,4.729424940e+00,4.458850015e+00,-2.705750608e-03
4.448000000e-04,5.000000000e+00,4.729560193e+00,4.459120522e+00,-2.704398071e-03
4.449000000e-04,5.000000000e+00,4.729695379e+00,4.459390895e+00,-2.703046210e-03
4.450000000e-04,5.000000000e+00,4.729830498e+00,4.459661131e+00,-2.701695025e-03
4.451000000e-04,5.000000000e+00,4.729965549e+00,4.459931233e+00,-2.700344516e-03
4.452000000e-04,5.000000000e+00,4.730100532e+00,4.460201200e+00,-2.698994682e-03
4.453000000e-04,5.000000000e+00,4.730235448e+00,4.460471032e+00,-2.697645522e-03
4.454000000e-04,5.000000000e+00,4.730370297e+00,4.460740729e+00,-2.696297037e-03
4.455000000e-04,5.000000000e+00,4.730505078e+00,4.461010291e+00,-2.694949225e-03
4.456000000e-04,5.000000000e+00,4.730639792e+00,4.461279719e+00,-2.693602088e-03
4.457000000e-04,5.000000000e+00,4.730774438e+00,4.461549011e+00,-2.692255624e-03
4.458000000e-04,5.000000000e+00,4.730909017e+00,4.461818169e+00,-2.690909833e-03
4.459000000e-04,5.000000000e+00,4.731043529e+00,4.462087193e+00,-2.689564715e-03
4.460000000e-04,5.000000000e+00,4.731177974e+00,4.462356082e+00,-2.688220269e-03
4.461000000e-04,5.000000000e+00,4.731312351e+00,4.462624837e+00,-2.686876495e-03
4.462000000e-04,5.000000000e+00,4.731446661e+00,4.462893457e+00,-2.685533393e-03
4.463000000e-04,5.000000000e+00,4.731580904e+00,4.463161943e+00,-2.684190962e-03
4.464000000e-04,5.000000000e+00,4.731715080e+00,4.463430295e+00,-2.682849202e-03
4.465000000e-04,5.000000000e+00,4.731849189e+00,4.463698513e+00,-2.681508113e-03
4.466000000e-04,5.000000000e+00,4.731983231e+00,4.463966597e+00,-2.680167695e-03
4.467000000e-04,5.000000000e+00,4.732117206e+00,4.464234546e+00,-2.678827946e-03
4.468000000e-04,5.000000000e+00,4.732251114e+00,4.464502362e+00,-2.677488867e-03
4.469000000e-04,5.000000000e+00,4.732384955e+00,4.464770044e+00,-2.676150458e-03
4.470000000e-04,5.000000000e+00,4.732518729e+00,4.465037592e+00,-2.674812717e-03
4.471000000e-04,5.000000000e+00,4.732652436e+00,4.465305006e+00,-2.673475646e-03
4.472000000e-04,5.000000000e+00,4.732786076e+00,4.465572287e+00,-2.672139242e-03
4.473000000e-04,5.000000000e+00,4.732919650e+00,4.465839434e+00,-2.670803507e-03
4.474000000e-04,5.000000000e+00,4.733053157e+00,4.466106447e+00,-2.669468439e-03
4.475000000e-04,5.000000000e+00,4.733186597e+00,4.466373327e+00,-2.668134039e-03
4.476000000e-04,5.000000000e+00,4.733319970e+00,4.466640074e+00,-2.666800306e-03
4.477000000e-04,5.000000000e+00,4.733453277e+00,4.466906687e+00,-2.665467239e-03
4.478000000e-04,5.000000000e+00,4.733586517e+00,4.467173167e+00,-2.664134839e-03
4.479000000e-04,5.000000000e+00,4.733719690e+00,4.467439514e+00,-2.662803105e-03
4.480000000e-04,5.000000000e+00,4.733852797e+00,4.467705727e+00,-2.661472037e-03
4.481000000e-04,5.000000000e+00,4.733985837e+00,4.467971808e+00,-2.660141634e-03
4.482000000e-04,5.000000000e+00,4.734118811e+00,4.468237755e+00,-2.658811895e-03
4.483000000e-04,5.000000000e+00,4.734251718e+00,4.468503570e+00,-2.657482822e-03
4.484000000e-04,5.000000000e+00,4.734384559e+00,4.468769252e+00,-2.656154413e-03
4.485000000e-04,5.000000000e+00,4.734517334e+00,4.469034801e+00,-2.654826668e-03
4.486000000e-04,5.000000000e+00,4.734650042e+00,4.469300217e+00,-2.653499587e-03
4.487000000e-04,5.000000000e+00,4.734782684e+00,4.469565500e+00,-2.652173169e-03
4.488000000e-04,5.000000000e+00,4.734915259e+00,4.469830651e+00,-2.650847414e-03
4.489000000e-04,5.000000000e+00,4.735047768e+00,4.470095669e+00,-2.649522322e-03
4.490000000e-04,5.000000000e+00,4.735180211e+00,4.470360555e+00,-2.648197893e-03
4.491000000e-04,5.000000000e+00,4.735312588e+00,4.470625309e+00,-2.646874125e-03
4.492000000e-04,5.000000000e+00,4.735444899e+00,4.470889930e+00,-2.645551019e-03
4.493000000e-04,5.000000000e+00,4.735577143e+00,4.471154419e+00,-2.644228575e-03
4.494000000e-04,5.000000000e+00,4.735709321e+00,4.471418775e+00,-2.642906791e-03
4.495000000e-04,5.000000000e+00,4.735841434e+00,4.471683000e+00,-2.641585668e-03
4.496000000e-04,5.000000000e+00,4.735973480e+00,4.471947092e+00,-2.640265206e-03
4.497000000e-04,5.000000000e+00,4.736105460e+00,4.472211053e+00,-2.638945404e-03
4.498000000e-04,5.000000000e+00,4.736237374e+00,4.472474881e+00,-2.637626261e-03
4.499000000e-04,5.000000000e+00,4.736369223e+00,4.472738578e+00,-2.636307778e-03
4.500000000e-04,5.000000000e+00,4.736501005e+00,4.473002142e+00,-2.634989954e-03
4.501000000e-04,5.000000000e+00,4.736632722e+00,4.473265575e+00,-2.633672788e-03
4.502000000e-04,5.000000000e+00,4.736764372e+00,4.473528877e+00,-2.632356282e-03
4.503000000e-04,5.000000000e+00,4.736895957e+00,4.473792046e+00,-2.631040433e-03
4.504000000e-04,5.000000000e+00,4.737027476e+00,4.474055085e+00,-2.629725242e-03
4.505000000e-04,5.000000000e+00,4.737158930e+00,4.474317991e+00,-2.628410708e-03
4.506000000e-04,5.000000000e+00,4.737290317e+00,4.474580767e+00,-2.627096831e-03
4.507000000e-04,5.000000000e+00,4.737421639e+00,4.474843410e+00,-2.625783612e-03
4.508000000e-04,5.000000000e+00,4.737552896e+00,4.475105923e+00,-2.624471048e-03
4.509000000e-04,5.000000000e+00,4.737684086e+00,4.475368304e+00,-2.623159141e-03
4.510000000e-04,5.000000000e+00,4.737815212e+00,4.475630555e+00,-2.621847890e-03
4.511000000e-04,5.000000000e+00,4.737946271e+00,4.475892674e+00,-2.620537294e-03
4.512000000e-04,5.000000000e+00,4.738077265e+00,4.476154662e+00,-2.619227353e-03
4.513000000e-04,5.000000000e+00,4.738208194e+00,4.476416519e+00,-2.617918067e-03
4.514000000e-04,5.000000000e+00,4.738339057e+00,4.476678245e+00,-2.616609435e-03
4.515000000e-04,5.000000000e+00,4.738469855e+00,4.476939841e+00,-2.615301458e-03
4.516000000e-04,5.000000000e+00,4.738600587e+00,4.477201305e+00,-2.613994135e-03
4.517000000e-04,5.000000000e+00,4.738731254e+00,4.477462639e+00,-2.612687465e-03
4.518000000e-04,5.000000000e+00,4.738861856e+00,4.477723843e+00,-2.611381448e-03
4.519000000e-04,5.000000000e+00,4.738992392e+00,4.477984915e+00,-2.610076084e-03
4.520000000e-04,5.000000000e+00,4.739122863e+00,4.478245857e+00,-2.608771372e-03
4.521000000e-04,5.000000000e+00,4.739253269e+00,4.478506669e+00,-2.607467313e-03
4.522000000e-04,5.000000000e+00,4.739383610e+00,4.478767351e+00,-2.606163905e-03
4.523000000e-04,5.000000000e+00,4.739513886e+00,4.479027902e+00,-2.604861149e-03
4.524000000e-04,5.000000000e+00,4.739644096e+00,4.479288323e+00,-2.603559045e-03
4.525000000e-04,5.000000000e+00,4.739774241e+00,4.479548613e+00,-2.602257591e-03
4.526000000e-04,5.000000000e+00,4.739904322e+00,4.479808774e+00,-2.600956788e-03
4.527000000e-04,5.000000000e+00,4.740034337e+00,4.480068805e+00,-2.599656635e-03
4.528000000e-04,5.000000000e+00,4.740164287e+00,4.480328705e+00,-2.598357132e-03
4.529000000e-04,5.000000000e+00,4.740294173e+00,4.480588476e+00,-2.597058278e-03
4.530000000e-04,5.000000000e+00,4.740423993e+00,4.480848117e+00,-2.595760074e-03
4.531000000e-04,5.000000000e+00,4.740553749e+00,4.481107628e+00,-2.594462518e-03
4.532000000e-04,5.000000000e+00,4.740683439e+00,4.481367009e+00,-2.593165612e-03
4.533000000e-04,5.000000000e+00,4.740813065e+00,4.481626260e+00,-2.591869353e-03
4.534000000e-04,5.000000000e+00,4.740942626e+00,4.481885382e+00,-2.590573743e-03
4.535000000e-04,5.000000000e+00,4.741072122e+00,4.482144375e+00,-2.589278780e-03
4.536000000e-04,5.000000000e+00,4.741201554e+00,4.482403238e+00,-2.587984465e-03
4.537000000e-04,5.000000000e+00,4.741330921e+00,4.482661972e+00,-2.586690796e-03
4.538000000e-04,5.000000000e+00,4.741460223e+00,4.482920576e+00,-2.585397774e-03
4.539000000e-04,5.000000000e+00,4.741589461e+00,4.483179051e+00,-2.584105399e-03
4.540000000e-04,5.000000000e+00,4.741718634e+00,4.483437397e+00,-2.582813670e-03
4.541000000e-04,5.000000000e+00,4.741847742e+00,4.483695613e+00,-2.581522586e-03
4.542000000e-04,5.000000000e+00,4.741976786e+00,4.483953701e+00,-2.580232148e-03
4.543000000e-04,5.000000000e+00,4.742105765e+00,4.484211660e+00,-2.578942354e-03
4.544000000e-04,5.000000000e+00,4.742234680e+00,4.484469489e+00,-2.577653206e-03
4.545000000e-04,5.000000000e+00,4.742363530e+00,4.484727190e+00,-2.576364702e-03
4.546000000e-04,5.000000000e+00,4.742492316e+00,4.484984762e+00,-2.575076841e-03
4.547000000e-04,5.000000000e+00,4.742621038e+00,4.485242205e+00,-2.573789625e-03
4.548000000e-04,5.000000000e+00,4.742749695e+00,4.485499520e+00,-2.572503052e-03
4.549000000e-04,5.000000000e+00,4.742878288e+00,4.485756705e+00,-2.571217123e-03
4.550000000e-04,5.000000000e+00,4.743006817e+00,4.486013763e+00,-2.569931836e-03
4.551000000e-04,5.000000000e+00,4.743135281e+00,4.486270692e+00,-2.568647191e-03
4.552000000e-04,5.000000000e+00,4.743263682e+00,4.486527492e+00,-2.567363189e-03
4.553000000e-04,5.000000000e+00,4.743392018e+00,4.486784164e+00,-2.566079829e-03
4.554000000e-04,5.000000000e+00,4.743520290e+00,4.487040708e+00,-2.564797110e-03
4.555000000e-04,5.000000000e+00,4.743648497e+00,4.487297123e+00,-2.563515032e-03
4.556000000e-04,5.000000000e+00,4.743776641e+00,4.487553411e+00,-2.562233595e-03
4.557000000e-04,5.000000000e+00,4.743904721e+00,4.487809570e+00,-2.560952799e-03
4.558000000e-04,5.000000000e+00,4.744032736e+00,4.488065601e+00,-2.559672643e-03
4.559000000e-04,5.000000000e+00,4.744160688e+00,4.488321504e+00,-2.558393127e-03
4.560000000e-04,5.000000000e+00,4.744288575e+00,4.488577279e+00,-2.557114250e-03
4.561000000e-04,5.000000000e+00,4.744416399e+00,4.488832927e+00,-2.555836013e-03
4.562000000e-04,5.000000000e+00,4.744544159e+00,4.489088446e+00,-2.554558415e-03
4.563000000e-04,5.000000000e+00,4.744671855e+00,4.489343838e+00,-2.553281455e-03
4.564000000e-04,5.000000000e+00,4.744799487e+00,4.489599102e+00,-2.552005134e-03
4.565000000e-04,5.000000000e+00,4.744927055e+00,4.489854239e+00,-2.550729451e-03
4.566000000e-04,5.000000000e+00,4.745054560e+00,4.490109248e+00,-2.549454405e-03
4.567000000e-04,5.000000000e+00,4.745182001e+00,4.490364130e+00,-2.548179997e-03
4.568000000e-04,5.000000000e+00,4.745309378e+00,4.490618884e+00,-2.546906226e-03
4.569000000e-04,5.000000000e+00,4.745436691e+00,4.490873511e+00,-2.545633091e-03
4.570000000e-04,5.000000000e+00,4.745563941e+00,4.491128010e+00,-2.544360593e-03
4.571000000e-04,5.000000000e+00,4.745691127e+00,4.491382382e+00,-2.543088731e-03
4.572000000e-04,5.000000000e+00,4.745818250e+00,4.491636628e+00,-2.541817505e-03
4.573000000e-04,5.000000000e+00,4.745945309e+00,4.491890746e+00,-2.540546914e-03
4.574000000e-04,5.000000000e+00,4.746072305e+00,4.492144737e+00,-2.539276958e-03
4.575000000e-04,5.000000000e+00,4.746199237e+00,4.492398601e+00,-2.538007638e-03
4.576000000e-04,5.000000000e+00,4.746326105e+00,4.492652338e+00,-2.536738951e-03
4.577000000e-04,5.000000000e+00,4.746452911e+00,4.492905948e+00,-2.535470899e-03
4.578000000e-04,5.000000000e+00,4.746579652e+00,4.493159432e+00,-2.534203481e-03
4.579000000e-04,5.000000000e+00,4.746706331e+00,4.493412789e+00,-2.532936696e-03
4.580000000e-04,5.000000000e+00,4.746832946e+00,4.493666019e+00,-2.531670545e-03
4.581000000e-04,5.000000000e+00,4.746959498e+00,4.493919123e+00,-2.530405026e-03
4.582000000e-04,5.000000000e+00,4.747085986e+00,4.494172100e+00,-2.529140140e-03
4.583000000e-04,5.000000000e+00,4.747212412e+00,4.494424951e+00,-2.527875887e-03
4.584000000e-04,5.000000000e+00,4.747338774e+00,4.494677675e+00,-2.526612265e-03
4.585000000e-04,5.000000000e+00,4.747465073e+00,4.494930273e+00,-2.525349275e-03
4.586000000e-04,5.000000000e+00,4.747591309e+00,4.495182744e+00,-2.524086916e-03
4.587000000e-04,5.000000000e+00,4.747717482e+00,4.495435090e+00,-2.522825188e-03
4.588000000e-04,5.000000000e+00,4.747843591e+00,4.495687309e+00,-2.521564091e-03
4.589000000e-04,5.000000000e+00,4.747969638e+00,4.495939403e+00,-2.520303625e-03
4.590000000e-04,5.000000000e+00,4.748095622e+00,4.496191370e+00,-2.519043788e-03
4.591000000e-04,5.000000000e+00,4.748221542e+00,4.496443211e+00,-2.517784582e-03
4.592000000e-04,5.000000000e+00,4.748347400e+00,4.496694926e+00,-2.516526004e-03
4.593000000e-04,5.000000000e+00,4.748473195e+00,4.496946516e+00,-2.515268056e-03
4.594000000e-04,5.000000000e+00,4.748598927e+00,4.497197980e+00,-2.514010737e-03
4.595000000e-04,5.000000000e+00,4.748724596e+00,4.497449318e+00,-2.512754046e-03
4.596000000e-04,5.000000000e+00,4.748850202e+00,4.497700530e+00,-2.511497983e-03
4.597000000e-04,5.000000000e+00,4.748975746e+00,4.497951617e+00,-2.510242548e-03
4.598000000e-04,5.000000000e+00,4.749101226e+00,4.498202579e+00,-2.508987741e-03
4.599000000e-04,5.000000000e+00,4.749226644e+00,4.498453415e+00,-2.507733561e-03
4.600000000e-04,5.000000000e+00,4.749352000e+00,4.498704125e+00,-2.506480008e-03
4.601000000e-04,5.000000000e+00,4.749477292e+00,4.498954710e+00,-2.505227082e-03
4.602000000e-04,5.000000000e+00,4.749602522e+00,4.499205170e+00,-2.503974782e-03
4.603000000e-04,5.000000000e+00,4.749727690e+00,4.499455505e+00,-2.502723107e-03
4.604000000e-04,5.000000000e+00,4.749852795e+00,4.499705715e+00,-2.501472059e-03
4.605000000e-04,5.000000000e+00,4.749977837e+00,4.499955799e+00,-2.500221636e-03
4.606000000e-04,5.000000000e+00,4.750102817e+00,4.500205759e+00,-2.498971838e-03
4.607000000e-04,5.000000000e+00,4.750227734e+00,4.500455593e+00,-2.497722664e-03
4.608000000e-04,5.000000000e+00,4.750352589e+00,4.500705303e+00,-2.496474116e-03
4.609000000e-04,5.000000000e+00,4.750477381e+00,4.500954888e+00,-2.495226191e-03
4.610000000e-04,5.000000000e+00,4.750602112e+00,4.501204348e+00,-2.493978890e-03
4.611000000e-04,5.000000000e+00,4.750726779e+00,4.501453684e+00,-2.492732213e-03
4.612000000e-04,5.000000000e+00,4.750851385e+00,4.501702894e+00,-2.491486158e-03
4.613000000e-04,5.000000000e+00,4.750975928e+00,4.501951981e+00,-2.490240727e-03
4.614000000e-04,5.000000000e+00,4.751100409e+00,4.502200942e+00,-2.488995918e-03
4.615000000e-04,5.000000000e+00,4.751224827e+00,4.502449780e+00,-2.487751731e-03
4.616000000e-04,5.000000000e+00,4.751349184e+00,4.502698492e+00,-2.486508167e-03
4.617000000e-04,5.000000000e+00,4.751473478e+00,4.502947081e+00,-2.485265224e-03
4.618000000e-04,5.000000000e+00,4.751597710e+00,4.503195545e+00,-2.484022902e-03
4.619000000e-04,5.000000000e+00,4.751721880e+00,4.503443885e+00,-2.482781201e-03
4.620000000e-04,5.000000000e+00,4.751845988e+00,4.503692101e+00,-2.481540121e-03
4.621000000e-04,5.000000000e+00,4.751970034e+00,4.503940193e+00,-2.480299662e-03
4.622000000e-04,5.000000000e+00,4.752094018e+00,4.504188161e+00,-2.479059822e-03
4.623000000e-04,5.000000000e+00,4.752217940e+00,4.504436005e+00,-2.477820602e-03
4.624000000e-04,5.000000000e+00,4.752341800e+00,4.504683725e+00,-2.476582002e-03
4.625000000e-04,5.000000000e+00,4.752465598e+00,4.504931321e+00,-2.475344021e-03
4.626000000e-04,5.000000000e+00,4.752589335e+00,4.505178793e+00,-2.474106659e-03
4.627000000e-04,5.000000000e+00,4.752713009e+00,4.505426142e+00,-2.472869915e-03
4.628000000e-04,5.000000000e+00,4.752836622e+00,4.505673367e+00,-2.471633789e-03
4.629000000e-04,5.000000000e+00,4.752960172e+00,4.505920469e+00,-2.470398282e-03
4.630000000e-04,5.000000000e+00,4.753083661e+00,4.506167447e+00,-2.469163391e-03
4.631000000e-04,5.000000000e+00,4.753207089e+00,4.506414301e+00,-2.467929119e-03
4.632000000e-04,5.000000000e+00,4.753330454e+00,4.506661032e+00,-2.466695463e-03
4.633000000e-04,5.000000000e+00,4.753453758e+00,4.506907640e+00,-2.465462424e-03
4.634000000e-04,5.000000000e+00,4.753577000e+00,4.507154125e+00,-2.464230001e-03
4.635000000e-04,5.000000000e+00,4.753700181e+00,4.507400486e+00,-2.462998194e-03
4.636000000e-04,5.000000000e+00,4.753823300e+00,4.507646724e+00,-2.461767003e-03
4.637000000e-04,5.000000000e+00,4.753946358e+00,4.507892839e+00,-2.460536428e-03
4.638000000e-04,5.000000000e+00,4.754069354e+00,4.508138831e+00,-2.459306467e-03
4.639000000e-04,5.000000000e+00,4.754192288e+00,4.508384700e+00,-2.458077122e-03
4.640000000e-04,5.000000000e+00,4.754315161e+00,4.508630446e+00,-2.456848391e-03
4.641000000e-04,5.000000000e+00,4.754437973e+00,4.508876069e+00,-2.455620274e-03
4.642000000e-04,5.000000000e+00,4.754560723e+00,4.509121570e+00,-2.454392771e-03
4.643000000e-04,5.000000000e+00,4.754683412e+00,4.509366948e+00,-2.453165882e-03
4.644000000e-04,5.000000000e+00,4.754806040e+00,4.509612203e+00,-2.451939606e-03
4.645000000e-04,5.000000000e+00,4.754928606e+00,4.509857336e+00,-2.450713942e-03
4.646000000e-04,5.000000000e+00,4.755051111e+00,4.510102346e+00,-2.449488892e-03
4.647000000e-04,5.000000000e+00,4.755173555e+00,4.510347233e+00,-2.448264454e-03
4.648000000e-04,5.000000000e+00,4.755295938e+00,4.510591998e+00,-2.447040628e-03
4.649000000e-04,5.000000000e+00,4.755418259e+00,4.510836641e+00,-2.445817414e-03
4.650000000e-04,5.000000000e+00,4.755540519e+00,4.511081161e+00,-2.444594811e-03
4.651000000e-04,5.000000000e+00,4.755662719e+00,4.511325560e+00,-2.443372820e-03
4.652000000e-04,5.000000000e+00,4.755784857e+00,4.511569836e+00,-2.442151439e-03
4.653000000e-04,5.000000000e+00,4.755906934e+00,4.511813990e+00,-2.440930669e-03
4.654000000e-04,5.000000000e+00,4.756028950e+00,4.512058022e+00,-2.439710509e-03
4.655000000e-04,5.000000000e+00,4.756150905e+00,4.512301932e+00,-2.438490959e-03
4.656000000e-04,5.000000000e+00,4.756272799e+00,4.512545720e+00,-2.437272018e-03
4.657000000e-04,5.000000000e+00,4.756394632e+00,4.512789386e+00,-2.436053687e-03
4.658000000e-04,5.000000000e+00,4.756516404e+00,4.513032930e+00,-2.434835965e-03
4.659000000e-04,5.000000000e+00,4.756638115e+00,4.513276353e+00,-2.433618852e-03
4.660000000e-04,5.000000000e+00,4.756759766e+00,4.513519654e+00,-2.432402347e-03
4.661000000e-04,5.000000000e+00,4.756881356e+00,4.513762833e+00,-2.431186450e-03
4.662000000e-04,5.000000000e+00,4.757002884e+00,4.514005891e+00,-2.429971161e-03
4.663000000e-04,5.000000000e+00,4.757124353e+00,4.514248827e+00,-2.428756479e-03
4.664000000e-04,5.000000000e+00,4.757245760e+00,4.514491642e+00,-2.427542405e-03
4.665000000e-04,5.000000000e+00,4.757367107e+00,4.514734335e+00,-2.426328937e-03
4.666000000e-04,5.000000000e+00,4.757488393e+00,4.514976907e+00,-2.425116076e-03
4.667000000e-04,5.000000000e+00,4.757609618e+00,4.515219358e+00,-2.423903822e-03
4.668000000e-04,5.000000000e+00,4.757730783e+00,4.515461688e+00,-2.422692173e-03
4.669000000e-04,5.000000000e+00,4.757851888e+00,4.515703897e+00,-2.421481130e-03
4.670000000e-04,5.000000000e+00,4.757972931e+00,4.515945984e+00,-2.420270692e-03
4.671000000e-04,5.000000000e+00,4.758093915e+00,4.516187950e+00,-2.419060860e-03
4.672000000e-04,5.000000000e+00,4.758214837e+00,4.516429796e+00,-2.417851632e-03
4.673000000e-04,5.000000000e+00,4.758335700e+00,4.516671521e+00,-2.416643009e-03
4.674000000e-04,5.000000000e+00,4.758456502e+00,4.516913124e+00,-2.415434989e-03
4.675000000e-04,5.000000000e+00,4.758577243e+00,4.517154607e+00,-2.414227574e-03
4.676000000e-04,5.000000000e+00,4.758697924e+00,4.517395970e+00,-2.413020762e-03
4.677000000e-04,5.000000000e+00,4.758818545e+00,4.517637211e+00,-2.411814554e-03
4.678000000e-04,5.000000000e+00,4.758939106e+00,4.517878332e+00,-2.410608948e-03
4.679000000e-04,5.000000000e+00,4.759059606e+00,4.518119333e+00,-2.409403945e-03
4.680000000e-04,5.000000000e+00,4.759180046e+00,4.518360213e+00,-2.408199545e-03
4.681000000e-04,5.000000000e+00,4.759300426e+00,4.518600973e+00,-2.406995746e-03
4.682000000e-04,5.000000000e+00,4.759420746e+00,4.518841612e+00,-2.405792550e-03
4.683000000e-04,5.000000000e+00,4.759541005e+00,4.519082131e+00,-2.404589954e-03
4.684000000e-04,5.000000000e+00,4.759661204e+00,4.519322530e+00,-2.403387960e-03
4.685000000e-04,5.000000000e+00,4.759781344e+00,4.519562808e+00,-2.402186567e-03
4.686000000e-04,5.000000000e+00,4.759901423e+00,4.519802967e+00,-2.400985774e-03
4.687000000e-04,5.000000000e+00,4.760021442e+00,4.520043005e+00,-2.399785582e-03
4.688000000e-04,5.000000000e+00,4.760141402e+00,4.520282924e+00,-2.398585989e-03
4.689000000e-04,5.000000000e+00,4.760261301e+00,4.520522722e+00,-2.397386996e-03
4.690000000e-04,5.000000000e+00,4.760381140e+00,4.520762401e+00,-2.396188602e-03
4.691000000e-04,5.000000000e+00,4.760500920e+00,4.521001960e+00,-2.394990808e-03
4.692000000e-04,5.000000000e+00,4.760620639e+00,4.521241399e+00,-2.393793612e-03
4.693000000e-04,5.000000000e+00,4.760740299e+00,4.521480718e+00,-2.392597015e-03
4.694000000e-04,5.000000000e+00,4.760859899e+00,4.521719918e+00,-2.391401016e-03
4.695000000e-04,5.000000000e+00,4.760979439e+00,4.521958998e+00,-2.390205614e-03
4.696000000e-04,5.000000000e+00,4.761098919e+00,4.522197959e+00,-2.389010811e-03
4.697000000e-04,5.000000000e+00,4.761218340e+00,4.522436800e+00,-2.387816604e-03
4.698000000e-04,5.000000000e+00,4.761337701e+00,4.522675522e+00,-2.386622994e-03
4.699000000e-04,5.000000000e+00,4.761457002e+00,4.522914124e+00,-2.385429981e-03
4.700000000e-04,5.000000000e+00,4.761576244e+00,4.523152608e+00,-2.384237565e-03
4.701000000e-04,5.000000000e+00,4.761695426e+00,4.523390972e+00,-2.383045744e-03
4.702000000e-04,5.000000000e+00,4.761814549e+00,4.523629217e+00,-2.381854520e-03
4.703000000e-04,5.000000000e+00,4.761933611e+00,4.523867342e+00,-2.380663890e-03
4.704000000e-04,5.000000000e+00,4.762052615e+00,4.524105349e+00,-2.379473856e-03
4.705000000e-04,5.000000000e+00,4.762171559e+00,4.524343237e+00,-2.378284417e-03
4.706000000e-04,5.000000000e+00,4.762290443e+00,4.524581006e+00,-2.377095572e-03
4.707000000e-04,5.000000000e+00,4.762409268e+00,4.524818656e+00,-2.375907322e-03
4.708000000e-04,5.000000000e+00,4.762528034e+00,4.525056187e+00,-2.374719665e-03
4.709000000e-04,5.000000000e+00,4.762646740e+00,4.525293600e+00,-2.373532603e-03
4.710000000e-04,5.000000000e+00,4.762765387e+00,4.525530893e+00,-2.372346133e-03
4.711000000e-04,5.000000000e+00,4.762883975e+00,4.525768069e+00,-2.371160257e-03
4.712000000e-04,5.000000000e+00,4.763002503e+00,4.526005125e+00,-2.369974974e-03
4.713000000e-04,5.000000000e+00,4.763120972e+00,4.526242063e+00,-2.368790283e-03
4.714000000e-04,5.000000000e+00,4.763239382e+00,4.526478883e+00,-2.367606184e-03
4.715000000e-04,5.000000000e+00,4.763357733e+00,4.526715584e+00,-2.366422677e-03
4.716000000e-04,5.000000000e+00,4.763476024e+00,4.526952167e+00,-2.365239762e-03
4.717000000e-04,5.000000000e+00,4.763594257e+00,4.527188632e+00,-2.364057438e-03
4.718000000e-04,5.000000000e+00,4.763712430e+00,4.527424979e+00,-2.362875705e-03
4.719000000e-04,5.000000000e+00,4.763830544e+00,4.527661207e+00,-2.361694562e-03
4.720000000e-04,5.000000000e+00,4.763948599e+00,4.527897317e+00,-2.360514011e-03
4.721000000e-04,5.000000000e+00,4.764066596e+00,4.528133310e+00,-2.359334049e-03
4.722000000e-04,5.000000000e+00,4.764184533e+00,4.528369184e+00,-2.358154677e-03
4.723000000e-04,5.000000000e+00,4.764302411e+00,4.528604940e+00,-2.356975895e-03
4.724000000e-04,5.000000000e+00,4.764420230e+00,4.528840579e+00,-2.355797702e-03
4.725000000e-04,5.000000000e+00,4.764537991e+00,4.529076100e+00,-2.354620097e-03
4.726000000e-04,5.000000000e+00,4.764655692e+00,4.529311503e+00,-2.353443082e-03
4.727000000e-04,5.000000000e+00,4.764773335e+00,4.529546788e+00,-2.352266655e-03
4.728000000e-04,5.000000000e+00,4.764890919e+00,4.529781956e+00,-2.351090816e-03
4.729000000e-04,5.000000000e+00,4.765008444e+00,4.530017006e+00,-2.349915565e-03
4.730000000e-04,5.000000000e+00,4.765125910e+00,4.530251939e+00,-2.348740901e-03
4.731000000e-04,5.000000000e+00,4.765243318e+00,4.530486754e+00,-2.347566824e-03
4.732000000e-04,5.000000000e+00,4.765360667e+00,4.530721452e+00,-2.346393334e-03
4.733000000e-04,5.000000000e+00,4.765477957e+00,4.530956032e+00,-2.345220431e-03
4.734000000e-04,5.000000000e+00,4.765595189e+00,4.531190496e+00,-2.344048114e-03
4.735000000e-04,5.000000000e+00,4.765712362e+00,4.531424842e+00,-2.342876384e-03
4.736000000e-04,5.000000000e+00,4.765829477e+00,4.531659071e+00,-2.341705239e-03
4.737000000e-04,5.000000000e+00,4.765946533e+00,4.531893183e+00,-2.340534679e-03
4.738000000e-04,5.000000000e+00,4.766063530e+00,4.532127178e+00,-2.339364704e-03
4.739000000e-04,5.000000000e+00,4.766180469e+00,4.532361055e+00,-2.338195315e-03
4.740000000e-04,5.000000000e+00,4.766297350e+00,4.532594816e+00,-2.337026509e-03
4.741000000e-04,5.000000000e+00,4.766414172e+00,4.532828461e+00,-2.335858289e-03
4.742000000e-04,5.000000000e+00,4.766530935e+00,4.533061988e+00,-2.334690652e-03
4.743000000e-04,5.000000000e+00,4.766647641e+00,4.533295398e+00,-2.333523598e-03
4.744000000e-04,5.000000000e+00,4.766764288e+00,4.533528692e+00,-2.332357129e-03
4.745000000e-04,5.000000000e+00,4.766880876e+00,4.533761870e+00,-2.331191242e-03
4.746000000e-04,5.000000000e+00,4.766997407e+00,4.533994930e+00,-2.330025938e-03
4.747000000e-04,5.000000000e+00,4.767113879e+00,4.534227875e+00,-2.328861216e-03
4.748000000e-04,5.000000000e+00,4.767230293e+00,4.534460702e+00,-2.327697077e-03
4.749000000e-04,5.000000000e+00,4.767346649e+00,4.534693414e+00,-2.326533520e-03
4.750000000e-04,5.000000000e+00,4.767462946e+00,4.534926009e+00,-2.325370544e-03
4.751000000e-04,5.000000000e+00,4.767579186e+00,4.535158488e+00,-2.324208150e-03
4.752000000e-04,5.000000000e+00,4.767695367e+00,4.535390850e+00,-2.323046336e-03
4.753000000e-04,5.000000000e+00,4.767811490e+00,4.535623097e+00,-2.321885104e-03
4.754000000e-04,5.000000000e+00,4.767927555e+00,4.535855227e+00,-2.320724452e-03
4.755000000e-04,5.000000000e+00,4.768043563e+00,4.536087241e+00,-2.319564380e-03
4.756000000e-04,5.000000000e+00,4.768159512e+00,4.536319140e+00,-2.318404888e-03
4.757000000e-04,5.000000000e+00,4.768275403e+00,4.536550922e+00,-2.317245975e-03
4.758000000e-04,5.000000000e+00,4.768391236e+00,4.536782589e+00,-2.316087642e-03
4.759000000e-04,5.000000000e+00,4.768507012e+00,4.537014140e+00,-2.314929888e-03
4.760000000e-04,5.000000000e+00,4.768622729e+00,4.537245575e+00,-2.313772713e-03
4.761000000e-04,5.000000000e+00,4.768738389e+00,4.537476894e+00,-2.312616116e-03
4.762000000e-04,5.000000000e+00,4.768853991e+00,4.537708098e+00,-2.311460097e-03
4.763000000e-04,5.000000000e+00,4.768969535e+00,4.537939186e+00,-2.310304656e-03
4.764000000e-04,5.000000000e+00,4.769085021e+00,4.538170158e+00,-2.309149793e-03
4.765000000e-04,5.000000000e+00,4.769200450e+00,4.538401015e+00,-2.307995507e-03
4.766000000e-04,5.000000000e+00,4.769315821e+00,4.538631757e+00,-2.306841798e-03
4.767000000e-04,5.000000000e+00,4.769431134e+00,4.538862384e+00,-2.305688666e-03
4.768000000e-04,5.000000000e+00,4.769546390e+00,4.539092895e+00,-2.304536110e-03
4.769000000e-04,5.000000000e+00,4.769661587e+00,4.539323291e+00,-2.303384130e-03
4.770000000e-04,5.000000000e+00,4.769776728e+00,4.539553571e+00,-2.302232726e-03
4.771000000e-04,5.000000000e+00,4.769891811e+00,4.539783737e+00,-2.301081898e-03
4.772000000e-04,5.000000000e+00,4.770006836e+00,4.540013788e+00,-2.299931645e-03
4.773000000e-04,5.000000000e+00,4.770121804e+00,4.540243723e+00,-2.298781967e-03
4.774000000e-04,5.000000000e+00,4.770236714e+00,4.540473544e+00,-2.297632863e-03
4.775000000e-04,5.000000000e+00,4.770351567e+00,4.540703249e+00,-2.296484334e-03
4.776000000e-04,5.000000000e+00,4.770466363e+00,4.540932840e+00,-2.295336379e-03
4.777000000e-04,5.000000000e+00,4.770581101e+00,4.541162317e+00,-2.294188998e-03
4.778000000e-04,5.000000000e+00,4.770695781e+00,4.541391678e+00,-2.293042191e-03
4.779000000e-04,5.000000000e+00,4.770810405e+00,4.541620925e+00,-2.291895957e-03
4.780000000e-04,5.000000000e+00,4.770924971e+00,4.541850057e+00,-2.290750295e-03
4.781000000e-04,5.000000000e+00,4.771039480e+00,4.542079075e+00,-2.289605207e-03
4.782000000e-04,5.000000000e+00,4.771153931e+00,4.542307978e+00,-2.288460691e-03
4.783000000e-04,5.000000000e+00,4.771268326e+00,4.542536767e+00,-2.287316747e-03
4.784000000e-04,5.000000000e+00,4.771382663e+00,4.542765441e+00,-2.286173374e-03
4.785000000e-04,5.000000000e+00,4.771496943e+00,4.542994001e+00,-2.285030574e-03
4.786000000e-04,5.000000000e+00,4.771611166e+00,4.543222447e+00,-2.283888344e-03
4.787000000e-04,5.000000000e+00,4.771725332e+00,4.543450778e+00,-2.282746686e-03
4.788000000e-04,5.000000000e+00,4.771839441e+00,4.543678996e+00,-2.281605598e-03
4.789000000e-04,5.000000000e+00,4.771953492e+00,4.543907099e+00,-2.280465081e-03
4.790000000e-04,5.000000000e+00,4.772067487e+00,4.544135089e+00,-2.279325133e-03
4.791000000e-04,5.000000000e+00,4.772181425e+00,4.544362964e+00,-2.278185756e-03
4.792000000e-04,5.000000000e+00,4.772295306e+00,4.544590726e+00,-2.277046948e-03
4.793000000e-04,5.000000000e+00,4.772409130e+00,4.544818373e+00,-2.275908709e-03
4.794000000e-04,5.000000000e+00,4.772522897e+00,4.545045907e+00,-2.274771040e-03
4.795000000e-04,5.000000000e+00,4.772636607e+00,4.545273327e+00,-2.273633939e-03
4.796000000e-04,5.000000000e+00,4.772750260e+00,4.545500634e+00,-2.272497406e-03
4.797000000e-04,5.000000000e+00,4.772863856e+00,4.545727827e+00,-2.271361442e-03
4.798000000e-04,5.000000000e+00,4.772977396e+00,4.545954906e+00,-2.270226045e-03
4.799000000e-04,5.000000000e+00,4.773090879e+00,4.546181872e+00,-2.269091216e-03
4.800000000e-04,5.000000000e+00,4.773204305e+00,4.546408724e+00,-2.267956955e-03
4.801000000e-04,5.000000000e+00,4.773317675e+00,4.546635463e+00,-2.266823260e-03
4.802000000e-04,5.000000000e+00,4.773430987e+00,4.546862088e+00,-2.265690132e-03
4.803000000e-04,5.000000000e+00,4.773544243e+00,4.547088601e+00,-2.264557570e-03
4.804000000e-04,5.000000000e+00,4.773657443e+00,4.547315000e+00,-2.263425575e-03
4.805000000e-04,5.000000000e+00,4.773770586e+00,4.547541286e+00,-2.262294145e-03
4.806000000e-04,5.000000000e+00,4.773883672e+00,4.547767458e+00,-2.261163281e-03
4.807000000e-04,5.000000000e+00,4.773996702e+00,4.547993518e+00,-2.260032982e-03
4.808000000e-04,5.000000000e+00,4.774109676e+00,4.548219465e+00,-2.258903249e-03
4.809000000e-04,5.000000000e+00,4.774222593e+00,4.548445298e+00,-2.257774080e-03
4.810000000e-04,5.000000000e+00,4.774335453e+00,4.548671019e+00,-2.256645475e-03
4.811000000e-04,5.000000000e+00,4.774448257e+00,4.548896627e+00,-2.255517434e-03
4.812000000e-04,5.000000000e+00,4.774561005e+00,4.549122123e+00,-2.254389958e-03
4.813000000e-04,5.000000000e+00,4.774673696e+00,4.549347505e+00,-2.253263045e-03
4.814000000e-04,5.000000000e+00,4.774786331e+00,4.549572775e+00,-2.252136695e-03
4.815000000e-04,5.000000000e+00,4.774898910e+00,4.549797932e+00,-2.251010909e-03
4.816000000e-04,5.000000000e+00,4.775011432e+00,4.550022977e+00,-2.249885685e-03
4.817000000e-04,5.000000000e+00,4.775123898e+00,4.550247909e+00,-2.248761024e-03
4.818000000e-04,5.000000000e+00,4.775236308e+00,4.550472729e+00,-2.247636924e-03
4.819000000e-04,5.000000000e+00,4.775348662e+00,4.550697436e+00,-2.246513387e-03
4.820000000e-04,5.000000000e+00,4.775460959e+00,4.550922031e+00,-2.245390411e-03
4.821000000e-04,5.000000000e+00,4.775573201e+00,4.551146514e+00,-2.244267997e-03
4.822000000e-04,5.000000000e+00,4.775685386e+00,4.551370885e+00,-2.243146144e-03
4.823000000e-04,5.000000000e+00,4.775797515e+00,4.551595143e+00,-2.242024851e-03
4.824000000e-04,5.000000000e+00,4.775909589e+00,4.551819290e+00,-2.240904119e-03
4.825000000e-04,5.000000000e+00,4.776021606e+00,4.552043324e+00,-2.239783948e-03
4.826000000e-04,5.000000000e+00,4.776133567e+00,4.552267246e+00,-2.238664336e-03
4.827000000e-04,5.000000000e+00,4.776245472e+00,4.552491057e+00,-2.237545284e-03
4.828000000e-04,5.000000000e+00,4.776357321e+00,4.552714755e+00,-2.236426791e-03
4.829000000e-04,5.000000000e+00,4.776469115e+00,4.552938342e+00,-2.235308858e-03
4.830000000e-04,5.000000000e+00,4.776580852e+00,4.553161817e+00,-2.234191483e-03
4.831000000e-04,5.000000000e+00,4.776692534e+00,4.553385180e+00,-2.233074667e-03
4.832000000e-04,5.000000000e+00,4.776804160e+00,4.553608431e+00,-2.231958409e-03
4.833000000e-04,5.000000000e+00,4.776915730e+00,4.553831571e+00,-2.230842709e-03
4.834000000e-04,5.000000000e+00,4.777027244e+00,4.554054600e+00,-2.229727566e-03
4.835000000e-04,5.000000000e+00,4.777138702e+00,4.554277517e+00,-2.228612981e-03
4.836000000e-04,5.000000000e+00,4.777250105e+00,4.554500322e+00,-2.227498954e-03
4.837000000e-04,5.000000000e+00,4.777361452e+00,4.554723016e+00,-2.226385483e-03
4.838000000e-04,5.000000000e+00,4.777472744e+00,4.554945599e+00,-2.225272569e-03
4.839000000e-04,5.000000000e+00,4.777583979e+00,4.555168071e+00,-2.224160211e-03
4.840000000e-04,5.000000000e+00,4.777695160e+00,4.555390431e+00,-2.223048409e-03
4.841000000e-04,5.000000000e+00,4.777806284e+00,4.555612680e+00,-2.221937163e-03
4.842000000e-04,5.000000000e+00,4.777917353e+00,4.555834818e+00,-2.220826472e-03
4.843000000e-04,5.000000000e+00,4.778028367e+00,4.556056845e+00,-2.219716337e-03
4.844000000e-04,5.000000000e+00,4.778139325e+00,4.556278761e+00,-2.218606756e-03
4.845000000e-04,5.000000000e+00,4.778250227e+00,4.556500566e+00,-2.217497731e-03
4.846000000e-04,5.000000000e+00,4.778361075e+00,4.556722260e+00,-2.216389259e-03
4.847000000e-04,5.000000000e+00,4.778471866e+00,4.556943844e+00,-2.215281342e-03
4.848000000e-04,5.000000000e+00,4.778582603e+00,4.557165317e+00,-2.214173978e-03
4.849000000e-04,5.000000000e+00,4.778693284e+00,4.557386678e+00,-2.213067168e-03
4.850000000e-04,5.000000000e+00,4.778803909e+00,4.557607930e+00,-2.211960912e-03
4.851000000e-04,5.000000000e+00,4.778914480e+00,4.557829070e+00,-2.210855208e-03
4.852000000e-04,5.000000000e+00,4.779024995e+00,4.558050101e+00,-2.209750057e-03
4.853000000e-04,5.000000000e+00,4.779135455e+00,4.558271020e+00,-2.208645458e-03
4.854000000e-04,5.000000000e+00,4.779245859e+00,4.558491829e+00,-2.207541412e-03
4.855000000e-04,5.000000000e+00,4.779356209e+00,4.558712528e+00,-2.206437917e-03
4.856000000e-04,5.000000000e+00,4.779466503e+00,4.558933117e+00,-2.205334974e-03
4.857000000e-04,5.000000000e+00,4.779576742e+00,4.559153595e+00,-2.204232583e-03
4.858000000e-04,5.000000000e+00,4.779686926e+00,4.559373963e+00,-2.203130742e-03
4.859000000e-04,5.000000000e+00,4.779797055e+00,4.559594221e+00,-2.202029452e-03
4.860000000e-04,5.000000000e+00,4.779907129e+00,4.559814369e+00,-2.200928713e-03
4.861000000e-04,5.000000000e+00,4.780017148e+00,4.560034407e+00,-2.199828524e-03
4.862000000e-04,5.000000000e+00,4.780127112e+00,4.560254334e+00,-2.198728885e-03
4.863000000e-04,5.000000000e+00,4.780237021e+00,4.560474152e+00,-2.197629796e-03
4.864000000e-04,5.000000000e+00,4.780346875e+00,4.560693860e+00,-2.196531256e-03
4.865000000e-04,5.000000000e+00,4.780456674e+00,4.560913458e+00,-2.195433265e-03
4.866000000e-04,5.000000000e+00,4.780566418e+00,4.561132947e+00,-2.194335823e-03
4.867000000e-04,5.000000000e+00,4.780676108e+00,4.561352325e+00,-2.193238930e-03
4.868000000e-04,5.000000000e+00,4.780785742e+00,4.561571594e+00,-2.192142584e-03
4.869000000e-04,5.000000000e+00,4.780895322e+00,4.561790754e+00,-2.191046787e-03
4.870000000e-04,5.000000000e+00,4.781004847e+00,4.562009803e+00,-2.189951538e-03
4.871000000e-04,5.000000000e+00,4.781114317e+00,4.562228744e+00,-2.188856836e-03
4.872000000e-04,5.000000000e+00,4.781223732e+00,4.562447575e+00,-2.187762682e-03
4.873000000e-04,5.000000000e+00,4.781333093e+00,4.562666296e+00,-2.186669074e-03
4.874000000e-04,5.000000000e+00,4.781442399e+00,4.562884908e+00,-2.185576013e-03
4.875000000e-04,5.000000000e+00,4.781551651e+00,4.563103411e+00,-2.184483499e-03
4.876000000e-04,5.000000000e+00,4.781660847e+00,4.563321805e+00,-2.183391530e-03
4.877000000e-04,5.000000000e+00,4.781769990e+00,4.563540089e+00,-2.182300107e-03
4.878000000e-04,5.000000000e+00,4.781879077e+00,4.563758264e+00,-2.181209230e-03
4.879000000e-04,5.000000000e+00,4.781988111e+00,4.563976331e+00,-2.180118899e-03
4.880000000e-04,5.000000000e+00,4.782097089e+00,4.564194288e+00,-2.179029112e-03
4.881000000e-04,5.000000000e+00,4.782206014e+00,4.564412136e+00,-2.177939870e-03
4.882000000e-04,5.000000000e+00,4.782314883e+00,4.564629876e+00,-2.176851173e-03
4.883000000e-04,5.000000000e+00,4.782423699e+00,4.564847506e+00,-2.175763019e-03
4.884000000e-04,5.000000000e+00,4.782532460e+00,4.565065028e+00,-2.174675410e-03
4.885000000e-04,5.000000000e+00,4.782641166e+00,4.565282441e+00,-2.173588344e-03
4.886000000e-04,5.000000000e+00,4.782749818e+00,4.565499746e+00,-2.172501822e-03
4.887000000e-04,5.000000000e+00,4.782858416e+00,4.565716941e+00,-2.171415843e-03
4.888000000e-04,5.000000000e+00,4.782966960e+00,4.565934029e+00,-2.170330407e-03
4.889000000e-04,5.000000000e+00,4.783075449e+00,4.566151007e+00,-2.169245513e-03
4.890000000e-04,5.000000000e+00,4.783183884e+00,4.566367878e+00,-2.168161162e-03
4.891000000e-04,5.000000000e+00,4.783292265e+00,4.566584639e+00,-2.167077352e-03
4.892000000e-04,5.000000000e+00,4.783400592e+00,4.566801293e+00,-2.165994085e-03
4.893000000e-04,5.000000000e+00,4.783508865e+00,4.567017838e+00,-2.164911359e-03
4.894000000e-04,5.000000000e+00,4.783617083e+00,4.567234275e+00,-2.163829174e-03
4.895000000e-04,5.000000000e+00,4.783725248e+00,4.567450604e+00,-2.162747530e-03
4.896000000e-04,5.000000000e+00,4.783833358e+00,4.567666824e+00,-2.161666427e-03
4.897000000e-04,5.000000000e+00,4.783941414e+00,4.567882937e+00,-2.160585864e-03
4.898000000e-04,5.000000000e+00,4.784049416e+00,4.568098941e+00,-2.159505841e-03
4.899000000e-04,5.000000000e+00,4.784157365e+00,4.568314838e+00,-2.158426358e-03
4.900000000e-04,5.000000000e+00,4.784265259e+00,4.568530626e+00,-2.157347415e-03
4.901000000e-04,5.000000000e+00,4.784373099e+00,4.568746307e+00,-2.156269012e-03
4.902000000e-04,5.000000000e+00,4.784480886e+00,4.568961880e+00,-2.155191147e-03
4.903000000e-04,5.000000000e+00,4.784588618e+00,4.569177345e+00,-2.154113821e-03
4.904000000e-04,5.000000000e+00,4.784696297e+00,4.569392702e+00,-2.153037033e-03
4.905000000e-04,5.000000000e+00,4.784803922e+00,4.569607952e+00,-2.151960784e-03
4.906000000e-04,5.000000000e+00,4.784911493e+00,4.569823094e+00,-2.150885073e-03
4.907000000e-04,5.000000000e+00,4.785019011e+00,4.570038129e+00,-2.149809900e-03
4.908000000e-04,5.000000000e+00,4.785126474e+00,4.570253056e+00,-2.148735264e-03
4.909000000e-04,5.000000000e+00,4.785233884e+00,4.570467876e+00,-2.147661165e-03
4.910000000e-04,5.000000000e+00,4.785341240e+00,4.570682588e+00,-2.146587603e-03
4.911000000e-04,5.000000000e+00,4.785448543e+00,4.570897193e+00,-2.145514578e-03
4.912000000e-04,5.000000000e+00,4.785555792e+00,4.571111691e+00,-2.144442089e-03
4.913000000e-04,5.000000000e+00,4.785662987e+00,4.571326081e+00,-2.143370136e-03
4.914000000e-04,5.000000000e+00,4.785770129e+00,4.571540365e+00,-2.142298719e-03
4.915000000e-04,5.000000000e+00,4.785877217e+00,4.571754541e+00,-2.141227838e-03
4.916000000e-04,5.000000000e+00,4.785984251e+00,4.571968610e+00,-2.140157492e-03
4.917000000e-04,5.000000000e+00,4.786091232e+00,4.572182572e+00,-2.139087681e-03
4.918000000e-04,5.000000000e+00,4.786198160e+00,4.572396428e+00,-2.138018404e-03
4.919000000e-04,5.000000000e+00,4.786305034e+00,4.572610176e+00,-2.136949663e-03
4.920000000e-04,5.000000000e+00,4.786411855e+00,4.572823817e+00,-2.135881455e-03
4.921000000e-04,5.000000000e+00,4.786518622e+00,4.573037352e+00,-2.134813782e-03
4.922000000e-04,5.000000000e+00,4.786625336e+00,4.573250780e+00,-2.133746642e-03
4.923000000e-04,5.000000000e+00,4.786731997e+00,4.573464101e+00,-2.132680035e-03
4.924000000e-04,5.000000000e+00,4.786838604e+00,4.573677316e+00,-2.131613962e-03
4.925000000e-04,5.000000000e+00,4.786945158e+00,4.573890424e+00,-2.130548422e-03
4.926000000e-04,5.000000000e+00,4.787051659e+00,4.574103425e+00,-2.129483414e-03
4.927000000e-04,5.000000000e+00,4.787158107e+00,4.574316320e+00,-2.128418939e-03
4.928000000e-04,5.000000000e+00,4.787264501e+00,4.574529109e+00,-2.127354996e-03
4.929000000e-04,5.000000000e+00,4.787370842e+00,4.574741791e+00,-2.126291584e-03
4.930000000e-04,5.000000000e+00,4.787477130e+00,4.574954367e+00,-2.125228705e-03
4.931000000e-04,5.000000000e+00,4.787583365e+00,4.575166836e+00,-2.124166356e-03
4.932000000e-04,5.000000000e+00,4.787689547e+00,4.575379200e+00,-2.123104539e-03
4.933000000e-04,5.000000000e+00,4.787795675e+00,4.575591457e+00,-2.122043252e-03
4.934000000e-04,5.000000000e+00,4.787901751e+00,4.575803608e+00,-2.120982496e-03
4.935000000e-04,5.000000000e+00,4.788007774e+00,4.576015653e+00,-2.119922270e-03
4.936000000e-04,5.000000000e+00,4.788113743e+00,4.576227593e+00,-2.118862574e-03
4.937000000e-04,5.000000000e+00,4.788219660e+00,4.576439426e+00,-2.117803408e-03
4.938000000e-04,5.000000000e+00,4.788325523e+00,4.576651153e+00,-2.116744771e-03
4.939000000e-04,5.000000000e+00,4.788431334e+00,4.576862775e+00,-2.115686663e-03
4.940000000e-04,5.000000000e+00,4.788537092e+00,4.577074290e+00,-2.114629085e-03
4.941000000e-04,5.000000000e+00,4.788642797e+00,4.577285700e+00,-2.113572035e-03
4.942000000e-04,5.000000000e+00,4.788748449e+00,4.577497004e+00,-2.112515513e-03
4.943000000e-04,5.000000000e+00,4.788854049e+00,4.577708203e+00,-2.111459520e-03
4.944000000e-04,5.000000000e+00,4.788959595e+00,4.577919296e+00,-2.110404054e-03
4.945000000e-04,5.000000000e+00,4.789065089e+00,4.578130284e+00,-2.109349116e-03
4.946000000e-04,5.000000000e+00,4.789170530e+00,4.578341166e+00,-2.108294705e-03
4.947000000e-04,5.000000000e+00,4.789275918e+00,4.578551942e+00,-2.107240822e-03
4.948000000e-04,5.000000000e+00,4.789381254e+00,4.578762614e+00,-2.106187465e-03
4.949000000e-04,5.000000000e+00,4.789486537e+00,4.578973180e+00,-2.105134635e-03
4.950000000e-04,5.000000000e+00,4.789591767e+00,4.579183641e+00,-2.104082331e-03
4.951000000e-04,5.000000000e+00,4.789696945e+00,4.579393996e+00,-2.103030553e-03
4.952000000e-04,5.000000000e+00,4.789802070e+00,4.579604246e+00,-2.101979301e-03
4.953000000e-04,5.000000000e+00,4.789907143e+00,4.579814392e+00,-2.100928574e-03
4.954000000e-04,5.000000000e+00,4.790012163e+00,4.580024432e+00,-2.099878373e-03
4.955000000e-04,5.000000000e+00,4.790117131e+00,4.580234367e+00,-2.098828696e-03
4.956000000e-04,5.000000000e+00,4.790222046e+00,4.580444198e+00,-2.097779544e-03
4.957000000e-04,5.000000000e+00,4.790326909e+00,4.580653923e+00,-2.096730917e-03
4.958000000e-04,5.000000000e+00,4.790431719e+00,4.580863543e+00,-2.095682814e-03
4.959000000e-04,5.000000000e+00,4.790536477e+00,4.581073059e+00,-2.094635235e-03
4.960000000e-04,5.000000000e+00,4.790641183e+00,4.581282470e+00,-2.093588179e-03
4.961000000e-04,5.000000000e+00,4.790745836e+00,4.581491777e+00,-2.092541647e-03
4.962000000e-04,5.000000000e+00,4.790850437e+00,4.581700978e+00,-2.091495638e-03
4.963000000e-04,5.000000000e+00,4.790954985e+00,4.581910076e+00,-2.090450152e-03
4.964000000e-04,5.000000000e+00,4.791059482e+00,4.582119068e+00,-2.089405188e-03
4.965000000e-04,5.000000000e+00,4.791163926e+00,4.582327957e+00,-2.088360747e-03
4.966000000e-04,5.000000000e+00,4.791268318e+00,4.582536740e+00,-2.087316828e-03
4.967000000e-04,5.000000000e+00,4.791372657e+00,4.582745420e+00,-2.086273430e-03
4.968000000e-04,5.000000000e+00,4.791476945e+00,4.582953995e+00,-2.085230555e-03
4.969000000e-04,5.000000000e+00,4.791581180e+00,4.583162466e+00,-2.084188200e-03
4.970000000e-04,5.000000000e+00,4.791685364e+00,4.583370832e+00,-2.083146367e-03
4.971000000e-04,5.000000000e+00,4.791789495e+00,4.583579095e+00,-2.082105054e-03
4.972000000e-04,5.000000000e+00,4.791893574e+00,4.583787253e+00,-2.081064262e-03
4.973000000e-04,5.000000000e+00,4.791997601e+00,4.583995307e+00,-2.080023991e-03
4.974000000e-04,5.000000000e+00,4.792101577e+00,4.584203258e+00,-2.078984239e-03
4.975000000e-04,5.000000000e+00,4.792205500e+00,4.584411104e+00,-2.077945007e-03
4.976000000e-04,5.000000000e+00,4.792309371e+00,4.584618846e+00,-2.076906294e-03
4.977000000e-04,5.000000000e+00,4.792413190e+00,4.584826485e+00,-2.075868101e-03
4.978000000e-04,5.000000000e+00,4.792516958e+00,4.585034020e+00,-2.074830427e-03
4.979000000e-04,5.000000000e+00,4.792620673e+00,4.585241451e+00,-2.073793271e-03
4.980000000e-04,5.000000000e+00,4.792724337e+00,4.585448778e+00,-2.072756634e-03
4.981000000e-04,5.000000000e+00,4.792827949e+00,4.585656002e+00,-2.071720515e-03
4.982000000e-04,5.000000000e+00,4.792931509e+00,4.585863122e+00,-2.070684914e-03
4.983000000e-04,5.000000000e+00,4.793035017e+00,4.586070139e+00,-2.069649830e-03
4.984000000e-04,5.000000000e+00,4.793138474e+00,4.586277052e+00,-2.068615264e-03
4.985000000e-04,5.000000000e+00,4.793241879e+00,4.586483862e+00,-2.067581215e-03
4.986000000e-04,5.000000000e+00,4.793345232e+00,4.586690568e+00,-2.066547683e-03
4.987000000e-04,5.000000000e+00,4.793448534e+00,4.586897171e+00,-2.065514668e-03
4.988000000e-04,5.000000000e+00,4.793551784e+00,4.587103671e+00,-2.064482169e-03
4.989000000e-04,5.000000000e+00,4.793654982e+00,4.587310067e+00,-2.063450186e-03
4.990000000e-04,5.000000000e+00,4.793758129e+00,4.587516361e+00,-2.062418719e-03
4.991000000e-04,5.000000000e+00,4.793861224e+00,4.587722551e+00,-2.061387768e-03
4.992000000e-04,5.000000000e+00,4.793964267e+00,4.587928638e+00,-2.060357332e-03
4.993000000e-04,5.000000000e+00,4.794067259e+00,4.588134622e+00,-2.059327411e-03
4.994000000e-04,5.000000000e+00,4.794170200e+00,4.588340503e+00,-2.058298005e-03
4.995000000e-04,5.000000000e+00,4.794273089e+00,4.588546282e+00,-2.057269114e-03
4.996000000e-04,5.000000000e+00,4.794375927e+00,4.588751957e+00,-2.056240736e-03
4.997000000e-04,5.000000000e+00,4.794478713e+00,4.588957530e+00,-2.055212873e-03
4.998000000e-04,5.000000000e+00,4.794581448e+00,4.589162999e+00,-2.054185524e-03
4.999000000e-04,5.000000000e+00,4.794684132e+00,4.589368367e+00,-2.053158688e-03
5.000000000e-04,5.000000000e+00,4.794786764e+00,4.589573631e+00,-2.052132366e-03
5.001000000e-04,5.000000000e+00,4.794889345e+00,4.589778793e+00,-2.051106556e-03
5.002000000e-04,5.000000000e+00,4.794991875e+00,4.589983852e+00,-2.050081260e-03
5.003000000e-04,5.000000000e+00,4.795094353e+00,4.590188809e+00,-2.049056475e-03
5.004000000e-04,5.000000000e+00,4.795196780e+00,4.590393663e+00,-2.048032203e-03
5.005000000e-04,5.000000000e+00,4.795299156e+00,4.590598415e+00,-2.047008444e-03
5.006000000e-04,5.000000000e+00,4.795401481e+00,4.590803065e+00,-2.045985195e-03
5.007000000e-04,5.000000000e+00,4.795503755e+00,4.591007612e+00,-2.044962459e-03
5.008000000e-04,5.000000000e+00,4.795605977e+00,4.591212057e+00,-2.043940233e-03
5.009000000e-04,5.000000000e+00,4.795708149e+00,4.591416400e+00,-2.042918519e-03
5.010000000e-04,5.000000000e+00,4.795810269e+00,4.591620641e+00,-2.041897315e-03
5.011000000e-04,5.000000000e+00,4.795912338e+00,4.591824779e+00,-2.040876622e-03
5.012000000e-04,5.000000000e+00,4.796014357e+00,4.592028816e+00,-2.039856439e-03
5.013000000e-04,5.000000000e+00,4.796116324e+00,4.592232750e+00,-2.038836766e-03
5.014000000e-04,5.000000000e+00,4.796218240e+00,4.592436583e+00,-2.037817603e-03
5.015000000e-04,5.000000000e+00,4.796320106e+00,4.592640314e+00,-2.036798949e-03
5.016000000e-04,5.000000000e+00,4.796421920e+00,4.592843942e+00,-2.035780804e-03
5.017000000e-04,5.000000000e+00,4.796523684e+00,4.593047470e+00,-2.034763169e-03
5.018000000e-04,5.000000000e+00,4.796625396e+00,4.593250895e+00,-2.033746041e-03
5.019000000e-04,5.000000000e+00,4.796727058e+00,4.593454219e+00,-2.032729423e-03
5.020000000e-04,5.000000000e+00,4.796828669e+00,4.593657441e+00,-2.031713312e-03
5.021000000e-04,5.000000000e+00,4.796930230e+00,4.593860561e+00,-2.030697710e-03
5.022000000e-04,5.000000000e+00,4.797031739e+00,4.594063580e+00,-2.029682615e-03
5.023000000e-04,5.000000000e+00,4.797133198e+00,4.594266497e+00,-2.028668028e-03
5.024000000e-04,5.000000000e+00,4.797234606e+00,4.594469313e+00,-2.027653948e-03
5.025000000e-04,5.000000000e+00,4.797335963e+00,4.594672028e+00,-2.026640374e-03
5.026000000e-04,5.000000000e+00,4.797437270e+00,4.594874641e+00,-2.025627308e-03
5.027000000e-04,5.000000000e+00,4.797538526e+00,4.595077153e+00,-2.024614747e-03
5.028000000e-04,5.000000000e+00,4.797639731e+00,4.595279564e+00,-2.023602693e-03
5.029000000e-04,5.000000000e+00,4.797740886e+00,4.595481874e+00,-2.022591145e-03
5.030000000e-04,5.000000000e+00,4.797841990e+00,4.595684082e+00,-2.021580103e-03
5.031000000e-04,5.000000000e+00,4.797943044e+00,4.595886189e+00,-2.020569565e-03
5.032000000e-04,5.000000000e+00,4.798044047e+00,4.596088196e+00,-2.019559533e-03
5.033000000e-04,5.000000000e+00,4.798145000e+00,4.596290101e+00,-2.018550006e-03
5.034000000e-04,5.000000000e+00,4.798245902e+00,4.596491906e+00,-2.017540984e-03
5.035000000e-04,5.000000000e+00,4.798346754e+00,4.596693609e+00,-2.016532466e-03
5.036000000e-04,5.000000000e+00,4.798447555e+00,4.596895212e+00,-2.015524452e-03
5.037000000e-04,5.000000000e+00,4.798548306e+00,4.597096714e+00,-2.014516942e-03
5.038000000e-04,5.000000000e+00,4.798649007e+00,4.597298115e+00,-2.013509935e-03
5.039000000e-04,5.000000000e+00,4.798749657e+00,4.597499416e+00,-2.012503432e-03
5.040000000e-04,5.000000000e+00,4.798850257e+00,4.597700616e+00,-2.011497432e-03
5.041000000e-04,5.000000000e+00,4.798950807e+00,4.597901715e+00,-2.010491935e-03
5.042000000e-04,5.000000000e+00,4.799051306e+00,4.598102714e+00,-2.009486941e-03
5.043000000e-04,5.000000000e+00,4.799151756e+00,4.598303612e+00,-2.008482449e-03
5.044000000e-04,5.000000000e+00,4.799252155e+00,4.598504410e+00,-2.007478459e-03
5.045000000e-04,5.000000000e+00,4.799352503e+00,4.598705108e+00,-2.006474971e-03
5.046000000e-04,5.000000000e+00,4.799452802e+00,4.598905705e+00,-2.005471984e-03
5.047000000e-04,5.000000000e+00,4.799553051e+00,4.599106202e+00,-2.004469499e-03
5.048000000e-04,5.000000000e+00,4.799653249e+00,4.599306599e+00,-2.003467515e-03
5.049000000e-04,5.000000000e+00,4.799753397e+00,4.599506895e+00,-2.002466032e-03
5.050000000e-04,5.000000000e+00,4.799853496e+00,4.599707092e+00,-2.001465049e-03
5.051000000e-04,5.000000000e+00,4.799953544e+00,4.599907188e+00,-2.000464567e-03
5.052000000e-04,5.000000000e+00,4.800053542e+00,4.600107184e+00,-1.999464585e-03
5.053000000e-04,5.000000000e+00,4.800153490e+00,4.600307081e+00,-1.998465103e-03
5.054000000e-04,5.000000000e+00,4.800253388e+00,4.600506877e+00,-1.997466121e-03
5.055000000e-04,5.000000000e+00,4.800353237e+00,4.600706574e+00,-1.996467637e-03
5.056000000e-04,5.000000000e+00,4.800453035e+00,4.600906171e+00,-1.995469653e-03
5.057000000e-04,5.000000000e+00,4.800552784e+00,4.601105668e+00,-1.994472168e-03
5.058000000e-04,5.000000000e+00,4.800652482e+00,4.601305065e+00,-1.993475182e-03
5.059000000e-04,5.000000000e+00,4.800752131e+00,4.601504362e+00,-1.992478693e-03
5.060000000e-04,5.000000000e+00,4.800851730e+00,4.601703560e+00,-1.991482703e-03
5.061000000e-04,5.000000000e+00,4.800951279e+00,4.601902659e+00,-1.990487211e-03
5.062000000e-04,5.000000000e+00,4.801050779e+00,4.602101658e+00,-1.989492216e-03
5.063000000e-04,5.000000000e+00,4.801150229e+00,4.602300557e+00,-1.988497719e-03
5.064000000e-04,5.000000000e+00,4.801249629e+00,4.602499357e+00,-1.987503719e-03
5.065000000e-04,5.000000000e+00,4.801348979e+00,4.602698058e+00,-1.986510216e-03
5.066000000e-04,5.000000000e+00,4.801448280e+00,4.602896659e+00,-1.985517209e-03
5.067000000e-04,5.000000000e+00,4.801547531e+00,4.603095161e+00,-1.984524699e-03
5.068000000e-04,5.000000000e+00,4.801646732e+00,4.603293564e+00,-1.983532685e-03
5.069000000e-04,5.000000000e+00,4.801745884e+00,4.603491867e+00,-1.982541167e-03
5.070000000e-04,5.000000000e+00,4.801844986e+00,4.603690072e+00,-1.981550144e-03
5.071000000e-04,5.000000000e+00,4.801944039e+00,4.603888177e+00,-1.980559617e-03
5.072000000e-04,5.000000000e+00,4.802043042e+00,4.604086183e+00,-1.979569585e-03
5.073000000e-04,5.000000000e+00,4.802141996e+00,4.604284091e+00,-1.978580048e-03
5.074000000e-04,5.000000000e+00,4.802240900e+00,4.604481899e+00,-1.977591005e-03
5.075000000e-04,5.000000000e+00,4.802339755e+00,4.604679609e+00,-1.976602457e-03
5.076000000e-04,5.000000000e+00,4.802438560e+00,4.604877220e+00,-1.975614403e-03
5.077000000e-04,5.000000000e+00,4.802537316e+00,4.605074732e+00,-1.974626843e-03
5.078000000e-04,5.000000000e+00,4.802636023e+00,4.605272145e+00,-1.973639777e-03
5.079000000e-04,5.000000000e+00,4.802734680e+00,4.605469459e+00,-1.972653204e-03
5.080000000e-04,5.000000000e+00,4.802833288e+00,4.605666675e+00,-1.971667124e-03
5.081000000e-04,5.000000000e+00,4.802931847e+00,4.605863793e+00,-1.970681537e-03
5.082000000e-04,5.000000000e+00,4.803030356e+00,4.606060811e+00,-1.969696443e-03
5.083000000e-04,5.000000000e+00,4.803128816e+00,4.606257732e+00,-1.968711841e-03
5.084000000e-04,5.000000000e+00,4.803227227e+00,4.606454554e+00,-1.967727732e-03
5.085000000e-04,5.000000000e+00,4.803325589e+00,4.606651277e+00,-1.966744114e-03
5.086000000e-04,5.000000000e+00,4.803423902e+00,4.606847902e+00,-1.965760988e-03
5.087000000e-04,5.000000000e+00,4.803522165e+00,4.607044429e+00,-1.964778353e-03
5.088000000e-04,5.000000000e+00,4.803620380e+00,4.607240858e+00,-1.963796210e-03
5.089000000e-04,5.000000000e+00,4.803718545e+00,4.607437188e+00,-1.962814558e-03
5.090000000e-04,5.000000000e+00,4.803816661e+00,4.607633420e+00,-1.961833396e-03
5.091000000e-04,5.000000000e+00,4.803914728e+00,4.607829555e+00,-1.960852725e-03
5.092000000e-04,5.000000000e+00,4.804012746e+00,4.608025591e+00,-1.959872543e-03
5.093000000e-04,5.000000000e+00,4.804110715e+00,4.608221529e+00,-1.958892852e-03
5.094000000e-04,5.000000000e+00,4.804208635e+00,4.608417369e+00,-1.957913651e-03
5.095000000e-04,5.000000000e+00,4.804306507e+00,4.608613112e+00,-1.956934939e-03
5.096000000e-04,5.000000000e+00,4.804404329e+00,4.608808756e+00,-1.955956716e-03
5.097000000e-04,5.000000000e+00,4.804502102e+00,4.609004303e+00,-1.954978983e-03
5.098000000e-04,5.000000000e+00,4.804599827e+00,4.609199752e+00,-1.954001738e-03
5.099000000e-04,5.000000000e+00,4.804697502e+00,4.609395103e+00,-1.953024981e-03
5.100000000e-04,5.000000000e+00,4.804795129e+00,4.609590356e+00,-1.952048713e-03
5.101000000e-04,5.000000000e+00,4.804892707e+00,4.609785512e+00,-1.951072933e-03
5.102000000e-04,5.000000000e+00,4.804990236e+00,4.609980571e+00,-1.950097641e-03
5.103000000e-04,5.000000000e+00,4.805087717e+00,4.610175532e+00,-1.949122836e-03
5.104000000e-04,5.000000000e+00,4.805185149e+00,4.610370395e+00,-1.948148518e-03
5.105000000e-04,5.000000000e+00,4.805282532e+00,4.610565161e+00,-1.947174688e-03
5.106000000e-04,5.000000000e+00,4.805379866e+00,4.610759830e+00,-1.946201344e-03
5.107000000e-04,5.000000000e+00,4.805477152e+00,4.610954401e+00,-1.945228487e-03
5.108000000e-04,5.000000000e+00,4.805574389e+00,4.611148875e+00,-1.944256116e-03
5.109000000e-04,5.000000000e+00,4.805671577e+00,4.611343252e+00,-1.943284231e-03
5.110000000e-04,5.000000000e+00,4.805768717e+00,4.611537532e+00,-1.942312832e-03
5.111000000e-04,5.000000000e+00,4.805865809e+00,4.611731715e+00,-1.941341919e-03
5.112000000e-04,5.000000000e+00,4.805962851e+00,4.611925800e+00,-1.940371491e-03
5.113000000e-04,5.000000000e+00,4.806059846e+00,4.612119789e+00,-1.939401548e-03
5.114000000e-04,5.000000000e+00,4.806156792e+00,4.612313681e+00,-1.938432089e-03
5.115000000e-04,5.000000000e+00,4.806253689e+00,4.612507475e+00,-1.937463116e-03
5.116000000e-04,5.000000000e+00,4.806350538e+00,4.612701173e+00,-1.936494627e-03
5.117000000e-04,5.000000000e+00,4.806447338e+00,4.612894774e+00,-1.935526622e-03
5.118000000e-04,5.000000000e+00,4.806544090e+00,4.613088278e+00,-1.934559101e-03
5.119000000e-04,5.000000000e+00,4.806640794e+00,4.613281686e+00,-1.933592063e-03
5.120000000e-04,5.000000000e+00,4.806737450e+00,4.613474996e+00,-1.932625509e-03
5.121000000e-04,5.000000000e+00,4.806834057e+00,4.613668210e+00,-1.931659438e-03
5.122000000e-04,5.000000000e+00,4.806930616e+00,4.613861328e+00,-1.930693850e-03
5.123000000e-04,5.000000000e+00,4.807027126e+00,4.614054349e+00,-1.929728744e-03
5.124000000e-04,5.000000000e+00,4.807123588e+00,4.614247274e+00,-1.928764121e-03
5.125000000e-04,5.000000000e+00,4.807220002e+00,4.614440102e+00,-1.927799981e-03
5.126000000e-04,5.000000000e+00,4.807316368e+00,4.614632833e+00,-1.926836322e-03
5.127000000e-04,5.000000000e+00,4.807412686e+00,4.614825469e+00,-1.925873145e-03
5.128000000e-04,5.000000000e+00,4.807508956e+00,4.615018008e+00,-1.924910449e-03
5.129000000e-04,5.000000000e+00,4.807605177e+00,4.615210451e+00,-1.923948235e-03
5.130000000e-04,5.000000000e+00,4.807701350e+00,4.615402797e+00,-1.922986501e-03
5.131000000e-04,5.000000000e+00,4.807797476e+00,4.615595048e+00,-1.922025249e-03
5.132000000e-04,5.000000000e+00,4.807893553e+00,4.615787202e+00,-1.921064476e-03
5.133000000e-04,5.000000000e+00,4.807989582e+00,4.615979261e+00,-1.920104185e-03
5.134000000e-04,5.000000000e+00,4.808085563e+00,4.616171223e+00,-1.919144373e-03
5.135000000e-04,5.000000000e+00,4.808181496e+00,4.616363089e+00,-1.918185041e-03
5.136000000e-04,5.000000000e+00,4.808277382e+00,4.616554860e+00,-1.917226188e-03
5.137000000e-04,5.000000000e+00,4.808373219e+00,4.616746534e+00,-1.916267815e-03
5.138000000e-04,5.000000000e+00,4.808469008e+00,4.616938113e+00,-1.915309921e-03
5.139000000e-04,5.000000000e+00,4.808564750e+00,4.617129596e+00,-1.914352505e-03
5.140000000e-04,5.000000000e+00,4.808660444e+00,4.617320983e+00,-1.913395568e-03
5.141000000e-04,5.000000000e+00,4.808756089e+00,4.617512275e+00,-1.912439110e-03
5.142000000e-04,5.000000000e+00,4.808851688e+00,4.617703471e+00,-1.911483130e-03
5.143000000e-04,5.000000000e+00,4.808947238e+00,4.617894572e+00,-1.910527627e-03
5.144000000e-04,5.000000000e+00,4.809042740e+00,4.618085576e+00,-1.909572603e-03
5.145000000e-04,5.000000000e+00,4.809138195e+00,4.618276486e+00,-1.908618055e-03
5.146000000e-04,5.000000000e+00,4.809233602e+00,4.618467300e+00,-1.907663985e-03
5.147000000e-04,5.000000000e+00,4.809328961e+00,4.618658019e+00,-1.906710392e-03
5.148000000e-04,5.000000000e+00,4.809424273e+00,4.618848642e+00,-1.905757275e-03
5.149000000e-04,5.000000000e+00,4.809519537e+00,4.619039170e+00,-1.904804635e-03
5.150000000e-04,5.000000000e+00,4.809614753e+00,4.619229603e+00,-1.903852471e-03
5.151000000e-04,5.000000000e+00,4.809709922e+00,4.619419940e+00,-1.902900783e-03
5.152000000e-04,5.000000000e+00,4.809805043e+00,4.619610183e+00,-1.901949570e-03
5.153000000e-04,5.000000000e+00,4.809900117e+00,4.619800330e+00,-1.900998833e-03
5.154000000e-04,5.000000000e+00,4.809995143e+00,4.619990382e+00,-1.900048572e-03
5.155000000e-04,5.000000000e+00,4.810090122e+00,4.620180339e+00,-1.899098785e-03
5.156000000e-04,5.000000000e+00,4.810185053e+00,4.620370202e+00,-1.898149473e-03
5.157000000e-04,5.000000000e+00,4.810279937e+00,4.620559969e+00,-1.897200636e-03
5.158000000e-04,5.000000000e+00,4.810374773e+00,4.620749642e+00,-1.896252273e-03
5.159000000e-04,5.000000000e+00,4.810469562e+00,4.620939219e+00,-1.895304384e-03
5.160000000e-04,5.000000000e+00,4.810564304e+00,4.621128702e+00,-1.894356969e-03
5.161000000e-04,5.000000000e+00,4.810658998e+00,4.621318091e+00,-1.893410028e-03
5.162000000e-04,5.000000000e+00,4.810753645e+00,4.621507384e+00,-1.892463560e-03
5.163000000e-04,5.000000000e+00,4.810848244e+00,4.621696583e+00,-1.891517564e-03
5.164000000e-04,5.000000000e+00,4.810942796e+00,4.621885688e+00,-1.890572042e-03
5.165000000e-04,5.000000000e+00,4.811037301e+00,4.622074697e+00,-1.889626993e-03
5.166000000e-04,5.000000000e+00,4.811131759e+00,4.622263613e+00,-1.888682416e-03
5.167000000e-04,5.000000000e+00,4.811226169e+00,4.622452434e+00,-1.887738311e-03
5.168000000e-04,5.000000000e+00,4.811320533e+00,4.622641160e+00,-1.886794678e-03
5.169000000e-04,5.000000000e+00,4.811414849e+00,4.622829792e+00,-1.885851517e-03
5.170000000e-04,5.000000000e+00,4.811509118e+00,4.623018330e+00,-1.884908827e-03
5.171000000e-04,5.000000000e+00,4.811603340e+00,4.623206774e+00,-1.883966608e-03
5.172000000e-04,5.000000000e+00,4.811697514e+00,4.623395124e+00,-1.883024860e-03
5.173000000e-04,5.000000000e+00,4.811791642e+00,4.623583379e+00,-1.882083584e-03
5.174000000e-04,5.000000000e+00,4.811885723e+00,4.623771540e+00,-1.881142777e-03
5.175000000e-04,5.000000000e+00,4.811979756e+00,4.623959607e+00,-1.880202441e-03
5.176000000e-04,5.000000000e+00,4.812073743e+00,4.624147580e+00,-1.879262575e-03
5.177000000e-04,5.000000000e+00,4.812167683e+00,4.624335460e+00,-1.878323179e-03
5.178000000e-04,5.000000000e+00,4.812261575e+00,4.624523245e+00,-1.877384252e-03
5.179000000e-04,5.000000000e+00,4.812355421e+00,4.624710936e+00,-1.876445795e-03
5.180000000e-04,5.000000000e+00,4.812449220e+00,4.624898534e+00,-1.875507807e-03
5.181000000e-04,5.000000000e+00,4.812542972e+00,4.625086038e+00,-1.874570288e-03
5.182000000e-04,5.000000000e+00,4.812636677e+00,4.625273448e+00,-1.873633237e-03
5.183000000e-04,5.000000000e+00,4.812730335e+00,4.625460764e+00,-1.872696655e-03
5.184000000e-04,5.000000000e+00,4.812823946e+00,4.625647987e+00,-1.871760541e-03
5.185000000e-04,5.000000000e+00,4.812917511e+00,4.625835116e+00,-1.870824895e-03
5.186000000e-04,5.000000000e+00,4.813011029e+00,4.626022152e+00,-1.869889716e-03
5.187000000e-04,5.000000000e+00,4.813104500e+00,4.626209094e+00,-1.868955005e-03
5.188000000e-04,5.000000000e+00,4.813197924e+00,4.626395943e+00,-1.868020762e-03
5.189000000e-04,5.000000000e+00,4.813291302e+00,4.626582698e+00,-1.867086985e-03
5.190000000e-04,5.000000000e+00,4.813384633e+00,4.626769360e+00,-1.866153675e-03
5.191000000e-04,5.000000000e+00,4.813477917e+00,4.626955928e+00,-1.865220832e-03
5.192000000e-04,5.000000000e+00,4.813571155e+00,4.627142404e+00,-1.864288455e-03
5.193000000e-04,5.000000000e+00,4.813664346e+00,4.627328786e+00,-1.863356544e-03
5.194000000e-04,5.000000000e+00,4.813757491e+00,4.627515075e+00,-1.862425099e-03
5.195000000e-04,5.000000000e+00,4.813850589e+00,4.627701271e+00,-1.861494119e-03
5.196000000e-04,5.000000000e+00,4.813943640e+00,4.627887374e+00,-1.860563605e-03
5.197000000e-04,5.000000000e+00,4.814036645e+00,4.628073383e+00,-1.859633556e-03
5.198000000e-04,5.000000000e+00,4.814129603e+00,4.628259300e+00,-1.858703972e-03
5.199000000e-04,5.000000000e+00,4.814222515e+00,4.628445124e+00,-1.857774852e-03
5.200000000e-04,5.000000000e+00,4.814315381e+00,4.628630855e+00,-1.856846197e-03
5.201000000e-04,5.000000000e+00,4.814408200e+00,4.628816493e+00,-1.855918006e-03
5.202000000e-04,5.000000000e+00,4.814500973e+00,4.629002038e+00,-1.854990280e-03
5.203000000e-04,5.000000000e+00,4.814593699e+00,4.629187491e+00,-1.854063016e-03
5.204000000e-04,5.000000000e+00,4.814686379e+00,4.629372851e+00,-1.853136217e-03
5.205000000e-04,5.000000000e+00,4.814779012e+00,4.629558118e+00,-1.852209881e-03
5.206000000e-04,5.000000000e+00,4.814871600e+00,4.629743293e+00,-1.851284007e-03
5.207000000e-04,5.000000000e+00,4.814964141e+00,4.629928375e+00,-1.850358597e-03
5.208000000e-04,5.000000000e+00,4.815056636e+00,4.630113364e+00,-1.849433649e-03
5.209000000e-04,5.000000000e+00,4.815149084e+00,4.630298261e+00,-1.848509164e-03
5.210000000e-04,5.000000000e+00,4.815241486e+00,4.630483066e+00,-1.847585140e-03
5.211000000e-04,5.000000000e+00,4.815333843e+00,4.630667778e+00,-1.846661579e-03
5.212000000e-04,5.000000000e+00,4.815426153e+00,4.630852398e+00,-1.845738479e-03
5.213000000e-04,5.000000000e+00,4.815518416e+00,4.631036926e+00,-1.844815841e-03
5.214000000e-04,5.000000000e+00,4.815610634e+00,4.631221361e+00,-1.843893664e-03
5.215000000e-04,5.000000000e+00,4.815702806e+00,4.631405704e+00,-1.842971948e-03
5.216000000e-04,5.000000000e+00,4.815794931e+00,4.631589955e+00,-1.842050692e-03
5.217000000e-04,5.000000000e+00,4.815887011e+00,4.631774114e+00,-1.841129897e-03
5.218000000e-04,5.000000000e+00,4.815979044e+00,4.631958181e+00,-1.840209563e-03
5.219000000e-04,5.000000000e+00,4.816071032e+00,4.632142156e+00,-1.839289688e-03
5.220000000e-04,5.000000000e+00,4.816162973e+00,4.632326039e+00,-1.838370273e-03
5.221000000e-04,5.000000000e+00,4.816254869e+00,4.632509830e+00,-1.837451318e-03
5.222000000e-04,5.000000000e+00,4.816346718e+00,4.632693529e+00,-1.836532822e-03
5.223000000e-04,5.000000000e+00,4.816438522e+00,4.632877136e+00,-1.835614786e-03
5.224000000e-04,5.000000000e+00,4.816530280e+00,4.633060652e+00,-1.834697208e-03
5.225000000e-04,5.000000000e+00,4.816621992e+00,4.633244075e+00,-1.833780089e-03
5.226000000e-04,5.000000000e+00,4.816713658e+00,4.633427407e+00,-1.832863428e-03
5.227000000e-04,5.000000000e+00,4.816805278e+00,4.633610648e+00,-1.831947226e-03
5.228000000e-04,5.000000000e+00,4.816896852e+00,4.633793797e+00,-1.831031481e-03
5.229000000e-04,5.000000000e+00,4.816988381e+00,4.633976854e+00,-1.830116195e-03
5.230000000e-04,5.000000000e+00,4.817079864e+00,4.634159820e+00,-1.829201366e-03
5.231000000e-04,5.000000000e+00,4.817171301e+00,4.634342694e+00,-1.828286994e-03
5.232000000e-04,5.000000000e+00,4.817262693e+00,4.634525477e+00,-1.827373079e-03
5.233000000e-04,5.000000000e+00,4.817354038e+00,4.634708169e+00,-1.826459621e-03
5.234000000e-04,5.000000000e+00,4.817445339e+00,4.634890769e+00,-1.825546620e-03
5.235000000e-04,5.000000000e+00,4.817536593e+00,4.635073278e+00,-1.824634075e-03
5.236000000e-04,5.000000000e+00,4.817627802e+00,4.635255695e+00,-1.823721986e-03
5.237000000e-04,5.000000000e+00,4.817718965e+00,4.635438022e+00,-1.822810353e-03
5.238000000e-04,5.000000000e+00,4.817810083e+00,4.635620257e+00,-1.821899176e-03
5.239000000e-04,5.000000000e+00,4.817901155e+00,4.635802402e+00,-1.820988454e-03
5.240000000e-04,5.000000000e+00,4.817992182e+00,4.635984455e+00,-1.820078188e-03
5.241000000e-04,5.000000000e+00,4.818083163e+00,4.636166417e+00,-1.819168377e-03
5.242000000e-04,5.000000000e+00,4.818174099e+00,4.636348288e+00,-1.818259020e-03
5.243000000e-04,5.000000000e+00,4.818264989e+00,4.636530069e+00,-1.817350118e-03
5.244000000e-04,5.000000000e+00,4.818355833e+00,4.636711758e+00,-1.816441670e-03
5.245000000e-04,5.000000000e+00,4.818446633e+00,4.636893357e+00,-1.815533677e-03
5.246000000e-04,5.000000000e+00,4.818537387e+00,4.637074865e+00,-1.814626137e-03
5.247000000e-04,5.000000000e+00,4.818628095e+00,4.637256282e+00,-1.813719051e-03
5.248000000e-04,5.000000000e+00,4.818718759e+00,4.637437608e+00,-1.812812418e-03
5.249000000e-04,5.000000000e+00,4.818809377e+00,4.637618844e+00,-1.811906239e-03
5.250000000e-04,5.000000000e+00,4.818899949e+00,4.637799990e+00,-1.811000512e-03
5.251000000e-04,5.000000000e+00,4.818990477e+00,4.637981044e+00,-1.810095239e-03
5.252000000e-04,5.000000000e+00,4.819080959e+00,4.638162008e+00,-1.809190418e-03
5.253000000e-04,5.000000000e+00,4.819171396e+00,4.638342882e+00,-1.808286049e-03
5.254000000e-04,5.000000000e+00,4.819261787e+00,4.638523665e+00,-1.807382132e-03
5.255000000e-04,5.000000000e+00,4.819352134e+00,4.638704358e+00,-1.806478667e-03
5.256000000e-04,5.000000000e+00,4.819442435e+00,4.638884961e+00,-1.805575654e-03
5.257000000e-04,5.000000000e+00,4.819532691e+00,4.639065473e+00,-1.804673092e-03
5.258000000e-04,5.000000000e+00,4.819622902e+00,4.639245896e+00,-1.803770981e-03
5.259000000e-04,5.000000000e+00,4.819713068e+00,4.639426227e+00,-1.802869321e-03
5.260000000e-04,5.000000000e+00,4.819803189e+00,4.639606469e+00,-1.801968112e-03
5.261000000e-04,5.000000000e+00,4.819893265e+00,4.639786621e+00,-1.801067353e-03
5.262000000e-04,5.000000000e+00,4.819983296e+00,4.639966683e+00,-1.800167045e-03
5.263000000e-04,5.000000000e+00,4.820073282e+00,4.640146654e+00,-1.799267187e-03
5.264000000e-04,5.000000000e+00,4.820163223e+00,4.640326536e+00,-1.798367778e-03
5.265000000e-04,5.000000000e+00,4.820253119e+00,4.640506328e+00,-1.797468819e-03
5.266000000e-04,5.000000000e+00,4.820342970e+00,4.640686029e+00,-1.796570310e-03
5.267000000e-04,5.000000000e+00,4.820432776e+00,4.640865641e+00,-1.795672249e-03
5.268000000e-04,5.000000000e+00,4.820522537e+00,4.641045164e+00,-1.794774638e-03
5.269000000e-04,5.000000000e+00,4.820612253e+00,4.641224596e+00,-1.793877475e-03
5.270000000e-04,5.000000000e+00,4.820701924e+00,4.641403939e+00,-1.792980761e-03
5.271000000e-04,5.000000000e+00,4.820791551e+00,4.641583192e+00,-1.792084495e-03
5.272000000e-04,5.000000000e+00,4.820881133e+00,4.641762356e+00,-1.791188677e-03
5.273000000e-04,5.000000000e+00,4.820970670e+00,4.641941430e+00,-1.790293306e-03
5.274000000e-04,5.000000000e+00,4.821060162e+00,4.642120414e+00,-1.789398384e-03
5.275000000e-04,5.000000000e+00,4.821149610e+00,4.642299309e+00,-1.788503908e-03
5.276000000e-04,5.000000000e+00,4.821239012e+00,4.642478115e+00,-1.787609880e-03
5.277000000e-04,5.000000000e+00,4.821328371e+00,4.642656831e+00,-1.786716299e-03
5.278000000e-04,5.000000000e+00,4.821417684e+00,4.642835458e+00,-1.785823164e-03
5.279000000e-04,5.000000000e+00,4.821506953e+00,4.643013996e+00,-1.784930476e-03
5.280000000e-04,5.000000000e+00,4.821596177e+00,4.643192444e+00,-1.784038234e-03
5.281000000e-04,5.000000000e+00,4.821685357e+00,4.643370803e+00,-1.783146438e-03
5.282000000e-04,5.000000000e+00,4.821774492e+00,4.643549073e+00,-1.782255088e-03
5.283000000e-04,5.000000000e+00,4.821863582e+00,4.643727254e+00,-1.781364183e-03
5.284000000e-04,5.000000000e+00,4.821952628e+00,4.643905346e+00,-1.780473724e-03
5.285000000e-04,5.000000000e+00,4.822041629e+00,4.644083348e+00,-1.779583710e-03
5.286000000e-04,5.000000000e+00,4.822130586e+00,4.644261262e+00,-1.778694141e-03
5.287000000e-04,5.000000000e+00,4.822219499e+00,4.644439087e+00,-1.777805016e-03
5.288000000e-04,5.000000000e+00,4.822308367e+00,4.644616823e+00,-1.776916336e-03
5.289000000e-04,5.000000000e+00,4.822397190e+00,4.644794470e+00,-1.776028100e-03
5.290000000e-04,5.000000000e+00,4.822485970e+00,4.644972029e+00,-1.775140308e-03
5.291000000e-04,5.000000000e+00,4.822574704e+00,4.645149498e+00,-1.774252960e-03
5.292000000e-04,5.000000000e+00,4.822663395e+00,4.645326879e+00,-1.773366056e-03
5.293000000e-04,5.000000000e+00,4.822752041e+00,4.645504171e+00,-1.772479595e-03
5.294000000e-04,5.000000000e+00,4.822840643e+00,4.645681375e+00,-1.771593577e-03
5.295000000e-04,5.000000000e+00,4.822929200e+00,4.645858490e+00,-1.770708001e-03
5.296000000e-04,5.000000000e+00,4.823017714e+00,4.646035516e+00,-1.769822869e-03
5.297000000e-04,5.000000000e+00,4.823106183e+00,4.646212454e+00,-1.768938179e-03
5.298000000e-04,5.000000000e+00,4.823194607e+00,4.646389304e+00,-1.768053931e-03
5.299000000e-04,5.000000000e+00,4.823282988e+00,4.646566065e+00,-1.767170125e-03
5.300000000e-04,5.000000000e+00,4.823371324e+00,4.646742738e+00,-1.766286761e-03
5.301000000e-04,5.000000000e+00,4.823459617e+00,4.646919322e+00,-1.765403839e-03
5.302000000e-04,5.000000000e+00,4.823547865e+00,4.647095818e+00,-1.764521358e-03
5.303000000e-04,5.000000000e+00,4.823636069e+00,4.647272226e+00,-1.763639318e-03
5.304000000e-04,5.000000000e+00,4.823724229e+00,4.647448546e+00,-1.762757719e-03
5.305000000e-04,5.000000000e+00,4.823812344e+00,4.647624777e+00,-1.761876561e-03
5.306000000e-04,5.000000000e+00,4.823900416e+00,4.647800921e+00,-1.760995843e-03
5.307000000e-04,5.000000000e+00,4.823988444e+00,4.647976976e+00,-1.760115565e-03
5.308000000e-04,5.000000000e+00,4.824076428e+00,4.648152944e+00,-1.759235728e-03
5.309000000e-04,5.000000000e+00,4.824164368e+00,4.648328823e+00,-1.758356330e-03
5.310000000e-04,5.000000000e+00,4.824252263e+00,4.648504615e+00,-1.757477372e-03
5.311000000e-04,5.000000000e+00,4.824340115e+00,4.648680319e+00,-1.756598853e-03
5.312000000e-04,5.000000000e+00,4.824427923e+00,4.648855935e+00,-1.755720773e-03
5.313000000e-04,5.000000000e+00,4.824515687e+00,4.649031463e+00,-1.754843132e-03
5.314000000e-04,5.000000000e+00,4.824603407e+00,4.649206903e+00,-1.753965930e-03
5.315000000e-04,5.000000000e+00,4.824691084e+00,4.649382256e+00,-1.753089167e-03
5.316000000e-04,5.000000000e+00,4.824778716e+00,4.649557521e+00,-1.752212842e-03
5.317000000e-04,5.000000000e+00,4.824866305e+00,4.649732698e+00,-1.751336954e-03
5.318000000e-04,5.000000000e+00,4.824953850e+00,4.649907788e+00,-1.750461505e-03
5.319000000e-04,5.000000000e+00,4.825041351e+00,4.650082790e+00,-1.749586493e-03
5.320000000e-04,5.000000000e+00,4.825128809e+00,4.650257705e+00,-1.748711919e-03
5.321000000e-04,5.000000000e+00,4.825216222e+00,4.650432533e+00,-1.747837782e-03
5.322000000e-04,5.000000000e+00,4.825303592e+00,4.650607273e+00,-1.746964081e-03
5.323000000e-04,5.000000000e+00,4.825390919e+00,4.650781925e+00,-1.746090818e-03
5.324000000e-04,5.000000000e+00,4.825478201e+00,4.650956491e+00,-1.745217991e-03
5.325000000e-04,5.000000000e+00,4.825565440e+00,4.651130969e+00,-1.744345600e-03
5.326000000e-04,5.000000000e+00,4.825652636e+00,4.651305360e+00,-1.743473646e-03
5.327000000e-04,5.000000000e+00,4.825739788e+00,4.651479663e+00,-1.742602127e-03
5.328000000e-04,5.000000000e+00,4.825826896e+00,4.651653880e+00,-1.741731044e-03
5.329000000e-04,5.000000000e+00,4.825913961e+00,4.651828009e+00,-1.740860396e-03
5.330000000e-04,5.000000000e+00,4.826000982e+00,4.652002052e+00,-1.739990184e-03
5.331000000e-04,5.000000000e+00,4.826087960e+00,4.652176007e+00,-1.739120406e-03
5.332000000e-04,5.000000000e+00,4.826174894e+00,4.652349876e+00,-1.738251064e-03
5.333000000e-04,5.000000000e+00,4.826261785e+00,4.652523657e+00,-1.737382156e-03
5.334000000e-04,5.000000000e+00,4.826348632e+00,4.652697352e+00,-1.736513682e-03
5.335000000e-04,5.000000000e+00,4.826435436e+00,4.652870960e+00,-1.735645642e-03
5.336000000e-04,5.000000000e+00,4.826522197e+00,4.653044481e+00,-1.734778037e-03
5.337000000e-04,5.000000000e+00,4.826608914e+00,4.653217915e+00,-1.733910865e-03
5.338000000e-04,5.000000000e+00,4.826695588e+00,4.653391263e+00,-1.733044126e-03
5.339000000e-04,5.000000000e+00,4.826782218e+00,4.653564524e+00,-1.732177821e-03
5.340000000e-04,5.000000000e+00,4.826868806e+00,4.653737698e+00,-1.731311949e-03
5.341000000e-04,5.000000000e+00,4.826955350e+00,4.653910786e+00,-1.730446509e-03
5.342000000e-04,5.000000000e+00,4.827041850e+00,4.654083787e+00,-1.729581503e-03
5.343000000e-04,5.000000000e+00,4.827128308e+00,4.654256702e+00,-1.728716928e-03
5.344000000e-04,5.000000000e+00,4.827214722e+00,4.654429531e+00,-1.727852786e-03
5.345000000e-04,5.000000000e+00,4.827301093e+00,4.654602273e+00,-1.726989076e-03
5.346000000e-04,5.000000000e+00,4.827387421e+00,4.654774928e+00,-1.726125797e-03
5.347000000e-04,5.000000000e+00,4.827473705e+00,4.654947498e+00,-1.725262950e-03
5.348000000e-04,5.000000000e+00,4.827559947e+00,4.655119981e+00,-1.724400535e-03
5.349000000e-04,5.000000000e+00,4.827646145e+00,4.655292378e+00,-1.723538550e-03
5.350000000e-04,5.000000000e+00,4.827732301e+00,4.655464688e+00,-1.722676997e-03
5.351000000e-04,5.000000000e+00,4.827818413e+00,4.655636913e+00,-1.721815874e-03
5.352000000e-04,5.000000000e+00,4.827904482e+00,4.655809051e+00,-1.720955181e-03
5.353000000e-04,5.000000000e+00,4.827990509e+00,4.655981104e+00,-1.720094919e-03
5.354000000e-04,5.000000000e+00,4.828076492e+00,4.656153070e+00,-1.719235086e-03
5.355000000e-04,5.000000000e+00,4.828162432e+00,4.656324951e+00,-1.718375684e-03
5.356000000e-04,5.000000000e+00,4.828248329e+00,4.656496745e+00,-1.717516711e-03
5.357000000e-04,5.000000000e+00,4.828334184e+00,4.656668454e+00,-1.716658168e-03
5.358000000e-04,5.000000000e+00,4.828419995e+00,4.656840077e+00,-1.715800053e-03
5.359000000e-04,5.000000000e+00,4.828505764e+00,4.657011614e+00,-1.714942368e-03
5.360000000e-04,5.000000000e+00,4.828591489e+00,4.657183065e+00,-1.714085111e-03
5.361000000e-04,5.000000000e+00,4.828677172e+00,4.657354431e+00,-1.713228283e-03
5.362000000e-04,5.000000000e+00,4.828762812e+00,4.657525710e+00,-1.712371883e-03
5.363000000e-04,5.000000000e+00,4.828848409e+00,4.657696905e+00,-1.711515912e-03
5.364000000e-04,5.000000000e+00,4.828933964e+00,4.657868013e+00,-1.710660368e-03
5.365000000e-04,5.000000000e+00,4.829019475e+00,4.658039037e+00,-1.709805252e-03
5.366000000e-04,5.000000000e+00,4.829104944e+00,4.658209974e+00,-1.708950563e-03
5.367000000e-04,5.000000000e+00,4.829190370e+00,4.658380827e+00,-1.708096301e-03
5.368000000e-04,5.000000000e+00,4.829275754e+00,4.658551593e+00,-1.707242467e-03
5.369000000e-04,5.000000000e+00,4.829361095e+00,4.658722275e+00,-1.706389059e-03
5.370000000e-04,5.000000000e+00,4.829446393e+00,4.658892871e+00,-1.705536078e-03
5.371000000e-04,5.000000000e+00,4.829531648e+00,4.659063382e+00,-1.704683524e-03
5.372000000e-04,5.000000000e+00,4.829616861e+00,4.659233808e+00,-1.703831395e-03
5.373000000e-04,5.000000000e+00,4.829702031e+00,4.659404148e+00,-1.702979693e-03
5.374000000e-04,5.000000000e+00,4.829787159e+00,4.659574403e+00,-1.702128416e-03
5.375000000e-04,5.000000000e+00,4.829872244e+00,4.659744574e+00,-1.701277565e-03
5.376000000e-04,5.000000000e+00,4.829957287e+00,4.659914659e+00,-1.700427139e-03
5.377000000e-04,5.000000000e+00,4.830042287e+00,4.660084659e+00,-1.699577138e-03
5.378000000e-04,5.000000000e+00,4.830127244e+00,4.660254574e+00,-1.698727562e-03
5.379000000e-04,5.000000000e+00,4.830212159e+00,4.660424404e+00,-1.697878411e-03
5.380000000e-04,5.000000000e+00,4.830297032e+00,4.660594150e+00,-1.697029684e-03
5.381000000e-04,5.000000000e+00,4.830381862e+00,4.660763810e+00,-1.696181381e-03
5.382000000e-04,5.000000000e+00,4.830466650e+00,4.660933386e+00,-1.695333503e-03
5.383000000e-04,5.000000000e+00,4.830551396e+00,4.661102877e+00,-1.694486048e-03
5.384000000e-04,5.000000000e+00,4.830636099e+00,4.661272283e+00,-1.693639017e-03
5.385000000e-04,5.000000000e+00,4.830720760e+00,4.661441604e+00,-1.692792409e-03
5.386000000e-04,5.000000000e+00,4.830805378e+00,4.661610841e+00,-1.691946225e-03
5.387000000e-04,5.000000000e+00,4.830889954e+00,4.661779993e+00,-1.691100463e-03
5.388000000e-04,5.000000000e+00,4.830974488e+00,4.661949061e+00,-1.690255125e-03
5.389000000e-04,5.000000000e+00,4.831058980e+00,4.662118044e+00,-1.689410209e-03
5.390000000e-04,5.000000000e+00,4.831143429e+00,4.662286943e+00,-1.688565715e-03
5.391000000e-04,5.000000000e+00,4.831227836e+00,4.662455757e+00,-1.687721643e-03
5.392000000e-04,5.000000000e+00,4.831312201e+00,4.662624487e+00,-1.686877994e-03
5.393000000e-04,5.000000000e+00,4.831396524e+00,4.662793133e+00,-1.686034766e-03
5.394000000e-04,5.000000000e+00,4.831480805e+00,4.662961694e+00,-1.685191959e-03
5.395000000e-04,5.000000000e+00,4.831565043e+00,4.663130171e+00,-1.684349574e-03
5.396000000e-04,5.000000000e+00,4.831649239e+00,4.663298564e+00,-1.683507610e-03
5.397000000e-04,5.000000000e+00,4.831733394e+00,4.663466872e+00,-1.682666067e-03
5.398000000e-04,5.000000000e+00,4.831817506e+00,4.663635097e+00,-1.681824944e-03
5.399000000e-04,5.000000000e+00,4.831901576e+00,4.663803237e+00,-1.680984242e-03
5.400000000e-04,5.000000000e+00,4.831985604e+00,4.663971293e+00,-1.680143960e-03
5.401000000e-04,5.000000000e+00,4.832069591e+00,4.664139266e+00,-1.679304099e-03
5.402000000e-04,5.000000000e+00,4.832153535e+00,4.664307154e+00,-1.678464657e-03
5.403000000e-04,5.000000000e+00,4.832237437e+00,4.664474959e+00,-1.677625634e-03
5.404000000e-04,5.000000000e+00,4.832321297e+00,4.664642679e+00,-1.676787031e-03
5.405000000e-04,5.000000000e+00,4.832405116e+00,4.664810316e+00,-1.675948848e-03
5.406000000e-04,5.000000000e+00,4.832488892e+00,4.664977869e+00,-1.675111083e-03
5.407000000e-04,5.000000000e+00,4.832572627e+00,4.665145338e+00,-1.674273737e-03
5.408000000e-04,5.000000000e+00,4.832656320e+00,4.665312723e+00,-1.673436809e-03
5.409000000e-04,5.000000000e+00,4.832739970e+00,4.665480025e+00,-1.672600300e-03
5.410000000e-04,5.000000000e+00,4.832823580e+00,4.665647243e+00,-1.671764210e-03
5.411000000e-04,5.000000000e+00,4.832907147e+00,4.665814378e+00,-1.670928537e-03
5.412000000e-04,5.000000000e+00,4.832990672e+00,4.665981429e+00,-1.670093281e-03
5.413000000e-04,5.000000000e+00,4.833074156e+00,4.666148396e+00,-1.669258444e-03
5.414000000e-04,5.000000000e+00,4.833157598e+00,4.666315280e+00,-1.668424023e-03
5.415000000e-04,5.000000000e+00,4.833240999e+00,4.666482081e+00,-1.667590020e-03
5.416000000e-04,5.000000000e+00,4.833324357e+00,4.666648798e+00,-1.666756434e-03
5.417000000e-04,5.000000000e+00,4.833407674e+00,4.666815432e+00,-1.665923264e-03
5.418000000e-04,5.000000000e+00,4.833490949e+00,4.666981983e+00,-1.665090511e-03
5.419000000e-04,5.000000000e+00,4.833574183e+00,4.667148450e+00,-1.664258174e-03
5.420000000e-04,5.000000000e+00,4.833657375e+00,4.667314834e+00,-1.663426253e-03
5.421000000e-04,5.000000000e+00,4.833740526e+00,4.667481135e+00,-1.662594748e-03
5.422000000e-04,5.000000000e+00,4.833823635e+00,4.667647353e+00,-1.661763658e-03
5.423000000e-04,5.000000000e+00,4.833906702e+00,4.667813488e+00,-1.660932984e-03
5.424000000e-04,5.000000000e+00,4.833989728e+00,4.667979539e+00,-1.660102726e-03
5.425000000e-04,5.000000000e+00,4.834072712e+00,4.668145508e+00,-1.659272882e-03
5.426000000e-04,5.000000000e+00,4.834155655e+00,4.668311394e+00,-1.658443453e-03
5.427000000e-04,5.000000000e+00,4.834238557e+00,4.668477197e+00,-1.657614439e-03
5.428000000e-04,5.000000000e+00,4.834321417e+00,4.668642916e+00,-1.656785839e-03
5.429000000e-04,5.000000000e+00,4.834404235e+00,4.668808554e+00,-1.655957653e-03
5.430000000e-04,5.000000000e+00,4.834487012e+00,4.668974108e+00,-1.655129882e-03
5.431000000e-04,5.000000000e+00,4.834569748e+00,4.669139579e+00,-1.654302524e-03
5.432000000e-04,5.000000000e+00,4.834652443e+00,4.669304968e+00,-1.653475580e-03
5.433000000e-04,5.000000000e+00,4.834735096e+00,4.669470274e+00,-1.652649049e-03
5.434000000e-04,5.000000000e+00,4.834817707e+00,4.669635498e+00,-1.651822931e-03
5.435000000e-04,5.000000000e+00,4.834900278e+00,4.669800639e+00,-1.650997226e-03
5.436000000e-04,5.000000000e+00,4.834982807e+00,4.669965697e+00,-1.650171934e-03
5.437000000e-04,5.000000000e+00,4.835065295e+00,4.670130673e+00,-1.649347055e-03
5.438000000e-04,5.000000000e+00,4.835147742e+00,4.670295566e+00,-1.648522587e-03
5.439000000e-04,5.000000000e+00,4.835230147e+00,4.670460377e+00,-1.647698532e-03
5.440000000e-04,5.000000000e+00,4.835312512e+00,4.670625106e+00,-1.646874889e-03
5.441000000e-04,5.000000000e+00,4.835394835e+00,4.670789752e+00,-1.646051658e-03
5.442000000e-04,5.000000000e+00,4.835477117e+00,4.670954316e+00,-1.645228838e-03
5.443000000e-04,5.000000000e+00,4.835559358e+00,4.671118798e+00,-1.644406429e-03
5.444000000e-04,5.000000000e+00,4.835641557e+00,4.671283197e+00,-1.643584432e-03
5.445000000e-04,5.000000000e+00,4.835723716e+00,4.671447515e+00,-1.642762845e-03
5.446000000e-04,5.000000000e+00,4.835805834e+00,4.671611750e+00,-1.641941669e-03
5.447000000e-04,5.000000000e+00,4.835887910e+00,4.671775903e+00,-1.641120904e-03
5.448000000e-04,5.000000000e+00,4.835969946e+00,4.671939974e+00,-1.640300549e-03
5.449000000e-04,5.000000000e+00,4.836051940e+00,4.672103963e+00,-1.639480604e-03
5.450000000e-04,5.000000000e+00,4.836133894e+00,4.672267870e+00,-1.638661068e-03
5.451000000e-04,5.000000000e+00,4.836215806e+00,4.672431695e+00,-1.637841943e-03
5.452000000e-04,5.000000000e+00,4.836297678e+00,4.672595438e+00,-1.637023227e-03
5.453000000e-04,5.000000000e+00,4.836379509e+00,4.672759099e+00,-1.636204920e-03
5.454000000e-04,5.000000000e+00,4.836461298e+00,4.672922679e+00,-1.635387022e-03
5.455000000e-04,5.000000000e+00,4.836543047e+00,4.673086177e+00,-1.634569533e-03
5.456000000e-04,5.000000000e+00,4.836624755e+00,4.673249593e+00,-1.633752453e-03
5.457000000e-04,5.000000000e+00,4.836706422e+00,4.673412927e+00,-1.632935781e-03
5.458000000e-04,5.000000000e+00,4.836788049e+00,4.673576180e+00,-1.632119518e-03
5.459000000e-04,5.000000000e+00,4.836869634e+00,4.673739351e+00,-1.631303662e-03
5.460000000e-04,5.000000000e+00,4.836951179e+00,4.673902440e+00,-1.630488214e-03
5.461000000e-04,5.000000000e+00,4.837032683e+00,4.674065448e+00,-1.629673174e-03
5.462000000e-04,5.000000000e+00,4.837114146e+00,4.674228375e+00,-1.628858541e-03
5.463000000e-04,5.000000000e+00,4.837195569e+00,4.674391220e+00,-1.628044316e-03
5.464000000e-04,5.000000000e+00,4.837276951e+00,4.674553983e+00,-1.627230497e-03
5.465000000e-04,5.000000000e+00,4.837358292e+00,4.674716666e+00,-1.626417086e-03
5.466000000e-04,5.000000000e+00,4.837439592e+00,4.674879267e+00,-1.625604081e-03
5.467000000e-04,5.000000000e+00,4.837520852e+00,4.675041786e+00,-1.624791482e-03
5.468000000e-04,5.000000000e+00,4.837602072e+00,4.675204225e+00,-1.623979290e-03
5.469000000e-04,5.000000000e+00,4.837683250e+00,4.675366582e+00,-1.623167503e-03
5.470000000e-04,5.000000000e+00,4.837764388e+00,4.675528858e+00,-1.622356122e-03
5.471000000e-04,5.000000000e+00,4.837845486e+00,4.675691053e+00,-1.621545147e-03
5.472000000e-04,5.000000000e+00,4.837926543e+00,4.675853167e+00,-1.620734578e-03
5.473000000e-04,5.000000000e+00,4.838007559e+00,4.676015200e+00,-1.619924413e-03
5.474000000e-04,5.000000000e+00,4.838088535e+00,4.676177152e+00,-1.619114653e-03
5.475000000e-04,5.000000000e+00,4.838169471e+00,4.676339023e+00,-1.618305299e-03
5.476000000e-04,5.000000000e+00,4.838250366e+00,4.676500813e+00,-1.617496349e-03
5.477000000e-04,5.000000000e+00,4.838331220e+00,4.676662522e+00,-1.616687803e-03
5.478000000e-04,5.000000000e+00,4.838412034e+00,4.676824150e+00,-1.615879661e-03
5.479000000e-04,5.000000000e+00,4.838492808e+00,4.676985698e+00,-1.615071923e-03
5.480000000e-04,5.000000000e+00,4.838573542e+00,4.677147164e+00,-1.614264589e-03
5.481000000e-04,5.000000000e+00,4.838654235e+00,4.677308550e+00,-1.613457659e-03
5.482000000e-04,5.000000000e+00,4.838734887e+00,4.677469856e+00,-1.612651132e-03
5.483000000e-04,5.000000000e+00,4.838815500e+00,4.677631080e+00,-1.611845008e-03
5.484000000e-04,5.000000000e+00,4.838896072e+00,4.677792225e+00,-1.611039287e-03
5.485000000e-04,5.000000000e+00,4.838976604e+00,4.677953288e+00,-1.610233969e-03
5.486000000e-04,5.000000000e+00,4.839057095e+00,4.678114271e+00,-1.609429054e-03
5.487000000e-04,5.000000000e+00,4.839137546e+00,4.678275174e+00,-1.608624541e-03
5.488000000e-04,5.000000000e+00,4.839217958e+00,4.678435996e+00,-1.607820430e-03
5.489000000e-04,5.000000000e+00,4.839298328e+00,4.678596738e+00,-1.607016721e-03
5.490000000e-04,5.000000000e+00,4.839378659e+00,4.678757399e+00,-1.606213413e-03
5.491000000e-04,5.000000000e+00,4.839458950e+00,4.678917980e+00,-1.605410507e-03
5.492000000e-04,5.000000000e+00,4.839539200e+00,4.679078481e+00,-1.604608003e-03
5.493000000e-04,5.000000000e+00,4.839619411e+00,4.679238902e+00,-1.603805900e-03
5.494000000e-04,5.000000000e+00,4.839699581e+00,4.679399242e+00,-1.603004197e-03
5.495000000e-04,5.000000000e+00,4.839779711e+00,4.679559502e+00,-1.602202896e-03
5.496000000e-04,5.000000000e+00,4.839859801e+00,4.679719683e+00,-1.601401995e-03
5.497000000e-04,5.000000000e+00,4.839939851e+00,4.679879783e+00,-1.600601494e-03
5.498000000e-04,5.000000000e+00,4.840019861e+00,4.680039803e+00,-1.599801394e-03
5.499000000e-04,5.000000000e+00,4.840099831e+00,4.680199743e+00,-1.599001693e-03
5.500000000e-04,5.000000000e+00,4.840179761e+00,4.680359603e+00,-1.598202392e-03
5.501000000e-04,5.000000000e+00,4.840259651e+00,4.680519383e+00,-1.597403491e-03
5.502000000e-04,5.000000000e+00,4.840339502e+00,4.680679083e+00,-1.596604989e-03
5.503000000e-04,5.000000000e+00,4.840419312e+00,4.680838704e+00,-1.595806886e-03
5.504000000e-04,5.000000000e+00,4.840499082e+00,4.680998245e+00,-1.595009183e-03
5.505000000e-04,5.000000000e+00,4.840578813e+00,4.681157706e+00,-1.594211878e-03
5.506000000e-04,5.000000000e+00,4.840658503e+00,4.681317087e+00,-1.593414971e-03
5.507000000e-04,5.000000000e+00,4.840738154e+00,4.681476389e+00,-1.592618463e-03
5.508000000e-04,5.000000000e+00,4.840817765e+00,4.681635610e+00,-1.591822353e-03
5.509000000e-04,5.000000000e+00,4.840897336e+00,4.681794753e+00,-1.591026641e-03
5.510000000e-04,5.000000000e+00,4.840976868e+00,4.681953816e+00,-1.590231327e-03
5.511000000e-04,5.000000000e+00,4.841056360e+00,4.682112799e+00,-1.589436410e-03
5.512000000e-04,5.000000000e+00,4.841135811e+00,4.682271703e+00,-1.588641891e-03
5.513000000e-04,5.000000000e+00,4.841215224e+00,4.682430527e+00,-1.587847768e-03
5.514000000e-04,5.000000000e+00,4.841294596e+00,4.682589272e+00,-1.587054043e-03
5.515000000e-04,5.000000000e+00,4.841373929e+00,4.682747938e+00,-1.586260715e-03
5.516000000e-04,5.000000000e+00,4.841453222e+00,4.682906524e+00,-1.585467783e-03
5.517000000e-04,5.000000000e+00,4.841532476e+00,4.683065031e+00,-1.584675247e-03
5.518000000e-04,5.000000000e+00,4.841611690e+00,4.683223459e+00,-1.583883108e-03
5.519000000e-04,5.000000000e+00,4.841690864e+00,4.683381808e+00,-1.583091364e-03
5.520000000e-04,5.000000000e+00,4.841769999e+00,4.683540077e+00,-1.582300017e-03
5.521000000e-04,5.000000000e+00,4.841849094e+00,4.683698268e+00,-1.581509065e-03
5.522000000e-04,5.000000000e+00,4.841928150e+00,4.683856379e+00,-1.580718508e-03
5.523000000e-04,5.000000000e+00,4.842007166e+00,4.684014411e+00,-1.579928347e-03
5.524000000e-04,5.000000000e+00,4.842086142e+00,4.684172364e+00,-1.579138580e-03
5.525000000e-04,5.000000000e+00,4.842165080e+00,4.684330239e+00,-1.578349208e-03
5.526000000e-04,5.000000000e+00,4.842243977e+00,4.684488034e+00,-1.577560231e-03
5.527000000e-04,5.000000000e+00,4.842322836e+00,4.684645751e+00,-1.576771648e-03
5.528000000e-04,5.000000000e+00,4.842401655e+00,4.684803388e+00,-1.575983460e-03
5.529000000e-04,5.000000000e+00,4.842480434e+00,4.684960947e+00,-1.575195665e-03
5.530000000e-04,5.000000000e+00,4.842559174e+00,4.685118427e+00,-1.574408265e-03
5.531000000e-04,5.000000000e+00,4.842637875e+00,4.685275829e+00,-1.573621257e-03
5.532000000e-04,5.000000000e+00,4.842716536e+00,4.685433151e+00,-1.572834644e-03
5.533000000e-04,5.000000000e+00,4.842795158e+00,4.685590395e+00,-1.572048423e-03
5.534000000e-04,5.000000000e+00,4.842873741e+00,4.685747561e+00,-1.571262596e-03
5.535000000e-04,5.000000000e+00,4.842952284e+00,4.685904648e+00,-1.570477161e-03
5.536000000e-04,5.000000000e+00,4.843030789e+00,4.686061656e+00,-1.569692119e-03
5.537000000e-04,5.000000000e+00,4.843109254e+00,4.686218586e+00,-1.568907469e-03
5.538000000e-04,5.000000000e+00,4.843187679e+00,4.686375438e+00,-1.568123212e-03
5.539000000e-04,5.000000000e+00,4.843266066e+00,4.686532211e+00,-1.567339346e-03
5.540000000e-04,5.000000000e+00,4.843344413e+00,4.686688905e+00,-1.566555873e-03
5.541000000e-04,5.000000000e+00,4.843422721e+00,4.686845522e+00,-1.565772791e-03
5.542000000e-04,5.000000000e+00,4.843500990e+00,4.687002060e+00,-1.564990100e-03
5.543000000e-04,5.000000000e+00,4.843579220e+00,4.687158520e+00,-1.564207801e-03
5.544000000e-04,5.000000000e+00,4.843657411e+00,4.687314901e+00,-1.563425893e-03
5.545000000e-04,5.000000000e+00,4.843735563e+00,4.687471205e+00,-1.562644375e-03
5.546000000e-04,5.000000000e+00,4.843813676e+00,4.687627430e+00,-1.561863249e-03
5.547000000e-04,5.000000000e+00,4.843891749e+00,4.687783577e+00,-1.561082512e-03
5.548000000e-04,5.000000000e+00,4.843969784e+00,4.687939646e+00,-1.560302166e-03
5.549000000e-04,5.000000000e+00,4.844047779e+00,4.688095637e+00,-1.559522210e-03
5.550000000e-04,5.000000000e+00,4.844125736e+00,4.688251551e+00,-1.558742644e-03
5.551000000e-04,5.000000000e+00,4.844203654e+00,4.688407386e+00,-1.557963468e-03
5.552000000e-04,5.000000000e+00,4.844281532e+00,4.688563143e+00,-1.557184681e-03
5.553000000e-04,5.000000000e+00,4.844359372e+00,4.688718823e+00,-1.556406284e-03
5.554000000e-04,5.000000000e+00,4.844437173e+00,4.688874424e+00,-1.555628275e-03
5.555000000e-04,5.000000000e+00,4.844514935e+00,4.689029948e+00,-1.554850656e-03
5.556000000e-04,5.000000000e+00,4.844592658e+00,4.689185394e+00,-1.554073425e-03
5.557000000e-04,5.000000000e+00,4.844670342e+00,4.689340763e+00,-1.553296583e-03
5.558000000e-04,5.000000000e+00,4.844747988e+00,4.689496053e+00,-1.552520129e-03
5.559000000e-04,5.000000000e+00,4.844825594e+00,4.689651266e+00,-1.551744063e-03
5.560000000e-04,5.000000000e+00,4.844903162e+00,4.689806402e+00,-1.550968385e-03
5.561000000e-04,5.000000000e+00,4.844980691e+00,4.689961460e+00,-1.550193095e-03
5.562000000e-04,5.000000000e+00,4.845058181e+00,4.690116441e+00,-1.549418192e-03
5.563000000e-04,5.000000000e+00,4.845135633e+00,4.690271344e+00,-1.548643677e-03
5.564000000e-04,5.000000000e+00,4.845213046e+00,4.690426169e+00,-1.547869549e-03
5.565000000e-04,5.000000000e+00,4.845290420e+00,4.690580917e+00,-1.547095808e-03
5.566000000e-04,5.000000000e+00,4.845367755e+00,4.690735588e+00,-1.546322453e-03
5.567000000e-04,5.000000000e+00,4.845445052e+00,4.690890182e+00,-1.545549486e-03
5.568000000e-04,5.000000000e+00,4.845522310e+00,4.691044698e+00,-1.544776904e-03
5.569000000e-04,5.000000000e+00,4.845599530e+00,4.691199137e+00,-1.544004709e-03
5.570000000e-04,5.000000000e+00,4.845676711e+00,4.691353499e+00,-1.543232900e-03
5.571000000e-04,5.000000000e+00,4.845753853e+00,4.691507783e+00,-1.542461476e-03
5.572000000e-04,5.000000000e+00,4.845830957e+00,4.691661991e+00,-1.541690439e-03
5.573000000e-04,5.000000000e+00,4.845908022e+00,4.691816121e+00,-1.540919786e-03
5.574000000e-04,5.000000000e+00,4.845985049e+00,4.691970175e+00,-1.540149519e-03
5.575000000e-04,5.000000000e+00,4.846062037e+00,4.692124151e+00,-1.539379637e-03
5.576000000e-04,5.000000000e+00,4.846138987e+00,4.692278050e+00,-1.538610140e-03
5.577000000e-04,5.000000000e+00,4.846215898e+00,4.692431873e+00,-1.537841027e-03
5.578000000e-04,5.000000000e+00,4.846292771e+00,4.692585618e+00,-1.537072299e-03
5.579000000e-04,5.000000000e+00,4.846369605e+00,4.692739287e+00,-1.536303955e-03
5.580000000e-04,5.000000000e+00,4.846446401e+00,4.692892879e+00,-1.535535996e-03
5.581000000e-04,5.000000000e+00,4.846523159e+00,4.693046394e+00,-1.534768420e-03
5.582000000e-04,5.000000000e+00,4.846599878e+00,4.693199833e+00,-1.534001227e-03
5.583000000e-04,5.000000000e+00,4.846676559e+00,4.693353194e+00,-1.533234419e-03
5.584000000e-04,5.000000000e+00,4.846753201e+00,4.693506479e+00,-1.532467993e-03
5.585000000e-04,5.000000000e+00,4.846829805e+00,4.693659688e+00,-1.531701951e-03
5.586000000e-04,5.000000000e+00,4.846906371e+00,4.693812820e+00,-1.530936292e-03
5.587000000e-04,5.000000000e+00,4.846982899e+00,4.693965875e+00,-1.530171015e-03
5.588000000e-04,5.000000000e+00,4.847059388e+00,4.694118854e+00,-1.529406121e-03
5.589000000e-04,5.000000000e+00,4.847135840e+00,4.694271756e+00,-1.528641609e-03
5.590000000e-04,5.000000000e+00,4.847212253e+00,4.694424582e+00,-1.527877480e-03
5.591000000e-04,5.000000000e+00,4.847288627e+00,4.694577331e+00,-1.527113732e-03
5.592000000e-04,5.000000000e+00,4.847364964e+00,4.694730005e+00,-1.526350366e-03
5.593000000e-04,5.000000000e+00,4.847441262e+00,4.694882601e+00,-1.525587382e-03
5.594000000e-04,5.000000000e+00,4.847517523e+00,4.695035122e+00,-1.524824779e-03
5.595000000e-04,5.000000000e+00,4.847593745e+00,4.695187566e+00,-1.524062558e-03
5.596000000e-04,5.000000000e+00,4.847669929e+00,4.695339934e+00,-1.523300717e-03
5.597000000e-04,5.000000000e+00,4.847746075e+00,4.695492226e+00,-1.522539257e-03
5.598000000e-04,5.000000000e+00,4.847822183e+00,4.695644442e+00,-1.521778178e-03
5.599000000e-04,5.000000000e+00,4.847898253e+00,4.695796582e+00,-1.521017479e-03
5.600000000e-04,5.000000000e+00,4.847974284e+00,4.695948645e+00,-1.520257161e-03
5.601000000e-04,5.000000000e+00,4.848050278e+00,4.696100633e+00,-1.519497223e-03
5.602000000e-04,5.000000000e+00,4.848126234e+00,4.696252545e+00,-1.518737664e-03
5.603000000e-04,5.000000000e+00,4.848202152e+00,4.696404380e+00,-1.517978485e-03
5.604000000e-04,5.000000000e+00,4.848278032e+00,4.696556140e+00,-1.517219686e-03
5.605000000e-04,5.000000000e+00,4.848353874e+00,4.696707824e+00,-1.516461266e-03
5.606000000e-04,5.000000000e+00,4.848429678e+00,4.696859432e+00,-1.515703225e-03
5.607000000e-04,5.000000000e+00,4.848505444e+00,4.697010965e+00,-1.514945563e-03
5.608000000e-04,5.000000000e+00,4.848581173e+00,4.697162421e+00,-1.514188280e-03
5.609000000e-04,5.000000000e+00,4.848656863e+00,4.697313802e+00,-1.513431375e-03
5.610000000e-04,5.000000000e+00,4.848732516e+00,4.697465107e+00,-1.512674849e-03
5.611000000e-04,5.000000000e+00,4.848808130e+00,4.697616337e+00,-1.511918700e-03
5.612000000e-04,5.000000000e+00,4.848883707e+00,4.697767491e+00,-1.511162930e-03
5.613000000e-04,5.000000000e+00,4.848959247e+00,4.697918569e+00,-1.510407538e-03
5.614000000e-04,5.000000000e+00,4.849034748e+00,4.698069572e+00,-1.509652523e-03
5.615000000e-04,5.000000000e+00,4.849110212e+00,4.698220500e+00,-1.508897886e-03
5.616000000e-04,5.000000000e+00,4.849185638e+00,4.698371352e+00,-1.508143625e-03
5.617000000e-04,5.000000000e+00,4.849261026e+00,4.698522128e+00,-1.507389742e-03
5.618000000e-04,5.000000000e+00,4.849336377e+00,4.698672830e+00,-1.506636236e-03
5.619000000e-04,5.000000000e+00,4.849411690e+00,4.698823456e+00,-1.505883106e-03
5.620000000e-04,5.000000000e+00,4.849486965e+00,4.698974006e+00,-1.505130353e-03
5.621000000e-04,5.000000000e+00,4.849562203e+00,4.699124481e+00,-1.504377976e-03
5.622000000e-04,5.000000000e+00,4.849637403e+00,4.699274882e+00,-1.503625976e-03
5.623000000e-04,5.000000000e+00,4.849712565e+00,4.699425207e+00,-1.502874351e-03
5.624000000e-04,5.000000000e+00,4.849787690e+00,4.699575456e+00,-1.502123101e-03
5.625000000e-04,5.000000000e+00,4.849862778e+00,4.699725631e+00,-1.501372228e-03
5.626000000e-04,5.000000000e+00,4.849937828e+00,4.699875731e+00,-1.500621730e-03
5.627000000e-04,5.000000000e+00,4.850012840e+00,4.700025755e+00,-1.499871606e-03
5.628000000e-04,5.000000000e+00,4.850087815e+00,4.700175705e+00,-1.499121858e-03
5.629000000e-04,5.000000000e+00,4.850162752e+00,4.700325579e+00,-1.498372485e-03
5.630000000e-04,5.000000000e+00,4.850237652e+00,4.700475379e+00,-1.497623486e-03
5.631000000e-04,5.000000000e+00,4.850312514e+00,4.700625104e+00,-1.496874862e-03
5.632000000e-04,5.000000000e+00,4.850387339e+00,4.700774754e+00,-1.496126612e-03
5.633000000e-04,5.000000000e+00,4.850462127e+00,4.700924329e+00,-1.495378735e-03
5.634000000e-04,5.000000000e+00,4.850536877e+00,4.701073830e+00,-1.494631233e-03
5.635000000e-04,5.000000000e+00,4.850611590e+00,4.701223255e+00,-1.493884104e-03
5.636000000e-04,5.000000000e+00,4.850686266e+00,4.701372606e+00,-1.493137349e-03
5.637000000e-04,5.000000000e+00,4.850760904e+00,4.701521883e+00,-1.492390967e-03
5.638000000e-04,5.000000000e+00,4.850835505e+00,4.701671084e+00,-1.491644959e-03
5.639000000e-04,5.000000000e+00,4.850910068e+00,4.701820211e+00,-1.490899323e-03
5.640000000e-04,5.000000000e+00,4.850984595e+00,4.701969264e+00,-1.490154060e-03
5.641000000e-04,5.000000000e+00,4.851059084e+00,4.702118242e+00,-1.489409169e-03
5.642000000e-04,5.000000000e+00,4.851133535e+00,4.702267146e+00,-1.488664651e-03
5.643000000e-04,5.000000000e+00,4.851207950e+00,4.702415975e+00,-1.487920505e-03
5.644000000e-04,5.000000000e+00,4.851282327e+00,4.702564730e+00,-1.487176731e-03
5.645000000e-04,5.000000000e+00,4.851356668e+00,4.702713410e+00,-1.486433328e-03
5.646000000e-04,5.000000000e+00,4.851430971e+00,4.702862016e+00,-1.485690298e-03
5.647000000e-04,5.000000000e+00,4.851505237e+00,4.703010548e+00,-1.484947638e-03
5.648000000e-04,5.000000000e+00,4.851579465e+00,4.703159006e+00,-1.484205350e-03
5.649000000e-04,5.000000000e+00,4.851653657e+00,4.703307389e+00,-1.483463433e-03
5.650000000e-04,5.000000000e+00,4.851727812e+00,4.703455698e+00,-1.482721887e-03
5.651000000e-04,5.000000000e+00,4.851801929e+00,4.703603933e+00,-1.481980712e-03
5.652000000e-04,5.000000000e+00,4.851876010e+00,4.703752094e+00,-1.481239907e-03
5.653000000e-04,5.000000000e+00,4.851950053e+00,4.703900181e+00,-1.480499472e-03
5.654000000e-04,5.000000000e+00,4.852024060e+00,4.704048194e+00,-1.479759408e-03
5.655000000e-04,5.000000000e+00,4.852098029e+00,4.704196133e+00,-1.479019713e-03
5.656000000e-04,5.000000000e+00,4.852171962e+00,4.704343998e+00,-1.478280388e-03
5.657000000e-04,5.000000000e+00,4.852245857e+00,4.704491789e+00,-1.477541433e-03
5.658000000e-04,5.000000000e+00,4.852319716e+00,4.704639506e+00,-1.476802847e-03
5.659000000e-04,5.000000000e+00,4.852393537e+00,4.704787149e+00,-1.476064630e-03
5.660000000e-04,5.000000000e+00,4.852467322e+00,4.704934719e+00,-1.475326783e-03
5.661000000e-04,5.000000000e+00,4.852541070e+00,4.705082214e+00,-1.474589304e-03
5.662000000e-04,5.000000000e+00,4.852614781e+00,4.705229636e+00,-1.473852194e-03
5.663000000e-04,5.000000000e+00,4.852688455e+00,4.705376985e+00,-1.473115452e-03
5.664000000e-04,5.000000000e+00,4.852762093e+00,4.705524259e+00,-1.472379079e-03
5.665000000e-04,5.000000000e+00,4.852835693e+00,4.705671460e+00,-1.471643073e-03
5.666000000e-04,5.000000000e+00,4.852909257e+00,4.705818588e+00,-1.470907436e-03
5.667000000e-04,5.000000000e+00,4.852982784e+00,4.705965642e+00,-1.470172166e-03
5.668000000e-04,5.000000000e+00,4.853056274e+00,4.706112622e+00,-1.469437264e-03
5.669000000e-04,5.000000000e+00,4.853129728e+00,4.706259529e+00,-1.468702729e-03
5.670000000e-04,5.000000000e+00,4.853203144e+00,4.706406363e+00,-1.467968562e-03
5.671000000e-04,5.000000000e+00,4.853276524e+00,4.706553123e+00,-1.467234761e-03
5.672000000e-04,5.000000000e+00,4.853349868e+00,4.706699809e+00,-1.466501327e-03
5.673000000e-04,5.000000000e+00,4.853423175e+00,4.706846423e+00,-1.465768260e-03
5.674000000e-04,5.000000000e+00,4.853496445e+00,4.706992963e+00,-1.465035559e-03
5.675000000e-04,5.000000000e+00,4.853569678e+00,4.707139430e+00,-1.464303225e-03
5.676000000e-04,5.000000000e+00,4.853642875e+00,4.707285823e+00,-1.463571256e-03
5.677000000e-04,5.000000000e+00,4.853716035e+00,4.707432144e+00,-1.462839654e-03
5.678000000e-04,5.000000000e+00,4.853789159e+00,4.707578391e+00,-1.462108417e-03
5.679000000e-04,5.000000000e+00,4.853862246e+00,4.707724565e+00,-1.461377546e-03
5.680000000e-04,5.000000000e+00,4.853935297e+00,4.707870667e+00,-1.460647040e-03
5.681000000e-04,5.000000000e+00,4.854008311e+00,4.708016695e+00,-1.459916899e-03
5.682000000e-04,5.000000000e+00,4.854081288e+00,4.708162650e+00,-1.459187123e-03
5.683000000e-04,5.000000000e+00,4.854154229e+00,4.708308532e+00,-1.458457712e-03
5.684000000e-04,5.000000000e+00,4.854227134e+00,4.708454341e+00,-1.457728666e-03
5.685000000e-04,5.000000000e+00,4.854300002e+00,4.708600078e+00,-1.456999984e-03
5.686000000e-04,5.000000000e+00,4.854372834e+00,4.708745741e+00,-1.456271666e-03
5.687000000e-04,5.000000000e+00,4.854445629e+00,4.708891332e+00,-1.455543712e-03
5.688000000e-04,5.000000000e+00,4.854518388e+00,4.709036850e+00,-1.454816123e-03
5.689000000e-04,5.000000000e+00,4.854591111e+00,4.709182295e+00,-1.454088896e-03
5.690000000e-04,5.000000000e+00,4.854663797e+00,4.709327667e+00,-1.453362034e-03
5.691000000e-04,5.000000000e+00,4.854736447e+00,4.709472967e+00,-1.452635535e-03
5.692000000e-04,5.000000000e+00,4.854809061e+00,4.709618194e+00,-1.451909399e-03
5.693000000e-04,5.000000000e+00,4.854881638e+00,4.709763349e+00,-1.451183626e-03
5.694000000e-04,5.000000000e+00,4.854954179e+00,4.709908431e+00,-1.450458215e-03
5.695000000e-04,5.000000000e+00,4.855026684e+00,4.710053440e+00,-1.449733168e-03
5.696000000e-04,5.000000000e+00,4.855099152e+00,4.710198377e+00,-1.449008482e-03
5.697000000e-04,5.000000000e+00,4.855171585e+00,4.710343242e+00,-1.448284160e-03
5.698000000e-04,5.000000000e+00,4.855243981e+00,4.710488034e+00,-1.447560199e-03
5.699000000e-04,5.000000000e+00,4.855316341e+00,4.710632754e+00,-1.446836600e-03
5.700000000e-04,5.000000000e+00,4.855388664e+00,4.710777401e+00,-1.446113362e-03
5.701000000e-04,5.000000000e+00,4.855460952e+00,4.710921976e+00,-1.445390487e-03
5.702000000e-04,5.000000000e+00,4.855533203e+00,4.711066479e+00,-1.444667972e-03
5.703000000e-04,5.000000000e+00,4.855605419e+00,4.711210910e+00,-1.443945819e-03
5.704000000e-04,5.000000000e+00,4.855677598e+00,4.711355268e+00,-1.443224027e-03
5.705000000e-04,5.000000000e+00,4.855749741e+00,4.711499555e+00,-1.442502595e-03
5.706000000e-04,5.000000000e+00,4.855821848e+00,4.711643769e+00,-1.441781524e-03
5.707000000e-04,5.000000000e+00,4.855893919e+00,4.711787911e+00,-1.441060814e-03
5.708000000e-04,5.000000000e+00,4.855965954e+00,4.711931981e+00,-1.440340464e-03
5.709000000e-04,5.000000000e+00,4.856037953e+00,4.712075979e+00,-1.439620474e-03
5.710000000e-04,5.000000000e+00,4.856109916e+00,4.712219905e+00,-1.438900844e-03
5.711000000e-04,5.000000000e+00,4.856181843e+00,4.712363759e+00,-1.438181573e-03
5.712000000e-04,5.000000000e+00,4.856253734e+00,4.712507541e+00,-1.437462662e-03
5.713000000e-04,5.000000000e+00,4.856325589e+00,4.712651251e+00,-1.436744111e-03
5.714000000e-04,5.000000000e+00,4.856397409e+00,4.712794890e+00,-1.436025919e-03
5.715000000e-04,5.000000000e+00,4.856469192e+00,4.712938456e+00,-1.435308085e-03
5.716000000e-04,5.000000000e+00,4.856540939e+00,4.713081951e+00,-1.434590611e-03
5.717000000e-04,5.000000000e+00,4.856612651e+00,4.713225374e+00,-1.433873495e-03
5.718000000e-04,5.000000000e+00,4.856684327e+00,4.713368726e+00,-1.433156738e-03
5.719000000e-04,5.000000000e+00,4.856755967e+00,4.713512005e+00,-1.432440339e-03
5.720000000e-04,5.000000000e+00,4.856827571e+00,4.713655214e+00,-1.431724298e-03
5.721000000e-04,5.000000000e+00,4.856899139e+00,4.713798350e+00,-1.431008615e-03
5.722000000e-04,5.000000000e+00,4.856970672e+00,4.713941415e+00,-1.430293289e-03
5.723000000e-04,5.000000000e+00,4.857042168e+00,4.714084409e+00,-1.429578322e-03
5.724000000e-04,5.000000000e+00,4.857113629e+00,4.714227331e+00,-1.428863711e-03
5.725000000e-04,5.000000000e+00,4.857185055e+00,4.714370181e+00,-1.428149458e-03
5.726000000e-04,5.000000000e+00,4.857256444e+00,4.714512960e+00,-1.427435562e-03
5.727000000e-04,5.000000000e+00,4.857327798e+00,4.714655668e+00,-1.426722023e-03
5.728000000e-04,5.000000000e+00,4.857399116e+00,4.714798305e+00,-1.426008840e-03
5.729000000e-04,5.000000000e+00,4.857470399e+00,4.714940870e+00,-1.425296014e-03
5.730000000e-04,5.000000000e+00,4.857541646e+00,4.715083364e+00,-1.424583545e-03
5.731000000e-04,5.000000000e+00,4.857612857e+00,4.715225786e+00,-1.423871431e-03
5.732000000e-04,5.000000000e+00,4.857684033e+00,4.715368138e+00,-1.423159673e-03
5.733000000e-04,5.000000000e+00,4.857755173e+00,4.715510418e+00,-1.422448272e-03
5.734000000e-04,5.000000000e+00,4.857826278e+00,4.715652627e+00,-1.421737225e-03
5.735000000e-04,5.000000000e+00,4.857897347e+00,4.715794766e+00,-1.421026535e-03
5.736000000e-04,5.000000000e+00,4.857968381e+00,4.715936833e+00,-1.420316199e-03
5.737000000e-04,5.000000000e+00,4.858039379e+00,4.716078829e+00,-1.419606219e-03
5.738000000e-04,5.000000000e+00,4.858110341e+00,4.716220754e+00,-1.418896593e-03
5.739000000e-04,5.000000000e+00,4.858181268e+00,4.716362608e+00,-1.418187323e-03
5.740000000e-04,5.000000000e+00,4.858252160e+00,4.716504391e+00,-1.417478406e-03
5.741000000e-04,5.000000000e+00,4.858323016e+00,4.716646103e+00,-1.416769844e-03
5.742000000e-04,5.000000000e+00,4.858393837e+00,4.716787745e+00,-1.416061637e-03
5.743000000e-04,5.000000000e+00,4.858464622e+00,4.716929316e+00,-1.415353783e-03
5.744000000e-04,5.000000000e+00,4.858535372e+00,4.717070816e+00,-1.414646283e-03
5.745000000e-04,5.000000000e+00,4.858606087e+00,4.717212245e+00,-1.413939137e-03
5.746000000e-04,5.000000000e+00,4.858676766e+00,4.717353603e+00,-1.413232344e-03
5.747000000e-04,5.000000000e+00,4.858747410e+00,4.717494891e+00,-1.412525905e-03
5.748000000e-04,5.000000000e+00,4.858818019e+00,4.717636108e+00,-1.411819819e-03
5.749000000e-04,5.000000000e+00,4.858888592e+00,4.717777255e+00,-1.411114086e-03
5.750000000e-04,5.000000000e+00,4.858959130e+00,4.717918331e+00,-1.410408705e-03
5.751000000e-04,5.000000000e+00,4.859029633e+00,4.718059337e+00,-1.409703677e-03
5.752000000e-04,5.000000000e+00,4.859100100e+00,4.718200272e+00,-1.408999002e-03
5.753000000e-04,5.000000000e+00,4.859170533e+00,4.718341136e+00,-1.408294678e-03
5.754000000e-04,5.000000000e+00,4.859240930e+00,4.718481930e+00,-1.407590707e-03
5.755000000e-04,5.000000000e+00,4.859311292e+00,4.718622654e+00,-1.406887088e-03
5.756000000e-04,5.000000000e+00,4.859381618e+00,4.718763308e+00,-1.406183820e-03
5.757000000e-04,5.000000000e+00,4.859451910e+00,4.718903891e+00,-1.405480904e-03
5.758000000e-04,5.000000000e+00,4.859522167e+00,4.719044404e+00,-1.404778340e-03
5.759000000e-04,5.000000000e+00,4.859592388e+00,4.719184846e+00,-1.404076126e-03
5.760000000e-04,5.000000000e+00,4.859662574e+00,4.719325219e+00,-1.403374264e-03
5.761000000e-04,5.000000000e+00,4.859732725e+00,4.719465521e+00,-1.402672752e-03
5.762000000e-04,5.000000000e+00,4.859802841e+00,4.719605753e+00,-1.401971592e-03
5.763000000e-04,5.000000000e+00,4.859872922e+00,4.719745915e+00,-1.401270781e-03
5.764000000e-04,5.000000000e+00,4.859942968e+00,4.719886007e+00,-1.400570321e-03
5.765000000e-04,5.000000000e+00,4.860012979e+00,4.720026029e+00,-1.399870211e-03
5.766000000e-04,5.000000000e+00,4.860082955e+00,4.720165981e+00,-1.399170451e-03
5.767000000e-04,5.000000000e+00,4.860152896e+00,4.720305863e+00,-1.398471041e-03
5.768000000e-04,5.000000000e+00,4.860222802e+00,4.720445675e+00,-1.397771980e-03
5.769000000e-04,5.000000000e+00,4.860292674e+00,4.720585417e+00,-1.397073269e-03
5.770000000e-04,5.000000000e+00,4.860362510e+00,4.720725090e+00,-1.396374907e-03
5.771000000e-04,5.000000000e+00,4.860432311e+00,4.720864692e+00,-1.395676895e-03
5.772000000e-04,5.000000000e+00,4.860502077e+00,4.721004225e+00,-1.394979231e-03
5.773000000e-04,5.000000000e+00,4.860571809e+00,4.721143688e+00,-1.394281916e-03
5.774000000e-04,5.000000000e+00,4.860641506e+00,4.721283081e+00,-1.393584949e-03
5.775000000e-04,5.000000000e+00,4.860711167e+00,4.721422405e+00,-1.392888331e-03
5.776000000e-04,5.000000000e+00,4.860780794e+00,4.721561659e+00,-1.392192061e-03
5.777000000e-04,5.000000000e+00,4.860850387e+00,4.721700843e+00,-1.391496139e-03
5.778000000e-04,5.000000000e+00,4.860919944e+00,4.721839958e+00,-1.390800565e-03
5.779000000e-04,5.000000000e+00,4.860989467e+00,4.721979003e+00,-1.390105339e-03
5.780000000e-04,5.000000000e+00,4.861058954e+00,4.722117979e+00,-1.389410460e-03
5.781000000e-04,5.000000000e+00,4.861128408e+00,4.722256885e+00,-1.388715929e-03
5.782000000e-04,5.000000000e+00,4.861197826e+00,4.722395722e+00,-1.388021745e-03
5.783000000e-04,5.000000000e+00,4.861267210e+00,4.722534489e+00,-1.387327907e-03
5.784000000e-04,5.000000000e+00,4.861336559e+00,4.722673187e+00,-1.386634417e-03
5.785000000e-04,5.000000000e+00,4.861405873e+00,4.722811816e+00,-1.385941273e-03
5.786000000e-04,5.000000000e+00,4.861475153e+00,4.722950376e+00,-1.385248476e-03
5.787000000e-04,5.000000000e+00,4.861544398e+00,4.723088866e+00,-1.384556025e-03
5.788000000e-04,5.000000000e+00,4.861613608e+00,4.723227287e+00,-1.383863920e-03
5.789000000e-04,5.000000000e+00,4.861682784e+00,4.723365638e+00,-1.383172161e-03
5.790000000e-04,5.000000000e+00,4.861751926e+00,4.723503921e+00,-1.382480748e-03
5.791000000e-04,5.000000000e+00,4.861821032e+00,4.723642134e+00,-1.381789681e-03
5.792000000e-04,5.000000000e+00,4.861890105e+00,4.723780279e+00,-1.381098959e-03
5.793000000e-04,5.000000000e+00,4.861959142e+00,4.723918354e+00,-1.380408582e-03
5.794000000e-04,5.000000000e+00,4.862028145e+00,4.724056360e+00,-1.379718551e-03
5.795000000e-04,5.000000000e+00,4.862097114e+00,4.724194298e+00,-1.379028864e-03
5.796000000e-04,5.000000000e+00,4.862166048e+00,4.724332166e+00,-1.378339522e-03
5.797000000e-04,5.000000000e+00,4.862234948e+00,4.724469965e+00,-1.377650525e-03
5.798000000e-04,5.000000000e+00,4.862303813e+00,4.724607696e+00,-1.376961872e-03
5.799000000e-04,5.000000000e+00,4.862372644e+00,4.724745358e+00,-1.376273563e-03
5.800000000e-04,5.000000000e+00,4.862441441e+00,4.724882951e+00,-1.375585599e-03
5.801000000e-04,5.000000000e+00,4.862510203e+00,4.725020475e+00,-1.374897978e-03
5.802000000e-04,5.000000000e+00,4.862578930e+00,4.725157930e+00,-1.374210701e-03
5.803000000e-04,5.000000000e+00,4.862647624e+00,4.725295317e+00,-1.373523768e-03
5.804000000e-04,5.000000000e+00,4.862716283e+00,4.725432635e+00,-1.372837177e-03
5.805000000e-04,5.000000000e+00,4.862784907e+00,4.725569884e+00,-1.372150931e-03
5.806000000e-04,5.000000000e+00,4.862853498e+00,4.725707065e+00,-1.371465027e-03
5.807000000e-04,5.000000000e+00,4.862922054e+00,4.725844177e+00,-1.370779466e-03
5.808000000e-04,5.000000000e+00,4.862990576e+00,4.725981220e+00,-1.370094248e-03
5.809000000e-04,5.000000000e+00,4.863059063e+00,4.726118196e+00,-1.369409372e-03
5.810000000e-04,5.000000000e+00,4.863127517e+00,4.726255102e+00,-1.368724839e-03
5.811000000e-04,5.000000000e+00,4.863195936e+00,4.726391940e+00,-1.368040647e-03
5.812000000e-04,5.000000000e+00,4.863264321e+00,4.726528710e+00,-1.367356798e-03
5.813000000e-04,5.000000000e+00,4.863332671e+00,4.726665412e+00,-1.366673291e-03
5.814000000e-04,5.000000000e+00,4.863400988e+00,4.726802045e+00,-1.365990125e-03
5.815000000e-04,5.000000000e+00,4.863469270e+00,4.726938610e+00,-1.365307301e-03
5.816000000e-04,5.000000000e+00,4.863537519e+00,4.727075106e+00,-1.364624818e-03
5.817000000e-04,5.000000000e+00,4.863605733e+00,4.727211534e+00,-1.363942676e-03
5.818000000e-04,5.000000000e+00,4.863673913e+00,4.727347894e+00,-1.363260876e-03
5.819000000e-04,5.000000000e+00,4.863742059e+00,4.727484186e+00,-1.362579416e-03
5.820000000e-04,5.000000000e+00,4.863810171e+00,4.727620410e+00,-1.361898297e-03
5.821000000e-04,5.000000000e+00,4.863878249e+00,4.727756566e+00,-1.361217518e-03
5.822000000e-04,5.000000000e+00,4.863946293e+00,4.727892654e+00,-1.360537079e-03
5.823000000e-04,5.000000000e+00,4.864014302e+00,4.728028673e+00,-1.359856981e-03
5.824000000e-04,5.000000000e+00,4.864082278e+00,4.728164625e+00,-1.359177223e-03
5.825000000e-04,5.000000000e+00,4.864150220e+00,4.728300509e+00,-1.358497804e-03
5.826000000e-04,5.000000000e+00,4.864218128e+00,4.728436324e+00,-1.357818725e-03
5.827000000e-04,5.000000000e+00,4.864286002e+00,4.728572072e+00,-1.357139986e-03
5.828000000e-04,5.000000000e+00,4.864353842e+00,4.728707752e+00,-1.356461585e-03
5.829000000e-04,5.000000000e+00,4.864421648e+00,4.728843364e+00,-1.355783524e-03
5.830000000e-04,5.000000000e+00,4.864489420e+00,4.728978909e+00,-1.355105802e-03
5.831000000e-04,5.000000000e+00,4.864557159e+00,4.729114385e+00,-1.354428419e-03
5.832000000e-04,5.000000000e+00,4.864624863e+00,4.729249794e+00,-1.353751374e-03
5.833000000e-04,5.000000000e+00,4.864692534e+00,4.729385136e+00,-1.353074668e-03
5.834000000e-04,5.000000000e+00,4.864760171e+00,4.729520409e+00,-1.352398300e-03
5.835000000e-04,5.000000000e+00,4.864827774e+00,4.729655615e+00,-1.351722270e-03
5.836000000e-04,5.000000000e+00,4.864895343e+00,4.729790753e+00,-1.351046578e-03
5.837000000e-04,5.000000000e+00,4.864962878e+00,4.729925824e+00,-1.350371223e-03
5.838000000e-04,5.000000000e+00,4.865030380e+00,4.730060828e+00,-1.349696207e-03
5.839000000e-04,5.000000000e+00,4.865097848e+00,4.730195763e+00,-1.349021528e-03
5.840000000e-04,5.000000000e+00,4.865165282e+00,4.730330632e+00,-1.348347186e-03
5.841000000e-04,5.000000000e+00,4.865232682e+00,4.730465433e+00,-1.347673181e-03
5.842000000e-04,5.000000000e+00,4.865300049e+00,4.730600166e+00,-1.346999513e-03
5.843000000e-04,5.000000000e+00,4.865367382e+00,4.730734833e+00,-1.346326181e-03
5.844000000e-04,5.000000000e+00,4.865434682e+00,4.730869431e+00,-1.345653187e-03
5.845000000e-04,5.000000000e+00,4.865501948e+00,4.731003963e+00,-1.344980529e-03
5.846000000e-04,5.000000000e+00,4.865569180e+00,4.731138427e+00,-1.344308207e-03
5.847000000e-04,5.000000000e+00,4.865636378e+00,4.731272825e+00,-1.343636221e-03
5.848000000e-04,5.000000000e+00,4.865703543e+00,4.731407155e+00,-1.342964571e-03
5.849000000e-04,5.000000000e+00,4.865770675e+00,4.731541417e+00,-1.342293256e-03
5.850000000e-04,5.000000000e+00,4.865837773e+00,4.731675613e+00,-1.341622278e-03
5.851000000e-04,5.000000000e+00,4.865904837e+00,4.731809742e+00,-1.340951634e-03
5.852000000e-04,5.000000000e+00,4.865971868e+00,4.731943803e+00,-1.340281326e-03
5.853000000e-04,5.000000000e+00,4.866038865e+00,4.732077798e+00,-1.339611353e-03
5.854000000e-04,5.000000000e+00,4.866105829e+00,4.732211725e+00,-1.338941715e-03
5.855000000e-04,5.000000000e+00,4.866172759e+00,4.732345586e+00,-1.338272412e-03
5.856000000e-04,5.000000000e+00,4.866239656e+00,4.732479380e+00,-1.337603443e-03
5.857000000e-04,5.000000000e+00,4.866306520e+00,4.732613107e+00,-1.336934809e-03
5.858000000e-04,5.000000000e+00,4.866373350e+00,4.732746767e+00,-1.336266509e-03
5.859000000e-04,5.000000000e+00,4.866440146e+00,4.732880360e+00,-1.335598542e-03
5.860000000e-04,5.000000000e+00,4.866506909e+00,4.733013886e+00,-1.334930910e-03
5.861000000e-04,5.000000000e+00,4.866573639e+00,4.733147346e+00,-1.334263612e-03
5.862000000e-04,5.000000000e+00,4.866640336e+00,4.733280739e+00,-1.333596647e-03
5.863000000e-04,5.000000000e+00,4.866706999e+00,4.733414065e+00,-1.332930015e-03
5.864000000e-04,5.000000000e+00,4.866773629e+00,4.733547325e+00,-1.332263717e-03
5.865000000e-04,5.000000000e+00,4.866840225e+00,4.733680518e+00,-1.331597752e-03
5.866000000e-04,5.000000000e+00,4.866906789e+00,4.733813644e+00,-1.330932120e-03
5.867000000e-04,5.000000000e+00,4.866973318e+00,4.733946704e+00,-1.330266820e-03
5.868000000e-04,5.000000000e+00,4.867039815e+00,4.734079697e+00,-1.329601853e-03
5.869000000e-04,5.000000000e+00,4.867106279e+00,4.734212624e+00,-1.328937219e-03
5.870000000e-04,5.000000000e+00,4.867172709e+00,4.734345485e+00,-1.328272916e-03
5.871000000e-04,5.000000000e+00,4.867239106e+00,4.734478279e+00,-1.327608946e-03
5.872000000e-04,5.000000000e+00,4.867305470e+00,4.734611006e+00,-1.326945308e-03
5.873000000e-04,5.000000000e+00,4.867371800e+00,4.734743668e+00,-1.326282001e-03
5.874000000e-04,5.000000000e+00,4.867438098e+00,4.734876263e+00,-1.325619026e-03
5.875000000e-04,5.000000000e+00,4.867504362e+00,4.735008791e+00,-1.324956382e-03
5.876000000e-04,5.000000000e+00,4.867570594e+00,4.735141254e+00,-1.324294070e-03
5.877000000e-04,5.000000000e+00,4.867636792e+00,4.735273650e+00,-1.323632088e-03
5.878000000e-04,5.000000000e+00,4.867702957e+00,4.735405980e+00,-1.322970438e-03
5.879000000e-04,5.000000000e+00,4.867769089e+00,4.735538244e+00,-1.322309118e-03
5.880000000e-04,5.000000000e+00,4.867835188e+00,4.735670442e+00,-1.321648129e-03
5.881000000e-04,5.000000000e+00,4.867901253e+00,4.735802573e+00,-1.320987470e-03
5.882000000e-04,5.000000000e+00,4.867967286e+00,4.735934639e+00,-1.320327142e-03
5.883000000e-04,5.000000000e+00,4.868033286e+00,4.736066639e+00,-1.319667143e-03
5.884000000e-04,5.000000000e+00,4.868099253e+00,4.736198572e+00,-1.319007475e-03
5.885000000e-04,5.000000000e+00,4.868165187e+00,4.736330440e+00,-1.318348136e-03
5.886000000e-04,5.000000000e+00,4.868231088e+00,4.736462242e+00,-1.317689127e-03
5.887000000e-04,5.000000000e+00,4.868296956e+00,4.736593978e+00,-1.317030447e-03
5.888000000e-04,5.000000000e+00,4.868362791e+00,4.736725648e+00,-1.316372097e-03
5.889000000e-04,5.000000000e+00,4.868428593e+00,4.736857252e+00,-1.315714076e-03
5.890000000e-04,5.000000000e+00,4.868494362e+00,4.736988791e+00,-1.315056383e-03
5.891000000e-04,5.000000000e+00,4.868560099e+00,4.737120263e+00,-1.314399020e-03
5.892000000e-04,5.000000000e+00,4.868625802e+00,4.737251670e+00,-1.313741984e-03
5.893000000e-04,5.000000000e+00,4.868691473e+00,4.737383012e+00,-1.313085278e-03
5.894000000e-04,5.000000000e+00,4.868757111e+00,4.737514287e+00,-1.312428899e-03
5.895000000e-04,5.000000000e+00,4.868822716e+00,4.737645497e+00,-1.311772849e-03
5.896000000e-04,5.000000000e+00,4.868888288e+00,4.737776642e+00,-1.311117127e-03
5.897000000e-04,5.000000000e+00,4.868953827e+00,4.737907721e+00,-1.310461732e-03
5.898000000e-04,5.000000000e+00,4.869019334e+00,4.738038734e+00,-1.309806665e-03
5.899000000e-04,5.000000000e+00,4.869084808e+00,4.738169682e+00,-1.309151926e-03
5.900000000e-04,5.000000000e+00,4.869150249e+00,4.738300564e+00,-1.308497514e-03
5.901000000e-04,5.000000000e+00,4.869215658e+00,4.738431381e+00,-1.307843429e-03
5.902000000e-04,5.000000000e+00,4.869281033e+00,4.738562133e+00,-1.307189671e-03
5.903000000e-04,5.000000000e+00,4.869346377e+00,4.738692819e+00,-1.306536239e-03
5.904000000e-04,5.000000000e+00,4.869411687e+00,4.738823440e+00,-1.305883135e-03
5.905000000e-04,5.000000000e+00,4.869476965e+00,4.738953995e+00,-1.305230356e-03
5.906000000e-04,5.000000000e+00,4.869542210e+00,4.739084486e+00,-1.304577905e-03
5.907000000e-04,5.000000000e+00,4.869607423e+00,4.739214911e+00,-1.303925779e-03
5.908000000e-04,5.000000000e+00,4.869672603e+00,4.739345271e+00,-1.303273979e-03
5.909000000e-04,5.000000000e+00,4.869737750e+00,4.739475566e+00,-1.302622505e-03
5.910000000e-04,5.000000000e+00,4.869802865e+00,4.739605795e+00,-1.301971357e-03
5.911000000e-04,5.000000000e+00,4.869867947e+00,4.739735960e+00,-1.301320534e-03
5.912000000e-04,5.000000000e+00,4.869932997e+00,4.739866059e+00,-1.300670037e-03
5.913000000e-04,5.000000000e+00,4.869998014e+00,4.739996094e+00,-1.300019864e-03
5.914000000e-04,5.000000000e+00,4.870062999e+00,4.740126063e+00,-1.299370017e-03
5.915000000e-04,5.000000000e+00,4.870127951e+00,4.740255968e+00,-1.298720494e-03
5.916000000e-04,5.000000000e+00,4.870192871e+00,4.740385807e+00,-1.298071297e-03
5.917000000e-04,5.000000000e+00,4.870257758e+00,4.740515582e+00,-1.297422423e-03
5.918000000e-04,5.000000000e+00,4.870322613e+00,4.740645291e+00,-1.296773875e-03
5.919000000e-04,5.000000000e+00,4.870387436e+00,4.740774936e+00,-1.296125650e-03
5.920000000e-04,5.000000000e+00,4.870452226e+00,4.740904516e+00,-1.295477749e-03
5.921000000e-04,5.000000000e+00,4.870516983e+00,4.741034032e+00,-1.294830172e-03
5.922000000e-04,5.000000000e+00,4.870581709e+00,4.741163482e+00,-1.294182919e-03
5.923000000e-04,5.000000000e+00,4.870646402e+00,4.741292868e+00,-1.293535990e-03
5.924000000e-04,5.000000000e+00,4.870711062e+00,4.741422189e+00,-1.292889384e-03
5.925000000e-04,5.000000000e+00,4.870775690e+00,4.741551446e+00,-1.292243101e-03
5.926000000e-04,5.000000000e+00,4.870840286e+00,4.741680638e+00,-1.291597141e-03
5.927000000e-04,5.000000000e+00,4.870904850e+00,4.741809765e+00,-1.290951504e-03
5.928000000e-04,5.000000000e+00,4.870969382e+00,4.741938828e+00,-1.290306190e-03
5.929000000e-04,5.000000000e+00,4.871033881e+00,4.742067826e+00,-1.289661198e-03
5.930000000e-04,5.000000000e+00,4.871098348e+00,4.742196760e+00,-1.289016529e-03
5.931000000e-04,5.000000000e+00,4.871162782e+00,4.742325630e+00,-1.288372182e-03
5.932000000e-04,5.000000000e+00,4.871227185e+00,4.742454435e+00,-1.287728157e-03
5.933000000e-04,5.000000000e+00,4.871291555e+00,4.742583175e+00,-1.287084454e-03
5.934000000e-04,5.000000000e+00,4.871355893e+00,4.742711851e+00,-1.286441072e-03
5.935000000e-04,5.000000000e+00,4.871420199e+00,4.742840463e+00,-1.285798013e-03
5.936000000e-04,5.000000000e+00,4.871484473e+00,4.742969011e+00,-1.285155275e-03
5.937000000e-04,5.000000000e+00,4.871548715e+00,4.743097494e+00,-1.284512858e-03
5.938000000e-04,5.000000000e+00,4.871612924e+00,4.743225913e+00,-1.283870762e-03
5.939000000e-04,5.000000000e+00,4.871677102e+00,4.743354268e+00,-1.283228987e-03
5.940000000e-04,5.000000000e+00,4.871741247e+00,4.743482559e+00,-1.282587533e-03
5.941000000e-04,5.000000000e+00,4.871805360e+00,4.743610786e+00,-1.281946400e-03
5.942000000e-04,5.000000000e+00,4.871869442e+00,4.743738948e+00,-1.281305587e-03
5.943000000e-04,5.000000000e+00,4.871933491e+00,4.743867047e+00,-1.280665095e-03
5.944000000e-04,5.000000000e+00,4.871997508e+00,4.743995081e+00,-1.280024922e-03
5.945000000e-04,5.000000000e+00,4.872061493e+00,4.744123051e+00,-1.279385070e-03
5.946000000e-04,5.000000000e+00,4.872125447e+00,4.744250958e+00,-1.278745538e-03
5.947000000e-04,5.000000000e+00,4.872189368e+00,4.744378800e+00,-1.278106325e-03
5.948000000e-04,5.000000000e+00,4.872253257e+00,4.744506579e+00,-1.277467432e-03
5.949000000e-04,5.000000000e+00,4.872317115e+00,4.744634294e+00,-1.276828858e-03
5.950000000e-04,5.000000000e+00,4.872380940e+00,4.744761945e+00,-1.276190603e-03
5.951000000e-04,5.000000000e+00,4.872444734e+00,4.744889532e+00,-1.275552667e-03
5.952000000e-04,5.000000000e+00,4.872508495e+00,4.745017055e+00,-1.274915051e-03
5.953000000e-04,5.000000000e+00,4.872572225e+00,4.745144515e+00,-1.274277753e-03
5.954000000e-04,5.000000000e+00,4.872635923e+00,4.745271911e+00,-1.273640773e-03
5.955000000e-04,5.000000000e+00,4.872699589e+00,4.745399243e+00,-1.273004112e-03
5.956000000e-04,5.000000000e+00,4.872763224e+00,4.745526511e+00,-1.272367769e-03
5.957000000e-04,5.000000000e+00,4.872826826e+00,4.745653716e+00,-1.271731745e-03
5.958000000e-04,5.000000000e+00,4.872890397e+00,4.745780857e+00,-1.271096038e-03
5.959000000e-04,5.000000000e+00,4.872953936e+00,4.745907935e+00,-1.270460649e-03
5.960000000e-04,5.000000000e+00,4.873017443e+00,4.746034949e+00,-1.269825577e-03
5.961000000e-04,5.000000000e+00,4.873080918e+00,4.746161900e+00,-1.269190824e-03
5.962000000e-04,5.000000000e+00,4.873144362e+00,4.746288788e+00,-1.268556387e-03
5.963000000e-04,5.000000000e+00,4.873207774e+00,4.746415611e+00,-1.267922267e-03
5.964000000e-04,5.000000000e+00,4.873271154e+00,4.746542372e+00,-1.267288465e-03
5.965000000e-04,5.000000000e+00,4.873334503e+00,4.746669069e+00,-1.266654979e-03
5.966000000e-04,5.000000000e+00,4.873397819e+00,4.746795703e+00,-1.266021810e-03
5.967000000e-04,5.000000000e+00,4.873461105e+00,4.746922273e+00,-1.265388958e-03
5.968000000e-04,5.000000000e+00,4.873524358e+00,4.747048780e+00,-1.264756421e-03
5.969000000e-04,5.000000000e+00,4.873587580e+00,4.747175224e+00,-1.264124201e-03
5.970000000e-04,5.000000000e+00,4.873650771e+00,4.747301605e+00,-1.263492298e-03
5.971000000e-04,5.000000000e+00,4.873713930e+00,4.747427923e+00,-1.262860709e-03
5.972000000e-04,5.000000000e+00,4.873777057e+00,4.747554177e+00,-1.262229437e-03
5.973000000e-04,5.000000000e+00,4.873840152e+00,4.747680369e+00,-1.261598480e-03
5.974000000e-04,5.000000000e+00,4.873903217e+00,4.747806497e+00,-1.260967839e-03
5.975000000e-04,5.000000000e+00,4.873966249e+00,4.747932562e+00,-1.260337513e-03
5.976000000e-04,5.000000000e+00,4.874029250e+00,4.748058564e+00,-1.259707502e-03
5.977000000e-04,5.000000000e+00,4.874092220e+00,4.748184503e+00,-1.259077805e-03
5.978000000e-04,5.000000000e+00,4.874155158e+00,4.748310380e+00,-1.258448424e-03
5.979000000e-04,5.000000000e+00,4.874218065e+00,4.748436193e+00,-1.257819357e-03
5.980000000e-04,5.000000000e+00,4.874280940e+00,4.748561943e+00,-1.257190605e-03
5.981000000e-04,5.000000000e+00,4.874343784e+00,4.748687631e+00,-1.256562167e-03
5.982000000e-04,5.000000000e+00,4.874406596e+00,4.748813256e+00,-1.255934043e-03
5.983000000e-04,5.000000000e+00,4.874469377e+00,4.748938818e+00,-1.255306233e-03
5.984000000e-04,5.000000000e+00,4.874532127e+00,4.749064317e+00,-1.254678737e-03
5.985000000e-04,5.000000000e+00,4.874594845e+00,4.749189753e+00,-1.254051555e-03
5.986000000e-04,5.000000000e+00,4.874657532e+00,4.749315127e+00,-1.253424686e-03
5.987000000e-04,5.000000000e+00,4.874720187e+00,4.749440438e+00,-1.252798130e-03
5.988000000e-04,5.000000000e+00,4.874782812e+00,4.749565687e+00,-1.252171888e-03
5.989000000e-04,5.000000000e+00,4.874845405e+00,4.749690872e+00,-1.251545959e-03
5.990000000e-04,5.000000000e+00,4.874907966e+00,4.749815996e+00,-1.250920342e-03
5.991000000e-04,5.000000000e+00,4.874970497e+00,4.749941056e+00,-1.250295039e-03
5.992000000e-04,5.000000000e+00,4.875032996e+00,4.750066054e+00,-1.249670047e-03
5.993000000e-04,5.000000000e+00,4.875095464e+00,4.750190990e+00,-1.249045369e-03
5.994000000e-04,5.000000000e+00,4.875157900e+00,4.750315863e+00,-1.248421002e-03
5.995000000e-04,5.000000000e+00,4.875220306e+00,4.750440674e+00,-1.247796948e-03
5.996000000e-04,5.000000000e+00,4.875282680e+00,4.750565423e+00,-1.247173206e-03
5.997000000e-04,5.000000000e+00,4.875345023e+00,4.750690109e+00,-1.246549775e-03
5.998000000e-04,5.000000000e+00,4.875407335e+00,4.750814733e+00,-1.245926656e-03
5.999000000e-04,5.000000000e+00,4.875469616e+00,4.750939294e+00,-1.245303849e-03
6.000000000e-04,5.000000000e+00,4.875531865e+00,4.751063793e+00,-1.244681353e-03
6.001000000e-04,5.000000000e+00,4.875594084e+00,4.751188230e+00,-1.244059168e-03
6.002000000e-04,5.000000000e+00,4.875656271e+00,4.751312605e+00,-1.243437294e-03
6.003000000e-04,5.000000000e+00,4.875718427e+00,4.751436918e+00,-1.242815731e-03
6.004000000e-04,5.000000000e+00,4.875780553e+00,4.751561168e+00,-1.242194478e-03
6.005000000e-04,5.000000000e+00,4.875842647e+00,4.751685356e+00,-1.241573536e-03
6.006000000e-04,5.000000000e+00,4.875904710e+00,4.751809483e+00,-1.240952905e-03
6.007000000e-04,5.000000000e+00,4.875966742e+00,4.751933547e+00,-1.240332584e-03
6.008000000e-04,5.000000000e+00,4.876028743e+00,4.752057549e+00,-1.239712573e-03
6.009000000e-04,5.000000000e+00,4.876090713e+00,4.752181489e+00,-1.239092871e-03
6.010000000e-04,5.000000000e+00,4.876152652e+00,4.752305367e+00,-1.238473480e-03
6.011000000e-04,5.000000000e+00,4.876214561e+00,4.752429184e+00,-1.237854398e-03
6.012000000e-04,5.000000000e+00,4.876276438e+00,4.752552938e+00,-1.237235626e-03
6.013000000e-04,5.000000000e+00,4.876338284e+00,4.752676631e+00,-1.236617163e-03
6.014000000e-04,5.000000000e+00,4.876400100e+00,4.752800261e+00,-1.235999009e-03
6.015000000e-04,5.000000000e+00,4.876461884e+00,4.752923830e+00,-1.235381164e-03
6.016000000e-04,5.000000000e+00,4.876523638e+00,4.753047338e+00,-1.234763628e-03
6.017000000e-04,5.000000000e+00,4.876585360e+00,4.753170783e+00,-1.234146401e-03
6.018000000e-04,5.000000000e+00,4.876647052e+00,4.753294167e+00,-1.233529482e-03
6.019000000e-04,5.000000000e+00,4.876708713e+00,4.753417489e+00,-1.232912872e-03
6.020000000e-04,5.000000000e+00,4.876770344e+00,4.753540749e+00,-1.232296569e-03
6.021000000e-04,5.000000000e+00,4.876831943e+00,4.753663948e+00,-1.231680575e-03
6.022000000e-04,5.000000000e+00,4.876893512e+00,4.753787085e+00,-1.231064889e-03
6.023000000e-04,5.000000000e+00,4.876955049e+00,4.753910161e+00,-1.230449511e-03
6.024000000e-04,5.000000000e+00,4.877016557e+00,4.754033175e+00,-1.229834440e-03
6.025000000e-04,5.000000000e+00,4.877078033e+00,4.754156128e+00,-1.229219676e-03
6.026000000e-04,5.000000000e+00,4.877139478e+00,4.754279019e+00,-1.228605220e-03
6.027000000e-04,5.000000000e+00,4.877200893e+00,4.754401849e+00,-1.227991071e-03
6.028000000e-04,5.000000000e+00,4.877262278e+00,4.754524617e+00,-1.227377230e-03
6.029000000e-04,5.000000000e+00,4.877323631e+00,4.754647324e+00,-1.226763694e-03
6.030000000e-04,5.000000000e+00,4.877384954e+00,4.754769970e+00,-1.226150466e-03
6.031000000e-04,5.000000000e+00,4.877446246e+00,4.754892554e+00,-1.225537544e-03
6.032000000e-04,5.000000000e+00,4.877507508e+00,4.755015077e+00,-1.224924929e-03
6.033000000e-04,5.000000000e+00,4.877568739e+00,4.755137539e+00,-1.224312620e-03
6.034000000e-04,5.000000000e+00,4.877629939e+00,4.755259939e+00,-1.223700616e-03
6.035000000e-04,5.000000000e+00,4.877691109e+00,4.755382279e+00,-1.223088919e-03
6.036000000e-04,5.000000000e+00,4.877752248e+00,4.755504557e+00,-1.222477528e-03
6.037000000e-04,5.000000000e+00,4.877813356e+00,4.755626774e+00,-1.221866442e-03
6.038000000e-04,5.000000000e+00,4.877874434e+00,4.755748930e+00,-1.221255662e-03
6.039000000e-04,5.000000000e+00,4.877935482e+00,4.755871025e+00,-1.220645187e-03
6.040000000e-04,5.000000000e+00,4.877996499e+00,4.755993059e+00,-1.220035017e-03
6.041000000e-04,5.000000000e+00,4.878057485e+00,4.756115032e+00,-1.219425152e-03
6.042000000e-04,5.000000000e+00,4.878118441e+00,4.756236944e+00,-1.218815592e-03
6.043000000e-04,5.000000000e+00,4.878179367e+00,4.756358795e+00,-1.218206336e-03
6.044000000e-04,5.000000000e+00,4.878240262e+00,4.756480585e+00,-1.217597386e-03
6.045000000e-04,5.000000000e+00,4.878301127e+00,4.756602314e+00,-1.216988739e-03
6.046000000e-04,5.000000000e+00,4.878361961e+00,4.756723983e+00,-1.216380397e-03
6.047000000e-04,5.000000000e+00,4.878422765e+00,4.756845590e+00,-1.215772359e-03
6.048000000e-04,5.000000000e+00,4.878483538e+00,4.756967137e+00,-1.215164625e-03
6.049000000e-04,5.000000000e+00,4.878544281e+00,4.757088623e+00,-1.214557195e-03
6.050000000e-04,5.000000000e+00,4.878604994e+00,4.757210049e+00,-1.213950068e-03
6.051000000e-04,5.000000000e+00,4.878665676e+00,4.757331413e+00,-1.213343245e-03
6.052000000e-04,5.000000000e+00,4.878726328e+00,4.757452717e+00,-1.212736725e-03
6.053000000e-04,5.000000000e+00,4.878786950e+00,4.757573960e+00,-1.212130509e-03
6.054000000e-04,5.000000000e+00,4.878847541e+00,4.757695143e+00,-1.211524595e-03
6.055000000e-04,5.000000000e+00,4.878908102e+00,4.757816265e+00,-1.210918984e-03
6.056000000e-04,5.000000000e+00,4.878968633e+00,4.757937327e+00,-1.210313676e-03
6.057000000e-04,5.000000000e+00,4.879029133e+00,4.758058328e+00,-1.209708671e-03
6.058000000e-04,5.000000000e+00,4.879089604e+00,4.758179268e+00,-1.209103968e-03
6.059000000e-04,5.000000000e+00,4.879150044e+00,4.758300149e+00,-1.208499567e-03
6.060000000e-04,5.000000000e+00,4.879210454e+00,4.758420968e+00,-1.207895468e-03
6.061000000e-04,5.000000000e+00,4.879270833e+00,4.758541727e+00,-1.207291672e-03
6.062000000e-04,5.000000000e+00,4.879331183e+00,4.758662426e+00,-1.206688177e-03
6.063000000e-04,5.000000000e+00,4.879391502e+00,4.758783065e+00,-1.206084984e-03
6.064000000e-04,5.000000000e+00,4.879451791e+00,4.758903643e+00,-1.205482092e-03
6.065000000e-04,5.000000000e+00,4.879512050e+00,4.759024161e+00,-1.204879502e-03
6.066000000e-04,5.000000000e+00,4.879572279e+00,4.759144619e+00,-1.204277213e-03
6.067000000e-04,5.000000000e+00,4.879632478e+00,4.759265017e+00,-1.203675225e-03
6.068000000e-04,5.000000000e+00,4.879692647e+00,4.759385354e+00,-1.203073538e-03
6.069000000e-04,5.000000000e+00,4.879752785e+00,4.759505631e+00,-1.202472152e-03
6.070000000e-04,5.000000000e+00,4.879812894e+00,4.759625848e+00,-1.201871066e-03
6.071000000e-04,5.000000000e+00,4.879872972e+00,4.759746005e+00,-1.201270281e-03
6.072000000e-04,5.000000000e+00,4.879933021e+00,4.759866102e+00,-1.200669796e-03
6.073000000e-04,5.000000000e+00,4.879993039e+00,4.759986139e+00,-1.200069611e-03
6.074000000e-04,5.000000000e+00,4.880053028e+00,4.760106116e+00,-1.199469727e-03
6.075000000e-04,5.000000000e+00,4.880112986e+00,4.760226033e+00,-1.198870142e-03
6.076000000e-04,5.000000000e+00,4.880172915e+00,4.760345890e+00,-1.198270857e-03
6.077000000e-04,5.000000000e+00,4.880232813e+00,4.760465687e+00,-1.197671871e-03
6.078000000e-04,5.000000000e+00,4.880292682e+00,4.760585424e+00,-1.197073185e-03
6.079000000e-04,5.000000000e+00,4.880352521e+00,4.760705102e+00,-1.196474798e-03
6.080000000e-04,5.000000000e+00,4.880412329e+00,4.760824719e+00,-1.195876711e-03
6.081000000e-04,5.000000000e+00,4.880472108e+00,4.760944277e+00,-1.195278922e-03
6.082000000e-04,5.000000000e+00,4.880531857e+00,4.761063775e+00,-1.194681432e-03
6.083000000e-04,5.000000000e+00,4.880591576e+00,4.761183213e+00,-1.194084241e-03
6.084000000e-04,5.000000000e+00,4.880651266e+00,4.761302592e+00,-1.193487348e-03
6.085000000e-04,5.000000000e+00,4.880710925e+00,4.761421910e+00,-1.192890754e-03
6.086000000e-04,5.000000000e+00,4.880770555e+00,4.761541170e+00,-1.192294458e-03
6.087000000e-04,5.000000000e+00,4.880830155e+00,4.761660369e+00,-1.191698460e-03
6.088000000e-04,5.000000000e+00,4.880889725e+00,4.761779509e+00,-1.191102759e-03
6.089000000e-04,5.000000000e+00,4.880949265e+00,4.761898590e+00,-1.190507357e-03
6.090000000e-04,5.000000000e+00,4.881008775e+00,4.762017611e+00,-1.189912252e-03
6.091000000e-04,5.000000000e+00,4.881068256e+00,4.762136572e+00,-1.189317445e-03
6.092000000e-04,5.000000000e+00,4.881127707e+00,4.762255474e+00,-1.188722935e-03
6.093000000e-04,5.000000000e+00,4.881187128e+00,4.762374316e+00,-1.188128722e-03
6.094000000e-04,5.000000000e+00,4.881246520e+00,4.762493100e+00,-1.187534807e-03
6.095000000e-04,5.000000000e+00,4.881305882e+00,4.762611823e+00,-1.186941188e-03
6.096000000e-04,5.000000000e+00,4.881365214e+00,4.762730488e+00,-1.186347866e-03
6.097000000e-04,5.000000000e+00,4.881424516e+00,4.762849093e+00,-1.185754840e-03
6.098000000e-04,5.000000000e+00,4.881483789e+00,4.762967639e+00,-1.185162111e-03
6.099000000e-04,5.000000000e+00,4.881543033e+00,4.763086125e+00,-1.184569678e-03
6.100000000e-04,5.000000000e+00,4.881602246e+00,4.763204552e+00,-1.183977542e-03
6.101000000e-04,5.000000000e+00,4.881661430e+00,4.763322920e+00,-1.183385701e-03
6.102000000e-04,5.000000000e+00,4.881720585e+00,4.763441229e+00,-1.182794156e-03
6.103000000e-04,5.000000000e+00,4.881779710e+00,4.763559479e+00,-1.182202907e-03
6.104000000e-04,5.000000000e+00,4.881838805e+00,4.763677670e+00,-1.181611954e-03
6.105000000e-04,5.000000000e+00,4.881897871e+00,4.763795801e+00,-1.181021295e-03
6.106000000e-04,5.000000000e+00,4.881956907e+00,4.763913874e+00,-1.180430932e-03
6.107000000e-04,5.000000000e+00,4.882015914e+00,4.764031888e+00,-1.179840865e-03
6.108000000e-04,5.000000000e+00,4.882074891e+00,4.764149842e+00,-1.179251092e-03
6.109000000e-04,5.000000000e+00,4.882133839e+00,4.764267738e+00,-1.178661614e-03
6.110000000e-04,5.000000000e+00,4.882192757e+00,4.764385574e+00,-1.178072431e-03
6.111000000e-04,5.000000000e+00,4.882251646e+00,4.764503352e+00,-1.177483542e-03
6.112000000e-04,5.000000000e+00,4.882310506e+00,4.764621071e+00,-1.176894947e-03
6.113000000e-04,5.000000000e+00,4.882369336e+00,4.764738731e+00,-1.176306647e-03
6.114000000e-04,5.000000000e+00,4.882428136e+00,4.764856332e+00,-1.175718641e-03
6.115000000e-04,5.000000000e+00,4.882486908e+00,4.764973875e+00,-1.175130929e-03
6.116000000e-04,5.000000000e+00,4.882545649e+00,4.765091358e+00,-1.174543510e-03
6.117000000e-04,5.000000000e+00,4.882604362e+00,4.765208783e+00,-1.173956385e-03
6.118000000e-04,5.000000000e+00,4.882663045e+00,4.765326149e+00,-1.173369554e-03
6.119000000e-04,5.000000000e+00,4.882721699e+00,4.765443457e+00,-1.172783016e-03
6.120000000e-04,5.000000000e+00,4.882780323e+00,4.765560706e+00,-1.172196771e-03
6.121000000e-04,5.000000000e+00,4.882838919e+00,4.765677896e+00,-1.171610819e-03
6.122000000e-04,5.000000000e+00,4.882897484e+00,4.765795028e+00,-1.171025161e-03
6.123000000e-04,5.000000000e+00,4.882956021e+00,4.765912101e+00,-1.170439795e-03
6.124000000e-04,5.000000000e+00,4.883014528e+00,4.766029116e+00,-1.169854721e-03
6.125000000e-04,5.000000000e+00,4.883073006e+00,4.766146072e+00,-1.169269940e-03
6.126000000e-04,5.000000000e+00,4.883131455e+00,4.766262970e+00,-1.168685451e-03
6.127000000e-04,5.000000000e+00,4.883189875e+00,4.766379809e+00,-1.168101255e-03
6.128000000e-04,5.000000000e+00,4.883248265e+00,4.766496590e+00,-1.167517350e-03
6.129000000e-04,5.000000000e+00,4.883306627e+00,4.766613312e+00,-1.166933738e-03
6.130000000e-04,5.000000000e+00,4.883364959e+00,4.766729976e+00,-1.166350417e-03
6.131000000e-04,5.000000000e+00,4.883423262e+00,4.766846582e+00,-1.165767388e-03
6.132000000e-04,5.000000000e+00,4.883481536e+00,4.766963130e+00,-1.165184650e-03
6.133000000e-04,5.000000000e+00,4.883539780e+00,4.767079619e+00,-1.164602203e-03
6.134000000e-04,5.000000000e+00,4.883597996e+00,4.767196050e+00,-1.164020048e-03
6.135000000e-04,5.000000000e+00,4.883656182e+00,4.767312423e+00,-1.163438183e-03
6.136000000e-04,5.000000000e+00,4.883714340e+00,4.767428738e+00,-1.162856610e-03
6.137000000e-04,5.000000000e+00,4.883772468e+00,4.767544994e+00,-1.162275327e-03
6.138000000e-04,5.000000000e+00,4.883830567e+00,4.767661193e+00,-1.161694335e-03
6.139000000e-04,5.000000000e+00,4.883888637e+00,4.767777333e+00,-1.161113633e-03
6.140000000e-04,5.000000000e+00,4.883946678e+00,4.767893415e+00,-1.160533221e-03
6.141000000e-04,5.000000000e+00,4.884004691e+00,4.768009439e+00,-1.159953100e-03
6.142000000e-04,5.000000000e+00,4.884062674e+00,4.768125406e+00,-1.159373269e-03
6.143000000e-04,5.000000000e+00,4.884120628e+00,4.768241314e+00,-1.158793727e-03
6.144000000e-04,5.000000000e+00,4.884178553e+00,4.768357164e+00,-1.158214475e-03
6.145000000e-04,5.000000000e+00,4.884236449e+00,4.768472957e+00,-1.157635513e-03
6.146000000e-04,5.000000000e+00,4.884294317e+00,4.768588691e+00,-1.157056840e-03
6.147000000e-04,5.000000000e+00,4.884352155e+00,4.768704368e+00,-1.156478456e-03
6.148000000e-04,5.000000000e+00,4.884409964e+00,4.768819987e+00,-1.155900362e-03
6.149000000e-04,5.000000000e+00,4.884467745e+00,4.768935548e+00,-1.155322556e-03
6.150000000e-04,5.000000000e+00,4.884525497e+00,4.769051051e+00,-1.154745039e-03
6.151000000e-04,5.000000000e+00,4.884583219e+00,4.769166497e+00,-1.154167811e-03
6.152000000e-04,5.000000000e+00,4.884640913e+00,4.769281885e+00,-1.153590872e-03
6.153000000e-04,5.000000000e+00,4.884698578e+00,4.769397215e+00,-1.153014221e-03
6.154000000e-04,5.000000000e+00,4.884756215e+00,4.769512488e+00,-1.152437858e-03
6.155000000e-04,5.000000000e+00,4.884813822e+00,4.769627702e+00,-1.151861783e-03
6.156000000e-04,5.000000000e+00,4.884871401e+00,4.769742860e+00,-1.151285996e-03
6.157000000e-04,5.000000000e+00,4.884928951e+00,4.769857960e+00,-1.150710497e-03
6.158000000e-04,5.000000000e+00,4.884986472e+00,4.769973002e+00,-1.150135286e-03
6.159000000e-04,5.000000000e+00,4.885043964e+00,4.770087987e+00,-1.149560362e-03
6.160000000e-04,5.000000000e+00,4.885101428e+00,4.770202914e+00,-1.148985726e-03
6.161000000e-04,5.000000000e+00,4.885158863e+00,4.770317784e+00,-1.148411377e-03
6.162000000e-04,5.000000000e+00,4.885216269e+00,4.770432596e+00,-1.147837315e-03
6.163000000e-04,5.000000000e+00,4.885273647e+00,4.770547351e+00,-1.147263540e-03
6.164000000e-04,5.000000000e+00,4.885330995e+00,4.770662049e+00,-1.146690051e-03
6.165000000e-04,5.000000000e+00,4.885388316e+00,4.770776689e+00,-1.146116850e-03
6.166000000e-04,5.000000000e+00,4.885445607e+00,4.770891272e+00,-1.145543935e-03
6.167000000e-04,5.000000000e+00,4.885502870e+00,4.771005798e+00,-1.144971306e-03
6.168000000e-04,5.000000000e+00,4.885560104e+00,4.771120266e+00,-1.144398964e-03
6.169000000e-04,5.000000000e+00,4.885617310e+00,4.771234677e+00,-1.143826907e-03
6.170000000e-04,5.000000000e+00,4.885674487e+00,4.771349031e+00,-1.143255137e-03
6.171000000e-04,5.000000000e+00,4.885731635e+00,4.771463328e+00,-1.142683653e-03
6.172000000e-04,5.000000000e+00,4.885788755e+00,4.771577568e+00,-1.142112454e-03
6.173000000e-04,5.000000000e+00,4.885845846e+00,4.771691751e+00,-1.141541540e-03
6.174000000e-04,5.000000000e+00,4.885902909e+00,4.771805876e+00,-1.140970912e-03
6.175000000e-04,5.000000000e+00,4.885959944e+00,4.771919945e+00,-1.140400570e-03
6.176000000e-04,5.000000000e+00,4.886016949e+00,4.772033956e+00,-1.139830512e-03
6.177000000e-04,5.000000000e+00,4.886073927e+00,4.772147911e+00,-1.139260739e-03
6.178000000e-04,5.000000000e+00,4.886130875e+00,4.772261808e+00,-1.138691252e-03
6.179000000e-04,5.000000000e+00,4.886187796e+00,4.772375649e+00,-1.138122048e-03
6.180000000e-04,5.000000000e+00,4.886244688e+00,4.772489432e+00,-1.137553130e-03
6.181000000e-04,5.000000000e+00,4.886301551e+00,4.772603159e+00,-1.136984495e-03
6.182000000e-04,5.000000000e+00,4.886358386e+00,4.772716829e+00,-1.136416145e-03
6.183000000e-04,5.000000000e+00,4.886415193e+00,4.772830442e+00,-1.135848080e-03
6.184000000e-04,5.000000000e+00,4.886471971e+00,4.772943999e+00,-1.135280298e-03
6.185000000e-04,5.000000000e+00,4.886528721e+00,4.773057498e+00,-1.134712799e-03
6.186000000e-04,5.000000000e+00,4.886585442e+00,4.773170941e+00,-1.134145585e-03
6.187000000e-04,5.000000000e+00,4.886642135e+00,4.773284327e+00,-1.133578654e-03
6.188000000e-04,5.000000000e+00,4.886698800e+00,4.773397657e+00,-1.133012007e-03
6.189000000e-04,5.000000000e+00,4.886755436e+00,4.773510930e+00,-1.132445642e-03
6.190000000e-04,5.000000000e+00,4.886812044e+00,4.773624146e+00,-1.131879561e-03
6.191000000e-04,5.000000000e+00,4.886868624e+00,4.773737305e+00,-1.131313763e-03
6.192000000e-04,5.000000000e+00,4.886925176e+00,4.773850408e+00,-1.130748248e-03
6.193000000e-04,5.000000000e+00,4.886981699e+00,4.773963455e+00,-1.130183015e-03
6.194000000e-04,5.000000000e+00,4.887038194e+00,4.774076445e+00,-1.129618065e-03
6.195000000e-04,5.000000000e+00,4.887094661e+00,4.774189378e+00,-1.129053397e-03
6.196000000e-04,5.000000000e+00,4.887151099e+00,4.774302256e+00,-1.128489012e-03
6.197000000e-04,5.000000000e+00,4.887207510e+00,4.774415076e+00,-1.127924908e-03
6.198000000e-04,5.000000000e+00,4.887263892e+00,4.774527840e+00,-1.127361087e-03
6.199000000e-04,5.000000000e+00,4.887320246e+00,4.774640548e+00,-1.126797548e-03
6.200000000e-04,5.000000000e+00,4.887376572e+00,4.774753200e+00,-1.126234290e-03
6.201000000e-04,5.000000000e+00,4.887432869e+00,4.774865795e+00,-1.125671314e-03
6.202000000e-04,5.000000000e+00,4.887489139e+00,4.774978334e+00,-1.125108619e-03
6.203000000e-04,5.000000000e+00,4.887545380e+00,4.775090817e+00,-1.124546205e-03
6.204000000e-04,5.000000000e+00,4.887601593e+00,4.775203243e+00,-1.123984073e-03
6.205000000e-04,5.000000000e+00,4.887657778e+00,4.775315613e+00,-1.123422221e-03
6.206000000e-04,5.000000000e+00,4.887713935e+00,4.775427927e+00,-1.122860651e-03
6.207000000e-04,5.000000000e+00,4.887770064e+00,4.775540185e+00,-1.122299361e-03
6.208000000e-04,5.000000000e+00,4.887826165e+00,4.775652387e+00,-1.121738352e-03
6.209000000e-04,5.000000000e+00,4.887882238e+00,4.775764533e+00,-1.121177623e-03
6.210000000e-04,5.000000000e+00,4.887938283e+00,4.775876623e+00,-1.120617174e-03
6.211000000e-04,5.000000000e+00,4.887994300e+00,4.775988656e+00,-1.120057006e-03
6.212000000e-04,5.000000000e+00,4.888050289e+00,4.776100634e+00,-1.119497117e-03
6.213000000e-04,5.000000000e+00,4.888106250e+00,4.776212556e+00,-1.118937509e-03
6.214000000e-04,5.000000000e+00,4.888162182e+00,4.776324421e+00,-1.118378180e-03
6.215000000e-04,5.000000000e+00,4.888218087e+00,4.776436231e+00,-1.117819131e-03
6.216000000e-04,5.000000000e+00,4.888273964e+00,4.776547985e+00,-1.117260361e-03
6.217000000e-04,5.000000000e+00,4.888329813e+00,4.776659683e+00,-1.116701871e-03
6.218000000e-04,5.000000000e+00,4.888385635e+00,4.776771325e+00,-1.116143660e-03
6.219000000e-04,5.000000000e+00,4.888441428e+00,4.776882912e+00,-1.115585727e-03
6.220000000e-04,5.000000000e+00,4.888497193e+00,4.776994442e+00,-1.115028074e-03
6.221000000e-04,5.000000000e+00,4.888552931e+00,4.777105917e+00,-1.114470700e-03
6.222000000e-04,5.000000000e+00,4.888608640e+00,4.777217336e+00,-1.113913604e-03
6.223000000e-04,5.000000000e+00,4.888664322e+00,4.777328700e+00,-1.113356786e-03
6.224000000e-04,5.000000000e+00,4.888719976e+00,4.777440008e+00,-1.112800247e-03
6.225000000e-04,5.000000000e+00,4.888775602e+00,4.777551260e+00,-1.112243986e-03
6.226000000e-04,5.000000000e+00,4.888831200e+00,4.777662456e+00,-1.111688003e-03
6.227000000e-04,5.000000000e+00,4.888886771e+00,4.777773597e+00,-1.111132298e-03
6.228000000e-04,5.000000000e+00,4.888942313e+00,4.777884683e+00,-1.110576871e-03
6.229000000e-04,5.000000000e+00,4.888997828e+00,4.777995713e+00,-1.110021722e-03
6.230000000e-04,5.000000000e+00,4.889053316e+00,4.778106687e+00,-1.109466850e-03
6.231000000e-04,5.000000000e+00,4.889108775e+00,4.778217606e+00,-1.108912255e-03
6.232000000e-04,5.000000000e+00,4.889164207e+00,4.778328469e+00,-1.108357938e-03
6.233000000e-04,5.000000000e+00,4.889219611e+00,4.778439277e+00,-1.107803898e-03
6.234000000e-04,5.000000000e+00,4.889274987e+00,4.778550030e+00,-1.107250134e-03
6.235000000e-04,5.000000000e+00,4.889330336e+00,4.778660727e+00,-1.106696648e-03
6.236000000e-04,5.000000000e+00,4.889385657e+00,4.778771369e+00,-1.106143438e-03
6.237000000e-04,5.000000000e+00,4.889440950e+00,4.778881956e+00,-1.105590504e-03
6.238000000e-04,5.000000000e+00,4.889496216e+00,4.778992487e+00,-1.105037847e-03
6.239000000e-04,5.000000000e+00,4.889551454e+00,4.779102963e+00,-1.104485467e-03
6.240000000e-04,5.000000000e+00,4.889606664e+00,4.779213384e+00,-1.103933362e-03
6.241000000e-04,5.000000000e+00,4.889661847e+00,4.779323750e+00,-1.103381534e-03
6.242000000e-04,5.000000000e+00,4.889717002e+00,4.779434060e+00,-1.102829981e-03
6.243000000e-04,5.000000000e+00,4.889772130e+00,4.779544316e+00,-1.102278704e-03
6.244000000e-04,5.000000000e+00,4.889827230e+00,4.779654516e+00,-1.101727702e-03
6.245000000e-04,5.000000000e+00,4.889882303e+00,4.779764661e+00,-1.101176976e-03
6.246000000e-04,5.000000000e+00,4.889937348e+00,4.779874751e+00,-1.100626526e-03
6.247000000e-04,5.000000000e+00,4.889992365e+00,4.779984786e+00,-1.100076350e-03
6.248000000e-04,5.000000000e+00,4.890047356e+00,4.780094767e+00,-1.099526450e-03
6.249000000e-04,5.000000000e+00,4.890102318e+00,4.780204692e+00,-1.098976824e-03
6.250000000e-04,5.000000000e+00,4.890157253e+00,4.780314562e+00,-1.098427473e-03
6.251000000e-04,5.000000000e+00,4.890212161e+00,4.780424377e+00,-1.097878397e-03
6.252000000e-04,5.000000000e+00,4.890267041e+00,4.780534137e+00,-1.097329595e-03
6.253000000e-04,5.000000000e+00,4.890321894e+00,4.780643843e+00,-1.096781067e-03
6.254000000e-04,5.000000000e+00,4.890376719e+00,4.780753493e+00,-1.096232814e-03
6.255000000e-04,5.000000000e+00,4.890431517e+00,4.780863089e+00,-1.095684835e-03
6.256000000e-04,5.000000000e+00,4.890486288e+00,4.780972630e+00,-1.095137129e-03
6.257000000e-04,5.000000000e+00,4.890541031e+00,4.781082117e+00,-1.094589698e-03
6.258000000e-04,5.000000000e+00,4.890595747e+00,4.781191548e+00,-1.094042540e-03
6.259000000e-04,5.000000000e+00,4.890650435e+00,4.781300925e+00,-1.093495656e-03
6.260000000e-04,5.000000000e+00,4.890705096e+00,4.781410247e+00,-1.092949045e-03
6.261000000e-04,5.000000000e+00,4.890759730e+00,4.781519515e+00,-1.092402707e-03
6.262000000e-04,5.000000000e+00,4.890814336e+00,4.781628728e+00,-1.091856642e-03
6.263000000e-04,5.000000000e+00,4.890868915e+00,4.781737886e+00,-1.091310850e-03
6.264000000e-04,5.000000000e+00,4.890923467e+00,4.781846990e+00,-1.090765331e-03
6.265000000e-04,5.000000000e+00,4.890977992e+00,4.781956039e+00,-1.090220085e-03
6.266000000e-04,5.000000000e+00,4.891032489e+00,4.782065034e+00,-1.089675112e-03
6.267000000e-04,5.000000000e+00,4.891086959e+00,4.782173974e+00,-1.089130410e-03
6.268000000e-04,5.000000000e+00,4.891141402e+00,4.782282860e+00,-1.088585981e-03
6.269000000e-04,5.000000000e+00,4.891195818e+00,4.782391691e+00,-1.088041825e-03
6.270000000e-04,5.000000000e+00,4.891250207e+00,4.782500468e+00,-1.087497940e-03
6.271000000e-04,5.000000000e+00,4.891304568e+00,4.782609190e+00,-1.086954327e-03
6.272000000e-04,5.000000000e+00,4.891358902e+00,4.782717859e+00,-1.086410986e-03
6.273000000e-04,5.000000000e+00,4.891413209e+00,4.782826473e+00,-1.085867916e-03
6.274000000e-04,5.000000000e+00,4.891467489e+00,4.782935032e+00,-1.085325118e-03
6.275000000e-04,5.000000000e+00,4.891521741e+00,4.783043537e+00,-1.084782591e-03
6.276000000e-04,5.000000000e+00,4.891575967e+00,4.783151989e+00,-1.084240336e-03
6.277000000e-04,5.000000000e+00,4.891630165e+00,4.783260385e+00,-1.083698351e-03
6.278000000e-04,5.000000000e+00,4.891684337e+00,4.783368728e+00,-1.083156638e-03
6.279000000e-04,5.000000000e+00,4.891738481e+00,4.783477017e+00,-1.082615195e-03
6.280000000e-04,5.000000000e+00,4.891792598e+00,4.783585251e+00,-1.082074023e-03
6.281000000e-04,5.000000000e+00,4.891846688e+00,4.783693431e+00,-1.081533121e-03
6.282000000e-04,5.000000000e+00,4.891900752e+00,4.783801558e+00,-1.080992490e-03
6.283000000e-04,5.000000000e+00,4.891954788e+00,4.783909630e+00,-1.080452129e-03
6.284000000e-04,5.000000000e+00,4.892008797e+00,4.784017648e+00,-1.079912038e-03
6.285000000e-04,5.000000000e+00,4.892062779e+00,4.784125612e+00,-1.079372217e-03
6.286000000e-04,5.000000000e+00,4.892116734e+00,4.784233522e+00,-1.078832666e-03
6.287000000e-04,5.000000000e+00,4.892170662e+00,4.784341379e+00,-1.078293384e-03
6.288000000e-04,5.000000000e+00,4.892224563e+00,4.784449181e+00,-1.077754373e-03
6.289000000e-04,5.000000000e+00,4.892278437e+00,4.784556929e+00,-1.077215630e-03
6.290000000e-04,5.000000000e+00,4.892332285e+00,4.784664624e+00,-1.076677157e-03
6.291000000e-04,5.000000000e+00,4.892386105e+00,4.784772265e+00,-1.076138953e-03
6.292000000e-04,5.000000000e+00,4.892439899e+00,4.784879852e+00,-1.075601019e-03
6.293000000e-04,5.000000000e+00,4.892493665e+00,4.784987385e+00,-1.075063353e-03
6.294000000e-04,5.000000000e+00,4.892547405e+00,4.785094864e+00,-1.074525955e-03
6.295000000e-04,5.000000000e+00,4.892601118e+00,4.785202290e+00,-1.073988827e-03
6.296000000e-04,5.000000000e+00,4.892654804e+00,4.785309662e+00,-1.073451967e-03
6.297000000e-04,5.000000000e+00,4.892708463e+00,4.785416980e+00,-1.072915375e-03
6.298000000e-04,5.000000000e+00,4.892762095e+00,4.785524245e+00,-1.072379052e-03
6.299000000e-04,5.000000000e+00,4.892815701e+00,4.785631456e+00,-1.071842996e-03
6.300000000e-04,5.000000000e+00,4.892869280e+00,4.785738613e+00,-1.071307209e-03
6.301000000e-04,5.000000000e+00,4.892922832e+00,4.785845717e+00,-1.070771689e-03
6.302000000e-04,5.000000000e+00,4.892976357e+00,4.785952768e+00,-1.070236437e-03
6.303000000e-04,5.000000000e+00,4.893029855e+00,4.786059764e+00,-1.069701453e-03
6.304000000e-04,5.000000000e+00,4.893083327e+00,4.786166708e+00,-1.069166736e-03
6.305000000e-04,5.000000000e+00,4.893136772e+00,4.786273598e+00,-1.068632287e-03
6.306000000e-04,5.000000000e+00,4.893190190e+00,4.786380434e+00,-1.068098104e-03
6.307000000e-04,5.000000000e+00,4.893243582e+00,4.786487217e+00,-1.067564189e-03
6.308000000e-04,5.000000000e+00,4.893296946e+00,4.786593947e+00,-1.067030540e-03
6.309000000e-04,5.000000000e+00,4.893350285e+00,4.786700623e+00,-1.066497158e-03
6.310000000e-04,5.000000000e+00,4.893403596e+00,4.786807246e+00,-1.065964043e-03
6.311000000e-04,5.000000000e+00,4.893456881e+00,4.786913816e+00,-1.065431195e-03
6.312000000e-04,5.000000000e+00,4.893510139e+00,4.787020332e+00,-1.064898612e-03
6.313000000e-04,5.000000000e+00,4.893563371e+00,4.787126795e+00,-1.064366296e-03
6.314000000e-04,5.000000000e+00,4.893616576e+00,4.787233205e+00,-1.063834246e-03
6.315000000e-04,5.000000000e+00,4.893669754e+00,4.787339562e+00,-1.063302462e-03
6.316000000e-04,5.000000000e+00,4.893722906e+00,4.787445866e+00,-1.062770944e-03
6.317000000e-04,5.000000000e+00,4.893776031e+00,4.787552116e+00,-1.062239691e-03
6.318000000e-04,5.000000000e+00,4.893829130e+00,4.787658314e+00,-1.061708705e-03
6.319000000e-04,5.000000000e+00,4.893882202e+00,4.787764458e+00,-1.061177983e-03
6.320000000e-04,5.000000000e+00,4.893935248e+00,4.787870549e+00,-1.060647527e-03
6.321000000e-04,5.000000000e+00,4.893988267e+00,4.787976587e+00,-1.060117336e-03
6.322000000e-04,5.000000000e+00,4.894041260e+00,4.788082573e+00,-1.059587410e-03
6.323000000e-04,5.000000000e+00,4.894094226e+00,4.788188505e+00,-1.059057748e-03
6.324000000e-04,5.000000000e+00,4.894147165e+00,4.788294384e+00,-1.058528352e-03
6.325000000e-04,5.000000000e+00,4.894200078e+00,4.788400210e+00,-1.057999220e-03
6.326000000e-04,5.000000000e+00,4.894252965e+00,4.788505984e+00,-1.057470353e-03
6.327000000e-04,5.000000000e+00,4.894305825e+00,4.788611704e+00,-1.056941750e-03
6.328000000e-04,5.000000000e+00,4.894358659e+00,4.788717372e+00,-1.056413412e-03
6.329000000e-04,5.000000000e+00,4.894411467e+00,4.788822987e+00,-1.055885337e-03
6.330000000e-04,5.000000000e+00,4.894464248e+00,4.788928549e+00,-1.055357526e-03
6.331000000e-04,5.000000000e+00,4.894517003e+00,4.789034058e+00,-1.054829980e-03
6.332000000e-04,5.000000000e+00,4.894569731e+00,4.789139515e+00,-1.054302697e-03
6.333000000e-04,5.000000000e+00,4.894622433e+00,4.789244919e+00,-1.053775677e-03
6.334000000e-04,5.000000000e+00,4.894675108e+00,4.789350270e+00,-1.053248921e-03
6.335000000e-04,5.000000000e+00,4.894727758e+00,4.789455568e+00,-1.052722429e-03
6.336000000e-04,5.000000000e+00,4.894780381e+00,4.789560814e+00,-1.052196199e-03
6.337000000e-04,5.000000000e+00,4.894832977e+00,4.789666008e+00,-1.051670233e-03
6.338000000e-04,5.000000000e+00,4.894885548e+00,4.789771148e+00,-1.051144529e-03
6.339000000e-04,5.000000000e+00,4.894938092e+00,4.789876236e+00,-1.050619088e-03
6.340000000e-04,5.000000000e+00,4.894990609e+00,4.789981272e+00,-1.050093910e-03
6.341000000e-04,5.000000000e+00,4.895043101e+00,4.790086255e+00,-1.049568995e-03
6.342000000e-04,5.000000000e+00,4.895095566e+00,4.790191186e+00,-1.049044341e-03
6.343000000e-04,5.000000000e+00,4.895148005e+00,4.790296064e+00,-1.048519950e-03
6.344000000e-04,5.000000000e+00,4.895200418e+00,4.790400890e+00,-1.047995822e-03
6.345000000e-04,5.000000000e+00,4.895252805e+00,4.790505663e+00,-1.047471955e-03
6.346000000e-04,5.000000000e+00,4.895305166e+00,4.790610384e+00,-1.046948350e-03
6.347000000e-04,5.000000000e+00,4.895357500e+00,4.790715052e+00,-1.046425007e-03
6.348000000e-04,5.000000000e+00,4.895409808e+00,4.790819669e+00,-1.045901925e-03
6.349000000e-04,5.000000000e+00,4.895462090e+00,4.790924233e+00,-1.045379105e-03
6.350000000e-04,5.000000000e+00,4.895514346e+00,4.791028744e+00,-1.044856546e-03
6.351000000e-04,5.000000000e+00,4.895566576e+00,4.791133204e+00,-1.044334249e-03
6.352000000e-04,5.000000000e+00,4.895618779e+00,4.791237611e+00,-1.043812212e-03
6.353000000e-04,5.000000000e+00,4.895670957e+00,4.791341966e+00,-1.043290437e-03
6.354000000e-04,5.000000000e+00,4.895723108e+00,4.791446269e+00,-1.042768922e-03
6.355000000e-04,5.000000000e+00,4.895775234e+00,4.791550520e+00,-1.042247668e-03
6.356000000e-04,5.000000000e+00,4.895827333e+00,4.791654719e+00,-1.041726675e-03
6.357000000e-04,5.000000000e+00,4.895879406e+00,4.791758865e+00,-1.041205942e-03
6.358000000e-04,5.000000000e+00,4.895931454e+00,4.791862960e+00,-1.040685469e-03
6.359000000e-04,5.000000000e+00,4.895983475e+00,4.791967002e+00,-1.040165256e-03
6.360000000e-04,5.000000000e+00,4.896035470e+00,4.792070993e+00,-1.039645304e-03
6.361000000e-04,5.000000000e+00,4.896087439e+00,4.792174931e+00,-1.039125611e-03
6.362000000e-04,5.000000000e+00,4.896139383e+00,4.792278818e+00,-1.038606178e-03
6.363000000e-04,5.000000000e+00,4.896191300e+00,4.792382652e+00,-1.038087005e-03
6.364000000e-04,5.000000000e+00,4.896243191e+00,4.792486435e+00,-1.037568092e-03
6.365000000e-04,5.000000000e+00,4.896295057e+00,4.792590166e+00,-1.037049437e-03
6.366000000e-04,5.000000000e+00,4.896346896e+00,4.792693845e+00,-1.036531042e-03
6.367000000e-04,5.000000000e+00,4.896398710e+00,4.792797472e+00,-1.036012907e-03
6.368000000e-04,5.000000000e+00,4.896450498e+00,4.792901047e+00,-1.035495030e-03
6.369000000e-04,5.000000000e+00,4.896502259e+00,4.793004571e+00,-1.034977412e-03
6.370000000e-04,5.000000000e+00,4.896553995e+00,4.793108043e+00,-1.034460053e-03
6.371000000e-04,5.000000000e+00,4.896605705e+00,4.793211463e+00,-1.033942952e-03
6.372000000e-04,5.000000000e+00,4.896657390e+00,4.793314831e+00,-1.033426110e-03
6.373000000e-04,5.000000000e+00,4.896709048e+00,4.793418148e+00,-1.032909526e-03
6.374000000e-04,5.000000000e+00,4.896760680e+00,4.793521413e+00,-1.032393201e-03
6.375000000e-04,5.000000000e+00,4.896812287e+00,4.793624626e+00,-1.031877133e-03
6.376000000e-04,5.000000000e+00,4.896863868e+00,4.793727788e+00,-1.031361324e-03
6.377000000e-04,5.000000000e+00,4.896915423e+00,4.793830899e+00,-1.030845772e-03
6.378000000e-04,5.000000000e+00,4.896966953e+00,4.793933957e+00,-1.030330478e-03
6.379000000e-04,5.000000000e+00,4.897018456e+00,4.794036965e+00,-1.029815442e-03
6.380000000e-04,5.000000000e+00,4.897069934e+00,4.794139920e+00,-1.029300663e-03
6.381000000e-04,5.000000000e+00,4.897121386e+00,4.794242825e+00,-1.028786141e-03
6.382000000e-04,5.000000000e+00,4.897172813e+00,4.794345678e+00,-1.028271877e-03
6.383000000e-04,5.000000000e+00,4.897224214e+00,4.794448479e+00,-1.027757870e-03
6.384000000e-04,5.000000000e+00,4.897275589e+00,4.794551229e+00,-1.027244119e-03
6.385000000e-04,5.000000000e+00,4.897326938e+00,4.794653928e+00,-1.026730626e-03
6.386000000e-04,5.000000000e+00,4.897378262e+00,4.794756575e+00,-1.026217389e-03
6.387000000e-04,5.000000000e+00,4.897429560e+00,4.794859171e+00,-1.025704409e-03
6.388000000e-04,5.000000000e+00,4.897480832e+00,4.794961716e+00,-1.025191685e-03
6.389000000e-04,5.000000000e+00,4.897532079e+00,4.795064209e+00,-1.024679217e-03
6.390000000e-04,5.000000000e+00,4.897583300e+00,4.795166652e+00,-1.024167006e-03
6.391000000e-04,5.000000000e+00,4.897634495e+00,4.795269043e+00,-1.023655050e-03
6.392000000e-04,5.000000000e+00,4.897685665e+00,4.795371382e+00,-1.023143351e-03
6.393000000e-04,5.000000000e+00,4.897736810e+00,4.795473671e+00,-1.022631907e-03
6.394000000e-04,5.000000000e+00,4.897787929e+00,4.795575909e+00,-1.022120719e-03
6.395000000e-04,5.000000000e+00,4.897839022e+00,4.795678095e+00,-1.021609787e-03
6.396000000e-04,5.000000000e+00,4.897890090e+00,4.795780231e+00,-1.021099110e-03
6.397000000e-04,5.000000000e+00,4.897941132e+00,4.795882315e+00,-1.020588688e-03
6.398000000e-04,5.000000000e+00,4.897992148e+00,4.795984348e+00,-1.020078521e-03
6.399000000e-04,5.000000000e+00,4.898043140e+00,4.796086331e+00,-1.019568609e-03
6.400000000e-04,5.000000000e+00,4.898094105e+00,4.796188262e+00,-1.019058953e-03
6.401000000e-04,5.000000000e+00,4.898145045e+00,4.796290142e+00,-1.018549551e-03
6.402000000e-04,5.000000000e+00,4.898195960e+00,4.796391972e+00,-1.018040403e-03
6.403000000e-04,5.000000000e+00,4.898246849e+00,4.796493750e+00,-1.017531511e-03
6.404000000e-04,5.000000000e+00,4.898297713e+00,4.796595478e+00,-1.017022872e-03
6.405000000e-04,5.000000000e+00,4.898348552e+00,4.796697155e+00,-1.016514488e-03
6.406000000e-04,5.000000000e+00,4.898399365e+00,4.796798781e+00,-1.016006358e-03
6.407000000e-04,5.000000000e+00,4.898450152e+00,4.796900356e+00,-1.015498482e-03
6.408000000e-04,5.000000000e+00,4.898500915e+00,4.797001880e+00,-1.014990860e-03
6.409000000e-04,5.000000000e+00,4.898551651e+00,4.797103354e+00,-1.014483491e-03
6.410000000e-04,5.000000000e+00,4.898602363e+00,4.797204777e+00,-1.013976376e-03
6.411000000e-04,5.000000000e+00,4.898653049e+00,4.797306149e+00,-1.013469515e-03
6.412000000e-04,5.000000000e+00,4.898703710e+00,4.797407471e+00,-1.012962907e-03
6.413000000e-04,5.000000000e+00,4.898754345e+00,4.797508742e+00,-1.012456552e-03
6.414000000e-04,5.000000000e+00,4.898804955e+00,4.797609962e+00,-1.011950451e-03
6.415000000e-04,5.000000000e+00,4.898855540e+00,4.797711132e+00,-1.011444602e-03
6.416000000e-04,5.000000000e+00,4.898906100e+00,4.797812251e+00,-1.010939006e-03
6.417000000e-04,5.000000000e+00,4.898956634e+00,4.797913319e+00,-1.010433663e-03
6.418000000e-04,5.000000000e+00,4.899007143e+00,4.798014337e+00,-1.009928573e-03
6.419000000e-04,5.000000000e+00,4.899057627e+00,4.798115305e+00,-1.009423735e-03
6.420000000e-04,5.000000000e+00,4.899108086e+00,4.798216222e+00,-1.008919149e-03
6.421000000e-04,5.000000000e+00,4.899158519e+00,4.798317089e+00,-1.008414816e-03
6.422000000e-04,5.000000000e+00,4.899208927e+00,4.798417905e+00,-1.007910735e-03
6.423000000e-04,5.000000000e+00,4.899259310e+00,4.798518671e+00,-1.007406905e-03
6.424000000e-04,5.000000000e+00,4.899309668e+00,4.798619386e+00,-1.006903328e-03
6.425000000e-04,5.000000000e+00,4.899360000e+00,4.798720051e+00,-1.006400002e-03
6.426000000e-04,5.000000000e+00,4.899410308e+00,4.798820666e+00,-1.005896928e-03
6.427000000e-04,5.000000000e+00,4.899460590e+00,4.798921231e+00,-1.005394106e-03
6.428000000e-04,5.000000000e+00,4.899510847e+00,4.799021745e+00,-1.004891534e-03
6.429000000e-04,5.000000000e+00,4.899561079e+00,4.799122209e+00,-1.004389214e-03
6.430000000e-04,5.000000000e+00,4.899611286e+00,4.799222623e+00,-1.003887145e-03
6.431000000e-04,5.000000000e+00,4.899661468e+00,4.799322986e+00,-1.003385327e-03
6.432000000e-04,5.000000000e+00,4.899711624e+00,4.799423300e+00,-1.002883760e-03
6.433000000e-04,5.000000000e+00,4.899761756e+00,4.799523563e+00,-1.002382444e-03
6.434000000e-04,5.000000000e+00,4.899811863e+00,4.799623776e+00,-1.001881378e-03
6.435000000e-04,5.000000000e+00,4.899861944e+00,4.799723939e+00,-1.001380563e-03
6.436000000e-04,5.000000000e+00,4.899912001e+00,4.799824052e+00,-1.000879998e-03
6.437000000e-04,5.000000000e+00,4.899962032e+00,4.799924115e+00,-1.000379683e-03
6.438000000e-04,5.000000000e+00,4.900012039e+00,4.800024128e+00,-9.998796182e-04
6.439000000e-04,5.000000000e+00,4.900062020e+00,4.800124091e+00,-9.993798034e-04
6.440000000e-04,5.000000000e+00,4.900111977e+00,4.800224004e+00,-9.988802386e-04
6.441000000e-04,5.000000000e+00,4.900161908e+00,4.800323867e+00,-9.983809234e-04
6.442000000e-04,5.000000000e+00,4.900211815e+00,4.800423680e+00,-9.978818579e-04
6.443000000e-04,5.000000000e+00,4.900261696e+00,4.800523443e+00,-9.973830418e-04
6.444000000e-04,5.000000000e+00,4.900311553e+00,4.800623156e+00,-9.968844750e-04
6.445000000e-04,5.000000000e+00,4.900361385e+00,4.800722820e+00,-9.963861575e-04
6.446000000e-04,5.000000000e+00,4.900411192e+00,4.800822433e+00,-9.958880891e-04
6.447000000e-04,5.000000000e+00,4.900460974e+00,4.800921997e+00,-9.953902696e-04
6.448000000e-04,5.000000000e+00,4.900510731e+00,4.801021511e+00,-9.948926990e-04
6.449000000e-04,5.000000000e+00,4.900560463e+00,4.801120976e+00,-9.943953771e-04
6.450000000e-04,5.000000000e+00,4.900610170e+00,4.801220390e+00,-9.938983039e-04
6.451000000e-04,5.000000000e+00,4.900659853e+00,4.801319755e+00,-9.934014790e-04
6.452000000e-04,5.000000000e+00,4.900709510e+00,4.801419071e+00,-9.929049026e-04
6.453000000e-04,5.000000000e+00,4.900759143e+00,4.801518336e+00,-9.924085744e-04
6.454000000e-04,5.000000000e+00,4.900808751e+00,4.801617552e+00,-9.919124942e-04
6.455000000e-04,5.000000000e+00,4.900858334e+00,4.801716719e+00,-9.914166621e-04
6.456000000e-04,5.000000000e+00,4.900907893e+00,4.801815835e+00,-9.909210778e-04
6.457000000e-04,5.000000000e+00,4.900957426e+00,4.801914903e+00,-9.904257412e-04
6.458000000e-04,5.000000000e+00,4.901006935e+00,4.802013921e+00,-9.899306522e-04
6.459000000e-04,5.000000000e+00,4.901056419e+00,4.802112889e+00,-9.894358108e-04
6.460000000e-04,5.000000000e+00,4.901105879e+00,4.802211808e+00,-9.889412166e-04
6.461000000e-04,5.000000000e+00,4.901155314e+00,4.802310677e+00,-9.884468698e-04
6.462000000e-04,5.000000000e+00,4.901204724e+00,4.802409497e+00,-9.879527700e-04
6.463000000e-04,5.000000000e+00,4.901254109e+00,4.802508267e+00,-9.874589172e-04
6.464000000e-04,5.000000000e+00,4.901303469e+00,4.802606989e+00,-9.869653113e-04
6.465000000e-04,5.000000000e+00,4.901352805e+00,4.802705660e+00,-9.864719521e-04
6.466000000e-04,5.000000000e+00,4.901402117e+00,4.802804283e+00,-9.859788395e-04
6.467000000e-04,5.000000000e+00,4.901451403e+00,4.802902856e+00,-9.854859735e-04
6.468000000e-04,5.000000000e+00,4.901500665e+00,4.803001380e+00,-9.849933538e-04
6.469000000e-04,5.000000000e+00,4.901549902e+00,4.803099855e+00,-9.845009803e-04
6.470000000e-04,5.000000000e+00,4.901599115e+00,4.803198280e+00,-9.840088530e-04
6.471000000e-04,5.000000000e+00,4.901648303e+00,4.803296656e+00,-9.835169717e-04
6.472000000e-04,5.000000000e+00,4.901697467e+00,4.803394983e+00,-9.830253362e-04
6.473000000e-04,5.000000000e+00,4.901746606e+00,4.803493261e+00,-9.825339466e-04
6.474000000e-04,5.000000000e+00,4.901795720e+00,4.803591490e+00,-9.820428025e-04
6.475000000e-04,5.000000000e+00,4.901844810e+00,4.803689670e+00,-9.815519040e-04
6.476000000e-04,5.000000000e+00,4.901893875e+00,4.803787800e+00,-9.810612508e-04
6.477000000e-04,5.000000000e+00,4.901942916e+00,4.803885882e+00,-9.805708429e-04
6.478000000e-04,5.000000000e+00,4.901991932e+00,4.803983914e+00,-9.800806802e-04
6.479000000e-04,5.000000000e+00,4.902040924e+00,4.804081898e+00,-9.795907624e-04
6.480000000e-04,5.000000000e+00,4.902089892e+00,4.804179833e+00,-9.791010896e-04
6.481000000e-04,5.000000000e+00,4.902138834e+00,4.804277718e+00,-9.786116616e-04
6.482000000e-04,5.000000000e+00,4.902187753e+00,4.804375555e+00,-9.781224782e-04
6.483000000e-04,5.000000000e+00,4.902236647e+00,4.804473343e+00,-9.776335393e-04
6.484000000e-04,5.000000000e+00,4.902285516e+00,4.804571081e+00,-9.771448448e-04
6.485000000e-04,5.000000000e+00,4.902334361e+00,4.804668771e+00,-9.766563947e-04
6.486000000e-04,5.000000000e+00,4.902383182e+00,4.804766413e+00,-9.761681887e-04
6.487000000e-04,5.000000000e+00,4.902431978e+00,4.804864005e+00,-9.756802267e-04
6.488000000e-04,5.000000000e+00,4.902480750e+00,4.804961549e+00,-9.751925086e-04
6.489000000e-04,5.000000000e+00,4.902529497e+00,4.805059043e+00,-9.747050344e-04
6.490000000e-04,5.000000000e+00,4.902578220e+00,4.805156489e+00,-9.742178038e-04
6.491000000e-04,5.000000000e+00,4.902626919e+00,4.805253887e+00,-9.737308168e-04
6.492000000e-04,5.000000000e+00,4.902675593e+00,4.805351236e+00,-9.732440732e-04
6.493000000e-04,5.000000000e+00,4.902724243e+00,4.805448536e+00,-9.727575729e-04
6.494000000e-04,5.000000000e+00,4.902772869e+00,4.805545787e+00,-9.722713158e-04
6.495000000e-04,5.000000000e+00,4.902821470e+00,4.805642990e+00,-9.717853018e-04
6.496000000e-04,5.000000000e+00,4.902870047e+00,4.805740144e+00,-9.712995307e-04
6.497000000e-04,5.000000000e+00,4.902918600e+00,4.805837250e+00,-9.708140025e-04
6.498000000e-04,5.000000000e+00,4.902967129e+00,4.805934307e+00,-9.703287169e-04
6.499000000e-04,5.000000000e+00,4.903015633e+00,4.806031315e+00,-9.698436740e-04
6.500000000e-04,5.000000000e+00,4.903064113e+00,4.806128275e+00,-9.693588735e-04
6.501000000e-04,5.000000000e+00,4.903112569e+00,4.806225187e+00,-9.688743153e-04
6.502000000e-04,5.000000000e+00,4.903161001e+00,4.806322050e+00,-9.683899994e-04
6.503000000e-04,5.000000000e+00,4.903209408e+00,4.806418865e+00,-9.679059255e-04
6.504000000e-04,5.000000000e+00,4.903257791e+00,4.806515631e+00,-9.674220936e-04
6.505000000e-04,5.000000000e+00,4.903306150e+00,4.806612349e+00,-9.669385036e-04
6.506000000e-04,5.000000000e+00,4.903354485e+00,4.806709019e+00,-9.664551553e-04
6.507000000e-04,5.000000000e+00,4.903402796e+00,4.806805640e+00,-9.659720487e-04
6.508000000e-04,5.000000000e+00,4.903451082e+00,4.806902213e+00,-9.654891835e-04
6.509000000e-04,5.000000000e+00,4.903499345e+00,4.806998738e+00,-9.650065597e-04
6.510000000e-04,5.000000000e+00,4.903547583e+00,4.807095214e+00,-9.645241772e-04
6.511000000e-04,5.000000000e+00,4.903595797e+00,4.807191643e+00,-9.640420357e-04
6.512000000e-04,5.000000000e+00,4.903643987e+00,4.807288023e+00,-9.635601353e-04
6.513000000e-04,5.000000000e+00,4.903692153e+00,4.807384354e+00,-9.630784758e-04
6.514000000e-04,5.000000000e+00,4.903740295e+00,4.807480638e+00,-9.625970571e-04
6.515000000e-04,5.000000000e+00,4.903788413e+00,4.807576874e+00,-9.621158790e-04
6.516000000e-04,5.000000000e+00,4.903836506e+00,4.807673061e+00,-9.616349414e-04
6.517000000e-04,5.000000000e+00,4.903884576e+00,4.807769201e+00,-9.611542442e-04
6.518000000e-04,5.000000000e+00,4.903932622e+00,4.807865292e+00,-9.606737873e-04
6.519000000e-04,5.000000000e+00,4.903980643e+00,4.807961335e+00,-9.601935706e-04
6.520000000e-04,5.000000000e+00,4.904028641e+00,4.808057331e+00,-9.597135940e-04
6.521000000e-04,5.000000000e+00,4.904076615e+00,4.808153278e+00,-9.592338572e-04
6.522000000e-04,5.000000000e+00,4.904124564e+00,4.808249177e+00,-9.587543603e-04
6.523000000e-04,5.000000000e+00,4.904172490e+00,4.808345029e+00,-9.582751031e-04
6.524000000e-04,5.000000000e+00,4.904220392e+00,4.808440832e+00,-9.577960854e-04
6.525000000e-04,5.000000000e+00,4.904268270e+00,4.808536588e+00,-9.573173072e-04
6.526000000e-04,5.000000000e+00,4.904316124e+00,4.808632296e+00,-9.568387683e-04
6.527000000e-04,5.000000000e+00,4.904363954e+00,4.808727956e+00,-9.563604686e-04
6.528000000e-04,5.000000000e+00,4.904411760e+00,4.808823568e+00,-9.558824081e-04
6.529000000e-04,5.000000000e+00,4.904459542e+00,4.808919132e+00,-9.554045864e-04
6.530000000e-04,5.000000000e+00,4.904507300e+00,4.809014649e+00,-9.549270037e-04
6.531000000e-04,5.000000000e+00,4.904555035e+00,4.809110117e+00,-9.544496596e-04
6.532000000e-04,5.000000000e+00,4.904602745e+00,4.809205538e+00,-9.539725542e-04
6.533000000e-04,5.000000000e+00,4.904650432e+00,4.809300912e+00,-9.534956873e-04
6.534000000e-04,5.000000000e+00,4.904698095e+00,4.809396237e+00,-9.530190587e-04
6.535000000e-04,5.000000000e+00,4.904745734e+00,4.809491515e+00,-9.525426684e-04
6.536000000e-04,5.000000000e+00,4.904793349e+00,4.809586746e+00,-9.520665163e-04
6.537000000e-04,5.000000000e+00,4.904840940e+00,4.809681929e+00,-9.515906021e-04
6.538000000e-04,5.000000000e+00,4.904888508e+00,4.809777064e+00,-9.511149259e-04
6.539000000e-04,5.000000000e+00,4.904936052e+00,4.809872152e+00,-9.506394874e-04
6.540000000e-04,5.000000000e+00,4.904983572e+00,4.809967192e+00,-9.501642866e-04
6.541000000e-04,5.000000000e+00,4.905031068e+00,4.810062184e+00,-9.496893233e-04
6.542000000e-04,5.000000000e+00,4.905078541e+00,4.810157129e+00,-9.492145975e-04
6.543000000e-04,5.000000000e+00,4.905125990e+00,4.810252027e+00,-9.487401089e-04
6.544000000e-04,5.000000000e+00,4.905173415e+00,4.810346877e+00,-9.482658576e-04
6.545000000e-04,5.000000000e+00,4.905220816e+00,4.810441680e+00,-9.477918433e-04
6.546000000e-04,5.000000000e+00,4.905268194e+00,4.810536436e+00,-9.473180659e-04
6.547000000e-04,5.000000000e+00,4.905315548e+00,4.810631144e+00,-9.468445254e-04
6.548000000e-04,5.000000000e+00,4.905362878e+00,4.810725804e+00,-9.463712216e-04
6.549000000e-04,5.000000000e+00,4.905410185e+00,4.810820418e+00,-9.458981544e-04
6.550000000e-04,5.000000000e+00,4.905457468e+00,4.810914984e+00,-9.454253236e-04
6.551000000e-04,5.000000000e+00,4.905504728e+00,4.811009503e+00,-9.449527293e-04
6.552000000e-04,5.000000000e+00,4.905551963e+00,4.811103974e+00,-9.444803711e-04
6.553000000e-04,5.000000000e+00,4.905599176e+00,4.811198399e+00,-9.440082491e-04
6.554000000e-04,5.000000000e+00,4.905646364e+00,4.811292776e+00,-9.435363631e-04
6.555000000e-04,5.000000000e+00,4.905693529e+00,4.811387106e+00,-9.430647129e-04
6.556000000e-04,5.000000000e+00,4.905740671e+00,4.811481389e+00,-9.425932986e-04
6.557000000e-04,5.000000000e+00,4.905787789e+00,4.811575625e+00,-9.421221198e-04
6.558000000e-04,5.000000000e+00,4.905834883e+00,4.811669813e+00,-9.416511766e-04
6.559000000e-04,5.000000000e+00,4.905881954e+00,4.811763955e+00,-9.411804689e-04
6.560000000e-04,5.000000000e+00,4.905929001e+00,4.811858049e+00,-9.407099964e-04
6.561000000e-04,5.000000000e+00,4.905976025e+00,4.811952097e+00,-9.402397591e-04
6.562000000e-04,5.000000000e+00,4.906023025e+00,4.812046097e+00,-9.397697568e-04
6.563000000e-04,5.000000000e+00,4.906070002e+00,4.812140051e+00,-9.392999895e-04
6.564000000e-04,5.000000000e+00,4.906116955e+00,4.812233957e+00,-9.388304570e-04
6.565000000e-04,5.000000000e+00,4.906163885e+00,4.812327817e+00,-9.383611593e-04
6.566000000e-04,5.000000000e+00,4.906210791e+00,4.812421629e+00,-9.378920961e-04
6.567000000e-04,5.000000000e+00,4.906257674e+00,4.812515395e+00,-9.374232674e-04
6.568000000e-04,5.000000000e+00,4.906304533e+00,4.812609114e+00,-9.369546730e-04
6.569000000e-04,5.000000000e+00,4.906351369e+00,4.812702786e+00,-9.364863129e-04
6.570000000e-04,5.000000000e+00,4.906398182e+00,4.812796411e+00,-9.360181869e-04
6.571000000e-04,5.000000000e+00,4.906444971e+00,4.812889989e+00,-9.355502949e-04
6.572000000e-04,5.000000000e+00,4.906491737e+00,4.812983521e+00,-9.350826368e-04
6.573000000e-04,5.000000000e+00,4.906538479e+00,4.813077006e+00,-9.346152125e-04
6.574000000e-04,5.000000000e+00,4.906585198e+00,4.813170444e+00,-9.341480218e-04
6.575000000e-04,5.000000000e+00,4.906631894e+00,4.813263835e+00,-9.336810646e-04
6.576000000e-04,5.000000000e+00,4.906678566e+00,4.813357180e+00,-9.332143409e-04
6.577000000e-04,5.000000000e+00,4.906725215e+00,4.813450478e+00,-9.327478505e-04
6.578000000e-04,5.000000000e+00,4.906771841e+00,4.813543729e+00,-9.322815933e-04
6.579000000e-04,5.000000000e+00,4.906818444e+00,4.813636934e+00,-9.318155691e-04
6.580000000e-04,5.000000000e+00,4.906865023e+00,4.813730092e+00,-9.313497779e-04
6.581000000e-04,5.000000000e+00,4.906911579e+00,4.813823204e+00,-9.308842195e-04
6.582000000e-04,5.000000000e+00,4.906958111e+00,4.813916269e+00,-9.304188939e-04
6.583000000e-04,5.000000000e+00,4.907004620e+00,4.814009288e+00,-9.299538008e-04
6.584000000e-04,5.000000000e+00,4.907051106e+00,4.814102260e+00,-9.294889403e-04
6.585000000e-04,5.000000000e+00,4.907097569e+00,4.814195186e+00,-9.290243121e-04
6.586000000e-04,5.000000000e+00,4.907144009e+00,4.814288065e+00,-9.285599162e-04
6.587000000e-04,5.000000000e+00,4.907190425e+00,4.814380897e+00,-9.280957524e-04
6.588000000e-04,5.000000000e+00,4.907236818e+00,4.814473684e+00,-9.276318206e-04
6.589000000e-04,5.000000000e+00,4.907283188e+00,4.814566424e+00,-9.271681208e-04
6.590000000e-04,5.000000000e+00,4.907329535e+00,4.814659117e+00,-9.267046527e-04
6.591000000e-04,5.000000000e+00,4.907375859e+00,4.814751765e+00,-9.262414163e-04
6.592000000e-04,5.000000000e+00,4.907422159e+00,4.814844365e+00,-9.257784115e-04
6.593000000e-04,5.000000000e+00,4.907468437e+00,4.814936920e+00,-9.253156381e-04
6.594000000e-04,5.000000000e+00,4.907514691e+00,4.815029429e+00,-9.248530960e-04
6.595000000e-04,5.000000000e+00,4.907560922e+00,4.815121891e+00,-9.243907852e-04
6.596000000e-04,5.000000000e+00,4.907607130e+00,4.815214307e+00,-9.239287054e-04
6.597000000e-04,5.000000000e+00,4.907653315e+00,4.815306676e+00,-9.234668567e-04
6.598000000e-04,5.000000000e+00,4.907699477e+00,4.815399000e+00,-9.230052388e-04
6.599000000e-04,5.000000000e+00,4.907745615e+00,4.815491277e+00,-9.225438516e-04
6.600000000e-04,5.000000000e+00,4.907791731e+00,4.815583509e+00,-9.220826951e-04
6.601000000e-04,5.000000000e+00,4.907837824e+00,4.815675694e+00,-9.216217691e-04
6.602000000e-04,5.000000000e+00,4.907883893e+00,4.815767833e+00,-9.211610736e-04
6.603000000e-04,5.000000000e+00,4.907929940e+00,4.815859926e+00,-9.207006083e-04
6.604000000e-04,5.000000000e+00,4.907975963e+00,4.815951973e+00,-9.202403731e-04
6.605000000e-04,5.000000000e+00,4.908021964e+00,4.816043974e+00,-9.197803681e-04
6.606000000e-04,5.000000000e+00,4.908067941e+00,4.816135929e+00,-9.193205930e-04
6.607000000e-04,5.000000000e+00,4.908113896e+00,4.816227838e+00,-9.188610477e-04
6.608000000e-04,5.000000000e+00,4.908159827e+00,4.816319701e+00,-9.184017321e-04
6.609000000e-04,5.000000000e+00,4.908205736e+00,4.816411518e+00,-9.179426462e-04
6.610000000e-04,5.000000000e+00,4.908251622e+00,4.816503289e+00,-9.174837897e-04
6.611000000e-04,5.000000000e+00,4.908297484e+00,4.816595015e+00,-9.170251626e-04
6.612000000e-04,5.000000000e+00,4.908343324e+00,4.816686694e+00,-9.165667647e-04
6.613000000e-04,5.000000000e+00,4.908389141e+00,4.816778328e+00,-9.161085960e-04
6.614000000e-04,5.000000000e+00,4.908434935e+00,4.816869916e+00,-9.156506563e-04
6.615000000e-04,5.000000000e+00,4.908480706e+00,4.816961458e+00,-9.151929455e-04
6.616000000e-04,5.000000000e+00,4.908526454e+00,4.817052955e+00,-9.147354636e-04
6.617000000e-04,5.000000000e+00,4.908572179e+00,4.817144405e+00,-9.142782103e-04
6.618000000e-04,5.000000000e+00,4.908617882e+00,4.817235810e+00,-9.138211855e-04
6.619000000e-04,5.000000000e+00,4.908663562e+00,4.817327169e+00,-9.133643893e-04
6.620000000e-04,5.000000000e+00,4.908709218e+00,4.817418483e+00,-9.129078214e-04
6.621000000e-04,5.000000000e+00,4.908754852e+00,4.817509751e+00,-9.124514817e-04
6.622000000e-04,5.000000000e+00,4.908800463e+00,4.817600973e+00,-9.119953701e-04
6.623000000e-04,5.000000000e+00,4.908846052e+00,4.817692150e+00,-9.115394865e-04
6.624000000e-04,5.000000000e+00,4.908891617e+00,4.817783281e+00,-9.110838308e-04
6.625000000e-04,5.000000000e+00,4.908937160e+00,4.817874366e+00,-9.106284028e-04
6.626000000e-04,5.000000000e+00,4.908982680e+00,4.817965406e+00,-9.101732026e-04
6.627000000e-04,5.000000000e+00,4.909028178e+00,4.818056401e+00,-9.097182298e-04
6.628000000e-04,5.000000000e+00,4.909073652e+00,4.818147350e+00,-9.092634845e-04
6.629000000e-04,5.000000000e+00,4.909119104e+00,4.818238254e+00,-9.088089665e-04
6.630000000e-04,5.000000000e+00,4.909164533e+00,4.818329112e+00,-9.083546758e-04
6.631000000e-04,5.000000000e+00,4.909209939e+00,4.818419924e+00,-9.079006121e-04
6.632000000e-04,5.000000000e+00,4.909255323e+00,4.818510692e+00,-9.074467753e-04
6.633000000e-04,5.000000000e+00,4.909300684e+00,4.818601414e+00,-9.069931655e-04
6.634000000e-04,5.000000000e+00,4.909346022e+00,4.818692090e+00,-9.065397824e-04
6.635000000e-04,5.000000000e+00,4.909391338e+00,4.818782722e+00,-9.060866259e-04
6.636000000e-04,5.000000000e+00,4.909436631e+00,4.818873308e+00,-9.056336959e-04
6.637000000e-04,5.000000000e+00,4.909481901e+00,4.818963848e+00,-9.051809924e-04
6.638000000e-04,5.000000000e+00,4.909527149e+00,4.819054344e+00,-9.047285151e-04
6.639000000e-04,5.000000000e+00,4.909572374e+00,4.819144794e+00,-9.042762641e-04
6.640000000e-04,5.000000000e+00,4.909617577e+00,4.819235199e+00,-9.038242391e-04
6.641000000e-04,5.000000000e+00,4.909662756e+00,4.819325559e+00,-9.033724400e-04
6.642000000e-04,5.000000000e+00,4.909707914e+00,4.819415873e+00,-9.029208668e-04
6.643000000e-04,5.000000000e+00,4.909753049e+00,4.819506143e+00,-9.024695194e-04
6.644000000e-04,5.000000000e+00,4.909798161e+00,4.819596367e+00,-9.020183975e-04
6.645000000e-04,5.000000000e+00,4.909843250e+00,4.819686546e+00,-9.015675012e-04
6.646000000e-04,5.000000000e+00,4.909888317e+00,4.819776681e+00,-9.011168302e-04
6.647000000e-04,5.000000000e+00,4.909933362e+00,4.819866770e+00,-9.006663845e-04
6.648000000e-04,5.000000000e+00,4.909978384e+00,4.819956814e+00,-9.002161640e-04
6.649000000e-04,5.000000000e+00,4.910023384e+00,4.820046813e+00,-8.997661685e-04
6.650000000e-04,5.000000000e+00,4.910068361e+00,4.820136767e+00,-8.993163980e-04
6.651000000e-04,5.000000000e+00,4.910113315e+00,4.820226676e+00,-8.988668523e-04
6.652000000e-04,5.000000000e+00,4.910158247e+00,4.820316540e+00,-8.984175314e-04
6.653000000e-04,5.000000000e+00,4.910203157e+00,4.820406359e+00,-8.979684350e-04
6.654000000e-04,5.000000000e+00,4.910248044e+00,4.820496134e+00,-8.975195631e-04
6.655000000e-04,5.000000000e+00,4.910292909e+00,4.820585863e+00,-8.970709156e-04
6.656000000e-04,5.000000000e+00,4.910337751e+00,4.820675548e+00,-8.966224924e-04
6.657000000e-04,5.000000000e+00,4.910382571e+00,4.820765188e+00,-8.961742933e-04
6.658000000e-04,5.000000000e+00,4.910427369e+00,4.820854783e+00,-8.957263183e-04
6.659000000e-04,5.000000000e+00,4.910472144e+00,4.820944333e+00,-8.952785672e-04
6.660000000e-04,5.000000000e+00,4.910516897e+00,4.821033838e+00,-8.948310399e-04
6.661000000e-04,5.000000000e+00,4.910561627e+00,4.821123299e+00,-8.943837364e-04
6.662000000e-04,5.000000000e+00,4.910606335e+00,4.821212715e+00,-8.939366564e-04
6.663000000e-04,5.000000000e+00,4.910651021e+00,4.821302086e+00,-8.934897999e-04
6.664000000e-04,5.000000000e+00,4.910695684e+00,4.821391413e+00,-8.930431668e-04
6.665000000e-04,5.000000000e+00,4.910740325e+00,4.821480695e+00,-8.925967569e-04
6.666000000e-04,5.000000000e+00,4.910784943e+00,4.821569932e+00,-8.921505702e-04
6.667000000e-04,5.000000000e+00,4.910829540e+00,4.821659125e+00,-8.917046065e-04
6.668000000e-04,5.000000000e+00,4.910874114e+00,4.821748273e+00,-8.912588658e-04
6.669000000e-04,5.000000000e+00,4.910918666e+00,4.821837376e+00,-8.908133479e-04
6.670000000e-04,5.000000000e+00,4.910963195e+00,4.821926435e+00,-8.903680526e-04
6.671000000e-04,5.000000000e+00,4.911007702e+00,4.822015450e+00,-8.899229800e-04
6.672000000e-04,5.000000000e+00,4.911052188e+00,4.822104420e+00,-8.894781298e-04
6.673000000e-04,5.000000000e+00,4.911096650e+00,4.822193346e+00,-8.890335021e-04
6.674000000e-04,5.000000000e+00,4.911141091e+00,4.822282227e+00,-8.885890965e-04
6.675000000e-04,5.000000000e+00,4.911185509e+00,4.822371063e+00,-8.881449132e-04
6.676000000e-04,5.000000000e+00,4.911229905e+00,4.822459856e+00,-8.877009518e-04
6.677000000e-04,5.000000000e+00,4.911274279e+00,4.822548603e+00,-8.872572124e-04
6.678000000e-04,5.000000000e+00,4.911318631e+00,4.822637307e+00,-8.868136948e-04
6.679000000e-04,5.000000000e+00,4.911362961e+00,4.822725966e+00,-8.863703989e-04
6.680000000e-04,5.000000000e+00,4.911407268e+00,4.822814581e+00,-8.859273246e-04
6.681000000e-04,5.000000000e+00,4.911451553e+00,4.822903151e+00,-8.854844718e-04
6.682000000e-04,5.000000000e+00,4.911495816e+00,4.822991678e+00,-8.850418403e-04
6.683000000e-04,5.000000000e+00,4.911540057e+00,4.823080160e+00,-8.845994301e-04
6.684000000e-04,5.000000000e+00,4.911584276e+00,4.823168597e+00,-8.841572411e-04
6.685000000e-04,5.000000000e+00,4.911628473e+00,4.823256991e+00,-8.837152731e-04
6.686000000e-04,5.000000000e+00,4.911672648e+00,4.823345340e+00,-8.832735260e-04
6.687000000e-04,5.000000000e+00,4.911716801e+00,4.823433646e+00,-8.828319997e-04
6.688000000e-04,5.000000000e+00,4.911760931e+00,4.823521907e+00,-8.823906942e-04
6.689000000e-04,5.000000000e+00,4.911805040e+00,4.823610124e+00,-8.819496092e-04
6.690000000e-04,5.000000000e+00,4.911849126e+00,4.823698297e+00,-8.815087448e-04
6.691000000e-04,5.000000000e+00,4.911893190e+00,4.823786425e+00,-8.810681007e-04
6.692000000e-04,5.000000000e+00,4.911937233e+00,4.823874510e+00,-8.806276768e-04
6.693000000e-04,5.000000000e+00,4.911981253e+00,4.823962551e+00,-8.801874732e-04
6.694000000e-04,5.000000000e+00,4.912025252e+00,4.824050548e+00,-8.797474896e-04
6.695000000e-04,5.000000000e+00,4.912069228e+00,4.824138500e+00,-8.793077259e-04
6.696000000e-04,5.000000000e+00,4.912113182e+00,4.824226409e+00,-8.788681820e-04
6.697000000e-04,5.000000000e+00,4.912157115e+00,4.824314274e+00,-8.784288579e-04
6.698000000e-04,5.000000000e+00,4.912201025e+00,4.824402095e+00,-8.779897534e-04
6.699000000e-04,5.000000000e+00,4.912244914e+00,4.824489872e+00,-8.775508683e-04
6.700000000e-04,5.000000000e+00,4.912288780e+00,4.824577605e+00,-8.771122027e-04
6.701000000e-04,5.000000000e+00,4.912332625e+00,4.824665294e+00,-8.766737563e-04
6.702000000e-04,5.000000000e+00,4.912376448e+00,4.824752939e+00,-8.762355291e-04
6.703000000e-04,5.000000000e+00,4.912420248e+00,4.824840541e+00,-8.757975210e-04
6.704000000e-04,5.000000000e+00,4.912464027e+00,4.824928099e+00,-8.753597318e-04
6.705000000e-04,5.000000000e+00,4.912507784e+00,4.825015613e+00,-8.749221614e-04
6.706000000e-04,5.000000000e+00,4.912551520e+00,4.825103083e+00,-8.744848098e-04
6.707000000e-04,5.000000000e+00,4.912595233e+00,4.825190510e+00,-8.740476768e-04
6.708000000e-04,5.000000000e+00,4.912638924e+00,4.825277893e+00,-8.736107623e-04
6.709000000e-04,5.000000000e+00,4.912682594e+00,4.825365232e+00,-8.731740662e-04
6.710000000e-04,5.000000000e+00,4.912726242e+00,4.825452527e+00,-8.727375884e-04
6.711000000e-04,5.000000000e+00,4.912769868e+00,4.825539779e+00,-8.723013288e-04
6.712000000e-04,5.000000000e+00,4.912813472e+00,4.825626988e+00,-8.718652873e-04
6.713000000e-04,5.000000000e+00,4.912857054e+00,4.825714152e+00,-8.714294637e-04
6.714000000e-04,5.000000000e+00,4.912900615e+00,4.825801273e+00,-8.709938580e-04
6.715000000e-04,5.000000000e+00,4.912944153e+00,4.825888351e+00,-8.705584701e-04
6.716000000e-04,5.000000000e+00,4.912987671e+00,4.825975385e+00,-8.701232997e-04
6.717000000e-04,5.000000000e+00,4.913031166e+00,4.826062376e+00,-8.696883469e-04
6.718000000e-04,5.000000000e+00,4.913074639e+00,4.826149323e+00,-8.692536116e-04
6.719000000e-04,5.000000000e+00,4.913118091e+00,4.826236226e+00,-8.688190935e-04
6.720000000e-04,5.000000000e+00,4.913161521e+00,4.826323086e+00,-8.683847927e-04
6.721000000e-04,5.000000000e+00,4.913204930e+00,4.826409903e+00,-8.679507089e-04
6.722000000e-04,5.000000000e+00,4.913248316e+00,4.826496676e+00,-8.675168421e-04
6.723000000e-04,5.000000000e+00,4.913291681e+00,4.826583406e+00,-8.670831923e-04
6.724000000e-04,5.000000000e+00,4.913335025e+00,4.826670093e+00,-8.666497591e-04
6.725000000e-04,5.000000000e+00,4.913378346e+00,4.826756736e+00,-8.662165427e-04
6.726000000e-04,5.000000000e+00,4.913421646e+00,4.826843336e+00,-8.657835428e-04
6.727000000e-04,5.000000000e+00,4.913464925e+00,4.826929893e+00,-8.653507593e-04
6.728000000e-04,5.000000000e+00,4.913508181e+00,4.827016406e+00,-8.649181922e-04
6.729000000e-04,5.000000000e+00,4.913551416e+00,4.827102876e+00,-8.644858413e-04
6.730000000e-04,5.000000000e+00,4.913594630e+00,4.827189303e+00,-8.640537066e-04
6.731000000e-04,5.000000000e+00,4.913637822e+00,4.827275687e+00,-8.636217878e-04
6.732000000e-04,5.000000000e+00,4.913680992e+00,4.827362028e+00,-8.631900850e-04
6.733000000e-04,5.000000000e+00,4.913724141e+00,4.827448325e+00,-8.627585979e-04
6.734000000e-04,5.000000000e+00,4.913767268e+00,4.827534579e+00,-8.623273265e-04
6.735000000e-04,5.000000000e+00,4.913810373e+00,4.827620790e+00,-8.618962708e-04
6.736000000e-04,5.000000000e+00,4.913853457e+00,4.827706958e+00,-8.614654305e-04
6.737000000e-04,5.000000000e+00,4.913896520e+00,4.827793083e+00,-8.610348055e-04
6.738000000e-04,5.000000000e+00,4.913939561e+00,4.827879165e+00,-8.606043958e-04
6.739000000e-04,5.000000000e+00,4.913982580e+00,4.827965204e+00,-8.601742013e-04
6.740000000e-04,5.000000000e+00,4.914025578e+00,4.828051200e+00,-8.597442218e-04
6.741000000e-04,5.000000000e+00,4.914068555e+00,4.828137153e+00,-8.593144573e-04
6.742000000e-04,5.000000000e+00,4.914111510e+00,4.828223063e+00,-8.588849075e-04
6.743000000e-04,5.000000000e+00,4.914154443e+00,4.828308930e+00,-8.584555725e-04
6.744000000e-04,5.000000000e+00,4.914197355e+00,4.828394754e+00,-8.580264522e-04
6.745000000e-04,5.000000000e+00,4.914240246e+00,4.828480535e+00,-8.575975463e-04
6.746000000e-04,5.000000000e+00,4.914283115e+00,4.828566273e+00,-8.571688548e-04
6.747000000e-04,5.000000000e+00,4.914325963e+00,4.828651969e+00,-8.567403776e-04
6.748000000e-04,5.000000000e+00,4.914368789e+00,4.828737621e+00,-8.563121146e-04
6.749000000e-04,5.000000000e+00,4.914411594e+00,4.828823231e+00,-8.558840657e-04
6.750000000e-04,5.000000000e+00,4.914454377e+00,4.828908798e+00,-8.554562307e-04
6.751000000e-04,5.000000000e+00,4.914497140e+00,4.828994322e+00,-8.550286096e-04
6.752000000e-04,5.000000000e+00,4.914539880e+00,4.829079804e+00,-8.546012023e-04
6.753000000e-04,5.000000000e+00,4.914582600e+00,4.829165242e+00,-8.541740086e-04
6.754000000e-04,5.000000000e+00,4.914625298e+00,4.829250638e+00,-8.537470285e-04
6.755000000e-04,5.000000000e+00,4.914667974e+00,4.829335992e+00,-8.533202618e-04
6.756000000e-04,5.000000000e+00,4.914710630e+00,4.829421302e+00,-8.528937084e-04
6.757000000e-04,5.000000000e+00,4.914753264e+00,4.829506570e+00,-8.524673682e-04
6.758000000e-04,5.000000000e+00,4.914795876e+00,4.829591796e+00,-8.520412412e-04
6.759000000e-04,5.000000000e+00,4.914838468e+00,4.829676979e+00,-8.516153272e-04
6.760000000e-04,5.000000000e+00,4.914881038e+00,4.829762119e+00,-8.511896261e-04
6.761000000e-04,5.000000000e+00,4.914923587e+00,4.829847216e+00,-8.507641377e-04
6.762000000e-04,5.000000000e+00,4.914966114e+00,4.829932272e+00,-8.503388621e-04
6.763000000e-04,5.000000000e+00,4.915008621e+00,4.830017284e+00,-8.499137991e-04
6.764000000e-04,5.000000000e+00,4.915051106e+00,4.830102254e+00,-8.494889485e-04
6.765000000e-04,5.000000000e+00,4.915093569e+00,4.830187182e+00,-8.490643103e-04
6.766000000e-04,5.000000000e+00,4.915136012e+00,4.830272067e+00,-8.486398844e-04
6.767000000e-04,5.000000000e+00,4.915178433e+00,4.830356910e+00,-8.482156706e-04
6.768000000e-04,5.000000000e+00,4.915220834e+00,4.830441710e+00,-8.477916689e-04
6.769000000e-04,5.000000000e+00,4.915263213e+00,4.830526468e+00,-8.473678791e-04
6.770000000e-04,5.000000000e+00,4.915305570e+00,4.830611184e+00,-8.469443012e-04
6.771000000e-04,5.000000000e+00,4.915347907e+00,4.830695857e+00,-8.465209350e-04
6.772000000e-04,5.000000000e+00,4.915390222e+00,4.830780488e+00,-8.460977804e-04
6.773000000e-04,5.000000000e+00,4.915432517e+00,4.830865076e+00,-8.456748374e-04
6.774000000e-04,5.000000000e+00,4.915474790e+00,4.830949623e+00,-8.452521058e-04
6.775000000e-04,5.000000000e+00,4.915517042e+00,4.831034127e+00,-8.448295855e-04
6.776000000e-04,5.000000000e+00,4.915559273e+00,4.831118588e+00,-8.444072764e-04
6.777000000e-04,5.000000000e+00,4.915601483e+00,4.831203008e+00,-8.439851784e-04
6.778000000e-04,5.000000000e+00,4.915643671e+00,4.831287385e+00,-8.435632914e-04
6.779000000e-04,5.000000000e+00,4.915685839e+00,4.831371721e+00,-8.431416153e-04
6.780000000e-04,5.000000000e+00,4.915727986e+00,4.831456014e+00,-8.427201499e-04
6.781000000e-04,5.000000000e+00,4.915770111e+00,4.831540265e+00,-8.422988953e-04
6.782000000e-04,5.000000000e+00,4.915812215e+00,4.831624473e+00,-8.418778512e-04
6.783000000e-04,5.000000000e+00,4.915854299e+00,4.831708640e+00,-8.414570176e-04
6.784000000e-04,5.000000000e+00,4.915896361e+00,4.831792765e+00,-8.410363944e-04
6.785000000e-04,5.000000000e+00,4.915938402e+00,4.831876847e+00,-8.406159814e-04
6.786000000e-04,5.000000000e+00,4.915980423e+00,4.831960888e+00,-8.401957786e-04
6.787000000e-04,5.000000000e+00,4.916022422e+00,4.832044886e+00,-8.397757858e-04
6.788000000e-04,5.000000000e+00,4.916064400e+00,4.832128843e+00,-8.393560030e-04
6.789000000e-04,5.000000000e+00,4.916106358e+00,4.832212757e+00,-8.389364300e-04
6.790000000e-04,5.000000000e+00,4.916148294e+00,4.832296630e+00,-8.385170667e-04
6.791000000e-04,5.000000000e+00,4.916190209e+00,4.832380461e+00,-8.380979131e-04
6.792000000e-04,5.000000000e+00,4.916232104e+00,4.832464250e+00,-8.376789690e-04
6.793000000e-04,5.000000000e+00,4.916273977e+00,4.832547996e+00,-8.372602343e-04
6.794000000e-04,5.000000000e+00,4.916315830e+00,4.832631702e+00,-8.368417090e-04
6.795000000e-04,5.000000000e+00,4.916357661e+00,4.832715365e+00,-8.364233928e-04
6.796000000e-04,5.000000000e+00,4.916399472e+00,4.832798986e+00,-8.360052857e-04
6.797000000e-04,5.000000000e+00,4.916441262e+00,4.832882566e+00,-8.355873877e-04
6.798000000e-04,5.000000000e+00,4.916483031e+00,4.832966104e+00,-8.351696985e-04
6.799000000e-04,5.000000000e+00,4.916524779e+00,4.833049600e+00,-8.347522182e-04
6.800000000e-04,5.000000000e+00,4.916566506e+00,4.833133054e+00,-8.343349465e-04
6.801000000e-04,5.000000000e+00,4.916608212e+00,4.833216467e+00,-8.339178834e-04
6.802000000e-04,5.000000000e+00,4.916649898e+00,4.833299837e+00,-8.335010288e-04
6.803000000e-04,5.000000000e+00,4.916691562e+00,4.833383167e+00,-8.330843826e-04
6.804000000e-04,5.000000000e+00,4.916733206e+00,4.833466454e+00,-8.326679446e-04
6.805000000e-04,5.000000000e+00,4.916774829e+00,4.833549700e+00,-8.322517148e-04
6.806000000e-04,5.000000000e+00,4.916816431e+00,4.833632904e+00,-8.318356931e-04
6.807000000e-04,5.000000000e+00,4.916858013e+00,4.833716067e+00,-8.314198793e-04
6.808000000e-04,5.000000000e+00,4.916899573e+00,4.833799188e+00,-8.310042734e-04
6.809000000e-04,5.000000000e+00,4.916941113e+00,4.833882268e+00,-8.305888752e-04
6.810000000e-04,5.000000000e+00,4.916982632e+00,4.833965306e+00,-8.301736847e-04
6.811000000e-04,5.000000000e+00,4.917024130e+00,4.834048303e+00,-8.297587017e-04
6.812000000e-04,5.000000000e+00,4.917065608e+00,4.834131258e+00,-8.293439261e-04
6.813000000e-04,5.000000000e+00,4.917107065e+00,4.834214171e+00,-8.289293579e-04
6.814000000e-04,5.000000000e+00,4.917148501e+00,4.834297044e+00,-8.285149970e-04
6.815000000e-04,5.000000000e+00,4.917189916e+00,4.834379874e+00,-8.281008431e-04
6.816000000e-04,5.000000000e+00,4.917231311e+00,4.834462664e+00,-8.276868963e-04
6.817000000e-04,5.000000000e+00,4.917272685e+00,4.834545412e+00,-8.272731564e-04
6.818000000e-04,5.000000000e+00,4.917314038e+00,4.834628118e+00,-8.268596233e-04
6.819000000e-04,5.000000000e+00,4.917355371e+00,4.834710783e+00,-8.264462970e-04
6.820000000e-04,5.000000000e+00,4.917396683e+00,4.834793407e+00,-8.260331772e-04
6.821000000e-04,5.000000000e+00,4.917437974e+00,4.834875990e+00,-8.256202640e-04
6.822000000e-04,5.000000000e+00,4.917479245e+00,4.834958531e+00,-8.252075571e-04
6.823000000e-04,5.000000000e+00,4.917520495e+00,4.835041031e+00,-8.247950566e-04
6.824000000e-04,5.000000000e+00,4.917561724e+00,4.835123490e+00,-8.243827622e-04
6.825000000e-04,5.000000000e+00,4.917602933e+00,4.835205908e+00,-8.239706740e-04
6.826000000e-04,5.000000000e+00,4.917644121e+00,4.835288284e+00,-8.235587917e-04
6.827000000e-04,5.000000000e+00,4.917685289e+00,4.835370620e+00,-8.231471154e-04
6.828000000e-04,5.000000000e+00,4.917726436e+00,4.835452914e+00,-8.227356448e-04
6.829000000e-04,5.000000000e+00,4.917767563e+00,4.835535167e+00,-8.223243799e-04
6.830000000e-04,5.000000000e+00,4.917808668e+00,4.835617378e+00,-8.219133206e-04
6.831000000e-04,5.000000000e+00,4.917849754e+00,4.835699549e+00,-8.215024668e-04
6.832000000e-04,5.000000000e+00,4.917890819e+00,4.835781679e+00,-8.210918183e-04
6.833000000e-04,5.000000000e+00,4.917931863e+00,4.835863768e+00,-8.206813751e-04
6.834000000e-04,5.000000000e+00,4.917972887e+00,4.835945815e+00,-8.202711371e-04
6.835000000e-04,5.000000000e+00,4.918013890e+00,4.836027822e+00,-8.198611042e-04
6.836000000e-04,5.000000000e+00,4.918054873e+00,4.836109787e+00,-8.194512762e-04
6.837000000e-04,5.000000000e+00,4.918095835e+00,4.836191712e+00,-8.190416531e-04
6.838000000e-04,5.000000000e+00,4.918136777e+00,4.836273595e+00,-8.186322347e-04
6.839000000e-04,5.000000000e+00,4.918177698e+00,4.836355438e+00,-8.182230210e-04
6.840000000e-04,5.000000000e+00,4.918218599e+00,4.836437240e+00,-8.178140119e-04
6.841000000e-04,5.000000000e+00,4.918259480e+00,4.836519001e+00,-8.174052072e-04
6.842000000e-04,5.000000000e+00,4.918300340e+00,4.836600721e+00,-8.169966068e-04
6.843000000e-04,5.000000000e+00,4.918341179e+00,4.836682400e+00,-8.165882107e-04
6.844000000e-04,5.000000000e+00,4.918381999e+00,4.836764039e+00,-8.161800188e-04
6.845000000e-04,5.000000000e+00,4.918422797e+00,4.836845636e+00,-8.157720309e-04
6.846000000e-04,5.000000000e+00,4.918463576e+00,4.836927193e+00,-8.153642469e-04
6.847000000e-04,5.000000000e+00,4.918504334e+00,4.837008709e+00,-8.149566668e-04
6.848000000e-04,5.000000000e+00,4.918545071e+00,4.837090184e+00,-8.145492905e-04
6.849000000e-04,5.000000000e+00,4.918585789e+00,4.837171619e+00,-8.141421177e-04
6.850000000e-04,5.000000000e+00,4.918626486e+00,4.837253012e+00,-8.137351485e-04
6.851000000e-04,5.000000000e+00,4.918667162e+00,4.837334366e+00,-8.133283827e-04
6.852000000e-04,5.000000000e+00,4.918707818e+00,4.837415678e+00,-8.129218203e-04
6.853000000e-04,5.000000000e+00,4.918748454e+00,4.837496950e+00,-8.125154611e-04
6.854000000e-04,5.000000000e+00,4.918789070e+00,4.837578181e+00,-8.121093050e-04
6.855000000e-04,5.000000000e+00,4.918829665e+00,4.837659372e+00,-8.117033520e-04
6.856000000e-04,5.000000000e+00,4.918870240e+00,4.837740522e+00,-8.112976018e-04
6.857000000e-04,5.000000000e+00,4.918910795e+00,4.837821631e+00,-8.108920545e-04
6.858000000e-04,5.000000000e+00,4.918951330e+00,4.837902700e+00,-8.104867100e-04
6.859000000e-04,5.000000000e+00,4.918991844e+00,4.837983728e+00,-8.100815680e-04
6.860000000e-04,5.000000000e+00,4.919032338e+00,4.838064716e+00,-8.096766286e-04
6.861000000e-04,5.000000000e+00,4.919072811e+00,4.838145664e+00,-8.092718916e-04
6.862000000e-04,5.000000000e+00,4.919113265e+00,4.838226571e+00,-8.088673569e-04
6.863000000e-04,5.000000000e+00,4.919153698e+00,4.838307437e+00,-8.084630244e-04
6.864000000e-04,5.000000000e+00,4.919194111e+00,4.838388263e+00,-8.080588940e-04
6.865000000e-04,5.000000000e+00,4.919234504e+00,4.838469049e+00,-8.076549657e-04
6.866000000e-04,5.000000000e+00,4.919274877e+00,4.838549794e+00,-8.072512392e-04
6.867000000e-04,5.000000000e+00,4.919315229e+00,4.838630499e+00,-8.068477146e-04
6.868000000e-04,5.000000000e+00,4.919355561e+00,4.838711163e+00,-8.064443917e-04
6.869000000e-04,5.000000000e+00,4.919395873e+00,4.838791788e+00,-8.060412704e-04
6.870000000e-04,5.000000000e+00,4.919436165e+00,4.838872372e+00,-8.056383506e-04
6.871000000e-04,5.000000000e+00,4.919476437e+00,4.838952915e+00,-8.052356322e-04
6.872000000e-04,5.000000000e+00,4.919516689e+00,4.839033419e+00,-8.048331151e-04
6.873000000e-04,5.000000000e+00,4.919556921e+00,4.839113882e+00,-8.044307993e-04
6.874000000e-04,5.000000000e+00,4.919597132e+00,4.839194305e+00,-8.040286845e-04
6.875000000e-04,5.000000000e+00,4.919637323e+00,4.839274688e+00,-8.036267708e-04
6.876000000e-04,5.000000000e+00,4.919677495e+00,4.839355030e+00,-8.032250579e-04
6.877000000e-04,5.000000000e+00,4.919717646e+00,4.839435332e+00,-8.028235459e-04
6.878000000e-04,5.000000000e+00,4.919757777e+00,4.839515595e+00,-8.024222345e-04
6.879000000e-04,5.000000000e+00,4.919797888e+00,4.839595817e+00,-8.020211238e-04
6.880000000e-04,5.000000000e+00,4.919837979e+00,4.839675999e+00,-8.016202136e-04
6.881000000e-04,5.000000000e+00,4.919878050e+00,4.839756141e+00,-8.012195038e-04
6.882000000e-04,5.000000000e+00,4.919918101e+00,4.839836243e+00,-8.008189943e-04
6.883000000e-04,5.000000000e+00,4.919958132e+00,4.839916305e+00,-8.004186849e-04
6.884000000e-04,5.000000000e+00,4.919998143e+00,4.839996326e+00,-8.000185757e-04
6.885000000e-04,5.000000000e+00,4.920038134e+00,4.840076308e+00,-7.996186665e-04
6.886000000e-04,5.000000000e+00,4.920078105e+00,4.840156250e+00,-7.992189572e-04
6.887000000e-04,5.000000000e+00,4.920118056e+00,4.840236152e+00,-7.988194478e-04
6.888000000e-04,5.000000000e+00,4.920157987e+00,4.840316014e+00,-7.984201380e-04
6.889000000e-04,5.000000000e+00,4.920197898e+00,4.840395836e+00,-7.980210278e-04
6.890000000e-04,5.000000000e+00,4.920237789e+00,4.840475618e+00,-7.976221171e-04
6.891000000e-04,5.000000000e+00,4.920277660e+00,4.840555360e+00,-7.972234058e-04
6.892000000e-04,5.000000000e+00,4.920317511e+00,4.840635063e+00,-7.968248939e-04
6.893000000e-04,5.000000000e+00,4.920357342e+00,4.840714725e+00,-7.964265811e-04
6.894000000e-04,5.000000000e+00,4.920397154e+00,4.840794348e+00,-7.960284675e-04
6.895000000e-04,5.000000000e+00,4.920436945e+00,4.840873931e+00,-7.956305528e-04
6.896000000e-04,5.000000000e+00,4.920476717e+00,4.840953474e+00,-7.952328371e-04
6.897000000e-04,5.000000000e+00,4.920516468e+00,4.841032977e+00,-7.948353202e-04
6.898000000e-04,5.000000000e+00,4.920556200e+00,4.841112441e+00,-7.944380019e-04
6.899000000e-04,5.000000000e+00,4.920595912e+00,4.841191865e+00,-7.940408823e-04
6.900000000e-04,5.000000000e+00,4.920635604e+00,4.841271249e+00,-7.936439612e-04
6.901000000e-04,5.000000000e+00,4.920675277e+00,4.841350593e+00,-7.932472385e-04
6.902000000e-04,5.000000000e+00,4.920714929e+00,4.841429898e+00,-7.928507142e-04
6.903000000e-04,5.000000000e+00,4.920754562e+00,4.841509164e+00,-7.924543880e-04
6.904000000e-04,5.000000000e+00,4.920794175e+00,4.841588389e+00,-7.920582600e-04
6.905000000e-04,5.000000000e+00,4.920833768e+00,4.841667575e+00,-7.916623299e-04
6.906000000e-04,5.000000000e+00,4.920873341e+00,4.841746721e+00,-7.912665978e-04
6.907000000e-04,5.000000000e+00,4.920912894e+00,4.841825828e+00,-7.908710635e-04
6.908000000e-04,5.000000000e+00,4.920952428e+00,4.841904896e+00,-7.904757269e-04
6.909000000e-04,5.000000000e+00,4.920991942e+00,4.841983923e+00,-7.900805879e-04
6.910000000e-04,5.000000000e+00,4.921031436e+00,4.842062912e+00,-7.896856465e-04
6.911000000e-04,5.000000000e+00,4.921070910e+00,4.842141860e+00,-7.892909025e-04
6.912000000e-04,5.000000000e+00,4.921110365e+00,4.842220770e+00,-7.888963558e-04
6.913000000e-04,5.000000000e+00,4.921149800e+00,4.842299640e+00,-7.885020063e-04
6.914000000e-04,5.000000000e+00,4.921189215e+00,4.842378470e+00,-7.881078539e-04
6.915000000e-04,5.000000000e+00,4.921228611e+00,4.842457261e+00,-7.877138986e-04
6.916000000e-04,5.000000000e+00,4.921267986e+00,4.842536013e+00,-7.873201402e-04
6.917000000e-04,5.000000000e+00,4.921307343e+00,4.842614725e+00,-7.869265786e-04
6.918000000e-04,5.000000000e+00,4.921346679e+00,4.842693398e+00,-7.865332138e-04
6.919000000e-04,5.000000000e+00,4.921385996e+00,4.842772032e+00,-7.861400456e-04
6.920000000e-04,5.000000000e+00,4.921425293e+00,4.842850626e+00,-7.857470739e-04
6.921000000e-04,5.000000000e+00,4.921464571e+00,4.842929181e+00,-7.853542987e-04
6.922000000e-04,5.000000000e+00,4.921503829e+00,4.843007697e+00,-7.849617198e-04
6.923000000e-04,5.000000000e+00,4.921543067e+00,4.843086173e+00,-7.845693371e-04
6.924000000e-04,5.000000000e+00,4.921582285e+00,4.843164611e+00,-7.841771506e-04
6.925000000e-04,5.000000000e+00,4.921621484e+00,4.843243009e+00,-7.837851601e-04
6.926000000e-04,5.000000000e+00,4.921660664e+00,4.843321368e+00,-7.833933656e-04
6.927000000e-04,5.000000000e+00,4.921699824e+00,4.843399687e+00,-7.830017670e-04
6.928000000e-04,5.000000000e+00,4.921738964e+00,4.843477968e+00,-7.826103640e-04
6.929000000e-04,5.000000000e+00,4.921778085e+00,4.843556209e+00,-7.822191568e-04
6.930000000e-04,5.000000000e+00,4.921817186e+00,4.843634412e+00,-7.818281450e-04
6.931000000e-04,5.000000000e+00,4.921856268e+00,4.843712575e+00,-7.814373288e-04
6.932000000e-04,5.000000000e+00,4.921895330e+00,4.843790699e+00,-7.810467079e-04
6.933000000e-04,5.000000000e+00,4.921934372e+00,4.843868784e+00,-7.806562822e-04
6.934000000e-04,5.000000000e+00,4.921973395e+00,4.843946830e+00,-7.802660518e-04
6.935000000e-04,5.000000000e+00,4.922012399e+00,4.844024837e+00,-7.798760164e-04
6.936000000e-04,5.000000000e+00,4.922051383e+00,4.844102805e+00,-7.794861759e-04
6.937000000e-04,5.000000000e+00,4.922090347e+00,4.844180734e+00,-7.790965304e-04
6.938000000e-04,5.000000000e+00,4.922129293e+00,4.844258625e+00,-7.787070796e-04
6.939000000e-04,5.000000000e+00,4.922168218e+00,4.844336476e+00,-7.783178234e-04
6.940000000e-04,5.000000000e+00,4.922207124e+00,4.844414288e+00,-7.779287619e-04
6.941000000e-04,5.000000000e+00,4.922246011e+00,4.844492061e+00,-7.775398949e-04
6.942000000e-04,5.000000000e+00,4.922284878e+00,4.844569796e+00,-7.771512222e-04
6.943000000e-04,5.000000000e+00,4.922323726e+00,4.844647492e+00,-7.767627438e-04
6.944000000e-04,5.000000000e+00,4.922362555e+00,4.844725148e+00,-7.763744596e-04
6.945000000e-04,5.000000000e+00,4.922401364e+00,4.844802766e+00,-7.759863695e-04
6.946000000e-04,5.000000000e+00,4.922440153e+00,4.844880346e+00,-7.755984734e-04
6.947000000e-04,5.000000000e+00,4.922478923e+00,4.844957886e+00,-7.752107712e-04
6.948000000e-04,5.000000000e+00,4.922517674e+00,4.845035388e+00,-7.748232628e-04
6.949000000e-04,5.000000000e+00,4.922556406e+00,4.845112851e+00,-7.744359481e-04
6.950000000e-04,5.000000000e+00,4.922595118e+00,4.845190275e+00,-7.740488270e-04
6.951000000e-04,5.000000000e+00,4.922633811e+00,4.845267660e+00,-7.736618995e-04
6.952000000e-04,5.000000000e+00,4.922672484e+00,4.845345007e+00,-7.732751653e-04
6.953000000e-04,5.000000000e+00,4.922711138e+00,4.845422315e+00,-7.728886245e-04
6.954000000e-04,5.000000000e+00,4.922749773e+00,4.845499585e+00,-7.725022768e-04
6.955000000e-04,5.000000000e+00,4.922788388e+00,4.845576816e+00,-7.721161223e-04
6.956000000e-04,5.000000000e+00,4.922826984e+00,4.845654008e+00,-7.717301609e-04
6.957000000e-04,5.000000000e+00,4.922865561e+00,4.845731162e+00,-7.713443924e-04
6.958000000e-04,5.000000000e+00,4.922904119e+00,4.845808277e+00,-7.709588167e-04
6.959000000e-04,5.000000000e+00,4.922942657e+00,4.845885353e+00,-7.705734337e-04
6.960000000e-04,5.000000000e+00,4.922981176e+00,4.845962391e+00,-7.701882434e-04
6.961000000e-04,5.000000000e+00,4.923019676e+00,4.846039391e+00,-7.698032456e-04
6.962000000e-04,5.000000000e+00,4.923058156e+00,4.846116352e+00,-7.694184403e-04
6.963000000e-04,5.000000000e+00,4.923096618e+00,4.846193274e+00,-7.690338274e-04
6.964000000e-04,5.000000000e+00,4.923135060e+00,4.846270159e+00,-7.686494067e-04
6.965000000e-04,5.000000000e+00,4.923173483e+00,4.846347004e+00,-7.682651781e-04
6.966000000e-04,5.000000000e+00,4.923211886e+00,4.846423812e+00,-7.678811416e-04
6.967000000e-04,5.000000000e+00,4.923250271e+00,4.846500580e+00,-7.674972971e-04
6.968000000e-04,5.000000000e+00,4.923288636e+00,4.846577311e+00,-7.671136445e-04
6.969000000e-04,5.000000000e+00,4.923326982e+00,4.846654003e+00,-7.667301837e-04
6.970000000e-04,5.000000000e+00,4.923365309e+00,4.846730657e+00,-7.663469145e-04
6.971000000e-04,5.000000000e+00,4.923403617e+00,4.846807272e+00,-7.659638369e-04
6.972000000e-04,5.000000000e+00,4.923441905e+00,4.846883850e+00,-7.655809508e-04
6.973000000e-04,5.000000000e+00,4.923480175e+00,4.846960389e+00,-7.651982561e-04
6.974000000e-04,5.000000000e+00,4.923518425e+00,4.847036889e+00,-7.648157527e-04
6.975000000e-04,5.000000000e+00,4.923556656e+00,4.847113352e+00,-7.644334405e-04
6.976000000e-04,5.000000000e+00,4.923594869e+00,4.847189776e+00,-7.640513195e-04
6.977000000e-04,5.000000000e+00,4.923633062e+00,4.847266162e+00,-7.636693894e-04
6.978000000e-04,5.000000000e+00,4.923671235e+00,4.847342510e+00,-7.632876502e-04
6.979000000e-04,5.000000000e+00,4.923709390e+00,4.847418819e+00,-7.629061019e-04
6.980000000e-04,5.000000000e+00,4.923747526e+00,4.847495091e+00,-7.625247443e-04
6.981000000e-04,5.000000000e+00,4.923785643e+00,4.847571324e+00,-7.621435773e-04
6.982000000e-04,5.000000000e+00,4.923823740e+00,4.847647519e+00,-7.617626009e-04
6.983000000e-04,5.000000000e+00,4.923861819e+00,4.847723677e+00,-7.613818149e-04
6.984000000e-04,5.000000000e+00,4.923899879e+00,4.847799796e+00,-7.610012192e-04
6.985000000e-04,5.000000000e+00,4.923937919e+00,4.847875877e+00,-7.606208138e-04
6.986000000e-04,5.000000000e+00,4.923975941e+00,4.847951920e+00,-7.602405986e-04
6.987000000e-04,5.000000000e+00,4.924013943e+00,4.848027925e+00,-7.598605734e-04
6.988000000e-04,5.000000000e+00,4.924051927e+00,4.848103892e+00,-7.594807382e-04
6.989000000e-04,5.000000000e+00,4.924089891e+00,4.848179821e+00,-7.591010928e-04
6.990000000e-04,5.000000000e+00,4.924127837e+00,4.848255712e+00,-7.587216373e-04
6.991000000e-04,5.000000000e+00,4.924165763e+00,4.848331565e+00,-7.583423714e-04
6.992000000e-04,5.000000000e+00,4.924203671e+00,4.848407380e+00,-7.579632951e-04
6.993000000e-04,5.000000000e+00,4.924241560e+00,4.848483158e+00,-7.575844082e-04
6.994000000e-04,5.000000000e+00,4.924279429e+00,4.848558897e+00,-7.572057108e-04
6.995000000e-04,5.000000000e+00,4.924317280e+00,4.848634599e+00,-7.568272027e-04
6.996000000e-04,5.000000000e+00,4.924355112e+00,4.848710263e+00,-7.564488838e-04
6.997000000e-04,5.000000000e+00,4.924392925e+00,4.848785889e+00,-7.560707540e-04
6.998000000e-04,5.000000000e+00,4.924430719e+00,4.848861477e+00,-7.556928132e-04
6.999000000e-04,5.000000000e+00,4.924468494e+00,4.848937027e+00,-7.553150613e-04
7.000000000e-04,5.000000000e+00,4.924506251e+00,4.849012540e+00,-7.549374983e-04
7.001000000e-04,5.000000000e+00,4.924543988e+00,4.849088014e+00,-7.545601240e-04
7.002000000e-04,5.000000000e+00,4.924581707e+00,4.849163452e+00,-7.541829383e-04
7.003000000e-04,5.000000000e+00,4.924619406e+00,4.849238851e+00,-7.538059412e-04
7.004000000e-04,5.000000000e+00,4.924657087e+00,4.849314213e+00,-7.534291325e-04
7.005000000e-04,5.000000000e+00,4.924694749e+00,4.849389537e+00,-7.530525122e-04
7.006000000e-04,5.000000000e+00,4.924732392e+00,4.849464823e+00,-7.526760802e-04
7.007000000e-04,5.000000000e+00,4.924770017e+00,4.849540072e+00,-7.522998363e-04
7.008000000e-04,5.000000000e+00,4.924807622e+00,4.849615283e+00,-7.519237805e-04
7.009000000e-04,5.000000000e+00,4.924845209e+00,4.849690457e+00,-7.515479127e-04
7.010000000e-04,5.000000000e+00,4.924882777e+00,4.849765592e+00,-7.511722328e-04
7.011000000e-04,5.000000000e+00,4.924920326e+00,4.849840691e+00,-7.507967406e-04
7.012000000e-04,5.000000000e+00,4.924957857e+00,4.849915752e+00,-7.504214362e-04
7.013000000e-04,5.000000000e+00,4.924995369e+00,4.849990775e+00,-7.500463194e-04
7.014000000e-04,5.000000000e+00,4.925032861e+00,4.850065761e+00,-7.496713900e-04
7.015000000e-04,5.000000000e+00,4.925070336e+00,4.850140709e+00,-7.492966481e-04
7.016000000e-04,5.000000000e+00,4.925107791e+00,4.850215620e+00,-7.489220936e-04
7.017000000e-04,5.000000000e+00,4.925145228e+00,4.850290494e+00,-7.485477262e-04
7.018000000e-04,5.000000000e+00,4.925182646e+00,4.850365330e+00,-7.481735460e-04
7.019000000e-04,5.000000000e+00,4.925220045e+00,4.850440128e+00,-7.477995528e-04
7.020000000e-04,5.000000000e+00,4.925257426e+00,4.850514890e+00,-7.474257466e-04
7.021000000e-04,5.000000000e+00,4.925294788e+00,4.850589613e+00,-7.470521272e-04
7.022000000e-04,5.000000000e+00,4.925332131e+00,4.850664300e+00,-7.466786946e-04
7.023000000e-04,5.000000000e+00,4.925369456e+00,4.850738949e+00,-7.463054487e-04
7.024000000e-04,5.000000000e+00,4.925406762e+00,4.850813561e+00,-7.459323894e-04
7.025000000e-04,5.000000000e+00,4.925444049e+00,4.850888135e+00,-7.455595165e-04
7.026000000e-04,5.000000000e+00,4.925481317e+00,4.850962673e+00,-7.451868300e-04
7.027000000e-04,5.000000000e+00,4.925518568e+00,4.851037173e+00,-7.448143298e-04
7.028000000e-04,5.000000000e+00,4.925555799e+00,4.851111636e+00,-7.444420158e-04
7.029000000e-04,5.000000000e+00,4.925593012e+00,4.851186061e+00,-7.440698880e-04
7.030000000e-04,5.000000000e+00,4.925630206e+00,4.851260449e+00,-7.436979461e-04
7.031000000e-04,5.000000000e+00,4.925667381e+00,4.851334801e+00,-7.433261902e-04
7.032000000e-04,5.000000000e+00,4.925704538e+00,4.851409115e+00,-7.429546201e-04
7.033000000e-04,5.000000000e+00,4.925741677e+00,4.851483391e+00,-7.425832357e-04
7.034000000e-04,5.000000000e+00,4.925778797e+00,4.851557631e+00,-7.422120370e-04
7.035000000e-04,5.000000000e+00,4.925815898e+00,4.851631834e+00,-7.418410238e-04
7.036000000e-04,5.000000000e+00,4.925852981e+00,4.851705999e+00,-7.414701961e-04
7.037000000e-04,5.000000000e+00,4.925890045e+00,4.851780128e+00,-7.410995538e-04
7.038000000e-04,5.000000000e+00,4.925927091e+00,4.851854219e+00,-7.407290968e-04
7.039000000e-04,5.000000000e+00,4.925964118e+00,4.851928274e+00,-7.403588249e-04
7.040000000e-04,5.000000000e+00,4.926001127e+00,4.852002291e+00,-7.399887381e-04
7.041000000e-04,5.000000000e+00,4.926038117e+00,4.852076271e+00,-7.396188363e-04
7.042000000e-04,5.000000000e+00,4.926075089e+00,4.852150215e+00,-7.392491194e-04
7.043000000e-04,5.000000000e+00,4.926112042e+00,4.852224121e+00,-7.388795873e-04
7.044000000e-04,5.000000000e+00,4.926148977e+00,4.852297990e+00,-7.385102400e-04
7.045000000e-04,5.000000000e+00,4.926185893e+00,4.852371823e+00,-7.381410773e-04
7.046000000e-04,5.000000000e+00,4.926222791e+00,4.852445619e+00,-7.377720991e-04
7.047000000e-04,5.000000000e+00,4.926259670e+00,4.852519377e+00,-7.374033053e-04
7.048000000e-04,5.000000000e+00,4.926296531e+00,4.852593099e+00,-7.370346959e-04
7.049000000e-04,5.000000000e+00,4.926333373e+00,4.852666784e+00,-7.366662708e-04
7.050000000e-04,5.000000000e+00,4.926370198e+00,4.852740432e+00,-7.362980298e-04
7.051000000e-04,5.000000000e+00,4.926407003e+00,4.852814044e+00,-7.359299729e-04
7.052000000e-04,5.000000000e+00,4.926443790e+00,4.852887618e+00,-7.355621000e-04
7.053000000e-04,5.000000000e+00,4.926480559e+00,4.852961156e+00,-7.351944110e-04
7.054000000e-04,5.000000000e+00,4.926517310e+00,4.853034657e+00,-7.348269058e-04
7.055000000e-04,5.000000000e+00,4.926554042e+00,4.853108121e+00,-7.344595842e-04
7.056000000e-04,5.000000000e+00,4.926590756e+00,4.853181549e+00,-7.340924463e-04
7.057000000e-04,5.000000000e+00,4.926627451e+00,4.853254940e+00,-7.337254920e-04
7.058000000e-04,5.000000000e+00,4.926664128e+00,4.853328294e+00,-7.333587210e-04
7.059000000e-04,5.000000000e+00,4.926700787e+00,4.853401611e+00,-7.329921334e-04
7.060000000e-04,5.000000000e+00,4.926737428e+00,4.853474892e+00,-7.326257290e-04
7.061000000e-04,5.000000000e+00,4.926774050e+00,4.853548137e+00,-7.322595078e-04
7.062000000e-04,5.000000000e+00,4.926810654e+00,4.853621344e+00,-7.318934697e-04
7.063000000e-04,5.000000000e+00,4.926847239e+00,4.853694515e+00,-7.315276145e-04
7.064000000e-04,5.000000000e+00,4.926883806e+00,4.853767650e+00,-7.311619422e-04
7.065000000e-04,5.000000000e+00,4.926920355e+00,4.853840747e+00,-7.307964527e-04
7.066000000e-04,5.000000000e+00,4.926956886e+00,4.853913809e+00,-7.304311459e-04
7.067000000e-04,5.000000000e+00,4.926993398e+00,4.853986834e+00,-7.300660217e-04
7.068000000e-04,5.000000000e+00,4.927029892e+00,4.854059822e+00,-7.297010801e-04
7.069000000e-04,5.000000000e+00,4.927066368e+00,4.854132774e+00,-7.293363208e-04
7.070000000e-04,5.000000000e+00,4.927102826e+00,4.854205689e+00,-7.289717439e-04
7.071000000e-04,5.000000000e+00,4.927139266e+00,4.854278568e+00,-7.286073492e-04
7.072000000e-04,5.000000000e+00,4.927175687e+00,4.854351411e+00,-7.282431367e-04
7.073000000e-04,5.000000000e+00,4.927212090e+00,4.854424217e+00,-7.278791063e-04
7.074000000e-04,5.000000000e+00,4.927248475e+00,4.854496986e+00,-7.275152578e-04
7.075000000e-04,5.000000000e+00,4.927284841e+00,4.854569720e+00,-7.271515912e-04
7.076000000e-04,5.000000000e+00,4.927321190e+00,4.854642417e+00,-7.267881063e-04
7.077000000e-04,5.000000000e+00,4.927357520e+00,4.854715077e+00,-7.264248032e-04
7.078000000e-04,5.000000000e+00,4.927393832e+00,4.854787701e+00,-7.260616817e-04
7.079000000e-04,5.000000000e+00,4.927430126e+00,4.854860289e+00,-7.256987417e-04
7.080000000e-04,5.000000000e+00,4.927466402e+00,4.854932841e+00,-7.253359831e-04
7.081000000e-04,5.000000000e+00,4.927502660e+00,4.855005357e+00,-7.249734059e-04
7.082000000e-04,5.000000000e+00,4.927538900e+00,4.855077836e+00,-7.246110099e-04
7.083000000e-04,5.000000000e+00,4.927575121e+00,4.855150279e+00,-7.242487950e-04
7.084000000e-04,5.000000000e+00,4.927611324e+00,4.855222685e+00,-7.238867612e-04
7.085000000e-04,5.000000000e+00,4.927647510e+00,4.855295056e+00,-7.235249084e-04
7.086000000e-04,5.000000000e+00,4.927683677e+00,4.855367390e+00,-7.231632365e-04
7.087000000e-04,5.000000000e+00,4.927719826e+00,4.855439689e+00,-7.228017453e-04
7.088000000e-04,5.000000000e+00,4.927755957e+00,4.855511951e+00,-7.224404349e-04
7.089000000e-04,5.000000000e+00,4.927792070e+00,4.855584177e+00,-7.220793051e-04
7.090000000e-04,5.000000000e+00,4.927828165e+00,4.855656366e+00,-7.217183557e-04
7.091000000e-04,5.000000000e+00,4.927864242e+00,4.855728520e+00,-7.213575869e-04
7.092000000e-04,5.000000000e+00,4.927900301e+00,4.855800638e+00,-7.209969983e-04
7.093000000e-04,5.000000000e+00,4.927936341e+00,4.855872720e+00,-7.206365900e-04
7.094000000e-04,5.000000000e+00,4.927972364e+00,4.855944765e+00,-7.202763619e-04
7.095000000e-04,5.000000000e+00,4.928008369e+00,4.856016775e+00,-7.199163138e-04
7.096000000e-04,5.000000000e+00,4.928044356e+00,4.856088748e+00,-7.195564457e-04
7.097000000e-04,5.000000000e+00,4.928080325e+00,4.856160686e+00,-7.191967575e-04
7.098000000e-04,5.000000000e+00,4.928116276e+00,4.856232588e+00,-7.188372491e-04
7.099000000e-04,5.000000000e+00,4.928152208e+00,4.856304453e+00,-7.184779204e-04
7.100000000e-04,5.000000000e+00,4.928188123e+00,4.856376283e+00,-7.181187714e-04
7.101000000e-04,5.000000000e+00,4.928224020e+00,4.856448077e+00,-7.177598018e-04
7.102000000e-04,5.000000000e+00,4.928259899e+00,4.856519835e+00,-7.174010117e-04
7.103000000e-04,5.000000000e+00,4.928295760e+00,4.856591557e+00,-7.170424010e-04
7.104000000e-04,5.000000000e+00,4.928331604e+00,4.856663243e+00,-7.166839695e-04
7.105000000e-04,5.000000000e+00,4.928367429e+00,4.856734894e+00,-7.163257172e-04
7.106000000e-04,5.000000000e+00,4.928403236e+00,4.856806509e+00,-7.159676439e-04
7.107000000e-04,5.000000000e+00,4.928439026e+00,4.856878087e+00,-7.156097497e-04
7.108000000e-04,5.000000000e+00,4.928474797e+00,4.856949630e+00,-7.152520343e-04
7.109000000e-04,5.000000000e+00,4.928510551e+00,4.857021138e+00,-7.148944978e-04
7.110000000e-04,5.000000000e+00,4.928546287e+00,4.857092609e+00,-7.145371400e-04
7.111000000e-04,5.000000000e+00,4.928582004e+00,4.857164045e+00,-7.141799608e-04
7.112000000e-04,5.000000000e+00,4.928617704e+00,4.857235445e+00,-7.138229602e-04
7.113000000e-04,5.000000000e+00,4.928653387e+00,4.857306810e+00,-7.134661380e-04
7.114000000e-04,5.000000000e+00,4.928689051e+00,4.857378138e+00,-7.131094942e-04
7.115000000e-04,5.000000000e+00,4.928724698e+00,4.857449431e+00,-7.127530287e-04
7.116000000e-04,5.000000000e+00,4.928760326e+00,4.857520689e+00,-7.123967413e-04
7.117000000e-04,5.000000000e+00,4.928795937e+00,4.857591911e+00,-7.120406321e-04
7.118000000e-04,5.000000000e+00,4.928831530e+00,4.857663097e+00,-7.116847008e-04
7.119000000e-04,5.000000000e+00,4.928867106e+00,4.857734248e+00,-7.113289475e-04
7.120000000e-04,5.000000000e+00,4.928902663e+00,4.857805363e+00,-7.109733721e-04
7.121000000e-04,5.000000000e+00,4.928938203e+00,4.857876442e+00,-7.106179743e-04
7.122000000e-04,5.000000000e+00,4.928973725e+00,4.857947486e+00,-7.102627542e-04
7.123000000e-04,5.000000000e+00,4.929009229e+00,4.858018495e+00,-7.099077117e-04
7.124000000e-04,5.000000000e+00,4.929044716e+00,4.858089468e+00,-7.095528467e-04
7.125000000e-04,5.000000000e+00,4.929080185e+00,4.858160405e+00,-7.091981590e-04
7.126000000e-04,5.000000000e+00,4.929115636e+00,4.858231307e+00,-7.088436487e-04
7.127000000e-04,5.000000000e+00,4.929151069e+00,4.858302174e+00,-7.084893155e-04
7.128000000e-04,5.000000000e+00,4.929186485e+00,4.858373005e+00,-7.081351595e-04
7.129000000e-04,5.000000000e+00,4.929221882e+00,4.858443801e+00,-7.077811805e-04
7.130000000e-04,5.000000000e+00,4.929257263e+00,4.858514561e+00,-7.074273785e-04
7.131000000e-04,5.000000000e+00,4.929292625e+00,4.858585286e+00,-7.070737533e-04
7.132000000e-04,5.000000000e+00,4.929327970e+00,4.858655976e+00,-7.067203049e-04
7.133000000e-04,5.000000000e+00,4.929363297e+00,4.858726630e+00,-7.063670332e-04
7.134000000e-04,5.000000000e+00,4.929398607e+00,4.858797249e+00,-7.060139380e-04
7.135000000e-04,5.000000000e+00,4.929433899e+00,4.858867833e+00,-7.056610194e-04
7.136000000e-04,5.000000000e+00,4.929469173e+00,4.858938381e+00,-7.053082771e-04
7.137000000e-04,5.000000000e+00,4.929504429e+00,4.859008894e+00,-7.049557113e-04
7.138000000e-04,5.000000000e+00,4.929539668e+00,4.859079372e+00,-7.046033216e-04
7.139000000e-04,5.000000000e+00,4.929574890e+00,4.859149815e+00,-7.042511081e-04
7.140000000e-04,5.000000000e+00,4.929610093e+00,4.859220223e+00,-7.038990706e-04
7.141000000e-04,5.000000000e+00,4.929645280e+00,4.859290595e+00,-7.035472092e-04
7.142000000e-04,5.000000000e+00,4.929680448e+00,4.859360932e+00,-7.031955236e-04
7.143000000e-04,5.000000000e+00,4.929715599e+00,4.859431234e+00,-7.028440138e-04
7.144000000e-04,5.000000000e+00,4.929750733e+00,4.859501501e+00,-7.024926797e-04
7.145000000e-04,5.000000000e+00,4.929785848e+00,4.859571732e+00,-7.021415213e-04
7.146000000e-04,5.000000000e+00,4.929820947e+00,4.859641929e+00,-7.017905384e-04
7.147000000e-04,5.000000000e+00,4.929856027e+00,4.859712090e+00,-7.014397309e-04
7.148000000e-04,5.000000000e+00,4.929891091e+00,4.859782217e+00,-7.010890988e-04
7.149000000e-04,5.000000000e+00,4.929926136e+00,4.859852308e+00,-7.007386419e-04
7.150000000e-04,5.000000000e+00,4.929961164e+00,4.859922364e+00,-7.003883603e-04
7.151000000e-04,5.000000000e+00,4.929996175e+00,4.859992386e+00,-7.000382537e-04
7.152000000e-04,5.000000000e+00,4.930031168e+00,4.860062372e+00,-6.996883222e-04
7.153000000e-04,5.000000000e+00,4.930066144e+00,4.860132323e+00,-6.993385656e-04
7.154000000e-04,5.000000000e+00,4.930101102e+00,4.860202240e+00,-6.989889838e-04
7.155000000e-04,5.000000000e+00,4.930136043e+00,4.860272121e+00,-6.986395767e-04
7.156000000e-04,5.000000000e+00,4.930170966e+00,4.860341968e+00,-6.982903444e-04
7.157000000e-04,5.000000000e+00,4.930205872e+00,4.860411779e+00,-6.979412865e-04
7.158000000e-04,5.000000000e+00,4.930240760e+00,4.860481556e+00,-6.975924032e-04
7.159000000e-04,5.000000000e+00,4.930275631e+00,4.860551297e+00,-6.972436943e-04
7.160000000e-04,5.000000000e+00,4.930310485e+00,4.860621004e+00,-6.968951597e-04
7.161000000e-04,5.000000000e+00,4.930345321e+00,4.860690676e+00,-6.965467993e-04
7.162000000e-04,5.000000000e+00,4.930380139e+00,4.860760314e+00,-6.961986130e-04
7.163000000e-04,5.000000000e+00,4.930414940e+00,4.860829916e+00,-6.958506008e-04
7.164000000e-04,5.000000000e+00,4.930449724e+00,4.860899484e+00,-6.955027626e-04
7.165000000e-04,5.000000000e+00,4.930484491e+00,4.860969017e+00,-6.951550982e-04
7.166000000e-04,5.000000000e+00,4.930519240e+00,4.861038515e+00,-6.948076076e-04
7.167000000e-04,5.000000000e+00,4.930553971e+00,4.861107978e+00,-6.944602908e-04
7.168000000e-04,5.000000000e+00,4.930588686e+00,4.861177407e+00,-6.941131475e-04
7.169000000e-04,5.000000000e+00,4.930623383e+00,4.861246801e+00,-6.937661778e-04
7.170000000e-04,5.000000000e+00,4.930658062e+00,4.861316160e+00,-6.934193815e-04
7.171000000e-04,5.000000000e+00,4.930692725e+00,4.861385484e+00,-6.930727585e-04
7.172000000e-04,5.000000000e+00,4.930727370e+00,4.861454774e+00,-6.927263089e-04
7.173000000e-04,5.000000000e+00,4.930761997e+00,4.861524030e+00,-6.923800324e-04
7.174000000e-04,5.000000000e+00,4.930796608e+00,4.861593250e+00,-6.920339290e-04
7.175000000e-04,5.000000000e+00,4.930831201e+00,4.861662436e+00,-6.916879986e-04
7.176000000e-04,5.000000000e+00,4.930865776e+00,4.861731588e+00,-6.913422411e-04
7.177000000e-04,5.000000000e+00,4.930900335e+00,4.861800705e+00,-6.909966565e-04
7.178000000e-04,5.000000000e+00,4.930934876e+00,4.861869787e+00,-6.906512446e-04
7.179000000e-04,5.000000000e+00,4.930969400e+00,4.861938835e+00,-6.903060054e-04
7.180000000e-04,5.000000000e+00,4.931003907e+00,4.862007848e+00,-6.899609388e-04
7.181000000e-04,5.000000000e+00,4.931038396e+00,4.862076827e+00,-6.896160446e-04
7.182000000e-04,5.000000000e+00,4.931072868e+00,4.862145771e+00,-6.892713229e-04
7.183000000e-04,5.000000000e+00,4.931107323e+00,4.862214681e+00,-6.889267735e-04
7.184000000e-04,5.000000000e+00,4.931141761e+00,4.862283557e+00,-6.885823963e-04
7.185000000e-04,5.000000000e+00,4.931176181e+00,4.862352398e+00,-6.882381912e-04
7.186000000e-04,5.000000000e+00,4.931210585e+00,4.862421204e+00,-6.878941582e-04
7.187000000e-04,5.000000000e+00,4.931244971e+00,4.862489976e+00,-6.875502972e-04
7.188000000e-04,5.000000000e+00,4.931279340e+00,4.862558714e+00,-6.872066081e-04
7.189000000e-04,5.000000000e+00,4.931313691e+00,4.862627418e+00,-6.868630908e-04
7.190000000e-04,5.000000000e+00,4.931348026e+00,4.862696087e+00,-6.865197451e-04
7.191000000e-04,5.000000000e+00,4.931382343e+00,4.862764722e+00,-6.861765712e-04
7.192000000e-04,5.000000000e+00,4.931416644e+00,4.862833322e+00,-6.858335687e-04
7.193000000e-04,5.000000000e+00,4.931450927e+00,4.862901888e+00,-6.854907377e-04
7.194000000e-04,5.000000000e+00,4.931485193e+00,4.862970420e+00,-6.851480781e-04
7.195000000e-04,5.000000000e+00,4.931519442e+00,4.863038918e+00,-6.848055898e-04
7.196000000e-04,5.000000000e+00,4.931553673e+00,4.863107381e+00,-6.844632727e-04
7.197000000e-04,5.000000000e+00,4.931587888e+00,4.863175810e+00,-6.841211267e-04
7.198000000e-04,5.000000000e+00,4.931622085e+00,4.863244205e+00,-6.837791517e-04
7.199000000e-04,5.000000000e+00,4.931656266e+00,4.863312566e+00,-6.834373477e-04
7.200000000e-04,5.000000000e+00,4.931690429e+00,4.863380893e+00,-6.830957145e-04
7.201000000e-04,5.000000000e+00,4.931724575e+00,4.863449185e+00,-6.827542521e-04
7.202000000e-04,5.000000000e+00,4.931758704e+00,4.863517444e+00,-6.824129604e-04
7.203000000e-04,5.000000000e+00,4.931792817e+00,4.863585668e+00,-6.820718393e-04
7.204000000e-04,5.000000000e+00,4.931826912e+00,4.863653858e+00,-6.817308887e-04
7.205000000e-04,5.000000000e+00,4.931860990e+00,4.863722014e+00,-6.813901086e-04
7.206000000e-04,5.000000000e+00,4.931895051e+00,4.863790136e+00,-6.810494988e-04
7.207000000e-04,5.000000000e+00,4.931929095e+00,4.863858224e+00,-6.807090592e-04
7.208000000e-04,5.000000000e+00,4.931963122e+00,4.863926278e+00,-6.803687899e-04
7.209000000e-04,5.000000000e+00,4.931997131e+00,4.863994297e+00,-6.800286906e-04
7.210000000e-04,5.000000000e+00,4.932031124e+00,4.864062283e+00,-6.796887613e-04
7.211000000e-04,5.000000000e+00,4.932065100e+00,4.864130235e+00,-6.793490020e-04
7.212000000e-04,5.000000000e+00,4.932099059e+00,4.864198153e+00,-6.790094125e-04
7.213000000e-04,5.000000000e+00,4.932133001e+00,4.864266037e+00,-6.786699927e-04
7.214000000e-04,5.000000000e+00,4.932166926e+00,4.864333887e+00,-6.783307426e-04
7.215000000e-04,5.000000000e+00,4.932200834e+00,4.864401703e+00,-6.779916621e-04
7.216000000e-04,5.000000000e+00,4.932234725e+00,4.864469485e+00,-6.776527511e-04
7.217000000e-04,5.000000000e+00,4.932268600e+00,4.864537233e+00,-6.773140095e-04
7.218000000e-04,5.000000000e+00,4.932302457e+00,4.864604948e+00,-6.769754373e-04
7.219000000e-04,5.000000000e+00,4.932336297e+00,4.864672628e+00,-6.766370342e-04
7.220000000e-04,5.000000000e+00,4.932370120e+00,4.864740275e+00,-6.762988004e-04
7.221000000e-04,5.000000000e+00,4.932403927e+00,4.864807888e+00,-6.759607356e-04
7.222000000e-04,5.000000000e+00,4.932437717e+00,4.864875467e+00,-6.756228398e-04
7.223000000e-04,5.000000000e+00,4.932471489e+00,4.864943013e+00,-6.752851129e-04
7.224000000e-04,5.000000000e+00,4.932505245e+00,4.865010524e+00,-6.749475548e-04
7.225000000e-04,5.000000000e+00,4.932538984e+00,4.865078002e+00,-6.746101655e-04
7.226000000e-04,5.000000000e+00,4.932572706e+00,4.865145446e+00,-6.742729448e-04
7.227000000e-04,5.000000000e+00,4.932606411e+00,4.865212857e+00,-6.739358927e-04
7.228000000e-04,5.000000000e+00,4.932640100e+00,4.865280233e+00,-6.735990091e-04
7.229000000e-04,5.000000000e+00,4.932673771e+00,4.865347576e+00,-6.732622938e-04
7.230000000e-04,5.000000000e+00,4.932707426e+00,4.865414886e+00,-6.729257469e-04
7.231000000e-04,5.000000000e+00,4.932741064e+00,4.865482161e+00,-6.725893682e-04
7.232000000e-04,5.000000000e+00,4.932774685e+00,4.865549404e+00,-6.722531577e-04
7.233000000e-04,5.000000000e+00,4.932808289e+00,4.865616612e+00,-6.719171152e-04
7.234000000e-04,5.000000000e+00,4.932841876e+00,4.865683787e+00,-6.715812407e-04
7.235000000e-04,5.000000000e+00,4.932875447e+00,4.865750928e+00,-6.712455341e-04
7.236000000e-04,5.000000000e+00,4.932909001e+00,4.865818036e+00,-6.709099953e-04
7.237000000e-04,5.000000000e+00,4.932942538e+00,4.865885110e+00,-6.705746243e-04
7.238000000e-04,5.000000000e+00,4.932976058e+00,4.865952151e+00,-6.702394209e-04
7.239000000e-04,5.000000000e+00,4.933009562e+00,4.866019158e+00,-6.699043850e-04
7.240000000e-04,5.000000000e+00,4.933043049e+00,4.866086132e+00,-6.695695166e-04
7.241000000e-04,5.000000000e+00,4.933076519e+00,4.866153072e+00,-6.692348156e-04
7.242000000e-04,5.000000000e+00,4.933109972e+00,4.866219979e+00,-6.689002820e-04
7.243000000e-04,5.000000000e+00,4.933143409e+00,4.866286852e+00,-6.685659155e-04
7.244000000e-04,5.000000000e+00,4.933176829e+00,4.866353692e+00,-6.682317162e-04
7.245000000e-04,5.000000000e+00,4.933210232e+00,4.866420498e+00,-6.678976839e-04
7.246000000e-04,5.000000000e+00,4.933243619e+00,4.866487271e+00,-6.675638187e-04
7.247000000e-04,5.000000000e+00,4.933276988e+00,4.866554011e+00,-6.672301203e-04
7.248000000e-04,5.000000000e+00,4.933310342e+00,4.866620717e+00,-6.668965887e-04
7.249000000e-04,5.000000000e+00,4.933343678e+00,4.866687390e+00,-6.665632238e-04
7.250000000e-04,5.000000000e+00,4.933376998e+00,4.866754030e+00,-6.662300256e-04
7.251000000e-04,5.000000000e+00,4.933410301e+00,4.866820636e+00,-6.658969939e-04
7.252000000e-04,5.000000000e+00,4.933443588e+00,4.866887209e+00,-6.655641288e-04
7.253000000e-04,5.000000000e+00,4.933476858e+00,4.866953749e+00,-6.652314300e-04
7.254000000e-04,5.000000000e+00,4.933510111e+00,4.867020255e+00,-6.648988975e-04
7.255000000e-04,5.000000000e+00,4.933543347e+00,4.867086728e+00,-6.645665312e-04
7.256000000e-04,5.000000000e+00,4.933576567e+00,4.867153168e+00,-6.642343311e-04
7.257000000e-04,5.000000000e+00,4.933609771e+00,4.867219575e+00,-6.639022970e-04
7.258000000e-04,5.000000000e+00,4.933642958e+00,4.867285949e+00,-6.635704289e-04
7.259000000e-04,5.000000000e+00,4.933676128e+00,4.867352289e+00,-6.632387267e-04
7.260000000e-04,5.000000000e+00,4.933709281e+00,4.867418597e+00,-6.629071904e-04
7.261000000e-04,5.000000000e+00,4.933742419e+00,4.867484871e+00,-6.625758197e-04
7.262000000e-04,5.000000000e+00,4.933775539e+00,4.867551112e+00,-6.622446147e-04
7.263000000e-04,5.000000000e+00,4.933808643e+00,4.867617320e+00,-6.619135752e-04
7.264000000e-04,5.000000000e+00,4.933841730e+00,4.867683494e+00,-6.615827013e-04
7.265000000e-04,5.000000000e+00,4.933874801e+00,4.867749636e+00,-6.612519927e-04
7.266000000e-04,5.000000000e+00,4.933907856e+00,4.867815745e+00,-6.609214494e-04
7.267000000e-04,5.000000000e+00,4.933940893e+00,4.867881820e+00,-6.605910714e-04
7.268000000e-04,5.000000000e+00,4.933973915e+00,4.867947863e+00,-6.602608585e-04
7.269000000e-04,5.000000000e+00,4.934006919e+00,4.868013872e+00,-6.599308107e-04
7.270000000e-04,5.000000000e+00,4.934039908e+00,4.868079849e+00,-6.596009278e-04
7.271000000e-04,5.000000000e+00,4.934072880e+00,4.868145792e+00,-6.592712099e-04
7.272000000e-04,5.000000000e+00,4.934105835e+00,4.868211703e+00,-6.589416568e-04
7.273000000e-04,5.000000000e+00,4.934138774e+00,4.868277581e+00,-6.586122684e-04
7.274000000e-04,5.000000000e+00,4.934171696e+00,4.868343425e+00,-6.582830446e-04
7.275000000e-04,5.000000000e+00,4.934204602e+00,4.868409237e+00,-6.579539855e-04
7.276000000e-04,5.000000000e+00,4.934237491e+00,4.868475016e+00,-6.576250908e-04
7.277000000e-04,5.000000000e+00,4.934270364e+00,4.868540762e+00,-6.572963605e-04
7.278000000e-04,5.000000000e+00,4.934303221e+00,4.868606475e+00,-6.569677946e-04
7.279000000e-04,5.000000000e+00,4.934336061e+00,4.868672156e+00,-6.566393929e-04
7.280000000e-04,5.000000000e+00,4.934368885e+00,4.868737803e+00,-6.563111553e-04
7.281000000e-04,5.000000000e+00,4.934401692e+00,4.868803418e+00,-6.559830819e-04
7.282000000e-04,5.000000000e+00,4.934434483e+00,4.868869000e+00,-6.556551724e-04
7.283000000e-04,5.000000000e+00,4.934467258e+00,4.868934549e+00,-6.553274268e-04
7.284000000e-04,5.000000000e+00,4.934500016e+00,4.869000065e+00,-6.549998451e-04
7.285000000e-04,5.000000000e+00,4.934532758e+00,4.869065549e+00,-6.546724271e-04
7.286000000e-04,5.000000000e+00,4.934565483e+00,4.869131000e+00,-6.543451728e-04
7.287000000e-04,5.000000000e+00,4.934598192e+00,4.869196418e+00,-6.540180821e-04
7.288000000e-04,5.000000000e+00,4.934630885e+00,4.869261803e+00,-6.536911549e-04
7.289000000e-04,5.000000000e+00,4.934663561e+00,4.869327156e+00,-6.533643911e-04
7.290000000e-04,5.000000000e+00,4.934696221e+00,4.869392476e+00,-6.530377906e-04
7.291000000e-04,5.000000000e+00,4.934728865e+00,4.869457763e+00,-6.527113534e-04
7.292000000e-04,5.000000000e+00,4.934761493e+00,4.869523018e+00,-6.523850794e-04
7.293000000e-04,5.000000000e+00,4.934794104e+00,4.869588240e+00,-6.520589685e-04
7.294000000e-04,5.000000000e+00,4.934826698e+00,4.869653430e+00,-6.517330206e-04
7.295000000e-04,5.000000000e+00,4.934859277e+00,4.869718587e+00,-6.514072356e-04
7.296000000e-04,5.000000000e+00,4.934891839e+00,4.869783711e+00,-6.510816135e-04
7.297000000e-04,5.000000000e+00,4.934924385e+00,4.869848803e+00,-6.507561542e-04
7.298000000e-04,5.000000000e+00,4.934956915e+00,4.869913863e+00,-6.504308575e-04
7.299000000e-04,5.000000000e+00,4.934989428e+00,4.869978889e+00,-6.501057234e-04
7.300000000e-04,5.000000000e+00,4.935021925e+00,4.870043884e+00,-6.497807519e-04
7.301000000e-04,5.000000000e+00,4.935054406e+00,4.870108845e+00,-6.494559428e-04
7.302000000e-04,5.000000000e+00,4.935086871e+00,4.870173775e+00,-6.491312961e-04
7.303000000e-04,5.000000000e+00,4.935119319e+00,4.870238672e+00,-6.488068117e-04
7.304000000e-04,5.000000000e+00,4.935151752e+00,4.870303536e+00,-6.484824895e-04
7.305000000e-04,5.000000000e+00,4.935184168e+00,4.870368368e+00,-6.481583293e-04
7.306000000e-04,5.000000000e+00,4.935216567e+00,4.870433168e+00,-6.478343313e-04
7.307000000e-04,5.000000000e+00,4.935248951e+00,4.870497935e+00,-6.475104952e-04
7.308000000e-04,5.000000000e+00,4.935281318e+00,4.870562670e+00,-6.471868209e-04
7.309000000e-04,5.000000000e+00,4.935313670e+00,4.870627372e+00,-6.468633085e-04
7.310000000e-04,5.000000000e+00,4.935346005e+00,4.870692042e+00,-6.465399578e-04
7.311000000e-04,5.000000000e+00,4.935378324e+00,4.870756680e+00,-6.462167687e-04
7.312000000e-04,5.000000000e+00,4.935410626e+00,4.870821286e+00,-6.458937411e-04
7.313000000e-04,5.000000000e+00,4.935442913e+00,4.870885859e+00,-6.455708751e-04
7.314000000e-04,5.000000000e+00,4.935475183e+00,4.870950400e+00,-6.452481704e-04
7.315000000e-04,5.000000000e+00,4.935507438e+00,4.871014908e+00,-6.449256270e-04
7.316000000e-04,5.000000000e+00,4.935539676e+00,4.871079385e+00,-6.446032449e-04
7.317000000e-04,5.000000000e+00,4.935571898e+00,4.871143829e+00,-6.442810239e-04
7.318000000e-04,5.000000000e+00,4.935604104e+00,4.871208241e+00,-6.439589640e-04
7.319000000e-04,5.000000000e+00,4.935636294e+00,4.871272621e+00,-6.436370651e-04
7.320000000e-04,5.000000000e+00,4.935668468e+00,4.871336968e+00,-6.433153271e-04
7.321000000e-04,5.000000000e+00,4.935700626e+00,4.871401284e+00,-6.429937499e-04
7.322000000e-04,5.000000000e+00,4.935732767e+00,4.871465567e+00,-6.426723335e-04
7.323000000e-04,5.000000000e+00,4.935764893e+00,4.871529818e+00,-6.423510777e-04
7.324000000e-04,5.000000000e+00,4.935797002e+00,4.871594037e+00,-6.420299826e-04
7.325000000e-04,5.000000000e+00,4.935829096e+00,4.871658224e+00,-6.417090479e-04
7.326000000e-04,5.000000000e+00,4.935861173e+00,4.871722379e+00,-6.413882737e-04
7.327000000e-04,5.000000000e+00,4.935893235e+00,4.871786502e+00,-6.410676598e-04
7.328000000e-04,5.000000000e+00,4.935925280e+00,4.871850592e+00,-6.407472061e-04
7.329000000e-04,5.000000000e+00,4.935957309e+00,4.871914651e+00,-6.404269127e-04
7.330000000e-04,5.000000000e+00,4.935989323e+00,4.871978678e+00,-6.401067794e-04
7.331000000e-04,5.000000000e+00,4.936021320e+00,4.872042672e+00,-6.397868061e-04
7.332000000e-04,5.000000000e+00,4.936053301e+00,4.872106635e+00,-6.394669927e-04
7.333000000e-04,5.000000000e+00,4.936085267e+00,4.872170566e+00,-6.391473392e-04
7.334000000e-04,5.000000000e+00,4.936117216e+00,4.872234464e+00,-6.388278455e-04
7.335000000e-04,5.000000000e+00,4.936149149e+00,4.872298331e+00,-6.385085115e-04
7.336000000e-04,5.000000000e+00,4.936181067e+00,4.872362166e+00,-6.381893371e-04
7.337000000e-04,5.000000000e+00,4.936212968e+00,4.872425969e+00,-6.378703223e-04
7.338000000e-04,5.000000000e+00,4.936244854e+00,4.872489740e+00,-6.375514670e-04
7.339000000e-04,5.000000000e+00,4.936276723e+00,4.872553479e+00,-6.372327710e-04
7.340000000e-04,5.000000000e+00,4.936308577e+00,4.872617186e+00,-6.369142343e-04
7.341000000e-04,5.000000000e+00,4.936340415e+00,4.872680862e+00,-6.365958569e-04
7.342000000e-04,5.000000000e+00,4.936372237e+00,4.872744506e+00,-6.362776386e-04
7.343000000e-04,5.000000000e+00,4.936404043e+00,4.872808117e+00,-6.359595794e-04
7.344000000e-04,5.000000000e+00,4.936435833e+00,4.872871697e+00,-6.356416792e-04
7.345000000e-04,5.000000000e+00,4.936467607e+00,4.872935246e+00,-6.353239379e-04
7.346000000e-04,5.000000000e+00,4.936499365e+00,4.872998762e+00,-6.350063554e-04
7.347000000e-04,5.000000000e+00,4.936531107e+00,4.873062247e+00,-6.346889316e-04
7.348000000e-04,5.000000000e+00,4.936562834e+00,4.873125700e+00,-6.343716666e-04
7.349000000e-04,5.000000000e+00,4.936594544e+00,4.873189121e+00,-6.340545601e-04
7.350000000e-04,5.000000000e+00,4.936626239e+00,4.873252511e+00,-6.337376122e-04
7.351000000e-04,5.000000000e+00,4.936657918e+00,4.873315869e+00,-6.334208226e-04
7.352000000e-04,5.000000000e+00,4.936689581e+00,4.873379195e+00,-6.331041915e-04
7.353000000e-04,5.000000000e+00,4.936721229e+00,4.873442489e+00,-6.327877186e-04
7.354000000e-04,5.000000000e+00,4.936752860e+00,4.873505752e+00,-6.324714039e-04
7.355000000e-04,5.000000000e+00,4.936784476e+00,4.873568984e+00,-6.321552473e-04
7.356000000e-04,5.000000000e+00,4.936816076e+00,4.873632183e+00,-6.318392488e-04
7.357000000e-04,5.000000000e+00,4.936847660e+00,4.873695351e+00,-6.315234082e-04
7.358000000e-04,5.000000000e+00,4.936879228e+00,4.873758488e+00,-6.312077255e-04
7.359000000e-04,5.000000000e+00,4.936910780e+00,4.873821593e+00,-6.308922006e-04
7.360000000e-04,5.000000000e+00,4.936942317e+00,4.873884666e+00,-6.305768335e-04
7.361000000e-04,5.000000000e+00,4.936973838e+00,4.873947708e+00,-6.302616239e-04
7.362000000e-04,5.000000000e+00,4.937005343e+00,4.874010719e+00,-6.299465720e-04
7.363000000e-04,5.000000000e+00,4.937036833e+00,4.874073697e+00,-6.296316775e-04
7.364000000e-04,5.000000000e+00,4.937068306e+00,4.874136645e+00,-6.293169404e-04
7.365000000e-04,5.000000000e+00,4.937099764e+00,4.874199561e+00,-6.290023607e-04
7.366000000e-04,5.000000000e+00,4.937131207e+00,4.874262445e+00,-6.286879382e-04
7.367000000e-04,5.000000000e+00,4.937162633e+00,4.874325298e+00,-6.283736729e-04
7.368000000e-04,5.000000000e+00,4.937194044e+00,4.874388120e+00,-6.280595647e-04
7.369000000e-04,5.000000000e+00,4.937225439e+00,4.874450910e+00,-6.277456135e-04
7.370000000e-04,5.000000000e+00,4.937256819e+00,4.874513669e+00,-6.274318192e-04
7.371000000e-04,5.000000000e+00,4.937288182e+00,4.874576396e+00,-6.271181818e-04
7.372000000e-04,5.000000000e+00,4.937319530e+00,4.874639093e+00,-6.268047012e-04
7.373000000e-04,5.000000000e+00,4.937350863e+00,4.874701757e+00,-6.264913772e-04
7.374000000e-04,5.000000000e+00,4.937382180e+00,4.874764391e+00,-6.261782099e-04
7.375000000e-04,5.000000000e+00,4.937413481e+00,4.874826993e+00,-6.258651992e-04
7.376000000e-04,5.000000000e+00,4.937444766e+00,4.874889564e+00,-6.255523449e-04
7.377000000e-04,5.000000000e+00,4.937476036e+00,4.874952103e+00,-6.252396470e-04
7.378000000e-04,5.000000000e+00,4.937507290e+00,4.875014612e+00,-6.249271054e-04
7.379000000e-04,5.000000000e+00,4.937538529e+00,4.875077089e+00,-6.246147200e-04
7.380000000e-04,5.000000000e+00,4.937569751e+00,4.875139535e+00,-6.243024908e-04
7.381000000e-04,5.000000000e+00,4.937600959e+00,4.875201949e+00,-6.239904176e-04
7.382000000e-04,5.000000000e+00,4.937632150e+00,4.875264333e+00,-6.236785005e-04
7.383000000e-04,5.000000000e+00,4.937663327e+00,4.875326685e+00,-6.233667393e-04
7.384000000e-04,5.000000000e+00,4.937694487e+00,4.875389006e+00,-6.230551339e-04
7.385000000e-04,5.000000000e+00,4.937725632e+00,4.875451296e+00,-6.227436843e-04
7.386000000e-04,5.000000000e+00,4.937756761e+00,4.875513555e+00,-6.224323904e-04
7.387000000e-04,5.000000000e+00,4.937787875e+00,4.875575782e+00,-6.221212520e-04
7.388000000e-04,5.000000000e+00,4.937818974e+00,4.875637979e+00,-6.218102692e-04
7.389000000e-04,5.000000000e+00,4.937850056e+00,4.875700144e+00,-6.214994419e-04
7.390000000e-04,5.000000000e+00,4.937881124e+00,4.875762279e+00,-6.211887699e-04
7.391000000e-04,5.000000000e+00,4.937912175e+00,4.875824382e+00,-6.208782533e-04
7.392000000e-04,5.000000000e+00,4.937943211e+00,4.875886454e+00,-6.205678918e-04
7.393000000e-04,5.000000000e+00,4.937974232e+00,4.875948495e+00,-6.202576855e-04
7.394000000e-04,5.000000000e+00,4.938005237e+00,4.876010506e+00,-6.199476343e-04
7.395000000e-04,5.000000000e+00,4.938036227e+00,4.876072485e+00,-6.196377380e-04
7.396000000e-04,5.000000000e+00,4.938067201e+00,4.876134433e+00,-6.193279967e-04
7.397000000e-04,5.000000000e+00,4.938098159e+00,4.876196350e+00,-6.190184102e-04
7.398000000e-04,5.000000000e+00,4.938129103e+00,4.876258237e+00,-6.187089784e-04
7.399000000e-04,5.000000000e+00,4.938160030e+00,4.876320092e+00,-6.183997013e-04
7.400000000e-04,5.000000000e+00,4.938190943e+00,4.876381917e+00,-6.180905788e-04
7.401000000e-04,5.000000000e+00,4.938221839e+00,4.876443710e+00,-6.177816109e-04
7.402000000e-04,5.000000000e+00,4.938252721e+00,4.876505473e+00,-6.174727974e-04
7.403000000e-04,5.000000000e+00,4.938283587e+00,4.876567205e+00,-6.171641382e-04
7.404000000e-04,5.000000000e+00,4.938314437e+00,4.876628906e+00,-6.168556334e-04
7.405000000e-04,5.000000000e+00,4.938345272e+00,4.876690576e+00,-6.165472827e-04
7.406000000e-04,5.000000000e+00,4.938376092e+00,4.876752215e+00,-6.162390862e-04
7.407000000e-04,5.000000000e+00,4.938406896e+00,4.876813824e+00,-6.159310438e-04
7.408000000e-04,5.000000000e+00,4.938437685e+00,4.876875401e+00,-6.156231553e-04
7.409000000e-04,5.000000000e+00,4.938468458e+00,4.876936948e+00,-6.153154208e-04
7.410000000e-04,5.000000000e+00,4.938499216e+00,4.876998464e+00,-6.150078400e-04
7.411000000e-04,5.000000000e+00,4.938529959e+00,4.877059950e+00,-6.147004131e-04
7.412000000e-04,5.000000000e+00,4.938560687e+00,4.877121404e+00,-6.143931398e-04
7.413000000e-04,5.000000000e+00,4.938591398e+00,4.877182828e+00,-6.140860201e-04
7.414000000e-04,5.000000000e+00,4.938622095e+00,4.877244221e+00,-6.137790539e-04
7.415000000e-04,5.000000000e+00,4.938652776e+00,4.877305584e+00,-6.134722411e-04
7.416000000e-04,5.000000000e+00,4.938683442e+00,4.877366916e+00,-6.131655818e-04
7.417000000e-04,5.000000000e+00,4.938714093e+00,4.877428217e+00,-6.128590757e-04
7.418000000e-04,5.000000000e+00,4.938744728e+00,4.877489488e+00,-6.125527228e-04
7.419000000e-04,5.000000000e+00,4.938775348e+00,4.877550727e+00,-6.122465231e-04
7.420000000e-04,5.000000000e+00,4.938805953e+00,4.877611937e+00,-6.119404764e-04
7.421000000e-04,5.000000000e+00,4.938836542e+00,4.877673116e+00,-6.116345828e-04
7.422000000e-04,5.000000000e+00,4.938867116e+00,4.877734264e+00,-6.113288420e-04
7.423000000e-04,5.000000000e+00,4.938897675e+00,4.877795381e+00,-6.110232541e-04
7.424000000e-04,5.000000000e+00,4.938928219e+00,4.877856468e+00,-6.107178189e-04
7.425000000e-04,5.000000000e+00,4.938958747e+00,4.877917525e+00,-6.104125364e-04
7.426000000e-04,5.000000000e+00,4.938989260e+00,4.877978551e+00,-6.101074065e-04
7.427000000e-04,5.000000000e+00,4.939019758e+00,4.878039546e+00,-6.098024291e-04
7.428000000e-04,5.000000000e+00,4.939050240e+00,4.878100511e+00,-6.094976042e-04
7.429000000e-04,5.000000000e+00,4.939080707e+00,4.878161446e+00,-6.091929316e-04
7.430000000e-04,5.000000000e+00,4.939111159e+00,4.878222350e+00,-6.088884114e-04
7.431000000e-04,5.000000000e+00,4.939141596e+00,4.878283223e+00,-6.085840434e-04
7.432000000e-04,5.000000000e+00,4.939172018e+00,4.878344066e+00,-6.082798275e-04
7.433000000e-04,5.000000000e+00,4.939202424e+00,4.878404879e+00,-6.079757637e-04
7.434000000e-04,5.000000000e+00,4.939232815e+00,4.878465662e+00,-6.076718518e-04
7.435000000e-04,5.000000000e+00,4.939263191e+00,4.878526413e+00,-6.073680919e-04
7.436000000e-04,5.000000000e+00,4.939293552e+00,4.878587135e+00,-6.070644839e-04
7.437000000e-04,5.000000000e+00,4.939323898e+00,4.878647826e+00,-6.067610276e-04
7.438000000e-04,5.000000000e+00,4.939354228e+00,4.878708487e+00,-6.064577230e-04
7.439000000e-04,5.000000000e+00,4.939384543e+00,4.878769118e+00,-6.061545700e-04
7.440000000e-04,5.000000000e+00,4.939414844e+00,4.878829718e+00,-6.058515686e-04
7.441000000e-04,5.000000000e+00,4.939445129e+00,4.878890288e+00,-6.055487186e-04
7.442000000e-04,5.000000000e+00,4.939475399e+00,4.878950828e+00,-6.052460200e-04
7.443000000e-04,5.000000000e+00,4.939505653e+00,4.879011337e+00,-6.049434727e-04
7.444000000e-04,5.000000000e+00,4.939535893e+00,4.879071816e+00,-6.046410766e-04
7.445000000e-04,5.000000000e+00,4.939566117e+00,4.879132265e+00,-6.043388318e-04
7.446000000e-04,5.000000000e+00,4.939596327e+00,4.879192684e+00,-6.040367379e-04
7.447000000e-04,5.000000000e+00,4.939626521e+00,4.879253073e+00,-6.037347951e-04
7.448000000e-04,5.000000000e+00,4.939656700e+00,4.879313431e+00,-6.034330033e-04
7.449000000e-04,5.000000000e+00,4.939686864e+00,4.879373759e+00,-6.031313623e-04
7.450000000e-04,5.000000000e+00,4.939717013e+00,4.879434057e+00,-6.028298721e-04
7.451000000e-04,5.000000000e+00,4.939747147e+00,4.879494325e+00,-6.025285325e-04
7.452000000e-04,5.000000000e+00,4.939777266e+00,4.879554563e+00,-6.022273437e-04
7.453000000e-04,5.000000000e+00,4.939807370e+00,4.879614771e+00,-6.019263053e-04
7.454000000e-04,5.000000000e+00,4.939837459e+00,4.879674948e+00,-6.016254175e-04
7.455000000e-04,5.000000000e+00,4.939867532e+00,4.879735096e+00,-6.013246800e-04
7.456000000e-04,5.000000000e+00,4.939897591e+00,4.879795213e+00,-6.010240929e-04
7.457000000e-04,5.000000000e+00,4.939927635e+00,4.879855300e+00,-6.007236561e-04
7.458000000e-04,5.000000000e+00,4.939957664e+00,4.879915358e+00,-6.004233694e-04
7.459000000e-04,5.000000000e+00,4.939987677e+00,4.879975385e+00,-6.001232329e-04
7.460000000e-04,5.000000000e+00,4.940017676e+00,4.880035382e+00,-5.998232463e-04
7.461000000e-04,5.000000000e+00,4.940047660e+00,4.880095350e+00,-5.995234097e-04
7.462000000e-04,5.000000000e+00,4.940077628e+00,4.880155287e+00,-5.992237230e-04
7.463000000e-04,5.000000000e+00,4.940107582e+00,4.880215194e+00,-5.989241862e-04
7.464000000e-04,5.000000000e+00,4.940137521e+00,4.880275072e+00,-5.986247990e-04
7.465000000e-04,5.000000000e+00,4.940167444e+00,4.880334919e+00,-5.983255615e-04
7.466000000e-04,5.000000000e+00,4.940197353e+00,4.880394737e+00,-5.980264736e-04
7.467000000e-04,5.000000000e+00,4.940227247e+00,4.880454524e+00,-5.977275351e-04
7.468000000e-04,5.000000000e+00,4.940257126e+00,4.880514282e+00,-5.974287462e-04
7.469000000e-04,5.000000000e+00,4.940286990e+00,4.880574010e+00,-5.971301065e-04
7.470000000e-04,5.000000000e+00,4.940316839e+00,4.880633708e+00,-5.968316162e-04
7.471000000e-04,5.000000000e+00,4.940346673e+00,4.880693376e+00,-5.965332751e-04
7.472000000e-04,5.000000000e+00,4.940376492e+00,4.880753015e+00,-5.962350830e-04
7.473000000e-04,5.000000000e+00,4.940406296e+00,4.880812623e+00,-5.959370401e-04
7.474000000e-04,5.000000000e+00,4.940436086e+00,4.880872202e+00,-5.956391461e-04
7.475000000e-04,5.000000000e+00,4.940465860e+00,4.880931751e+00,-5.953414011e-04
7.476000000e-04,5.000000000e+00,4.940495620e+00,4.880991270e+00,-5.950438049e-04
7.477000000e-04,5.000000000e+00,4.940525365e+00,4.881050760e+00,-5.947463574e-04
7.478000000e-04,5.000000000e+00,4.940555095e+00,4.881110219e+00,-5.944490586e-04
7.479000000e-04,5.000000000e+00,4.940584810e+00,4.881169650e+00,-5.941519085e-04
7.480000000e-04,5.000000000e+00,4.940614510e+00,4.881229050e+00,-5.938549069e-04
7.481000000e-04,5.000000000e+00,4.940644195e+00,4.881288420e+00,-5.935580537e-04
7.482000000e-04,5.000000000e+00,4.940673866e+00,4.881347761e+00,-5.932613489e-04
7.483000000e-04,5.000000000e+00,4.940703521e+00,4.881407073e+00,-5.929647925e-04
7.484000000e-04,5.000000000e+00,4.940733162e+00,4.881466354e+00,-5.926683843e-04
7.485000000e-04,5.000000000e+00,4.940762788e+00,4.881525606e+00,-5.923721242e-04
7.486000000e-04,5.000000000e+00,4.940792399e+00,4.881584829e+00,-5.920760123e-04
7.487000000e-04,5.000000000e+00,4.940821996e+00,4.881644021e+00,-5.917800484e-04
7.488000000e-04,5.000000000e+00,4.940851577e+00,4.881703185e+00,-5.914842324e-04
7.489000000e-04,5.000000000e+00,4.940881144e+00,4.881762318e+00,-5.911885643e-04
7.490000000e-04,5.000000000e+00,4.940910696e+00,4.881821422e+00,-5.908930439e-04
7.491000000e-04,5.000000000e+00,4.940940233e+00,4.881880497e+00,-5.905976714e-04
7.492000000e-04,5.000000000e+00,4.940969756e+00,4.881939542e+00,-5.903024464e-04
7.493000000e-04,5.000000000e+00,4.940999264e+00,4.881998557e+00,-5.900073690e-04
7.494000000e-04,5.000000000e+00,4.941028757e+00,4.882057543e+00,-5.897124392e-04
7.495000000e-04,5.000000000e+00,4.941058235e+00,4.882116500e+00,-5.894176567e-04
7.496000000e-04,5.000000000e+00,4.941087698e+00,4.882175427e+00,-5.891230216e-04
7.497000000e-04,5.000000000e+00,4.941117147e+00,4.882234324e+00,-5.888285338e-04
7.498000000e-04,5.000000000e+00,4.941146581e+00,4.882293192e+00,-5.885341932e-04
7.499000000e-04,5.000000000e+00,4.941176001e+00,4.882352031e+00,-5.882399998e-04
7.500000000e-04,5.000000000e+00,4.941205405e+00,4.882410840e+00,-5.879459534e-04
7.501000000e-04,5.000000000e+00,4.941234795e+00,4.882469620e+00,-5.876520540e-04
7.502000000e-04,5.000000000e+00,4.941264170e+00,4.882528371e+00,-5.873583015e-04
7.503000000e-04,5.000000000e+00,4.941293531e+00,4.882587092e+00,-5.870646958e-04
7.504000000e-04,5.000000000e+00,4.941322877e+00,4.882645783e+00,-5.867712369e-04
7.505000000e-04,5.000000000e+00,4.941352208e+00,4.882704446e+00,-5.864779247e-04
7.506000000e-04,5.000000000e+00,4.941381525e+00,4.882763079e+00,-5.861847591e-04
7.507000000e-04,5.000000000e+00,4.941410826e+00,4.882821683e+00,-5.858917401e-04
7.508000000e-04,5.000000000e+00,4.941440114e+00,4.882880257e+00,-5.855988675e-04
7.509000000e-04,5.000000000e+00,4.941469386e+00,4.882938802e+00,-5.853061413e-04
7.510000000e-04,5.000000000e+00,4.941498644e+00,4.882997318e+00,-5.850135615e-04
7.511000000e-04,5.000000000e+00,4.941527888e+00,4.883055805e+00,-5.847211279e-04
7.512000000e-04,5.000000000e+00,4.941557116e+00,4.883114263e+00,-5.844288405e-04
7.513000000e-04,5.000000000e+00,4.941586331e+00,4.883172691e+00,-5.841366992e-04
7.514000000e-04,5.000000000e+00,4.941615530e+00,4.883231090e+00,-5.838447039e-04
7.515000000e-04,5.000000000e+00,4.941644715e+00,4.883289460e+00,-5.835528546e-04
7.516000000e-04,5.000000000e+00,4.941673885e+00,4.883347800e+00,-5.832611512e-04
7.517000000e-04,5.000000000e+00,4.941703041e+00,4.883406112e+00,-5.829695936e-04
7.518000000e-04,5.000000000e+00,4.941732182e+00,4.883464394e+00,-5.826781817e-04
7.519000000e-04,5.000000000e+00,4.941761309e+00,4.883522648e+00,-5.823869155e-04
7.520000000e-04,5.000000000e+00,4.941790421e+00,4.883580872e+00,-5.820957949e-04
7.521000000e-04,5.000000000e+00,4.941819519e+00,4.883639067e+00,-5.818048199e-04
7.522000000e-04,5.000000000e+00,4.941848601e+00,4.883697233e+00,-5.815139902e-04
7.523000000e-04,5.000000000e+00,4.941877670e+00,4.883755369e+00,-5.812233060e-04
7.524000000e-04,5.000000000e+00,4.941906724e+00,4.883813477e+00,-5.809327671e-04
7.525000000e-04,5.000000000e+00,4.941935763e+00,4.883871556e+00,-5.806423734e-04
7.526000000e-04,5.000000000e+00,4.941964788e+00,4.883929606e+00,-5.803521248e-04
7.527000000e-04,5.000000000e+00,4.941993798e+00,4.883987626e+00,-5.800620214e-04
7.528000000e-04,5.000000000e+00,4.942022794e+00,4.884045618e+00,-5.797720629e-04
7.529000000e-04,5.000000000e+00,4.942051776e+00,4.884103581e+00,-5.794822494e-04
7.530000000e-04,5.000000000e+00,4.942080742e+00,4.884161514e+00,-5.791925808e-04
7.531000000e-04,5.000000000e+00,4.942109695e+00,4.884219419e+00,-5.789030570e-04
7.532000000e-04,5.000000000e+00,4.942138633e+00,4.884277295e+00,-5.786136779e-04
7.533000000e-04,5.000000000e+00,4.942167556e+00,4.884335142e+00,-5.783244434e-04
7.534000000e-04,5.000000000e+00,4.942196465e+00,4.884392960e+00,-5.780353536e-04
7.535000000e-04,5.000000000e+00,4.942225360e+00,4.884450749e+00,-5.777464082e-04
7.536000000e-04,5.000000000e+00,4.942254240e+00,4.884508509e+00,-5.774576073e-04
7.537000000e-04,5.000000000e+00,4.942283105e+00,4.884566240e+00,-5.771689507e-04
7.538000000e-04,5.000000000e+00,4.942311957e+00,4.884623943e+00,-5.768804385e-04
7.539000000e-04,5.000000000e+00,4.942340793e+00,4.884681616e+00,-5.765920704e-04
7.540000000e-04,5.000000000e+00,4.942369616e+00,4.884739261e+00,-5.763038465e-04
7.541000000e-04,5.000000000e+00,4.942398424e+00,4.884796877e+00,-5.760157667e-04
7.542000000e-04,5.000000000e+00,4.942427217e+00,4.884854464e+00,-5.757278309e-04
7.543000000e-04,5.000000000e+00,4.942455997e+00,4.884912022e+00,-5.754400390e-04
7.544000000e-04,5.000000000e+00,4.942484761e+00,4.884969552e+00,-5.751523910e-04
7.545000000e-04,5.000000000e+00,4.942513512e+00,4.885027053e+00,-5.748648867e-04
7.546000000e-04,5.000000000e+00,4.942542248e+00,4.885084525e+00,-5.745775262e-04
7.547000000e-04,5.000000000e+00,4.942570970e+00,4.885141968e+00,-5.742903094e-04
7.548000000e-04,5.000000000e+00,4.942599677e+00,4.885199383e+00,-5.740032360e-04
7.549000000e-04,5.000000000e+00,4.942628370e+00,4.885256769e+00,-5.737163062e-04
7.550000000e-04,5.000000000e+00,4.942657049e+00,4.885314126e+00,-5.734295199e-04
7.551000000e-04,5.000000000e+00,4.942685713e+00,4.885371455e+00,-5.731428769e-04
7.552000000e-04,5.000000000e+00,4.942714363e+00,4.885428755e+00,-5.728563771e-04
7.553000000e-04,5.000000000e+00,4.942742998e+00,4.885486026e+00,-5.725700206e-04
7.554000000e-04,5.000000000e+00,4.942771620e+00,4.885543269e+00,-5.722838072e-04
7.555000000e-04,5.000000000e+00,4.942800227e+00,4.885600483e+00,-5.719977369e-04
7.556000000e-04,5.000000000e+00,4.942828820e+00,4.885657668e+00,-5.717118096e-04
7.557000000e-04,5.000000000e+00,4.942857398e+00,4.885714825e+00,-5.714260252e-04
7.558000000e-04,5.000000000e+00,4.942885962e+00,4.885771953e+00,-5.711403837e-04
7.559000000e-04,5.000000000e+00,4.942914512e+00,4.885829053e+00,-5.708548850e-04
7.560000000e-04,5.000000000e+00,4.942943048e+00,4.885886124e+00,-5.705695290e-04
7.561000000e-04,5.000000000e+00,4.942971569e+00,4.885943167e+00,-5.702843156e-04
7.562000000e-04,5.000000000e+00,4.943000076e+00,4.886000181e+00,-5.699992448e-04
7.563000000e-04,5.000000000e+00,4.943028569e+00,4.886057167e+00,-5.697143165e-04
7.564000000e-04,5.000000000e+00,4.943057047e+00,4.886114124e+00,-5.694295306e-04
7.565000000e-04,5.000000000e+00,4.943085512e+00,4.886171053e+00,-5.691448871e-04
7.566000000e-04,5.000000000e+00,4.943113962e+00,4.886227953e+00,-5.688603858e-04
7.567000000e-04,5.000000000e+00,4.943142398e+00,4.886284825e+00,-5.685760268e-04
7.568000000e-04,5.000000000e+00,4.943170820e+00,4.886341668e+00,-5.682918099e-04
7.569000000e-04,5.000000000e+00,4.943199227e+00,4.886398483e+00,-5.680077351e-04
7.570000000e-04,5.000000000e+00,4.943227620e+00,4.886455269e+00,-5.677238023e-04
7.571000000e-04,5.000000000e+00,4.943255999e+00,4.886512028e+00,-5.674400115e-04
7.572000000e-04,5.000000000e+00,4.943284364e+00,4.886568757e+00,-5.671563624e-04
7.573000000e-04,5.000000000e+00,4.943312715e+00,4.886625459e+00,-5.668728552e-04
7.574000000e-04,5.000000000e+00,4.943341052e+00,4.886682132e+00,-5.665894897e-04
7.575000000e-04,5.000000000e+00,4.943369374e+00,4.886738777e+00,-5.663062659e-04
7.576000000e-04,5.000000000e+00,4.943397682e+00,4.886795393e+00,-5.660231836e-04
7.577000000e-04,5.000000000e+00,4.943425976e+00,4.886851981e+00,-5.657402428e-04
7.578000000e-04,5.000000000e+00,4.943454256e+00,4.886908541e+00,-5.654574435e-04
7.579000000e-04,5.000000000e+00,4.943482522e+00,4.886965073e+00,-5.651747855e-04
7.580000000e-04,5.000000000e+00,4.943510774e+00,4.887021576e+00,-5.648922688e-04
7.581000000e-04,5.000000000e+00,4.943539011e+00,4.887078051e+00,-5.646098933e-04
7.582000000e-04,5.000000000e+00,4.943567235e+00,4.887134498e+00,-5.643276590e-04
7.583000000e-04,5.000000000e+00,4.943595444e+00,4.887190917e+00,-5.640455658e-04
7.584000000e-04,5.000000000e+00,4.943623639e+00,4.887247307e+00,-5.637636136e-04
7.585000000e-04,5.000000000e+00,4.943651820e+00,4.887303669e+00,-5.634818023e-04
7.586000000e-04,5.000000000e+00,4.943679987e+00,4.887360003e+00,-5.632001319e-04
7.587000000e-04,5.000000000e+00,4.943708140e+00,4.887416309e+00,-5.629186023e-04
7.588000000e-04,5.000000000e+00,4.943736279e+00,4.887472587e+00,-5.626372134e-04
7.589000000e-04,5.000000000e+00,4.943764404e+00,4.887528837e+00,-5.623559652e-04
7.590000000e-04,5.000000000e+00,4.943792515e+00,4.887585058e+00,-5.620748576e-04
7.591000000e-04,5.000000000e+00,4.943820611e+00,4.887641251e+00,-5.617938905e-04
7.592000000e-04,5.000000000e+00,4.943848694e+00,4.887697417e+00,-5.615130638e-04
7.593000000e-04,5.000000000e+00,4.943876763e+00,4.887753554e+00,-5.612323776e-04
7.594000000e-04,5.000000000e+00,4.943904817e+00,4.887809663e+00,-5.609518316e-04
7.595000000e-04,5.000000000e+00,4.943932858e+00,4.887865744e+00,-5.606714259e-04
7.596000000e-04,5.000000000e+00,4.943960884e+00,4.887921797e+00,-5.603911603e-04
7.597000000e-04,5.000000000e+00,4.943988897e+00,4.887977823e+00,-5.601110348e-04
7.598000000e-04,5.000000000e+00,4.944016896e+00,4.888033820e+00,-5.598310494e-04
7.599000000e-04,5.000000000e+00,4.944044880e+00,4.888089789e+00,-5.595512039e-04
7.600000000e-04,5.000000000e+00,4.944072851e+00,4.888145730e+00,-5.592714983e-04
7.601000000e-04,5.000000000e+00,4.944100807e+00,4.888201643e+00,-5.589919325e-04
7.602000000e-04,5.000000000e+00,4.944128750e+00,4.888257528e+00,-5.587125065e-04
7.603000000e-04,5.000000000e+00,4.944156678e+00,4.888313385e+00,-5.584332201e-04
7.604000000e-04,5.000000000e+00,4.944184593e+00,4.888369215e+00,-5.581540734e-04
7.605000000e-04,5.000000000e+00,4.944212494e+00,4.888425016e+00,-5.578750662e-04
7.606000000e-04,5.000000000e+00,4.944240381e+00,4.888480790e+00,-5.575961985e-04
7.607000000e-04,5.000000000e+00,4.944268253e+00,4.888536535e+00,-5.573174701e-04
7.608000000e-04,5.000000000e+00,4.944296112e+00,4.888592253e+00,-5.570388811e-04
7.609000000e-04,5.000000000e+00,4.944323957e+00,4.888647943e+00,-5.567604314e-04
7.610000000e-04,5.000000000e+00,4.944351788e+00,4.888703605e+00,-5.564821208e-04
7.611000000e-04,5.000000000e+00,4.944379606e+00,4.888759239e+00,-5.562039494e-04
7.612000000e-04,5.000000000e+00,4.944407409e+00,4.888814846e+00,-5.559259170e-04
7.613000000e-04,5.000000000e+00,4.944435198e+00,4.888870425e+00,-5.556480236e-04
7.614000000e-04,5.000000000e+00,4.944462974e+00,4.888925975e+00,-5.553702691e-04
7.615000000e-04,5.000000000e+00,4.944490735e+00,4.888981499e+00,-5.550926534e-04
7.616000000e-04,5.000000000e+00,4.944518483e+00,4.889036994e+00,-5.548151766e-04
7.617000000e-04,5.000000000e+00,4.944546217e+00,4.889092462e+00,-5.545378384e-04
7.618000000e-04,5.000000000e+00,4.944573937e+00,4.889147901e+00,-5.542606388e-04
7.619000000e-04,5.000000000e+00,4.944601643e+00,4.889203314e+00,-5.539835779e-04
7.620000000e-04,5.000000000e+00,4.944629335e+00,4.889258698e+00,-5.537066554e-04
7.621000000e-04,5.000000000e+00,4.944657013e+00,4.889314055e+00,-5.534298713e-04
7.622000000e-04,5.000000000e+00,4.944684678e+00,4.889369384e+00,-5.531532256e-04
7.623000000e-04,5.000000000e+00,4.944712329e+00,4.889424685e+00,-5.528767182e-04
7.624000000e-04,5.000000000e+00,4.944739966e+00,4.889479959e+00,-5.526003490e-04
7.625000000e-04,5.000000000e+00,4.944767589e+00,4.889535206e+00,-5.523241180e-04
7.626000000e-04,5.000000000e+00,4.944795198e+00,4.889590424e+00,-5.520480251e-04
7.627000000e-04,5.000000000e+00,4.944822793e+00,4.889645615e+00,-5.517720701e-04
7.628000000e-04,5.000000000e+00,4.944850375e+00,4.889700778e+00,-5.514962531e-04
7.629000000e-04,5.000000000e+00,4.944877943e+00,4.889755914e+00,-5.512205740e-04
7.630000000e-04,5.000000000e+00,4.944905497e+00,4.889811023e+00,-5.509450327e-04
7.631000000e-04,5.000000000e+00,4.944933038e+00,4.889866103e+00,-5.506696291e-04
7.632000000e-04,5.000000000e+00,4.944960564e+00,4.889921156e+00,-5.503943632e-04
7.633000000e-04,5.000000000e+00,4.944988077e+00,4.889976182e+00,-5.501192348e-04
7.634000000e-04,5.000000000e+00,4.945015576e+00,4.890031180e+00,-5.498442440e-04
7.635000000e-04,5.000000000e+00,4.945043061e+00,4.890086151e+00,-5.495693907e-04
7.636000000e-04,5.000000000e+00,4.945070533e+00,4.890141094e+00,-5.492946748e-04
7.637000000e-04,5.000000000e+00,4.945097991e+00,4.890196010e+00,-5.490200962e-04
7.638000000e-04,5.000000000e+00,4.945125435e+00,4.890250898e+00,-5.487456548e-04
7.639000000e-04,5.000000000e+00,4.945152865e+00,4.890305759e+00,-5.484713506e-04
7.640000000e-04,5.000000000e+00,4.945180282e+00,4.890360592e+00,-5.481971836e-04
7.641000000e-04,5.000000000e+00,4.945207685e+00,4.890415398e+00,-5.479231536e-04
7.642000000e-04,5.000000000e+00,4.945235074e+00,4.890470177e+00,-5.476492605e-04
7.643000000e-04,5.000000000e+00,4.945262450e+00,4.890524928e+00,-5.473755044e-04
7.644000000e-04,5.000000000e+00,4.945289812e+00,4.890579652e+00,-5.471018852e-04
7.645000000e-04,5.000000000e+00,4.945317160e+00,4.890634348e+00,-5.468284027e-04
7.646000000e-04,5.000000000e+00,4.945344495e+00,4.890689017e+00,-5.465550569e-04
7.647000000e-04,5.000000000e+00,4.945371816e+00,4.890743659e+00,-5.462818477e-04
7.648000000e-04,5.000000000e+00,4.945399123e+00,4.890798274e+00,-5.460087752e-04
7.649000000e-04,5.000000000e+00,4.945426417e+00,4.890852861e+00,-5.457358391e-04
7.650000000e-04,5.000000000e+00,4.945453697e+00,4.890907421e+00,-5.454630394e-04
7.651000000e-04,5.000000000e+00,4.945480963e+00,4.890961954e+00,-5.451903762e-04
7.652000000e-04,5.000000000e+00,4.945508216e+00,4.891016459e+00,-5.449178492e-04
7.653000000e-04,5.000000000e+00,4.945535455e+00,4.891070937e+00,-5.446454584e-04
7.654000000e-04,5.000000000e+00,4.945562680e+00,4.891125388e+00,-5.443732039e-04
7.655000000e-04,5.000000000e+00,4.945589892e+00,4.891179812e+00,-5.441010854e-04
7.656000000e-04,5.000000000e+00,4.945617090e+00,4.891234208e+00,-5.438291029e-04
7.657000000e-04,5.000000000e+00,4.945644275e+00,4.891288577e+00,-5.435572564e-04
7.658000000e-04,5.000000000e+00,4.945671446e+00,4.891342920e+00,-5.432855458e-04
7.659000000e-04,5.000000000e+00,4.945698603e+00,4.891397234e+00,-5.430139710e-04
7.660000000e-04,5.000000000e+00,4.945725747e+00,4.891451522e+00,-5.427425319e-04
7.661000000e-04,5.000000000e+00,4.945752878e+00,4.891505783e+00,-5.424712285e-04
7.662000000e-04,5.000000000e+00,4.945779994e+00,4.891560016e+00,-5.422000608e-04
7.663000000e-04,5.000000000e+00,4.945807098e+00,4.891614223e+00,-5.419290286e-04
7.664000000e-04,5.000000000e+00,4.945834187e+00,4.891668402e+00,-5.416581319e-04
7.665000000e-04,5.000000000e+00,4.945861263e+00,4.891722554e+00,-5.413873706e-04
7.666000000e-04,5.000000000e+00,4.945888326e+00,4.891776680e+00,-5.411167447e-04
7.667000000e-04,5.000000000e+00,4.945915375e+00,4.891830778e+00,-5.408462540e-04
7.668000000e-04,5.000000000e+00,4.945942411e+00,4.891884849e+00,-5.405758985e-04
7.669000000e-04,5.000000000e+00,4.945969433e+00,4.891938893e+00,-5.403056782e-04
7.670000000e-04,5.000000000e+00,4.945996441e+00,4.891992910e+00,-5.400355930e-04
7.671000000e-04,5.000000000e+00,4.946023436e+00,4.892046900e+00,-5.397656427e-04
7.672000000e-04,5.000000000e+00,4.946050418e+00,4.892100863e+00,-5.394958274e-04
7.673000000e-04,5.000000000e+00,4.946077386e+00,4.892154799e+00,-5.392261470e-04
7.674000000e-04,5.000000000e+00,4.946104340e+00,4.892208708e+00,-5.389566014e-04
7.675000000e-04,5.000000000e+00,4.946131281e+00,4.892262590e+00,-5.386871905e-04
7.676000000e-04,5.000000000e+00,4.946158209e+00,4.892316446e+00,-5.384179143e-04
7.677000000e-04,5.000000000e+00,4.946185123e+00,4.892370274e+00,-5.381487728e-04
7.678000000e-04,5.000000000e+00,4.946212024e+00,4.892424075e+00,-5.378797657e-04
7.679000000e-04,5.000000000e+00,4.946238911e+00,4.892477850e+00,-5.376108931e-04
7.680000000e-04,5.000000000e+00,4.946265785e+00,4.892531597e+00,-5.373421549e-04
7.681000000e-04,5.000000000e+00,4.946292645e+00,4.892585318e+00,-5.370735511e-04
7.682000000e-04,5.000000000e+00,4.946319492e+00,4.892639012e+00,-5.368050815e-04
7.683000000e-04,5.000000000e+00,4.946346326e+00,4.892692679e+00,-5.365367461e-04
7.684000000e-04,5.000000000e+00,4.946373146e+00,4.892746319e+00,-5.362685449e-04
7.685000000e-04,5.000000000e+00,4.946399953e+00,4.892799933e+00,-5.360004777e-04
7.686000000e-04,5.000000000e+00,4.946426746e+00,4.892853519e+00,-5.357325445e-04
7.687000000e-04,5.000000000e+00,4.946453526e+00,4.892907079e+00,-5.354647453e-04
7.688000000e-04,5.000000000e+00,4.946480293e+00,4.892960612e+00,-5.351970799e-04
7.689000000e-04,5.000000000e+00,4.946507046e+00,4.893014119e+00,-5.349295483e-04
7.690000000e-04,5.000000000e+00,4.946533785e+00,4.893067598e+00,-5.346621505e-04
7.691000000e-04,5.000000000e+00,4.946560512e+00,4.893121051e+00,-5.343948863e-04
7.692000000e-04,5.000000000e+00,4.946587225e+00,4.893174477e+00,-5.341277557e-04
7.693000000e-04,5.000000000e+00,4.946613925e+00,4.893227876e+00,-5.338607586e-04
7.694000000e-04,5.000000000e+00,4.946640611e+00,4.893281249e+00,-5.335938951e-04
7.695000000e-04,5.000000000e+00,4.946667284e+00,4.893334595e+00,-5.333271649e-04
7.696000000e-04,5.000000000e+00,4.946693944e+00,4.893387915e+00,-5.330605680e-04
7.697000000e-04,5.000000000e+00,4.946720590e+00,4.893441207e+00,-5.327941044e-04
7.698000000e-04,5.000000000e+00,4.946747223e+00,4.893494473e+00,-5.325277740e-04
7.699000000e-04,5.000000000e+00,4.946773843e+00,4.893547713e+00,-5.322615768e-04
7.700000000e-04,5.000000000e+00,4.946800449e+00,4.893600926e+00,-5.319955126e-04
7.701000000e-04,5.000000000e+00,4.946827042e+00,4.893654112e+00,-5.317295814e-04
7.702000000e-04,5.000000000e+00,4.946853622e+00,4.893707271e+00,-5.314637831e-04
7.703000000e-04,5.000000000e+00,4.946880189e+00,4.893760405e+00,-5.311981177e-04
7.704000000e-04,5.000000000e+00,4.946906742e+00,4.893813511e+00,-5.309325851e-04
7.705000000e-04,5.000000000e+00,4.946933282e+00,4.893866591e+00,-5.306671852e-04
7.706000000e-04,5.000000000e+00,4.946959809e+00,4.893919644e+00,-5.304019181e-04
7.707000000e-04,5.000000000e+00,4.946986322e+00,4.893972671e+00,-5.301367835e-04
7.708000000e-04,5.000000000e+00,4.947012822e+00,4.894025672e+00,-5.298717814e-04
7.709000000e-04,5.000000000e+00,4.947039309e+00,4.894078646e+00,-5.296069118e-04
7.710000000e-04,5.000000000e+00,4.947065783e+00,4.894131593e+00,-5.293421746e-04
7.711000000e-04,5.000000000e+00,4.947092244e+00,4.894184514e+00,-5.290775697e-04
7.712000000e-04,5.000000000e+00,4.947118691e+00,4.894237409e+00,-5.288130971e-04
7.713000000e-04,5.000000000e+00,4.947145125e+00,4.894290277e+00,-5.285487568e-04
7.714000000e-04,5.000000000e+00,4.947171546e+00,4.894343118e+00,-5.282845485e-04
7.715000000e-04,5.000000000e+00,4.947197953e+00,4.894395933e+00,-5.280204723e-04
7.716000000e-04,5.000000000e+00,4.947224348e+00,4.894448722e+00,-5.277565282e-04
7.717000000e-04,5.000000000e+00,4.947250729e+00,4.894501485e+00,-5.274927159e-04
7.718000000e-04,5.000000000e+00,4.947277097e+00,4.894554221e+00,-5.272290356e-04
7.719000000e-04,5.000000000e+00,4.947303452e+00,4.894606930e+00,-5.269654870e-04
7.720000000e-04,5.000000000e+00,4.947329793e+00,4.894659614e+00,-5.267020702e-04
7.721000000e-04,5.000000000e+00,4.947356122e+00,4.894712271e+00,-5.264387851e-04
7.722000000e-04,5.000000000e+00,4.947382437e+00,4.894764901e+00,-5.261756315e-04
7.723000000e-04,5.000000000e+00,4.947408740e+00,4.894817506e+00,-5.259126095e-04
7.724000000e-04,5.000000000e+00,4.947435029e+00,4.894870084e+00,-5.256497190e-04
7.725000000e-04,5.000000000e+00,4.947461305e+00,4.894922636e+00,-5.253869599e-04
7.726000000e-04,5.000000000e+00,4.947487567e+00,4.894975161e+00,-5.251243322e-04
7.727000000e-04,5.000000000e+00,4.947513817e+00,4.895027661e+00,-5.248618357e-04
7.728000000e-04,5.000000000e+00,4.947540053e+00,4.895080134e+00,-5.245994705e-04
7.729000000e-04,5.000000000e+00,4.947566277e+00,4.895132580e+00,-5.243372364e-04
7.730000000e-04,5.000000000e+00,4.947592487e+00,4.895185001e+00,-5.240751334e-04
7.731000000e-04,5.000000000e+00,4.947618684e+00,4.895237395e+00,-5.238131614e-04
7.732000000e-04,5.000000000e+00,4.947644868e+00,4.895289764e+00,-5.235513203e-04
7.733000000e-04,5.000000000e+00,4.947671039e+00,4.895342106e+00,-5.232896102e-04
7.734000000e-04,5.000000000e+00,4.947697197e+00,4.895394421e+00,-5.230280308e-04
7.735000000e-04,5.000000000e+00,4.947723342e+00,4.895446711e+00,-5.227665822e-04
7.736000000e-04,5.000000000e+00,4.947749474e+00,4.895498975e+00,-5.225052644e-04
7.737000000e-04,5.000000000e+00,4.947775593e+00,4.895551212e+00,-5.222440771e-04
7.738000000e-04,5.000000000e+00,4.947801698e+00,4.895603424e+00,-5.219830204e-04
7.739000000e-04,5.000000000e+00,4.947827791e+00,4.895655609e+00,-5.217220942e-04
7.740000000e-04,5.000000000e+00,4.947853871e+00,4.895707768e+00,-5.214612984e-04
7.741000000e-04,5.000000000e+00,4.947879937e+00,4.895759901e+00,-5.212006330e-04
7.742000000e-04,5.000000000e+00,4.947905991e+00,4.895812008e+00,-5.209400979e-04
7.743000000e-04,5.000000000e+00,4.947932031e+00,4.895864089e+00,-5.206796930e-04
7.744000000e-04,5.000000000e+00,4.947958059e+00,4.895916144e+00,-5.204194183e-04
7.745000000e-04,5.000000000e+00,4.947984073e+00,4.895968173e+00,-5.201592737e-04
7.746000000e-04,5.000000000e+00,4.948010075e+00,4.896020176e+00,-5.198992592e-04
7.747000000e-04,5.000000000e+00,4.948036063e+00,4.896072153e+00,-5.196393746e-04
7.748000000e-04,5.000000000e+00,4.948062039e+00,4.896124103e+00,-5.193796199e-04
7.749000000e-04,5.000000000e+00,4.948088001e+00,4.896176028e+00,-5.191199951e-04
7.750000000e-04,5.000000000e+00,4.948113950e+00,4.896227927e+00,-5.188605000e-04
7.751000000e-04,5.000000000e+00,4.948139887e+00,4.896279800e+00,-5.186011347e-04
7.752000000e-04,5.000000000e+00,4.948165811e+00,4.896331648e+00,-5.183418990e-04
7.753000000e-04,5.000000000e+00,4.948191721e+00,4.896383469e+00,-5.180827929e-04
7.754000000e-04,5.000000000e+00,4.948217619e+00,4.896435264e+00,-5.178238164e-04
7.755000000e-04,5.000000000e+00,4.948243504e+00,4.896487034e+00,-5.175649692e-04
7.756000000e-04,5.000000000e+00,4.948269375e+00,4.896538777e+00,-5.173062515e-04
7.757000000e-04,5.000000000e+00,4.948295234e+00,4.896590495e+00,-5.170476631e-04
7.758000000e-04,5.000000000e+00,4.948321080e+00,4.896642187e+00,-5.167892040e-04
7.759000000e-04,5.000000000e+00,4.948346913e+00,4.896693853e+00,-5.165308740e-04
7.760000000e-04,5.000000000e+00,4.948372733e+00,4.896745493e+00,-5.162726732e-04
7.761000000e-04,5.000000000e+00,4.948398540e+00,4.896797107e+00,-5.160146015e-04
7.762000000e-04,5.000000000e+00,4.948424335e+00,4.896848696e+00,-5.157566587e-04
7.763000000e-04,5.000000000e+00,4.948450116e+00,4.896900258e+00,-5.154988449e-04
7.764000000e-04,5.000000000e+00,4.948475885e+00,4.896951795e+00,-5.152411600e-04
7.765000000e-04,5.000000000e+00,4.948501640e+00,4.897003306e+00,-5.149836039e-04
7.766000000e-04,5.000000000e+00,4.948527383e+00,4.897054792e+00,-5.147261765e-04
7.767000000e-04,5.000000000e+00,4.948553113e+00,4.897106252e+00,-5.144688778e-04
7.768000000e-04,5.000000000e+00,4.948578830e+00,4.897157686e+00,-5.142117077e-04
7.769000000e-04,5.000000000e+00,4.948604534e+00,4.897209094e+00,-5.139546662e-04
7.770000000e-04,5.000000000e+00,4.948630225e+00,4.897260477e+00,-5.136977532e-04
7.771000000e-04,5.000000000e+00,4.948655904e+00,4.897311833e+00,-5.134409686e-04
7.772000000e-04,5.000000000e+00,4.948681569e+00,4.897363165e+00,-5.131843123e-04
7.773000000e-04,5.000000000e+00,4.948707222e+00,4.897414470e+00,-5.129277844e-04
7.774000000e-04,5.000000000e+00,4.948732862e+00,4.897465750e+00,-5.126713847e-04
7.775000000e-04,5.000000000e+00,4.948758489e+00,4.897517004e+00,-5.124151131e-04
7.776000000e-04,5.000000000e+00,4.948784104e+00,4.897568233e+00,-5.121589697e-04
7.777000000e-04,5.000000000e+00,4.948809705e+00,4.897619436e+00,-5.119029543e-04
7.778000000e-04,5.000000000e+00,4.948835294e+00,4.897670614e+00,-5.116470668e-04
7.779000000e-04,5.000000000e+00,4.948860870e+00,4.897721766e+00,-5.113913073e-04
7.780000000e-04,5.000000000e+00,4.948886433e+00,4.897772892e+00,-5.111356756e-04
7.781000000e-04,5.000000000e+00,4.948911983e+00,4.897823993e+00,-5.108801718e-04
7.782000000e-04,5.000000000e+00,4.948937521e+00,4.897875068e+00,-5.106247956e-04
7.783000000e-04,5.000000000e+00,4.948963046e+00,4.897926118e+00,-5.103695471e-04
7.784000000e-04,5.000000000e+00,4.948988558e+00,4.897977142e+00,-5.101144262e-04
7.785000000e-04,5.000000000e+00,4.949014057e+00,4.898028140e+00,-5.098594328e-04
7.786000000e-04,5.000000000e+00,4.949039544e+00,4.898079114e+00,-5.096045668e-04
7.787000000e-04,5.000000000e+00,4.949065018e+00,4.898130061e+00,-5.093498283e-04
7.788000000e-04,5.000000000e+00,4.949090479e+00,4.898180984e+00,-5.090952171e-04
7.789000000e-04,5.000000000e+00,4.949115927e+00,4.898231880e+00,-5.088407332e-04
7.790000000e-04,5.000000000e+00,4.949141363e+00,4.898282752e+00,-5.085863765e-04
7.791000000e-04,5.000000000e+00,4.949166786e+00,4.898333598e+00,-5.083321470e-04
7.792000000e-04,5.000000000e+00,4.949192196e+00,4.898384418e+00,-5.080780445e-04
7.793000000e-04,5.000000000e+00,4.949217594e+00,4.898435213e+00,-5.078240690e-04
7.794000000e-04,5.000000000e+00,4.949242978e+00,4.898485983e+00,-5.075702205e-04
7.795000000e-04,5.000000000e+00,4.949268351e+00,4.898536727e+00,-5.073164989e-04
7.796000000e-04,5.000000000e+00,4.949293710e+00,4.898587446e+00,-5.070629041e-04
7.797000000e-04,5.000000000e+00,4.949319057e+00,4.898638140e+00,-5.068094361e-04
7.798000000e-04,5.000000000e+00,4.949344391e+00,4.898688808e+00,-5.065560948e-04
7.799000000e-04,5.000000000e+00,4.949369712e+00,4.898739451e+00,-5.063028802e-04
7.800000000e-04,5.000000000e+00,4.949395021e+00,4.898790068e+00,-5.060497921e-04
7.801000000e-04,5.000000000e+00,4.949420317e+00,4.898840661e+00,-5.057968305e-04
7.802000000e-04,5.000000000e+00,4.949445601e+00,4.898891228e+00,-5.055439953e-04
7.803000000e-04,5.000000000e+00,4.949470872e+00,4.898941769e+00,-5.052912866e-04
7.804000000e-04,5.000000000e+00,4.949496130e+00,4.898992286e+00,-5.050387042e-04
7.805000000e-04,5.000000000e+00,4.949521376e+00,4.899042777e+00,-5.047862480e-04
7.806000000e-04,5.000000000e+00,4.949546609e+00,4.899093243e+00,-5.045339180e-04
7.807000000e-04,5.000000000e+00,4.949571829e+00,4.899143684e+00,-5.042817142e-04
7.808000000e-04,5.000000000e+00,4.949597037e+00,4.899194099e+00,-5.040296364e-04
7.809000000e-04,5.000000000e+00,4.949622232e+00,4.899244490e+00,-5.037776847e-04
7.810000000e-04,5.000000000e+00,4.949647415e+00,4.899294855e+00,-5.035258589e-04
7.811000000e-04,5.000000000e+00,4.949672585e+00,4.899345195e+00,-5.032741589e-04
7.812000000e-04,5.000000000e+00,4.949697742e+00,4.899395510e+00,-5.030225848e-04
7.813000000e-04,5.000000000e+00,4.949722887e+00,4.899445799e+00,-5.027711365e-04
7.814000000e-04,5.000000000e+00,4.949748019e+00,4.899496064e+00,-5.025198138e-04
7.815000000e-04,5.000000000e+00,4.949773139e+00,4.899546303e+00,-5.022686168e-04
7.816000000e-04,5.000000000e+00,4.949798246e+00,4.899596518e+00,-5.020175453e-04
7.817000000e-04,5.000000000e+00,4.949823341e+00,4.899646707e+00,-5.017665993e-04
7.818000000e-04,5.000000000e+00,4.949848423e+00,4.899696871e+00,-5.015157788e-04
7.819000000e-04,5.000000000e+00,4.949873492e+00,4.899747010e+00,-5.012650837e-04
7.820000000e-04,5.000000000e+00,4.949898549e+00,4.899797124e+00,-5.010145138e-04
7.821000000e-04,5.000000000e+00,4.949923594e+00,4.899847213e+00,-5.007640693e-04
7.822000000e-04,5.000000000e+00,4.949948626e+00,4.899897277e+00,-5.005137499e-04
7.823000000e-04,5.000000000e+00,4.949973645e+00,4.899947315e+00,-5.002635556e-04
7.824000000e-04,5.000000000e+00,4.949998652e+00,4.899997329e+00,-5.000134864e-04
7.825000000e-04,5.000000000e+00,4.950023646e+00,4.900047318e+00,-4.997635423e-04
7.826000000e-04,5.000000000e+00,4.950048628e+00,4.900097282e+00,-4.995137230e-04
7.827000000e-04,5.000000000e+00,4.950073598e+00,4.900147221e+00,-4.992640287e-04
7.828000000e-04,5.000000000e+00,4.950098555e+00,4.900197135e+00,-4.990144591e-04
7.829000000e-04,5.000000000e+00,4.950123499e+00,4.900247024e+00,-4.987650143e-04
7.830000000e-04,5.000000000e+00,4.950148431e+00,4.900296888e+00,-4.985156942e-04
7.831000000e-04,5.000000000e+00,4.950173351e+00,4.900346727e+00,-4.982664987e-04
7.832000000e-04,5.000000000e+00,4.950198258e+00,4.900396541e+00,-4.980174278e-04
7.833000000e-04,5.000000000e+00,4.950223152e+00,4.900446330e+00,-4.977684814e-04
7.834000000e-04,5.000000000e+00,4.950248035e+00,4.900496094e+00,-4.975196595e-04
7.835000000e-04,5.000000000e+00,4.950272904e+00,4.900545834e+00,-4.972709619e-04
7.836000000e-04,5.000000000e+00,4.950297762e+00,4.900595549e+00,-4.970223886e-04
7.837000000e-04,5.000000000e+00,4.950322607e+00,4.900645238e+00,-4.967739396e-04
7.838000000e-04,5.000000000e+00,4.950347439e+00,4.900694903e+00,-4.965256148e-04
7.839000000e-04,5.000000000e+00,4.950372259e+00,4.900744543e+00,-4.962774141e-04
7.840000000e-04,5.000000000e+00,4.950397067e+00,4.900794159e+00,-4.960293375e-04
7.841000000e-04,5.000000000e+00,4.950421862e+00,4.900843749e+00,-4.957813849e-04
7.842000000e-04,5.000000000e+00,4.950446645e+00,4.900893315e+00,-4.955335562e-04
7.843000000e-04,5.000000000e+00,4.950471415e+00,4.900942856e+00,-4.952858514e-04
7.844000000e-04,5.000000000e+00,4.950496173e+00,4.900992372e+00,-4.950382705e-04
7.845000000e-04,5.000000000e+00,4.950520919e+00,4.901041864e+00,-4.947908133e-04
7.846000000e-04,5.000000000e+00,4.950545653e+00,4.901091330e+00,-4.945434798e-04
7.847000000e-04,5.000000000e+00,4.950570374e+00,4.901140772e+00,-4.942962699e-04
7.848000000e-04,5.000000000e+00,4.950595082e+00,4.901190189e+00,-4.940491836e-04
7.849000000e-04,5.000000000e+00,4.950619778e+00,4.901239582e+00,-4.938022208e-04
7.850000000e-04,5.000000000e+00,4.950644462e+00,4.901288950e+00,-4.935553815e-04
7.851000000e-04,5.000000000e+00,4.950669134e+00,4.901338293e+00,-4.933086656e-04
7.852000000e-04,5.000000000e+00,4.950693793e+00,4.901387612e+00,-4.930620729e-04
7.853000000e-04,5.000000000e+00,4.950718440e+00,4.901436905e+00,-4.928156036e-04
7.854000000e-04,5.000000000e+00,4.950743075e+00,4.901486175e+00,-4.925692575e-04
7.855000000e-04,5.000000000e+00,4.950767697e+00,4.901535419e+00,-4.923230345e-04
7.856000000e-04,5.000000000e+00,4.950792307e+00,4.901584639e+00,-4.920769345e-04
7.857000000e-04,5.000000000e+00,4.950816905e+00,4.901633835e+00,-4.918309576e-04
7.858000000e-04,5.000000000e+00,4.950841490e+00,4.901683005e+00,-4.915851037e-04
7.859000000e-04,5.000000000e+00,4.950866063e+00,4.901732152e+00,-4.913393726e-04
7.860000000e-04,5.000000000e+00,4.950890624e+00,4.901781273e+00,-4.910937644e-04
7.861000000e-04,5.000000000e+00,4.950915173e+00,4.901830370e+00,-4.908482790e-04
7.862000000e-04,5.000000000e+00,4.950939709e+00,4.901879443e+00,-4.906029163e-04
7.863000000e-04,5.000000000e+00,4.950964233e+00,4.901928491e+00,-4.903576762e-04
7.864000000e-04,5.000000000e+00,4.950988745e+00,4.901977514e+00,-4.901125587e-04
7.865000000e-04,5.000000000e+00,4.951013244e+00,4.902026513e+00,-4.898675637e-04
7.866000000e-04,5.000000000e+00,4.951037731e+00,4.902075488e+00,-4.896226912e-04
7.867000000e-04,5.000000000e+00,4.951062206e+00,4.902124438e+00,-4.893779412e-04
7.868000000e-04,5.000000000e+00,4.951086669e+00,4.902173363e+00,-4.891333134e-04
7.869000000e-04,5.000000000e+00,4.951111120e+00,4.902222264e+00,-4.888888080e-04
7.870000000e-04,5.000000000e+00,4.951135558e+00,4.902271141e+00,-4.886444247e-04
7.871000000e-04,5.000000000e+00,4.951159984e+00,4.902319993e+00,-4.884001636e-04
7.872000000e-04,5.000000000e+00,4.951184398e+00,4.902368821e+00,-4.881560247e-04
7.873000000e-04,5.000000000e+00,4.951208800e+00,4.902417624e+00,-4.879120077e-04
7.874000000e-04,5.000000000e+00,4.951233189e+00,4.902466403e+00,-4.876681128e-04
7.875000000e-04,5.000000000e+00,4.951257567e+00,4.902515158e+00,-4.874243397e-04
7.876000000e-04,5.000000000e+00,4.951281932e+00,4.902563888e+00,-4.871806885e-04
7.877000000e-04,5.000000000e+00,4.951306285e+00,4.902612594e+00,-4.869371592e-04
7.878000000e-04,5.000000000e+00,4.951330625e+00,4.902661276e+00,-4.866937515e-04
7.879000000e-04,5.000000000e+00,4.951354954e+00,4.902709933e+00,-4.864504655e-04
7.880000000e-04,5.000000000e+00,4.951379270e+00,4.902758566e+00,-4.862073011e-04
7.881000000e-04,5.000000000e+00,4.951403575e+00,4.902807174e+00,-4.859642583e-04
7.882000000e-04,5.000000000e+00,4.951427867e+00,4.902855758e+00,-4.857213370e-04
7.883000000e-04,5.000000000e+00,4.951452147e+00,4.902904318e+00,-4.854785371e-04
7.884000000e-04,5.000000000e+00,4.951476415e+00,4.902952854e+00,-4.852358586e-04
7.885000000e-04,5.000000000e+00,4.951500670e+00,4.903001365e+00,-4.849933014e-04
7.886000000e-04,5.000000000e+00,4.951524914e+00,4.903049853e+00,-4.847508654e-04
7.887000000e-04,5.000000000e+00,4.951549145e+00,4.903098316e+00,-4.845085506e-04
7.888000000e-04,5.000000000e+00,4.951573365e+00,4.903146754e+00,-4.842663569e-04
7.889000000e-04,5.000000000e+00,4.951597572e+00,4.903195169e+00,-4.840242844e-04
7.890000000e-04,5.000000000e+00,4.951621767e+00,4.903243559e+00,-4.837823328e-04
7.891000000e-04,5.000000000e+00,4.951645950e+00,4.903291925e+00,-4.835405021e-04
7.892000000e-04,5.000000000e+00,4.951670121e+00,4.903340267e+00,-4.832987924e-04
7.893000000e-04,5.000000000e+00,4.951694280e+00,4.903388585e+00,-4.830572034e-04
7.894000000e-04,5.000000000e+00,4.951718427e+00,4.903436879e+00,-4.828157353e-04
7.895000000e-04,5.000000000e+00,4.951742562e+00,4.903485148e+00,-4.825743878e-04
7.896000000e-04,5.000000000e+00,4.951766684e+00,4.903533393e+00,-4.823331610e-04
7.897000000e-04,5.000000000e+00,4.951790795e+00,4.903581615e+00,-4.820920548e-04
7.898000000e-04,5.000000000e+00,4.951814894e+00,4.903629812e+00,-4.818510691e-04
7.899000000e-04,5.000000000e+00,4.951838980e+00,4.903677985e+00,-4.816102038e-04
7.900000000e-04,5.000000000e+00,4.951863055e+00,4.903726134e+00,-4.813694590e-04
7.901000000e-04,5.000000000e+00,4.951887117e+00,4.903774259e+00,-4.811288345e-04
7.902000000e-04,5.000000000e+00,4.951911167e+00,4.903822359e+00,-4.808883302e-04
7.903000000e-04,5.000000000e+00,4.951935206e+00,4.903870436e+00,-4.806479462e-04
7.904000000e-04,5.000000000e+00,4.951959232e+00,4.903918489e+00,-4.804076824e-04
7.905000000e-04,5.000000000e+00,4.951983247e+00,4.903966518e+00,-4.801675387e-04
7.906000000e-04,5.000000000e+00,4.952007249e+00,4.904014522e+00,-4.799275150e-04
7.907000000e-04,5.000000000e+00,4.952031239e+00,4.904062503e+00,-4.796876113e-04
7.908000000e-04,5.000000000e+00,4.952055218e+00,4.904110460e+00,-4.794478275e-04
7.909000000e-04,5.000000000e+00,4.952079184e+00,4.904158393e+00,-4.792081635e-04
7.910000000e-04,5.000000000e+00,4.952103139e+00,4.904206302e+00,-4.789686194e-04
7.911000000e-04,5.000000000e+00,4.952127081e+00,4.904254186e+00,-4.787291950e-04
7.912000000e-04,5.000000000e+00,4.952151011e+00,4.904302047e+00,-4.784898903e-04
7.913000000e-04,5.000000000e+00,4.952174930e+00,4.904349884e+00,-4.782507053e-04
7.914000000e-04,5.000000000e+00,4.952198837e+00,4.904397697e+00,-4.780116397e-04
7.915000000e-04,5.000000000e+00,4.952222731e+00,4.904445487e+00,-4.777726937e-04
7.916000000e-04,5.000000000e+00,4.952246614e+00,4.904493252e+00,-4.775338672e-04
7.917000000e-04,5.000000000e+00,4.952270485e+00,4.904540993e+00,-4.772951600e-04
7.918000000e-04,5.000000000e+00,4.952294343e+00,4.904588711e+00,-4.770565721e-04
7.919000000e-04,5.000000000e+00,4.952318190e+00,4.904636405e+00,-4.768181035e-04
7.920000000e-04,5.000000000e+00,4.952342025e+00,4.904684075e+00,-4.765797541e-04
7.921000000e-04,5.000000000e+00,4.952365848e+00,4.904731721e+00,-4.763415239e-04
7.922000000e-04,5.000000000e+00,4.952389659e+00,4.904779343e+00,-4.761034127e-04
7.923000000e-04,5.000000000e+00,4.952413458e+00,4.904826941e+00,-4.758654206e-04
7.924000000e-04,5.000000000e+00,4.952437246e+00,4.904874516e+00,-4.756275474e-04
7.925000000e-04,5.000000000e+00,4.952461021e+00,4.904922067e+00,-4.753897931e-04
7.926000000e-04,5.000000000e+00,4.952484785e+00,4.904969594e+00,-4.751521577e-04
7.927000000e-04,5.000000000e+00,4.952508536e+00,4.905017097e+00,-4.749146411e-04
7.928000000e-04,5.000000000e+00,4.952532276e+00,4.905064577e+00,-4.746772432e-04
7.929000000e-04,5.000000000e+00,4.952556004e+00,4.905112032e+00,-4.744399639e-04
7.930000000e-04,5.000000000e+00,4.952579720e+00,4.905159465e+00,-4.742028033e-04
7.931000000e-04,5.000000000e+00,4.952603424e+00,4.905206873e+00,-4.739657612e-04
7.932000000e-04,5.000000000e+00,4.952627117e+00,4.905254258e+00,-4.737288377e-04
7.933000000e-04,5.000000000e+00,4.952650797e+00,4.905301619e+00,-4.734920325e-04
7.934000000e-04,5.000000000e+00,4.952674466e+00,4.905348956e+00,-4.732553457e-04
7.935000000e-04,5.000000000e+00,4.952698123e+00,4.905396270e+00,-4.730187773e-04
7.936000000e-04,5.000000000e+00,4.952721768e+00,4.905443560e+00,-4.727823271e-04
7.937000000e-04,5.000000000e+00,4.952745401e+00,4.905490826e+00,-4.725459951e-04
7.938000000e-04,5.000000000e+00,4.952769022e+00,4.905538069e+00,-4.723097812e-04
7.939000000e-04,5.000000000e+00,4.952792632e+00,4.905585288e+00,-4.720736854e-04
7.940000000e-04,5.000000000e+00,4.952816230e+00,4.905632484e+00,-4.718377076e-04
7.941000000e-04,5.000000000e+00,4.952839816e+00,4.905679656e+00,-4.716018478e-04
7.942000000e-04,5.000000000e+00,4.952863390e+00,4.905726804e+00,-4.713661059e-04
7.943000000e-04,5.000000000e+00,4.952886952e+00,4.905773929e+00,-4.711304818e-04
7.944000000e-04,5.000000000e+00,4.952910503e+00,4.905821030e+00,-4.708949755e-04
7.945000000e-04,5.000000000e+00,4.952934042e+00,4.905868108e+00,-4.706595869e-04
7.946000000e-04,5.000000000e+00,4.952957569e+00,4.905915162e+00,-4.704243160e-04
7.947000000e-04,5.000000000e+00,4.952981084e+00,4.905962192e+00,-4.701891627e-04
7.948000000e-04,5.000000000e+00,4.953004588e+00,4.906009200e+00,-4.699541270e-04
7.949000000e-04,5.000000000e+00,4.953028080e+00,4.906056183e+00,-4.697192087e-04
7.950000000e-04,5.000000000e+00,4.953051560e+00,4.906103143e+00,-4.694844079e-04
7.951000000e-04,5.000000000e+00,4.953075028e+00,4.906150080e+00,-4.692497244e-04
7.952000000e-04,5.000000000e+00,4.953098485e+00,4.906196993e+00,-4.690151582e-04
7.953000000e-04,5.000000000e+00,4.953121930e+00,4.906243883e+00,-4.687807093e-04
7.954000000e-04,5.000000000e+00,4.953145363e+00,4.906290749e+00,-4.685463776e-04
7.955000000e-04,5.000000000e+00,4.953168784e+00,4.906337592e+00,-4.683121631e-04
7.956000000e-04,5.000000000e+00,4.953192194e+00,4.906384412e+00,-4.680780656e-04
7.957000000e-04,5.000000000e+00,4.953215592e+00,4.906431208e+00,-4.678440851e-04
7.958000000e-04,5.000000000e+00,4.953238978e+00,4.906477981e+00,-4.676102216e-04
7.959000000e-04,5.000000000e+00,4.953262353e+00,4.906524730e+00,-4.673764750e-04
7.960000000e-04,5.000000000e+00,4.953285716e+00,4.906571456e+00,-4.671428452e-04
7.961000000e-04,5.000000000e+00,4.953309067e+00,4.906618158e+00,-4.669093323e-04
7.962000000e-04,5.000000000e+00,4.953332407e+00,4.906664838e+00,-4.666759360e-04
7.963000000e-04,5.000000000e+00,4.953355735e+00,4.906711494e+00,-4.664426564e-04
7.964000000e-04,5.000000000e+00,4.953379051e+00,4.906758126e+00,-4.662094935e-04
7.965000000e-04,5.000000000e+00,4.953402356e+00,4.906804735e+00,-4.659764471e-04
7.966000000e-04,5.000000000e+00,4.953425649e+00,4.906851321e+00,-4.657435171e-04
7.967000000e-04,5.000000000e+00,4.953448930e+00,4.906897884e+00,-4.655107036e-04
7.968000000e-04,5.000000000e+00,4.953472200e+00,4.906944423e+00,-4.652780065e-04
7.969000000e-04,5.000000000e+00,4.953495458e+00,4.906990940e+00,-4.650454257e-04
7.970000000e-04,5.000000000e+00,4.953518704e+00,4.907037432e+00,-4.648129612e-04
7.971000000e-04,5.000000000e+00,4.953541939e+00,4.907083902e+00,-4.645806129e-04
7.972000000e-04,5.000000000e+00,4.953565162e+00,4.907130349e+00,-4.643483807e-04
7.973000000e-04,5.000000000e+00,4.953588374e+00,4.907176772e+00,-4.641162646e-04
7.974000000e-04,5.000000000e+00,4.953611574e+00,4.907223172e+00,-4.638842646e-04
7.975000000e-04,5.000000000e+00,4.953634762e+00,4.907269549e+00,-4.636523805e-04
7.976000000e-04,5.000000000e+00,4.953657939e+00,4.907315902e+00,-4.634206123e-04
7.977000000e-04,5.000000000e+00,4.953681105e+00,4.907362233e+00,-4.631889600e-04
7.978000000e-04,5.000000000e+00,4.953704258e+00,4.907408540e+00,-4.629574234e-04
7.979000000e-04,5.000000000e+00,4.953727400e+00,4.907454824e+00,-4.627260026e-04
7.980000000e-04,5.000000000e+00,4.953750531e+00,4.907501085e+00,-4.624946975e-04
7.981000000e-04,5.000000000e+00,4.953773650e+00,4.907547323e+00,-4.622635080e-04
7.982000000e-04,5.000000000e+00,4.953796757e+00,4.907593538e+00,-4.620324341e-04
7.983000000e-04,5.000000000e+00,4.953819853e+00,4.907639729e+00,-4.618014757e-04
7.984000000e-04,5.000000000e+00,4.953842937e+00,4.907685898e+00,-4.615706328e-04
7.985000000e-04,5.000000000e+00,4.953866010e+00,4.907732044e+00,-4.613399052e-04
7.986000000e-04,5.000000000e+00,4.953889071e+00,4.907778166e+00,-4.611092930e-04
7.987000000e-04,5.000000000e+00,4.953912121e+00,4.907824265e+00,-4.608787960e-04
7.988000000e-04,5.000000000e+00,4.953935159e+00,4.907870342e+00,-4.606484143e-04
7.989000000e-04,5.000000000e+00,4.953958186e+00,4.907916395e+00,-4.604181477e-04
7.990000000e-04,5.000000000e+00,4.953981201e+00,4.907962425e+00,-4.601879962e-04
7.991000000e-04,5.000000000e+00,4.954004205e+00,4.908008433e+00,-4.599579598e-04
7.992000000e-04,5.000000000e+00,4.954027197e+00,4.908054417e+00,-4.597280384e-04
7.993000000e-04,5.000000000e+00,4.954050177e+00,4.908100378e+00,-4.594982319e-04
7.994000000e-04,5.000000000e+00,4.954073146e+00,4.908146316e+00,-4.592685402e-04
7.995000000e-04,5.000000000e+00,4.954096104e+00,4.908192232e+00,-4.590389634e-04
7.996000000e-04,5.000000000e+00,4.954119050e+00,4.908238124e+00,-4.588095014e-04
7.997000000e-04,5.000000000e+00,4.954141985e+00,4.908283994e+00,-4.585801540e-04
7.998000000e-04,5.000000000e+00,4.954164908e+00,4.908329840e+00,-4.583509213e-04
7.999000000e-04,5.000000000e+00,4.954187820e+00,4.908375664e+00,-4.581218032e-04
8.000000000e-04,5.000000000e+00,4.954210721e+00,4.908421464e+00,-4.578927996e-04
8.001000000e-04,5.000000000e+00,4.954233609e+00,4.908467242e+00,-4.576639105e-04
8.002000000e-04,5.000000000e+00,4.954256487e+00,4.908512997e+00,-4.574351358e-04
8.003000000e-04,5.000000000e+00,4.954279353e+00,4.908558729e+00,-4.572064755e-04
8.004000000e-04,5.000000000e+00,4.954302208e+00,4.908604438e+00,-4.569779295e-04
8.005000000e-04,5.000000000e+00,4.954325051e+00,4.908650125e+00,-4.567494977e-04
8.006000000e-04,5.000000000e+00,4.954347882e+00,4.908695788e+00,-4.565211801e-04
8.007000000e-04,5.000000000e+00,4.954370703e+00,4.908741429e+00,-4.562929766e-04
8.008000000e-04,5.000000000e+00,4.954393512e+00,4.908787047e+00,-4.560648872e-04
8.009000000e-04,5.000000000e+00,4.954416309e+00,4.908832642e+00,-4.558369118e-04
8.010000000e-04,5.000000000e+00,4.954439095e+00,4.908878214e+00,-4.556090504e-04
8.011000000e-04,5.000000000e+00,4.954461870e+00,4.908923764e+00,-4.553813029e-04
8.012000000e-04,5.000000000e+00,4.954484634e+00,4.908969290e+00,-4.551536692e-04
8.013000000e-04,5.000000000e+00,4.954507386e+00,4.909014794e+00,-4.549261493e-04
8.014000000e-04,5.000000000e+00,4.954530126e+00,4.909060276e+00,-4.546987432e-04
8.015000000e-04,5.000000000e+00,4.954552855e+00,4.909105734e+00,-4.544714507e-04
8.016000000e-04,5.000000000e+00,4.954575573e+00,4.909151170e+00,-4.542442718e-04
8.017000000e-04,5.000000000e+00,4.954598280e+00,4.909196583e+00,-4.540172065e-04
8.018000000e-04,5.000000000e+00,4.954620975e+00,4.909241973e+00,-4.537902547e-04
8.019000000e-04,5.000000000e+00,4.954643659e+00,4.909287341e+00,-4.535634164e-04
8.020000000e-04,5.000000000e+00,4.954666331e+00,4.909332686e+00,-4.533366914e-04
8.021000000e-04,5.000000000e+00,4.954688993e+00,4.909378008e+00,-4.531100798e-04
8.022000000e-04,5.000000000e+00,4.954711642e+00,4.909423308e+00,-4.528835814e-04
8.023000000e-04,5.000000000e+00,4.954734281e+00,4.909468585e+00,-4.526571963e-04
8.024000000e-04,5.000000000e+00,4.954756908e+00,4.909513839e+00,-4.524309243e-04
8.025000000e-04,5.000000000e+00,4.954779524e+00,4.909559071e+00,-4.522047655e-04
8.026000000e-04,5.000000000e+00,4.954802129e+00,4.909604280e+00,-4.519787197e-04
8.027000000e-04,5.000000000e+00,4.954824722e+00,4.909649467e+00,-4.517527869e-04
8.028000000e-04,5.000000000e+00,4.954847304e+00,4.909694631e+00,-4.515269670e-04
8.029000000e-04,5.000000000e+00,4.954869875e+00,4.909739772e+00,-4.513012600e-04
8.030000000e-04,5.000000000e+00,4.954892434e+00,4.909784891e+00,-4.510756658e-04
8.031000000e-04,5.000000000e+00,4.954914982e+00,4.909829987e+00,-4.508501844e-04
8.032000000e-04,5.000000000e+00,4.954937519e+00,4.909875061e+00,-4.506248158e-04
8.033000000e-04,5.000000000e+00,4.954960045e+00,4.909920112e+00,-4.503995597e-04
8.034000000e-04,5.000000000e+00,4.954982559e+00,4.909965141e+00,-4.501744163e-04
8.035000000e-04,5.000000000e+00,4.955005062e+00,4.910010147e+00,-4.499493854e-04
8.036000000e-04,5.000000000e+00,4.955027554e+00,4.910055131e+00,-4.497244670e-04
8.037000000e-04,5.000000000e+00,4.955050034e+00,4.910100092e+00,-4.494996610e-04
8.038000000e-04,5.000000000e+00,4.955072504e+00,4.910145030e+00,-4.492749675e-04
8.039000000e-04,5.000000000e+00,4.955094962e+00,4.910189947e+00,-4.490503862e-04
8.040000000e-04,5.000000000e+00,4.955117409e+00,4.910234841e+00,-4.488259172e-04
8.041000000e-04,5.000000000e+00,4.955139844e+00,4.910279712e+00,-4.486015604e-04
8.042000000e-04,5.000000000e+00,4.955162269e+00,4.910324561e+00,-4.483773157e-04
8.043000000e-04,5.000000000e+00,4.955184682e+00,4.910369387e+00,-4.481531832e-04
8.044000000e-04,5.000000000e+00,4.955207084e+00,4.910414191e+00,-4.479291626e-04
8.045000000e-04,5.000000000e+00,4.955229475e+00,4.910458973e+00,-4.477052541e-04
8.046000000e-04,5.000000000e+00,4.955251855e+00,4.910503732e+00,-4.474814575e-04
8.047000000e-04,5.000000000e+00,4.955274223e+00,4.910548469e+00,-4.472577727e-04
8.048000000e-04,5.000000000e+00,4.955296581e+00,4.910593184e+00,-4.470341998e-04
8.049000000e-04,5.000000000e+00,4.955318927e+00,4.910637876e+00,-4.468107387e-04
8.050000000e-04,5.000000000e+00,4.955341262e+00,4.910682546e+00,-4.465873892e-04
8.051000000e-04,5.000000000e+00,4.955363585e+00,4.910727194e+00,-4.463641514e-04
8.052000000e-04,5.000000000e+00,4.955385898e+00,4.910771819e+00,-4.461410251e-04
8.053000000e-04,5.000000000e+00,4.955408199e+00,4.910816422e+00,-4.459180104e-04
8.054000000e-04,5.000000000e+00,4.955430490e+00,4.910861002e+00,-4.456951072e-04
8.055000000e-04,5.000000000e+00,4.955452769e+00,4.910905561e+00,-4.454723154e-04
8.056000000e-04,5.000000000e+00,4.955475037e+00,4.910950097e+00,-4.452496350e-04
8.057000000e-04,5.000000000e+00,4.955497294e+00,4.910994611e+00,-4.450270659e-04
8.058000000e-04,5.000000000e+00,4.955519540e+00,4.911039102e+00,-4.448046081e-04
8.059000000e-04,5.000000000e+00,4.955541774e+00,4.911083571e+00,-4.445822614e-04
8.060000000e-04,5.000000000e+00,4.955563998e+00,4.911128019e+00,-4.443600259e-04
8.061000000e-04,5.000000000e+00,4.955586210e+00,4.911172443e+00,-4.441379015e-04
8.062000000e-04,5.000000000e+00,4.955608412e+00,4.911216846e+00,-4.439158881e-04
8.063000000e-04,5.000000000e+00,4.955630602e+00,4.911261227e+00,-4.436939857e-04
8.064000000e-04,5.000000000e+00,4.955652781e+00,4.911305585e+00,-4.434721942e-04
8.065000000e-04,5.000000000e+00,4.955674949e+00,4.911349921e+00,-4.432505136e-04
8.066000000e-04,5.000000000e+00,4.955697106e+00,4.911394235e+00,-4.430289438e-04
8.067000000e-04,5.000000000e+00,4.955719252e+00,4.911438527e+00,-4.428074848e-04
8.068000000e-04,5.000000000e+00,4.955741387e+00,4.911482796e+00,-4.425861364e-04
8.069000000e-04,5.000000000e+00,4.955763511e+00,4.911527044e+00,-4.423648987e-04
8.070000000e-04,5.000000000e+00,4.955785623e+00,4.911571269e+00,-4.421437716e-04
8.071000000e-04,5.000000000e+00,4.955807725e+00,4.911615473e+00,-4.419227551e-04
8.072000000e-04,5.000000000e+00,4.955829816e+00,4.911659654e+00,-4.417018490e-04
8.073000000e-04,5.000000000e+00,4.955851895e+00,4.911703813e+00,-4.414810533e-04
8.074000000e-04,5.000000000e+00,4.955873964e+00,4.911747950e+00,-4.412603680e-04
8.075000000e-04,5.000000000e+00,4.955896021e+00,4.911792065e+00,-4.410397930e-04
8.076000000e-04,5.000000000e+00,4.955918068e+00,4.911836158e+00,-4.408193283e-04
8.077000000e-04,5.000000000e+00,4.955940103e+00,4.911880229e+00,-4.405989738e-04
8.078000000e-04,5.000000000e+00,4.955962128e+00,4.911924278e+00,-4.403787295e-04
8.079000000e-04,5.000000000e+00,4.955984141e+00,4.911968304e+00,-4.401585952e-04
8.080000000e-04,5.000000000e+00,4.956006143e+00,4.912012309e+00,-4.399385710e-04
8.081000000e-04,5.000000000e+00,4.956028135e+00,4.912056292e+00,-4.397186567e-04
8.082000000e-04,5.000000000e+00,4.956050115e+00,4.912100253e+00,-4.394988524e-04
8.083000000e-04,5.000000000e+00,4.956072085e+00,4.912144192e+00,-4.392791580e-04
8.084000000e-04,5.000000000e+00,4.956094043e+00,4.912188109e+00,-4.390595734e-04
8.085000000e-04,5.000000000e+00,4.956115991e+00,4.912232004e+00,-4.388400985e-04
8.086000000e-04,5.000000000e+00,4.956137927e+00,4.912275877e+00,-4.386207334e-04
8.087000000e-04,5.000000000e+00,4.956159853e+00,4.912319728e+00,-4.384014779e-04
8.088000000e-04,5.000000000e+00,4.956181767e+00,4.912363557e+00,-4.381823320e-04
8.089000000e-04,5.000000000e+00,4.956203671e+00,4.912407364e+00,-4.379632956e-04
8.090000000e-04,5.000000000e+00,4.956225564e+00,4.912451150e+00,-4.377443688e-04
8.091000000e-04,5.000000000e+00,4.956247445e+00,4.912494913e+00,-4.375255514e-04
8.092000000e-04,5.000000000e+00,4.956269316e+00,4.912538655e+00,-4.373068433e-04
8.093000000e-04,5.000000000e+00,4.956291176e+00,4.912582374e+00,-4.370882446e-04
8.094000000e-04,5.000000000e+00,4.956313025e+00,4.912626072e+00,-4.368697552e-04
8.095000000e-04,5.000000000e+00,4.956334863e+00,4.912669748e+00,-4.366513750e-04
8.096000000e-04,5.000000000e+00,4.956356690e+00,4.912713403e+00,-4.364331039e-04
8.097000000e-04,5.000000000e+00,4.956378506e+00,4.912757035e+00,-4.362149420e-04
8.098000000e-04,5.000000000e+00,4.956400312e+00,4.912800645e+00,-4.359968891e-04
8.099000000e-04,5.000000000e+00,4.956422106e+00,4.912844234e+00,-4.357789452e-04
8.100000000e-04,5.000000000e+00,4.956443889e+00,4.912887801e+00,-4.355611102e-04
8.101000000e-04,5.000000000e+00,4.956465662e+00,4.912931346e+00,-4.353433842e-04
8.102000000e-04,5.000000000e+00,4.956487424e+00,4.912974870e+00,-4.351257670e-04
8.103000000e-04,5.000000000e+00,4.956509175e+00,4.913018372e+00,-4.349082585e-04
8.104000000e-04,5.000000000e+00,4.956530915e+00,4.913061851e+00,-4.346908588e-04
8.105000000e-04,5.000000000e+00,4.956552644e+00,4.913105310e+00,-4.344735678e-04
8.106000000e-04,5.000000000e+00,4.956574362e+00,4.913148746e+00,-4.342563853e-04
8.107000000e-04,5.000000000e+00,4.956596069e+00,4.913192161e+00,-4.340393115e-04
8.108000000e-04,5.000000000e+00,4.956617766e+00,4.913235554e+00,-4.338223461e-04
8.109000000e-04,5.000000000e+00,4.956639452e+00,4.913278925e+00,-4.336054892e-04
8.110000000e-04,5.000000000e+00,4.956661126e+00,4.913322275e+00,-4.333887407e-04
8.111000000e-04,5.000000000e+00,4.956682790e+00,4.913365603e+00,-4.331721006e-04
8.112000000e-04,5.000000000e+00,4.956704444e+00,4.913408909e+00,-4.329555687e-04
8.113000000e-04,5.000000000e+00,4.956726086e+00,4.913452194e+00,-4.327391451e-04
8.114000000e-04,5.000000000e+00,4.956747718e+00,4.913495457e+00,-4.325228297e-04
8.115000000e-04,5.000000000e+00,4.956769338e+00,4.913538699e+00,-4.323066224e-04
8.116000000e-04,5.000000000e+00,4.956790948e+00,4.913581918e+00,-4.320905232e-04
8.117000000e-04,5.000000000e+00,4.956812547e+00,4.913625117e+00,-4.318745320e-04
8.118000000e-04,5.000000000e+00,4.956834136e+00,4.913668293e+00,-4.316586487e-04
8.119000000e-04,5.000000000e+00,4.956855713e+00,4.913711448e+00,-4.314428734e-04
8.120000000e-04,5.000000000e+00,4.956877280e+00,4.913754582e+00,-4.312272060e-04
8.121000000e-04,5.000000000e+00,4.956898836e+00,4.913797694e+00,-4.310116463e-04
8.122000000e-04,5.000000000e+00,4.956920381e+00,4.913840784e+00,-4.307961944e-04
8.123000000e-04,5.000000000e+00,4.956941915e+00,4.913883853e+00,-4.305808502e-04
8.124000000e-04,5.000000000e+00,4.956963439e+00,4.913926900e+00,-4.303656137e-04
8.125000000e-04,5.000000000e+00,4.956984952e+00,4.913969926e+00,-4.301504847e-04
8.126000000e-04,5.000000000e+00,4.957006454e+00,4.914012930e+00,-4.299354633e-04
8.127000000e-04,5.000000000e+00,4.957027946e+00,4.914055913e+00,-4.297205493e-04
8.128000000e-04,5.000000000e+00,4.957049426e+00,4.914098874e+00,-4.295057428e-04
8.129000000e-04,5.000000000e+00,4.957070896e+00,4.914141814e+00,-4.292910437e-04
8.130000000e-04,5.000000000e+00,4.957092355e+00,4.914184733e+00,-4.290764519e-04
8.131000000e-04,5.000000000e+00,4.957113804e+00,4.914227629e+00,-4.288619673e-04
8.132000000e-04,5.000000000e+00,4.957135241e+00,4.914270505e+00,-4.286475900e-04
8.133000000e-04,5.000000000e+00,4.957156669e+00,4.914313359e+00,-4.284333199e-04
8.134000000e-04,5.000000000e+00,4.957178085e+00,4.914356192e+00,-4.282191568e-04
8.135000000e-04,5.000000000e+00,4.957199490e+00,4.914399003e+00,-4.280051008e-04
8.136000000e-04,5.000000000e+00,4.957220885e+00,4.914441793e+00,-4.277911518e-04
8.137000000e-04,5.000000000e+00,4.957242270e+00,4.914484561e+00,-4.275773097e-04
8.138000000e-04,5.000000000e+00,4.957263643e+00,4.914527308e+00,-4.273635746e-04
8.139000000e-04,5.000000000e+00,4.957285006e+00,4.914570034e+00,-4.271499463e-04
8.140000000e-04,5.000000000e+00,4.957306358e+00,4.914612738e+00,-4.269364247e-04
8.141000000e-04,5.000000000e+00,4.957327700e+00,4.914655421e+00,-4.267230099e-04
8.142000000e-04,5.000000000e+00,4.957349030e+00,4.914698082e+00,-4.265097018e-04
8.143000000e-04,5.000000000e+00,4.957370350e+00,4.914740723e+00,-4.262965003e-04
8.144000000e-04,5.000000000e+00,4.957391660e+00,4.914783342e+00,-4.260834054e-04
8.145000000e-04,5.000000000e+00,4.957412959e+00,4.914825939e+00,-4.258704170e-04
8.146000000e-04,5.000000000e+00,4.957434247e+00,4.914868516e+00,-4.256575351e-04
8.147000000e-04,5.000000000e+00,4.957455525e+00,4.914911071e+00,-4.254447596e-04
8.148000000e-04,5.000000000e+00,4.957476791e+00,4.914953605e+00,-4.252320905e-04
8.149000000e-04,5.000000000e+00,4.957498048e+00,4.914996117e+00,-4.250195276e-04
8.150000000e-04,5.000000000e+00,4.957519293e+00,4.915038609e+00,-4.248070710e-04
8.151000000e-04,5.000000000e+00,4.957540528e+00,4.915081079e+00,-4.245947206e-04
8.152000000e-04,5.000000000e+00,4.957561753e+00,4.915123527e+00,-4.243824764e-04
8.153000000e-04,5.000000000e+00,4.957582967e+00,4.915165955e+00,-4.241703383e-04
8.154000000e-04,5.000000000e+00,4.957604170e+00,4.915208361e+00,-4.239583062e-04
8.155000000e-04,5.000000000e+00,4.957625362e+00,4.915250747e+00,-4.237463801e-04
8.156000000e-04,5.000000000e+00,4.957646545e+00,4.915293111e+00,-4.235345599e-04
8.157000000e-04,5.000000000e+00,4.957667716e+00,4.915335454e+00,-4.233228456e-04
8.158000000e-04,5.000000000e+00,4.957688877e+00,4.915377775e+00,-4.231112371e-04
8.159000000e-04,5.000000000e+00,4.957710027e+00,4.915420076e+00,-4.228997345e-04
8.160000000e-04,5.000000000e+00,4.957731167e+00,4.915462355e+00,-4.226883375e-04
8.161000000e-04,5.000000000e+00,4.957752296e+00,4.915504613e+00,-4.224770462e-04
8.162000000e-04,5.000000000e+00,4.957773414e+00,4.915546850e+00,-4.222658606e-04
8.163000000e-04,5.000000000e+00,4.957794522e+00,4.915589067e+00,-4.220547805e-04
8.164000000e-04,5.000000000e+00,4.957815620e+00,4.915631261e+00,-4.218438059e-04
8.165000000e-04,5.000000000e+00,4.957836707e+00,4.915673435e+00,-4.216329367e-04
8.166000000e-04,5.000000000e+00,4.957857783e+00,4.915715588e+00,-4.214221730e-04
8.167000000e-04,5.000000000e+00,4.957878849e+00,4.915757720e+00,-4.212115147e-04
8.168000000e-04,5.000000000e+00,4.957899904e+00,4.915799830e+00,-4.210009616e-04
8.169000000e-04,5.000000000e+00,4.957920949e+00,4.915841920e+00,-4.207905138e-04
8.170000000e-04,5.000000000e+00,4.957941983e+00,4.915883988e+00,-4.205801712e-04
8.171000000e-04,5.000000000e+00,4.957963007e+00,4.915926036e+00,-4.203699337e-04
8.172000000e-04,5.000000000e+00,4.957984020e+00,4.915968062e+00,-4.201598014e-04
8.173000000e-04,5.000000000e+00,4.958005023e+00,4.916010068e+00,-4.199497740e-04
8.174000000e-04,5.000000000e+00,4.958026015e+00,4.916052052e+00,-4.197398517e-04
8.175000000e-04,5.000000000e+00,4.958046997e+00,4.916094016e+00,-4.195300343e-04
8.176000000e-04,5.000000000e+00,4.958067968e+00,4.916135958e+00,-4.193203218e-04
8.177000000e-04,5.000000000e+00,4.958088929e+00,4.916177880e+00,-4.191107141e-04
8.178000000e-04,5.000000000e+00,4.958109879e+00,4.916219780e+00,-4.189012111e-04
8.179000000e-04,5.000000000e+00,4.958130819e+00,4.916261660e+00,-4.186918129e-04
8.180000000e-04,5.000000000e+00,4.958151749e+00,4.916303519e+00,-4.184825194e-04
8.181000000e-04,5.000000000e+00,4.958172667e+00,4.916345356e+00,-4.182733305e-04
8.182000000e-04,5.000000000e+00,4.958193576e+00,4.916387173e+00,-4.180642462e-04
8.183000000e-04,5.000000000e+00,4.958214474e+00,4.916428969e+00,-4.178552664e-04
8.184000000e-04,5.000000000e+00,4.958235361e+00,4.916470744e+00,-4.176463910e-04
8.185000000e-04,5.000000000e+00,4.958256238e+00,4.916512498e+00,-4.174376201e-04
8.186000000e-04,5.000000000e+00,4.958277105e+00,4.916554232e+00,-4.172289535e-04
8.187000000e-04,5.000000000e+00,4.958297961e+00,4.916595944e+00,-4.170203912e-04
8.188000000e-04,5.000000000e+00,4.958318807e+00,4.916637636e+00,-4.168119332e-04
8.189000000e-04,5.000000000e+00,4.958339643e+00,4.916679306e+00,-4.166035794e-04
8.190000000e-04,5.000000000e+00,4.958360468e+00,4.916720956e+00,-4.163953297e-04
8.191000000e-04,5.000000000e+00,4.958381282e+00,4.916762585e+00,-4.161871842e-04
8.192000000e-04,5.000000000e+00,4.958402086e+00,4.916804194e+00,-4.159791426e-04
8.193000000e-04,5.000000000e+00,4.958422880e+00,4.916845781e+00,-4.157712051e-04
8.194000000e-04,5.000000000e+00,4.958443663e+00,4.916887348e+00,-4.155633715e-04
8.195000000e-04,5.000000000e+00,4.958464436e+00,4.916928894e+00,-4.153556418e-04
8.196000000e-04,5.000000000e+00,4.958485199e+00,4.916970419e+00,-4.151480160e-04
8.197000000e-04,5.000000000e+00,4.958505951e+00,4.917011923e+00,-4.149404939e-04
8.198000000e-04,5.000000000e+00,4.958526693e+00,4.917053407e+00,-4.147330756e-04
8.199000000e-04,5.000000000e+00,4.958547424e+00,4.917094870e+00,-4.145257609e-04
8.200000000e-04,5.000000000e+00,4.958568146e+00,4.917136312e+00,-4.143185499e-04
8.201000000e-04,5.000000000e+00,4.958588856e+00,4.917177734e+00,-4.141114425e-04
8.202000000e-04,5.000000000e+00,4.958609557e+00,4.917219134e+00,-4.139044386e-04
8.203000000e-04,5.000000000e+00,4.958630247e+00,4.917260515e+00,-4.136975381e-04
8.204000000e-04,5.000000000e+00,4.958650926e+00,4.917301874e+00,-4.134907411e-04
8.205000000e-04,5.000000000e+00,4.958671596e+00,4.917343213e+00,-4.132840475e-04
8.206000000e-04,5.000000000e+00,4.958692255e+00,4.917384531e+00,-4.130774572e-04
8.207000000e-04,5.000000000e+00,4.958712903e+00,4.917425828e+00,-4.128709701e-04
8.208000000e-04,5.000000000e+00,4.958733542e+00,4.917467105e+00,-4.126645863e-04
8.209000000e-04,5.000000000e+00,4.958754170e+00,4.917508361e+00,-4.124583057e-04
8.210000000e-04,5.000000000e+00,4.958774788e+00,4.917549596e+00,-4.122521281e-04
8.211000000e-04,5.000000000e+00,4.958795395e+00,4.917590811e+00,-4.120460536e-04
8.212000000e-04,5.000000000e+00,4.958815992e+00,4.917632006e+00,-4.118400821e-04
8.213000000e-04,5.000000000e+00,4.958836579e+00,4.917673179e+00,-4.116342136e-04
8.214000000e-04,5.000000000e+00,4.958857156e+00,4.917714332e+00,-4.114284480e-04
8.215000000e-04,5.000000000e+00,4.958877722e+00,4.917755465e+00,-4.112227853e-04
8.216000000e-04,5.000000000e+00,4.958898278e+00,4.917796577e+00,-4.110172253e-04
8.217000000e-04,5.000000000e+00,4.958918824e+00,4.917837668e+00,-4.108117682e-04
8.218000000e-04,5.000000000e+00,4.958939359e+00,4.917878739e+00,-4.106064137e-04
8.219000000e-04,5.000000000e+00,4.958959884e+00,4.917919790e+00,-4.104011618e-04
8.220000000e-04,5.000000000e+00,4.958980399e+00,4.917960819e+00,-4.101960126e-04
8.221000000e-04,5.000000000e+00,4.959000904e+00,4.918001829e+00,-4.099909659e-04
8.222000000e-04,5.000000000e+00,4.959021398e+00,4.918042818e+00,-4.097860217e-04
8.223000000e-04,5.000000000e+00,4.959041883e+00,4.918083786e+00,-4.095811800e-04
8.224000000e-04,5.000000000e+00,4.959062356e+00,4.918124734e+00,-4.093764406e-04
8.225000000e-04,5.000000000e+00,4.959082820e+00,4.918165661e+00,-4.091718036e-04
8.226000000e-04,5.000000000e+00,4.959103274e+00,4.918206568e+00,-4.089672689e-04
8.227000000e-04,5.000000000e+00,4.959123717e+00,4.918247455e+00,-4.087628365e-04
8.228000000e-04,5.000000000e+00,4.959144150e+00,4.918288321e+00,-4.085585062e-04
8.229000000e-04,5.000000000e+00,4.959164573e+00,4.918329166e+00,-4.083542781e-04
8.230000000e-04,5.000000000e+00,4.959184985e+00,4.918369991e+00,-4.081501520e-04
8.231000000e-04,5.000000000e+00,4.959205388e+00,4.918410796e+00,-4.079461280e-04
8.232000000e-04,5.000000000e+00,4.959225780e+00,4.918451581e+00,-4.077422060e-04
8.233000000e-04,5.000000000e+00,4.959246162e+00,4.918492345e+00,-4.075383859e-04
8.234000000e-04,5.000000000e+00,4.959266534e+00,4.918533088e+00,-4.073346677e-04
8.235000000e-04,5.000000000e+00,4.959286895e+00,4.918573812e+00,-4.071310513e-04
8.236000000e-04,5.000000000e+00,4.959307247e+00,4.918614514e+00,-4.069275367e-04
8.237000000e-04,5.000000000e+00,4.959327588e+00,4.918655197e+00,-4.067241239e-04
8.238000000e-04,5.000000000e+00,4.959347919e+00,4.918695859e+00,-4.065208127e-04
8.239000000e-04,5.000000000e+00,4.959368240e+00,4.918736501e+00,-4.063176032e-04
8.240000000e-04,5.000000000e+00,4.959388551e+00,4.918777123e+00,-4.061144952e-04
8.241000000e-04,5.000000000e+00,4.959408852e+00,4.918817724e+00,-4.059114888e-04
8.242000000e-04,5.000000000e+00,4.959429142e+00,4.918858305e+00,-4.057085838e-04
8.243000000e-04,5.000000000e+00,4.959449422e+00,4.918898866e+00,-4.055057803e-04
8.244000000e-04,5.000000000e+00,4.959469693e+00,4.918939406e+00,-4.053030781e-04
8.245000000e-04,5.000000000e+00,4.959489953e+00,4.918979926e+00,-4.051004773e-04
8.246000000e-04,5.000000000e+00,4.959510203e+00,4.919020426e+00,-4.048979777e-04
8.247000000e-04,5.000000000e+00,4.959530443e+00,4.919060906e+00,-4.046955794e-04
8.248000000e-04,5.000000000e+00,4.959550672e+00,4.919101365e+00,-4.044932823e-04
8.249000000e-04,5.000000000e+00,4.959570892e+00,4.919141804e+00,-4.042910862e-04
8.250000000e-04,5.000000000e+00,4.959591101e+00,4.919182223e+00,-4.040889913e-04
8.251000000e-04,5.000000000e+00,4.959611301e+00,4.919222622e+00,-4.038869973e-04
8.252000000e-04,5.000000000e+00,4.959631490e+00,4.919263001e+00,-4.036851044e-04
8.253000000e-04,5.000000000e+00,4.959651669e+00,4.919303359e+00,-4.034833123e-04
8.254000000e-04,5.000000000e+00,4.959671838e+00,4.919343697e+00,-4.032816211e-04
8.255000000e-04,5.000000000e+00,4.959691997e+00,4.919384015e+00,-4.030800308e-04
8.256000000e-04,5.000000000e+00,4.959712146e+00,4.919424313e+00,-4.028785412e-04
8.257000000e-04,5.000000000e+00,4.959732285e+00,4.919464591e+00,-4.026771523e-04
8.258000000e-04,5.000000000e+00,4.959752414e+00,4.919504849e+00,-4.024758642e-04
8.259000000e-04,5.000000000e+00,4.959772533e+00,4.919545086e+00,-4.022746766e-04
8.260000000e-04,5.000000000e+00,4.959792642e+00,4.919585304e+00,-4.020735896e-04
8.261000000e-04,5.000000000e+00,4.959812740e+00,4.919625501e+00,-4.018726031e-04
8.262000000e-04,5.000000000e+00,4.959832829e+00,4.919665678e+00,-4.016717171e-04
8.263000000e-04,5.000000000e+00,4.959852907e+00,4.919705835e+00,-4.014709315e-04
8.264000000e-04,5.000000000e+00,4.959872976e+00,4.919745972e+00,-4.012702462e-04
8.265000000e-04,5.000000000e+00,4.959893034e+00,4.919786089e+00,-4.010696613e-04
8.266000000e-04,5.000000000e+00,4.959913083e+00,4.919826186e+00,-4.008691767e-04
8.267000000e-04,5.000000000e+00,4.959933121e+00,4.919866263e+00,-4.006687922e-04
8.268000000e-04,5.000000000e+00,4.959953150e+00,4.919906320e+00,-4.004685080e-04
8.269000000e-04,5.000000000e+00,4.959973168e+00,4.919946357e+00,-4.002683238e-04
8.270000000e-04,5.000000000e+00,4.959993177e+00,4.919986374e+00,-4.000682397e-04
8.271000000e-04,5.000000000e+00,4.960013175e+00,4.920026370e+00,-3.998682557e-04
8.272000000e-04,5.000000000e+00,4.960033163e+00,4.920066347e+00,-3.996683716e-04
8.273000000e-04,5.000000000e+00,4.960053142e+00,4.920106304e+00,-3.994685874e-04
8.274000000e-04,5.000000000e+00,4.960073110e+00,4.920146241e+00,-3.992689031e-04
8.275000000e-04,5.000000000e+00,4.960093069e+00,4.920186158e+00,-3.990693186e-04
8.276000000e-04,5.000000000e+00,4.960113017e+00,4.920226055e+00,-3.988698339e-04
8.277000000e-04,5.000000000e+00,4.960132956e+00,4.920265932e+00,-3.986704488e-04
8.278000000e-04,5.000000000e+00,4.960152884e+00,4.920305789e+00,-3.984711635e-04
8.279000000e-04,5.000000000e+00,4.960172803e+00,4.920345626e+00,-3.982719778e-04
8.280000000e-04,5.000000000e+00,4.960192711e+00,4.920385443e+00,-3.980728916e-04
8.281000000e-04,5.000000000e+00,4.960212610e+00,4.920425240e+00,-3.978739050e-04
8.282000000e-04,5.000000000e+00,4.960232499e+00,4.920465018e+00,-3.976750178e-04
8.283000000e-04,5.000000000e+00,4.960252377e+00,4.920504775e+00,-3.974762301e-04
8.284000000e-04,5.000000000e+00,4.960272246e+00,4.920544513e+00,-3.972775417e-04
8.285000000e-04,5.000000000e+00,4.960292105e+00,4.920584231e+00,-3.970789526e-04
8.286000000e-04,5.000000000e+00,4.960311954e+00,4.920623929e+00,-3.968804628e-04
8.287000000e-04,5.000000000e+00,4.960331793e+00,4.920663607e+00,-3.966820722e-04
8.288000000e-04,5.000000000e+00,4.960351622e+00,4.920703265e+00,-3.964837808e-04
8.289000000e-04,5.000000000e+00,4.960371442e+00,4.920742904e+00,-3.962855885e-04
8.290000000e-04,5.000000000e+00,4.960391251e+00,4.920782522e+00,-3.960874953e-04
8.291000000e-04,5.000000000e+00,4.960411050e+00,4.920822121e+00,-3.958895011e-04
8.292000000e-04,5.000000000e+00,4.960430840e+00,4.920861700e+00,-3.956916059e-04
8.293000000e-04,5.000000000e+00,4.960450620e+00,4.920901259e+00,-3.954938096e-04
8.294000000e-04,5.000000000e+00,4.960470389e+00,4.920940799e+00,-3.952961122e-04
8.295000000e-04,5.000000000e+00,4.960490149e+00,4.920980319e+00,-3.950985136e-04
8.296000000e-04,5.000000000e+00,4.960509899e+00,4.921019818e+00,-3.949010138e-04
8.297000000e-04,5.000000000e+00,4.960529639e+00,4.921059299e+00,-3.947036127e-04
8.298000000e-04,5.000000000e+00,4.960549369e+00,4.921098759e+00,-3.945063103e-04
8.299000000e-04,5.000000000e+00,4.960569090e+00,4.921138200e+00,-3.943091065e-04
8.300000000e-04,5.000000000e+00,4.960588800e+00,4.921177621e+00,-3.941120013e-04
8.301000000e-04,5.000000000e+00,4.960608501e+00,4.921217022e+00,-3.939149946e-04
8.302000000e-04,5.000000000e+00,4.960628192e+00,4.921256404e+00,-3.937180864e-04
8.303000000e-04,5.000000000e+00,4.960647873e+00,4.921295766e+00,-3.935212766e-04
8.304000000e-04,5.000000000e+00,4.960667544e+00,4.921335108e+00,-3.933245652e-04
8.305000000e-04,5.000000000e+00,4.960687205e+00,4.921374431e+00,-3.931279521e-04
8.306000000e-04,5.000000000e+00,4.960706857e+00,4.921413734e+00,-3.929314373e-04
8.307000000e-04,5.000000000e+00,4.960726498e+00,4.921453017e+00,-3.927350208e-04
8.308000000e-04,5.000000000e+00,4.960746130e+00,4.921492281e+00,-3.925387024e-04
8.309000000e-04,5.000000000e+00,4.960765752e+00,4.921531525e+00,-3.923424821e-04
8.310000000e-04,5.000000000e+00,4.960785365e+00,4.921570749e+00,-3.921463600e-04
8.311000000e-04,5.000000000e+00,4.960804967e+00,4.921609954e+00,-3.919503359e-04
8.312000000e-04,5.000000000e+00,4.960824560e+00,4.921649139e+00,-3.917544098e-04
8.313000000e-04,5.000000000e+00,4.960844142e+00,4.921688305e+00,-3.915585816e-04
8.314000000e-04,5.000000000e+00,4.960863715e+00,4.921727451e+00,-3.913628513e-04
8.315000000e-04,5.000000000e+00,4.960883279e+00,4.921766577e+00,-3.911672188e-04
8.316000000e-04,5.000000000e+00,4.960902832e+00,4.921805684e+00,-3.909716841e-04
8.317000000e-04,5.000000000e+00,4.960922376e+00,4.921844772e+00,-3.907762472e-04
8.318000000e-04,5.000000000e+00,4.960941910e+00,4.921883839e+00,-3.905809080e-04
8.319000000e-04,5.000000000e+00,4.960961434e+00,4.921922888e+00,-3.903856664e-04
8.320000000e-04,5.000000000e+00,4.960980948e+00,4.921961917e+00,-3.901905224e-04
8.321000000e-04,5.000000000e+00,4.961000453e+00,4.922000926e+00,-3.899954760e-04
8.322000000e-04,5.000000000e+00,4.961019948e+00,4.922039916e+00,-3.898005270e-04
8.323000000e-04,5.000000000e+00,4.961039433e+00,4.922078886e+00,-3.896056755e-04
8.324000000e-04,5.000000000e+00,4.961058908e+00,4.922117837e+00,-3.894109214e-04
8.325000000e-04,5.000000000e+00,4.961078374e+00,4.922156768e+00,-3.892162647e-04
8.326000000e-04,5.000000000e+00,4.961097830e+00,4.922195680e+00,-3.890217053e-04
8.327000000e-04,5.000000000e+00,4.961117276e+00,4.922234572e+00,-3.888272431e-04
8.328000000e-04,5.000000000e+00,4.961136713e+00,4.922273445e+00,-3.886328781e-04
8.329000000e-04,5.000000000e+00,4.961156139e+00,4.922312299e+00,-3.884386103e-04
8.330000000e-04,5.000000000e+00,4.961175557e+00,4.922351133e+00,-3.882444396e-04
8.331000000e-04,5.000000000e+00,4.961194964e+00,4.922389948e+00,-3.880503660e-04
8.332000000e-04,5.000000000e+00,4.961214362e+00,4.922428743e+00,-3.878563893e-04
8.333000000e-04,5.000000000e+00,4.961233750e+00,4.922467519e+00,-3.876625097e-04
8.334000000e-04,5.000000000e+00,4.961253128e+00,4.922506275e+00,-3.874687269e-04
8.335000000e-04,5.000000000e+00,4.961272496e+00,4.922545013e+00,-3.872750410e-04
8.336000000e-04,5.000000000e+00,4.961291855e+00,4.922583730e+00,-3.870814520e-04
8.337000000e-04,5.000000000e+00,4.961311205e+00,4.922622429e+00,-3.868879597e-04
8.338000000e-04,5.000000000e+00,4.961330544e+00,4.922661108e+00,-3.866945641e-04
8.339000000e-04,5.000000000e+00,4.961349874e+00,4.922699768e+00,-3.865012652e-04
8.340000000e-04,5.000000000e+00,4.961369194e+00,4.922738408e+00,-3.863080629e-04
8.341000000e-04,5.000000000e+00,4.961388505e+00,4.922777029e+00,-3.861149572e-04
8.342000000e-04,5.000000000e+00,4.961407806e+00,4.922815631e+00,-3.859219480e-04
8.343000000e-04,5.000000000e+00,4.961427097e+00,4.922854214e+00,-3.857290354e-04
8.344000000e-04,5.000000000e+00,4.961446379e+00,4.922892777e+00,-3.855362191e-04
8.345000000e-04,5.000000000e+00,4.961465651e+00,4.922931321e+00,-3.853434992e-04
8.346000000e-04,5.000000000e+00,4.961484913e+00,4.922969846e+00,-3.851508757e-04
8.347000000e-04,5.000000000e+00,4.961504166e+00,4.923008351e+00,-3.849583484e-04
8.348000000e-04,5.000000000e+00,4.961523409e+00,4.923046837e+00,-3.847659174e-04
8.349000000e-04,5.000000000e+00,4.961542642e+00,4.923085304e+00,-3.845735826e-04
8.350000000e-04,5.000000000e+00,4.961561866e+00,4.923123752e+00,-3.843813439e-04
8.351000000e-04,5.000000000e+00,4.961581080e+00,4.923162180e+00,-3.841892014e-04
8.352000000e-04,5.000000000e+00,4.961600285e+00,4.923200590e+00,-3.839971548e-04
8.353000000e-04,5.000000000e+00,4.961619480e+00,4.923238980e+00,-3.838052043e-04
8.354000000e-04,5.000000000e+00,4.961638666e+00,4.923277351e+00,-3.836133497e-04
8.355000000e-04,5.000000000e+00,4.961657841e+00,4.923315702e+00,-3.834215910e-04
8.356000000e-04,5.000000000e+00,4.961677008e+00,4.923354035e+00,-3.832299282e-04
8.357000000e-04,5.000000000e+00,4.961696164e+00,4.923392348e+00,-3.830383612e-04
8.358000000e-04,5.000000000e+00,4.961715312e+00,4.923430643e+00,-3.828468900e-04
8.359000000e-04,5.000000000e+00,4.961734449e+00,4.923468918e+00,-3.826555144e-04
8.360000000e-04,5.000000000e+00,4.961753577e+00,4.923507174e+00,-3.824642345e-04
8.361000000e-04,5.000000000e+00,4.961772695e+00,4.923545411e+00,-3.822730503e-04
8.362000000e-04,5.000000000e+00,4.961791804e+00,4.923583628e+00,-3.820819616e-04
8.363000000e-04,5.000000000e+00,4.961810904e+00,4.923621827e+00,-3.818909684e-04
8.364000000e-04,5.000000000e+00,4.961829993e+00,4.923660006e+00,-3.817000707e-04
8.365000000e-04,5.000000000e+00,4.961849074e+00,4.923698167e+00,-3.815092684e-04
8.366000000e-04,5.000000000e+00,4.961868144e+00,4.923736308e+00,-3.813185615e-04
8.367000000e-04,5.000000000e+00,4.961887206e+00,4.923774431e+00,-3.811279499e-04
8.368000000e-04,5.000000000e+00,4.961906257e+00,4.923812534e+00,-3.809374337e-04
8.369000000e-04,5.000000000e+00,4.961925299e+00,4.923850618e+00,-3.807470126e-04
8.370000000e-04,5.000000000e+00,4.961944332e+00,4.923888683e+00,-3.805566867e-04
8.371000000e-04,5.000000000e+00,4.961963355e+00,4.923926729e+00,-3.803664560e-04
8.372000000e-04,5.000000000e+00,4.961982368e+00,4.923964756e+00,-3.801763204e-04
8.373000000e-04,5.000000000e+00,4.962001373e+00,4.924002765e+00,-3.799862798e-04
8.374000000e-04,5.000000000e+00,4.962020367e+00,4.924040754e+00,-3.797963342e-04
8.375000000e-04,5.000000000e+00,4.962039352e+00,4.924078724e+00,-3.796064835e-04
8.376000000e-04,5.000000000e+00,4.962058328e+00,4.924116675e+00,-3.794167278e-04
8.377000000e-04,5.000000000e+00,4.962077294e+00,4.924154607e+00,-3.792270669e-04
8.378000000e-04,5.000000000e+00,4.962096250e+00,4.924192520e+00,-3.790375008e-04
8.379000000e-04,5.000000000e+00,4.962115198e+00,4.924230415e+00,-3.788480295e-04
8.380000000e-04,5.000000000e+00,4.962134135e+00,4.924268290e+00,-3.786586529e-04
8.381000000e-04,5.000000000e+00,4.962153063e+00,4.924306146e+00,-3.784693709e-04
8.382000000e-04,5.000000000e+00,4.962171982e+00,4.924343984e+00,-3.782801836e-04
8.383000000e-04,5.000000000e+00,4.962190891e+00,4.924381802e+00,-3.780910908e-04
8.384000000e-04,5.000000000e+00,4.962209791e+00,4.924419602e+00,-3.779020926e-04
8.385000000e-04,5.000000000e+00,4.962228682e+00,4.924457383e+00,-3.777131888e-04
8.386000000e-04,5.000000000e+00,4.962247563e+00,4.924495144e+00,-3.775243795e-04
8.387000000e-04,5.000000000e+00,4.962266434e+00,4.924532887e+00,-3.773356645e-04
8.388000000e-04,5.000000000e+00,4.962285296e+00,4.924570612e+00,-3.771470439e-04
8.389000000e-04,5.000000000e+00,4.962304149e+00,4.924608317e+00,-3.769585176e-04
8.390000000e-04,5.000000000e+00,4.962322992e+00,4.924646003e+00,-3.767700855e-04
8.391000000e-04,5.000000000e+00,4.962341826e+00,4.924683671e+00,-3.765817476e-04
8.392000000e-04,5.000000000e+00,4.962360650e+00,4.924721320e+00,-3.763935038e-04
8.393000000e-04,5.000000000e+00,4.962379465e+00,4.924758949e+00,-3.762053542e-04
8.394000000e-04,5.000000000e+00,4.962398271e+00,4.924796561e+00,-3.760172986e-04
8.395000000e-04,5.000000000e+00,4.962417067e+00,4.924834153e+00,-3.758293370e-04
8.396000000e-04,5.000000000e+00,4.962435854e+00,4.924871726e+00,-3.756414693e-04
8.397000000e-04,5.000000000e+00,4.962454631e+00,4.924909281e+00,-3.754536956e-04
8.398000000e-04,5.000000000e+00,4.962473399e+00,4.924946817e+00,-3.752660157e-04
8.399000000e-04,5.000000000e+00,4.962492158e+00,4.924984334e+00,-3.750784297e-04
8.400000000e-04,5.000000000e+00,4.962510907e+00,4.925021833e+00,-3.748909374e-04
8.401000000e-04,5.000000000e+00,4.962529647e+00,4.925059312e+00,-3.747035388e-04
8.402000000e-04,5.000000000e+00,4.962548377e+00,4.925096773e+00,-3.745162339e-04
8.403000000e-04,5.000000000e+00,4.962567098e+00,4.925134216e+00,-3.743290227e-04
8.404000000e-04,5.000000000e+00,4.962585810e+00,4.925171639e+00,-3.741419050e-04
8.405000000e-04,5.000000000e+00,4.962604512e+00,4.925209044e+00,-3.739548808e-04
8.406000000e-04,5.000000000e+00,4.962623205e+00,4.925246430e+00,-3.737679502e-04
8.407000000e-04,5.000000000e+00,4.962641889e+00,4.925283798e+00,-3.735811130e-04
8.408000000e-04,5.000000000e+00,4.962660564e+00,4.925321146e+00,-3.733943692e-04
8.409000000e-04,5.000000000e+00,4.962679229e+00,4.925358476e+00,-3.732077187e-04
8.410000000e-04,5.000000000e+00,4.962697884e+00,4.925395788e+00,-3.730211615e-04
8.411000000e-04,5.000000000e+00,4.962716531e+00,4.925433081e+00,-3.728346976e-04
8.412000000e-04,5.000000000e+00,4.962735168e+00,4.925470355e+00,-3.726483269e-04
8.413000000e-04,5.000000000e+00,4.962753796e+00,4.925507610e+00,-3.724620494e-04
8.414000000e-04,5.000000000e+00,4.962772414e+00,4.925544847e+00,-3.722758650e-04
8.415000000e-04,5.000000000e+00,4.962791023e+00,4.925582065e+00,-3.720897736e-04
8.416000000e-04,5.000000000e+00,4.962809623e+00,4.925619265e+00,-3.719037753e-04
8.417000000e-04,5.000000000e+00,4.962828214e+00,4.925656446e+00,-3.717178699e-04
8.418000000e-04,5.000000000e+00,4.962846795e+00,4.925693609e+00,-3.715320575e-04
8.419000000e-04,5.000000000e+00,4.962865367e+00,4.925730752e+00,-3.713463380e-04
8.420000000e-04,5.000000000e+00,4.962883929e+00,4.925767878e+00,-3.711607113e-04
8.421000000e-04,5.000000000e+00,4.962902483e+00,4.925804985e+00,-3.709751773e-04
8.422000000e-04,5.000000000e+00,4.962921027e+00,4.925842073e+00,-3.707897362e-04
8.423000000e-04,5.000000000e+00,4.962939562e+00,4.925879142e+00,-3.706043877e-04
8.424000000e-04,5.000000000e+00,4.962958087e+00,4.925916194e+00,-3.704191319e-04
8.425000000e-04,5.000000000e+00,4.962976604e+00,4.925953226e+00,-3.702339686e-04
8.426000000e-04,5.000000000e+00,4.962995111e+00,4.925990240e+00,-3.700488980e-04
8.427000000e-04,5.000000000e+00,4.963013609e+00,4.926027236e+00,-3.698639198e-04
8.428000000e-04,5.000000000e+00,4.963032097e+00,4.926064213e+00,-3.696790342e-04
8.429000000e-04,5.000000000e+00,4.963050576e+00,4.926101172e+00,-3.694942409e-04
8.430000000e-04,5.000000000e+00,4.963069046e+00,4.926138112e+00,-3.693095400e-04
8.431000000e-04,5.000000000e+00,4.963087507e+00,4.926175034e+00,-3.691249314e-04
8.432000000e-04,5.000000000e+00,4.963105959e+00,4.926211937e+00,-3.689404152e-04
8.433000000e-04,5.000000000e+00,4.963124401e+00,4.926248822e+00,-3.687559911e-04
8.434000000e-04,5.000000000e+00,4.963142835e+00,4.926285688e+00,-3.685716593e-04
8.435000000e-04,5.000000000e+00,4.963161259e+00,4.926322536e+00,-3.683874195e-04
8.436000000e-04,5.000000000e+00,4.963179673e+00,4.926359366e+00,-3.682032719e-04
8.437000000e-04,5.000000000e+00,4.963198079e+00,4.926396177e+00,-3.680192164e-04
8.438000000e-04,5.000000000e+00,4.963216475e+00,4.926432969e+00,-3.678352528e-04
8.439000000e-04,5.000000000e+00,4.963234862e+00,4.926469744e+00,-3.676513812e-04
8.440000000e-04,5.000000000e+00,4.963253240e+00,4.926506500e+00,-3.674676015e-04
8.441000000e-04,5.000000000e+00,4.963271609e+00,4.926543237e+00,-3.672839137e-04
8.442000000e-04,5.000000000e+00,4.963289969e+00,4.926579956e+00,-3.671003177e-04
8.443000000e-04,5.000000000e+00,4.963308319e+00,4.926616657e+00,-3.669168134e-04
8.444000000e-04,5.000000000e+00,4.963326660e+00,4.926653340e+00,-3.667334009e-04
8.445000000e-04,5.000000000e+00,4.963344992e+00,4.926690004e+00,-3.665500801e-04
8.446000000e-04,5.000000000e+00,4.963363315e+00,4.926726650e+00,-3.663668510e-04
8.447000000e-04,5.000000000e+00,4.963381629e+00,4.926763277e+00,-3.661837134e-04
8.448000000e-04,5.000000000e+00,4.963399934e+00,4.926799886e+00,-3.660006673e-04
8.449000000e-04,5.000000000e+00,4.963418229e+00,4.926836477e+00,-3.658177128e-04
8.450000000e-04,5.000000000e+00,4.963436516e+00,4.926873050e+00,-3.656348497e-04
8.451000000e-04,5.000000000e+00,4.963454793e+00,4.926909604e+00,-3.654520780e-04
8.452000000e-04,5.000000000e+00,4.963473061e+00,4.926946140e+00,-3.652693977e-04
8.453000000e-04,5.000000000e+00,4.963491320e+00,4.926982658e+00,-3.650868087e-04
8.454000000e-04,5.000000000e+00,4.963509569e+00,4.927019158e+00,-3.649043110e-04
8.455000000e-04,5.000000000e+00,4.963527810e+00,4.927055639e+00,-3.647219045e-04
8.456000000e-04,5.000000000e+00,4.963546042e+00,4.927092102e+00,-3.645395892e-04
8.457000000e-04,5.000000000e+00,4.963564264e+00,4.927128547e+00,-3.643573650e-04
8.458000000e-04,5.000000000e+00,4.963582477e+00,4.927164973e+00,-3.641752319e-04
8.459000000e-04,5.000000000e+00,4.963600682e+00,4.927201382e+00,-3.639931898e-04
8.460000000e-04,5.000000000e+00,4.963618877e+00,4.927237772e+00,-3.638112388e-04
8.461000000e-04,5.000000000e+00,4.963637063e+00,4.927274144e+00,-3.636293787e-04
8.462000000e-04,5.000000000e+00,4.963655240e+00,4.927310498e+00,-3.634476095e-04
8.463000000e-04,5.000000000e+00,4.963673407e+00,4.927346833e+00,-3.632659312e-04
8.464000000e-04,5.000000000e+00,4.963691566e+00,4.927383151e+00,-3.630843437e-04
8.465000000e-04,5.000000000e+00,4.963709716e+00,4.927419450e+00,-3.629028469e-04
8.466000000e-04,5.000000000e+00,4.963727856e+00,4.927455731e+00,-3.627214409e-04
8.467000000e-04,5.000000000e+00,4.963745988e+00,4.927491995e+00,-3.625401256e-04
8.468000000e-04,5.000000000e+00,4.963764110e+00,4.927528239e+00,-3.623589009e-04
8.469000000e-04,5.000000000e+00,4.963782224e+00,4.927564466e+00,-3.621777667e-04
8.470000000e-04,5.000000000e+00,4.963800328e+00,4.927600675e+00,-3.619967232e-04
8.471000000e-04,5.000000000e+00,4.963818423e+00,4.927636866e+00,-3.618157701e-04
8.472000000e-04,5.000000000e+00,4.963836510e+00,4.927673038e+00,-3.616349075e-04
8.473000000e-04,5.000000000e+00,4.963854587e+00,4.927709193e+00,-3.614541353e-04
8.474000000e-04,5.000000000e+00,4.963872655e+00,4.927745329e+00,-3.612734534e-04
8.475000000e-04,5.000000000e+00,4.963890714e+00,4.927781447e+00,-3.610928619e-04
8.476000000e-04,5.000000000e+00,4.963908764e+00,4.927817547e+00,-3.609123607e-04
8.477000000e-04,5.000000000e+00,4.963926806e+00,4.927853630e+00,-3.607319496e-04
8.478000000e-04,5.000000000e+00,4.963944838e+00,4.927889694e+00,-3.605516288e-04
8.479000000e-04,5.000000000e+00,4.963962861e+00,4.927925740e+00,-3.603713981e-04
8.480000000e-04,5.000000000e+00,4.963980875e+00,4.927961768e+00,-3.601912575e-04
8.481000000e-04,5.000000000e+00,4.963998880e+00,4.927997778e+00,-3.600112069e-04
8.482000000e-04,5.000000000e+00,4.964016876e+00,4.928033770e+00,-3.598312464e-04
8.483000000e-04,5.000000000e+00,4.964034863e+00,4.928069744e+00,-3.596513758e-04
8.484000000e-04,5.000000000e+00,4.964052841e+00,4.928105700e+00,-3.594715951e-04
8.485000000e-04,5.000000000e+00,4.964070810e+00,4.928141639e+00,-3.592919043e-04
8.486000000e-04,5.000000000e+00,4.964088770e+00,4.928177559e+00,-3.591123033e-04
8.487000000e-04,5.000000000e+00,4.964106721e+00,4.928213461e+00,-3.589327920e-04
8.488000000e-04,5.000000000e+00,4.964124663e+00,4.928249345e+00,-3.587533706e-04
8.489000000e-04,5.000000000e+00,4.964142597e+00,4.928285212e+00,-3.585740388e-04
8.490000000e-04,5.000000000e+00,4.964160521e+00,4.928321060e+00,-3.583947966e-04
8.491000000e-04,5.000000000e+00,4.964178436e+00,4.928356891e+00,-3.582156441e-04
8.492000000e-04,5.000000000e+00,4.964196342e+00,4.928392703e+00,-3.580365811e-04
8.493000000e-04,5.000000000e+00,4.964214240e+00,4.928428498e+00,-3.578576076e-04
8.494000000e-04,5.000000000e+00,4.964232128e+00,4.928464275e+00,-3.576787235e-04
8.495000000e-04,5.000000000e+00,4.964250008e+00,4.928500034e+00,-3.574999289e-04
8.496000000e-04,5.000000000e+00,4.964267878e+00,4.928535775e+00,-3.573212237e-04
8.497000000e-04,5.000000000e+00,4.964285740e+00,4.928571498e+00,-3.571426078e-04
8.498000000e-04,5.000000000e+00,4.964303592e+00,4.928607203e+00,-3.569640812e-04
8.499000000e-04,5.000000000e+00,4.964321436e+00,4.928642891e+00,-3.567856438e-04
8.500000000e-04,5.000000000e+00,4.964339271e+00,4.928678560e+00,-3.566072956e-04
8.501000000e-04,5.000000000e+00,4.964357097e+00,4.928714212e+00,-3.564290366e-04
8.502000000e-04,5.000000000e+00,4.964374914e+00,4.928749846e+00,-3.562508667e-04
8.503000000e-04,5.000000000e+00,4.964392722e+00,4.928785462e+00,-3.560727858e-04
8.504000000e-04,5.000000000e+00,4.964410521e+00,4.928821060e+00,-3.558947940e-04
8.505000000e-04,5.000000000e+00,4.964428311e+00,4.928856641e+00,-3.557168911e-04
8.506000000e-04,5.000000000e+00,4.964446093e+00,4.928892204e+00,-3.555390772e-04
8.507000000e-04,5.000000000e+00,4.964463865e+00,4.928927749e+00,-3.553613521e-04
8.508000000e-04,5.000000000e+00,4.964481629e+00,4.928963276e+00,-3.551837159e-04
8.509000000e-04,5.000000000e+00,4.964499384e+00,4.928998786e+00,-3.550061685e-04
8.510000000e-04,5.000000000e+00,4.964517130e+00,4.929034277e+00,-3.548287098e-04
8.511000000e-04,5.000000000e+00,4.964534867e+00,4.929069751e+00,-3.546513398e-04
8.512000000e-04,5.000000000e+00,4.964552595e+00,4.929105208e+00,-3.544740585e-04
8.513000000e-04,5.000000000e+00,4.964570314e+00,4.929140646e+00,-3.542968659e-04
8.514000000e-04,5.000000000e+00,4.964588024e+00,4.929176067e+00,-3.541197618e-04
8.515000000e-04,5.000000000e+00,4.964605726e+00,4.929211470e+00,-3.539427462e-04
8.516000000e-04,5.000000000e+00,4.964623419e+00,4.929246855e+00,-3.537658191e-04
8.517000000e-04,5.000000000e+00,4.964641102e+00,4.929282223e+00,-3.535889805e-04
8.518000000e-04,5.000000000e+00,4.964658777e+00,4.929317573e+00,-3.534122302e-04
8.519000000e-04,5.000000000e+00,4.964676444e+00,4.929352905e+00,-3.532355683e-04
8.520000000e-04,5.000000000e+00,4.964694101e+00,4.929388220e+00,-3.530589947e-04
8.521000000e-04,5.000000000e+00,4.964711750e+00,4.929423517e+00,-3.528825094e-04
8.522000000e-04,5.000000000e+00,4.964729389e+00,4.929458797e+00,-3.527061123e-04
8.523000000e-04,5.000000000e+00,4.964747020e+00,4.929494058e+00,-3.525298034e-04
8.524000000e-04,5.000000000e+00,4.964764642e+00,4.929529303e+00,-3.523535826e-04
8.525000000e-04,5.000000000e+00,4.964782256e+00,4.929564529e+00,-3.521774499e-04
8.526000000e-04,5.000000000e+00,4.964799860e+00,4.929599738e+00,-3.520014052e-04
8.527000000e-04,5.000000000e+00,4.964817456e+00,4.929634929e+00,-3.518254486e-04
8.528000000e-04,5.000000000e+00,4.964835043e+00,4.929670103e+00,-3.516495799e-04
8.529000000e-04,5.000000000e+00,4.964852621e+00,4.929705259e+00,-3.514737991e-04
8.530000000e-04,5.000000000e+00,4.964870190e+00,4.929740398e+00,-3.512981061e-04
8.531000000e-04,5.000000000e+00,4.964887750e+00,4.929775519e+00,-3.511225010e-04
8.532000000e-04,5.000000000e+00,4.964905302e+00,4.929810622e+00,-3.509469837e-04
8.533000000e-04,5.000000000e+00,4.964922845e+00,4.929845708e+00,-3.507715541e-04
8.534000000e-04,5.000000000e+00,4.964940379e+00,4.929880777e+00,-3.505962123e-04
8.535000000e-04,5.000000000e+00,4.964957905e+00,4.929915827e+00,-3.504209580e-04
8.536000000e-04,5.000000000e+00,4.964975421e+00,4.929950861e+00,-3.502457914e-04
8.537000000e-04,5.000000000e+00,4.964992929e+00,4.929985877e+00,-3.500707123e-04
8.538000000e-04,5.000000000e+00,4.965010428e+00,4.930020875e+00,-3.498957208e-04
8.539000000e-04,5.000000000e+00,4.965027919e+00,4.930055856e+00,-3.497208167e-04
8.540000000e-04,5.000000000e+00,4.965045400e+00,4.930090819e+00,-3.495460000e-04
8.541000000e-04,5.000000000e+00,4.965062873e+00,4.930125765e+00,-3.493712708e-04
8.542000000e-04,5.000000000e+00,4.965080338e+00,4.930160693e+00,-3.491966288e-04
8.543000000e-04,5.000000000e+00,4.965097793e+00,4.930195604e+00,-3.490220742e-04
8.544000000e-04,5.000000000e+00,4.965115240e+00,4.930230498e+00,-3.488476068e-04
8.545000000e-04,5.000000000e+00,4.965132678e+00,4.930265374e+00,-3.486732267e-04
8.546000000e-04,5.000000000e+00,4.965150107e+00,4.930300232e+00,-3.484989337e-04
8.547000000e-04,5.000000000e+00,4.965167528e+00,4.930335073e+00,-3.483247278e-04
8.548000000e-04,5.000000000e+00,4.965184940e+00,4.930369897e+00,-3.481506091e-04
8.549000000e-04,5.000000000e+00,4.965202343e+00,4.930404703e+00,-3.479765773e-04
8.550000000e-04,5.000000000e+00,4.965219737e+00,4.930439492e+00,-3.478026326e-04
8.551000000e-04,5.000000000e+00,4.965237123e+00,4.930474264e+00,-3.476287748e-04
8.552000000e-04,5.000000000e+00,4.965254500e+00,4.930509018e+00,-3.474550039e-04
8.553000000e-04,5.000000000e+00,4.965271869e+00,4.930543755e+00,-3.472813198e-04
8.554000000e-04,5.000000000e+00,4.965289228e+00,4.930578474e+00,-3.471077226e-04
8.555000000e-04,5.000000000e+00,4.965306579e+00,4.930613176e+00,-3.469342122e-04
8.556000000e-04,5.000000000e+00,4.965323922e+00,4.930647861e+00,-3.467607885e-04
8.557000000e-04,5.000000000e+00,4.965341255e+00,4.930682529e+00,-3.465874515e-04
8.558000000e-04,5.000000000e+00,4.965358580e+00,4.930717179e+00,-3.464142011e-04
8.559000000e-04,5.000000000e+00,4.965375897e+00,4.930751811e+00,-3.462410374e-04
8.560000000e-04,5.000000000e+00,4.965393204e+00,4.930786427e+00,-3.460679602e-04
8.561000000e-04,5.000000000e+00,4.965410504e+00,4.930821025e+00,-3.458949695e-04
8.562000000e-04,5.000000000e+00,4.965427794e+00,4.930855606e+00,-3.457220653e-04
8.563000000e-04,5.000000000e+00,4.965445076e+00,4.930890169e+00,-3.455492475e-04
8.564000000e-04,5.000000000e+00,4.965462349e+00,4.930924716e+00,-3.453765161e-04
8.565000000e-04,5.000000000e+00,4.965479613e+00,4.930959245e+00,-3.452038711e-04
8.566000000e-04,5.000000000e+00,4.965496869e+00,4.930993756e+00,-3.450313123e-04
8.567000000e-04,5.000000000e+00,4.965514117e+00,4.931028251e+00,-3.448588399e-04
8.568000000e-04,5.000000000e+00,4.965531355e+00,4.931062728e+00,-3.446864536e-04
8.569000000e-04,5.000000000e+00,4.965548585e+00,4.931097188e+00,-3.445141535e-04
8.570000000e-04,5.000000000e+00,4.965565807e+00,4.931131631e+00,-3.443419395e-04
8.571000000e-04,5.000000000e+00,4.965583019e+00,4.931166056e+00,-3.441698116e-04
8.572000000e-04,5.000000000e+00,4.965600224e+00,4.931200465e+00,-3.439977698e-04
8.573000000e-04,5.000000000e+00,4.965617419e+00,4.931234856e+00,-3.438258139e-04
8.574000000e-04,5.000000000e+00,4.965634606e+00,4.931269230e+00,-3.436539441e-04
8.575000000e-04,5.000000000e+00,4.965651784e+00,4.931303587e+00,-3.434821601e-04
8.576000000e-04,5.000000000e+00,4.965668954e+00,4.931337926e+00,-3.433104620e-04
8.577000000e-04,5.000000000e+00,4.965686116e+00,4.931372249e+00,-3.431388497e-04
8.578000000e-04,5.000000000e+00,4.965703268e+00,4.931406554e+00,-3.429673232e-04
8.579000000e-04,5.000000000e+00,4.965720412e+00,4.931440842e+00,-3.427958825e-04
8.580000000e-04,5.000000000e+00,4.965737548e+00,4.931475113e+00,-3.426245274e-04
8.581000000e-04,5.000000000e+00,4.965754675e+00,4.931509367e+00,-3.424532580e-04
8.582000000e-04,5.000000000e+00,4.965771793e+00,4.931543604e+00,-3.422820742e-04
8.583000000e-04,5.000000000e+00,4.965788903e+00,4.931577823e+00,-3.421109760e-04
8.584000000e-04,5.000000000e+00,4.965806004e+00,4.931612026e+00,-3.419399633e-04
8.585000000e-04,5.000000000e+00,4.965823097e+00,4.931646211e+00,-3.417690362e-04
8.586000000e-04,5.000000000e+00,4.965840181e+00,4.931680380e+00,-3.415981944e-04
8.587000000e-04,5.000000000e+00,4.965857257e+00,4.931714531e+00,-3.414274380e-04
8.588000000e-04,5.000000000e+00,4.965874324e+00,4.931748665e+00,-3.412567670e-04
8.589000000e-04,5.000000000e+00,4.965891382e+00,4.931782782e+00,-3.410861814e-04
8.590000000e-04,5.000000000e+00,4.965908432e+00,4.931816882e+00,-3.409156809e-04
8.591000000e-04,5.000000000e+00,4.965925474e+00,4.931850965e+00,-3.407452658e-04
8.592000000e-04,5.000000000e+00,4.965942507e+00,4.931885031e+00,-3.405749358e-04
8.593000000e-04,5.000000000e+00,4.965959531e+00,4.931919080e+00,-3.404046909e-04
8.594000000e-04,5.000000000e+00,4.965976547e+00,4.931953112e+00,-3.402345311e-04
8.595000000e-04,5.000000000e+00,4.965993555e+00,4.931987127e+00,-3.400644565e-04
8.596000000e-04,5.000000000e+00,4.966010554e+00,4.932021125e+00,-3.398944668e-04
8.597000000e-04,5.000000000e+00,4.966027544e+00,4.932055106e+00,-3.397245621e-04
8.598000000e-04,5.000000000e+00,4.966044526e+00,4.932089070e+00,-3.395547423e-04
8.599000000e-04,5.000000000e+00,4.966061500e+00,4.932123017e+00,-3.393850074e-04
8.600000000e-04,5.000000000e+00,4.966078465e+00,4.932156947e+00,-3.392153574e-04
8.601000000e-04,5.000000000e+00,4.966095421e+00,4.932190860e+00,-3.390457921e-04
8.602000000e-04,5.000000000e+00,4.966112369e+00,4.932224756e+00,-3.388763117e-04
8.603000000e-04,5.000000000e+00,4.966129309e+00,4.932258635e+00,-3.387069159e-04
8.604000000e-04,5.000000000e+00,4.966146240e+00,4.932292497e+00,-3.385376048e-04
8.605000000e-04,5.000000000e+00,4.966163163e+00,4.932326343e+00,-3.383683784e-04
8.606000000e-04,5.000000000e+00,4.966180077e+00,4.932360171e+00,-3.381992365e-04
8.607000000e-04,5.000000000e+00,4.966196983e+00,4.932393983e+00,-3.380301792e-04
8.608000000e-04,5.000000000e+00,4.966213880e+00,4.932427777e+00,-3.378612064e-04
8.609000000e-04,5.000000000e+00,4.966230769e+00,4.932461555e+00,-3.376923181e-04
8.610000000e-04,5.000000000e+00,4.966247649e+00,4.932495316e+00,-3.375235142e-04
8.611000000e-04,5.000000000e+00,4.966264521e+00,4.932529059e+00,-3.373547947e-04
8.612000000e-04,5.000000000e+00,4.966281385e+00,4.932562786e+00,-3.371861595e-04
8.613000000e-04,5.000000000e+00,4.966298240e+00,4.932596497e+00,-3.370176086e-04
8.614000000e-04,5.000000000e+00,4.966315086e+00,4.932630190e+00,-3.368491420e-04
8.615000000e-04,5.000000000e+00,4.966331925e+00,4.932663866e+00,-3.366807595e-04
8.616000000e-04,5.000000000e+00,4.966348754e+00,4.932697526e+00,-3.365124613e-04
8.617000000e-04,5.000000000e+00,4.966365576e+00,4.932731169e+00,-3.363442472e-04
8.618000000e-04,5.000000000e+00,4.966382389e+00,4.932764795e+00,-3.361761171e-04
8.619000000e-04,5.000000000e+00,4.966399193e+00,4.932798404e+00,-3.360080711e-04
8.620000000e-04,5.000000000e+00,4.966415990e+00,4.932831996e+00,-3.358401091e-04
8.621000000e-04,5.000000000e+00,4.966432777e+00,4.932865572e+00,-3.356722311e-04
8.622000000e-04,5.000000000e+00,4.966449557e+00,4.932899131e+00,-3.355044370e-04
8.623000000e-04,5.000000000e+00,4.966466328e+00,4.932932673e+00,-3.353367267e-04
8.624000000e-04,5.000000000e+00,4.966483090e+00,4.932966198e+00,-3.351691003e-04
8.625000000e-04,5.000000000e+00,4.966499845e+00,4.932999707e+00,-3.350015577e-04
8.626000000e-04,5.000000000e+00,4.966516591e+00,4.933033198e+00,-3.348340989e-04
8.627000000e-04,5.000000000e+00,4.966533328e+00,4.933066673e+00,-3.346667237e-04
8.628000000e-04,5.000000000e+00,4.966550057e+00,4.933100132e+00,-3.344994322e-04
8.629000000e-04,5.000000000e+00,4.966566778e+00,4.933133573e+00,-3.343322243e-04
8.630000000e-04,5.000000000e+00,4.966583490e+00,4.933166998e+00,-3.341651001e-04
8.631000000e-04,5.000000000e+00,4.966600195e+00,4.933200406e+00,-3.339980593e-04
8.632000000e-04,5.000000000e+00,4.966616890e+00,4.933233798e+00,-3.338311021e-04
8.633000000e-04,5.000000000e+00,4.966633578e+00,4.933267173e+00,-3.336642283e-04
8.634000000e-04,5.000000000e+00,4.966650257e+00,4.933300531e+00,-3.334974379e-04
8.635000000e-04,5.000000000e+00,4.966666927e+00,4.933333872e+00,-3.333307309e-04
8.636000000e-04,5.000000000e+00,4.966683590e+00,4.933367197e+00,-3.331641073e-04
8.637000000e-04,5.000000000e+00,4.966700244e+00,4.933400505e+00,-3.329975669e-04
8.638000000e-04,5.000000000e+00,4.966716890e+00,4.933433796e+00,-3.328311098e-04
8.639000000e-04,5.000000000e+00,4.966733527e+00,4.933467071e+00,-3.326647359e-04
8.640000000e-04,5.000000000e+00,4.966750156e+00,4.933500329e+00,-3.324984451e-04
8.641000000e-04,5.000000000e+00,4.966766777e+00,4.933533571e+00,-3.323322375e-04
8.642000000e-04,5.000000000e+00,4.966783389e+00,4.933566796e+00,-3.321661130e-04
8.643000000e-04,5.000000000e+00,4.966799993e+00,4.933600004e+00,-3.320000715e-04
8.644000000e-04,5.000000000e+00,4.966816589e+00,4.933633195e+00,-3.318341130e-04
8.645000000e-04,5.000000000e+00,4.966833177e+00,4.933666371e+00,-3.316682375e-04
8.646000000e-04,5.000000000e+00,4.966849756e+00,4.933699529e+00,-3.315024448e-04
8.647000000e-04,5.000000000e+00,4.966866327e+00,4.933732671e+00,-3.313367351e-04
8.648000000e-04,5.000000000e+00,4.966882890e+00,4.933765796e+00,-3.311711082e-04
8.649000000e-04,5.000000000e+00,4.966899444e+00,4.933798905e+00,-3.310055641e-04
8.650000000e-04,5.000000000e+00,4.966915990e+00,4.933831997e+00,-3.308401027e-04
8.651000000e-04,5.000000000e+00,4.966932528e+00,4.933865073e+00,-3.306747241e-04
8.652000000e-04,5.000000000e+00,4.966949058e+00,4.933898132e+00,-3.305094281e-04
8.653000000e-04,5.000000000e+00,4.966965579e+00,4.933931175e+00,-3.303442147e-04
8.654000000e-04,5.000000000e+00,4.966982092e+00,4.933964201e+00,-3.301790839e-04
8.655000000e-04,5.000000000e+00,4.966998597e+00,4.933997211e+00,-3.300140357e-04
8.656000000e-04,5.000000000e+00,4.967015094e+00,4.934030204e+00,-3.298490700e-04
8.657000000e-04,5.000000000e+00,4.967031582e+00,4.934063181e+00,-3.296841867e-04
8.658000000e-04,5.000000000e+00,4.967048062e+00,4.934096141e+00,-3.295193859e-04
8.659000000e-04,5.000000000e+00,4.967064534e+00,4.934129084e+00,-3.293546674e-04
8.660000000e-04,5.000000000e+00,4.967080997e+00,4.934162012e+00,-3.291900313e-04
8.661000000e-04,5.000000000e+00,4.967097453e+00,4.934194922e+00,-3.290254775e-04
8.662000000e-04,5.000000000e+00,4.967113900e+00,4.934227817e+00,-3.288610059e-04
8.663000000e-04,5.000000000e+00,4.967130339e+00,4.934260695e+00,-3.286966165e-04
8.664000000e-04,5.000000000e+00,4.967146770e+00,4.934293556e+00,-3.285323093e-04
8.665000000e-04,5.000000000e+00,4.967163192e+00,4.934326401e+00,-3.283680843e-04
8.666000000e-04,5.000000000e+00,4.967179606e+00,4.934359230e+00,-3.282039413e-04
8.667000000e-04,5.000000000e+00,4.967196012e+00,4.934392042e+00,-3.280398804e-04
8.668000000e-04,5.000000000e+00,4.967212410e+00,4.934424838e+00,-3.278759015e-04
8.669000000e-04,5.000000000e+00,4.967228800e+00,4.934457617e+00,-3.277120046e-04
8.670000000e-04,5.000000000e+00,4.967245182e+00,4.934490380e+00,-3.275481896e-04
8.671000000e-04,5.000000000e+00,4.967261555e+00,4.934523127e+00,-3.273844565e-04
8.672000000e-04,5.000000000e+00,4.967277920e+00,4.934555857e+00,-3.272208052e-04
8.673000000e-04,5.000000000e+00,4.967294277e+00,4.934588571e+00,-3.270572358e-04
8.674000000e-04,5.000000000e+00,4.967310626e+00,4.934621268e+00,-3.268937481e-04
8.675000000e-04,5.000000000e+00,4.967326966e+00,4.934653949e+00,-3.267303421e-04
8.676000000e-04,5.000000000e+00,4.967343299e+00,4.934686614e+00,-3.265670178e-04
8.677000000e-04,5.000000000e+00,4.967359623e+00,4.934719263e+00,-3.264037752e-04
8.678000000e-04,5.000000000e+00,4.967375939e+00,4.934751895e+00,-3.262406141e-04
8.679000000e-04,5.000000000e+00,4.967392247e+00,4.934784511e+00,-3.260775346e-04
8.680000000e-04,5.000000000e+00,4.967408547e+00,4.934817110e+00,-3.259145367e-04
8.681000000e-04,5.000000000e+00,4.967424838e+00,4.934849694e+00,-3.257516202e-04
8.682000000e-04,5.000000000e+00,4.967441122e+00,4.934882261e+00,-3.255887851e-04
8.683000000e-04,5.000000000e+00,4.967457397e+00,4.934914811e+00,-3.254260315e-04
8.684000000e-04,5.000000000e+00,4.967473665e+00,4.934947346e+00,-3.252633592e-04
8.685000000e-04,5.000000000e+00,4.967489924e+00,4.934979864e+00,-3.251007682e-04
8.686000000e-04,5.000000000e+00,4.967506175e+00,4.935012366e+00,-3.249382585e-04
8.687000000e-04,5.000000000e+00,4.967522417e+00,4.935044852e+00,-3.247758300e-04
8.688000000e-04,5.000000000e+00,4.967538652e+00,4.935077321e+00,-3.246134827e-04
8.689000000e-04,5.000000000e+00,4.967554879e+00,4.935109774e+00,-3.244512166e-04
8.690000000e-04,5.000000000e+00,4.967571097e+00,4.935142211e+00,-3.242890316e-04
8.691000000e-04,5.000000000e+00,4.967587308e+00,4.935174632e+00,-3.241269277e-04
8.692000000e-04,5.000000000e+00,4.967603510e+00,4.935207037e+00,-3.239649048e-04
8.693000000e-04,5.000000000e+00,4.967619704e+00,4.935239425e+00,-3.238029628e-04
8.694000000e-04,5.000000000e+00,4.967635890e+00,4.935271797e+00,-3.236411019e-04
8.695000000e-04,5.000000000e+00,4.967652068e+00,4.935304153e+00,-3.234793218e-04
8.696000000e-04,5.000000000e+00,4.967668238e+00,4.935336493e+00,-3.233176226e-04
8.697000000e-04,5.000000000e+00,4.967684400e+00,4.935368817e+00,-3.231560043e-04
8.698000000e-04,5.000000000e+00,4.967700554e+00,4.935401124e+00,-3.229944667e-04
8.699000000e-04,5.000000000e+00,4.967716700e+00,4.935433416e+00,-3.228330099e-04
8.700000000e-04,5.000000000e+00,4.967732837e+00,4.935465691e+00,-3.226716338e-04
8.701000000e-04,5.000000000e+00,4.967748967e+00,4.935497950e+00,-3.225103383e-04
8.702000000e-04,5.000000000e+00,4.967765088e+00,4.935530193e+00,-3.223491235e-04
8.703000000e-04,5.000000000e+00,4.967781202e+00,4.935562420e+00,-3.221879893e-04
8.704000000e-04,5.000000000e+00,4.967797307e+00,4.935594630e+00,-3.220269356e-04
8.705000000e-04,5.000000000e+00,4.967813404e+00,4.935626825e+00,-3.218659624e-04
8.706000000e-04,5.000000000e+00,4.967829494e+00,4.935659004e+00,-3.217050697e-04
8.707000000e-04,5.000000000e+00,4.967845575e+00,4.935691166e+00,-3.215442574e-04
8.708000000e-04,5.000000000e+00,4.967861648e+00,4.935723312e+00,-3.213835255e-04
8.709000000e-04,5.000000000e+00,4.967877713e+00,4.935755443e+00,-3.212228740e-04
8.710000000e-04,5.000000000e+00,4.967893770e+00,4.935787557e+00,-3.210623027e-04
8.711000000e-04,5.000000000e+00,4.967909819e+00,4.935819655e+00,-3.209018118e-04
8.712000000e-04,5.000000000e+00,4.967925860e+00,4.935851737e+00,-3.207414010e-04
8.713000000e-04,5.000000000e+00,4.967941893e+00,4.935883803e+00,-3.205810704e-04
8.714000000e-04,5.000000000e+00,4.967957918e+00,4.935915854e+00,-3.204208200e-04
8.715000000e-04,5.000000000e+00,4.967973936e+00,4.935947888e+00,-3.202606497e-04
8.716000000e-04,5.000000000e+00,4.967989945e+00,4.935979906e+00,-3.201005594e-04
8.717000000e-04,5.000000000e+00,4.968005946e+00,4.936011908e+00,-3.199405492e-04
8.718000000e-04,5.000000000e+00,4.968021939e+00,4.936043894e+00,-3.197806190e-04
8.719000000e-04,5.000000000e+00,4.968037924e+00,4.936075864e+00,-3.196207687e-04
8.720000000e-04,5.000000000e+00,4.968053901e+00,4.936107818e+00,-3.194609983e-04
8.721000000e-04,5.000000000e+00,4.968069870e+00,4.936139756e+00,-3.193013078e-04
8.722000000e-04,5.000000000e+00,4.968085831e+00,4.936171678e+00,-3.191416971e-04
8.723000000e-04,5.000000000e+00,4.968101784e+00,4.936203584e+00,-3.189821661e-04
8.724000000e-04,5.000000000e+00,4.968117729e+00,4.936235474e+00,-3.188227150e-04
8.725000000e-04,5.000000000e+00,4.968133666e+00,4.936267349e+00,-3.186633435e-04
8.726000000e-04,5.000000000e+00,4.968149595e+00,4.936299207e+00,-3.185040517e-04
8.727000000e-04,5.000000000e+00,4.968165517e+00,4.936331050e+00,-3.183448395e-04
8.728000000e-04,5.000000000e+00,4.968181430e+00,4.936362876e+00,-3.181857069e-04
8.729000000e-04,5.000000000e+00,4.968197335e+00,4.936394687e+00,-3.180266539e-04
8.730000000e-04,5.000000000e+00,4.968213232e+00,4.936426481e+00,-3.178676804e-04
8.731000000e-04,5.000000000e+00,4.968229122e+00,4.936458260e+00,-3.177087863e-04
8.732000000e-04,5.000000000e+00,4.968245003e+00,4.936490023e+00,-3.175499717e-04
8.733000000e-04,5.000000000e+00,4.968260877e+00,4.936521770e+00,-3.173912364e-04
8.734000000e-04,5.000000000e+00,4.968276742e+00,4.936553501e+00,-3.172325805e-04
8.735000000e-04,5.000000000e+00,4.968292600e+00,4.936585217e+00,-3.170740039e-04
8.736000000e-04,5.000000000e+00,4.968308450e+00,4.936616916e+00,-3.169155066e-04
8.737000000e-04,5.000000000e+00,4.968324292e+00,4.936648600e+00,-3.167570885e-04
8.738000000e-04,5.000000000e+00,4.968340126e+00,4.936680267e+00,-3.165987496e-04
8.739000000e-04,5.000000000e+00,4.968355952e+00,4.936711919e+00,-3.164404898e-04
8.740000000e-04,5.000000000e+00,4.968371770e+00,4.936743555e+00,-3.162823091e-04
8.741000000e-04,5.000000000e+00,4.968387580e+00,4.936775176e+00,-3.161242076e-04
8.742000000e-04,5.000000000e+00,4.968403382e+00,4.936806780e+00,-3.159661850e-04
8.743000000e-04,5.000000000e+00,4.968419176e+00,4.936838369e+00,-3.158082415e-04
8.744000000e-04,5.000000000e+00,4.968434963e+00,4.936869942e+00,-3.156503769e-04
8.745000000e-04,5.000000000e+00,4.968450741e+00,4.936901499e+00,-3.154925912e-04
8.746000000e-04,5.000000000e+00,4.968466512e+00,4.936933040e+00,-3.153348843e-04
8.747000000e-04,5.000000000e+00,4.968482275e+00,4.936964566e+00,-3.151772564e-04
8.748000000e-04,5.000000000e+00,4.968498030e+00,4.936996076e+00,-3.150197072e-04
8.749000000e-04,5.000000000e+00,4.968513777e+00,4.937027570e+00,-3.148622367e-04
8.750000000e-04,5.000000000e+00,4.968529516e+00,4.937059048e+00,-3.147048450e-04
8.751000000e-04,5.000000000e+00,4.968545247e+00,4.937090511e+00,-3.145475320e-04
8.752000000e-04,5.000000000e+00,4.968560971e+00,4.937121958e+00,-3.143902975e-04
8.753000000e-04,5.000000000e+00,4.968576686e+00,4.937153389e+00,-3.142331417e-04
8.754000000e-04,5.000000000e+00,4.968592394e+00,4.937184804e+00,-3.140760645e-04
8.755000000e-04,5.000000000e+00,4.968608094e+00,4.937216204e+00,-3.139190657e-04
8.756000000e-04,5.000000000e+00,4.968623786e+00,4.937247588e+00,-3.137621455e-04
8.757000000e-04,5.000000000e+00,4.968639470e+00,4.937278956e+00,-3.136053037e-04
8.758000000e-04,5.000000000e+00,4.968655146e+00,4.937310309e+00,-3.134485403e-04
8.759000000e-04,5.000000000e+00,4.968670815e+00,4.937341646e+00,-3.132918552e-04
8.760000000e-04,5.000000000e+00,4.968686476e+00,4.937372967e+00,-3.131352485e-04
8.761000000e-04,5.000000000e+00,4.968702128e+00,4.937404273e+00,-3.129787200e-04
8.762000000e-04,5.000000000e+00,4.968717774e+00,4.937435563e+00,-3.128222698e-04
8.763000000e-04,5.000000000e+00,4.968733411e+00,4.937466838e+00,-3.126658979e-04
8.764000000e-04,5.000000000e+00,4.968749040e+00,4.937498096e+00,-3.125096040e-04
8.765000000e-04,5.000000000e+00,4.968764662e+00,4.937529339e+00,-3.123533883e-04
8.766000000e-04,5.000000000e+00,4.968780275e+00,4.937560567e+00,-3.121972507e-04
8.767000000e-04,5.000000000e+00,4.968795881e+00,4.937591779e+00,-3.120411912e-04
8.768000000e-04,5.000000000e+00,4.968811480e+00,4.937622975e+00,-3.118852096e-04
8.769000000e-04,5.000000000e+00,4.968827070e+00,4.937654156e+00,-3.117293060e-04
8.770000000e-04,5.000000000e+00,4.968842652e+00,4.937685321e+00,-3.115734804e-04
8.771000000e-04,5.000000000e+00,4.968858227e+00,4.937716471e+00,-3.114177326e-04
8.772000000e-04,5.000000000e+00,4.968873794e+00,4.937747605e+00,-3.112620627e-04
8.773000000e-04,5.000000000e+00,4.968889353e+00,4.937778723e+00,-3.111064706e-04
8.774000000e-04,5.000000000e+00,4.968904905e+00,4.937809826e+00,-3.109509563e-04
8.775000000e-04,5.000000000e+00,4.968920449e+00,4.937840913e+00,-3.107955197e-04
8.776000000e-04,5.000000000e+00,4.968935984e+00,4.937871985e+00,-3.106401609e-04
8.777000000e-04,5.000000000e+00,4.968951513e+00,4.937903041e+00,-3.104848797e-04
8.778000000e-04,5.000000000e+00,4.968967033e+00,4.937934082e+00,-3.103296761e-04
8.779000000e-04,5.000000000e+00,4.968982545e+00,4.937965107e+00,-3.101745501e-04
8.780000000e-04,5.000000000e+00,4.968998050e+00,4.937996117e+00,-3.100195016e-04
8.781000000e-04,5.000000000e+00,4.969013547e+00,4.938027111e+00,-3.098645306e-04
8.782000000e-04,5.000000000e+00,4.969029037e+00,4.938058090e+00,-3.097096371e-04
8.783000000e-04,5.000000000e+00,4.969044518e+00,4.938089053e+00,-3.095548211e-04
8.784000000e-04,5.000000000e+00,4.969059992e+00,4.938120000e+00,-3.094000824e-04
8.785000000e-04,5.000000000e+00,4.969075458e+00,4.938150933e+00,-3.092454211e-04
8.786000000e-04,5.000000000e+00,4.969090917e+00,4.938181850e+00,-3.090908371e-04
8.787000000e-04,5.000000000e+00,4.969106367e+00,4.938212751e+00,-3.089363303e-04
8.788000000e-04,5.000000000e+00,4.969121810e+00,4.938243637e+00,-3.087819008e-04
8.789000000e-04,5.000000000e+00,4.969137246e+00,4.938274507e+00,-3.086275485e-04
8.790000000e-04,5.000000000e+00,4.969152673e+00,4.938305362e+00,-3.084732733e-04
8.791000000e-04,5.000000000e+00,4.969168093e+00,4.938336202e+00,-3.083190753e-04
8.792000000e-04,5.000000000e+00,4.969183505e+00,4.938367026e+00,-3.081649543e-04
8.793000000e-04,5.000000000e+00,4.969198909e+00,4.938397835e+00,-3.080109104e-04
8.794000000e-04,5.000000000e+00,4.969214306e+00,4.938428628e+00,-3.078569435e-04
8.795000000e-04,5.000000000e+00,4.969229695e+00,4.938459406e+00,-3.077030535e-04
8.796000000e-04,5.000000000e+00,4.969245076e+00,4.938490169e+00,-3.075492405e-04
8.797000000e-04,5.000000000e+00,4.969260450e+00,4.938520916e+00,-3.073955044e-04
8.798000000e-04,5.000000000e+00,4.969275816e+00,4.938551648e+00,-3.072418451e-04
8.799000000e-04,5.000000000e+00,4.969291174e+00,4.938582364e+00,-3.070882626e-04
8.800000000e-04,5.000000000e+00,4.969306525e+00,4.938613065e+00,-3.069347569e-04
8.801000000e-04,5.000000000e+00,4.969321868e+00,4.938643751e+00,-3.067813279e-04
8.802000000e-04,5.000000000e+00,4.969337203e+00,4.938674422e+00,-3.066279757e-04
8.803000000e-04,5.000000000e+00,4.969352530e+00,4.938705077e+00,-3.064747000e-04
8.804000000e-04,5.000000000e+00,4.969367850e+00,4.938735717e+00,-3.063215010e-04
8.805000000e-04,5.000000000e+00,4.969383163e+00,4.938766341e+00,-3.061683786e-04
8.806000000e-04,5.000000000e+00,4.969398467e+00,4.938796950e+00,-3.060153327e-04
8.807000000e-04,5.000000000e+00,4.969413764e+00,4.938827544e+00,-3.058623633e-04
8.808000000e-04,5.000000000e+00,4.969429053e+00,4.938858123e+00,-3.057094704e-04
8.809000000e-04,5.000000000e+00,4.969444335e+00,4.938888686e+00,-3.055566540e-04
8.810000000e-04,5.000000000e+00,4.969459609e+00,4.938919234e+00,-3.054039139e-04
8.811000000e-04,5.000000000e+00,4.969474875e+00,4.938949767e+00,-3.052512501e-04
8.812000000e-04,5.000000000e+00,4.969490134e+00,4.938980284e+00,-3.050986627e-04
8.813000000e-04,5.000000000e+00,4.969505385e+00,4.939010786e+00,-3.049461515e-04
8.814000000e-04,5.000000000e+00,4.969520629e+00,4.939041273e+00,-3.047937166e-04
8.815000000e-04,5.000000000e+00,4.969535865e+00,4.939071745e+00,-3.046413579e-04
8.816000000e-04,5.000000000e+00,4.969551093e+00,4.939102202e+00,-3.044890753e-04
8.817000000e-04,5.000000000e+00,4.969566314e+00,4.939132643e+00,-3.043368689e-04
8.818000000e-04,5.000000000e+00,4.969581527e+00,4.939163069e+00,-3.041847385e-04
8.819000000e-04,5.000000000e+00,4.969596732e+00,4.939193480e+00,-3.040326842e-04
8.820000000e-04,5.000000000e+00,4.969611930e+00,4.939223876e+00,-3.038807059e-04
8.821000000e-04,5.000000000e+00,4.969627120e+00,4.939254256e+00,-3.037288036e-04
8.822000000e-04,5.000000000e+00,4.969642303e+00,4.939284621e+00,-3.035769772e-04
8.823000000e-04,5.000000000e+00,4.969657478e+00,4.939314971e+00,-3.034252267e-04
8.824000000e-04,5.000000000e+00,4.969672645e+00,4.939345306e+00,-3.032735520e-04
8.825000000e-04,5.000000000e+00,4.969687805e+00,4.939375626e+00,-3.031219532e-04
8.826000000e-04,5.000000000e+00,4.969702957e+00,4.939405931e+00,-3.029704302e-04
8.827000000e-04,5.000000000e+00,4.969718102e+00,4.939436220e+00,-3.028189829e-04
8.828000000e-04,5.000000000e+00,4.969733239e+00,4.939466494e+00,-3.026676113e-04
8.829000000e-04,5.000000000e+00,4.969748369e+00,4.939496754e+00,-3.025163153e-04
8.830000000e-04,5.000000000e+00,4.969763491e+00,4.939526998e+00,-3.023650950e-04
8.831000000e-04,5.000000000e+00,4.969778605e+00,4.939557227e+00,-3.022139503e-04
8.832000000e-04,5.000000000e+00,4.969793712e+00,4.939587440e+00,-3.020628811e-04
8.833000000e-04,5.000000000e+00,4.969808812e+00,4.939617639e+00,-3.019118875e-04
8.834000000e-04,5.000000000e+00,4.969823904e+00,4.939647823e+00,-3.017609693e-04
8.835000000e-04,5.000000000e+00,4.969838988e+00,4.939677991e+00,-3.016101266e-04
8.836000000e-04,5.000000000e+00,4.969854065e+00,4.939708145e+00,-3.014593593e-04
8.837000000e-04,5.000000000e+00,4.969869134e+00,4.939738283e+00,-3.013086673e-04
8.838000000e-04,5.000000000e+00,4.969884195e+00,4.939768406e+00,-3.011580507e-04
8.839000000e-04,5.000000000e+00,4.969899250e+00,4.939798515e+00,-3.010075093e-04
8.840000000e-04,5.000000000e+00,4.969914296e+00,4.939828608e+00,-3.008570432e-04
8.841000000e-04,5.000000000e+00,4.969929335e+00,4.939858686e+00,-3.007066524e-04
8.842000000e-04,5.000000000e+00,4.969944367e+00,4.939888749e+00,-3.005563367e-04
8.843000000e-04,5.000000000e+00,4.969959391e+00,4.939918797e+00,-3.004060961e-04
8.844000000e-04,5.000000000e+00,4.969974407e+00,4.939948830e+00,-3.002559306e-04
8.845000000e-04,5.000000000e+00,4.969989416e+00,4.939978848e+00,-3.001058403e-04
8.846000000e-04,5.000000000e+00,4.970004418e+00,4.940008852e+00,-2.999558249e-04
8.847000000e-04,5.000000000e+00,4.970019412e+00,4.940038840e+00,-2.998058845e-04
8.848000000e-04,5.000000000e+00,4.970034399e+00,4.940068813e+00,-2.996560191e-04
8.849000000e-04,5.000000000e+00,4.970049378e+00,4.940098771e+00,-2.995062286e-04
8.850000000e-04,5.000000000e+00,4.970064349e+00,4.940128714e+00,-2.993565129e-04
8.851000000e-04,5.000000000e+00,4.970079313e+00,4.940158642e+00,-2.992068721e-04
8.852000000e-04,5.000000000e+00,4.970094270e+00,4.940188555e+00,-2.990573061e-04
8.853000000e-04,5.000000000e+00,4.970109219e+00,4.940218453e+00,-2.989078149e-04
8.854000000e-04,5.000000000e+00,4.970124161e+00,4.940248337e+00,-2.987583984e-04
8.855000000e-04,5.000000000e+00,4.970139095e+00,4.940278205e+00,-2.986090566e-04
8.856000000e-04,5.000000000e+00,4.970154022e+00,4.940308059e+00,-2.984597894e-04
8.857000000e-04,5.000000000e+00,4.970168941e+00,4.940337897e+00,-2.983105968e-04
8.858000000e-04,5.000000000e+00,4.970183853e+00,4.940367721e+00,-2.981614789e-04
8.859000000e-04,5.000000000e+00,4.970198757e+00,4.940397529e+00,-2.980124354e-04
8.860000000e-04,5.000000000e+00,4.970213654e+00,4.940427323e+00,-2.978634665e-04
8.861000000e-04,5.000000000e+00,4.970228543e+00,4.940457102e+00,-2.977145720e-04
8.862000000e-04,5.000000000e+00,4.970243425e+00,4.940486866e+00,-2.975657520e-04
8.863000000e-04,5.000000000e+00,4.970258300e+00,4.940516615e+00,-2.974170064e-04
8.864000000e-04,5.000000000e+00,4.970273167e+00,4.940546349e+00,-2.972683351e-04
8.865000000e-04,5.000000000e+00,4.970288027e+00,4.940576069e+00,-2.971197381e-04
8.866000000e-04,5.000000000e+00,4.970302879e+00,4.940605773e+00,-2.969712154e-04
8.867000000e-04,5.000000000e+00,4.970317724e+00,4.940635463e+00,-2.968227670e-04
8.868000000e-04,5.000000000e+00,4.970332561e+00,4.940665138e+00,-2.966743927e-04
8.869000000e-04,5.000000000e+00,4.970347391e+00,4.940694798e+00,-2.965260926e-04
8.870000000e-04,5.000000000e+00,4.970362214e+00,4.940724443e+00,-2.963778667e-04
8.871000000e-04,5.000000000e+00,4.970377029e+00,4.940754073e+00,-2.962297149e-04
8.872000000e-04,5.000000000e+00,4.970391837e+00,4.940783689e+00,-2.960816371e-04
8.873000000e-04,5.000000000e+00,4.970406637e+00,4.940813290e+00,-2.959336333e-04
8.874000000e-04,5.000000000e+00,4.970421430e+00,4.940842876e+00,-2.957857035e-04
8.875000000e-04,5.000000000e+00,4.970436216e+00,4.940872447e+00,-2.956378477e-04
8.876000000e-04,5.000000000e+00,4.970450994e+00,4.940902003e+00,-2.954900657e-04
8.877000000e-04,5.000000000e+00,4.970465765e+00,4.940931545e+00,-2.953423577e-04
8.878000000e-04,5.000000000e+00,4.970480528e+00,4.940961072e+00,-2.951947234e-04
8.879000000e-04,5.000000000e+00,4.970495284e+00,4.940990584e+00,-2.950471630e-04
8.880000000e-04,5.000000000e+00,4.970510033e+00,4.941020081e+00,-2.948996764e-04
8.881000000e-04,5.000000000e+00,4.970524774e+00,4.941049564e+00,-2.947522634e-04
8.882000000e-04,5.000000000e+00,4.970539508e+00,4.941079031e+00,-2.946049242e-04
8.883000000e-04,5.000000000e+00,4.970554235e+00,4.941108485e+00,-2.944576586e-04
8.884000000e-04,5.000000000e+00,4.970568954e+00,4.941137923e+00,-2.943104666e-04
8.885000000e-04,5.000000000e+00,4.970583666e+00,4.941167347e+00,-2.941633482e-04
8.886000000e-04,5.000000000e+00,4.970598370e+00,4.941196756e+00,-2.940163033e-04
8.887000000e-04,5.000000000e+00,4.970613067e+00,4.941226150e+00,-2.938693319e-04
8.888000000e-04,5.000000000e+00,4.970627757e+00,4.941255529e+00,-2.937224340e-04
8.889000000e-04,5.000000000e+00,4.970642440e+00,4.941284894e+00,-2.935756096e-04
8.890000000e-04,5.000000000e+00,4.970657115e+00,4.941314244e+00,-2.934288585e-04
8.891000000e-04,5.000000000e+00,4.970671782e+00,4.941343580e+00,-2.932821808e-04
8.892000000e-04,5.000000000e+00,4.970686443e+00,4.941372901e+00,-2.931355764e-04
8.893000000e-04,5.000000000e+00,4.970701096e+00,4.941402207e+00,-2.929890453e-04
8.894000000e-04,5.000000000e+00,4.970715742e+00,4.941431499e+00,-2.928425874e-04
8.895000000e-04,5.000000000e+00,4.970730380e+00,4.941460776e+00,-2.926962028e-04
8.896000000e-04,5.000000000e+00,4.970745011e+00,4.941490038e+00,-2.925498913e-04
8.897000000e-04,5.000000000e+00,4.970759635e+00,4.941519286e+00,-2.924036530e-04
8.898000000e-04,5.000000000e+00,4.970774252e+00,4.941548519e+00,-2.922574877e-04
8.899000000e-04,5.000000000e+00,4.970788861e+00,4.941577737e+00,-2.921113955e-04
8.900000000e-04,5.000000000e+00,4.970803463e+00,4.941606941e+00,-2.919653764e-04
8.901000000e-04,5.000000000e+00,4.970818057e+00,4.941636130e+00,-2.918194302e-04
8.902000000e-04,5.000000000e+00,4.970832645e+00,4.941665305e+00,-2.916735570e-04
8.903000000e-04,5.000000000e+00,4.970847225e+00,4.941694465e+00,-2.915277568e-04
8.904000000e-04,5.000000000e+00,4.970861798e+00,4.941723610e+00,-2.913820294e-04
8.905000000e-04,5.000000000e+00,4.970876363e+00,4.941752741e+00,-2.912363748e-04
8.906000000e-04,5.000000000e+00,4.970890921e+00,4.941781857e+00,-2.910907931e-04
8.907000000e-04,5.000000000e+00,4.970905472e+00,4.941810959e+00,-2.909452841e-04
8.908000000e-04,5.000000000e+00,4.970920016e+00,4.941840046e+00,-2.907998478e-04
8.909000000e-04,5.000000000e+00,4.970934552e+00,4.941869119e+00,-2.906544843e-04
8.910000000e-04,5.000000000e+00,4.970949081e+00,4.941898177e+00,-2.905091934e-04
8.911000000e-04,5.000000000e+00,4.970963603e+00,4.941927221e+00,-2.903639752e-04
8.912000000e-04,5.000000000e+00,4.970978118e+00,4.941956250e+00,-2.902188295e-04
8.913000000e-04,5.000000000e+00,4.970992625e+00,4.941985265e+00,-2.900737564e-04
8.914000000e-04,5.000000000e+00,4.971007125e+00,4.942014265e+00,-2.899287558e-04
8.915000000e-04,5.000000000e+00,4.971021618e+00,4.942043250e+00,-2.897838277e-04
8.916000000e-04,5.000000000e+00,4.971036103e+00,4.942072222e+00,-2.896389721e-04
8.917000000e-04,5.000000000e+00,4.971050582e+00,4.942101178e+00,-2.894941888e-04
8.918000000e-04,5.000000000e+00,4.971065053e+00,4.942130120e+00,-2.893494780e-04
8.919000000e-04,5.000000000e+00,4.971079517e+00,4.942159048e+00,-2.892048394e-04
8.920000000e-04,5.000000000e+00,4.971093973e+00,4.942187961e+00,-2.890602732e-04
8.921000000e-04,5.000000000e+00,4.971108423e+00,4.942216860e+00,-2.889157792e-04
8.922000000e-04,5.000000000e+00,4.971122865e+00,4.942245744e+00,-2.887713575e-04
8.923000000e-04,5.000000000e+00,4.971137300e+00,4.942274614e+00,-2.886270080e-04
8.924000000e-04,5.000000000e+00,4.971151727e+00,4.942303470e+00,-2.884827306e-04
8.925000000e-04,5.000000000e+00,4.971166148e+00,4.942332311e+00,-2.883385253e-04
8.926000000e-04,5.000000000e+00,4.971180561e+00,4.942361137e+00,-2.881943921e-04
8.927000000e-04,5.000000000e+00,4.971194967e+00,4.942389950e+00,-2.880503310e-04
8.928000000e-04,5.000000000e+00,4.971209366e+00,4.942418748e+00,-2.879063419e-04
8.929000000e-04,5.000000000e+00,4.971223758e+00,4.942447531e+00,-2.877624247e-04
8.930000000e-04,5.000000000e+00,4.971238143e+00,4.942476300e+00,-2.876185795e-04
8.931000000e-04,5.000000000e+00,4.971252520e+00,4.942505055e+00,-2.874748062e-04
8.932000000e-04,5.000000000e+00,4.971266890e+00,4.942533795e+00,-2.873311048e-04
8.933000000e-04,5.000000000e+00,4.971281253e+00,4.942562521e+00,-2.871874752e-04
8.934000000e-04,5.000000000e+00,4.971295609e+00,4.942591232e+00,-2.870439174e-04
8.935000000e-04,5.000000000e+00,4.971309957e+00,4.942619930e+00,-2.869004313e-04
8.936000000e-04,5.000000000e+00,4.971324299e+00,4.942648612e+00,-2.867570170e-04
8.937000000e-04,5.000000000e+00,4.971338633e+00,4.942677281e+00,-2.866136744e-04
8.938000000e-04,5.000000000e+00,4.971352960e+00,4.942705935e+00,-2.864704034e-04
8.939000000e-04,5.000000000e+00,4.971367280e+00,4.942734575e+00,-2.863272040e-04
8.940000000e-04,5.000000000e+00,4.971381593e+00,4.942763201e+00,-2.861840763e-04
8.941000000e-04,5.000000000e+00,4.971395898e+00,4.942791812e+00,-2.860410200e-04
8.942000000e-04,5.000000000e+00,4.971410197e+00,4.942820409e+00,-2.858980353e-04
8.943000000e-04,5.000000000e+00,4.971424488e+00,4.942848991e+00,-2.857551221e-04
8.944000000e-04,5.000000000e+00,4.971438772e+00,4.942877560e+00,-2.856122803e-04
8.945000000e-04,5.000000000e+00,4.971453050e+00,4.942906114e+00,-2.854695099e-04
8.946000000e-04,5.000000000e+00,4.971467319e+00,4.942934654e+00,-2.853268108e-04
8.947000000e-04,5.000000000e+00,4.971481582e+00,4.942963179e+00,-2.851841831e-04
8.948000000e-04,5.000000000e+00,4.971495838e+00,4.942991690e+00,-2.850416267e-04
8.949000000e-04,5.000000000e+00,4.971510086e+00,4.943020187e+00,-2.848991416e-04
8.950000000e-04,5.000000000e+00,4.971524328e+00,4.943048670e+00,-2.847567276e-04
8.951000000e-04,5.000000000e+00,4.971538562e+00,4.943077139e+00,-2.846143849e-04
8.952000000e-04,5.000000000e+00,4.971552789e+00,4.943105593e+00,-2.844721133e-04
8.953000000e-04,5.000000000e+00,4.971567009e+00,4.943134033e+00,-2.843299129e-04
8.954000000e-04,5.000000000e+00,4.971581222e+00,4.943162459e+00,-2.841877835e-04
8.955000000e-04,5.000000000e+00,4.971595428e+00,4.943190871e+00,-2.840457252e-04
8.956000000e-04,5.000000000e+00,4.971609627e+00,4.943219268e+00,-2.839037378e-04
8.957000000e-04,5.000000000e+00,4.971623818e+00,4.943247651e+00,-2.837618215e-04
8.958000000e-04,5.000000000e+00,4.971638003e+00,4.943276020e+00,-2.836199761e-04
8.959000000e-04,5.000000000e+00,4.971652180e+00,4.943304375e+00,-2.834782016e-04
8.960000000e-04,5.000000000e+00,4.971666351e+00,4.943332716e+00,-2.833364980e-04
8.961000000e-04,5.000000000e+00,4.971680514e+00,4.943361043e+00,-2.831948652e-04
8.962000000e-04,5.000000000e+00,4.971694670e+00,4.943389355e+00,-2.830533032e-04
8.963000000e-04,5.000000000e+00,4.971708819e+00,4.943417653e+00,-2.829118119e-04
8.964000000e-04,5.000000000e+00,4.971722961e+00,4.943445937e+00,-2.827703914e-04
8.965000000e-04,5.000000000e+00,4.971737096e+00,4.943474207e+00,-2.826290416e-04
8.966000000e-04,5.000000000e+00,4.971751224e+00,4.943502463e+00,-2.824877625e-04
8.967000000e-04,5.000000000e+00,4.971765345e+00,4.943530705e+00,-2.823465539e-04
8.968000000e-04,5.000000000e+00,4.971779459e+00,4.943558932e+00,-2.822054160e-04
8.969000000e-04,5.000000000e+00,4.971793566e+00,4.943587146e+00,-2.820643486e-04
8.970000000e-04,5.000000000e+00,4.971807665e+00,4.943615345e+00,-2.819233517e-04
8.971000000e-04,5.000000000e+00,4.971821758e+00,4.943643531e+00,-2.817824253e-04
8.972000000e-04,5.000000000e+00,4.971835844e+00,4.943671702e+00,-2.816415693e-04
8.973000000e-04,5.000000000e+00,4.971849922e+00,4.943699859e+00,-2.815007838e-04
8.974000000e-04,5.000000000e+00,4.971863994e+00,4.943728002e+00,-2.813600686e-04
8.975000000e-04,5.000000000e+00,4.971878058e+00,4.943756131e+00,-2.812194238e-04
8.976000000e-04,5.000000000e+00,4.971892116e+00,4.943784246e+00,-2.810788493e-04
8.977000000e-04,5.000000000e+00,4.971906166e+00,4.943812347e+00,-2.809383450e-04
8.978000000e-04,5.000000000e+00,4.971920209e+00,4.943840433e+00,-2.807979110e-04
8.979000000e-04,5.000000000e+00,4.971934246e+00,4.943868506e+00,-2.806575472e-04
8.980000000e-04,5.000000000e+00,4.971948275e+00,4.943896565e+00,-2.805172535e-04
8.981000000e-04,5.000000000e+00,4.971962298e+00,4.943924610e+00,-2.803770300e-04
8.982000000e-04,5.000000000e+00,4.971976313e+00,4.943952640e+00,-2.802368766e-04
8.983000000e-04,5.000000000e+00,4.971990321e+00,4.943980657e+00,-2.800967932e-04
8.984000000e-04,5.000000000e+00,4.972004323e+00,4.944008660e+00,-2.799567798e-04
8.985000000e-04,5.000000000e+00,4.972018317e+00,4.944036648e+00,-2.798168365e-04
8.986000000e-04,5.000000000e+00,4.972032304e+00,4.944064623e+00,-2.796769631e-04
8.987000000e-04,5.000000000e+00,4.972046285e+00,4.944092584e+00,-2.795371596e-04
8.988000000e-04,5.000000000e+00,4.972060258e+00,4.944120530e+00,-2.793974260e-04
8.989000000e-04,5.000000000e+00,4.972074224e+00,4.944148463e+00,-2.792577622e-04
8.990000000e-04,5.000000000e+00,4.972088184e+00,4.944176382e+00,-2.791181683e-04
8.991000000e-04,5.000000000e+00,4.972102136e+00,4.944204287e+00,-2.789786441e-04
8.992000000e-04,5.000000000e+00,4.972116082e+00,4.944232177e+00,-2.788391897e-04
8.993000000e-04,5.000000000e+00,4.972130020e+00,4.944260054e+00,-2.786998050e-04
8.994000000e-04,5.000000000e+00,4.972143952e+00,4.944287917e+00,-2.785604900e-04
8.995000000e-04,5.000000000e+00,4.972157876e+00,4.944315767e+00,-2.784212446e-04
8.996000000e-04,5.000000000e+00,4.972171794e+00,4.944343602e+00,-2.782820688e-04
8.997000000e-04,5.000000000e+00,4.972185704e+00,4.944371423e+00,-2.781429626e-04
8.998000000e-04,5.000000000e+00,4.972199608e+00,4.944399230e+00,-2.780039259e-04
8.999000000e-04,5.000000000e+00,4.972213505e+00,4.944427024e+00,-2.778649587e-04
9.000000000e-04,5.000000000e+00,4.972227394e+00,4.944454803e+00,-2.777260610e-04
9.001000000e-04,5.000000000e+00,4.972241277e+00,4.944482569e+00,-2.775872327e-04
9.002000000e-04,5.000000000e+00,4.972255153e+00,4.944510321e+00,-2.774484739e-04
9.003000000e-04,5.000000000e+00,4.972269022e+00,4.944538058e+00,-2.773097843e-04
9.004000000e-04,5.000000000e+00,4.972282884e+00,4.944565783e+00,-2.771711641e-04
9.005000000e-04,5.000000000e+00,4.972296739e+00,4.944593493e+00,-2.770326132e-04
9.006000000e-04,5.000000000e+00,4.972310587e+00,4.944621189e+00,-2.768941316e-04
9.007000000e-04,5.000000000e+00,4.972324429e+00,4.944648871e+00,-2.767557192e-04
9.008000000e-04,5.000000000e+00,4.972338263e+00,4.944676540e+00,-2.766173760e-04
9.009000000e-04,5.000000000e+00,4.972352090e+00,4.944704195e+00,-2.764791019e-04
9.010000000e-04,5.000000000e+00,4.972365911e+00,4.944731836e+00,-2.763408969e-04
9.011000000e-04,5.000000000e+00,4.972379724e+00,4.944759463e+00,-2.762027611e-04
9.012000000e-04,5.000000000e+00,4.972393531e+00,4.944787076e+00,-2.760646942e-04
9.013000000e-04,5.000000000e+00,4.972407331e+00,4.944814676e+00,-2.759266964e-04
9.014000000e-04,5.000000000e+00,4.972421124e+00,4.944842262e+00,-2.757887676e-04
9.015000000e-04,5.000000000e+00,4.972434910e+00,4.944869834e+00,-2.756509077e-04
9.016000000e-04,5.000000000e+00,4.972448689e+00,4.944897392e+00,-2.755131168e-04
9.017000000e-04,5.000000000e+00,4.972462461e+00,4.944924936e+00,-2.753753947e-04
9.018000000e-04,5.000000000e+00,4.972476226e+00,4.944952467e+00,-2.752377414e-04
9.019000000e-04,5.000000000e+00,4.972489985e+00,4.944979984e+00,-2.751001570e-04
9.020000000e-04,5.000000000e+00,4.972503736e+00,4.945007487e+00,-2.749626414e-04
9.021000000e-04,5.000000000e+00,4.972517481e+00,4.945034976e+00,-2.748251944e-04
9.022000000e-04,5.000000000e+00,4.972531219e+00,4.945062452e+00,-2.746878162e-04
9.023000000e-04,5.000000000e+00,4.972544950e+00,4.945089914e+00,-2.745505067e-04
9.024000000e-04,5.000000000e+00,4.972558674e+00,4.945117362e+00,-2.744132658e-04
9.025000000e-04,5.000000000e+00,4.972572391e+00,4.945144797e+00,-2.742760935e-04
9.026000000e-04,5.000000000e+00,4.972586102e+00,4.945172217e+00,-2.741389898e-04
9.027000000e-04,5.000000000e+00,4.972599805e+00,4.945199624e+00,-2.740019546e-04
9.028000000e-04,5.000000000e+00,4.972613502e+00,4.945227018e+00,-2.738649879e-04
9.029000000e-04,5.000000000e+00,4.972627192e+00,4.945254397e+00,-2.737280897e-04
9.030000000e-04,5.000000000e+00,4.972640875e+00,4.945281763e+00,-2.735912599e-04
9.031000000e-04,5.000000000e+00,4.972654551e+00,4.945309115e+00,-2.734544985e-04
9.032000000e-04,5.000000000e+00,4.972668220e+00,4.945336454e+00,-2.733178054e-04
9.033000000e-04,5.000000000e+00,4.972681882e+00,4.945363779e+00,-2.731811807e-04
9.034000000e-04,5.000000000e+00,4.972695538e+00,4.945391090e+00,-2.730446243e-04
9.035000000e-04,5.000000000e+00,4.972709187e+00,4.945418388e+00,-2.729081362e-04
9.036000000e-04,5.000000000e+00,4.972722829e+00,4.945445672e+00,-2.727717163e-04
9.037000000e-04,5.000000000e+00,4.972736464e+00,4.945472942e+00,-2.726353645e-04
9.038000000e-04,5.000000000e+00,4.972750092e+00,4.945500199e+00,-2.724990810e-04
9.039000000e-04,5.000000000e+00,4.972763714e+00,4.945527442e+00,-2.723628655e-04
9.040000000e-04,5.000000000e+00,4.972777329e+00,4.945554671e+00,-2.722267182e-04
9.041000000e-04,5.000000000e+00,4.972790937e+00,4.945581887e+00,-2.720906389e-04
9.042000000e-04,5.000000000e+00,4.972804538e+00,4.945609090e+00,-2.719546276e-04
9.043000000e-04,5.000000000e+00,4.972818132e+00,4.945636278e+00,-2.718186843e-04
9.044000000e-04,5.000000000e+00,4.972831720e+00,4.945663453e+00,-2.716828090e-04
9.045000000e-04,5.000000000e+00,4.972845300e+00,4.945690615e+00,-2.715470016e-04
9.046000000e-04,5.000000000e+00,4.972858874e+00,4.945717763e+00,-2.714112620e-04
9.047000000e-04,5.000000000e+00,4.972872441e+00,4.945744897e+00,-2.712755904e-04
9.048000000e-04,5.000000000e+00,4.972886002e+00,4.945772018e+00,-2.711399865e-04
9.049000000e-04,5.000000000e+00,4.972899555e+00,4.945799125e+00,-2.710044505e-04
9.050000000e-04,5.000000000e+00,4.972913102e+00,4.945826219e+00,-2.708689821e-04
9.051000000e-04,5.000000000e+00,4.972926642e+00,4.945853299e+00,-2.707335815e-04
9.052000000e-04,5.000000000e+00,4.972940176e+00,4.945880365e+00,-2.705982486e-04
9.053000000e-04,5.000000000e+00,4.972953702e+00,4.945907418e+00,-2.704629834e-04
9.054000000e-04,5.000000000e+00,4.972967222e+00,4.945934458e+00,-2.703277857e-04
9.055000000e-04,5.000000000e+00,4.972980735e+00,4.945961484e+00,-2.701926556e-04
9.056000000e-04,5.000000000e+00,4.972994241e+00,4.945988496e+00,-2.700575931e-04
9.057000000e-04,5.000000000e+00,4.973007741e+00,4.946015495e+00,-2.699225981e-04
9.058000000e-04,5.000000000e+00,4.973021233e+00,4.946042481e+00,-2.697876706e-04
9.059000000e-04,5.000000000e+00,4.973034719e+00,4.946069453e+00,-2.696528105e-04
9.060000000e-04,5.000000000e+00,4.973048199e+00,4.946096411e+00,-2.695180179e-04
9.061000000e-04,5.000000000e+00,4.973061671e+00,4.946123356e+00,-2.693832926e-04
9.062000000e-04,5.000000000e+00,4.973075137e+00,4.946150288e+00,-2.692486346e-04
9.063000000e-04,5.000000000e+00,4.973088596e+00,4.946177206e+00,-2.691140440e-04
9.064000000e-04,5.000000000e+00,4.973102048e+00,4.946204111e+00,-2.689795207e-04
9.065000000e-04,5.000000000e+00,4.973115494e+00,4.946231002e+00,-2.688450645e-04
9.066000000e-04,5.000000000e+00,4.973128933e+00,4.946257880e+00,-2.687106757e-04
9.067000000e-04,5.000000000e+00,4.973142365e+00,4.946284744e+00,-2.685763539e-04
9.068000000e-04,5.000000000e+00,4.973155791e+00,4.946311595e+00,-2.684420994e-04
9.069000000e-04,5.000000000e+00,4.973169209e+00,4.946338433e+00,-2.683079119e-04
9.070000000e-04,5.000000000e+00,4.973182621e+00,4.946365257e+00,-2.681737915e-04
9.071000000e-04,5.000000000e+00,4.973196027e+00,4.946392067e+00,-2.680397382e-04
9.072000000e-04,5.000000000e+00,4.973209425e+00,4.946418865e+00,-2.679057519e-04
9.073000000e-04,5.000000000e+00,4.973222817e+00,4.946445648e+00,-2.677718325e-04
9.074000000e-04,5.000000000e+00,4.973236202e+00,4.946472419e+00,-2.676379801e-04
9.075000000e-04,5.000000000e+00,4.973249581e+00,4.946499176e+00,-2.675041946e-04
9.076000000e-04,5.000000000e+00,4.973262953e+00,4.946525920e+00,-2.673704760e-04
9.077000000e-04,5.000000000e+00,4.973276318e+00,4.946552650e+00,-2.672368242e-04
9.078000000e-04,5.000000000e+00,4.973289677e+00,4.946579367e+00,-2.671032392e-04
9.079000000e-04,5.000000000e+00,4.973303028e+00,4.946606071e+00,-2.669697210e-04
9.080000000e-04,5.000000000e+00,4.973316374e+00,4.946632761e+00,-2.668362696e-04
9.081000000e-04,5.000000000e+00,4.973329712e+00,4.946659438e+00,-2.667028848e-04
9.082000000e-04,5.000000000e+00,4.973343044e+00,4.946686101e+00,-2.665695667e-04
9.083000000e-04,5.000000000e+00,4.973356369e+00,4.946712752e+00,-2.664363153e-04
9.084000000e-04,5.000000000e+00,4.973369687e+00,4.946739389e+00,-2.663031305e-04
9.085000000e-04,5.000000000e+00,4.973382999e+00,4.946766012e+00,-2.661700122e-04
9.086000000e-04,5.000000000e+00,4.973396304e+00,4.946792623e+00,-2.660369605e-04
9.087000000e-04,5.000000000e+00,4.973409603e+00,4.946819220e+00,-2.659039754e-04
9.088000000e-04,5.000000000e+00,4.973422895e+00,4.946845803e+00,-2.657710566e-04
9.089000000e-04,5.000000000e+00,4.973436180e+00,4.946872374e+00,-2.656382044e-04
9.090000000e-04,5.000000000e+00,4.973449459e+00,4.946898931e+00,-2.655054185e-04
9.091000000e-04,5.000000000e+00,4.973462731e+00,4.946925475e+00,-2.653726990e-04
9.092000000e-04,5.000000000e+00,4.973475996e+00,4.946952006e+00,-2.652400459e-04
9.093000000e-04,5.000000000e+00,4.973489255e+00,4.946978523e+00,-2.651074590e-04
9.094000000e-04,5.000000000e+00,4.973502507e+00,4.947005027e+00,-2.649749385e-04
9.095000000e-04,5.000000000e+00,4.973515752e+00,4.947031518e+00,-2.648424842e-04
9.096000000e-04,5.000000000e+00,4.973528991e+00,4.947057996e+00,-2.647100961e-04
9.097000000e-04,5.000000000e+00,4.973542223e+00,4.947084460e+00,-2.645777741e-04
9.098000000e-04,5.000000000e+00,4.973555449e+00,4.947110911e+00,-2.644455184e-04
9.099000000e-04,5.000000000e+00,4.973568668e+00,4.947137349e+00,-2.643133287e-04
9.100000000e-04,5.000000000e+00,4.973581880e+00,4.947163774e+00,-2.641812051e-04
9.101000000e-04,5.000000000e+00,4.973595086e+00,4.947190185e+00,-2.640491475e-04
9.102000000e-04,5.000000000e+00,4.973608285e+00,4.947216583e+00,-2.639171560e-04
9.103000000e-04,5.000000000e+00,4.973621477e+00,4.947242969e+00,-2.637852305e-04
9.104000000e-04,5.000000000e+00,4.973634663e+00,4.947269341e+00,-2.636533709e-04
9.105000000e-04,5.000000000e+00,4.973647843e+00,4.947295699e+00,-2.635215772e-04
9.106000000e-04,5.000000000e+00,4.973661016e+00,4.947322045e+00,-2.633898493e-04
9.107000000e-04,5.000000000e+00,4.973674182e+00,4.947348377e+00,-2.632581874e-04
9.108000000e-04,5.000000000e+00,4.973687341e+00,4.947374696e+00,-2.631265912e-04
9.109000000e-04,5.000000000e+00,4.973700494e+00,4.947401002e+00,-2.629950608e-04
9.110000000e-04,5.000000000e+00,4.973713641e+00,4.947427295e+00,-2.628635962e-04
9.111000000e-04,5.000000000e+00,4.973726781e+00,4.947453575e+00,-2.627321973e-04
9.112000000e-04,5.000000000e+00,4.973739914e+00,4.947479842e+00,-2.626008641e-04
9.113000000e-04,5.000000000e+00,4.973753041e+00,4.947506095e+00,-2.624695965e-04
9.114000000e-04,5.000000000e+00,4.973766161e+00,4.947532336e+00,-2.623383946e-04
9.115000000e-04,5.000000000e+00,4.973779275e+00,4.947558563e+00,-2.622072582e-04
9.116000000e-04,5.000000000e+00,4.973792382e+00,4.947584777e+00,-2.620761874e-04
9.117000000e-04,5.000000000e+00,4.973805482e+00,4.947610978e+00,-2.619451821e-04
9.118000000e-04,5.000000000e+00,4.973818576e+00,4.947637166e+00,-2.618142423e-04
9.119000000e-04,5.000000000e+00,4.973831664e+00,4.947663341e+00,-2.616833679e-04
9.120000000e-04,5.000000000e+00,4.973844745e+00,4.947689503e+00,-2.615525590e-04
9.121000000e-04,5.000000000e+00,4.973857819e+00,4.947715651e+00,-2.614218154e-04
9.122000000e-04,5.000000000e+00,4.973870887e+00,4.947741787e+00,-2.612911372e-04
9.123000000e-04,5.000000000e+00,4.973883948e+00,4.947767910e+00,-2.611605243e-04
9.124000000e-04,5.000000000e+00,4.973897003e+00,4.947794019e+00,-2.610299768e-04
9.125000000e-04,5.000000000e+00,4.973910051e+00,4.947820116e+00,-2.608994944e-04
9.126000000e-04,5.000000000e+00,4.973923093e+00,4.947846199e+00,-2.607690773e-04
9.127000000e-04,5.000000000e+00,4.973936128e+00,4.947872269e+00,-2.606387254e-04
9.128000000e-04,5.000000000e+00,4.973949157e+00,4.947898327e+00,-2.605084387e-04
9.129000000e-04,5.000000000e+00,4.973962179e+00,4.947924371e+00,-2.603782170e-04
9.130000000e-04,5.000000000e+00,4.973975194e+00,4.947950402e+00,-2.602480605e-04
9.131000000e-04,5.000000000e+00,4.973988204e+00,4.947976421e+00,-2.601179691e-04
9.132000000e-04,5.000000000e+00,4.974001206e+00,4.948002426e+00,-2.599879426e-04
9.133000000e-04,5.000000000e+00,4.974014202e+00,4.948028418e+00,-2.598579812e-04
9.134000000e-04,5.000000000e+00,4.974027192e+00,4.948054398e+00,-2.597280847e-04
9.135000000e-04,5.000000000e+00,4.974040175e+00,4.948080364e+00,-2.595982532e-04
9.136000000e-04,5.000000000e+00,4.974053152e+00,4.948106317e+00,-2.594684865e-04
9.137000000e-04,5.000000000e+00,4.974066122e+00,4.948132258e+00,-2.593387847e-04
9.138000000e-04,5.000000000e+00,4.974079086e+00,4.948158185e+00,-2.592091478e-04
9.139000000e-04,5.000000000e+00,4.974092043e+00,4.948184099e+00,-2.590795757e-04
9.140000000e-04,5.000000000e+00,4.974104994e+00,4.948210001e+00,-2.589500683e-04
9.141000000e-04,5.000000000e+00,4.974117938e+00,4.948235889e+00,-2.588206257e-04
9.142000000e-04,5.000000000e+00,4.974130876e+00,4.948261765e+00,-2.586912477e-04
9.143000000e-04,5.000000000e+00,4.974143807e+00,4.948287628e+00,-2.585619345e-04
9.144000000e-04,5.000000000e+00,4.974156732e+00,4.948313477e+00,-2.584326859e-04
9.145000000e-04,5.000000000e+00,4.974169650e+00,4.948339314e+00,-2.583035019e-04
9.146000000e-04,5.000000000e+00,4.974182562e+00,4.948365138e+00,-2.581743824e-04
9.147000000e-04,5.000000000e+00,4.974195468e+00,4.948390949e+00,-2.580453275e-04
9.148000000e-04,5.000000000e+00,4.974208367e+00,4.948416747e+00,-2.579163372e-04
9.149000000e-04,5.000000000e+00,4.974221259e+00,4.948442532e+00,-2.577874113e-04
9.150000000e-04,5.000000000e+00,4.974234146e+00,4.948468304e+00,-2.576585498e-04
9.151000000e-04,5.000000000e+00,4.974247025e+00,4.948494064e+00,-2.575297528e-04
9.152000000e-04,5.000000000e+00,4.974259898e+00,4.948519810e+00,-2.574010201e-04
9.153000000e-04,5.000000000e+00,4.974272765e+00,4.948545544e+00,-2.572723518e-04
9.154000000e-04,5.000000000e+00,4.974285626e+00,4.948571265e+00,-2.571437478e-04
9.155000000e-04,5.000000000e+00,4.974298480e+00,4.948596973e+00,-2.570152081e-04
9.156000000e-04,5.000000000e+00,4.974311327e+00,4.948622668e+00,-2.568867327e-04
9.157000000e-04,5.000000000e+00,4.974324168e+00,4.948648350e+00,-2.567583215e-04
9.158000000e-04,5.000000000e+00,4.974337003e+00,4.948674019e+00,-2.566299744e-04
9.159000000e-04,5.000000000e+00,4.974349831e+00,4.948699676e+00,-2.565016916e-04
9.160000000e-04,5.000000000e+00,4.974362653e+00,4.948725320e+00,-2.563734728e-04
9.161000000e-04,5.000000000e+00,4.974375469e+00,4.948750951e+00,-2.562453182e-04
9.162000000e-04,5.000000000e+00,4.974388278e+00,4.948776569e+00,-2.561172276e-04
9.163000000e-04,5.000000000e+00,4.974401080e+00,4.948802174e+00,-2.559892010e-04
9.164000000e-04,5.000000000e+00,4.974413877e+00,4.948827767e+00,-2.558612384e-04
9.165000000e-04,5.000000000e+00,4.974426667e+00,4.948853346e+00,-2.557333398e-04
9.166000000e-04,5.000000000e+00,4.974439450e+00,4.948878913e+00,-2.556055052e-04
9.167000000e-04,5.000000000e+00,4.974452227e+00,4.948904467e+00,-2.554777344e-04
9.168000000e-04,5.000000000e+00,4.974464998e+00,4.948930009e+00,-2.553500275e-04
9.169000000e-04,5.000000000e+00,4.974477762e+00,4.948955537e+00,-2.552223844e-04
9.170000000e-04,5.000000000e+00,4.974490520e+00,4.948981053e+00,-2.550948052e-04
9.171000000e-04,5.000000000e+00,4.974503272e+00,4.949006556e+00,-2.549672897e-04
9.172000000e-04,5.000000000e+00,4.974516017e+00,4.949032047e+00,-2.548398379e-04
9.173000000e-04,5.000000000e+00,4.974528756e+00,4.949057524e+00,-2.547124499e-04
9.174000000e-04,5.000000000e+00,4.974541488e+00,4.949082989e+00,-2.545851256e-04
9.175000000e-04,5.000000000e+00,4.974554214e+00,4.949108441e+00,-2.544578649e-04
9.176000000e-04,5.000000000e+00,4.974566934e+00,4.949133881e+00,-2.543306678e-04
9.177000000e-04,5.000000000e+00,4.974579647e+00,4.949159307e+00,-2.542035343e-04
9.178000000e-04,5.000000000e+00,4.974592354e+00,4.949184721e+00,-2.540764643e-04
9.179000000e-04,5.000000000e+00,4.974605055e+00,4.949210123e+00,-2.539494579e-04
9.180000000e-04,5.000000000e+00,4.974617749e+00,4.949235511e+00,-2.538225149e-04
9.181000000e-04,5.000000000e+00,4.974630437e+00,4.949260887e+00,-2.536956354e-04
9.182000000e-04,5.000000000e+00,4.974643119e+00,4.949286250e+00,-2.535688193e-04
9.183000000e-04,5.000000000e+00,4.974655794e+00,4.949311601e+00,-2.534420666e-04
9.184000000e-04,5.000000000e+00,4.974668463e+00,4.949336939e+00,-2.533153773e-04
9.185000000e-04,5.000000000e+00,4.974681125e+00,4.949362264e+00,-2.531887513e-04
9.186000000e-04,5.000000000e+00,4.974693782e+00,4.949387576e+00,-2.530621886e-04
9.187000000e-04,5.000000000e+00,4.974706432e+00,4.949412876e+00,-2.529356892e-04
9.188000000e-04,5.000000000e+00,4.974719075e+00,4.949438164e+00,-2.528092530e-04
9.189000000e-04,5.000000000e+00,4.974731712e+00,4.949463438e+00,-2.526828800e-04
9.190000000e-04,5.000000000e+00,4.974744343e+00,4.949488700e+00,-2.525565702e-04
9.191000000e-04,5.000000000e+00,4.974756968e+00,4.949513949e+00,-2.524303235e-04
9.192000000e-04,5.000000000e+00,4.974769587e+00,4.949539186e+00,-2.523041399e-04
9.193000000e-04,5.000000000e+00,4.974782199e+00,4.949564410e+00,-2.521780194e-04
9.194000000e-04,5.000000000e+00,4.974794804e+00,4.949589622e+00,-2.520519620e-04
9.195000000e-04,5.000000000e+00,4.974807404e+00,4.949614821e+00,-2.519259675e-04
9.196000000e-04,5.000000000e+00,4.974819997e+00,4.949640007e+00,-2.518000361e-04
9.197000000e-04,5.000000000e+00,4.974832584e+00,4.949665181e+00,-2.516741676e-04
9.198000000e-04,5.000000000e+00,4.974845164e+00,4.949690342e+00,-2.515483620e-04
9.199000000e-04,5.000000000e+00,4.974857739e+00,4.949715490e+00,-2.514226193e-04
9.200000000e-04,5.000000000e+00,4.974870307e+00,4.949740626e+00,-2.512969394e-04
9.201000000e-04,5.000000000e+00,4.974882868e+00,4.949765750e+00,-2.511713224e-04
9.202000000e-04,5.000000000e+00,4.974895424e+00,4.949790860e+00,-2.510457682e-04
9.203000000e-04,5.000000000e+00,4.974907973e+00,4.949815959e+00,-2.509202767e-04
9.204000000e-04,5.000000000e+00,4.974920516e+00,4.949841044e+00,-2.507948480e-04
9.205000000e-04,5.000000000e+00,4.974933052e+00,4.949866118e+00,-2.506694819e-04
9.206000000e-04,5.000000000e+00,4.974945583e+00,4.949891178e+00,-2.505441785e-04
9.207000000e-04,5.000000000e+00,4.974958107e+00,4.949916226e+00,-2.504189378e-04
9.208000000e-04,5.000000000e+00,4.974970625e+00,4.949941262e+00,-2.502937597e-04
9.209000000e-04,5.000000000e+00,4.974983136e+00,4.949966285e+00,-2.501686441e-04
9.210000000e-04,5.000000000e+00,4.974995641e+00,4.949991296e+00,-2.500435911e-04
9.211000000e-04,5.000000000e+00,4.975008140e+00,4.950016294e+00,-2.499186006e-04
9.212000000e-04,5.000000000e+00,4.975020633e+00,4.950041279e+00,-2.497936726e-04
9.213000000e-04,5.000000000e+00,4.975033120e+00,4.950066253e+00,-2.496688070e-04
9.214000000e-04,5.000000000e+00,4.975045600e+00,4.950091213e+00,-2.495440038e-04
9.215000000e-04,5.000000000e+00,4.975058074e+00,4.950116161e+00,-2.494192630e-04
9.216000000e-04,5.000000000e+00,4.975070542e+00,4.950141097e+00,-2.492945846e-04
9.217000000e-04,5.000000000e+00,4.975083004e+00,4.950166020e+00,-2.491699685e-04
9.218000000e-04,5.000000000e+00,4.975095459e+00,4.950190931e+00,-2.490454147e-04
9.219000000e-04,5.000000000e+00,4.975107908e+00,4.950215829e+00,-2.489209232e-04
9.220000000e-04,5.000000000e+00,4.975120351e+00,4.950240715e+00,-2.487964938e-04
9.221000000e-04,5.000000000e+00,4.975132788e+00,4.950265589e+00,-2.486721267e-04
9.222000000e-04,5.000000000e+00,4.975145218e+00,4.950290450e+00,-2.485478218e-04
9.223000000e-04,5.000000000e+00,4.975157643e+00,4.950315298e+00,-2.484235790e-04
9.224000000e-04,5.000000000e+00,4.975170061e+00,4.950340134e+00,-2.482993983e-04
9.225000000e-04,5.000000000e+00,4.975182473e+00,4.950364958e+00,-2.481752796e-04
9.226000000e-04,5.000000000e+00,4.975194878e+00,4.950389769e+00,-2.480512231e-04
9.227000000e-04,5.000000000e+00,4.975207278e+00,4.950414568e+00,-2.479272285e-04
9.228000000e-04,5.000000000e+00,4.975219671e+00,4.950439355e+00,-2.478032959e-04
9.229000000e-04,5.000000000e+00,4.975232058e+00,4.950464129e+00,-2.476794253e-04
9.230000000e-04,5.000000000e+00,4.975244439e+00,4.950488891e+00,-2.475556165e-04
9.231000000e-04,5.000000000e+00,4.975256814e+00,4.950513640e+00,-2.474318697e-04
9.232000000e-04,5.000000000e+00,4.975269182e+00,4.950538377e+00,-2.473081847e-04
9.233000000e-04,5.000000000e+00,4.975281544e+00,4.950563102e+00,-2.471845616e-04
9.234000000e-04,5.000000000e+00,4.975293900e+00,4.950587814e+00,-2.470610002e-04
9.235000000e-04,5.000000000e+00,4.975306250e+00,4.950612514e+00,-2.469375006e-04
9.236000000e-04,5.000000000e+00,4.975318594e+00,4.950637201e+00,-2.468140628e-04
9.237000000e-04,5.000000000e+00,4.975330932e+00,4.950661877e+00,-2.466906866e-04
9.238000000e-04,5.000000000e+00,4.975343263e+00,4.950686539e+00,-2.465673722e-04
9.239000000e-04,5.000000000e+00,4.975355589e+00,4.950711190e+00,-2.464441193e-04
9.240000000e-04,5.000000000e+00,4.975367908e+00,4.950735828e+00,-2.463209281e-04
9.241000000e-04,5.000000000e+00,4.975380221e+00,4.950760454e+00,-2.461977985e-04
9.242000000e-04,5.000000000e+00,4.975392527e+00,4.950785068e+00,-2.460747304e-04
9.243000000e-04,5.000000000e+00,4.975404828e+00,4.950809669e+00,-2.459517238e-04
9.244000000e-04,5.000000000e+00,4.975417123e+00,4.950834258e+00,-2.458287787e-04
9.245000000e-04,5.000000000e+00,4.975429411e+00,4.950858835e+00,-2.457058951e-04
9.246000000e-04,5.000000000e+00,4.975441693e+00,4.950883399e+00,-2.455830729e-04
9.247000000e-04,5.000000000e+00,4.975453969e+00,4.950907951e+00,-2.454603121e-04
9.248000000e-04,5.000000000e+00,4.975466239e+00,4.950932491e+00,-2.453376126e-04
9.249000000e-04,5.000000000e+00,4.975478503e+00,4.950957019e+00,-2.452149745e-04
9.250000000e-04,5.000000000e+00,4.975490761e+00,4.950981534e+00,-2.450923977e-04
9.251000000e-04,5.000000000e+00,4.975503012e+00,4.951006037e+00,-2.449698822e-04
9.252000000e-04,5.000000000e+00,4.975515258e+00,4.951030528e+00,-2.448474279e-04
9.253000000e-04,5.000000000e+00,4.975527497e+00,4.951055007e+00,-2.447250348e-04
9.254000000e-04,5.000000000e+00,4.975539730e+00,4.951079473e+00,-2.446027029e-04
9.255000000e-04,5.000000000e+00,4.975551957e+00,4.951103927e+00,-2.444804322e-04
9.256000000e-04,5.000000000e+00,4.975564178e+00,4.951128369e+00,-2.443582226e-04
9.257000000e-04,5.000000000e+00,4.975576393e+00,4.951152799e+00,-2.442360740e-04
9.258000000e-04,5.000000000e+00,4.975588602e+00,4.951177216e+00,-2.441139866e-04
9.259000000e-04,5.000000000e+00,4.975600804e+00,4.951201622e+00,-2.439919601e-04
9.260000000e-04,5.000000000e+00,4.975613001e+00,4.951226015e+00,-2.438699947e-04
9.261000000e-04,5.000000000e+00,4.975625191e+00,4.951250396e+00,-2.437480902e-04
9.262000000e-04,5.000000000e+00,4.975637376e+00,4.951274764e+00,-2.436262466e-04
9.263000000e-04,5.000000000e+00,4.975649554e+00,4.951299121e+00,-2.435044640e-04
9.264000000e-04,5.000000000e+00,4.975661726e+00,4.951323465e+00,-2.433827422e-04
9.265000000e-04,5.000000000e+00,4.975673892e+00,4.951347797e+00,-2.432610813e-04
9.266000000e-04,5.000000000e+00,4.975686052e+00,4.951372117e+00,-2.431394812e-04
9.267000000e-04,5.000000000e+00,4.975698206e+00,4.951396425e+00,-2.430179419e-04
9.268000000e-04,5.000000000e+00,4.975710354e+00,4.951420721e+00,-2.428964633e-04
9.269000000e-04,5.000000000e+00,4.975722496e+00,4.951445005e+00,-2.427750455e-04
9.270000000e-04,5.000000000e+00,4.975734632e+00,4.951469276e+00,-2.426536884e-04
9.271000000e-04,5.000000000e+00,4.975746761e+00,4.951493535e+00,-2.425323919e-04
9.272000000e-04,5.000000000e+00,4.975758885e+00,4.951517782e+00,-2.424111560e-04
9.273000000e-04,5.000000000e+00,4.975771002e+00,4.951542017e+00,-2.422899808e-04
9.274000000e-04,5.000000000e+00,4.975783114e+00,4.951566240e+00,-2.421688661e-04
9.275000000e-04,5.000000000e+00,4.975795219e+00,4.951590451e+00,-2.420478120e-04
9.276000000e-04,5.000000000e+00,4.975807319e+00,4.951614650e+00,-2.419268184e-04
9.277000000e-04,5.000000000e+00,4.975819412e+00,4.951638837e+00,-2.418058852e-04
9.278000000e-04,5.000000000e+00,4.975831499e+00,4.951663011e+00,-2.416850125e-04
9.279000000e-04,5.000000000e+00,4.975843580e+00,4.951687174e+00,-2.415642003e-04
9.280000000e-04,5.000000000e+00,4.975855656e+00,4.951711324e+00,-2.414434484e-04
9.281000000e-04,5.000000000e+00,4.975867725e+00,4.951735462e+00,-2.413227569e-04
9.282000000e-04,5.000000000e+00,4.975879788e+00,4.951759588e+00,-2.412021257e-04
9.283000000e-04,5.000000000e+00,4.975891845e+00,4.951783703e+00,-2.410815548e-04
9.284000000e-04,5.000000000e+00,4.975903896e+00,4.951807805e+00,-2.409610442e-04
9.285000000e-04,5.000000000e+00,4.975915941e+00,4.951831895e+00,-2.408405938e-04
9.286000000e-04,5.000000000e+00,4.975927980e+00,4.951855973e+00,-2.407202037e-04
9.287000000e-04,5.000000000e+00,4.975940013e+00,4.951880039e+00,-2.405998737e-04
9.288000000e-04,5.000000000e+00,4.975952040e+00,4.951904093e+00,-2.404796039e-04
9.289000000e-04,5.000000000e+00,4.975964061e+00,4.951928135e+00,-2.403593942e-04
9.290000000e-04,5.000000000e+00,4.975976076e+00,4.951952165e+00,-2.402392445e-04
9.291000000e-04,5.000000000e+00,4.975988085e+00,4.951976183e+00,-2.401191550e-04
9.292000000e-04,5.000000000e+00,4.976000088e+00,4.952000188e+00,-2.399991254e-04
9.293000000e-04,5.000000000e+00,4.976012085e+00,4.952024182e+00,-2.398791559e-04
9.294000000e-04,5.000000000e+00,4.976024076e+00,4.952048164e+00,-2.397592464e-04
9.295000000e-04,5.000000000e+00,4.976036061e+00,4.952072134e+00,-2.396393967e-04
9.296000000e-04,5.000000000e+00,4.976048040e+00,4.952096092e+00,-2.395196070e-04
9.297000000e-04,5.000000000e+00,4.976060013e+00,4.952120038e+00,-2.393998772e-04
9.298000000e-04,5.000000000e+00,4.976071980e+00,4.952143972e+00,-2.392802072e-04
9.299000000e-04,5.000000000e+00,4.976083941e+00,4.952167894e+00,-2.391605970e-04
9.300000000e-04,5.000000000e+00,4.976095896e+00,4.952191804e+00,-2.390410467e-04
9.301000000e-04,5.000000000e+00,4.976107845e+00,4.952215702e+00,-2.389215561e-04
9.302000000e-04,5.000000000e+00,4.976119788e+00,4.952239588e+00,-2.388021252e-04
9.303000000e-04,5.000000000e+00,4.976131725e+00,4.952263463e+00,-2.386827540e-04
9.304000000e-04,5.000000000e+00,4.976143656e+00,4.952287325e+00,-2.385634425e-04
9.305000000e-04,5.000000000e+00,4.976155581e+00,4.952311175e+00,-2.384441906e-04
9.306000000e-04,5.000000000e+00,4.976167501e+00,4.952335014e+00,-2.383249984e-04
9.307000000e-04,5.000000000e+00,4.976179414e+00,4.952358840e+00,-2.382058657e-04
9.308000000e-04,5.000000000e+00,4.976191321e+00,4.952382655e+00,-2.380867925e-04
9.309000000e-04,5.000000000e+00,4.976203223e+00,4.952406458e+00,-2.379677789e-04
9.310000000e-04,5.000000000e+00,4.976215118e+00,4.952430248e+00,-2.378488248e-04
9.311000000e-04,5.000000000e+00,4.976227007e+00,4.952454027e+00,-2.377299302e-04
9.312000000e-04,5.000000000e+00,4.976238891e+00,4.952477794e+00,-2.376110950e-04
9.313000000e-04,5.000000000e+00,4.976250769e+00,4.952501550e+00,-2.374923191e-04
9.314000000e-04,5.000000000e+00,4.976262640e+00,4.952525293e+00,-2.373736027e-04
9.315000000e-04,5.000000000e+00,4.976274506e+00,4.952549024e+00,-2.372549456e-04
9.316000000e-04,5.000000000e+00,4.976286366e+00,4.952572744e+00,-2.371363478e-04
9.317000000e-04,5.000000000e+00,4.976298220e+00,4.952596451e+00,-2.370178093e-04
9.318000000e-04,5.000000000e+00,4.976310067e+00,4.952620147e+00,-2.368993301e-04
9.319000000e-04,5.000000000e+00,4.976321909e+00,4.952643831e+00,-2.367809101e-04
9.320000000e-04,5.000000000e+00,4.976333746e+00,4.952667503e+00,-2.366625492e-04
9.321000000e-04,5.000000000e+00,4.976345576e+00,4.952691164e+00,-2.365442476e-04
9.322000000e-04,5.000000000e+00,4.976357400e+00,4.952714812e+00,-2.364260050e-04
9.323000000e-04,5.000000000e+00,4.976369218e+00,4.952738449e+00,-2.363078216e-04
9.324000000e-04,5.000000000e+00,4.976381031e+00,4.952762074e+00,-2.361896973e-04
9.325000000e-04,5.000000000e+00,4.976392837e+00,4.952785687e+00,-2.360716320e-04
9.326000000e-04,5.000000000e+00,4.976404638e+00,4.952809288e+00,-2.359536257e-04
9.327000000e-04,5.000000000e+00,4.976416433e+00,4.952832878e+00,-2.358356784e-04
9.328000000e-04,5.000000000e+00,4.976428221e+00,4.952856455e+00,-2.357177901e-04
9.329000000e-04,5.000000000e+00,4.976440004e+00,4.952880021e+00,-2.355999607e-04
9.330000000e-04,5.000000000e+00,4.976451781e+00,4.952903575e+00,-2.354821902e-04
9.331000000e-04,5.000000000e+00,4.976463553e+00,4.952927118e+00,-2.353644786e-04
9.332000000e-04,5.000000000e+00,4.976475318e+00,4.952950648e+00,-2.352468258e-04
9.333000000e-04,5.000000000e+00,4.976487077e+00,4.952974167e+00,-2.351292318e-04
9.334000000e-04,5.000000000e+00,4.976498831e+00,4.952997674e+00,-2.350116966e-04
9.335000000e-04,5.000000000e+00,4.976510578e+00,4.953021169e+00,-2.348942202e-04
9.336000000e-04,5.000000000e+00,4.976522320e+00,4.953044653e+00,-2.347768025e-04
9.337000000e-04,5.000000000e+00,4.976534056e+00,4.953068125e+00,-2.346594434e-04
9.338000000e-04,5.000000000e+00,4.976545786e+00,4.953091585e+00,-2.345421431e-04
9.339000000e-04,5.000000000e+00,4.976557510e+00,4.953115033e+00,-2.344249013e-04
9.340000000e-04,5.000000000e+00,4.976569229e+00,4.953138470e+00,-2.343077182e-04
9.341000000e-04,5.000000000e+00,4.976580941e+00,4.953161894e+00,-2.341905937e-04
9.342000000e-04,5.000000000e+00,4.976592648e+00,4.953185308e+00,-2.340735277e-04
9.343000000e-04,5.000000000e+00,4.976604348e+00,4.953208709e+00,-2.339565202e-04
9.344000000e-04,5.000000000e+00,4.976616043e+00,4.953232099e+00,-2.338395712e-04
9.345000000e-04,5.000000000e+00,4.976627732e+00,4.953255477e+00,-2.337226807e-04
9.346000000e-04,5.000000000e+00,4.976639416e+00,4.953278843e+00,-2.336058486e-04
9.347000000e-04,5.000000000e+00,4.976651093e+00,4.953302198e+00,-2.334890749e-04
9.348000000e-04,5.000000000e+00,4.976662765e+00,4.953325541e+00,-2.333723596e-04
9.349000000e-04,5.000000000e+00,4.976674430e+00,4.953348873e+00,-2.332557026e-04
9.350000000e-04,5.000000000e+00,4.976686090e+00,4.953372192e+00,-2.331391040e-04
9.351000000e-04,5.000000000e+00,4.976697744e+00,4.953395500e+00,-2.330225636e-04
9.352000000e-04,5.000000000e+00,4.976709392e+00,4.953418797e+00,-2.329060815e-04
9.353000000e-04,5.000000000e+00,4.976721035e+00,4.953442082e+00,-2.327896576e-04
9.354000000e-04,5.000000000e+00,4.976732671e+00,4.953465355e+00,-2.326732919e-04
9.355000000e-04,5.000000000e+00,4.976744302e+00,4.953488616e+00,-2.325569843e-04
9.356000000e-04,5.000000000e+00,4.976755927e+00,4.953511866e+00,-2.324407349e-04
9.357000000e-04,5.000000000e+00,4.976767546e+00,4.953535104e+00,-2.323245437e-04
9.358000000e-04,5.000000000e+00,4.976779159e+00,4.953558331e+00,-2.322084105e-04
9.359000000e-04,5.000000000e+00,4.976790767e+00,4.953581546e+00,-2.320923353e-04
9.360000000e-04,5.000000000e+00,4.976802369e+00,4.953604749e+00,-2.319763182e-04
9.361000000e-04,5.000000000e+00,4.976813965e+00,4.953627941e+00,-2.318603591e-04
9.362000000e-04,5.000000000e+00,4.976825555e+00,4.953651122e+00,-2.317444579e-04
9.363000000e-04,5.000000000e+00,4.976837139e+00,4.953674290e+00,-2.316286147e-04
9.364000000e-04,5.000000000e+00,4.976848718e+00,4.953697447e+00,-2.315128293e-04
9.365000000e-04,5.000000000e+00,4.976860290e+00,4.953720593e+00,-2.313971019e-04
9.366000000e-04,5.000000000e+00,4.976871857e+00,4.953743727e+00,-2.312814323e-04
9.367000000e-04,5.000000000e+00,4.976883418e+00,4.953766849e+00,-2.311658205e-04
9.368000000e-04,5.000000000e+00,4.976894974e+00,4.953789960e+00,-2.310502665e-04
9.369000000e-04,5.000000000e+00,4.976906523e+00,4.953813059e+00,-2.309347703e-04
9.370000000e-04,5.000000000e+00,4.976918067e+00,4.953836147e+00,-2.308193318e-04
9.371000000e-04,5.000000000e+00,4.976929605e+00,4.953859223e+00,-2.307039510e-04
9.372000000e-04,5.000000000e+00,4.976941138e+00,4.953882287e+00,-2.305886279e-04
9.373000000e-04,5.000000000e+00,4.976952664e+00,4.953905341e+00,-2.304733625e-04
9.374000000e-04,5.000000000e+00,4.976964185e+00,4.953928382e+00,-2.303581546e-04
9.375000000e-04,5.000000000e+00,4.976975700e+00,4.953951412e+00,-2.302430044e-04
9.376000000e-04,5.000000000e+00,4.976987209e+00,4.953974431e+00,-2.301279117e-04
9.377000000e-04,5.000000000e+00,4.976998713e+00,4.953997438e+00,-2.300128765e-04
9.378000000e-04,5.000000000e+00,4.977010211e+00,4.954020433e+00,-2.298978989e-04
9.379000000e-04,5.000000000e+00,4.977021703e+00,4.954043417e+00,-2.297829787e-04
9.380000000e-04,5.000000000e+00,4.977033189e+00,4.954066390e+00,-2.296681160e-04
9.381000000e-04,5.000000000e+00,4.977044669e+00,4.954089351e+00,-2.295533106e-04
9.382000000e-04,5.000000000e+00,4.977056144e+00,4.954112300e+00,-2.294385627e-04
9.383000000e-04,5.000000000e+00,4.977067613e+00,4.954135239e+00,-2.293238721e-04
9.384000000e-04,5.000000000e+00,4.977079077e+00,4.954158165e+00,-2.292092389e-04
9.385000000e-04,5.000000000e+00,4.977090534e+00,4.954181080e+00,-2.290946630e-04
9.386000000e-04,5.000000000e+00,4.977101986e+00,4.954203984e+00,-2.289801443e-04
9.387000000e-04,5.000000000e+00,4.977113432e+00,4.954226876e+00,-2.288656829e-04
9.388000000e-04,5.000000000e+00,4.977124873e+00,4.954249757e+00,-2.287512787e-04
9.389000000e-04,5.000000000e+00,4.977136307e+00,4.954272627e+00,-2.286369316e-04
9.390000000e-04,5.000000000e+00,4.977147736e+00,4.954295485e+00,-2.285226418e-04
9.391000000e-04,5.000000000e+00,4.977159160e+00,4.954318331e+00,-2.284084091e-04
9.392000000e-04,5.000000000e+00,4.977170577e+00,4.954341166e+00,-2.282942334e-04
9.393000000e-04,5.000000000e+00,4.977181989e+00,4.954363990e+00,-2.281801149e-04
9.394000000e-04,5.000000000e+00,4.977193395e+00,4.954386802e+00,-2.280660534e-04
9.395000000e-04,5.000000000e+00,4.977204796e+00,4.954409603e+00,-2.279520489e-04
9.396000000e-04,5.000000000e+00,4.977216190e+00,4.954432393e+00,-2.278381014e-04
9.397000000e-04,5.000000000e+00,4.977227579e+00,4.954455171e+00,-2.277242109e-04
9.398000000e-04,5.000000000e+00,4.977238963e+00,4.954477937e+00,-2.276103772e-04
9.399000000e-04,5.000000000e+00,4.977250340e+00,4.954500693e+00,-2.274966005e-04
9.400000000e-04,5.000000000e+00,4.977261712e+00,4.954523437e+00,-2.273828807e-04
9.401000000e-04,5.000000000e+00,4.977273079e+00,4.954546169e+00,-2.272692177e-04
9.402000000e-04,5.000000000e+00,4.977284439e+00,4.954568891e+00,-2.271556116e-04
9.403000000e-04,5.000000000e+00,4.977295794e+00,4.954591600e+00,-2.270420622e-04
9.404000000e-04,5.000000000e+00,4.977307144e+00,4.954614299e+00,-2.269285695e-04
9.405000000e-04,5.000000000e+00,4.977318487e+00,4.954636986e+00,-2.268151337e-04
9.406000000e-04,5.000000000e+00,4.977329825e+00,4.954659662e+00,-2.267017545e-04
9.407000000e-04,5.000000000e+00,4.977341157e+00,4.954682326e+00,-2.265884320e-04
9.408000000e-04,5.000000000e+00,4.977352484e+00,4.954704980e+00,-2.264751661e-04
9.409000000e-04,5.000000000e+00,4.977363805e+00,4.954727621e+00,-2.263619569e-04
9.410000000e-04,5.000000000e+00,4.977375120e+00,4.954750252e+00,-2.262488042e-04
9.411000000e-04,5.000000000e+00,4.977386430e+00,4.954772871e+00,-2.261357081e-04
9.412000000e-04,5.000000000e+00,4.977397734e+00,4.954795479e+00,-2.260226686e-04
9.413000000e-04,5.000000000e+00,4.977409032e+00,4.954818076e+00,-2.259096855e-04
9.414000000e-04,5.000000000e+00,4.977420325e+00,4.954840661e+00,-2.257967589e-04
9.415000000e-04,5.000000000e+00,4.977431612e+00,4.954863235e+00,-2.256838888e-04
9.416000000e-04,5.000000000e+00,4.977442893e+00,4.954885798e+00,-2.255710751e-04
9.417000000e-04,5.000000000e+00,4.977454169e+00,4.954908349e+00,-2.254583178e-04
9.418000000e-04,5.000000000e+00,4.977465439e+00,4.954930889e+00,-2.253456168e-04
9.419000000e-04,5.000000000e+00,4.977476703e+00,4.954953418e+00,-2.252329722e-04
9.420000000e-04,5.000000000e+00,4.977487962e+00,4.954975936e+00,-2.251203839e-04
9.421000000e-04,5.000000000e+00,4.977499215e+00,4.954998442e+00,-2.250078519e-04
9.422000000e-04,5.000000000e+00,4.977510463e+00,4.955020938e+00,-2.248953761e-04
9.423000000e-04,5.000000000e+00,4.977521705e+00,4.955043421e+00,-2.247829566e-04
9.424000000e-04,5.000000000e+00,4.977532941e+00,4.955065894e+00,-2.246705932e-04
9.425000000e-04,5.000000000e+00,4.977544172e+00,4.955088356e+00,-2.245582861e-04
9.426000000e-04,5.000000000e+00,4.977555397e+00,4.955110806e+00,-2.244460350e-04
9.427000000e-04,5.000000000e+00,4.977566616e+00,4.955133245e+00,-2.243338401e-04
9.428000000e-04,5.000000000e+00,4.977577830e+00,4.955155672e+00,-2.242217012e-04
9.429000000e-04,5.000000000e+00,4.977589039e+00,4.955178089e+00,-2.241096184e-04
9.430000000e-04,5.000000000e+00,4.977600241e+00,4.955200494e+00,-2.239975917e-04
9.431000000e-04,5.000000000e+00,4.977611438e+00,4.955222889e+00,-2.238856209e-04
9.432000000e-04,5.000000000e+00,4.977622630e+00,4.955245271e+00,-2.237737061e-04
9.433000000e-04,5.000000000e+00,4.977633816e+00,4.955267643e+00,-2.236618473e-04
9.434000000e-04,5.000000000e+00,4.977644996e+00,4.955290004e+00,-2.235500443e-04
9.435000000e-04,5.000000000e+00,4.977656171e+00,4.955312353e+00,-2.234382973e-04
9.436000000e-04,5.000000000e+00,4.977667340e+00,4.955334691e+00,-2.233266061e-04
9.437000000e-04,5.000000000e+00,4.977678503e+00,4.955357019e+00,-2.232149707e-04
9.438000000e-04,5.000000000e+00,4.977689661e+00,4.955379334e+00,-2.231033912e-04
9.439000000e-04,5.000000000e+00,4.977700814e+00,4.955401639e+00,-2.229918674e-04
9.440000000e-04,5.000000000e+00,4.977711961e+00,4.955423933e+00,-2.228803994e-04
9.441000000e-04,5.000000000e+00,4.977723102e+00,4.955446215e+00,-2.227689871e-04
9.442000000e-04,5.000000000e+00,4.977734237e+00,4.955468487e+00,-2.226576304e-04
9.443000000e-04,5.000000000e+00,4.977745368e+00,4.955490747e+00,-2.225463295e-04
9.444000000e-04,5.000000000e+00,4.977756492e+00,4.955512996e+00,-2.224350842e-04
9.445000000e-04,5.000000000e+00,4.977767611e+00,4.955535234e+00,-2.223238945e-04
9.446000000e-04,5.000000000e+00,4.977778724e+00,4.955557461e+00,-2.222127603e-04
9.447000000e-04,5.000000000e+00,4.977789832e+00,4.955579676e+00,-2.221016818e-04
9.448000000e-04,5.000000000e+00,4.977800935e+00,4.955601881e+00,-2.219906587e-04
9.449000000e-04,5.000000000e+00,4.977812031e+00,4.955624074e+00,-2.218796912e-04
9.450000000e-04,5.000000000e+00,4.977823123e+00,4.955646257e+00,-2.217687791e-04
9.451000000e-04,5.000000000e+00,4.977834208e+00,4.955668428e+00,-2.216579224e-04
9.452000000e-04,5.000000000e+00,4.977845288e+00,4.955690588e+00,-2.215471212e-04
9.453000000e-04,5.000000000e+00,4.977856363e+00,4.955712737e+00,-2.214363754e-04
9.454000000e-04,5.000000000e+00,4.977867432e+00,4.955734876e+00,-2.213256849e-04
9.455000000e-04,5.000000000e+00,4.977878496e+00,4.955757003e+00,-2.212150498e-04
9.456000000e-04,5.000000000e+00,4.977889554e+00,4.955779119e+00,-2.211044699e-04
9.457000000e-04,5.000000000e+00,4.977900606e+00,4.955801223e+00,-2.209939453e-04
9.458000000e-04,5.000000000e+00,4.977911653e+00,4.955823317e+00,-2.208834760e-04
9.459000000e-04,5.000000000e+00,4.977922694e+00,4.955845400e+00,-2.207730619e-04
9.460000000e-04,5.000000000e+00,4.977933730e+00,4.955867472e+00,-2.206627030e-04
9.461000000e-04,5.000000000e+00,4.977944761e+00,4.955889533e+00,-2.205523993e-04
9.462000000e-04,5.000000000e+00,4.977955785e+00,4.955911582e+00,-2.204421507e-04
9.463000000e-04,5.000000000e+00,4.977966805e+00,4.955933621e+00,-2.203319572e-04
9.464000000e-04,5.000000000e+00,4.977977819e+00,4.955955649e+00,-2.202218188e-04
9.465000000e-04,5.000000000e+00,4.977988827e+00,4.955977665e+00,-2.201117354e-04
9.466000000e-04,5.000000000e+00,4.977999830e+00,4.955999671e+00,-2.200017071e-04
9.467000000e-04,5.000000000e+00,4.978010827e+00,4.956021666e+00,-2.198917338e-04
9.468000000e-04,5.000000000e+00,4.978021819e+00,4.956043649e+00,-2.197818154e-04
9.469000000e-04,5.000000000e+00,4.978032805e+00,4.956065622e+00,-2.196719520e-04
9.470000000e-04,5.000000000e+00,4.978043786e+00,4.956087584e+00,-2.195621435e-04
9.471000000e-04,5.000000000e+00,4.978054762e+00,4.956109534e+00,-2.194523899e-04
9.472000000e-04,5.000000000e+00,4.978065731e+00,4.956131474e+00,-2.193426912e-04
9.473000000e-04,5.000000000e+00,4.978076696e+00,4.956153403e+00,-2.192330473e-04
9.474000000e-04,5.000000000e+00,4.978087655e+00,4.956175321e+00,-2.191234582e-04
9.475000000e-04,5.000000000e+00,4.978098608e+00,4.956197228e+00,-2.190139239e-04
9.476000000e-04,5.000000000e+00,4.978109556e+00,4.956219124e+00,-2.189044443e-04
9.477000000e-04,5.000000000e+00,4.978120499e+00,4.956241009e+00,-2.187950195e-04
9.478000000e-04,5.000000000e+00,4.978131436e+00,4.956262883e+00,-2.186856494e-04
9.479000000e-04,5.000000000e+00,4.978142367e+00,4.956284746e+00,-2.185763339e-04
9.480000000e-04,5.000000000e+00,4.978153293e+00,4.956306598e+00,-2.184670731e-04
9.481000000e-04,5.000000000e+00,4.978164214e+00,4.956328439e+00,-2.183578669e-04
9.482000000e-04,5.000000000e+00,4.978175129e+00,4.956350269e+00,-2.182487153e-04
9.483000000e-04,5.000000000e+00,4.978186039e+00,4.956372089e+00,-2.181396183e-04
9.484000000e-04,5.000000000e+00,4.978196943e+00,4.956393897e+00,-2.180305757e-04
9.485000000e-04,5.000000000e+00,4.978207842e+00,4.956415695e+00,-2.179215877e-04
9.486000000e-04,5.000000000e+00,4.978218735e+00,4.956437482e+00,-2.178126542e-04
9.487000000e-04,5.000000000e+00,4.978229623e+00,4.956459257e+00,-2.177037751e-04
9.488000000e-04,5.000000000e+00,4.978240505e+00,4.956481022e+00,-2.175949505e-04
9.489000000e-04,5.000000000e+00,4.978251382e+00,4.956502776e+00,-2.174861802e-04
9.490000000e-04,5.000000000e+00,4.978262254e+00,4.956524519e+00,-2.173774644e-04
9.491000000e-04,5.000000000e+00,4.978273120e+00,4.956546252e+00,-2.172688028e-04
9.492000000e-04,5.000000000e+00,4.978283981e+00,4.956567973e+00,-2.171601956e-04
9.493000000e-04,5.000000000e+00,4.978294836e+00,4.956589684e+00,-2.170516427e-04
9.494000000e-04,5.000000000e+00,4.978305686e+00,4.956611384e+00,-2.169431440e-04
9.495000000e-04,5.000000000e+00,4.978316531e+00,4.956633072e+00,-2.168346996e-04
9.496000000e-04,5.000000000e+00,4.978327370e+00,4.956654750e+00,-2.167263094e-04
9.497000000e-04,5.000000000e+00,4.978338203e+00,4.956676418e+00,-2.166179734e-04
9.498000000e-04,5.000000000e+00,4.978349031e+00,4.956698074e+00,-2.165096915e-04
9.499000000e-04,5.000000000e+00,4.978359854e+00,4.956719720e+00,-2.164014637e-04
9.500000000e-04,5.000000000e+00,4.978370671e+00,4.956741354e+00,-2.162932901e-04
9.501000000e-04,5.000000000e+00,4.978381483e+00,4.956762978e+00,-2.161851705e-04
9.502000000e-04,5.000000000e+00,4.978392290e+00,4.956784591e+00,-2.160771050e-04
9.503000000e-04,5.000000000e+00,4.978403091e+00,4.956806194e+00,-2.159690935e-04
9.504000000e-04,5.000000000e+00,4.978413887e+00,4.956827785e+00,-2.158611359e-04
9.505000000e-04,5.000000000e+00,4.978424677e+00,4.956849366e+00,-2.157532324e-04
9.506000000e-04,5.000000000e+00,4.978435462e+00,4.956870936e+00,-2.156453828e-04
9.507000000e-04,5.000000000e+00,4.978446242e+00,4.956892495e+00,-2.155375871e-04
9.508000000e-04,5.000000000e+00,4.978457016e+00,4.956914043e+00,-2.154298452e-04
9.509000000e-04,5.000000000e+00,4.978467785e+00,4.956935581e+00,-2.153221573e-04
9.510000000e-04,5.000000000e+00,4.978478548e+00,4.956957108e+00,-2.152145231e-04
9.511000000e-04,5.000000000e+00,4.978489306e+00,4.956978624e+00,-2.151069428e-04
9.512000000e-04,5.000000000e+00,4.978500059e+00,4.957000129e+00,-2.149994162e-04
9.513000000e-04,5.000000000e+00,4.978510806e+00,4.957021624e+00,-2.148919434e-04
9.514000000e-04,5.000000000e+00,4.978521548e+00,4.957043107e+00,-2.147845244e-04
9.515000000e-04,5.000000000e+00,4.978532285e+00,4.957064580e+00,-2.146771590e-04
9.516000000e-04,5.000000000e+00,4.978543016e+00,4.957086043e+00,-2.145698473e-04
9.517000000e-04,5.000000000e+00,4.978553742e+00,4.957107494e+00,-2.144625892e-04
9.518000000e-04,5.000000000e+00,4.978564462e+00,4.957128935e+00,-2.143553847e-04
9.519000000e-04,5.000000000e+00,4.978575177e+00,4.957150365e+00,-2.142482339e-04
9.520000000e-04,5.000000000e+00,4.978585887e+00,4.957171785e+00,-2.141411365e-04
9.521000000e-04,5.000000000e+00,4.978596591e+00,4.957193194e+00,-2.140340928e-04
9.522000000e-04,5.000000000e+00,4.978607290e+00,4.957214592e+00,-2.139271025e-04
9.523000000e-04,5.000000000e+00,4.978617984e+00,4.957235979e+00,-2.138201657e-04
9.524000000e-04,5.000000000e+00,4.978628672e+00,4.957257356e+00,-2.137132824e-04
9.525000000e-04,5.000000000e+00,4.978639355e+00,4.957278722e+00,-2.136064525e-04
9.526000000e-04,5.000000000e+00,4.978650033e+00,4.957300077e+00,-2.134996760e-04
9.527000000e-04,5.000000000e+00,4.978660705e+00,4.957321422e+00,-2.133929529e-04
9.528000000e-04,5.000000000e+00,4.978671372e+00,4.957342756e+00,-2.132862831e-04
9.529000000e-04,5.000000000e+00,4.978682034e+00,4.957364079e+00,-2.131796667e-04
9.530000000e-04,5.000000000e+00,4.978692690e+00,4.957385391e+00,-2.130731035e-04
9.531000000e-04,5.000000000e+00,4.978703341e+00,4.957406693e+00,-2.129665936e-04
9.532000000e-04,5.000000000e+00,4.978713987e+00,4.957427985e+00,-2.128601370e-04
9.533000000e-04,5.000000000e+00,4.978724627e+00,4.957449265e+00,-2.127537335e-04
9.534000000e-04,5.000000000e+00,4.978735262e+00,4.957470535e+00,-2.126473833e-04
9.535000000e-04,5.000000000e+00,4.978745892e+00,4.957491795e+00,-2.125410862e-04
9.536000000e-04,5.000000000e+00,4.978756516e+00,4.957513044e+00,-2.124348423e-04
9.537000000e-04,5.000000000e+00,4.978767135e+00,4.957534282e+00,-2.123286514e-04
9.538000000e-04,5.000000000e+00,4.978777749e+00,4.957555509e+00,-2.122225137e-04
9.539000000e-04,5.000000000e+00,4.978788358e+00,4.957576726e+00,-2.121164290e-04
9.540000000e-04,5.000000000e+00,4.978798961e+00,4.957597933e+00,-2.120103973e-04
9.541000000e-04,5.000000000e+00,4.978809559e+00,4.957619128e+00,-2.119044186e-04
9.542000000e-04,5.000000000e+00,4.978820151e+00,4.957640314e+00,-2.117984929e-04
9.543000000e-04,5.000000000e+00,4.978830738e+00,4.957661488e+00,-2.116926202e-04
9.544000000e-04,5.000000000e+00,4.978841320e+00,4.957682652e+00,-2.115868004e-04
9.545000000e-04,5.000000000e+00,4.978851897e+00,4.957703805e+00,-2.114810334e-04
9.546000000e-04,5.000000000e+00,4.978862469e+00,4.957724948e+00,-2.113753194e-04
9.547000000e-04,5.000000000e+00,4.978873035e+00,4.957746080e+00,-2.112696582e-04
9.548000000e-04,5.000000000e+00,4.978883596e+00,4.957767202e+00,-2.111640498e-04
9.549000000e-04,5.000000000e+00,4.978894151e+00,4.957788313e+00,-2.110584942e-04
9.550000000e-04,5.000000000e+00,4.978904701e+00,4.957809414e+00,-2.109529914e-04
9.551000000e-04,5.000000000e+00,4.978915246e+00,4.957830504e+00,-2.108475413e-04
9.552000000e-04,5.000000000e+00,4.978925786e+00,4.957851583e+00,-2.107421439e-04
9.553000000e-04,5.000000000e+00,4.978936321e+00,4.957872652e+00,-2.106367992e-04
9.554000000e-04,5.000000000e+00,4.978946850e+00,4.957893711e+00,-2.105315071e-04
9.555000000e-04,5.000000000e+00,4.978957374e+00,4.957914758e+00,-2.104262677e-04
9.556000000e-04,5.000000000e+00,4.978967892e+00,4.957935796e+00,-2.103210809e-04
9.557000000e-04,5.000000000e+00,4.978978406e+00,4.957956823e+00,-2.102159467e-04
9.558000000e-04,5.000000000e+00,4.978988914e+00,4.957977839e+00,-2.101108650e-04
9.559000000e-04,5.000000000e+00,4.978999417e+00,4.957998845e+00,-2.100058359e-04
9.560000000e-04,5.000000000e+00,4.979009915e+00,4.958019840e+00,-2.099008592e-04
9.561000000e-04,5.000000000e+00,4.979020407e+00,4.958040825e+00,-2.097959351e-04
9.562000000e-04,5.000000000e+00,4.979030894e+00,4.958061799e+00,-2.096910634e-04
9.563000000e-04,5.000000000e+00,4.979041376e+00,4.958082763e+00,-2.095862441e-04
9.564000000e-04,5.000000000e+00,4.979051853e+00,4.958103717e+00,-2.094814772e-04
9.565000000e-04,5.000000000e+00,4.979062324e+00,4.958124659e+00,-2.093767627e-04
9.566000000e-04,5.000000000e+00,4.979072790e+00,4.958145592e+00,-2.092721005e-04
9.567000000e-04,5.000000000e+00,4.979083251e+00,4.958166514e+00,-2.091674906e-04
9.568000000e-04,5.000000000e+00,4.979093707e+00,4.958187425e+00,-2.090629330e-04
9.569000000e-04,5.000000000e+00,4.979104158e+00,4.958208326e+00,-2.089584277e-04
9.570000000e-04,5.000000000e+00,4.979114603e+00,4.958229217e+00,-2.088539747e-04
9.571000000e-04,5.000000000e+00,4.979125043e+00,4.958250097e+00,-2.087495738e-04
9.572000000e-04,5.000000000e+00,4.979135478e+00,4.958270967e+00,-2.086452252e-04
9.573000000e-04,5.000000000e+00,4.979145908e+00,4.958291826e+00,-2.085409286e-04
9.574000000e-04,5.000000000e+00,4.979156332e+00,4.958312675e+00,-2.084366843e-04
9.575000000e-04,5.000000000e+00,4.979166751e+00,4.958333514e+00,-2.083324920e-04
9.576000000e-04,5.000000000e+00,4.979177165e+00,4.958354342e+00,-2.082283518e-04
9.577000000e-04,5.000000000e+00,4.979187574e+00,4.958375159e+00,-2.081242637e-04
9.578000000e-04,5.000000000e+00,4.979197978e+00,4.958395966e+00,-2.080202276e-04
9.579000000e-04,5.000000000e+00,4.979208376e+00,4.958416763e+00,-2.079162436e-04
9.580000000e-04,5.000000000e+00,4.979218769e+00,4.958437550e+00,-2.078123115e-04
9.581000000e-04,5.000000000e+00,4.979229157e+00,4.958458326e+00,-2.077084313e-04
9.582000000e-04,5.000000000e+00,4.979239540e+00,4.958479091e+00,-2.076046031e-04
9.583000000e-04,5.000000000e+00,4.979249918e+00,4.958499847e+00,-2.075008268e-04
9.584000000e-04,5.000000000e+00,4.979260290e+00,4.958520591e+00,-2.073971023e-04
9.585000000e-04,5.000000000e+00,4.979270658e+00,4.958541326e+00,-2.072934297e-04
9.586000000e-04,5.000000000e+00,4.979281020e+00,4.958562050e+00,-2.071898089e-04
9.587000000e-04,5.000000000e+00,4.979291377e+00,4.958582764e+00,-2.070862400e-04
9.588000000e-04,5.000000000e+00,4.979301728e+00,4.958603467e+00,-2.069827227e-04
9.589000000e-04,5.000000000e+00,4.979312075e+00,4.958624160e+00,-2.068792573e-04
9.590000000e-04,5.000000000e+00,4.979322416e+00,4.958644843e+00,-2.067758435e-04
9.591000000e-04,5.000000000e+00,4.979332752e+00,4.958665516e+00,-2.066724815e-04
9.592000000e-04,5.000000000e+00,4.979343083e+00,4.958686178e+00,-2.065691711e-04
9.593000000e-04,5.000000000e+00,4.979353409e+00,4.958706829e+00,-2.064659124e-04
9.594000000e-04,5.000000000e+00,4.979363730e+00,4.958727471e+00,-2.063627053e-04
9.595000000e-04,5.000000000e+00,4.979374046e+00,4.958748102e+00,-2.062595497e-04
9.596000000e-04,5.000000000e+00,4.979384356e+00,4.958768723e+00,-2.061564458e-04
9.597000000e-04,5.000000000e+00,4.979394661e+00,4.958789333e+00,-2.060533933e-04
9.598000000e-04,5.000000000e+00,4.979404961e+00,4.958809933e+00,-2.059503924e-04
9.599000000e-04,5.000000000e+00,4.979415256e+00,4.958830523e+00,-2.058474430e-04
9.600000000e-04,5.000000000e+00,4.979425546e+00,4.958851103e+00,-2.057445450e-04
9.601000000e-04,5.000000000e+00,4.979435831e+00,4.958871672e+00,-2.056416985e-04
9.602000000e-04,5.000000000e+00,4.979446110e+00,4.958892231e+00,-2.055389034e-04
9.603000000e-04,5.000000000e+00,4.979456385e+00,4.958912780e+00,-2.054361597e-04
9.604000000e-04,5.000000000e+00,4.979466654e+00,4.958933318e+00,-2.053334673e-04
9.605000000e-04,5.000000000e+00,4.979476918e+00,4.958953847e+00,-2.052308263e-04
9.606000000e-04,5.000000000e+00,4.979487177e+00,4.958974364e+00,-2.051282365e-04
9.607000000e-04,5.000000000e+00,4.979497431e+00,4.958994872e+00,-2.050256981e-04
9.608000000e-04,5.000000000e+00,4.979507679e+00,4.959015370e+00,-2.049232109e-04
9.609000000e-04,5.000000000e+00,4.979517923e+00,4.959035857e+00,-2.048207749e-04
9.610000000e-04,5.000000000e+00,4.979528161e+00,4.959056334e+00,-2.047183902e-04
9.611000000e-04,5.000000000e+00,4.979538395e+00,4.959076800e+00,-2.046160566e-04
9.612000000e-04,5.000000000e+00,4.979548623e+00,4.959097257e+00,-2.045137742e-04
9.613000000e-04,5.000000000e+00,4.979558846e+00,4.959117703e+00,-2.044115429e-04
9.614000000e-04,5.000000000e+00,4.979569064e+00,4.959138139e+00,-2.043093627e-04
9.615000000e-04,5.000000000e+00,4.979579277e+00,4.959158565e+00,-2.042072336e-04
9.616000000e-04,5.000000000e+00,4.979589485e+00,4.959178981e+00,-2.041051555e-04
9.617000000e-04,5.000000000e+00,4.979599688e+00,4.959199386e+00,-2.040031285e-04
9.618000000e-04,5.000000000e+00,4.979609885e+00,4.959219781e+00,-2.039011524e-04
9.619000000e-04,5.000000000e+00,4.979620078e+00,4.959240166e+00,-2.037992274e-04
9.620000000e-04,5.000000000e+00,4.979630265e+00,4.959260541e+00,-2.036973533e-04
9.621000000e-04,5.000000000e+00,4.979640447e+00,4.959280906e+00,-2.035955301e-04
9.622000000e-04,5.000000000e+00,4.979650625e+00,4.959301260e+00,-2.034937578e-04
9.623000000e-04,5.000000000e+00,4.979660797e+00,4.959321604e+00,-2.033920364e-04
9.624000000e-04,5.000000000e+00,4.979670964e+00,4.959341939e+00,-2.032903658e-04
9.625000000e-04,5.000000000e+00,4.979681126e+00,4.959362262e+00,-2.031887461e-04
9.626000000e-04,5.000000000e+00,4.979691283e+00,4.959382576e+00,-2.030871771e-04
9.627000000e-04,5.000000000e+00,4.979701435e+00,4.959402880e+00,-2.029856589e-04
9.628000000e-04,5.000000000e+00,4.979711581e+00,4.959423173e+00,-2.028841915e-04
9.629000000e-04,5.000000000e+00,4.979721723e+00,4.959443457e+00,-2.027827748e-04
9.630000000e-04,5.000000000e+00,4.979731860e+00,4.959463730e+00,-2.026814088e-04
9.631000000e-04,5.000000000e+00,4.979741991e+00,4.959483993e+00,-2.025800934e-04
9.632000000e-04,5.000000000e+00,4.979752118e+00,4.959504246e+00,-2.024788287e-04
9.633000000e-04,5.000000000e+00,4.979762239e+00,4.959524489e+00,-2.023776147e-04
9.634000000e-04,5.000000000e+00,4.979772355e+00,4.959544721e+00,-2.022764512e-04
9.635000000e-04,5.000000000e+00,4.979782467e+00,4.959564944e+00,-2.021753383e-04
9.636000000e-04,5.000000000e+00,4.979792573e+00,4.959585156e+00,-2.020742759e-04
9.637000000e-04,5.000000000e+00,4.979802674e+00,4.959605359e+00,-2.019732641e-04
9.638000000e-04,5.000000000e+00,4.979812770e+00,4.959625551e+00,-2.018723027e-04
9.639000000e-04,5.000000000e+00,4.979822861e+00,4.959645733e+00,-2.017713918e-04
9.640000000e-04,5.000000000e+00,4.979832947e+00,4.959665905e+00,-2.016705314e-04
9.641000000e-04,5.000000000e+00,4.979843028e+00,4.959686067e+00,-2.015697213e-04
9.642000000e-04,5.000000000e+00,4.979853104e+00,4.959706219e+00,-2.014689617e-04
9.643000000e-04,5.000000000e+00,4.979863175e+00,4.959726361e+00,-2.013682524e-04
9.644000000e-04,5.000000000e+00,4.979873241e+00,4.959746493e+00,-2.012675935e-04
9.645000000e-04,5.000000000e+00,4.979883302e+00,4.959766615e+00,-2.011669849e-04
9.646000000e-04,5.000000000e+00,4.979893358e+00,4.959786726e+00,-2.010664266e-04
9.647000000e-04,5.000000000e+00,4.979903409e+00,4.959806828e+00,-2.009659185e-04
9.648000000e-04,5.000000000e+00,4.979913454e+00,4.959826919e+00,-2.008654607e-04
9.649000000e-04,5.000000000e+00,4.979923495e+00,4.959847001e+00,-2.007650531e-04
9.650000000e-04,5.000000000e+00,4.979933531e+00,4.959867072e+00,-2.006646957e-04
9.651000000e-04,5.000000000e+00,4.979943562e+00,4.959887134e+00,-2.005643885e-04
9.652000000e-04,5.000000000e+00,4.979953587e+00,4.959907185e+00,-2.004641314e-04
9.653000000e-04,5.000000000e+00,4.979963608e+00,4.959927227e+00,-2.003639244e-04
9.654000000e-04,5.000000000e+00,4.979973624e+00,4.959947258e+00,-2.002637675e-04
9.655000000e-04,5.000000000e+00,4.979983634e+00,4.959967279e+00,-2.001636607e-04
9.656000000e-04,5.000000000e+00,4.979993640e+00,4.959987291e+00,-2.000636039e-04
9.657000000e-04,5.000000000e+00,4.980003641e+00,4.960007292e+00,-1.999635971e-04
9.658000000e-04,5.000000000e+00,4.980013636e+00,4.960027283e+00,-1.998636403e-04
9.659000000e-04,5.000000000e+00,4.980023627e+00,4.960047265e+00,-1.997637335e-04
9.660000000e-04,5.000000000e+00,4.980033613e+00,4.960067236e+00,-1.996638767e-04
9.661000000e-04,5.000000000e+00,4.980043594e+00,4.960087198e+00,-1.995640697e-04
9.662000000e-04,5.000000000e+00,4.980053569e+00,4.960107149e+00,-1.994643127e-04
9.663000000e-04,5.000000000e+00,4.980063540e+00,4.960127090e+00,-1.993646055e-04
9.664000000e-04,5.000000000e+00,4.980073506e+00,4.960147022e+00,-1.992649481e-04
9.665000000e-04,5.000000000e+00,4.980083466e+00,4.960166943e+00,-1.991653406e-04
9.666000000e-04,5.000000000e+00,4.980093422e+00,4.960186855e+00,-1.990657828e-04
9.667000000e-04,5.000000000e+00,4.980103373e+00,4.960206756e+00,-1.989662748e-04
9.668000000e-04,5.000000000e+00,4.980113319e+00,4.960226648e+00,-1.988668166e-04
9.669000000e-04,5.000000000e+00,4.980123260e+00,4.960246530e+00,-1.987674081e-04
9.670000000e-04,5.000000000e+00,4.980133196e+00,4.960266402e+00,-1.986680492e-04
9.671000000e-04,5.000000000e+00,4.980143126e+00,4.960286263e+00,-1.985687401e-04
9.672000000e-04,5.000000000e+00,4.980153052e+00,4.960306115e+00,-1.984694806e-04
9.673000000e-04,5.000000000e+00,4.980162973e+00,4.960325957e+00,-1.983702707e-04
9.674000000e-04,5.000000000e+00,4.980172889e+00,4.960345789e+00,-1.982711103e-04
9.675000000e-04,5.000000000e+00,4.980182801e+00,4.960365611e+00,-1.981719996e-04
9.676000000e-04,5.000000000e+00,4.980192707e+00,4.960385424e+00,-1.980729384e-04
9.677000000e-04,5.000000000e+00,4.980202608e+00,4.960405226e+00,-1.979739267e-04
9.678000000e-04,5.000000000e+00,4.980212504e+00,4.960425018e+00,-1.978749645e-04
9.679000000e-04,5.000000000e+00,4.980222395e+00,4.960444801e+00,-1.977760518e-04
9.680000000e-04,5.000000000e+00,4.980232282e+00,4.960464574e+00,-1.976771885e-04
9.681000000e-04,5.000000000e+00,4.980242163e+00,4.960484336e+00,-1.975783747e-04
9.682000000e-04,5.000000000e+00,4.980252039e+00,4.960504089e+00,-1.974796102e-04
9.683000000e-04,5.000000000e+00,4.980261911e+00,4.960523832e+00,-1.973808951e-04
9.684000000e-04,5.000000000e+00,4.980271778e+00,4.960543565e+00,-1.972822294e-04
9.685000000e-04,5.000000000e+00,4.980281639e+00,4.960563289e+00,-1.971836129e-04
9.686000000e-04,5.000000000e+00,4.980291496e+00,4.960583002e+00,-1.970850458e-04
9.687000000e-04,5.000000000e+00,4.980301348e+00,4.960602706e+00,-1.969865279e-04
9.688000000e-04,5.000000000e+00,4.980311195e+00,4.960622399e+00,-1.968880593e-04
9.689000000e-04,5.000000000e+00,4.980321037e+00,4.960642083e+00,-1.967896399e-04
9.690000000e-04,5.000000000e+00,4.980330874e+00,4.960661757e+00,-1.966912697e-04
9.691000000e-04,5.000000000e+00,4.980340706e+00,4.960681422e+00,-1.965929487e-04
9.692000000e-04,5.000000000e+00,4.980350533e+00,4.960701076e+00,-1.964946768e-04
9.693000000e-04,5.000000000e+00,4.980360355e+00,4.960720720e+00,-1.963964541e-04
9.694000000e-04,5.000000000e+00,4.980370172e+00,4.960740355e+00,-1.962982804e-04
9.695000000e-04,5.000000000e+00,4.980379985e+00,4.960759980e+00,-1.962001559e-04
9.696000000e-04,5.000000000e+00,4.980389792e+00,4.960779595e+00,-1.961020803e-04
9.697000000e-04,5.000000000e+00,4.980399595e+00,4.960799201e+00,-1.960040538e-04
9.698000000e-04,5.000000000e+00,4.980409393e+00,4.960818796e+00,-1.959060763e-04
9.699000000e-04,5.000000000e+00,4.980419186e+00,4.960838382e+00,-1.958081478e-04
9.700000000e-04,5.000000000e+00,4.980428974e+00,4.960857958e+00,-1.957102683e-04
9.701000000e-04,5.000000000e+00,4.980438757e+00,4.960877524e+00,-1.956124376e-04
9.702000000e-04,5.000000000e+00,4.980448535e+00,4.960897080e+00,-1.955146559e-04
9.703000000e-04,5.000000000e+00,4.980458308e+00,4.960916627e+00,-1.954169230e-04
9.704000000e-04,5.000000000e+00,4.980468077e+00,4.960936163e+00,-1.953192390e-04
9.705000000e-04,5.000000000e+00,4.980477840e+00,4.960955690e+00,-1.952216038e-04
9.706000000e-04,5.000000000e+00,4.980487599e+00,4.960975208e+00,-1.951240175e-04
9.707000000e-04,5.000000000e+00,4.980497353e+00,4.960994715e+00,-1.950264799e-04
9.708000000e-04,5.000000000e+00,4.980507101e+00,4.961014213e+00,-1.949289910e-04
9.709000000e-04,5.000000000e+00,4.980516845e+00,4.961033701e+00,-1.948315509e-04
9.710000000e-04,5.000000000e+00,4.980526585e+00,4.961053179e+00,-1.947341595e-04
9.711000000e-04,5.000000000e+00,4.980536319e+00,4.961072648e+00,-1.946368168e-04
9.712000000e-04,5.000000000e+00,4.980546048e+00,4.961092107e+00,-1.945395228e-04
9.713000000e-04,5.000000000e+00,4.980555773e+00,4.961111556e+00,-1.944422773e-04
9.714000000e-04,5.000000000e+00,4.980565492e+00,4.961130995e+00,-1.943450805e-04
9.715000000e-04,5.000000000e+00,4.980575207e+00,4.961150425e+00,-1.942479323e-04
9.716000000e-04,5.000000000e+00,4.980584917e+00,4.961169845e+00,-1.941508327e-04
9.717000000e-04,5.000000000e+00,4.980594622e+00,4.961189255e+00,-1.940537815e-04
9.718000000e-04,5.000000000e+00,4.980604323e+00,4.961208655e+00,-1.939567789e-04
9.719000000e-04,5.000000000e+00,4.980614018e+00,4.961228046e+00,-1.938598248e-04
9.720000000e-04,5.000000000e+00,4.980623709e+00,4.961247427e+00,-1.937629192e-04
9.721000000e-04,5.000000000e+00,4.980633394e+00,4.961266799e+00,-1.936660619e-04
9.722000000e-04,5.000000000e+00,4.980643075e+00,4.961286161e+00,-1.935692532e-04
9.723000000e-04,5.000000000e+00,4.980652751e+00,4.961305513e+00,-1.934724927e-04
9.724000000e-04,5.000000000e+00,4.980662422e+00,4.961324855e+00,-1.933757807e-04
9.725000000e-04,5.000000000e+00,4.980672089e+00,4.961344188e+00,-1.932791170e-04
9.726000000e-04,5.000000000e+00,4.980681750e+00,4.961363511e+00,-1.931825016e-04
9.727000000e-04,5.000000000e+00,4.980691407e+00,4.961382824e+00,-1.930859346e-04
9.728000000e-04,5.000000000e+00,4.980701059e+00,4.961402128e+00,-1.929894158e-04
9.729000000e-04,5.000000000e+00,4.980710706e+00,4.961421422e+00,-1.928929452e-04
9.730000000e-04,5.000000000e+00,4.980720348e+00,4.961440707e+00,-1.927965229e-04
9.731000000e-04,5.000000000e+00,4.980729986e+00,4.961459981e+00,-1.927001487e-04
9.732000000e-04,5.000000000e+00,4.980739618e+00,4.961479247e+00,-1.926038228e-04
9.733000000e-04,5.000000000e+00,4.980749246e+00,4.961498502e+00,-1.925075450e-04
9.734000000e-04,5.000000000e+00,4.980758869e+00,4.961517748e+00,-1.924113153e-04
9.735000000e-04,5.000000000e+00,4.980768487e+00,4.961536984e+00,-1.923151337e-04
9.736000000e-04,5.000000000e+00,4.980778100e+00,4.961556211e+00,-1.922190002e-04
9.737000000e-04,5.000000000e+00,4.980787709e+00,4.961575428e+00,-1.921229148e-04
9.738000000e-04,5.000000000e+00,4.980797313e+00,4.961594636e+00,-1.920268773e-04
9.739000000e-04,5.000000000e+00,4.980806912e+00,4.961613834e+00,-1.919308879e-04
9.740000000e-04,5.000000000e+00,4.980816506e+00,4.961633022e+00,-1.918349465e-04
9.741000000e-04,5.000000000e+00,4.980826095e+00,4.961652200e+00,-1.917390530e-04
9.742000000e-04,5.000000000e+00,4.980835680e+00,4.961671370e+00,-1.916432075e-04
9.743000000e-04,5.000000000e+00,4.980845260e+00,4.961690529e+00,-1.915474099e-04
9.744000000e-04,5.000000000e+00,4.980854834e+00,4.961709679e+00,-1.914516602e-04
9.745000000e-04,5.000000000e+00,4.980864405e+00,4.961728819e+00,-1.913559583e-04
9.746000000e-04,5.000000000e+00,4.980873970e+00,4.961747950e+00,-1.912603042e-04
9.747000000e-04,5.000000000e+00,4.980883531e+00,4.961767071e+00,-1.911646980e-04
9.748000000e-04,5.000000000e+00,4.980893087e+00,4.961786183e+00,-1.910691396e-04
9.749000000e-04,5.000000000e+00,4.980902638e+00,4.961805285e+00,-1.909736289e-04
9.750000000e-04,5.000000000e+00,4.980912184e+00,4.961824378e+00,-1.908781660e-04
9.751000000e-04,5.000000000e+00,4.980921725e+00,4.961843461e+00,-1.907827508e-04
9.752000000e-04,5.000000000e+00,4.980931262e+00,4.961862534e+00,-1.906873833e-04
9.753000000e-04,5.000000000e+00,4.980940794e+00,4.961881598e+00,-1.905920635e-04
9.754000000e-04,5.000000000e+00,4.980950321e+00,4.961900653e+00,-1.904967913e-04
9.755000000e-04,5.000000000e+00,4.980959844e+00,4.961919698e+00,-1.904015668e-04
9.756000000e-04,5.000000000e+00,4.980969362e+00,4.961938733e+00,-1.903063898e-04
9.757000000e-04,5.000000000e+00,4.980978874e+00,4.961957759e+00,-1.902112604e-04
9.758000000e-04,5.000000000e+00,4.980988383e+00,4.961976775e+00,-1.901161786e-04
9.759000000e-04,5.000000000e+00,4.980997886e+00,4.961995782e+00,-1.900211443e-04
9.760000000e-04,5.000000000e+00,4.981007385e+00,4.962014779e+00,-1.899261575e-04
9.761000000e-04,5.000000000e+00,4.981016879e+00,4.962033767e+00,-1.898312182e-04
9.762000000e-04,5.000000000e+00,4.981026368e+00,4.962052746e+00,-1.897363263e-04
9.763000000e-04,5.000000000e+00,4.981035852e+00,4.962071715e+00,-1.896414819e-04
9.764000000e-04,5.000000000e+00,4.981045332e+00,4.962090674e+00,-1.895466849e-04
9.765000000e-04,5.000000000e+00,4.981054807e+00,4.962109624e+00,-1.894519353e-04
9.766000000e-04,5.000000000e+00,4.981064277e+00,4.962128564e+00,-1.893572330e-04
9.767000000e-04,5.000000000e+00,4.981073743e+00,4.962147495e+00,-1.892625781e-04
9.768000000e-04,5.000000000e+00,4.981083203e+00,4.962166417e+00,-1.891679705e-04
9.769000000e-04,5.000000000e+00,4.981092659e+00,4.962185329e+00,-1.890734102e-04
9.770000000e-04,5.000000000e+00,4.981102111e+00,4.962204232e+00,-1.889788971e-04
9.771000000e-04,5.000000000e+00,4.981111557e+00,4.962223125e+00,-1.888844313e-04
9.772000000e-04,5.000000000e+00,4.981120999e+00,4.962242008e+00,-1.887900128e-04
9.773000000e-04,5.000000000e+00,4.981130436e+00,4.962260883e+00,-1.886956414e-04
9.774000000e-04,5.000000000e+00,4.981139869e+00,4.962279747e+00,-1.886013172e-04
9.775000000e-04,5.000000000e+00,4.981149296e+00,4.962298603e+00,-1.885070401e-04
9.776000000e-04,5.000000000e+00,4.981158719e+00,4.962317449e+00,-1.884128102e-04
9.777000000e-04,5.000000000e+00,4.981168138e+00,4.962336285e+00,-1.883186274e-04
9.778000000e-04,5.000000000e+00,4.981177551e+00,4.962355113e+00,-1.882244916e-04
9.779000000e-04,5.000000000e+00,4.981186960e+00,4.962373930e+00,-1.881304029e-04
9.780000000e-04,5.000000000e+00,4.981196364e+00,4.962392739e+00,-1.880363613e-04
9.781000000e-04,5.000000000e+00,4.981205764e+00,4.962411538e+00,-1.879423666e-04
9.782000000e-04,5.000000000e+00,4.981215159e+00,4.962430327e+00,-1.878484189e-04
9.783000000e-04,5.000000000e+00,4.981224549e+00,4.962449107e+00,-1.877545182e-04
9.784000000e-04,5.000000000e+00,4.981233934e+00,4.962467878e+00,-1.876606645e-04
9.785000000e-04,5.000000000e+00,4.981243315e+00,4.962486639e+00,-1.875668576e-04
9.786000000e-04,5.000000000e+00,4.981252691e+00,4.962505391e+00,-1.874730977e-04
9.787000000e-04,5.000000000e+00,4.981262062e+00,4.962524134e+00,-1.873793846e-04
9.788000000e-04,5.000000000e+00,4.981271429e+00,4.962542867e+00,-1.872857183e-04
9.789000000e-04,5.000000000e+00,4.981280791e+00,4.962561591e+00,-1.871920989e-04
9.790000000e-04,5.000000000e+00,4.981290148e+00,4.962580306e+00,-1.870985263e-04
9.791000000e-04,5.000000000e+00,4.981299500e+00,4.962599011e+00,-1.870050004e-04
9.792000000e-04,5.000000000e+00,4.981308848e+00,4.962617707e+00,-1.869115213e-04
9.793000000e-04,5.000000000e+00,4.981318192e+00,4.962636393e+00,-1.868180890e-04
9.794000000e-04,5.000000000e+00,4.981327530e+00,4.962655070e+00,-1.867247033e-04
9.795000000e-04,5.000000000e+00,4.981336864e+00,4.962673738e+00,-1.866313643e-04
9.796000000e-04,5.000000000e+00,4.981346193e+00,4.962692396e+00,-1.865380720e-04
9.797000000e-04,5.000000000e+00,4.981355518e+00,4.962711046e+00,-1.864448263e-04
9.798000000e-04,5.000000000e+00,4.981364838e+00,4.962729685e+00,-1.863516272e-04
9.799000000e-04,5.000000000e+00,4.981374153e+00,4.962748316e+00,-1.862584747e-04
9.800000000e-04,5.000000000e+00,4.981383464e+00,4.962766937e+00,-1.861653688e-04
9.801000000e-04,5.000000000e+00,4.981392770e+00,4.962785549e+00,-1.860723094e-04
9.802000000e-04,5.000000000e+00,4.981402071e+00,4.962804151e+00,-1.859792965e-04
9.803000000e-04,5.000000000e+00,4.981411367e+00,4.962822745e+00,-1.858863302e-04
9.804000000e-04,5.000000000e+00,4.981420659e+00,4.962841329e+00,-1.857934103e-04
9.805000000e-04,5.000000000e+00,4.981429947e+00,4.962859903e+00,-1.857005368e-04
9.806000000e-04,5.000000000e+00,4.981439230e+00,4.962878469e+00,-1.856077098e-04
9.807000000e-04,5.000000000e+00,4.981448508e+00,4.962897025e+00,-1.855149292e-04
9.808000000e-04,5.000000000e+00,4.981457781e+00,4.962915572e+00,-1.854221949e-04
9.809000000e-04,5.000000000e+00,4.981467050e+00,4.962934109e+00,-1.853295070e-04
9.810000000e-04,5.000000000e+00,4.981476314e+00,4.962952638e+00,-1.852368654e-04
9.811000000e-04,5.000000000e+00,4.981485573e+00,4.962971157e+00,-1.851442702e-04
9.812000000e-04,5.000000000e+00,4.981494828e+00,4.962989667e+00,-1.850517212e-04
9.813000000e-04,5.000000000e+00,4.981504079e+00,4.963008167e+00,-1.849592185e-04
9.814000000e-04,5.000000000e+00,4.981513324e+00,4.963026658e+00,-1.848667621e-04
9.815000000e-04,5.000000000e+00,4.981522565e+00,4.963045140e+00,-1.847743518e-04
9.816000000e-04,5.000000000e+00,4.981531802e+00,4.963063613e+00,-1.846819878e-04
9.817000000e-04,5.000000000e+00,4.981541034e+00,4.963082077e+00,-1.845896699e-04
9.818000000e-04,5.000000000e+00,4.981550261e+00,4.963100531e+00,-1.844973981e-04
9.819000000e-04,5.000000000e+00,4.981559483e+00,4.963118976e+00,-1.844051725e-04
9.820000000e-04,5.000000000e+00,4.981568701e+00,4.963137412e+00,-1.843129930e-04
9.821000000e-04,5.000000000e+00,4.981577915e+00,4.963155839e+00,-1.842208596e-04
9.822000000e-04,5.000000000e+00,4.981587123e+00,4.963174256e+00,-1.841287722e-04
9.823000000e-04,5.000000000e+00,4.981596327e+00,4.963192665e+00,-1.840367309e-04
9.824000000e-04,5.000000000e+00,4.981605527e+00,4.963211064e+00,-1.839447355e-04
9.825000000e-04,5.000000000e+00,4.981614722e+00,4.963229453e+00,-1.838527862e-04
9.826000000e-04,5.000000000e+00,4.981623912e+00,4.963247834e+00,-1.837608828e-04
9.827000000e-04,5.000000000e+00,4.981633098e+00,4.963266206e+00,-1.836690254e-04
9.828000000e-04,5.000000000e+00,4.981642279e+00,4.963284568e+00,-1.835772138e-04
9.829000000e-04,5.000000000e+00,4.981651456e+00,4.963302921e+00,-1.834854482e-04
9.830000000e-04,5.000000000e+00,4.981660628e+00,4.963321265e+00,-1.833937284e-04
9.831000000e-04,5.000000000e+00,4.981669795e+00,4.963339600e+00,-1.833020545e-04
9.832000000e-04,5.000000000e+00,4.981678958e+00,4.963357925e+00,-1.832104264e-04
9.833000000e-04,5.000000000e+00,4.981688116e+00,4.963376242e+00,-1.831188441e-04
9.834000000e-04,5.000000000e+00,4.981697270e+00,4.963394549e+00,-1.830273076e-04
9.835000000e-04,5.000000000e+00,4.981706419e+00,4.963412847e+00,-1.829358169e-04
9.836000000e-04,5.000000000e+00,4.981715563e+00,4.963431136e+00,-1.828443719e-04
9.837000000e-04,5.000000000e+00,4.981724703e+00,4.963449416e+00,-1.827529726e-04
9.838000000e-04,5.000000000e+00,4.981733839e+00,4.963467687e+00,-1.826616189e-04
9.839000000e-04,5.000000000e+00,4.981742969e+00,4.963485948e+00,-1.825703110e-04
9.840000000e-04,5.000000000e+00,4.981752096e+00,4.963504201e+00,-1.824790487e-04
9.841000000e-04,5.000000000e+00,4.981761217e+00,4.963522444e+00,-1.823878320e-04
9.842000000e-04,5.000000000e+00,4.981770334e+00,4.963540678e+00,-1.822966609e-04
9.843000000e-04,5.000000000e+00,4.981779447e+00,4.963558904e+00,-1.822055354e-04
9.844000000e-04,5.000000000e+00,4.981788555e+00,4.963577120e+00,-1.821144554e-04
9.845000000e-04,5.000000000e+00,4.981797658e+00,4.963595326e+00,-1.820234210e-04
9.846000000e-04,5.000000000e+00,4.981806757e+00,4.963613524e+00,-1.819324321e-04
9.847000000e-04,5.000000000e+00,4.981815852e+00,4.963631713e+00,-1.818414886e-04
9.848000000e-04,5.000000000e+00,4.981824941e+00,4.963649892e+00,-1.817505906e-04
9.849000000e-04,5.000000000e+00,4.981834027e+00,4.963668063e+00,-1.816597381e-04
9.850000000e-04,5.000000000e+00,4.981843107e+00,4.963686224e+00,-1.815689309e-04
9.851000000e-04,5.000000000e+00,4.981852184e+00,4.963704377e+00,-1.814781692e-04
9.852000000e-04,5.000000000e+00,4.981861255e+00,4.963722520e+00,-1.813874528e-04
9.853000000e-04,5.000000000e+00,4.981870322e+00,4.963740654e+00,-1.812967818e-04
9.854000000e-04,5.000000000e+00,4.981879385e+00,4.963758779e+00,-1.812061561e-04
9.855000000e-04,5.000000000e+00,4.981888443e+00,4.963776895e+00,-1.811155757e-04
9.856000000e-04,5.000000000e+00,4.981897496e+00,4.963795002e+00,-1.810250406e-04
9.857000000e-04,5.000000000e+00,4.981906545e+00,4.963813100e+00,-1.809345507e-04
9.858000000e-04,5.000000000e+00,4.981915590e+00,4.963831189e+00,-1.808441061e-04
9.859000000e-04,5.000000000e+00,4.981924630e+00,4.963849269e+00,-1.807537066e-04
9.860000000e-04,5.000000000e+00,4.981933665e+00,4.963867340e+00,-1.806633524e-04
9.861000000e-04,5.000000000e+00,4.981942696e+00,4.963885402e+00,-1.805730433e-04
9.862000000e-04,5.000000000e+00,4.981951723e+00,4.963903455e+00,-1.804827794e-04
9.863000000e-04,5.000000000e+00,4.981960744e+00,4.963921498e+00,-1.803925606e-04
9.864000000e-04,5.000000000e+00,4.981969762e+00,4.963939533e+00,-1.803023869e-04
9.865000000e-04,5.000000000e+00,4.981978775e+00,4.963957559e+00,-1.802122583e-04
9.866000000e-04,5.000000000e+00,4.981987783e+00,4.963975576e+00,-1.801221747e-04
9.867000000e-04,5.000000000e+00,4.981996787e+00,4.963993583e+00,-1.800321361e-04
9.868000000e-04,5.000000000e+00,4.982005786e+00,4.964011582e+00,-1.799421426e-04
9.869000000e-04,5.000000000e+00,4.982014781e+00,4.964029572e+00,-1.798521940e-04
9.870000000e-04,5.000000000e+00,4.982023771e+00,4.964047552e+00,-1.797622905e-04
9.871000000e-04,5.000000000e+00,4.982032757e+00,4.964065524e+00,-1.796724318e-04
9.872000000e-04,5.000000000e+00,4.982041739e+00,4.964083487e+00,-1.795826181e-04
9.873000000e-04,5.000000000e+00,4.982050716e+00,4.964101441e+00,-1.794928492e-04
9.874000000e-04,5.000000000e+00,4.982059688e+00,4.964119385e+00,-1.794031253e-04
9.875000000e-04,5.000000000e+00,4.982068656e+00,4.964137321e+00,-1.793134462e-04
9.876000000e-04,5.000000000e+00,4.982077619e+00,4.964155248e+00,-1.792238119e-04
9.877000000e-04,5.000000000e+00,4.982086578e+00,4.964173166e+00,-1.791342224e-04
9.878000000e-04,5.000000000e+00,4.982095533e+00,4.964191075e+00,-1.790446777e-04
9.879000000e-04,5.000000000e+00,4.982104483e+00,4.964208975e+00,-1.789551778e-04
9.880000000e-04,5.000000000e+00,4.982113428e+00,4.964226866e+00,-1.788657226e-04
9.881000000e-04,5.000000000e+00,4.982122369e+00,4.964244748e+00,-1.787763121e-04
9.882000000e-04,5.000000000e+00,4.982131306e+00,4.964262621e+00,-1.786869463e-04
9.883000000e-04,5.000000000e+00,4.982140238e+00,4.964280485e+00,-1.785976252e-04
9.884000000e-04,5.000000000e+00,4.982149166e+00,4.964298341e+00,-1.785083487e-04
9.885000000e-04,5.000000000e+00,4.982158089e+00,4.964316187e+00,-1.784191169e-04
9.886000000e-04,5.000000000e+00,4.982167008e+00,4.964334024e+00,-1.783299297e-04
9.887000000e-04,5.000000000e+00,4.982175922e+00,4.964351853e+00,-1.782407870e-04
9.888000000e-04,5.000000000e+00,4.982184832e+00,4.964369673e+00,-1.781516889e-04
9.889000000e-04,5.000000000e+00,4.982193737e+00,4.964387483e+00,-1.780626354e-04
9.890000000e-04,5.000000000e+00,4.982202638e+00,4.964405285e+00,-1.779736264e-04
9.891000000e-04,5.000000000e+00,4.982211534e+00,4.964423078e+00,-1.778846618e-04
9.892000000e-04,5.000000000e+00,4.982220426e+00,4.964440862e+00,-1.777957417e-04
9.893000000e-04,5.000000000e+00,4.982229314e+00,4.964458637e+00,-1.777068661e-04
9.894000000e-04,5.000000000e+00,4.982238197e+00,4.964476403e+00,-1.776180349e-04
9.895000000e-04,5.000000000e+00,4.982247076e+00,4.964494161e+00,-1.775292481e-04
9.896000000e-04,5.000000000e+00,4.982255950e+00,4.964511909e+00,-1.774405057e-04
9.897000000e-04,5.000000000e+00,4.982264820e+00,4.964529649e+00,-1.773518077e-04
9.898000000e-04,5.000000000e+00,4.982273685e+00,4.964547380e+00,-1.772631540e-04
9.899000000e-04,5.000000000e+00,4.982282546e+00,4.964565101e+00,-1.771745446e-04
9.900000000e-04,5.000000000e+00,4.982291403e+00,4.964582814e+00,-1.770859795e-04
9.901000000e-04,5.000000000e+00,4.982300255e+00,4.964600519e+00,-1.769974587e-04
9.902000000e-04,5.000000000e+00,4.982309102e+00,4.964618214e+00,-1.769089821e-04
9.903000000e-04,5.000000000e+00,4.982317946e+00,4.964635900e+00,-1.768205497e-04
9.904000000e-04,5.000000000e+00,4.982326784e+00,4.964653578e+00,-1.767321616e-04
9.905000000e-04,5.000000000e+00,4.982335619e+00,4.964671247e+00,-1.766438176e-04
9.906000000e-04,5.000000000e+00,4.982344449e+00,4.964688907e+00,-1.765555178e-04
9.907000000e-04,5.000000000e+00,4.982353274e+00,4.964706558e+00,-1.764672621e-04
9.908000000e-04,5.000000000e+00,4.982362095e+00,4.964724200e+00,-1.763790506e-04
9.909000000e-04,5.000000000e+00,4.982370912e+00,4.964741834e+00,-1.762908831e-04
9.910000000e-04,5.000000000e+00,4.982379725e+00,4.964759458e+00,-1.762027598e-04
9.911000000e-04,5.000000000e+00,4.982388532e+00,4.964777074e+00,-1.761146804e-04
9.912000000e-04,5.000000000e+00,4.982397336e+00,4.964794681e+00,-1.760266451e-04
9.913000000e-04,5.000000000e+00,4.982406135e+00,4.964812280e+00,-1.759386538e-04
9.914000000e-04,5.000000000e+00,4.982414930e+00,4.964829869e+00,-1.758507065e-04
9.915000000e-04,5.000000000e+00,4.982423720e+00,4.964847450e+00,-1.757628032e-04
9.916000000e-04,5.000000000e+00,4.982432506e+00,4.964865022e+00,-1.756749438e-04
9.917000000e-04,5.000000000e+00,4.982441288e+00,4.964882585e+00,-1.755871283e-04
9.918000000e-04,5.000000000e+00,4.982450065e+00,4.964900139e+00,-1.754993567e-04
9.919000000e-04,5.000000000e+00,4.982458838e+00,4.964917684e+00,-1.754116290e-04
9.920000000e-04,5.000000000e+00,4.982467606e+00,4.964935221e+00,-1.753239451e-04
9.921000000e-04,5.000000000e+00,4.982476370e+00,4.964952749e+00,-1.752363051e-04
9.922000000e-04,5.000000000e+00,4.982485130e+00,4.964970268e+00,-1.751487089e-04
9.923000000e-04,5.000000000e+00,4.982493885e+00,4.964987779e+00,-1.750611564e-04
9.924000000e-04,5.000000000e+00,4.982502636e+00,4.965005281e+00,-1.749736478e-04
9.925000000e-04,5.000000000e+00,4.982511382e+00,4.965022774e+00,-1.748861828e-04
9.926000000e-04,5.000000000e+00,4.982520124e+00,4.965040258e+00,-1.747987616e-04
9.927000000e-04,5.000000000e+00,4.982528862e+00,4.965057733e+00,-1.747113841e-04
9.928000000e-04,5.000000000e+00,4.982537595e+00,4.965075200e+00,-1.746240503e-04
9.929000000e-04,5.000000000e+00,4.982546324e+00,4.965092658e+00,-1.745367601e-04
9.930000000e-04,5.000000000e+00,4.982555049e+00,4.965110108e+00,-1.744495136e-04
9.931000000e-04,5.000000000e+00,4.982563769e+00,4.965127548e+00,-1.743623106e-04
9.932000000e-04,5.000000000e+00,4.982572485e+00,4.965144980e+00,-1.742751513e-04
9.933000000e-04,5.000000000e+00,4.982581197e+00,4.965162403e+00,-1.741880355e-04
9.934000000e-04,5.000000000e+00,4.982589904e+00,4.965179818e+00,-1.741009633e-04
9.935000000e-04,5.000000000e+00,4.982598607e+00,4.965197223e+00,-1.740139346e-04
9.936000000e-04,5.000000000e+00,4.982607306e+00,4.965214620e+00,-1.739269494e-04
9.937000000e-04,5.000000000e+00,4.982616000e+00,4.965232009e+00,-1.738400077e-04
9.938000000e-04,5.000000000e+00,4.982624690e+00,4.965249388e+00,-1.737531095e-04
9.939000000e-04,5.000000000e+00,4.982633375e+00,4.965266759e+00,-1.736662547e-04
9.940000000e-04,5.000000000e+00,4.982642056e+00,4.965284122e+00,-1.735794433e-04
9.941000000e-04,5.000000000e+00,4.982650733e+00,4.965301475e+00,-1.734926753e-04
9.942000000e-04,5.000000000e+00,4.982659405e+00,4.965318820e+00,-1.734059507e-04
9.943000000e-04,5.000000000e+00,4.982668074e+00,4.965336156e+00,-1.733192694e-04
9.944000000e-04,5.000000000e+00,4.982676737e+00,4.965353484e+00,-1.732326314e-04
9.945000000e-04,5.000000000e+00,4.982685397e+00,4.965370803e+00,-1.731460368e-04
9.946000000e-04,5.000000000e+00,4.982694052e+00,4.965388113e+00,-1.730594854e-04
9.947000000e-04,5.000000000e+00,4.982702703e+00,4.965405415e+00,-1.729729774e-04
9.948000000e-04,5.000000000e+00,4.982711349e+00,4.965422708e+00,-1.728865125e-04
9.949000000e-04,5.000000000e+00,4.982719991e+00,4.965439992e+00,-1.728000909e-04
9.950000000e-04,5.000000000e+00,4.982728629e+00,4.965457268e+00,-1.727137125e-04
9.951000000e-04,5.000000000e+00,4.982737263e+00,4.965474535e+00,-1.726273772e-04
9.952000000e-04,5.000000000e+00,4.982745892e+00,4.965491793e+00,-1.725410851e-04
9.953000000e-04,5.000000000e+00,4.982754517e+00,4.965509043e+00,-1.724548362e-04
9.954000000e-04,5.000000000e+00,4.982763137e+00,4.965526284e+00,-1.723686304e-04
9.955000000e-04,5.000000000e+00,4.982771754e+00,4.965543517e+00,-1.722824676e-04
9.956000000e-04,5.000000000e+00,4.982780366e+00,4.965560741e+00,-1.721963479e-04
9.957000000e-04,5.000000000e+00,4.982788973e+00,4.965577956e+00,-1.721102713e-04
9.958000000e-04,5.000000000e+00,4.982797577e+00,4.965595163e+00,-1.720242377e-04
9.959000000e-04,5.000000000e+00,4.982806176e+00,4.965612361e+00,-1.719382471e-04
9.960000000e-04,5.000000000e+00,4.982814771e+00,4.965629550e+00,-1.718522995e-04
9.961000000e-04,5.000000000e+00,4.982823361e+00,4.965646731e+00,-1.717663949e-04
9.962000000e-04,5.000000000e+00,4.982831947e+00,4.965663903e+00,-1.716805332e-04
9.963000000e-04,5.000000000e+00,4.982840529e+00,4.965681067e+00,-1.715947144e-04
9.964000000e-04,5.000000000e+00,4.982849107e+00,4.965698222e+00,-1.715089385e-04
9.965000000e-04,5.000000000e+00,4.982857680e+00,4.965715369e+00,-1.714232055e-04
9.966000000e-04,5.000000000e+00,4.982866249e+00,4.965732507e+00,-1.713375154e-04
9.967000000e-04,5.000000000e+00,4.982874814e+00,4.965749636e+00,-1.712518680e-04
9.968000000e-04,5.000000000e+00,4.982883374e+00,4.965766757e+00,-1.711662635e-04
9.969000000e-04,5.000000000e+00,4.982891930e+00,4.965783870e+00,-1.710807018e-04
9.970000000e-04,5.000000000e+00,4.982900482e+00,4.965800973e+00,-1.709951829e-04
9.971000000e-04,5.000000000e+00,4.982909030e+00,4.965818069e+00,-1.709097067e-04
9.972000000e-04,5.000000000e+00,4.982917573e+00,4.965835155e+00,-1.708242732e-04
9.973000000e-04,5.000000000e+00,4.982926112e+00,4.965852234e+00,-1.707388825e-04
9.974000000e-04,5.000000000e+00,4.982934647e+00,4.965869303e+00,-1.706535344e-04
9.975000000e-04,5.000000000e+00,4.982943178e+00,4.965886364e+00,-1.705682290e-04
9.976000000e-04,5.000000000e+00,4.982951704e+00,4.965903417e+00,-1.704829662e-04
9.977000000e-04,5.000000000e+00,4.982960226e+00,4.965920461e+00,-1.703977461e-04
9.978000000e-04,5.000000000e+00,4.982968744e+00,4.965937496e+00,-1.703125685e-04
9.979000000e-04,5.000000000e+00,4.982977257e+00,4.965954523e+00,-1.702274335e-04
9.980000000e-04,5.000000000e+00,4.982985766e+00,4.965971542e+00,-1.701423411e-04
9.981000000e-04,5.000000000e+00,4.982994271e+00,4.965988552e+00,-1.700572912e-04
9.982000000e-04,5.000000000e+00,4.983002772e+00,4.966005553e+00,-1.699722839e-04
9.983000000e-04,5.000000000e+00,4.983011269e+00,4.966022546e+00,-1.698873190e-04
9.984000000e-04,5.000000000e+00,4.983019761e+00,4.966039531e+00,-1.698023966e-04
9.985000000e-04,5.000000000e+00,4.983028249e+00,4.966056507e+00,-1.697175167e-04
9.986000000e-04,5.000000000e+00,4.983036733e+00,4.966073474e+00,-1.696326791e-04
9.987000000e-04,5.000000000e+00,4.983045212e+00,4.966090433e+00,-1.695478840e-04
9.988000000e-04,5.000000000e+00,4.983053687e+00,4.966107384e+00,-1.694631313e-04
9.989000000e-04,5.000000000e+00,4.983062158e+00,4.966124326e+00,-1.693784210e-04
9.990000000e-04,5.000000000e+00,4.983070625e+00,4.966141259e+00,-1.692937529e-04
9.991000000e-04,5.000000000e+00,4.983079088e+00,4.966158185e+00,-1.692091272e-04
9.992000000e-04,5.000000000e+00,4.983087546e+00,4.966175101e+00,-1.691245439e-04
9.993000000e-04,5.000000000e+00,4.983096000e+00,4.966192009e+00,-1.690400028e-04
9.994000000e-04,5.000000000e+00,4.983104450e+00,4.966208909e+00,-1.689555039e-04
9.995000000e-04,5.000000000e+00,4.983112896e+00,4.966225800e+00,-1.688710473e-04
9.996000000e-04,5.000000000e+00,4.983121337e+00,4.966242683e+00,-1.687866329e-04
9.997000000e-04,5.000000000e+00,4.983129774e+00,4.966259558e+00,-1.687022607e-04
9.998000000e-04,5.000000000e+00,4.983138207e+00,4.966276424e+00,-1.686179307e-04
9.999000000e-04,5.000000000e+00,4.983146636e+00,4.966293281e+00,-1.685336428e-04
1.000000000e-03,5.000000000e+00,4.983155061e+00,4.966310131e+00,-1.684493971e-04
